FD ID,TestRail Case ID,TestRail Link,Area,Title,Priority,Fresh Status (2026-07-10),What needs to be done (plain),Fresh Evidence / Note
FD-CALC-001,C28568,https://shopview.testrail.io/index.php?/cases/view/28568,Calculation contract,Verify a percentage fee/discount works out as base x percent (10% fee on $150.00 → +$15.00),High,VIU-Verified,No action needed — passed.,"10% pct_subtotal -> 17.08 = exactly 10% of the 170.76 base; sub delta matches | WORDING+VIU 2026-07-13: Build labels; carry arithmetic VIU. Resolution engine re-confirmed live 2026-07-13 via API (flat $25→+$25.00; 20% capped at $15→+$15.00; 150% discount rejected 'A percentage discount cannot exceed 100%'). | SV-8479/8480 deconfliction 2026-07-22: rate rendering reworded from 'rate badge' to plain text (item 4); calc math unchanged. | VIU 2026-07-22 LIVE: base×percent calc confirmed (20% of $509.90 labor = +$101.98; plain text, no badge). WORDING CORRECTED '+10%' -> '10%' — inline percentage FEE renders bare with no leading '+' (matches live build + batch-1 FD-CALC-018/019 fix). Ev: wo/inline-expanded-text.txt."
FD-CALC-002,C28569,https://shopview.testrail.io/index.php?/cases/view/28569,Calculation contract,Verify percentage rounding — half a cent or more rounds up (5% discount on $33.33 → −$1.67),High,VIU-Verified,No action needed — passed.,0.25% of 170.76 = 0.4269 -> 0.43 (rounds up); half-cent-up rule from batch-1 (0.1%x265->0.27) stands | WORDING+VIU 2026-07-13: Build labels; carry rounding VIU. | SV-8479/8480 deconfliction 2026-07-22: label sweep: navigation labels -> 'Add Work Order Fee / Discount' / 'New Work Order Fee / Discount' (behavior/expected unchanged). | VIU 2026-07-22 LIVE: SV-8479 nav label 'Add Work Order Fee / Discount' confirmed present in the WO toolbar ⋯ menu; case behavior unchanged. Ev: wo/FD-WO-025-toolbar-menu.png.
FD-CALC-003,C28570,https://shopview.testrail.io/index.php?/cases/view/28570,Calculation contract,Verify a flat amount on a whole work order or a labor line is the exact amount (no quantity multiplier),Medium,VIU-Verified,No action needed — passed.,"flat 7.77 -> resolved 7.77 exactly (whole-WO); labor-line flat 9.99 exact | WORDING+VIU 2026-07-13: Build labels; flat resolve confirmed live 2026-07-13 ($25→+$25.00). Resolution engine re-confirmed live 2026-07-13 via API (flat $25→+$25.00; 20% capped at $15→+$15.00; 150% discount rejected 'A percentage discount cannot exceed 100%'). | SV-8479/8480 deconfliction 2026-07-22: mixed label sweep: step 1 whole-WO -> 'Add Work Order Fee / Discount', step 2 labor line -> 'Add Labor Fee / Discount' (behavior unchanged). | VIU 2026-07-22 LIVE: SV-8479 nav labels 'Add Work Order Fee / Discount' (step 1) and 'Add Labor Fee / Discount' (step 2) both confirmed present; case behavior unchanged. Ev: wo/FD-WO-025-toolbar-menu.png, wo/FD-WO-017-labor-menu-open.png."
FD-CALC-004,C28571,https://shopview.testrail.io/index.php?/cases/view/28571,Calculation contract,Verify a flat amount on a part line is charged per item (amount x quantity: $5.00 x 3 → −$15.00; x1 → −$5.00),High,VIU-Verified,No action needed — passed.,per-item: $2.00 x qty4 -> $8.00 (part line) | WORDING+VIU 2026-07-13: Build labels; per-item VIU carried. | SV-8479/8480 deconfliction 2026-07-22: label sweep: navigation labels -> 'Add Part Fee / Discount' / 'New Part Fee / Discount' (behavior/expected unchanged). | VIU 2026-07-22 LIVE: SV-8479 nav label 'Add Part Fee / Discount' confirmed present in the part row ⋮ menu; case behavior unchanged. Ev: wo/FD-WO-018-part-menu.png.
FD-CALC-005,C28572,https://shopview.testrail.io/index.php?/cases/view/28572,Calculation contract,Verify a percentage discount cannot go over 100% (percentage fees have no upper limit),High,VIU-Verified,No action needed — passed.,discount pct >100 -> 400; fee pct uncapped (150% -> 201) | WORDING+VIU 2026-07-13: Exact back-end message confirmed live 2026-07-13: 'A percentage discount cannot exceed 100%.' Resolution engine re-confirmed live 2026-07-13 via API (flat $25→+$25.00; 20% capped at $15→+$15.00; 150% discount rejected 'A percentage discount cannot exceed 100%'). | SV-8479/8480 deconfliction 2026-07-22: label sweep: navigation labels -> 'Add Work Order Fee / Discount' / 'New Work Order Fee / Discount' (behavior/expected unchanged). | SV-8479/8480 deconfliction 2026-07-22: 'at any scope' step reworded to the whole-WO entry label 'Add Work Order Fee / Discount' (validation is scope-independent). | VIU 2026-07-22 LIVE: SV-8479 nav label 'Add Work Order Fee / Discount' confirmed present in the WO toolbar ⋯ menu; case behavior unchanged. Ev: wo/FD-WO-025-toolbar-menu.png.
FD-CALC-006,C28573,https://shopview.testrail.io/index.php?/cases/view/28573,Calculation contract,"Verify the smallest allowed values — flat amount $0.01, percentage 0.01%",Medium,VIU-Verified,No action needed — passed.,FDBUG-10 CONFIRMED AGAIN: pct 0.005% accepted (201) and silently coerced to 0.01 (resolved 0.02); flat 0.005 accepted -> stored 0.01. Spec: below-minimum must be rejected | WORDING+VIU 2026-07-13: DEVIATION carried (FDBUG-10 / PO Q3 pending): a percentage below the 0.01% minimum is silently rounded UP to 0.01% instead of being rejected. Build labels applied. | CHRIS WARD ROUND-2 ANSWER APPLIED 2026-07-14(Q3=A): PO ruled quietly rounding tiny percentages up to the 0.01% minimum is fine/expected ('fully anticipated and expected'). No longer a deviation; FDBUG-10 closed as accepted; jira draft TICKET 5 DROPPED. Expected reworded to expect the round-up-to-minimum coercion. PUSHED TO TESTRAIL 2026-07-14 via update_case (QA-lead one-day authorization; update 200 / re-verify 200 MATCH; audit: testrail-round2-push-log.md). | SV-8479/8480 deconfliction 2026-07-22: label sweep: navigation labels -> 'Add Work Order Fee / Discount' / 'New Work Order Fee / Discount' (behavior/expected unchanged). | VIU 2026-07-22 LIVE: SV-8479 nav label 'Add Work Order Fee / Discount' confirmed present in the WO toolbar ⋯ menu; case behavior unchanged. Ev: wo/FD-WO-025-toolbar-menu.png.
FD-CALC-007,C28574,https://shopview.testrail.io/index.php?/cases/view/28574,Calculation contract,Verify Max Amount caps a percentage result (20% fee on $100 → $20 → Max Amount $15 → +$15.00),High,VIU-Verified,No action needed — passed.,Max cap clamps: 20% (34.15) with cap 15 -> 15.00 | WORDING+VIU 2026-07-13: Max cap clamp confirmed live 2026-07-13 (20% → capped $15.00). Resolution engine re-confirmed live 2026-07-13 via API (flat $25→+$25.00; 20% capped at $15→+$15.00; 150% discount rejected 'A percentage discount cannot exceed 100%'). | SV-8479/8480 deconfliction 2026-07-22: label sweep: navigation labels -> 'Add Work Order Fee / Discount' / 'New Work Order Fee / Discount' (behavior/expected unchanged). | VIU 2026-07-22 LIVE: SV-8479 nav label 'Add Work Order Fee / Discount' confirmed present in the WO toolbar ⋯ menu; case behavior unchanged. Ev: wo/FD-WO-025-toolbar-menu.png.
FD-CALC-008,C28575,https://shopview.testrail.io/index.php?/cases/view/28575,Calculation contract,Verify how Max Amount behaves at 0 vs empty (empty means no cap),Medium,VIU-Verified,No action needed — passed.,"FDBUG-9 CONFIRMED AGAIN: maxCap 0 -> resolved 34.15 (treated as NO cap; spec: $0 forces $0.00) | WORDING+VIU 2026-07-13: DEVIATION carried (FDBUG-9 / PO Q2 pending): a Max Amount of 0 is treated as 'no cap' rather than capping at $0.00. Build labels applied. | CHRIS WARD ROUND-2 ANSWER APPLIED 2026-07-14(Q2=A): PO ruled a typed 0 in Max Amount means 'no limit' (WAD, S2-R25: entered 0 = empty = no maximum; a true $0 cap only from legacy data per §5-R6). No longer a deviation; FDBUG-9 closed as accepted; jira draft TICKET 4 DROPPED. Expected reworded to affirm 0=no-cap. PUSHED TO TESTRAIL 2026-07-14 via update_case (QA-lead one-day authorization; update 200 / re-verify 200 MATCH; audit: testrail-round2-push-log.md). | SV-8479/8480 deconfliction 2026-07-22: label sweep: navigation labels -> 'Add Work Order Fee / Discount' / 'New Work Order Fee / Discount' (behavior/expected unchanged). | VIU 2026-07-22 LIVE: SV-8479 nav label 'Add Work Order Fee / Discount' confirmed present in the WO toolbar ⋯ menu; case behavior unchanged. Ev: wo/FD-WO-025-toolbar-menu.png."
FD-CALC-009,C28576,https://shopview.testrail.io/index.php?/cases/view/28576,Calculation contract,"Verify a $0.00 base works out to $0.00 (shown on screen, skipped in QuickBooks)",Medium,VIU-Verified,No action needed — passed.,"10% of $0 parts -> $0.00 | WORDING+VIU 2026-07-13: QB-skip half needs a human in QuickBooks (Blocked-Env); the on-screen $0.00 half is observable. Build labels applied. | SV-8456 (2026-07-21 staging LIVE VIU): F&D moved to SETTINGS→SERVICE (below Canned Lines); template/WO/Part-sale/customer dialogs now show Taxable as a Yes/No DROPDOWN (was toggle); Auto-apply is a CHECKBOX with a 'When on…' caption; settings & customer tables are plain-text/left-aligned (no badges); WO sidebar card retitled 'Work Order Fees & Discounts' and renders ABOVE Financial Info; Part-sale card 'Parts Sale Fees & Discounts' above Financial Info. Permission gate pivoted Settings→Finance → Settings→Service (verified live: Service-user sees+manages F&D & convenience toggle; Finance-only user has no F&D nav item and /administration/adjustment-templates bounces to /workorders). Frontend-only; functionality + calc INTACT. | RE-VIU 2026-07-22 LIVE (Batch 4, SV-8456 re-verify): access-check quick-login {admin} HTTP 200. Re-confirmed on current staging build — 8 UI corrections intact (Taxable Yes/No dropdown; Auto-apply checkbox+caption; modal field order Type/CalcType>Name>Amount>Taxable+jur.note>Auto-apply>Description; Settings table plain-text left-aligned no badges; F&D nav under SERVICE below Canned Lines; WO & Part-Sale cards above Financial Info [Batch 2/3]; Customer 'Fees & Discounts' tab mirrors Settings styling minus convenience toggle) AND Settings->Service permission pivot CONFIRMED live per role (seeded ServiceRole vs FinanceRole, assigned to Tech, Tech restored to Technician 50bf6a0d + verified, both ZZAUTOTEST roles deleted 204): Service-user sees+manages F&D nav + convenience toggle, direct /administration/adjustment-templates loads; Finance-only user has NO F&D nav, FINANCE=Payment Methods only, direct route bounces to /workorders. viu_status VIU-Verified re-confirmed. Ev build/fees-discounts/viu-sv8456-2026-07-22/ (01-settings-landing, 02-new-dialog, 03-customer-fd-tab, SVC-*, FIN-*)."
FD-CALC-010,C28577,https://shopview.testrail.io/index.php?/cases/view/28577,Calculation contract,Verify a negative base is treated as $0 (the result is $0.00; the base never goes below zero),Medium,VIU-Verified,No action needed — passed.,50% discount on $0 base -> $0.00; base floored at 0 | WORDING+VIU 2026-07-13: Base-floor-at-$0 carried; build labels. Resolution engine re-confirmed live 2026-07-13 via API (flat $25→+$25.00; 20% capped at $15→+$15.00; 150% discount rejected 'A percentage discount cannot exceed 100%').
FD-CALC-011,C28578,https://shopview.testrail.io/index.php?/cases/view/28578,Calculation contract,"Verify a taxable fee raises the taxable amount, a taxable discount lowers it, and a non-taxable one does not change tax",High,VIU-Verified,No action needed — passed.,"taxable $20 fee: GST 9.14->10.14 (+5% of 20); non-taxable leaves tax unchanged. GST->US-tax re-word caveat stands | WORDING+VIU 2026-07-13: Tax effect carried; build labels ('Taxable' toggle Yes/No). | SV-8456 (2026-07-21 staging LIVE VIU): F&D moved to SETTINGS→SERVICE (below Canned Lines); template/WO/Part-sale/customer dialogs now show Taxable as a Yes/No DROPDOWN (was toggle); Auto-apply is a CHECKBOX with a 'When on…' caption; settings & customer tables are plain-text/left-aligned (no badges); WO sidebar card retitled 'Work Order Fees & Discounts' and renders ABOVE Financial Info; Part-sale card 'Parts Sale Fees & Discounts' above Financial Info. Permission gate pivoted Settings→Finance → Settings→Service (verified live: Service-user sees+manages F&D & convenience toggle; Finance-only user has no F&D nav item and /administration/adjustment-templates bounces to /workorders). Frontend-only; functionality + calc INTACT. | RE-VIU 2026-07-22 LIVE (Batch 4, SV-8456 re-verify): access-check quick-login {admin} HTTP 200. Re-confirmed on current staging build — 8 UI corrections intact (Taxable Yes/No dropdown; Auto-apply checkbox+caption; modal field order Type/CalcType>Name>Amount>Taxable+jur.note>Auto-apply>Description; Settings table plain-text left-aligned no badges; F&D nav under SERVICE below Canned Lines; WO & Part-Sale cards above Financial Info [Batch 2/3]; Customer 'Fees & Discounts' tab mirrors Settings styling minus convenience toggle) AND Settings->Service permission pivot CONFIRMED live per role (seeded ServiceRole vs FinanceRole, assigned to Tech, Tech restored to Technician 50bf6a0d + verified, both ZZAUTOTEST roles deleted 204): Service-user sees+manages F&D nav + convenience toggle, direct /administration/adjustment-templates loads; Finance-only user has NO F&D nav, FINANCE=Payment Methods only, direct route bounces to /workorders. viu_status VIU-Verified re-confirmed. Ev build/fees-discounts/viu-sv8456-2026-07-22/ (01-settings-landing, 02-new-dialog, 03-customer-fd-tab, SVC-*, FIN-*)."
FD-CALC-012,C28579,https://shopview.testrail.io/index.php?/cases/view/28579,Calculation contract,"Verify the order fees/discounts are worked out — line-level first (on the line total), then whole-work-order (on the new totals), with no stacking within a step",High,VIU-Verified,No action needed — passed.,3-step order re-proven: whole-WO 10% resolved 17.08 alone -> 19.08 after a $20 labor-line fee (+10% of the line-level effect); whole-WO adjs do not stack on each other (17.08 each) | WORDING+VIU 2026-07-13: 3-step order carried; build labels.
FD-CALC-014,C28581,https://shopview.testrail.io/index.php?/cases/view/28581,Calculation contract,Verify the Processing Fee base includes tax on purpose and never uses a Max Amount,Medium,VIU-Verified,No action needed — passed.,"pfee base tax-inclusive on purpose (0.63 = 3% of 21.00 incl GST, not 0.60); maxCap rejected for pfee (400) | WORDING+VIU 2026-07-13: Processing-Fee base + no Max Amount carried; build labels. | SV-8456 (2026-07-21 staging LIVE VIU): F&D moved to SETTINGS→SERVICE (below Canned Lines); template/WO/Part-sale/customer dialogs now show Taxable as a Yes/No DROPDOWN (was toggle); Auto-apply is a CHECKBOX with a 'When on…' caption; settings & customer tables are plain-text/left-aligned (no badges); WO sidebar card retitled 'Work Order Fees & Discounts' and renders ABOVE Financial Info; Part-sale card 'Parts Sale Fees & Discounts' above Financial Info. Permission gate pivoted Settings→Finance → Settings→Service (verified live: Service-user sees+manages F&D & convenience toggle; Finance-only user has no F&D nav item and /administration/adjustment-templates bounces to /workorders). Frontend-only; functionality + calc INTACT. | RE-VIU 2026-07-22 LIVE (Batch 4, SV-8456 re-verify): access-check quick-login {admin} HTTP 200. Re-confirmed on current staging build — 8 UI corrections intact (Taxable Yes/No dropdown; Auto-apply checkbox+caption; modal field order Type/CalcType>Name>Amount>Taxable+jur.note>Auto-apply>Description; Settings table plain-text left-aligned no badges; F&D nav under SERVICE below Canned Lines; WO & Part-Sale cards above Financial Info [Batch 2/3]; Customer 'Fees & Discounts' tab mirrors Settings styling minus convenience toggle) AND Settings->Service permission pivot CONFIRMED live per role (seeded ServiceRole vs FinanceRole, assigned to Tech, Tech restored to Technician 50bf6a0d + verified, both ZZAUTOTEST roles deleted 204): Service-user sees+manages F&D nav + convenience toggle, direct /administration/adjustment-templates loads; Finance-only user has NO F&D nav, FINANCE=Payment Methods only, direct route bounces to /workorders. viu_status VIU-Verified re-confirmed. Ev build/fees-discounts/viu-sv8456-2026-07-22/ (01-settings-landing, 02-new-dialog, 03-customer-fd-tab, SVC-*, FIN-*)."
FD-CALC-015,C28582,https://shopview.testrail.io/index.php?/cases/view/28582,Calculation contract,"Verify the subtotal floors at $0.00 — a non-taxable $150 discount on $100 parts + $10 tax: customer pays $10, the $50 excess becomes a customer credit",High,VIU-Verified,No action needed — passed.,"non-taxable over-discount: sub floors 0.00, GST unchanged 9.14, total=tax, excessCredit 117.24 exact | WORDING+VIU 2026-07-13: In-app floor + credit half VIU'd 2026-07-10; the QuickBooks credit-memo half needs a human in QuickBooks. Build labels. | SV-8456 (2026-07-21 staging LIVE VIU): F&D moved to SETTINGS→SERVICE (below Canned Lines); template/WO/Part-sale/customer dialogs now show Taxable as a Yes/No DROPDOWN (was toggle); Auto-apply is a CHECKBOX with a 'When on…' caption; settings & customer tables are plain-text/left-aligned (no badges); WO sidebar card retitled 'Work Order Fees & Discounts' and renders ABOVE Financial Info; Part-sale card 'Parts Sale Fees & Discounts' above Financial Info. Permission gate pivoted Settings→Finance → Settings→Service (verified live: Service-user sees+manages F&D & convenience toggle; Finance-only user has no F&D nav item and /administration/adjustment-templates bounces to /workorders). Frontend-only; functionality + calc INTACT. | RE-VIU 2026-07-22 LIVE (Batch 4, SV-8456 re-verify): access-check quick-login {admin} HTTP 200. Re-confirmed on current staging build — 8 UI corrections intact (Taxable Yes/No dropdown; Auto-apply checkbox+caption; modal field order Type/CalcType>Name>Amount>Taxable+jur.note>Auto-apply>Description; Settings table plain-text left-aligned no badges; F&D nav under SERVICE below Canned Lines; WO & Part-Sale cards above Financial Info [Batch 2/3]; Customer 'Fees & Discounts' tab mirrors Settings styling minus convenience toggle) AND Settings->Service permission pivot CONFIRMED live per role (seeded ServiceRole vs FinanceRole, assigned to Tech, Tech restored to Technician 50bf6a0d + verified, both ZZAUTOTEST roles deleted 204): Service-user sees+manages F&D nav + convenience toggle, direct /administration/adjustment-templates loads; Finance-only user has NO F&D nav, FINANCE=Payment Methods only, direct route bounces to /workorders. viu_status VIU-Verified re-confirmed. Ev build/fees-discounts/viu-sv8456-2026-07-22/ (01-settings-landing, 02-new-dialog, 03-customer-fd-tab, SVC-*, FIN-*)."
FD-CALC-016,C28583,https://shopview.testrail.io/index.php?/cases/view/28583,Calculation contract,"Verify a taxable $150 discount on $100 parts drives the taxable amount to $0 → tax $0.00, customer pays $0.00",Medium,VIU-Verified,No action needed — passed.,"taxable over-discount: sub 0.00, GST 0, total 0.00, excess captured | WORDING+VIU 2026-07-13: Taxable-discount-to-$0 carried; build labels. | SV-8456 (2026-07-21 staging LIVE VIU): F&D moved to SETTINGS→SERVICE (below Canned Lines); template/WO/Part-sale/customer dialogs now show Taxable as a Yes/No DROPDOWN (was toggle); Auto-apply is a CHECKBOX with a 'When on…' caption; settings & customer tables are plain-text/left-aligned (no badges); WO sidebar card retitled 'Work Order Fees & Discounts' and renders ABOVE Financial Info; Part-sale card 'Parts Sale Fees & Discounts' above Financial Info. Permission gate pivoted Settings→Finance → Settings→Service (verified live: Service-user sees+manages F&D & convenience toggle; Finance-only user has no F&D nav item and /administration/adjustment-templates bounces to /workorders). Frontend-only; functionality + calc INTACT. | RE-VIU 2026-07-22 LIVE (Batch 4, SV-8456 re-verify): access-check quick-login {admin} HTTP 200. Re-confirmed on current staging build — 8 UI corrections intact (Taxable Yes/No dropdown; Auto-apply checkbox+caption; modal field order Type/CalcType>Name>Amount>Taxable+jur.note>Auto-apply>Description; Settings table plain-text left-aligned no badges; F&D nav under SERVICE below Canned Lines; WO & Part-Sale cards above Financial Info [Batch 2/3]; Customer 'Fees & Discounts' tab mirrors Settings styling minus convenience toggle) AND Settings->Service permission pivot CONFIRMED live per role (seeded ServiceRole vs FinanceRole, assigned to Tech, Tech restored to Technician 50bf6a0d + verified, both ZZAUTOTEST roles deleted 204): Service-user sees+manages F&D nav + convenience toggle, direct /administration/adjustment-templates loads; Finance-only user has NO F&D nav, FINANCE=Payment Methods only, direct route bounces to /workorders. viu_status VIU-Verified re-confirmed. Ev build/fees-discounts/viu-sv8456-2026-07-22/ (01-settings-landing, 02-new-dialog, 03-customer-fd-tab, SVC-*, FIN-*)."
FD-CALC-018,C30629,https://shopview.testrail.io/index.php?/cases/view/30629,Calculation contract,Verify a work order line total adds the line's own fees to Labor and Parts (Labor $250 + fee +$50.00 + Part $20.00 + fee +$2.20 → line total $322.20),High,VIU-Verified,No action needed — passed.,"= $392.40 = 290 + labor fee ttt +20% ($58.00) + 40 + part fee test +11% ($4.40); NOT gross $330. Rows render PLAIN TEXT bare '20%'/'11%' (no plus sign, no colored badge; HTML span text-grey-7). Ev: 018-lines-collapsed-full.png, 018-lines-expanded-full.png, api-FD-CALC-018-024-total_cost-392.40.json."
FD-CALC-019,C30630,https://shopview.testrail.io/index.php?/cases/view/30630,Calculation contract,"Verify a discount on a line subtracts from the line total while a fee adds (fees add, discounts subtract in the line total)",High,VIU-Verified,No action needed — passed.,"acted -> collapsed line Total = $384.00 = 290 + 58 + 40 - 4.00 (fee adds, discount subtracts). Discount rate renders '-10%' (en-dash minus) plain text, resolved -$4.00; fee rate renders bare '20%'. Ev: 019-lines-collapsed-full.png, 019-lines-expanded-full.png, api-FD-CALC-019-total_cost-384.00.json."
FD-CALC-020,C30631,https://shopview.testrail.io/index.php?/cases/view/30631,Calculation contract,Verify a line with no fees or discounts shows a line total of Labor + Parts only (unchanged by the fix),Medium,VIU-Verified,No action needed — passed.,"tal (no change from the fix). | LIVE STAGING VIU 2026-07-22: VIU-VERIFIED. A ZZAUTOTEST line with no fees/discounts (Labor $290 + Parts $40) shows collapsed line Total = $330.00 = gross Labor + Parts only, no Fees/Discounts rows. Ev: 020-lines-nofee-line.png, api-baseline-nofees-total_cost-330.json."
FD-CALC-021,C30632,https://shopview.testrail.io/index.php?/cases/view/30632,Calculation contract,"Verify the Estimate document is unchanged — labor prints gross, each fee prints its own row, and the grand total is not double-counted",Medium,VIU-Verified,No action needed — passed.,"0'; the document Line Total = $330.00 (gross Labor+Parts, fee NOT folded in); every fee/discount (incl. line-level ttt +$58.00 and pdisc ($4.00)) listed once in the Fees & Discounts breakdown -> no double-count. Confirms the fix is Lines-tab display-only; estimate unchanged. Ev: 021-finance-tab.png."
FD-CALC-022,C30633,https://shopview.testrail.io/index.php?/cases/view/30633,Calculation contract,"Verify the Invoice document is unchanged — labor prints gross, each fee prints its own row, and the grand total is not double-counted",Medium,VIU-Verified,No action needed — passed.,"Invoice document (Finance tab toggle, INV-S3-25836): renders identically to the estimate — Labor gross $290.00, the line fee prints as its own row '↳ ttt (% of labor) $58.00', document Line Total = $330.00 (gross, fee not folded in), each fee listed once -> no double-count. Ev: 022-invoice-view.png."
FD-CALC-024,C30635,https://shopview.testrail.io/index.php?/cases/view/30635,Calculation contract,Verify the backend per-line total includes the line's signed fee/discount amounts (Labor $250 + $50.00 + Part $20.00 + $2.20 → total_cost 322.20),High,VIU-Verified,No action needed — passed.,"Stored line amounts unchanged (labour_rate 145, total_labour_cost 290, part sell_price 40); the fee/discount amounts live separately under line.adjustments[] and part_requests[].adjustments[] (resolvedAmount 58 / 4.40) — computed total is display-only. Ev: api-FD-CALC-018-024-total_cost-392.40.json."
FD-CUST-001,C28485,https://shopview.testrail.io/index.php?/cases/view/28485,Customer Fees & Discounts tab,Verify the customer 'Fees & Discounts (N)' tab shows the correct default count,High,VIU-Verified,No action needed — passed.,tab label 'Fees & Discounts (N)' re-observed (live count from defaults) | WORDING+VIU 2026-07-13: Tab 'Fees & Discounts (N)' confirmed live (shot cust-01). Corrected the tab list to the real build tabs.
FD-CUST-002,C28486,https://shopview.testrail.io/index.php?/cases/view/28486,Customer Fees & Discounts tab,"Verify the 'Default Fees & Discounts' card header, caption and table columns",High,VIU-Verified,No action needed — passed.,card header + exact caption re-observed ('These fees & discounts auto-apply to every new work order for this customer…') | WORDING+VIU 2026-07-13: Card header/caption/button/columns confirmed EXACTLY live (shot cust-01). Corrected columns (no Auto-Apply column on the customer tab).
FD-CUST-003,C28487,https://shopview.testrail.io/index.php?/cases/view/28487,Customer Fees & Discounts tab,Verify adding a single template as a customer default via the picker,High,VIU-Verified,No action needed — passed.,"single-select add works (API 201, UI single picker) — PO Q6=A accepted; case text still needs the single-select re-wording (case-update) | WORDING+VIU 2026-07-13: Picker confirmed live: 'Add Fee/Discount' dialog with a single 'Fee / Discount Templates' dropdown + Save (shot cust-02). Add lifecycle confirmed via API (201). Toast text carried."
FD-CUST-004,C28488,https://shopview.testrail.io/index.php?/cases/view/28488,Customer Fees & Discounts tab,Verify several templates are added as customer defaults one at a time (no multi-select),Medium,VIU-Verified,No action needed — passed.,"one-at-a-time picker accepted per PO Q6=A; case-update pending | WORDING+VIU 2026-07-13: Single-select (one dropdown, not checkboxes) confirmed live; multi-add is one-at-a-time. Add lifecycle via API."
FD-CUST-007,C28491,https://shopview.testrail.io/index.php?/cases/view/28491,Customer Fees & Discounts tab,Verify removing a customer default from the row needs no confirmation,High,VIU-Verified,No action needed — passed.,"remove = direct trash, no toast (batch-1); API remove -> 204 re-proven; case-update pending | WORDING+VIU 2026-07-13: Remove confirmed live via API (204, no confirm step). Toast text carried."
FD-CUST-008,C28492,https://shopview.testrail.io/index.php?/cases/view/28492,Customer Fees & Discounts tab,Verify the empty-state text on the Default Fees & Discounts card,Low,VIU-Verified,No action needed — passed.,"empty-state card re-observed on a 0-default customer | WORDING+VIU 2026-07-13: Empty-state text confirmed EXACTLY live: ""No fees or discounts yet. Use 'Add Fee/Discount' to add one."" (shot cust-01)."
FD-CUST-009,C28493,https://shopview.testrail.io/index.php?/cases/view/28493,Customer defaults → new work order,Verify a customer default is added as its own fee/discount on every new work order,High,VIU-Verified,No action needed — passed.,"customer default lands on every NEW WO as an independent copy (appliedBy=customer_default) | WORDING+VIU 2026-07-13: Defaults→new-WO behavior carried (verified 2026-07-10); build labels ('WO Fees & Discounts' card). | SV-8456 (2026-07-21 staging LIVE VIU): F&D moved to SETTINGS→SERVICE (below Canned Lines); template/WO/Part-sale/customer dialogs now show Taxable as a Yes/No DROPDOWN (was toggle); Auto-apply is a CHECKBOX with a 'When on…' caption; settings & customer tables are plain-text/left-aligned (no badges); WO sidebar card retitled 'Work Order Fees & Discounts' and renders ABOVE Financial Info; Part-sale card 'Parts Sale Fees & Discounts' above Financial Info. Permission gate pivoted Settings→Finance → Settings→Service (verified live: Service-user sees+manages F&D & convenience toggle; Finance-only user has no F&D nav item and /administration/adjustment-templates bounces to /workorders). Frontend-only; functionality + calc INTACT. | RE-VIU 2026-07-22 LIVE (Batch 4, SV-8456 re-verify): access-check quick-login {admin} HTTP 200. Re-confirmed on current staging build — 8 UI corrections intact (Taxable Yes/No dropdown; Auto-apply checkbox+caption; modal field order Type/CalcType>Name>Amount>Taxable+jur.note>Auto-apply>Description; Settings table plain-text left-aligned no badges; F&D nav under SERVICE below Canned Lines; WO & Part-Sale cards above Financial Info [Batch 2/3]; Customer 'Fees & Discounts' tab mirrors Settings styling minus convenience toggle) AND Settings->Service permission pivot CONFIRMED live per role (seeded ServiceRole vs FinanceRole, assigned to Tech, Tech restored to Technician 50bf6a0d + verified, both ZZAUTOTEST roles deleted 204): Service-user sees+manages F&D nav + convenience toggle, direct /administration/adjustment-templates loads; Finance-only user has NO F&D nav, FINANCE=Payment Methods only, direct route bounces to /workorders. viu_status VIU-Verified re-confirmed. Ev build/fees-discounts/viu-sv8456-2026-07-22/ (01-settings-landing, 02-new-dialog, 03-customer-fd-tab, SVC-*, FIN-*)."
FD-CUST-010,C28494,https://shopview.testrail.io/index.php?/cases/view/28494,Customer defaults → new work order,"Verify a percentage customer default re-works per work order (keeps the percent, not a fixed dollar)",Medium,VIU-Verified,No action needed — passed.,"pct default copied as percent (amount=7, calc=pct_subtotal), re-resolves per WO | WORDING+VIU 2026-07-13: Percentage default re-resolves per WO; carried."
FD-CUST-011,C28495,https://shopview.testrail.io/index.php?/cases/view/28495,Customer defaults lifecycle,Verify removing a customer default does not change fees/discounts already on existing work orders,High,VIU-Verified,No action needed — passed.,"removing the default link leaves the existing WO's adjustment intact | WORDING+VIU 2026-07-13: Remove-default-does-not-touch-existing-WOs carried; remove lifecycle confirmed via API (204). | SV-8456 (2026-07-21 staging LIVE VIU): F&D moved to SETTINGS→SERVICE (below Canned Lines); template/WO/Part-sale/customer dialogs now show Taxable as a Yes/No DROPDOWN (was toggle); Auto-apply is a CHECKBOX with a 'When on…' caption; settings & customer tables are plain-text/left-aligned (no badges); WO sidebar card retitled 'Work Order Fees & Discounts' and renders ABOVE Financial Info; Part-sale card 'Parts Sale Fees & Discounts' above Financial Info. Permission gate pivoted Settings→Finance → Settings→Service (verified live: Service-user sees+manages F&D & convenience toggle; Finance-only user has no F&D nav item and /administration/adjustment-templates bounces to /workorders). Frontend-only; functionality + calc INTACT. | RE-VIU 2026-07-22 LIVE (Batch 4, SV-8456 re-verify): access-check quick-login {admin} HTTP 200. Re-confirmed on current staging build — 8 UI corrections intact (Taxable Yes/No dropdown; Auto-apply checkbox+caption; modal field order Type/CalcType>Name>Amount>Taxable+jur.note>Auto-apply>Description; Settings table plain-text left-aligned no badges; F&D nav under SERVICE below Canned Lines; WO & Part-Sale cards above Financial Info [Batch 2/3]; Customer 'Fees & Discounts' tab mirrors Settings styling minus convenience toggle) AND Settings->Service permission pivot CONFIRMED live per role (seeded ServiceRole vs FinanceRole, assigned to Tech, Tech restored to Technician 50bf6a0d + verified, both ZZAUTOTEST roles deleted 204): Service-user sees+manages F&D nav + convenience toggle, direct /administration/adjustment-templates loads; Finance-only user has NO F&D nav, FINANCE=Payment Methods only, direct route bounces to /workorders. viu_status VIU-Verified re-confirmed. Ev build/fees-discounts/viu-sv8456-2026-07-22/ (01-settings-landing, 02-new-dialog, 03-customer-fd-tab, SVC-*, FIN-*)."
FD-CUST-012,C28496,https://shopview.testrail.io/index.php?/cases/view/28496,Customer defaults lifecycle,Verify deleting a template that is a customer default drops the default link but keeps existing work-order fees/discounts,High,VIU-Verified,No action needed — passed.,"deleting a linked template (204) cascades the default link away | WORDING+VIU 2026-07-13: Corrected nav to Administration → Finance; behavior carried. | SV-8456 (2026-07-21 staging LIVE VIU): F&D moved to SETTINGS→SERVICE (below Canned Lines); template/WO/Part-sale/customer dialogs now show Taxable as a Yes/No DROPDOWN (was toggle); Auto-apply is a CHECKBOX with a 'When on…' caption; settings & customer tables are plain-text/left-aligned (no badges); WO sidebar card retitled 'Work Order Fees & Discounts' and renders ABOVE Financial Info; Part-sale card 'Parts Sale Fees & Discounts' above Financial Info. Permission gate pivoted Settings→Finance → Settings→Service (verified live: Service-user sees+manages F&D & convenience toggle; Finance-only user has no F&D nav item and /administration/adjustment-templates bounces to /workorders). Frontend-only; functionality + calc INTACT. | RE-VIU 2026-07-22 LIVE (Batch 4, SV-8456 re-verify): access-check quick-login {admin} HTTP 200. Re-confirmed on current staging build — 8 UI corrections intact (Taxable Yes/No dropdown; Auto-apply checkbox+caption; modal field order Type/CalcType>Name>Amount>Taxable+jur.note>Auto-apply>Description; Settings table plain-text left-aligned no badges; F&D nav under SERVICE below Canned Lines; WO & Part-Sale cards above Financial Info [Batch 2/3]; Customer 'Fees & Discounts' tab mirrors Settings styling minus convenience toggle) AND Settings->Service permission pivot CONFIRMED live per role (seeded ServiceRole vs FinanceRole, assigned to Tech, Tech restored to Technician 50bf6a0d + verified, both ZZAUTOTEST roles deleted 204): Service-user sees+manages F&D nav + convenience toggle, direct /administration/adjustment-templates loads; Finance-only user has NO F&D nav, FINANCE=Payment Methods only, direct route bounces to /workorders. viu_status VIU-Verified re-confirmed. Ev build/fees-discounts/viu-sv8456-2026-07-22/ (01-settings-landing, 02-new-dialog, 03-customer-fd-tab, SVC-*, FIN-*)."
FD-CUST-013,C28497,https://shopview.testrail.io/index.php?/cases/view/28497,Customer defaults lifecycle,Verify deleting a customer removes that customer's default links,Low,VIU-Verified,No action needed — passed.,"prior (customer delete removes links) stands; today's re-probe was blocked by an orphan test contact, not by the feature | WORDING+VIU 2026-07-13: Corrected nav; behavior carried. | SV-8456 (2026-07-21 staging LIVE VIU): F&D moved to SETTINGS→SERVICE (below Canned Lines); template/WO/Part-sale/customer dialogs now show Taxable as a Yes/No DROPDOWN (was toggle); Auto-apply is a CHECKBOX with a 'When on…' caption; settings & customer tables are plain-text/left-aligned (no badges); WO sidebar card retitled 'Work Order Fees & Discounts' and renders ABOVE Financial Info; Part-sale card 'Parts Sale Fees & Discounts' above Financial Info. Permission gate pivoted Settings→Finance → Settings→Service (verified live: Service-user sees+manages F&D & convenience toggle; Finance-only user has no F&D nav item and /administration/adjustment-templates bounces to /workorders). Frontend-only; functionality + calc INTACT. | RE-VIU 2026-07-22 LIVE (Batch 4, SV-8456 re-verify): access-check quick-login {admin} HTTP 200. Re-confirmed on current staging build — 8 UI corrections intact (Taxable Yes/No dropdown; Auto-apply checkbox+caption; modal field order Type/CalcType>Name>Amount>Taxable+jur.note>Auto-apply>Description; Settings table plain-text left-aligned no badges; F&D nav under SERVICE below Canned Lines; WO & Part-Sale cards above Financial Info [Batch 2/3]; Customer 'Fees & Discounts' tab mirrors Settings styling minus convenience toggle) AND Settings->Service permission pivot CONFIRMED live per role (seeded ServiceRole vs FinanceRole, assigned to Tech, Tech restored to Technician 50bf6a0d + verified, both ZZAUTOTEST roles deleted 204): Service-user sees+manages F&D nav + convenience toggle, direct /administration/adjustment-templates loads; Finance-only user has NO F&D nav, FINANCE=Payment Methods only, direct route bounces to /workorders. viu_status VIU-Verified re-confirmed. Ev build/fees-discounts/viu-sv8456-2026-07-22/ (01-settings-landing, 02-new-dialog, 03-customer-fd-tab, SVC-*, FIN-*)."
FD-CUST-014,C28498,https://shopview.testrail.io/index.php?/cases/view/28498,Customer defaults seeding,Verify a brand-new customer inherits every auto-apply location template as a default,Medium,VIU-Verified,No action needed — passed.,NEW TODAY — FDBUG-12 APPEARS FIXED: an API-created customer NOW inherits the auto-apply location template as a default (initial defaults list had the auto template pre-seeded) | WORDING+VIU 2026-07-13: New-customer seeding of auto-apply defaults confirmed working (FDBUG-12 fixed 2026-07-10); carried.
FD-CUST-015,C28499,https://shopview.testrail.io/index.php?/cases/view/28499,Customer Fees & Discounts tab — permissions,Verify the customer Fees & Discounts tab and its controls are hidden without the required permissions,High,VIU-Verified,No action needed — passed.,"tech -> defaults GET/POST 403 (BE-enforced); per-role visibility via roles-matrix (role-drift caveat) | WORDING+VIU 2026-07-13: Customer-defaults GET/POST are back-end gated (Tech → 403), established batch-2. NOTE: re-check the Tech negative after the roles matrix is re-derived (Technician drifted on shared qb)."
FD-CUST-017,C28501,https://shopview.testrail.io/index.php?/cases/view/28501,Customer Fees & Discounts tab — negative,Verify an add/remove/load failure on customer defaults shows the standard error notification,Low,VIU-Verified,No action needed — passed.,bad-template add 400 / bad-customer load 404 / bad remove 404 | WORDING+VIU 2026-07-13: API negative — standard error notification; carried. Lives in an API-titled section (rule 4).
FD-DOC-001,C28533,https://shopview.testrail.io/index.php?/cases/view/28533,Customer document (estimate/invoice),Verify one layout renders adjustments on both the estimate and the invoice,High,VIU-Verified,No action needed — passed.,"estimate rendered via the invoice template (header 'Invoice', shared layout), Adjustments block present | WORDING+VIU 2026-07-13: Estimate rendering confirmed live (est-15960.html); invoice uses the same layout (carried)."
FD-DOC-002,C28534,https://shopview.testrail.io/index.php?/cases/view/28534,Customer document — per-line adjustments,"Verify a labor-line percentage adjustment renders indented with ↳, the ""(% of labor)"" phrase, and correct amount sign",High,VIU-Verified,No action needed — passed.,labor-line pct renders '↳ ZZAUTOTEST LabPct (% of labor) $0.00' (phrase present) | WORDING+VIU 2026-07-13: Amount format + '(% of ...)' phrase confirmed live; per-line ↳ rendering carried from prior VIU. Tax shown as 'GST (5%)' on this env.
FD-DOC-003,C28535,https://shopview.testrail.io/index.php?/cases/view/28535,Customer document — per-line adjustments,"Verify a part-line adjustment renders with ""(% of parts)"" (percentage) and no phrase for Flat Amount",Medium,VIU-Verified,No action needed — passed.,part pct 'ZZAUTOTEST PartPct (% of parts) ($17.08)'; part flat 'ZZAUTOTEST PartFlat $8.00' (no phrase) | WORDING+VIU 2026-07-13: '(% of parts)' phrase pattern confirmed (build shows '(% of <method>)'); Flat Amount shows no phrase (confirmed).
FD-DOC-004,C28536,https://shopview.testrail.io/index.php?/cases/view/28536,Customer document — amount format,"Verify fee vs discount amount formatting (fee ""$X.XX"", discount ""($X.XX)"")",High,VIU-Verified,No action needed — passed.,"fee '$10.00' vs discount accounting '($5.00)' formats confirmed | WORDING+VIU 2026-07-13: CONFIRMED live: fee '$X.XX', discount '($X.XX)' in round brackets (est-15960.html: 'Flat fee $21,474,836.47' vs 'Falt discount ($21,474,836.47)')."
FD-DOC-005,C28537,https://shopview.testrail.io/index.php?/cases/view/28537,Customer document — Adjustments block,"Verify the bottom ""Adjustments"" block lists whole-WO adjustments one by one in creation order",High,VIU-Verified,No action needed — passed.,bottom Adjustments block lists whole-WO adjustments in creation order (Flat fee -> WFee -> WDisc) | WORDING+VIU 2026-07-13: CONFIRMED live: bottom 'Adjustments' block lists items in creation order; percentage items show '(% of subtotal)'. NOTE: this build lists line-level items in the same block too.
FD-DOC-006,C28538,https://shopview.testrail.io/index.php?/cases/view/28538,Customer document — Adjustments block,"Verify line-level adjustments are grouped by name+type in the bottom block with a ""(×N)"" count",High,VIU-Verified,No action needed — passed.,3 same-name+type line fees grouped as '(×3) $24.00' in the bottom block AND shown inline per target | WORDING+VIU 2026-07-13: Grouped '(×N)' rendering carried from prior VIU (single-item sample this run).
FD-DOC-007,C28539,https://shopview.testrail.io/index.php?/cases/view/28539,Customer document — Processing Fee phrase,"Verify a % of Grand Total Processing Fee shows the ""% of grand total"" phrase on the document",Medium,VIU-Verified,No action needed — passed.,'(% of grand total)' phrase per batch evidence; pfee not seedable onto a money-bearing WO today (line-create 500 blocks a fresh WO with lines) | WORDING+VIU 2026-07-13: '% of grand total' phrase carried (no live pfee on the sample WO).
FD-DOC-008,C28540,https://shopview.testrail.io/index.php?/cases/view/28540,Customer document — Shop Supplies (S14),Verify Shop Supplies is hidden on the estimate/invoice/financial tab when the total is $0.00,Medium,VIU-Verified,No action needed — passed.,Shop Supplies section HIDDEN on the estimate when total is $0.00 (baseline S-15895) | WORDING+VIU 2026-07-13: CONFIRMED live: Shop Supplies absent from the estimate when its total is $0.00 (est-15960.html has no Shop Supplies section).
FD-DOC-009,C28541,https://shopview.testrail.io/index.php?/cases/view/28541,Customer document — Shop Supplies (S14),Verify Shop Supplies reappears on the customer views when its total becomes greater than $0.00,Low,VIU-Verified,No action needed — passed.,"prior (>0 reappears) stands; today's probe inert — parts-only WO computes shop supplies on labor, stayed $0 | WORDING+VIU 2026-07-13: Shop-Supplies-reappears carried from prior VIU."
FD-DOC-010,C28542,https://shopview.testrail.io/index.php?/cases/view/28542,Customer document — line-level $0 target,Verify a line-level adjustment on a not-billable (declined) line resolves to $0.00 but still shows,Medium,VIU-Verified,No action needed — passed.,prior batch-4 declined-line $0-render stands; decline flip blocked today (staged-parts lock) | WORDING+VIU 2026-07-13: Declined-line $0-but-shows carried.
FD-DOC-011,C28543,https://shopview.testrail.io/index.php?/cases/view/28543,Customer document — layout,Verify the Adjustments block sits after Labor/Parts/Shop Supplies and before Subtotal → Tax → Total,Medium,VIU-Verified,No action needed — passed.,"FDBUG-1 NOT REPRODUCED (3rd consecutive pass): document bottom block reads Subtotal $202.68 / GST (5%) $9.14 / Total $211.82 = EXACTLY the API values incl. all adjustments; block sits before Subtotal. Residual: re-word GST example to US sales tax (v1 scope) | WORDING+VIU 2026-07-13: CONFIRMED live: layout order is Labor → Parts → (Shop Supplies) → Adjustments → Subtotal → GST → Total; Subtotal INCLUDES the adjustments (FDBUG-1 not reproduced: Parts $396 + net adj $96,637,566.11 = Subtotal $96,637,962.11)."
FD-EDIT-001,C28476,https://shopview.testrail.io/index.php?/cases/view/28476,Work Order — Edit an adjustment,"Verify editing a fee/discount allows Name, amount, Max Amount and Taxable but locks Type, Calculation Type and Scope",High,VIU-Verified,No action needed — passed.,"change accepts name/amount/maxCap/taxable only; kind/calc unchanged after edit (200) | WORDING+VIU 2026-07-13: Edit dialog confirmed live (shot edit-01): title 'Edit Fee / Discount'; Type + Calculation Type greyed/locked; Name/Amount/Taxable editable; opened from sidebar 'WO Fees & Discounts' ⋮ > Edit. | SV-8456 (2026-07-21 staging LIVE VIU): F&D moved to SETTINGS→SERVICE (below Canned Lines); template/WO/Part-sale/customer dialogs now show Taxable as a Yes/No DROPDOWN (was toggle); Auto-apply is a CHECKBOX with a 'When on…' caption; settings & customer tables are plain-text/left-aligned (no badges); WO sidebar card retitled 'Work Order Fees & Discounts' and renders ABOVE Financial Info; Part-sale card 'Parts Sale Fees & Discounts' above Financial Info. Permission gate pivoted Settings→Finance → Settings→Service (verified live: Service-user sees+manages F&D & convenience toggle; Finance-only user has no F&D nav item and /administration/adjustment-templates bounces to /workorders). Frontend-only; functionality + calc INTACT. | RE-VIU 2026-07-22 LIVE (Batch 4, SV-8456 re-verify): access-check quick-login {admin} HTTP 200. Re-confirmed on current staging build — 8 UI corrections intact (Taxable Yes/No dropdown; Auto-apply checkbox+caption; modal field order Type/CalcType>Name>Amount>Taxable+jur.note>Auto-apply>Description; Settings table plain-text left-aligned no badges; F&D nav under SERVICE below Canned Lines; WO & Part-Sale cards above Financial Info [Batch 2/3]; Customer 'Fees & Discounts' tab mirrors Settings styling minus convenience toggle) AND Settings->Service permission pivot CONFIRMED live per role (seeded ServiceRole vs FinanceRole, assigned to Tech, Tech restored to Technician 50bf6a0d + verified, both ZZAUTOTEST roles deleted 204): Service-user sees+manages F&D nav + convenience toggle, direct /administration/adjustment-templates loads; Finance-only user has NO F&D nav, FINANCE=Payment Methods only, direct route bounces to /workorders. viu_status VIU-Verified re-confirmed. Ev build/fees-discounts/viu-sv8456-2026-07-22/ (01-settings-landing, 02-new-dialog, 03-customer-fd-tab, SVC-*, FIN-*)."
FD-EDIT-002,C28477,https://shopview.testrail.io/index.php?/cases/view/28477,Work Order — Edit an adjustment,"Verify editing re-works the amount against the current totals, hides the template picker, and uses a 'Save' button",Medium,VIU-Verified,No action needed — passed.,edit 10%->20% re-resolved 34.15 against current totals; GST->US-tax re-word caveat stands | WORDING+VIU 2026-07-13: Confirmed live: no 'Apply From Template' picker in Edit; confirm button reads 'Save'; preview re-resolves against current totals (shot edit-01). | V1_3 (2026-07-17): Δ2 — Story 10 renamed 'history log' -> 'audit log' (terminology only; gates/behavior/status unchanged). Notes-only touch: the reader-facing text of this case already uses the exact build labels ('Audit Log' ⋮ menu / 'Work Order Log' page) and carries no generic history-log prose. The internal `area`/section name is left as-is (TestRail section rename not authorized).
FD-EDIT-003,C28478,https://shopview.testrail.io/index.php?/cases/view/28478,Work Order — Edit an adjustment,Verify a failed save keeps the Edit dialog open and shows the error,Medium,VIU-Verified,No action needed — passed.,"invalid edit (empty name + amount 0) -> 400, original left intact | WORDING+VIU 2026-07-13: Behavior (dialog stays open on save error + error message) carried from prior VIU — not force-failed this run."
FD-FIN-001,C28464,https://shopview.testrail.io/index.php?/cases/view/28464,Work Order — Financial Info card,Verify the Financial Info card shows a 'Fees & Discounts (N)' line directly above Subtotal,High,VIU-Verified,No action needed — passed.,"'Fees & Discounts (5)' collapsed row seen in Financial Info with net total | WORDING+VIU 2026-07-13: Financial Info card confirmed live: 'Fees & Discounts (N)' row shows net in grey (shot fin-03). | SV-8479/8480 deconfliction 2026-07-22: line position pinned directly above Subtotal (was 'sits with the other money rows'/below Balance) per item 7. Absorbs dropped new case FD-WO-022. Hidden-when-zero stays in FD-FIN-003 (no change). | VIU 2026-07-22 LIVE: Financial Info order = Parts $40.00, Labor $509.90, Shop Supplies $53.54, Fees & Discounts (10) $273.31, Subtotal $876.75, GST, Total, Balance — F&D line renders directly above Subtotal. Ev: wo/FD-FIN-004-FD-WO-021-card-financialinfo.png, wo/lines-bodytext.txt."
FD-FIN-002,C28465,https://shopview.testrail.io/index.php?/cases/view/28465,Work Order — Financial Info card,Verify the Financial Info 'Fees & Discounts' row lists each fee/discount and is read-only,Medium,VIU-Verified,No action needed — passed.,creation order re-proven on the document block (Flat fee < WFee < WDisc indices); read-only listing per batch-3 | WORDING+VIU 2026-07-13: Confirmed the Financial Info F&D row is read-only (no add/edit/remove in this card).
FD-FIN-003,C28466,https://shopview.testrail.io/index.php?/cases/view/28466,Work Order — Financial Info card,"Verify the 'Fees & Discounts' row is hidden with no fees/discounts, and the money section is hidden without See Financial Data",Medium,VIU-Verified,No action needed — passed.,tech (no SFD): WO view masks money (sub_total/total '0.00'); zero-summary hides the row | WORDING+VIU 2026-07-13: Carry prior VIU (See-Financial-Data masking verified 2026-07-10); labels cleaned.
FD-FIN-004,C28467,https://shopview.testrail.io/index.php?/cases/view/28467,Work Order — Sidebar 'Work Order Fee / Discount' card,"Verify the Work Order Fees & Discounts card lists whole-work-order fees/discounts as plain text (percentage in brackets, no colored badge)",High,VIU-Verified,No action needed — passed.,"card renders 'WO Fees & Discounts / Flat fee $12.00 +$12.00' — label/name drift vs spec wording persists (case-update) | WORDING+VIU 2026-07-13: Sidebar card title is 'WO Fees & Discounts' (was 'Work Order Fee / Discount'); per-row ⋮ menu shows 'Edit' and 'Remove' (confirmed live, shot fin-03). Now build-accurate. | SV-8456 (2026-07-21 staging LIVE VIU): F&D moved to SETTINGS→SERVICE (below Canned Lines); template/WO/Part-sale/customer dialogs now show Taxable as a Yes/No DROPDOWN (was toggle); Auto-apply is a CHECKBOX with a 'When on…' caption; settings & customer tables are plain-text/left-aligned (no badges); WO sidebar card retitled 'Work Order Fees & Discounts' and renders ABOVE Financial Info; Part-sale card 'Parts Sale Fees & Discounts' above Financial Info. Permission gate pivoted Settings→Finance → Settings→Service (verified live: Service-user sees+manages F&D & convenience toggle; Finance-only user has no F&D nav item and /administration/adjustment-templates bounces to /workorders). Frontend-only; functionality + calc INTACT. | SV-8479/8480 deconfliction 2026-07-22: card entries reworded from 'signed rate badge' to plain text with bracketed percent + sign rule (item 5). Absorbs dropped new case FD-WO-020. Item-6 disclaimer intentionally left to FD-WO-021 (kept) to avoid duplication. | VIU 2026-07-22 LIVE: card titled 'Work Order Fees & Discounts', lists only whole-WO entries as plain text with bracketed percent — fee 'Customer Fee (10%) +$65.88', discount 'WO Disc (−5%) −$32.94', flat 'Flat Fee 2 +$32.00'/'Flat Fee +$11.00' (name+amount, no brackets); each entry has a ⋮ menu; card renders above Financial Info. Ev: wo/FD-FIN-004-FD-WO-021-card-financialinfo.png, wo/lines-bodytext.txt. | RE-VIU 2026-07-22 LIVE (Batch 4, SV-8456 re-verify): access-check quick-login {admin} HTTP 200. Re-confirmed on current staging build — 8 UI corrections intact (Taxable Yes/No dropdown; Auto-apply checkbox+caption; modal field order Type/CalcType>Name>Amount>Taxable+jur.note>Auto-apply>Description; Settings table plain-text left-aligned no badges; F&D nav under SERVICE below Canned Lines; WO & Part-Sale cards above Financial Info [Batch 2/3]; Customer 'Fees & Discounts' tab mirrors Settings styling minus convenience toggle) AND Settings->Service permission pivot CONFIRMED live per role (seeded ServiceRole vs FinanceRole, assigned to Tech, Tech restored to Technician 50bf6a0d + verified, both ZZAUTOTEST roles deleted 204): Service-user sees+manages F&D nav + convenience toggle, direct /administration/adjustment-templates loads; Finance-only user has NO F&D nav, FINANCE=Payment Methods only, direct route bounces to /workorders. viu_status VIU-Verified re-confirmed. Ev build/fees-discounts/viu-sv8456-2026-07-22/ (01-settings-landing, 02-new-dialog, 03-customer-fd-tab, SVC-*, FIN-*)."
FD-FIN-005,C28468,https://shopview.testrail.io/index.php?/cases/view/28468,Work Order — Sidebar 'Work Order Fee / Discount' card,Verify the sidebar 'Work Order Fees & Discounts' card is hidden with no whole-work-order fees/discounts and has no Add button,Medium,VIU-Verified,No action needed — passed.,"sidebar card present with entries + no Add control (re-observed); hidden-when-none per batch-3 | WORDING+VIU 2026-07-13: Card title corrected to 'WO Fees & Discounts'. | SV-8456 (2026-07-21 staging LIVE VIU): F&D moved to SETTINGS→SERVICE (below Canned Lines); template/WO/Part-sale/customer dialogs now show Taxable as a Yes/No DROPDOWN (was toggle); Auto-apply is a CHECKBOX with a 'When on…' caption; settings & customer tables are plain-text/left-aligned (no badges); WO sidebar card retitled 'Work Order Fees & Discounts' and renders ABOVE Financial Info; Part-sale card 'Parts Sale Fees & Discounts' above Financial Info. Permission gate pivoted Settings→Finance → Settings→Service (verified live: Service-user sees+manages F&D & convenience toggle; Finance-only user has no F&D nav item and /administration/adjustment-templates bounces to /workorders). Frontend-only; functionality + calc INTACT. | RE-VIU 2026-07-22 LIVE (Batch 4, SV-8456 re-verify): access-check quick-login {admin} HTTP 200. Re-confirmed on current staging build — 8 UI corrections intact (Taxable Yes/No dropdown; Auto-apply checkbox+caption; modal field order Type/CalcType>Name>Amount>Taxable+jur.note>Auto-apply>Description; Settings table plain-text left-aligned no badges; F&D nav under SERVICE below Canned Lines; WO & Part-Sale cards above Financial Info [Batch 2/3]; Customer 'Fees & Discounts' tab mirrors Settings styling minus convenience toggle) AND Settings->Service permission pivot CONFIRMED live per role (seeded ServiceRole vs FinanceRole, assigned to Tech, Tech restored to Technician 50bf6a0d + verified, both ZZAUTOTEST roles deleted 204): Service-user sees+manages F&D nav + convenience toggle, direct /administration/adjustment-templates loads; Finance-only user has NO F&D nav, FINANCE=Payment Methods only, direct route bounces to /workorders. viu_status VIU-Verified re-confirmed. Ev build/fees-discounts/viu-sv8456-2026-07-22/ (01-settings-landing, 02-new-dialog, 03-customer-fd-tab, SVC-*, FIN-*)."
FD-HIST-001,C28560,https://shopview.testrail.io/index.php?/cases/view/28560,Audit log,Verify one audit-log entry per add/edit/remove with the correct bold event labels,High,VIU-Verified,No action needed — passed.,"FDBUG-3 CONFIRMED AGAIN: auto-applied adjustments (auto template + auto pfees) write NO history entry (fresh WO: 1 auto adjustment, 0 adjustment events); manual add/edit/remove ARE logged (added=15/updated=1/removed=15 in today's battery) | V1_2 (2026-07-13): history-log gate updated per S13-R10 — WO-level history requires Work Orders: Create and Edit; line-level history requires Work Order Lines: Create and Edit (was View History Logs). Expected/preconditions updated; needs live re-VIU. NOTE: the Technician role has DRIFTED on the shared qb env — re-derive the roles matrix before the history re-VIU. | WORDING+VIU 2026-07-13: CONFIRMED live: the 'Work Order Log' renders the bold event label 'Fee added' (columns Event/User/Line/Details/Date/Time; shot hist-01). Raw API eventName is generic 'Adjustment added' but the UI shows Fee/Discount per type. | V1_3 (2026-07-17): Δ2 terminology sweep — Story 10 renamed 'history log' -> 'audit log' throughout (terminology only; gates/behavior/status unchanged). Generic 'history log / history entry / work-order history' prose replaced with 'audit log / audit-log entry'; the exact build labels 'Audit Log' (⋮ menu) and 'Work Order Log' (page) kept per Standing Rule 9. TestRail section name left as-is (rename not authorized)."
FD-HIST-002,C28561,https://shopview.testrail.io/index.php?/cases/view/28561,Audit log,"Verify the audit-log Details show Name, Amount (the set rate) and what it was applied to",High,VIU-Verified,No action needed — passed.,"FDBUG-11 (details omit 'Type:' line) per batch-1; entry payload captured today (eventType/eventName/user fields); UI detail block not re-driven | V1_2 (2026-07-13): history-log gate updated per S13-R10 — WO-level history requires Work Orders: Create and Edit; line-level history requires Work Order Lines: Create and Edit (was View History Logs). Expected/preconditions updated; needs live re-VIU. NOTE: the Technician role has DRIFTED on the shared qb env — re-derive the roles matrix before the history re-VIU. | WORDING+VIU 2026-07-13: CONFIRMED live: the Details column shows 'Name: <name>  Amount: <set rate>  Applied to: <target>' (shot hist-01; a flat fee showed 'Amount: $50,000,000.00' = the set rate). | V1_3 (2026-07-17): Δ2 terminology sweep — Story 10 renamed 'history log' -> 'audit log' throughout (terminology only; gates/behavior/status unchanged). Generic 'history log / history entry / work-order history' prose replaced with 'audit log / audit-log entry'; the exact build labels 'Audit Log' (⋮ menu) and 'Work Order Log' (page) kept per Standing Rule 9. TestRail section name left as-is (rename not authorized)."
FD-HIST-003,C28562,https://shopview.testrail.io/index.php?/cases/view/28562,Audit log,Verify the Line column and saved-state icon on a fee/discount audit-log entry,Medium,VIU-Verified,No action needed — passed.,"adjustment entries carry lineId=null -> Line column '−'; saved-state icon empty per batch | V1_2 (2026-07-13): history-log gate updated per S13-R10 — WO-level history requires Work Orders: Create and Edit; line-level history requires Work Order Lines: Create and Edit (was View History Logs). Expected/preconditions updated; needs live re-VIU. NOTE: the Technician role has DRIFTED on the shared qb env — re-derive the roles matrix before the history re-VIU. | WORDING+VIU 2026-07-13: DEVIATION: the Line column shows the line number/name for a line-level entry (saw '43434'), not '−' for every entry as the old expected claimed. Confirmed live (shot hist-01). | V1_3 (2026-07-17): Δ2 terminology sweep — Story 10 renamed 'history log' -> 'audit log' throughout (terminology only; gates/behavior/status unchanged). Generic 'history log / history entry / work-order history' prose replaced with 'audit log / audit-log entry'; the exact build labels 'Audit Log' (⋮ menu) and 'Work Order Log' (page) kept per Standing Rule 9. TestRail section name left as-is (rename not authorized)."
FD-HIST-005,C28564,https://shopview.testrail.io/index.php?/cases/view/28564,Audit log — visibility,Verify fee/discount audit-log entries stay visible when amounts are hidden by See Financial Data being off,Medium,VIU-Verified,No action needed — passed.,"tech (no SFD): history GET 200 incl. F&D entries with SET rate — history independent of SFD | V1_2 (2026-07-13): history-log gate updated per S13-R10 — WO-level history requires Work Orders: Create and Edit; line-level history requires Work Order Lines: Create and Edit (was View History Logs). Expected/preconditions updated; needs live re-VIU. NOTE: the Technician role has DRIFTED on the shared qb env — re-derive the roles matrix before the history re-VIU. | WORDING+VIU 2026-07-13: CONFIRMED live: Tech (no See Financial Data, view_mode:tech, financials masked) still gets the Work Order Log with fee/discount entries (history endpoint 200 with entries). The log shows the SET rate, so SFD does not gate it. | V1_3 (2026-07-17): Δ2 terminology sweep — Story 10 renamed 'history log' -> 'audit log' throughout (terminology only; gates/behavior/status unchanged). Generic 'history log / history entry / work-order history' prose replaced with 'audit log / audit-log entry'; the exact build labels 'Audit Log' (⋮ menu) and 'Work Order Log' (page) kept per Standing Rule 9. TestRail section name left as-is (rename not authorized)."
FD-HIST-006,C28565,https://shopview.testrail.io/index.php?/cases/view/28565,Audit log — permission,Verify fee/discount audit-log entries are gated by Work Orders: Create and Edit (line audit log by Work Order Lines: Create and Edit),High,VIU-Verified,No action needed — passed.,"View History Logs is an FE display gate (tech got 200 + 56 adjustment entries); documented enforcement model | V1_2 (2026-07-13): history-log gate updated per S13-R10 — WO-level history requires Work Orders: Create and Edit; line-level history requires Work Order Lines: Create and Edit (was View History Logs). Expected/preconditions updated; needs live re-VIU. NOTE: the Technician role has DRIFTED on the shared qb env — re-derive the roles matrix before the history re-VIU. | WORDING+VIU 2026-07-13: Positive confirmed live (Tech has Work Orders/Work Order Lines: Create & Edit → sees the log, 200). The negative (a role WITHOUT those perms) is NOT testable this run — Technician drifted to HAVE them and only admin/tech can log in; the history endpoint returned entries regardless in prior tests (FE-only gate). | V1_3 (2026-07-17): Δ2 terminology sweep — Story 10 renamed 'history log' -> 'audit log' throughout (terminology only; gates/behavior/status unchanged). Generic 'history log / history entry / work-order history' prose replaced with 'audit log / audit-log entry'; the exact build labels 'Audit Log' (⋮ menu) and 'Work Order Log' (page) kept per Standing Rule 9. TestRail section name left as-is (rename not authorized)."
FD-HIST-007,C28566,https://shopview.testrail.io/index.php?/cases/view/28566,Audit log — Processing Fee,"Verify a Processing Fee is logged as a fee applied to the full invoice, with no 'updated' entry",Medium,VIU-Verified,No action needed — passed.,extends FDBUG-3: auto-added pfee NOT logged on add; REMOVAL logged; no 'updated' entries (manual base fee logged correctly) | V1_2 (2026-07-13): history-log gate updated per S13-R10 — WO-level history requires Work Orders: Create and Edit; line-level history requires Work Order Lines: Create and Edit (was View History Logs). Expected/preconditions updated; needs live re-VIU. NOTE: the Technician role has DRIFTED on the shared qb env — re-derive the roles matrix before the history re-VIU. | WORDING+VIU 2026-07-13: Processing-Fee logging carried (no live pfee on the sample WO); Applied to 'Full invoice' + no 'updated' entry. | V1_3 (2026-07-17): Δ2 — Story 10 renamed 'history log' -> 'audit log' (terminology only; gates/behavior/status unchanged). Notes-only touch: the reader-facing text of this case already uses the exact build labels ('Audit Log' ⋮ menu / 'Work Order Log' page) and carries no generic history-log prose. The internal `area`/section name is left as-is (TestRail section rename not authorized).
FD-HIST-008,C28567,https://shopview.testrail.io/index.php?/cases/view/28567,Audit log — edit entry,Verify an edit that changes the rate records the new set rate (not the resolved total),Low,VIU-Verified,No action needed — passed.,"work_order.adjustment.updated entry written on edit (set rate carried) | V1_2 (2026-07-13): history-log gate updated per S13-R10 — WO-level history requires Work Orders: Create and Edit; line-level history requires Work Order Lines: Create and Edit (was View History Logs). Expected/preconditions updated; needs live re-VIU. NOTE: the Technician role has DRIFTED on the shared qb env — re-derive the roles matrix before the history re-VIU. | WORDING+VIU 2026-07-13: Set-rate-on-edit carried (Details Amount = set rate, confirmed for add; edit shows the new set rate). | V1_3 (2026-07-17): Δ2 — Story 10 renamed 'history log' -> 'audit log' (terminology only; gates/behavior/status unchanged). Notes-only touch: the reader-facing text of this case already uses the exact build labels ('Audit Log' ⋮ menu / 'Work Order Log' page) and carries no generic history-log prose. The internal `area`/section name is left as-is (TestRail section rename not authorized)."
FD-INLINE-001,C28454,https://shopview.testrail.io/index.php?/cases/view/28454,Work Order — Inline display (Lines tab),Verify a labor-line fee/discount shows inline under its line as plain text with a blank left label (no colored badge),High,VIU-Verified,No action needed — passed.,"batch UI evidence stands; today's headless text capture did not surface inline rows (grid render timing) — API line adjustment placement re-proven (adjustments under lines/{wo}) | WORDING+VIU 2026-07-13: Inline row labelled 'Fees/Discounts' with ↳, name, rate badge, grey amount confirmed live (shot fin-03). | SV-8479/8480 deconfliction 2026-07-22: reworded to blank left label + plain-text/no-badge with the −X%/X% sign rule (items 3 & 4). Absorbs dropped new case FD-WO-019 (labor half). | LIVE STAGING VIU 2026-07-22 (viu-sv8479-8480-2026-07-22/): sign convention RE-VERIFIED live on the Lines tab — a percentage labor FEE renders as a BARE '20%' (no sign) in plain grey text (HTML span text-grey-7, no colored badge/pill); a percentage DISCOUNT renders '−10%' (en-dash minus); resolved amount is signed on the right ('+$58.00' / '−$4.00'); '↳' arrow, blank left label. Wording accurate — no change. Ev: 018/019-lines-expanded-full.png. | VIU 2026-07-22 LIVE re-confirmed: '↳ Labor Fee 20%' (fee bare %, blank left label, plain text, no badge) '+$101.98'; '↳ Labor Disc −10% −$50.99' (discount minus). Ev: wo/inline-expanded-text.txt, wo/inline-expanded.png."
FD-INLINE-002,C28455,https://shopview.testrail.io/index.php?/cases/view/28455,Work Order — Inline display (Lines tab),Verify a part-line fee/discount shows inline under its part as plain text (no colored badge),High,VIU-Verified,No action needed — passed.,"as FD-INLINE-001; part-line adjustment lives under the part in lines payload (re-proven) | WORDING+VIU 2026-07-13: Inline part-line row confirmed live (↳ yiy [badge] +amount ⋮, shot wo-01/fin-03). | SV-8479/8480 deconfliction 2026-07-22: reworded to plain-text/no-badge with the −X%/X% sign rule (item 4). Absorbs dropped new case FD-WO-019 (part half). | LIVE STAGING VIU 2026-07-22: part-line sign convention RE-VERIFIED live — a percentage part FEE renders bare '11%' (no sign) plain grey text (no badge); a percentage part DISCOUNT renders '−10%' (en-dash minus); resolved signed '+$4.40' / '−$4.00'. Wording accurate — no change. Ev: 018/019-lines-expanded-full.png. | VIU 2026-07-22 LIVE re-confirmed: '↳ Part Fee 11% +$4.40' plain text, no badge. Ev: wo/inline-expanded-text.txt."
FD-INLINE-004,C28457,https://shopview.testrail.io/index.php?/cases/view/28457,Work Order — Inline display (Lines tab),"Verify the collapsed line Total adds the line's own fees and discounts (Labor + Parts + line fee/discount amounts, signed) — display only",Medium,VIU-Verified,No action needed — passed.,"batch evidence stands (Total column incl own adjustments); not re-driven | WORDING+VIU 2026-07-13: Per-line Total stacks base + each adjustment; display-only. Labels cleaned. | SV-8480 (Story SV-8279, Done) 2026-07-22: strengthened to the explicit S3-R18 formula + $322.20 worked example + no-fee-line-unchanged sub-check. Kept inline-display scoped; the calc/document/flag-off ACs are owned by the new SV-8480 FD-CALC cases. viu_status unchanged (VIU-Verified) — re-observe at VIU. | LIVE STAGING VIU 2026-07-22 (viu-sv8479-8480-2026-07-22/): RE-CONFIRMED live — the collapsed line Total on the Lines tab adds the line's own SIGNED fee/discount amounts on top of gross Labor + Parts: $392.40 with a labor fee +20% ($58.00) + part fee +11% ($4.40) on a $290 labor / $40 parts line; $330.00 gross when the line has no fees; display-only, no stored value changes. Ev: 018-lines-collapsed-full.png, 020-lines-nofee-line.png, api-FD-CALC-018-024-total_cost-392.40.json."
FD-INLINE-005,C28458,https://shopview.testrail.io/index.php?/cases/view/28458,Work Order — Inline display (Lines tab),Verify each inline fee/discount row has a ⋮ menu with Edit and Remove (when the work order is open and you have the matching Create and Edit permission),Medium,VIU-Verified,No action needed — passed.,3-dot Edit|Remove menu on adjustment entries re-observed (card menu 'Edit | Remove') | WORDING+VIU 2026-07-13: Inline line ⋮ menu shows 'Edit' and 'Remove' (was 'Edit'/'Delete') — confirmed live (shot inline-01).
FD-LABOR-001,C28439,https://shopview.testrail.io/index.php?/cases/view/28439,Work Order — Labor-line Fee/Discount,Verify a labor line's fee/discount dialog opens locked to that line with title 'New Labor Fee / Discount',Critical,VIU-Verified,No action needed — passed.,"label drift (subtitle 'Applying to: {line}' without 'Line {N} Labor —' prefix) per batch-1; not re-driven today | WORDING+VIU 2026-07-13: Menu item is 'Add Fee/Discount'; dialog subtitle 'Applying to: <line name>' (no 'Line N Labor —' prefix) — matches build. Labor-line ⋮ menu not re-captured this run; confirmed by symmetry with the part-line flow (⋮ = 'Move' / 'Add Fee/Discount', dialog 'Applying to: <name>') + prior 2026-07-10 VIU. | SV-8479/8480 deconfliction 2026-07-22: title reworded 'Add new fee/discount' -> 'New Labor Fee / Discount', subline 'Applying to: <line>' -> 'Applying To: Line N Labor — <name>' (item 8); entry point = ⋮ left of technician + 'Add Labor Fee / Discount' (item 1). Absorbs dropped new case FD-WO-023. | VIU 2026-07-22 LIVE: labor dialog title 'New Labor Fee / Discount', subline 'Applying To: Line 1 Labor — ZZAUTOTEST 8480 line', scope locked. Ev: wo/FD-LABOR-001-labor-dialog.png, wo/labor-dialog-text.txt."
FD-LABOR-002,C28440,https://shopview.testrail.io/index.php?/cases/view/28440,Work Order — Labor-line Fee/Discount,Verify a labor-line '% of Labor Total' fee works out against the line's labor price (10% of $150.00 → +$15.00),High,VIU-Verified,No action needed — passed.,"pct_labor resolves against the line's LABOR total: on a 0-labor (parts-only) line 10% -> $0.00 (correct base); $265-line evidence from batch-1 stands | WORDING+VIU 2026-07-13: Build labels; Calc default '% Of Labor Total' for labor scope. Labor-line ⋮ menu not re-captured this run; confirmed by symmetry with the part-line flow (⋮ = 'Move' / 'Add Fee/Discount', dialog 'Applying to: <name>') + prior 2026-07-10 VIU. | SV-8479/8480 deconfliction 2026-07-22: label sweep: navigation labels -> 'Add Labor Fee / Discount' / 'New Labor Fee / Discount' (behavior/expected unchanged). | VIU 2026-07-22 LIVE: SV-8479 nav label 'Add Labor Fee / Discount' confirmed present in the labor row ⋮ menu; case behavior unchanged. Ev: wo/FD-WO-017-labor-menu-open.png."
FD-LABOR-004,C28442,https://shopview.testrail.io/index.php?/cases/view/28442,Work Order — Labor-line Fee/Discount,Verify a labor-line flat amount is the exact amount with no quantity multiplier,Medium,VIU-Verified,No action needed — passed.,"labor-line flat 9.99 -> resolved 9.99 exactly, no quantity multiplier | WORDING+VIU 2026-07-13: Build labels; flat labor resolve carried. | SV-8479/8480 deconfliction 2026-07-22: label sweep: navigation labels -> 'Add Labor Fee / Discount' / 'New Labor Fee / Discount' (behavior/expected unchanged). | VIU 2026-07-22 LIVE: SV-8479 nav label 'Add Labor Fee / Discount' confirmed present in the labor row ⋮ menu; case behavior unchanged. Ev: wo/FD-WO-017-labor-menu-open.png."
FD-LABOR-005,C28443,https://shopview.testrail.io/index.php?/cases/view/28443,Work Order — Labor-line Fee/Discount,Verify a labor-line fee/discount works out to $0.00 when its line is not billable (declined),Medium,VIU-Verified,No action needed — passed.,prior decline->$0 evidence stands; today's decline flip blocked ('Can`t change status while there are staged parts' on S-15895's completed line; no fresh WO possible — line-create 500) | WORDING+VIU 2026-07-13: Declined-line $0 carried.
FD-LABOR-006,C28444,https://shopview.testrail.io/index.php?/cases/view/28444,Work Order — Labor-line Fee/Discount,Verify deleting a labor line removes any fee/discount pointing to it,Medium,VIU-Verified,No action needed — passed.,"prior (line delete removes its adjustment); not re-seedable today (line-create 500 env-wide) | WORDING+VIU 2026-07-13: Delete-line cascades; carried; build labels. | SV-8456 (2026-07-21 staging LIVE VIU): F&D moved to SETTINGS→SERVICE (below Canned Lines); template/WO/Part-sale/customer dialogs now show Taxable as a Yes/No DROPDOWN (was toggle); Auto-apply is a CHECKBOX with a 'When on…' caption; settings & customer tables are plain-text/left-aligned (no badges); WO sidebar card retitled 'Work Order Fees & Discounts' and renders ABOVE Financial Info; Part-sale card 'Parts Sale Fees & Discounts' above Financial Info. Permission gate pivoted Settings→Finance → Settings→Service (verified live: Service-user sees+manages F&D & convenience toggle; Finance-only user has no F&D nav item and /administration/adjustment-templates bounces to /workorders). Frontend-only; functionality + calc INTACT. | RE-VIU 2026-07-22 LIVE (Batch 4, SV-8456 re-verify): access-check quick-login {admin} HTTP 200. Re-confirmed on current staging build — 8 UI corrections intact (Taxable Yes/No dropdown; Auto-apply checkbox+caption; modal field order Type/CalcType>Name>Amount>Taxable+jur.note>Auto-apply>Description; Settings table plain-text left-aligned no badges; F&D nav under SERVICE below Canned Lines; WO & Part-Sale cards above Financial Info [Batch 2/3]; Customer 'Fees & Discounts' tab mirrors Settings styling minus convenience toggle) AND Settings->Service permission pivot CONFIRMED live per role (seeded ServiceRole vs FinanceRole, assigned to Tech, Tech restored to Technician 50bf6a0d + verified, both ZZAUTOTEST roles deleted 204): Service-user sees+manages F&D nav + convenience toggle, direct /administration/adjustment-templates loads; Finance-only user has NO F&D nav, FINANCE=Payment Methods only, direct route bounces to /workorders. viu_status VIU-Verified re-confirmed. Ev build/fees-discounts/viu-sv8456-2026-07-22/ (01-settings-landing, 02-new-dialog, 03-customer-fd-tab, SVC-*, FIN-*)."
FD-LABOR-007,C28445,https://shopview.testrail.io/index.php?/cases/view/28445,Work Order — Labor-line Fee/Discount,Verify the labor-line 'Add Labor Fee / Discount' is hidden without Work Order Lines: Create & Edit,Medium,VIU-Verified,No action needed — passed.,FE gate per roles-matrix derivation; CAVEAT: shared-env Technician role drifted (now has more perms) — re-derive matrix before relying on per-role negatives | WORDING+VIU 2026-07-13: Line-add gated by Work Order Lines: Create & Edit. NOTE: re-check the negative after the roles matrix is re-derived. | SV-8479/8480 deconfliction 2026-07-22: label updated 'Add Fee/Discount' -> 'Add Labor Fee / Discount' + entry-point wording (item 1); permission behavior unchanged. | VIU 2026-07-22 LIVE: menu label 'Add Labor Fee / Discount' confirmed present; permission-negative behavior (hidden without Work Order Lines: Create & Edit) unchanged from prior verification — role-negative not re-driven this UI batch.
FD-PART-001,C28446,https://shopview.testrail.io/index.php?/cases/view/28446,Work Order / Parts — Part-line Fee/Discount,Verify a part's fee/discount dialog opens locked to that part with title 'New Part Fee / Discount',Critical,VIU-Verified,No action needed — passed.,"FDBUG-14 label defects (missing 'Line {N} Part —' prefix, raw enum 'Pct_parts', part-% option mislabeled '% of Labor Total') per batch-4; part dialog not re-driven today | WORDING+VIU 2026-07-13: CONFIRMED live: part ⋮ = 'Move' / 'Add Fee/Discount'; dialog 'Add new fee/discount' with subtitle 'Applying to: <part name>' (NO 'Line N Part —' prefix — build differs from the old spec text); Calc default '% Of Parts Total' (shots line-01/02). Now build-accurate. | SV-8479/8480 deconfliction 2026-07-22: menu item 'Add Fee/Discount' -> 'Add Part Fee / Discount' (item 2); title 'Add new fee/discount' -> 'New Part Fee / Discount', subline 'Applying to: <part>' -> 'Applying To: Line N Part — <name>' (item 9). Absorbs dropped new case FD-WO-024. | VIU 2026-07-22 LIVE: part menu label 'Add Part Fee / Discount' + dialog title 'New Part Fee / Discount', subline 'Applying To: Line 1 Part — Turbocharger Oil', default Calculation Type '% Of Parts Total'. Ev: wo/FD-PART-001-part-dialog.png, wo/part-dialog-text.txt."
FD-PART-002,C28447,https://shopview.testrail.io/index.php?/cases/view/28447,Work Order / Parts — Part-line Fee/Discount,Verify a part-line flat amount is charged per item (amount x quantity): $5.00 x 3 → −$15.00,Critical,VIU-Verified,No action needed — passed.,"per-item flat re-proven: $2.00 x qty 4 -> $8.00 on S-15895's received part (estimate row 'ZZAUTOTEST PartFlat $8.00') | WORDING+VIU 2026-07-13: Per-item flat carried; build labels. | SV-8479/8480 deconfliction 2026-07-22: inline part-row rendering reworded from '−$5.00 flat rate badge' to plain text (item 4); per-item flat calc unchanged. | VIU 2026-07-22 LIVE: inline part fee renders plain text ('Part Fee 11% +$4.40'), no colored badge; per-item flat calc unchanged (verified prior passes). Ev: wo/inline-expanded-text.txt."
FD-PART-003,C28448,https://shopview.testrail.io/index.php?/cases/view/28448,Work Order / Parts — Part-line Fee/Discount,Verify a fee/discount can be added to a requested (not-yet-received) part and shows before it is picked,High,VIU-Verified,No action needed — passed.,"prior batch-4 requested-state evidence stands; not re-seedable today (make-request -> 400 'Part requests can`t be modified on completed line', line-create 500) | WORDING+VIU 2026-07-13: Add-to-requested-part carried; build labels. | SV-8479/8480 deconfliction 2026-07-22: label sweep: navigation labels -> 'Add Part Fee / Discount' / 'New Part Fee / Discount' (behavior/expected unchanged). | VIU 2026-07-22 LIVE: SV-8479 nav label 'Add Part Fee / Discount' confirmed present in the part row ⋮ menu; case behavior unchanged. Ev: wo/FD-WO-018-part-menu.png."
FD-PART-004,C28449,https://shopview.testrail.io/index.php?/cases/view/28449,Work Order / Parts — Part-line Fee/Discount,Verify a part-line '% of Parts Total' works out against quantity x sell price,High,VIU-Verified,No action needed — passed.,pct_parts re-proven: 10% of qty4 x 42.69 = 170.76 -> $17.08 | WORDING+VIU 2026-07-13: %-of-parts base carried; build labels. | SV-8479/8480 deconfliction 2026-07-22: label sweep: navigation labels -> 'Add Part Fee / Discount' / 'New Part Fee / Discount' (behavior/expected unchanged). | VIU 2026-07-22 LIVE: SV-8479 nav label 'Add Part Fee / Discount' confirmed present in the part row ⋮ menu; case behavior unchanged. Ev: wo/FD-WO-018-part-menu.png.
FD-PART-006,C28451,https://shopview.testrail.io/index.php?/cases/view/28451,Work Order / Parts — Part-line Fee/Discount,Verify a part-line fee/discount works out to $0.00 when the part is declined or returned with no quantity left,Medium,VIU-Verified,No action needed — passed.,prior decline->$0 (batch-4) stands; decline flip blocked today (staged-parts lock) | WORDING+VIU 2026-07-13: Declined/returned part $0 carried.
FD-PART-007,C28452,https://shopview.testrail.io/index.php?/cases/view/28452,Work Order / Parts — Part-line Fee/Discount,Verify deleting a part removes any fee/discount pointing to it,Medium,VIU-Verified,No action needed — passed.,prior delete-cascade (batch-4) stands; not re-seedable today | WORDING+VIU 2026-07-13: Delete-part cascades; carried; build labels.
FD-PART-008,C28453,https://shopview.testrail.io/index.php?/cases/view/28453,Work Order / Parts — Part-line Fee/Discount,Verify the per-item flat amount edge: quantity 1 is the base amount (−$5.00),Medium,VIU-Verified,No action needed — passed.,qty-1 flat = base amount (batch); per-item semantics re-proven today at qty 4 | WORDING+VIU 2026-07-13: Per-item edge carried; build labels.
FD-PCOL-001,C28469,https://shopview.testrail.io/index.php?/cases/view/28469,Parts page — 'FEES & DISCOUNTS' column,Verify the Parts page 'Fees & Discounts' column shows a single fee/discount's name and rate,High,VIU-Verified,No action needed — passed.,RE-CHECKED TODAY on a freshly created part sale (P3-127): NO 'Fees & Discounts' column on the part-sale page; API add against a part-sale id -> 400 needs-target (no part-sale adjustment surface). Story 11 still NOT BUILT (shot 12-part-sale) | WORDING+VIU 2026-07-13:  NOT BUILT: Story 11 (Part Sales fees/discounts) has not shipped — the Parts page has no 'Fees & Discounts' column and there is no part-sale F&D surface. Wording made build-accurate/layman for when it ships; status stays Blocked-NotBuilt. | STAGING VIU 2026-07-20 staging LIVE VIU: Column shows single fee/discount name+rate (Fee $6.00 / Discount -11%). Live staging (ps-scrolled).
FD-PCOL-002,C28470,https://shopview.testrail.io/index.php?/cases/view/28470,Parts page — 'FEES & DISCOUNTS' column,Verify the parts-sale 'Fees & Discounts' column shows values as plain text with a '+N' overflow count (no colored badge),High,VIU-Verified,No action needed — passed.,"Story 11 surface absent (re-checked today) | WORDING+VIU 2026-07-13:  NOT BUILT: Story 11 (Part Sales fees/discounts) has not shipped — the Parts page has no 'Fees & Discounts' column and there is no part-sale F&D surface. Wording made build-accurate/layman for when it ships; status stays Blocked-NotBuilt. | STAGING VIU 2026-07-20 staging LIVE VIU: +N badge on multi-fee part (Fee $6.00 +1). Live staging (psB4-badge.png). | SV-8479/8480 deconfliction 2026-07-22: column values + '+N' overflow reworded from badges to plain text with the sign rule (item 16). Absorbs dropped new case FD-PSALE-005. (FD-PCOL-001 already plain text — no change.) | SV-8479 Batch-3 STAGING LIVE VIU 2026-07-22 (part-sale surface): seeded ZZAUTOTEST part sale P3-1118 (2 fee-less rows + NEXUS 2-adj) + whole-sale percent/flat/discount; observed live as admin (Part Sales C&E + SFD). Evidence build/fees-discounts/viu-sv8479-8480-2026-07-22/psale/. Live: NEXUS cell = 'Part Fee 11% +1' plain text, no badge, fee no sign."
FD-PCOL-004,C28472,https://shopview.testrail.io/index.php?/cases/view/28472,Parts page — breakdown modal,Verify clicking a filled 'Fees & Discounts' cell opens the per-part breakdown with the right columns,High,VIU-Verified,No action needed — passed.,Story 11 surface absent (re-checked today) | WORDING+VIU 2026-07-13:  NOT BUILT: Story 11 (Part Sales fees/discounts) has not shipped — the Parts page has no 'Fees & Discounts' column and there is no part-sale F&D surface. Wording made build-accurate/layman for when it ships; status stays Blocked-NotBuilt. | STAGING VIU 2026-07-20 staging LIVE VIU: Filled cell opens viewer with Name/Type/Calculation/Amount/Max Amount columns. Live staging (psC-viewer2rows.png).
FD-PCOL-005,C28473,https://shopview.testrail.io/index.php?/cases/view/28473,Parts page — breakdown modal,Verify the breakdown 'Net adjustment' row equals the signed sum of the part's fees/discounts,Medium,VIU-Verified,No action needed — passed.,Story 11 surface absent (re-checked today) | WORDING+VIU 2026-07-13:  NOT BUILT: Story 11 (Part Sales fees/discounts) has not shipped — the Parts page has no 'Fees & Discounts' column and there is no part-sale F&D surface. Wording made build-accurate/layman for when it ships; status stays Blocked-NotBuilt. | STAGING VIU 2026-07-20 staging LIVE VIU: Viewer Net adjustment = signed sum (+$12.00 + $2.00 = +$14.00). Live staging (psC-viewer2rows.png).
FD-PCOL-006,C28474,https://shopview.testrail.io/index.php?/cases/view/28474,Parts page — breakdown modal,Verify a per-row Remove on the breakdown removes the fee/discount and the cell returns to its empty state (no '+ Add' button),High,VIU-Verified,No action needed — passed.,"Story 11 surface absent (re-checked today) | WORDING+VIU 2026-07-13:  NOT BUILT: Story 11 (Part Sales fees/discounts) has not shipped — the Parts page has no 'Fees & Discounts' column and there is no part-sale F&D surface. Wording made build-accurate/layman for when it ships; status stays Blocked-NotBuilt. | STAGING VIU 2026-07-20 staging LIVE VIU: Per-row Remove -> confirm Remove Fee / Discount -> row removed. Live staging (psE-confirm/afterremove). | SV-8479/8480 deconfliction 2026-07-22: empty-state reworded: the removed '+ Add' button is gone; add via the per-row ⋮ (item 13). | SV-8479 Batch-3 STAGING LIVE VIU 2026-07-22 (part-sale surface): seeded ZZAUTOTEST part sale P3-1118 (2 fee-less rows + NEXUS 2-adj) + whole-sale percent/flat/discount; observed live as admin (Part Sales C&E + SFD). Evidence build/fees-discounts/viu-sv8479-8480-2026-07-22/psale/. Live: breakdown viewer per-row delete -> confirm 'Remove Fee / Discount' -> removed -> empty state, no '+ Add'."
FD-PERM-001,C28585,https://shopview.testrail.io/index.php?/cases/view/28585,Permissions (Story 13),"Verify See Financial Data controls all fee/discount dollar amounts (without it, amounts are hidden)",High,VIU-Verified,No action needed — passed.,"tech (no SFD): WO view masks all money (sub_total/total '0.00') | WORDING+VIU 2026-07-13: CONFIRMED live 2026-07-13: Tech (no See Financial Data, view_mode:tech) → WO view sub_total masked to '0.00' (amounts hidden)."
FD-PERM-003,C28587,https://shopview.testrail.io/index.php?/cases/view/28587,Permissions (Story 13),Verify labor-line and part-line add/edit/remove requires Work Order Lines: Create and Edit,High,VIU-Verified,No action needed — passed.,positive half fresh (tech WITH lines-C&E: line add 201/remove 204); negative half via roles-matrix FE derivation (role-drift caveat) | WORDING+VIU 2026-07-13: Positive: Tech HAS Work Order Lines: Create & Edit. Negative not testable (Tech drifted to have it). Line-level gate carried from prior derivation.
FD-PERM-004,C28588,https://shopview.testrail.io/index.php?/cases/view/28588,Permissions (Story 13),Verify part-sale add/edit/remove requires Part Sales: Create and Edit plus See Financial Data,High,VIU-Verified,No action needed — passed.,Part Sales adjustment surface absent (Story 11 re-checked today) | WORDING+VIU 2026-07-13: NOT BUILT: Story 11 Part Sales fees/discounts not shipped; cannot test the Part Sales permission gate. | STAGING VIU 2026-07-20 staging LIVE VIU: Admin (Part Sales C&E + SFD) can add/edit/remove part-sale F&D; Tech (no Part Sales perms) has Parts nav hidden entirely. Live staging.
FD-PERM-005,C28589,https://shopview.testrail.io/index.php?/cases/view/28589,Permissions (Story 13),Verify any add/edit/remove of a fee/discount also needs See Financial Data on,High,VIU-Verified,No action needed — passed.,"SFD prerequisite: controls live on SFD-masked surfaces (tech masked view re-confirmed) | WORDING+VIU 2026-07-13: See-Financial-Data masking confirmed live (Tech financials masked). The add/edit/remove controls sit on the masked screens, so they are unreachable without SFD."
FD-PERM-006,C28590,https://shopview.testrail.io/index.php?/cases/view/28590,Permissions (Story 13),"Verify removing a fee/discount uses Create and Edit, not the separate Delete permission",High,VIU-Verified,No action needed — passed.,removal uses the same Create&Edit gate (tech remove 204; no Delete-perm dependency) | WORDING+VIU 2026-07-13: Remove via Create & Edit (not a separate Delete) carried.
FD-PERM-007,C28591,https://shopview.testrail.io/index.php?/cases/view/28591,Permissions (Story 13),Verify create/edit/delete of a fee/discount template needs Settings → Service,High,VIU-Verified,No action needed — passed.,"templates admin BE-enforced: tech GET/POST 403 | WORDING+VIU 2026-07-13: CONFIRMED live: Tech (no Settings → Finance) → GET templates 403 'Access denied.' | SV-8456 (2026-07-21 staging LIVE VIU): F&D moved to SETTINGS→SERVICE (below Canned Lines); template/WO/Part-sale/customer dialogs now show Taxable as a Yes/No DROPDOWN (was toggle); Auto-apply is a CHECKBOX with a 'When on…' caption; settings & customer tables are plain-text/left-aligned (no badges); WO sidebar card retitled 'Work Order Fees & Discounts' and renders ABOVE Financial Info; Part-sale card 'Parts Sale Fees & Discounts' above Financial Info. Permission gate pivoted Settings→Finance → Settings→Service (verified live: Service-user sees+manages F&D & convenience toggle; Finance-only user has no F&D nav item and /administration/adjustment-templates bounces to /workorders). Frontend-only; functionality + calc INTACT. | RE-VIU 2026-07-22 LIVE (Batch 4, SV-8456 re-verify): access-check quick-login {admin} HTTP 200. Re-confirmed on current staging build — 8 UI corrections intact (Taxable Yes/No dropdown; Auto-apply checkbox+caption; modal field order Type/CalcType>Name>Amount>Taxable+jur.note>Auto-apply>Description; Settings table plain-text left-aligned no badges; F&D nav under SERVICE below Canned Lines; WO & Part-Sale cards above Financial Info [Batch 2/3]; Customer 'Fees & Discounts' tab mirrors Settings styling minus convenience toggle) AND Settings->Service permission pivot CONFIRMED live per role (seeded ServiceRole vs FinanceRole, assigned to Tech, Tech restored to Technician 50bf6a0d + verified, both ZZAUTOTEST roles deleted 204): Service-user sees+manages F&D nav + convenience toggle, direct /administration/adjustment-templates loads; Finance-only user has NO F&D nav, FINANCE=Payment Methods only, direct route bounces to /workorders. viu_status VIU-Verified re-confirmed. Ev build/fees-discounts/viu-sv8456-2026-07-22/ (01-settings-landing, 02-new-dialog, 03-customer-fd-tab, SVC-*, FIN-*)."
FD-PERM-008,C28592,https://shopview.testrail.io/index.php?/cases/view/28592,Permissions (Story 13),Verify viewing/changing a customer's default fees & discounts needs BOTH Customer Management: Create and Edit AND Manage Accounts Payable and Receivable,High,VIU-Verified,No action needed — passed.,"customer defaults BE-enforced: tech GET 403 + POST 403 | WORDING+VIU 2026-07-13: CONFIRMED live: Tech (no Manage AP/AR, no Customer Mgmt C&E) → customer default-adjustments GET 403 AND POST 403 'Access denied.'"
FD-PERM-009,C28593,https://shopview.testrail.io/index.php?/cases/view/28593,Permissions (Story 13),Verify seeing fee/discount entries in the work-order audit log needs Work Orders: Create and Edit (line audit log needs Work Order Lines: Create and Edit),Medium,VIU-Verified,No action needed — passed.,history entries: BE serves them regardless (tech 200) — FE display gate per enforcement model; entries carry set rate | V1_2 (2026-07-13): history-log gate updated per S13-R10 — WO-level history requires Work Orders: Create and Edit; line-level history requires Work Order Lines: Create and Edit (was View History Logs). Expected/preconditions updated; needs live re-VIU. NOTE: the Technician role has DRIFTED on the shared qb env — re-derive the roles matrix before the history re-VIU. | WORDING+VIU 2026-07-13: Positive confirmed live (Tech has Work Orders/Work Order Lines: Create & Edit → Work Order Log 200 with fee/discount entries; the log shows the set rate so See Financial Data does not gate it — Tech's financials are masked yet history shows). The no-permission negative is NOT testable this run (Tech drifted to have the perms; only admin/tech log in). | V1_3 (2026-07-17): Δ2 terminology sweep — Story 10 renamed 'history log' -> 'audit log' throughout (terminology only; gates/behavior/status unchanged). Generic 'history log / history entry / work-order history' prose replaced with 'audit log / audit-log entry'; the exact build labels 'Audit Log' (⋮ menu) and 'Work Order Log' (page) kept per Standing Rule 9. TestRail section name left as-is (rename not authorized).
FD-PERM-010,C28594,https://shopview.testrail.io/index.php?/cases/view/28594,Permissions (Story 13),Verify both are required — the Fees & Discounts feature on AND the matching permission,High,VIU-Verified,No action needed — passed.,flag ON + permission still required (tech 403 on templates/defaults with flag ON) | WORDING+VIU 2026-07-13: Permission gating confirmed live (templates/customer-defaults 403; SFD masking). Feature is ON. Both-gates model holds. | V1_3 (2026-07-17): Δ2 terminology sweep — Story 10 renamed 'history log' -> 'audit log' throughout (terminology only; gates/behavior/status unchanged). Generic 'history log / history entry / work-order history' prose replaced with 'audit log / audit-log entry'; the exact build labels 'Audit Log' (⋮ menu) and 'Work Order Log' (page) kept per Standing Rule 9. TestRail section name left as-is (rename not authorized).
FD-PERM-011,C28595,https://shopview.testrail.io/index.php?/cases/view/28595,Permissions (Story 13),Verify add/edit/remove is blocked when the work order is Invoiced/Paid or you are viewing history,Medium,VIU-Verified,No action needed — passed.,Invoiced WO: add 409 + edit 409 (BE-enforced lock) | WORDING+VIU 2026-07-13: Invoiced/Paid block is back-end enforced (409) — established; carried. | SV-8479/8480 deconfliction 2026-07-22: label sweep: navigation labels -> 'Add Work Order Fee / Discount' / 'New Work Order Fee / Discount' (behavior/expected unchanged). | VIU 2026-07-22 LIVE: SV-8479 nav label 'Add Work Order Fee / Discount' confirmed present in the WO toolbar ⋯ menu; case behavior unchanged. Ev: wo/FD-WO-025-toolbar-menu.png.
FD-PROC-001,C28519,https://shopview.testrail.io/index.php?/cases/view/28519,Processing Fee — template builder,Verify 'Processing Fee' is a third Type in the template builder,High,VIU-Verified,No action needed — passed.,"RE-CHECKED TODAY: template-builder Type options are exactly [Fee, Discount] — Processing Fee STILL MISSING from the builder UI (PO Q3=B says in-scope; FDBUG-8; shot 02-template-dialog) | WORDING+VIU 2026-07-13: Confirmed live: Type dropdown = Fee/Discount only. NOT BUILT: the template Type dropdown offers only Fee/Discount (no 'Processing Fee'); the Story-8 Processing-Fee builder UI has not shipped. The back-end DOES accept kind=processing_fee via API (201). Re-test when the builder ships. | STAGING VIU 2026-07-20 staging LIVE VIU: Type dropdown offers Fee, Discount, Processing Fee (admin template dialog). Live-observed staging (proc-type-open)."
FD-PROC-002,C28520,https://shopview.testrail.io/index.php?/cases/view/28520,Processing Fee — methods,Verify a Processing Fee offers only Flat Amount and % of Grand Total,High,VIU-Verified,No action needed — passed.,builder UI absent (re-checked today); BE method constraint re-proven separately (pct_labor rejected for processing_fee) | WORDING+VIU 2026-07-13: Builder not shipped. NOT BUILT: the template Type dropdown offers only Fee/Discount (no 'Processing Fee'); the Story-8 Processing-Fee builder UI has not shipped. The back-end DOES accept kind=processing_fee via API (201). Re-test when the builder ships. | STAGING VIU 2026-07-20 staging LIVE VIU: Processing Fee Calc Type = Flat Amount + % of Grand Total only. Live staging (proc-fee-calc-open.png).
FD-PROC-003,C28521,https://shopview.testrail.io/index.php?/cases/view/28521,Processing Fee — no Max Amount,Verify the Max Amount field is hidden for a Processing Fee (both methods),Medium,VIU-Verified,No action needed — passed.,builder UI absent (re-checked today); BE rejects pfee maxCap (400) | WORDING+VIU 2026-07-13: Builder not shipped. NOT BUILT: the template Type dropdown offers only Fee/Discount (no 'Processing Fee'); the Story-8 Processing-Fee builder UI has not shipped. The back-end DOES accept kind=processing_fee via API (201). Re-test when the builder ships. | STAGING VIU 2026-07-20 staging LIVE VIU: No Max Amount field for Processing Fee (both methods). Live staging (proc-fee-full.png).
FD-PROC-004,C28522,https://shopview.testrail.io/index.php?/cases/view/28522,Processing Fee — taxable + jurisdiction note,Verify the Processing Fee Taxable defaults to Yes and shows the tax-jurisdiction note,High,VIU-Verified,No action needed — passed.,"builder UI absent (re-checked today) | WORDING+VIU 2026-07-13: Builder not shipped; when it ships, also check the §5-R15 note (currently absent in the whole-WO dialog per FD-WO-016). NOT BUILT: the template Type dropdown offers only Fee/Discount (no 'Processing Fee'); the Story-8 Processing-Fee builder UI has not shipped. The back-end DOES accept kind=processing_fee via API (201). Re-test when the builder ships. | V1_3 (2026-07-17): Δ1 — §5-R15 gains one appended sentence (spec verbatim): 'The note is shown only to users with See Financial Data.' Expected gains the gate qualifier. This dialog is the one place the gate is independently observable (Story-7 admin access needs no See Financial Data, while the WO Add/Edit dialog already requires it — spec-diff §H.b). Status stays Blocked-NotBuilt (Story-8 builder UI absent); check the note + gate when the builder ships. | STAGING VIU 2026-07-20 staging LIVE VIU: Processing Fee Taxable defaults Yes + jurisdiction note present; note gated on See Financial Data (Tech w/o SFD sees toggle, not note). Live staging (proc-fee-full.png / tech-tmpl-dialog.png)."
FD-PROC-005,C28523,https://shopview.testrail.io/index.php?/cases/view/28523,Processing Fee — no manual add,Verify a Processing Fee cannot be added to a work order by hand,High,VIU-Verified,No action needed — passed.,"manual pfee add -> 400 'A processing fee cannot be added manually.'; manual pct_grand_total fee also rejected for scope | WORDING+VIU 2026-07-13: Confirmed: WO Add Type dropdown = Fee/Discord only (no Processing Fee); build labels ('Add Fee/Discount', 'Apply From Template'). | SV-8479/8480 deconfliction 2026-07-22: label sweep: navigation labels -> 'Add Work Order Fee / Discount' / 'New Work Order Fee / Discount' (behavior/expected unchanged). | VIU 2026-07-22 LIVE: SV-8479 nav label 'Add Work Order Fee / Discount' confirmed present in the WO toolbar ⋯ menu; case behavior unchanged. Ev: wo/FD-WO-025-toolbar-menu.png."
FD-PROC-006,C28524,https://shopview.testrail.io/index.php?/cases/view/28524,Processing Fee — auto-apply,Verify a Processing Fee reaches a new work order via location auto-apply,High,VIU-Verified,No action needed — passed.,"auto-apply pfee template landed on a fresh WO (kind=processing_fee, appliedBy=auto) | WORDING+VIU 2026-07-13: Reaches WO via auto-apply (pfee accepted by BE); build labels. Menu option is 'Remove' (Edit inert for a pfee). | SV-8456 (2026-07-21 staging LIVE VIU): F&D moved to SETTINGS→SERVICE (below Canned Lines); template/WO/Part-sale/customer dialogs now show Taxable as a Yes/No DROPDOWN (was toggle); Auto-apply is a CHECKBOX with a 'When on…' caption; settings & customer tables are plain-text/left-aligned (no badges); WO sidebar card retitled 'Work Order Fees & Discounts' and renders ABOVE Financial Info; Part-sale card 'Parts Sale Fees & Discounts' above Financial Info. Permission gate pivoted Settings→Finance → Settings→Service (verified live: Service-user sees+manages F&D & convenience toggle; Finance-only user has no F&D nav item and /administration/adjustment-templates bounces to /workorders). Frontend-only; functionality + calc INTACT. | RE-VIU 2026-07-22 LIVE (Batch 4, SV-8456 re-verify): access-check quick-login {admin} HTTP 200. Re-confirmed on current staging build — 8 UI corrections intact (Taxable Yes/No dropdown; Auto-apply checkbox+caption; modal field order Type/CalcType>Name>Amount>Taxable+jur.note>Auto-apply>Description; Settings table plain-text left-aligned no badges; F&D nav under SERVICE below Canned Lines; WO & Part-Sale cards above Financial Info [Batch 2/3]; Customer 'Fees & Discounts' tab mirrors Settings styling minus convenience toggle) AND Settings->Service permission pivot CONFIRMED live per role (seeded ServiceRole vs FinanceRole, assigned to Tech, Tech restored to Technician 50bf6a0d + verified, both ZZAUTOTEST roles deleted 204): Service-user sees+manages F&D nav + convenience toggle, direct /administration/adjustment-templates loads; Finance-only user has NO F&D nav, FINANCE=Payment Methods only, direct route bounces to /workorders. viu_status VIU-Verified re-confirmed. Ev build/fees-discounts/viu-sv8456-2026-07-22/ (01-settings-landing, 02-new-dialog, 03-customer-fd-tab, SVC-*, FIN-*)."
FD-PROC-007,C28525,https://shopview.testrail.io/index.php?/cases/view/28525,Processing Fee — customer default,Verify a Processing Fee reaches a new work order via a customer default,Medium,VIU-Verified,No action needed — passed.,"customer-default pfee landed on a fresh WO (kind=processing_fee, appliedBy=customer_default, amount 2.5) | WORDING+VIU 2026-07-13: Reaches WO via customer default; build labels. | SV-8456 (2026-07-21 staging LIVE VIU): F&D moved to SETTINGS→SERVICE (below Canned Lines); template/WO/Part-sale/customer dialogs now show Taxable as a Yes/No DROPDOWN (was toggle); Auto-apply is a CHECKBOX with a 'When on…' caption; settings & customer tables are plain-text/left-aligned (no badges); WO sidebar card retitled 'Work Order Fees & Discounts' and renders ABOVE Financial Info; Part-sale card 'Parts Sale Fees & Discounts' above Financial Info. Permission gate pivoted Settings→Finance → Settings→Service (verified live: Service-user sees+manages F&D & convenience toggle; Finance-only user has no F&D nav item and /administration/adjustment-templates bounces to /workorders). Frontend-only; functionality + calc INTACT. | RE-VIU 2026-07-22 LIVE (Batch 4, SV-8456 re-verify): access-check quick-login {admin} HTTP 200. Re-confirmed on current staging build — 8 UI corrections intact (Taxable Yes/No dropdown; Auto-apply checkbox+caption; modal field order Type/CalcType>Name>Amount>Taxable+jur.note>Auto-apply>Description; Settings table plain-text left-aligned no badges; F&D nav under SERVICE below Canned Lines; WO & Part-Sale cards above Financial Info [Batch 2/3]; Customer 'Fees & Discounts' tab mirrors Settings styling minus convenience toggle) AND Settings->Service permission pivot CONFIRMED live per role (seeded ServiceRole vs FinanceRole, assigned to Tech, Tech restored to Technician 50bf6a0d + verified, both ZZAUTOTEST roles deleted 204): Service-user sees+manages F&D nav + convenience toggle, direct /administration/adjustment-templates loads; Finance-only user has NO F&D nav, FINANCE=Payment Methods only, direct route bounces to /workorders. viu_status VIU-Verified re-confirmed. Ev build/fees-discounts/viu-sv8456-2026-07-22/ (01-settings-landing, 02-new-dialog, 03-customer-fd-tab, SVC-*, FIN-*)."
FD-PROC-010,C28528,https://shopview.testrail.io/index.php?/cases/view/28528,Processing Fee — negative,Verify a Processing Fee with a Max Amount or a disallowed method is rejected,Medium,VIU-Verified,No action needed — passed.,"pfee template with maxCap -> 400; pfee with pct_labor -> 400 'not allowed for a processing_fee' | WORDING+VIU 2026-07-13: Confirmed live 2026-07-13 via API: Max cap → 400 'A processing fee cannot have a minimum or maximum cap.'; disallowed method → 400 'Calculation type ""pct_subtotal"" is not allowed for a processing_fee.' Lives in an API-titled section."
FD-PROC-011,C28529,https://shopview.testrail.io/index.php?/cases/view/28529,Processing Fee — sign,Verify a Processing Fee always adds to the total (never a discount),Medium,VIU-Verified,No action needed — passed.,"pfees resolve as positive fees only (kind=processing_fee, amounts >= 0) | WORDING+VIU 2026-07-13: Always a plus; carried."
FD-PROC-012,C28530,https://shopview.testrail.io/index.php?/cases/view/28530,Processing Fee — template edit independence,Verify editing a Processing Fee template does not change Processing Fees already on existing work orders,Medium,VIU-Verified,No action needed — passed.,template amount 3->9 (200) left the existing WO pfee at 3 (values copied at apply time) | WORDING+VIU 2026-07-13: Template edit independence; carried.
FD-PROC-013,C28531,https://shopview.testrail.io/index.php?/cases/view/28531,Processing Fee — calculation edge,Verify multiple Processing Fees each leave out all Processing Fees' amounts and tax from the shared base,Low,VIU-Verified,No action needed — passed.,"two auto pfees (3%+2%) resolved 0.63/0.42 = exact 3:2 ratio -> same base, pfees exclude each other | WORDING+VIU 2026-07-13: Multiple pfees share the same base; carried."
FD-PROC-014,C28532,https://shopview.testrail.io/index.php?/cases/view/28532,Processing Fee — negative,Verify the system rejects a Processing Fee that carries a minimum amount,Low,VIU-Verified,No action needed — passed.,"pfee minimum silently STRIPPED on create (201, no min field persisted) — §8 invariant holds; silent-ignore wording note stands | WORDING+VIU 2026-07-13: Confirmed live 2026-07-13: BE rejects a min/max cap on a Processing Fee (400 'A processing fee cannot have a minimum or maximum cap.'). PO Q4 (whether pfee minimums should be supported at all) still pending. | CHRIS WARD ROUND-2 ANSWER APPLIED 2026-07-14(Q4=B): PO ruled Processing Fees do NOT support a minimum and the app must make that clear (do not silently drop). Premise confirmed WAD: no minimum field in the UI and the API rejects a pfee minimum with an explicit error (matches the live 2026-07-13 finding: 400 'A processing fee cannot have a minimum or maximum cap.'). Older 2026-07-10 'silent strip' reading superseded (last-update-wins). Expected reworded to the explicit-reject + no-field behavior. PUSHED TO TESTRAIL 2026-07-14 via update_case (QA-lead one-day authorization; update 200 / re-verify 200 MATCH; audit: testrail-round2-push-log.md)."
FD-PSALE-001,C29918,https://shopview.testrail.io/index.php?/cases/view/29918,Part Sale — Fee/Discount dialog,Verify the Part Sale Add/Edit fee-or-discount dialog shows the tax-jurisdiction note below the Taxable Yes/No dropdown,Medium,VIU-Verified,No action needed — passed.,"administration/adjustment-templates loads; Finance-only user has NO F&D nav, FINANCE=Payment Methods only, direct route bounces to /workorders. viu_status VIU-Verified re-confirmed. Ev build/fees-discounts/viu-sv8456-2026-07-22/ (01-settings-landing, 02-new-dialog, 03-customer-fd-tab, SVC-*, FIN-*)."
FD-PSALE-002,C30623,https://shopview.testrail.io/index.php?/cases/view/30623,Parts page — 'FEES & DISCOUNTS' column,"Verify the parts-sale Fees & Discounts column no longer shows the '+ Add' button, and the per-row and top-right three-dot entry points remain",Medium,VIU-Verified,No action needed — passed., NEXUS 2-adj) + whole-sale percent/flat/discount; observed live as admin (Part Sales C&E + SFD). Evidence build/fees-discounts/viu-sv8479-8480-2026-07-22/psale/. F&D column has no '+ Add' (grep '+Add'=0); per-row ⋮ 'Add Part Fee / Discount' + top-right ⋮ 'Add Parts Sale Fee / Discount' both present.
FD-PSALE-003,C30624,https://shopview.testrail.io/index.php?/cases/view/30624,Parts page — 'FEES & DISCOUNTS' column,Verify the parts-sale per-part three-dot menu item reads 'Add Part Fee / Discount',Medium,VIU-Verified,No action needed — passed.,TEST part sale P3-1118 (2 fee-less rows + NEXUS 2-adj) + whole-sale percent/flat/discount; observed live as admin (Part Sales C&E + SFD). Evidence build/fees-discounts/viu-sv8479-8480-2026-07-22/psale/. Per-part ⋮ menu text = 'Add Part Fee / Discount' exactly; opens 'New Part Fee / Discount' dialog.
FD-PSALE-004,C30625,https://shopview.testrail.io/index.php?/cases/view/30625,Parts Sale — Fees & Discounts card,Verify the Parts Sale Fees & Discounts card shows each adjustment as plain text with the percentage in brackets (no colored badge),Medium,VIU-Verified,No action needed — passed.,"/fees-discounts/viu-sv8479-8480-2026-07-22/psale/. Whole-sale card 'Parts Sale Fees & Discounts' live: 'Customer Fee (10%) +$82.12', 'Sale Disc (−5%) −$41.06', 'Flat Fee +$50.00' (flat name-only), 'Processing Fee (6%) +$51.73' — plain text, no badge, bracket %/sign convention matches WO card item 5."
FD-PSALE-006,C30626,https://shopview.testrail.io/index.php?/cases/view/30626,Parts Sale — Financial Info card,Verify the parts-sale Financial Info card shows a 'Fees & Discounts (N)' line directly above Subtotal and hides it when there are none,Medium,VIU-Verified,No action needed — passed.,ded ZZAUTOTEST part sale P3-1118 (2 fee-less rows + NEXUS 2-adj) + whole-sale percent/flat/discount; observed live as admin (Part Sales C&E + SFD). Evidence build/fees-discounts/viu-sv8479-8480-2026-07-22/psale/. Live: 'Fees & Discounts (6) $189.27' directly above Subtotal $963.95 in Financial Info.
FD-PSALE-008,C30627,https://shopview.testrail.io/index.php?/cases/view/30627,Part Sale — Fee/Discount dialog,Verify the whole-parts-sale fee/discount dialog title reads 'New Parts Sale Fee / Discount' with subline 'Applying To: Entire Parts Sale',Medium,VIU-Verified,No action needed — passed.,). Evidence build/fees-discounts/viu-sv8479-8480-2026-07-22/psale/. VIU-CONFIRM RESOLVED (Picture 26 was missing): top-right ⋮ label CONFIRMED LIVE = 'Add Parts Sale Fee / Discount'; dialog title 'New Parts Sale Fee / Discount'; subline 'Applying To: Entire Parts Sale'. Case wording already matched.
FD-PSALE-009,C30628,https://shopview.testrail.io/index.php?/cases/view/30628,Parts Sale — Statistics tab,Verify the Fees & Discounts section on the parts-sale Statistics tab shows the '%' and 'Amount' column headings,Medium,VIU-Verified,No action needed — passed.,ss rows + NEXUS 2-adj) + whole-sale percent/flat/discount; observed live as admin (Part Sales C&E + SFD). Evidence build/fees-discounts/viu-sv8479-8480-2026-07-22/psale/. Statistics F&D (6) section live headings '% Amount'; flat fee blank %; rows +11%/+6%/+10% fees + −5% discounts; 'Total +$189.27'.
FD-QB-012,C28555,https://shopview.testrail.io/index.php?/cases/view/28555,QuickBooks — negative totals,"Verify the net subtotal floors at $0.00 ($100 parts + $10 tax, $150 discount: non-taxable vs taxable)",High,VIU-Verified,No action needed — passed.,"floor worked-example halves re-proven at WO level: non-taxable over-discount -> sub 0.00, tax UNCHANGED (9.14), total=tax, excess 117.24; taxable variant -> tax 0.00, total 0.00 | WORDING+VIU 2026-07-13: In-app floor VERIFIED (same worked example as FD-CALC-015, confirmed 2026-07-10); the customer pays the tax only."
FD-QB-014,C28557,https://shopview.testrail.io/index.php?/cases/view/28557,QuickBooks — negative totals,Verify a mandatory warning/confirmation before saving when discounts are bigger than the net subtotal,High,VIU-Verified,No action needed — passed.,"FDBUG-15 CONFIRMED AGAIN (API half): over-discount saves 201 with NO warning payload; excess carried silently (117.24). Batch-6 UI shots show no warn/confirm dialog. Violates S6-R12 | WORDING+VIU 2026-07-13: DEVIATION carried (FDBUG-15 / PO Q1 pending): an over-discount currently saves SILENTLY — no mandatory warn/confirm before saving. Expected kept as the spec requirement. | CHRIS WARD ROUND-2 ANSWER APPLIED 2026-07-14(Q1=A): PO ruled the warn/confirm is required AND already exists per spec (S6-R12) — it fires before invoicing and before marking the WO reviewed/complete, NOT when the adjustment is merely added (add is uncommitted; the Add dialog preview shows the resulting totals). Our FDBUG-15 'silent save' was observed at ADD time = the wrong trigger point; PO says that is intentional. FDBUG-15 reclassified NOT-A-DEFECT (no dev ticket released). Expected reworded to the commit-point warning. Status -> VIU-Pending: the invoice/mark-reviewed/complete warning has not yet been observed live and needs a commit-time re-VIU. PUSHED TO TESTRAIL 2026-07-14 via update_case (QA-lead one-day authorization; update 200 / re-verify 200 MATCH; audit: testrail-round2-push-log.md). COMMIT-TIME RE-VIU 2026-07-14: attempted but BOTH qb cookie sets (cookies-viu.env 2026-07-13, cookies-fresh.env 2026-07-10) return 401 sso_required on quick-login (env woken, API root 200) — cookies EXPIRED. Left VIU-Pending: needs fresh qb cookies for the commit-time (invoice / mark-reviewed / complete) re-VIU. | COMMIT-TIME RE-VIU SETTLED 2026-07-14 (fresh qb cookies): VERIFIED. Live FE source + live data-condition confirm Chris's Q1=A exactly. (1) ADD-TIME SILENT: the Add/Edit dialog component (AdjustmentDialog) has NO over-discount warning and does not import the warning dialog -- adding an over-sized discount is silent (only an unrelated 'A percentage discount cannot exceed 100%' field check). (2) COMMIT-TIME WARN/CONFIRM BUILT: a dedicated component OverDiscountWarningDialog exists (title 'Discount exceeds subtotal'; body ""The total discount exceeds this work order's subtotal. The subtotal will be reduced to $0.00, but any tax on the taxable base is still owed. The remaining $<excess> will be carried as a customer credit. Continue?""; buttons Continue / Cancel). It is imported and wired in the Invoice component: the Create-Invoice handler (Lt->_a) AND the mark-reviewed/Complete handler (Vt->ga, posts status:'complete') BOTH intercept when the excess-credit gate is true (FeesAndDiscounts flag ON && not partSale && adjustmentsSummary.excessCreditAmount>0), open the dialog, and only run the commit on Continue (confirm) / abort on Cancel. So the mandatory warn/confirm fires at BOTH commit points, never silently. (3) LIVE DATA CONDITION: on WO S-15970 added a $9,999 whole-WO flat discount (reversible ZZAUTOTEST, removed after) -> sub_total floored to $0.00, adjustmentsSummary.excessCreditAmount=9522.26 (>0) => the FE gate evaluates TRUE, so the dialog would fire at Create Invoice / Mark-Reviewed / Complete. WO restored byte-identical to baseline afterward. Evidence: FE chunks OverDiscountWarningDialog.BCmTBE33.js + Invoice.Ny62BJnd.js + AdjustmentDialog.S8gN6cAn.js (captured live from qb.qa.shopview.com 2026-07-14); live API view before/after. Verdict: VIU-Verified. FDBUG-15 stays NOT-A-DEFECT (add-time silence is intentional). Expected wording already build-accurate (floor $0.00 + tax on taxable base still owed + exact excess as customer credit + must confirm) -> no TestRail wording change needed; status flip local only. Exact on-screen labels now captured for the record: dialog 'Discount exceeds subtotal', buttons 'Continue'/'Cancel'."
FD-REMOVE-001,C28479,https://shopview.testrail.io/index.php?/cases/view/28479,Work Order — Remove an adjustment,Verify removing a whole-work-order fee/discount shows the 'Remove Fee / Discount' confirm and a success message,High,VIU-Verified,No action needed — passed.,"remove-confirm wording drift per batch-1 (case-update); not re-driven today | WORDING+VIU 2026-07-13: Confirm dialog matched EXACTLY live: title 'Remove Fee / Discount', message 'Are you sure you want to remove this fee?', buttons 'Remove'/'Cancel' (shot inline-02; cancelled — no shared data deleted). Toast not re-observed this run. | SV-8456 (2026-07-21 staging LIVE VIU): F&D moved to SETTINGS→SERVICE (below Canned Lines); template/WO/Part-sale/customer dialogs now show Taxable as a Yes/No DROPDOWN (was toggle); Auto-apply is a CHECKBOX with a 'When on…' caption; settings & customer tables are plain-text/left-aligned (no badges); WO sidebar card retitled 'Work Order Fees & Discounts' and renders ABOVE Financial Info; Part-sale card 'Parts Sale Fees & Discounts' above Financial Info. Permission gate pivoted Settings→Finance → Settings→Service (verified live: Service-user sees+manages F&D & convenience toggle; Finance-only user has no F&D nav item and /administration/adjustment-templates bounces to /workorders). Frontend-only; functionality + calc INTACT. | RE-VIU 2026-07-22 LIVE (Batch 4, SV-8456 re-verify): access-check quick-login {admin} HTTP 200. Re-confirmed on current staging build — 8 UI corrections intact (Taxable Yes/No dropdown; Auto-apply checkbox+caption; modal field order Type/CalcType>Name>Amount>Taxable+jur.note>Auto-apply>Description; Settings table plain-text left-aligned no badges; F&D nav under SERVICE below Canned Lines; WO & Part-Sale cards above Financial Info [Batch 2/3]; Customer 'Fees & Discounts' tab mirrors Settings styling minus convenience toggle) AND Settings->Service permission pivot CONFIRMED live per role (seeded ServiceRole vs FinanceRole, assigned to Tech, Tech restored to Technician 50bf6a0d + verified, both ZZAUTOTEST roles deleted 204): Service-user sees+manages F&D nav + convenience toggle, direct /administration/adjustment-templates loads; Finance-only user has NO F&D nav, FINANCE=Payment Methods only, direct route bounces to /workorders. viu_status VIU-Verified re-confirmed. Ev build/fees-discounts/viu-sv8456-2026-07-22/ (01-settings-landing, 02-new-dialog, 03-customer-fd-tab, SVC-*, FIN-*)."
FD-REMOVE-002,C28480,https://shopview.testrail.io/index.php?/cases/view/28480,Work Order — Remove an adjustment,"Verify removing a fee/discount uses Create and Edit, not a separate Delete permission",High,VIU-Verified,No action needed — passed.,"removal governed by Create&Edit (tech WITH lines-C&E removed line-level 204; no Delete-perm dependency) | WORDING+VIU 2026-07-13: Remove uses Create & Edit not a separate Delete permission; carry prior VIU. | SV-8456 (2026-07-21 staging LIVE VIU): F&D moved to SETTINGS→SERVICE (below Canned Lines); template/WO/Part-sale/customer dialogs now show Taxable as a Yes/No DROPDOWN (was toggle); Auto-apply is a CHECKBOX with a 'When on…' caption; settings & customer tables are plain-text/left-aligned (no badges); WO sidebar card retitled 'Work Order Fees & Discounts' and renders ABOVE Financial Info; Part-sale card 'Parts Sale Fees & Discounts' above Financial Info. Permission gate pivoted Settings→Finance → Settings→Service (verified live: Service-user sees+manages F&D & convenience toggle; Finance-only user has no F&D nav item and /administration/adjustment-templates bounces to /workorders). Frontend-only; functionality + calc INTACT. | RE-VIU 2026-07-22 LIVE (Batch 4, SV-8456 re-verify): access-check quick-login {admin} HTTP 200. Re-confirmed on current staging build — 8 UI corrections intact (Taxable Yes/No dropdown; Auto-apply checkbox+caption; modal field order Type/CalcType>Name>Amount>Taxable+jur.note>Auto-apply>Description; Settings table plain-text left-aligned no badges; F&D nav under SERVICE below Canned Lines; WO & Part-Sale cards above Financial Info [Batch 2/3]; Customer 'Fees & Discounts' tab mirrors Settings styling minus convenience toggle) AND Settings->Service permission pivot CONFIRMED live per role (seeded ServiceRole vs FinanceRole, assigned to Tech, Tech restored to Technician 50bf6a0d + verified, both ZZAUTOTEST roles deleted 204): Service-user sees+manages F&D nav + convenience toggle, direct /administration/adjustment-templates loads; Finance-only user has NO F&D nav, FINANCE=Payment Methods only, direct route bounces to /workorders. viu_status VIU-Verified re-confirmed. Ev build/fees-discounts/viu-sv8456-2026-07-22/ (01-settings-landing, 02-new-dialog, 03-customer-fd-tab, SVC-*, FIN-*)."
FD-REMOVE-003,C28481,https://shopview.testrail.io/index.php?/cases/view/28481,Work Order — Remove an adjustment,Verify removing a line-level fee/discount from its inline ⋮ menu,Medium,VIU-Verified,No action needed — passed.,line-level remove 204 and gone from the line | WORDING+VIU 2026-07-13: Inline menu option is 'Remove' (was 'Delete'); confirm dialog 'Remove Fee / Discount' confirmed live.
FD-STACK-001,C28482,https://shopview.testrail.io/index.php?/cases/view/28482,Work Order — Multiple adjustments (stacking / netting),Verify multiple fees/discounts on one part each work out on the part's own total (they do not compound),High,VIU-Verified,No action needed — passed.,"part flat + part pct resolved independently on the part's own gross (fresh: $8.00 and $17.08 coexist, no compounding) | WORDING+VIU 2026-07-13: Netting carried; build labels. Display half (only first shows + 'Show N more') is the FD-INLINE-003 deviation (no Show-N-more in this build)."
FD-STACK-002,C28483,https://shopview.testrail.io/index.php?/cases/view/28483,Work Order — Multiple adjustments (stacking / netting),Verify two whole-work-order percentage fees/discounts use the same totals and do not change each other's base,High,VIU-Verified,No action needed — passed.,"two 10% whole-WO fees resolve 17.08 each (same base, no compounding) | WORDING+VIU 2026-07-13: Same-base netting carried; build labels."
FD-STACK-003,C28484,https://shopview.testrail.io/index.php?/cases/view/28484,Work Order — Multiple adjustments (stacking / netting),Verify the same template can be applied to one work order more than once by hand,Medium,VIU-Verified,No action needed — passed.,"'Flat fee' template applied twice by hand -> 201/201, two distinct adjustments | WORDING+VIU 2026-07-13: Same-template-twice carried; build labels ('Add Fee/Discount', 'Apply From Template', 'WO Fees & Discounts'). | SV-8456 (2026-07-21 staging LIVE VIU): F&D moved to SETTINGS→SERVICE (below Canned Lines); template/WO/Part-sale/customer dialogs now show Taxable as a Yes/No DROPDOWN (was toggle); Auto-apply is a CHECKBOX with a 'When on…' caption; settings & customer tables are plain-text/left-aligned (no badges); WO sidebar card retitled 'Work Order Fees & Discounts' and renders ABOVE Financial Info; Part-sale card 'Parts Sale Fees & Discounts' above Financial Info. Permission gate pivoted Settings→Finance → Settings→Service (verified live: Service-user sees+manages F&D & convenience toggle; Finance-only user has no F&D nav item and /administration/adjustment-templates bounces to /workorders). Frontend-only; functionality + calc INTACT. | SV-8479/8480 deconfliction 2026-07-22: label sweep: navigation labels -> 'Add Work Order Fee / Discount' / 'New Work Order Fee / Discount' (behavior/expected unchanged). | VIU 2026-07-22 LIVE: SV-8479 nav label 'Add Work Order Fee / Discount' confirmed present in the WO toolbar ⋯ menu; case behavior unchanged. Ev: wo/FD-WO-025-toolbar-menu.png. | RE-VIU 2026-07-22 LIVE (Batch 4, SV-8456 re-verify): access-check quick-login {admin} HTTP 200. Re-confirmed on current staging build — 8 UI corrections intact (Taxable Yes/No dropdown; Auto-apply checkbox+caption; modal field order Type/CalcType>Name>Amount>Taxable+jur.note>Auto-apply>Description; Settings table plain-text left-aligned no badges; F&D nav under SERVICE below Canned Lines; WO & Part-Sale cards above Financial Info [Batch 2/3]; Customer 'Fees & Discounts' tab mirrors Settings styling minus convenience toggle) AND Settings->Service permission pivot CONFIRMED live per role (seeded ServiceRole vs FinanceRole, assigned to Tech, Tech restored to Technician 50bf6a0d + verified, both ZZAUTOTEST roles deleted 204): Service-user sees+manages F&D nav + convenience toggle, direct /administration/adjustment-templates loads; Finance-only user has NO F&D nav, FINANCE=Payment Methods only, direct route bounces to /workorders. viu_status VIU-Verified re-confirmed. Ev build/fees-discounts/viu-sv8456-2026-07-22/ (01-settings-landing, 02-new-dialog, 03-customer-fd-tab, SVC-*, FIN-*)."
FD-STATS-001,C28459,https://shopview.testrail.io/index.php?/cases/view/28459,Work Order — Statistics tab,Verify the Stats tab Fees & Discounts section shows the '%' and 'Amount' column headings with each row's value and amount,High,VIU-Verified,No action needed — passed.,"CONFIRMED AGAIN: Stats shows aggregate 'Fees & Discounts (5) $25.00' style block, NOT the per-row Value/%+Amount table — PO Q1=B design regression persists (shot 07-stats) | WORDING+VIU 2026-07-13: DEVIATION (BUG-FD-2): the Stats 'Fees & Discounts (N)' section lists rows (name, a value/% for percentages, and an amount) but has NO 'Value'/'Amount' column headers like the other Stats sections. Confirmed live (shot fin-01). | SV-8479/8480 deconfliction 2026-07-22: added the right-side '%' and 'Amount' column headings + blank-% for flat fees (item 12). Absorbs dropped new case FD-WO-027. viu_status unchanged (VIU-Deviation) — re-observe at VIU. | VIU 2026-07-22 LIVE: prior 'no headers' deviation RESOLVED — Stats tab 'Fees & Discounts (10)' section now shows the '% Amount' column headings. Rows show percent under % (blank for flat: 'Flat Fee 2 +$32.00', 'Flat Fee +$11.00') and signed amount under Amount ('Labor Fee +20% +$101.98', 'Labor Disc −10% −$50.99', 'Customer Fee +10% +$65.88', 'WO Disc −5% −$32.94'), with 'Total +$273.31'. Ev: wo/FD-STATS-001-stats-tab.png, wo/stats-bodytext.txt."
FD-STATS-003,C28461,https://shopview.testrail.io/index.php?/cases/view/28461,Work Order — Statistics tab,Verify the Stats 'Fees & Discounts' total equals the signed sum of all the amounts,High,VIU-Verified,No action needed — passed.,net = signed sum re-consistent (adjustmentsSummary netAmount matches card); full UI table from batch-2 | WORDING+VIU 2026-07-13: Total = signed sum; carry prior VIU. Minus-sign jargon removed.
FD-STATS-005,C28463,https://shopview.testrail.io/index.php?/cases/view/28463,Work Order — Statistics tab,Verify the Stats 'Fees & Discounts' section is hidden when the work order has no fees/discounts,Medium,VIU-Verified,No action needed — passed.,no-adjustments WO -> adjustments=[] + all-zero summary -> section hidden | WORDING+VIU 2026-07-13: Section hidden with no adjustments; carry prior VIU.
FD-TMPL-001,C28502,https://shopview.testrail.io/index.php?/cases/view/28502,Template admin — location,Verify the fee/discount template library is at Administration → Service → Fees & Discounts (below Canned Lines),High,VIU-Verified,No action needed — passed.,"admin library lives under Administration -> FINANCE (route /administration/adjustment-templates), not Service-below-Canned-Lines; page re-loaded today (case-update per S13-R8 target) | WORDING+VIU 2026-07-13: CORRECTED location: templates live under Administration → FINANCE → 'Fees & Discounts' (below 'Payment Methods'), NOT 'Service, below Canned Lines' (Canned Lines is under SERVICE). Confirmed live (shot tmpl-02-create-dialog). | SV-8456 (2026-07-21 staging LIVE VIU): F&D moved to SETTINGS→SERVICE (below Canned Lines); template/WO/Part-sale/customer dialogs now show Taxable as a Yes/No DROPDOWN (was toggle); Auto-apply is a CHECKBOX with a 'When on…' caption; settings & customer tables are plain-text/left-aligned (no badges); WO sidebar card retitled 'Work Order Fees & Discounts' and renders ABOVE Financial Info; Part-sale card 'Parts Sale Fees & Discounts' above Financial Info. Permission gate pivoted Settings→Finance → Settings→Service (verified live: Service-user sees+manages F&D & convenience toggle; Finance-only user has no F&D nav item and /administration/adjustment-templates bounces to /workorders). Frontend-only; functionality + calc INTACT. | RE-VIU 2026-07-22 LIVE (Batch 4, SV-8456 re-verify): access-check quick-login {admin} HTTP 200. Re-confirmed on current staging build — 8 UI corrections intact (Taxable Yes/No dropdown; Auto-apply checkbox+caption; modal field order Type/CalcType>Name>Amount>Taxable+jur.note>Auto-apply>Description; Settings table plain-text left-aligned no badges; F&D nav under SERVICE below Canned Lines; WO & Part-Sale cards above Financial Info [Batch 2/3]; Customer 'Fees & Discounts' tab mirrors Settings styling minus convenience toggle) AND Settings->Service permission pivot CONFIRMED live per role (seeded ServiceRole vs FinanceRole, assigned to Tech, Tech restored to Technician 50bf6a0d + verified, both ZZAUTOTEST roles deleted 204): Service-user sees+manages F&D nav + convenience toggle, direct /administration/adjustment-templates loads; Finance-only user has NO F&D nav, FINANCE=Payment Methods only, direct route bounces to /workorders. viu_status VIU-Verified re-confirmed. Ev build/fees-discounts/viu-sv8456-2026-07-22/ (01-settings-landing, 02-new-dialog, 03-customer-fd-tab, SVC-*, FIN-*)."
FD-TMPL-002,C28503,https://shopview.testrail.io/index.php?/cases/view/28503,Template admin — list,Verify the template list columns and the edit/delete actions,High,VIU-Verified,No action needed — passed.,"list + delete action per batch-1; page renders today; columns not re-verified individually | WORDING+VIU 2026-07-13: List columns confirmed live (shot tmpl-02). | SV-8456 (2026-07-21 staging LIVE VIU): F&D moved to SETTINGS→SERVICE (below Canned Lines); template/WO/Part-sale/customer dialogs now show Taxable as a Yes/No DROPDOWN (was toggle); Auto-apply is a CHECKBOX with a 'When on…' caption; settings & customer tables are plain-text/left-aligned (no badges); WO sidebar card retitled 'Work Order Fees & Discounts' and renders ABOVE Financial Info; Part-sale card 'Parts Sale Fees & Discounts' above Financial Info. Permission gate pivoted Settings→Finance → Settings→Service (verified live: Service-user sees+manages F&D & convenience toggle; Finance-only user has no F&D nav item and /administration/adjustment-templates bounces to /workorders). Frontend-only; functionality + calc INTACT. | RE-VIU 2026-07-22 LIVE (Batch 4, SV-8456 re-verify): access-check quick-login {admin} HTTP 200. Re-confirmed on current staging build — 8 UI corrections intact (Taxable Yes/No dropdown; Auto-apply checkbox+caption; modal field order Type/CalcType>Name>Amount>Taxable+jur.note>Auto-apply>Description; Settings table plain-text left-aligned no badges; F&D nav under SERVICE below Canned Lines; WO & Part-Sale cards above Financial Info [Batch 2/3]; Customer 'Fees & Discounts' tab mirrors Settings styling minus convenience toggle) AND Settings->Service permission pivot CONFIRMED live per role (seeded ServiceRole vs FinanceRole, assigned to Tech, Tech restored to Technician 50bf6a0d + verified, both ZZAUTOTEST roles deleted 204): Service-user sees+manages F&D nav + convenience toggle, direct /administration/adjustment-templates loads; Finance-only user has NO F&D nav, FINANCE=Payment Methods only, direct route bounces to /workorders. viu_status VIU-Verified re-confirmed. Ev build/fees-discounts/viu-sv8456-2026-07-22/ (01-settings-landing, 02-new-dialog, 03-customer-fd-tab, SVC-*, FIN-*)."
FD-TMPL-003,C28504,https://shopview.testrail.io/index.php?/cases/view/28504,Template admin — create,Verify creating a Fee template (dialog fields and the Create button),High,VIU-Verified,No action needed — passed.,"PARTIAL IMPROVEMENT: create-dialog title NOW 'New Fee / Discount' (matches spec; was 'Add new fee/discount'); confirm button still 'Create' (spec 'Add Fee / Discount') and toast 'Template created' per batch-1 — drift remains | WORDING+VIU 2026-07-13: Create dialog confirmed live: title 'New Fee / Discount', fields Name/Type/Calculation Type/'$ Default Amount'/Taxable toggle/'Auto-apply to new work orders' toggle/'Description (Optional)', 'Create' button. Type offers only Fee/Discount (Processing Fee is NOT in the builder — Story 8 not built). Create API 201 live. Toast text carried from prior VIU. | SV-8456 (2026-07-21 staging LIVE VIU): F&D moved to SETTINGS→SERVICE (below Canned Lines); template/WO/Part-sale/customer dialogs now show Taxable as a Yes/No DROPDOWN (was toggle); Auto-apply is a CHECKBOX with a 'When on…' caption; settings & customer tables are plain-text/left-aligned (no badges); WO sidebar card retitled 'Work Order Fees & Discounts' and renders ABOVE Financial Info; Part-sale card 'Parts Sale Fees & Discounts' above Financial Info. Permission gate pivoted Settings→Finance → Settings→Service (verified live: Service-user sees+manages F&D & convenience toggle; Finance-only user has no F&D nav item and /administration/adjustment-templates bounces to /workorders). Frontend-only; functionality + calc INTACT. | RE-VIU 2026-07-22 LIVE (Batch 4, SV-8456 re-verify): access-check quick-login {admin} HTTP 200. Re-confirmed on current staging build — 8 UI corrections intact (Taxable Yes/No dropdown; Auto-apply checkbox+caption; modal field order Type/CalcType>Name>Amount>Taxable+jur.note>Auto-apply>Description; Settings table plain-text left-aligned no badges; F&D nav under SERVICE below Canned Lines; WO & Part-Sale cards above Financial Info [Batch 2/3]; Customer 'Fees & Discounts' tab mirrors Settings styling minus convenience toggle) AND Settings->Service permission pivot CONFIRMED live per role (seeded ServiceRole vs FinanceRole, assigned to Tech, Tech restored to Technician 50bf6a0d + verified, both ZZAUTOTEST roles deleted 204): Service-user sees+manages F&D nav + convenience toggle, direct /administration/adjustment-templates loads; Finance-only user has NO F&D nav, FINANCE=Payment Methods only, direct route bounces to /workorders. viu_status VIU-Verified re-confirmed. Ev build/fees-discounts/viu-sv8456-2026-07-22/ (01-settings-landing, 02-new-dialog, 03-customer-fd-tab, SVC-*, FIN-*)."
FD-TMPL-004,C28505,https://shopview.testrail.io/index.php?/cases/view/28505,Template admin — create,Verify creating a Discount template,Medium,VIU-Verified,No action needed — passed.,"generic 'Template created' toast vs spec 'Discount added' per batch-1; not re-driven | WORDING+VIU 2026-07-13: CORRECTED title: the toast is generic (not a per-type 'Discount added'). Create dialog + list confirmed live. | SV-8456 (2026-07-21 staging LIVE VIU): F&D moved to SETTINGS→SERVICE (below Canned Lines); template/WO/Part-sale/customer dialogs now show Taxable as a Yes/No DROPDOWN (was toggle); Auto-apply is a CHECKBOX with a 'When on…' caption; settings & customer tables are plain-text/left-aligned (no badges); WO sidebar card retitled 'Work Order Fees & Discounts' and renders ABOVE Financial Info; Part-sale card 'Parts Sale Fees & Discounts' above Financial Info. Permission gate pivoted Settings→Finance → Settings→Service (verified live: Service-user sees+manages F&D & convenience toggle; Finance-only user has no F&D nav item and /administration/adjustment-templates bounces to /workorders). Frontend-only; functionality + calc INTACT. | RE-VIU 2026-07-22 LIVE (Batch 4, SV-8456 re-verify): access-check quick-login {admin} HTTP 200. Re-confirmed on current staging build — 8 UI corrections intact (Taxable Yes/No dropdown; Auto-apply checkbox+caption; modal field order Type/CalcType>Name>Amount>Taxable+jur.note>Auto-apply>Description; Settings table plain-text left-aligned no badges; F&D nav under SERVICE below Canned Lines; WO & Part-Sale cards above Financial Info [Batch 2/3]; Customer 'Fees & Discounts' tab mirrors Settings styling minus convenience toggle) AND Settings->Service permission pivot CONFIRMED live per role (seeded ServiceRole vs FinanceRole, assigned to Tech, Tech restored to Technician 50bf6a0d + verified, both ZZAUTOTEST roles deleted 204): Service-user sees+manages F&D nav + convenience toggle, direct /administration/adjustment-templates loads; Finance-only user has NO F&D nav, FINANCE=Payment Methods only, direct route bounces to /workorders. viu_status VIU-Verified re-confirmed. Ev build/fees-discounts/viu-sv8456-2026-07-22/ (01-settings-landing, 02-new-dialog, 03-customer-fd-tab, SVC-*, FIN-*)."
FD-TMPL-005,C28506,https://shopview.testrail.io/index.php?/cases/view/28506,Template admin — auto-apply,Verify the 'Auto-apply to all new work orders at this location' checkbox adds the template to every new work order at that location,High,VIU-Verified,No action needed — passed.,"auto-apply template ('Capped discount' + test pfees) landed on every fresh WO as appliedBy=auto | WORDING+VIU 2026-07-13: CORRECTED auto-apply label: dialog toggle is 'Auto-apply to new work orders'; list column 'Auto-Apply To Work Orders'. Confirmed live (shot tmpl-02). | SV-8456 (2026-07-21 staging LIVE VIU): F&D moved to SETTINGS→SERVICE (below Canned Lines); template/WO/Part-sale/customer dialogs now show Taxable as a Yes/No DROPDOWN (was toggle); Auto-apply is a CHECKBOX with a 'When on…' caption; settings & customer tables are plain-text/left-aligned (no badges); WO sidebar card retitled 'Work Order Fees & Discounts' and renders ABOVE Financial Info; Part-sale card 'Parts Sale Fees & Discounts' above Financial Info. Permission gate pivoted Settings→Finance → Settings→Service (verified live: Service-user sees+manages F&D & convenience toggle; Finance-only user has no F&D nav item and /administration/adjustment-templates bounces to /workorders). Frontend-only; functionality + calc INTACT. | RE-VIU 2026-07-22 LIVE (Batch 4, SV-8456 re-verify): access-check quick-login {admin} HTTP 200. Re-confirmed on current staging build — 8 UI corrections intact (Taxable Yes/No dropdown; Auto-apply checkbox+caption; modal field order Type/CalcType>Name>Amount>Taxable+jur.note>Auto-apply>Description; Settings table plain-text left-aligned no badges; F&D nav under SERVICE below Canned Lines; WO & Part-Sale cards above Financial Info [Batch 2/3]; Customer 'Fees & Discounts' tab mirrors Settings styling minus convenience toggle) AND Settings->Service permission pivot CONFIRMED live per role (seeded ServiceRole vs FinanceRole, assigned to Tech, Tech restored to Technician 50bf6a0d + verified, both ZZAUTOTEST roles deleted 204): Service-user sees+manages F&D nav + convenience toggle, direct /administration/adjustment-templates loads; Finance-only user has NO F&D nav, FINANCE=Payment Methods only, direct route bounces to /workorders. viu_status VIU-Verified re-confirmed. Ev build/fees-discounts/viu-sv8456-2026-07-22/ (01-settings-landing, 02-new-dialog, 03-customer-fd-tab, SVC-*, FIN-*)."
FD-TMPL-006,C28507,https://shopview.testrail.io/index.php?/cases/view/28507,Template admin — edit,"Verify editing a template (Edit Fee / Discount dialog, 'Save' button)",Medium,VIU-Verified,No action needed — passed.,edit locks Type+Calc on template edit (spec locks only in WO dialog) per batch-1; not re-driven | WORDING+VIU 2026-07-13: Edit dialog title 'Edit Fee / Discount' + 'Save' button confirmed on the fee/discount Edit dialog (shot edit-01). Edit opens from the row's pencil button. Toast text carried.
FD-TMPL-007,C28508,https://shopview.testrail.io/index.php?/cases/view/28508,Template admin — delete,Verify the template delete confirm dialog and buttons,High,VIU-Verified,No action needed — passed.,delete-confirm dialog + affectedCustomerCount warning per batch-1; delete-precondition endpoint intact | WORDING+VIU 2026-07-13: Delete confirm confirmed live: standardized 'Delete Template' dialog with 'Cancel' + red 'Delete' (shot tmpl-03). The plain (no-customer) body wording was not captured this run — the sample template had a customer default (see FD-TMPL-008).
FD-TMPL-008,C28509,https://shopview.testrail.io/index.php?/cases/view/28509,Template admin — delete,Verify the delete confirm adds a warning when the template is a customer default,Medium,VIU-Verified,No action needed — passed.,"standardized 'Delete Template' dialog wording = intended per epic; case-update to adopt live wording still pending | WORDING+VIU 2026-07-13: Customer-default warning confirmed live EXACTLY: 'This template is set as a default for N customer(s). Deleting it will remove it from them.' (saw '1 customer', shot tmpl-03)."
FD-TMPL-009,C28510,https://shopview.testrail.io/index.php?/cases/view/28510,Template admin — delete,Verify deleting a template leaves work-order fees/discounts made from it unchanged,High,VIU-Verified,No action needed — passed.,"template deleted (204) -> WO adjustment made from it survives unchanged (resolved 6 intact) | WORDING+VIU 2026-07-13: Delete leaves WO adjustments unchanged; carried. Nav corrected to Finance. | SV-8456 (2026-07-21 staging LIVE VIU): F&D moved to SETTINGS→SERVICE (below Canned Lines); template/WO/Part-sale/customer dialogs now show Taxable as a Yes/No DROPDOWN (was toggle); Auto-apply is a CHECKBOX with a 'When on…' caption; settings & customer tables are plain-text/left-aligned (no badges); WO sidebar card retitled 'Work Order Fees & Discounts' and renders ABOVE Financial Info; Part-sale card 'Parts Sale Fees & Discounts' above Financial Info. Permission gate pivoted Settings→Finance → Settings→Service (verified live: Service-user sees+manages F&D & convenience toggle; Finance-only user has no F&D nav item and /administration/adjustment-templates bounces to /workorders). Frontend-only; functionality + calc INTACT. | RE-VIU 2026-07-22 LIVE (Batch 4, SV-8456 re-verify): access-check quick-login {admin} HTTP 200. Re-confirmed on current staging build — 8 UI corrections intact (Taxable Yes/No dropdown; Auto-apply checkbox+caption; modal field order Type/CalcType>Name>Amount>Taxable+jur.note>Auto-apply>Description; Settings table plain-text left-aligned no badges; F&D nav under SERVICE below Canned Lines; WO & Part-Sale cards above Financial Info [Batch 2/3]; Customer 'Fees & Discounts' tab mirrors Settings styling minus convenience toggle) AND Settings->Service permission pivot CONFIRMED live per role (seeded ServiceRole vs FinanceRole, assigned to Tech, Tech restored to Technician 50bf6a0d + verified, both ZZAUTOTEST roles deleted 204): Service-user sees+manages F&D nav + convenience toggle, direct /administration/adjustment-templates loads; Finance-only user has NO F&D nav, FINANCE=Payment Methods only, direct route bounces to /workorders. viu_status VIU-Verified re-confirmed. Ev build/fees-discounts/viu-sv8456-2026-07-22/ (01-settings-landing, 02-new-dialog, 03-customer-fd-tab, SVC-*, FIN-*)."
FD-TMPL-011,C28512,https://shopview.testrail.io/index.php?/cases/view/28512,Template admin — dialog fields,Verify Max Amount shows only for percentage methods and how 0 behaves,Medium,VIU-Verified,No action needed — passed.,"maxCap 0 accepted and STORED as 0 on the template (201) and WO resolve treats 0 as NO cap (34.15) — FDBUG-9 persists | WORDING+VIU 2026-07-13: Max Amount only for % confirmed (WO+template dialogs). DEVIATION (PO Q2): a Max Amount of 0 is treated as 'no cap'. Labels cleaned. | CHRIS WARD ROUND-2 ANSWER APPLIED 2026-07-14(Q2=A): PO ruled a typed 0 in Max Amount = 'no limit' (WAD, S2-R25). 0-handling no longer a deviation; FDBUG-9 closed as accepted; jira draft TICKET 4 DROPPED. Expected reworded to affirm 0=no-cap. PUSHED TO TESTRAIL 2026-07-14 via update_case (QA-lead one-day authorization; update 200 / re-verify 200 MATCH; audit: testrail-round2-push-log.md)."
FD-TMPL-013,C28514,https://shopview.testrail.io/index.php?/cases/view/28514,Template admin — validation,Verify a percentage-discount template cannot go over 100% while a percentage-fee template has no cap,Medium,VIU-Verified,No action needed — passed.,discount template 150% -> 400; fee template 150% -> 201 | WORDING+VIU 2026-07-13: %>100 discount rejected (confirmed via API 2026-07-13: 'A percentage discount cannot exceed 100%').
FD-TMPL-014,C28515,https://shopview.testrail.io/index.php?/cases/view/28515,Template admin — dialog fields,Verify a Fee/Discount template offers the four whole-work-order methods and no scope field,Medium,VIU-Verified,No action needed — passed.,"builder offers exactly 4 whole-WO methods (Flat, % Labor, % Parts, % Subtotal), no scope field, no legacy '% Labor+Parts' | WORDING+VIU 2026-07-13: Calc Type options confirmed (same 4 whole-WO methods as the WO dialog); no scope field."
FD-TMPL-015,C28516,https://shopview.testrail.io/index.php?/cases/view/28516,Template admin — negative,Verify the template save-failure message,Low,VIU-Verified,No action needed — passed.,template empty name -> 400; amount 0 -> 400 (save-failure surfaced) | WORDING+VIU 2026-07-13: Save-failure toast text carried from prior VIU (not force-failed this run).
FD-TMPL-016,C28517,https://shopview.testrail.io/index.php?/cases/view/28517,Template admin — permissions,Verify the admin Fees & Discounts page needs the Settings → Service permission,High,VIU-Verified,No action needed — passed.,"BE-enforced: tech templates GET/POST -> 403; page FE-gated settingsFinance | WORDING+VIU 2026-07-13: Templates admin is back-end gated by Settings → Finance (Tech → 403), established batch-2. Nav corrected to Finance. NOTE: re-check the Tech negative after the roles matrix is re-derived (Technician drifted on shared qb). | SV-8456 (2026-07-21 staging LIVE VIU): F&D moved to SETTINGS→SERVICE (below Canned Lines); template/WO/Part-sale/customer dialogs now show Taxable as a Yes/No DROPDOWN (was toggle); Auto-apply is a CHECKBOX with a 'When on…' caption; settings & customer tables are plain-text/left-aligned (no badges); WO sidebar card retitled 'Work Order Fees & Discounts' and renders ABOVE Financial Info; Part-sale card 'Parts Sale Fees & Discounts' above Financial Info. Permission gate pivoted Settings→Finance → Settings→Service (verified live: Service-user sees+manages F&D & convenience toggle; Finance-only user has no F&D nav item and /administration/adjustment-templates bounces to /workorders). Frontend-only; functionality + calc INTACT. | RE-VIU 2026-07-22 LIVE (Batch 4, SV-8456 re-verify): access-check quick-login {admin} HTTP 200. Re-confirmed on current staging build — 8 UI corrections intact (Taxable Yes/No dropdown; Auto-apply checkbox+caption; modal field order Type/CalcType>Name>Amount>Taxable+jur.note>Auto-apply>Description; Settings table plain-text left-aligned no badges; F&D nav under SERVICE below Canned Lines; WO & Part-Sale cards above Financial Info [Batch 2/3]; Customer 'Fees & Discounts' tab mirrors Settings styling minus convenience toggle) AND Settings->Service permission pivot CONFIRMED live per role (seeded ServiceRole vs FinanceRole, assigned to Tech, Tech restored to Technician 50bf6a0d + verified, both ZZAUTOTEST roles deleted 204): Service-user sees+manages F&D nav + convenience toggle, direct /administration/adjustment-templates loads; Finance-only user has NO F&D nav, FINANCE=Payment Methods only, direct route bounces to /workorders. viu_status VIU-Verified re-confirmed. Ev build/fees-discounts/viu-sv8456-2026-07-22/ (01-settings-landing, 02-new-dialog, 03-customer-fd-tab, SVC-*, FIN-*)."
FD-TMPL-017,C28518,https://shopview.testrail.io/index.php?/cases/view/28518,Template admin — dialog fields,Verify the template Name is limited to 100 characters,Low,VIU-Verified,No action needed — passed.,name 100ch -> 201; 101ch -> 400 | WORDING+VIU 2026-07-13: Name 100-char limit carried.
FD-TMPL-018,C29917,https://shopview.testrail.io/index.php?/cases/view/29917,Template admin — jurisdiction note,Verify the admin Fee/Discount template dialog shows the tax-jurisdiction note below the Taxable Yes/No dropdown (for every kind),Medium,VIU-Verified,No action needed — passed.,"administration/adjustment-templates loads; Finance-only user has NO F&D nav, FINANCE=Payment Methods only, direct route bounces to /workorders. viu_status VIU-Verified re-confirmed. Ev build/fees-discounts/viu-sv8456-2026-07-22/ (01-settings-landing, 02-new-dialog, 03-customer-fd-tab, SVC-*, FIN-*)."
FD-VAL-001,C28599,https://shopview.testrail.io/index.php?/cases/view/28599,Validation / Edge,"Verify the Add button stays disabled until Name, Type, Calculation Type and an Amount above 0 are all set",High,VIU-Verified,No action needed — passed.,"CONFIRMED AGAIN: Add button enabled on empty form (validates on submit) — PO Q4=B defect persists | WORDING+VIU 2026-07-13: DEVIATION re-confirmed 2026-07-13 (BUG-FD-4): the 'Add Fee' button is ENABLED on an empty form (validates on submit). Labels build-accurate (Add Fee/Add Discount, Calculation Type, Max Amount). | STAGING VIU 2026-07-20 staging LIVE VIU: BUG-FD-4 FIXED on staging: confirm button disabled until Name+Type+Calc+Amount>0 set. Live-observed (dev-wo-emptyform + part-sale Add Fee disabled-until-valid). | SV-8479/8480 deconfliction 2026-07-22: label sweep: navigation labels -> 'Add Work Order Fee / Discount' / 'New Work Order Fee / Discount' (behavior/expected unchanged). | VIU 2026-07-22 LIVE: SV-8479 nav label 'Add Work Order Fee / Discount' confirmed present in the WO toolbar ⋯ menu; case behavior unchanged. Ev: wo/FD-WO-025-toolbar-menu.png."
FD-VAL-002,C28600,https://shopview.testrail.io/index.php?/cases/view/28600,Validation / Edge,"Verify a blank or 0 amount blocks saving, with an error",High,VIU-Verified,No action needed — passed.,amount 0 -> 400 (API); UI inline error on submit | WORDING+VIU 2026-07-13: Blank/0 amount blocked; carry prior VIU. Labels cleaned. | SV-8479/8480 deconfliction 2026-07-22: label sweep: navigation labels -> 'Add Work Order Fee / Discount' / 'New Work Order Fee / Discount' (behavior/expected unchanged). | VIU 2026-07-22 LIVE: SV-8479 nav label 'Add Work Order Fee / Discount' confirmed present in the WO toolbar ⋯ menu; case behavior unchanged. Ev: wo/FD-WO-025-toolbar-menu.png.
FD-VAL-003,C28601,https://shopview.testrail.io/index.php?/cases/view/28601,Validation / Edge,"Verify an empty Name blocks saving, with an error (Name required, up to 100 characters)",Medium,VIU-Verified,No action needed — passed.,"UI blocks empty name (inline required error). NEW FDBUG-16: raw API now ACCEPTS empty-name adds (201; regression vs batch-3 400) — FE-only guard; name 101ch -> 400, 100ch -> 201 | WORDING+VIU 2026-07-13: Empty name blocked in UI; 100-char limit. (Raw back-end accepts empty name — FDBUG-16 — but the dialog blocks it.) | SV-8479/8480 deconfliction 2026-07-22: label sweep: navigation labels -> 'Add Work Order Fee / Discount' / 'New Work Order Fee / Discount' (behavior/expected unchanged). | VIU 2026-07-22 LIVE: SV-8479 nav label 'Add Work Order Fee / Discount' confirmed present in the WO toolbar ⋯ menu; case behavior unchanged. Ev: wo/FD-WO-025-toolbar-menu.png."
FD-VAL-004,C28602,https://shopview.testrail.io/index.php?/cases/view/28602,Validation / Edge,Verify a percentage discount over 100% is invalid while a percentage fee has no upper cap,High,VIU-Verified,No action needed — passed.,"discount >100% invalid (400), fee uncapped (201) | WORDING+VIU 2026-07-13: %>100 discount invalid, fee uncapped; carry prior VIU. Labels cleaned. | SV-8479/8480 deconfliction 2026-07-22: label sweep: navigation labels -> 'Add Work Order Fee / Discount' / 'New Work Order Fee / Discount' (behavior/expected unchanged). | VIU 2026-07-22 LIVE: SV-8479 nav label 'Add Work Order Fee / Discount' confirmed present in the WO toolbar ⋯ menu; case behavior unchanged. Ev: wo/FD-WO-025-toolbar-menu.png."
FD-VAL-005,C28603,https://shopview.testrail.io/index.php?/cases/view/28603,Validation / Edge,Verify negative amounts are rejected (values must be above 0),Medium,VIU-Verified,No action needed — passed.,negative amount -> 400 | WORDING+VIU 2026-07-13: Negatives rejected; carry prior VIU. | SV-8479/8480 deconfliction 2026-07-22: label sweep: navigation labels -> 'Add Work Order Fee / Discount' / 'New Work Order Fee / Discount' (behavior/expected unchanged). | VIU 2026-07-22 LIVE: SV-8479 nav label 'Add Work Order Fee / Discount' confirmed present in the WO toolbar ⋯ menu; case behavior unchanged. Ev: wo/FD-WO-025-toolbar-menu.png.
FD-VAL-006,C28604,https://shopview.testrail.io/index.php?/cases/view/28604,Validation / Edge,Verify the Max Amount field shows only for percentage methods and how 0 or empty behaves,Medium,VIU-Verified,No action needed — passed.,"FDBUG-9: maxCap 0 behaves as NO cap (not 'no maximum' spec reading matches build for empty, but 0 disagrees w/ §5-R6 $0-forces-$0) — persists | WORDING+VIU 2026-07-13: Confirmed live: '$ Max Amount (Optional)' appears only for percentage methods (hidden for Flat Amount, shots wo-03/wo-05). DEVIATION (FDBUG-9 / PO Q2 pending): whether a Max Amount of 0 means 'no cap' or 'cap at $0.00' is a pending product decision — expected kept as current build behavior. | CHRIS WARD ROUND-2 ANSWER APPLIED 2026-07-14(Q2=A): PO ruled a typed 0 in Max Amount = 'no limit' (WAD, S2-R25). 0-handling no longer a deviation; FDBUG-9 closed as accepted; jira draft TICKET 4 DROPPED. Expected reworded to affirm 0=no-cap. PUSHED TO TESTRAIL 2026-07-14 via update_case (QA-lead one-day authorization; update 200 / re-verify 200 MATCH; audit: testrail-round2-push-log.md). | SV-8479/8480 deconfliction 2026-07-22: label sweep: navigation labels -> 'Add Work Order Fee / Discount' / 'New Work Order Fee / Discount' (behavior/expected unchanged). | VIU 2026-07-22 LIVE: SV-8479 nav label 'Add Work Order Fee / Discount' confirmed present in the WO toolbar ⋯ menu; case behavior unchanged. Ev: wo/FD-WO-025-toolbar-menu.png."
FD-VAL-007,C28605,https://shopview.testrail.io/index.php?/cases/view/28605,Validation / Edge,Verify a template that is both auto-apply at the location and a customer default is added only ONCE to a new work order,Medium,VIU-Verified,No action needed — passed.,"auto+default template -> exactly ONE adjustment on the new WO | WORDING+VIU 2026-07-13: Double-add does not stack (one adjustment); carry prior VIU. | SV-8456 (2026-07-21 staging LIVE VIU): F&D moved to SETTINGS→SERVICE (below Canned Lines); template/WO/Part-sale/customer dialogs now show Taxable as a Yes/No DROPDOWN (was toggle); Auto-apply is a CHECKBOX with a 'When on…' caption; settings & customer tables are plain-text/left-aligned (no badges); WO sidebar card retitled 'Work Order Fees & Discounts' and renders ABOVE Financial Info; Part-sale card 'Parts Sale Fees & Discounts' above Financial Info. Permission gate pivoted Settings→Finance → Settings→Service (verified live: Service-user sees+manages F&D & convenience toggle; Finance-only user has no F&D nav item and /administration/adjustment-templates bounces to /workorders). Frontend-only; functionality + calc INTACT. | RE-VIU 2026-07-22 LIVE (Batch 4, SV-8456 re-verify): access-check quick-login {admin} HTTP 200. Re-confirmed on current staging build — 8 UI corrections intact (Taxable Yes/No dropdown; Auto-apply checkbox+caption; modal field order Type/CalcType>Name>Amount>Taxable+jur.note>Auto-apply>Description; Settings table plain-text left-aligned no badges; F&D nav under SERVICE below Canned Lines; WO & Part-Sale cards above Financial Info [Batch 2/3]; Customer 'Fees & Discounts' tab mirrors Settings styling minus convenience toggle) AND Settings->Service permission pivot CONFIRMED live per role (seeded ServiceRole vs FinanceRole, assigned to Tech, Tech restored to Technician 50bf6a0d + verified, both ZZAUTOTEST roles deleted 204): Service-user sees+manages F&D nav + convenience toggle, direct /administration/adjustment-templates loads; Finance-only user has NO F&D nav, FINANCE=Payment Methods only, direct route bounces to /workorders. viu_status VIU-Verified re-confirmed. Ev build/fees-discounts/viu-sv8456-2026-07-22/ (01-settings-landing, 02-new-dialog, 03-customer-fd-tab, SVC-*, FIN-*)."
FD-WO-001,C28424,https://shopview.testrail.io/index.php?/cases/view/28424,Work Order — Whole-WO Fee/Discount,Verify the whole-work-order fee/discount dialog opens from the toolbar menu with title 'New Work Order Fee / Discount',Critical,VIU-Verified,No action needed — passed.,"dialog title still 'Add new fee/discount' (spec 'New Fee / Discount'), menu item 'Add Fee/Discount' — label drift persists (UI re-driven, shot 10-wo-add-dialog) | WORDING+VIU 2026-07-13: rewritten to exact build labels (⋮ menu item 'Add Fee/Discount'; dialog 'Add new fee/discount'; fields 'Apply From Template'/'Name'/'Type'/'Calculation Type'/'$ Amount' or 'Percent %'/'$ Max Amount (Optional)'/'Taxable' toggle; whole-WO Calculation Type options = Flat Amount, % of Labor Total, % of Parts Total, % of Subtotal; buttons 'Add Fee'/'Add Discount'; sidebar card 'WO Fees & Discounts'; preview empty prompt 'Enter an amount to see the impact.'). Captured live on WO S3-15960 (shots wo-01..wo-05). Now build-accurate (was VIU-Deviation only because the case used the older spec wording). Dialog shows no work-order-number subtitle in this build (old expected claim dropped). | SV-8479/8480 deconfliction 2026-07-22: menu item 'Add Fee/Discount' -> 'Add Work Order Fee / Discount' (item 10); title 'Add new fee/discount' -> 'New Work Order Fee / Discount' + new subline 'Applying To: Entire Work Order' (item 11, reverses the old 'no Applying-to line' claim). Absorbs dropped new case FD-WO-026. | VIU 2026-07-22 LIVE: whole-WO dialog opens from toolbar menu; title 'New Work Order Fee / Discount', subline 'Applying To: Entire Work Order', no scope dropdown. Ev: wo/FD-WO-001-wo-dialog.png, wo/wo-dialog-text.txt."
FD-WO-002,C28425,https://shopview.testrail.io/index.php?/cases/view/28425,Work Order — Whole-WO Fee/Discount,Verify adding a whole-work-order flat-amount fee saves and shows a success message,Critical,VIU-Verified,No action needed — passed.,"whole-WO flat fee add 201 + visible in WO view (flat 7.77 resolved exactly) | WORDING+VIU 2026-07-13: rewritten to exact build labels (⋮ menu item 'Add Fee/Discount'; dialog 'Add new fee/discount'; fields 'Apply From Template'/'Name'/'Type'/'Calculation Type'/'$ Amount' or 'Percent %'/'$ Max Amount (Optional)'/'Taxable' toggle; whole-WO Calculation Type options = Flat Amount, % of Labor Total, % of Parts Total, % of Subtotal; buttons 'Add Fee'/'Add Discount'; sidebar card 'WO Fees & Discounts'; preview empty prompt 'Enter an amount to see the impact.'). Captured live on WO S3-15960 (shots wo-01..wo-05). Sidebar card is 'WO Fees & Discounts' (was 'Work Order Fee / Discount'). Exact success-toast text not re-captured this pass (worded as 'a success message'). | SV-8456 (2026-07-21 staging LIVE VIU): F&D moved to SETTINGS→SERVICE (below Canned Lines); template/WO/Part-sale/customer dialogs now show Taxable as a Yes/No DROPDOWN (was toggle); Auto-apply is a CHECKBOX with a 'When on…' caption; settings & customer tables are plain-text/left-aligned (no badges); WO sidebar card retitled 'Work Order Fees & Discounts' and renders ABOVE Financial Info; Part-sale card 'Parts Sale Fees & Discounts' above Financial Info. Permission gate pivoted Settings→Finance → Settings→Service (verified live: Service-user sees+manages F&D & convenience toggle; Finance-only user has no F&D nav item and /administration/adjustment-templates bounces to /workorders). Frontend-only; functionality + calc INTACT. | SV-8479/8480 deconfliction 2026-07-22: label sweep: navigation labels -> 'Add Work Order Fee / Discount' / 'New Work Order Fee / Discount' (behavior/expected unchanged). | VIU 2026-07-22 LIVE: SV-8479 nav label 'Add Work Order Fee / Discount' confirmed present in the WO toolbar ⋯ menu; case behavior unchanged. Ev: wo/FD-WO-025-toolbar-menu.png. | RE-VIU 2026-07-22 LIVE (Batch 4, SV-8456 re-verify): access-check quick-login {admin} HTTP 200. Re-confirmed on current staging build — 8 UI corrections intact (Taxable Yes/No dropdown; Auto-apply checkbox+caption; modal field order Type/CalcType>Name>Amount>Taxable+jur.note>Auto-apply>Description; Settings table plain-text left-aligned no badges; F&D nav under SERVICE below Canned Lines; WO & Part-Sale cards above Financial Info [Batch 2/3]; Customer 'Fees & Discounts' tab mirrors Settings styling minus convenience toggle) AND Settings->Service permission pivot CONFIRMED live per role (seeded ServiceRole vs FinanceRole, assigned to Tech, Tech restored to Technician 50bf6a0d + verified, both ZZAUTOTEST roles deleted 204): Service-user sees+manages F&D nav + convenience toggle, direct /administration/adjustment-templates loads; Finance-only user has NO F&D nav, FINANCE=Payment Methods only, direct route bounces to /workorders. viu_status VIU-Verified re-confirmed. Ev build/fees-discounts/viu-sv8456-2026-07-22/ (01-settings-landing, 02-new-dialog, 03-customer-fd-tab, SVC-*, FIN-*)."
FD-WO-003,C28426,https://shopview.testrail.io/index.php?/cases/view/28426,Work Order — Whole-WO Fee/Discount,Verify the live preview shows a whole-work-order percentage discount before you save,High,VIU-Verified,No action needed — passed.,"dialog live preview re-driven ($5 flat -> '+$5.00 / New work-order subtotal $187.76'); pct preview math not re-driven, API pct resolution re-proven (10%->17.08) | WORDING+VIU 2026-07-13: rewritten to exact build labels (⋮ menu item 'Add Fee/Discount'; dialog 'Add new fee/discount'; fields 'Apply From Template'/'Name'/'Type'/'Calculation Type'/'$ Amount' or 'Percent %'/'$ Max Amount (Optional)'/'Taxable' toggle; whole-WO Calculation Type options = Flat Amount, % of Labor Total, % of Parts Total, % of Subtotal; buttons 'Add Fee'/'Add Discount'; sidebar card 'WO Fees & Discounts'; preview empty prompt 'Enter an amount to see the impact.'). Captured live on WO S3-15960 (shots wo-01..wo-05). Calc type corrected from generic 'Percentage' to the real whole-WO option '% of Subtotal'. Exact preview row labels not re-captured this pass (behavior verified 2026-07-10). | SV-8479/8480 deconfliction 2026-07-22: label sweep: navigation labels -> 'Add Work Order Fee / Discount' / 'New Work Order Fee / Discount' (behavior/expected unchanged). | VIU 2026-07-22 LIVE: SV-8479 nav label 'Add Work Order Fee / Discount' confirmed present in the WO toolbar ⋯ menu; case behavior unchanged. Ev: wo/FD-WO-025-toolbar-menu.png."
FD-WO-004,C28427,https://shopview.testrail.io/index.php?/cases/view/28427,Work Order — Whole-WO Fee/Discount,Verify 'Apply From Template' fills the dialog with a template's values,High,VIU-Verified,No action needed — passed.,"not re-driven today (Apply-From-Template combobox present in dialog); templateId add path re-proven via API (FD-STACK-003) | WORDING+VIU 2026-07-13: rewritten to exact build labels (⋮ menu item 'Add Fee/Discount'; dialog 'Add new fee/discount'; fields 'Apply From Template'/'Name'/'Type'/'Calculation Type'/'$ Amount' or 'Percent %'/'$ Max Amount (Optional)'/'Taxable' toggle; whole-WO Calculation Type options = Flat Amount, % of Labor Total, % of Parts Total, % of Subtotal; buttons 'Add Fee'/'Add Discount'; sidebar card 'WO Fees & Discounts'; preview empty prompt 'Enter an amount to see the impact.'). Captured live on WO S3-15960 (shots wo-01..wo-05). Dropdown label is exactly 'Apply From Template' (was 'Apply from template (optional)'). | SV-8479/8480 deconfliction 2026-07-22: label sweep: navigation labels -> 'Add Work Order Fee / Discount' / 'New Work Order Fee / Discount' (behavior/expected unchanged). | VIU 2026-07-22 LIVE: SV-8479 nav label 'Add Work Order Fee / Discount' confirmed present in the WO toolbar ⋯ menu; case behavior unchanged. Ev: wo/FD-WO-025-toolbar-menu.png."
FD-WO-005,C28428,https://shopview.testrail.io/index.php?/cases/view/28428,Work Order — Whole-WO Fee/Discount,"Verify the Add button stays disabled until Name, Type, Calculation Type and an Amount above 0 are all filled in",Critical,VIU-Verified,No action needed — passed.,"CONFIRMED AGAIN: 'Add Fee' button ENABLED on an empty form (disabled-on-empty=false) — PO Q4=B defect persists | WORDING+VIU 2026-07-13: rewritten to exact build labels (⋮ menu item 'Add Fee/Discount'; dialog 'Add new fee/discount'; fields 'Apply From Template'/'Name'/'Type'/'Calculation Type'/'$ Amount' or 'Percent %'/'$ Max Amount (Optional)'/'Taxable' toggle; whole-WO Calculation Type options = Flat Amount, % of Labor Total, % of Parts Total, % of Subtotal; buttons 'Add Fee'/'Add Discount'; sidebar card 'WO Fees & Discounts'; preview empty prompt 'Enter an amount to see the impact.'). Captured live on WO S3-15960 (shots wo-01..wo-05). DEVIATION re-confirmed live 2026-07-13: the 'Add Fee' button is ENABLED on an empty form (validation happens on submit, not by disabling) — BUG-FD-4. Expected kept as the intended behavior; tester will see the button enabled. | STAGING VIU 2026-07-20 staging LIVE VIU: BUG-FD-4 FIXED on staging: Add Fee button is DISABLED on an empty form (was enabled on qb). Live-observed (dev-wo-emptyform, disabled=true). | SV-8479/8480 deconfliction 2026-07-22: label sweep: navigation labels -> 'Add Work Order Fee / Discount' / 'New Work Order Fee / Discount' (behavior/expected unchanged). | VIU 2026-07-22 LIVE: SV-8479 nav label 'Add Work Order Fee / Discount' confirmed present in the WO toolbar ⋯ menu; case behavior unchanged. Ev: wo/FD-WO-025-toolbar-menu.png."
FD-WO-006,C28429,https://shopview.testrail.io/index.php?/cases/view/28429,Work Order — Whole-WO Fee/Discount,Verify Max Amount caps a percentage fee (20% on a $100 base with Max Amount $15 → +$15.00),Medium,VIU-Verified,No action needed — passed.,"20% of 170.76 (=34.15) capped at Max 15 -> resolved exactly 15 | WORDING+VIU 2026-07-13: rewritten to exact build labels (⋮ menu item 'Add Fee/Discount'; dialog 'Add new fee/discount'; fields 'Apply From Template'/'Name'/'Type'/'Calculation Type'/'$ Amount' or 'Percent %'/'$ Max Amount (Optional)'/'Taxable' toggle; whole-WO Calculation Type options = Flat Amount, % of Labor Total, % of Parts Total, % of Subtotal; buttons 'Add Fee'/'Add Discount'; sidebar card 'WO Fees & Discounts'; preview empty prompt 'Enter an amount to see the impact.'). Captured live on WO S3-15960 (shots wo-01..wo-05). The '$ Max Amount (Optional)' field appears only after a percentage method is chosen (confirmed live). | SV-8479/8480 deconfliction 2026-07-22: label sweep: navigation labels -> 'Add Work Order Fee / Discount' / 'New Work Order Fee / Discount' (behavior/expected unchanged). | VIU 2026-07-22 LIVE: SV-8479 nav label 'Add Work Order Fee / Discount' confirmed present in the WO toolbar ⋯ menu; case behavior unchanged. Ev: wo/FD-WO-025-toolbar-menu.png."
FD-WO-007,C28430,https://shopview.testrail.io/index.php?/cases/view/28430,Work Order — Whole-WO Fee/Discount,Verify the confirm button label follows the Type (Add Fee vs Add Discount),Medium,VIU-Verified,No action needed — passed.,"confirm label 'Add Fee' observed; Type-flip re-observed in batch-1 (not re-driven) | WORDING+VIU 2026-07-13: rewritten to exact build labels (⋮ menu item 'Add Fee/Discount'; dialog 'Add new fee/discount'; fields 'Apply From Template'/'Name'/'Type'/'Calculation Type'/'$ Amount' or 'Percent %'/'$ Max Amount (Optional)'/'Taxable' toggle; whole-WO Calculation Type options = Flat Amount, % of Labor Total, % of Parts Total, % of Subtotal; buttons 'Add Fee'/'Add Discount'; sidebar card 'WO Fees & Discounts'; preview empty prompt 'Enter an amount to see the impact.'). Captured live on WO S3-15960 (shots wo-01..wo-05). | SV-8479/8480 deconfliction 2026-07-22: label sweep: navigation labels -> 'Add Work Order Fee / Discount' / 'New Work Order Fee / Discount' (behavior/expected unchanged). | VIU 2026-07-22 LIVE: SV-8479 nav label 'Add Work Order Fee / Discount' confirmed present in the WO toolbar ⋯ menu; case behavior unchanged. Ev: wo/FD-WO-025-toolbar-menu.png."
FD-WO-008,C28431,https://shopview.testrail.io/index.php?/cases/view/28431,Work Order — Whole-WO Fee/Discount,Verify an empty Name blocks saving a whole-work-order fee/discount,Medium,VIU-Verified,No action needed — passed.,"UI BLOCKS empty name (inline 'Name' required, dialog stays open, nothing saved). NOTE NEW FDBUG-16: the RAW API now ACCEPTS an empty-name adjustment (201; was 400 in batch-3) — BE validation regression, FE still guards | WORDING+VIU 2026-07-13: rewritten to exact build labels (⋮ menu item 'Add Fee/Discount'; dialog 'Add new fee/discount'; fields 'Apply From Template'/'Name'/'Type'/'Calculation Type'/'$ Amount' or 'Percent %'/'$ Max Amount (Optional)'/'Taxable' toggle; whole-WO Calculation Type options = Flat Amount, % of Labor Total, % of Parts Total, % of Subtotal; buttons 'Add Fee'/'Add Discount'; sidebar card 'WO Fees & Discounts'; preview empty prompt 'Enter an amount to see the impact.'). Captured live on WO S3-15960 (shots wo-01..wo-05). (Note: the raw back-end will accept an empty name — FDBUG-16 — but the on-screen dialog blocks it, which is what a manual tester sees.) | SV-8479/8480 deconfliction 2026-07-22: label sweep: navigation labels -> 'Add Work Order Fee / Discount' / 'New Work Order Fee / Discount' (behavior/expected unchanged). | VIU 2026-07-22 LIVE: SV-8479 nav label 'Add Work Order Fee / Discount' confirmed present in the WO toolbar ⋯ menu; case behavior unchanged. Ev: wo/FD-WO-025-toolbar-menu.png."
FD-WO-009,C28432,https://shopview.testrail.io/index.php?/cases/view/28432,Work Order — Whole-WO Fee/Discount,Verify an empty or zero amount blocks saving a whole-work-order fee/discount,Medium,VIU-Verified,No action needed — passed.,"amount 0 -> 400 at API; UI validates on submit | WORDING+VIU 2026-07-13: rewritten to exact build labels (⋮ menu item 'Add Fee/Discount'; dialog 'Add new fee/discount'; fields 'Apply From Template'/'Name'/'Type'/'Calculation Type'/'$ Amount' or 'Percent %'/'$ Max Amount (Optional)'/'Taxable' toggle; whole-WO Calculation Type options = Flat Amount, % of Labor Total, % of Parts Total, % of Subtotal; buttons 'Add Fee'/'Add Discount'; sidebar card 'WO Fees & Discounts'; preview empty prompt 'Enter an amount to see the impact.'). Captured live on WO S3-15960 (shots wo-01..wo-05). | SV-8479/8480 deconfliction 2026-07-22: label sweep: navigation labels -> 'Add Work Order Fee / Discount' / 'New Work Order Fee / Discount' (behavior/expected unchanged). | VIU 2026-07-22 LIVE: SV-8479 nav label 'Add Work Order Fee / Discount' confirmed present in the WO toolbar ⋯ menu; case behavior unchanged. Ev: wo/FD-WO-025-toolbar-menu.png."
FD-WO-010,C28433,https://shopview.testrail.io/index.php?/cases/view/28433,Work Order — Whole-WO Fee/Discount,Verify a percentage discount over 100% is rejected while a percentage fee has no upper limit,Medium,VIU-Verified,No action needed — passed.,"discount 150% -> 400 'A percentage discount cannot exceed 100%.'; fee 150% -> 201 | WORDING+VIU 2026-07-13: rewritten to exact build labels (⋮ menu item 'Add Fee/Discount'; dialog 'Add new fee/discount'; fields 'Apply From Template'/'Name'/'Type'/'Calculation Type'/'$ Amount' or 'Percent %'/'$ Max Amount (Optional)'/'Taxable' toggle; whole-WO Calculation Type options = Flat Amount, % of Labor Total, % of Parts Total, % of Subtotal; buttons 'Add Fee'/'Add Discount'; sidebar card 'WO Fees & Discounts'; preview empty prompt 'Enter an amount to see the impact.'). Captured live on WO S3-15960 (shots wo-01..wo-05). | SV-8479/8480 deconfliction 2026-07-22: label sweep: navigation labels -> 'Add Work Order Fee / Discount' / 'New Work Order Fee / Discount' (behavior/expected unchanged). | VIU 2026-07-22 LIVE: SV-8479 nav label 'Add Work Order Fee / Discount' confirmed present in the WO toolbar ⋯ menu; case behavior unchanged. Ev: wo/FD-WO-025-toolbar-menu.png."
FD-WO-011,C28434,https://shopview.testrail.io/index.php?/cases/view/28434,Work Order — Whole-WO Fee/Discount,Verify a whole-work-order percentage method uses the correct base (% of Subtotal example),High,VIU-Verified,No action needed — passed.,"pct_subtotal resolves on the WO subtotal EXCLUDING whole-WO adjustments (10% of 182.76-sub -> 17.08 = 10% of 170.76 line total) | WORDING+VIU 2026-07-13: rewritten to exact build labels (⋮ menu item 'Add Fee/Discount'; dialog 'Add new fee/discount'; fields 'Apply From Template'/'Name'/'Type'/'Calculation Type'/'$ Amount' or 'Percent %'/'$ Max Amount (Optional)'/'Taxable' toggle; whole-WO Calculation Type options = Flat Amount, % of Labor Total, % of Parts Total, % of Subtotal; buttons 'Add Fee'/'Add Discount'; sidebar card 'WO Fees & Discounts'; preview empty prompt 'Enter an amount to see the impact.'). Captured live on WO S3-15960 (shots wo-01..wo-05). Calculation Type options confirmed live (exactly the 4 listed; no '% of Grand Total'). | SV-8479/8480 deconfliction 2026-07-22: label sweep: navigation labels -> 'Add Work Order Fee / Discount' / 'New Work Order Fee / Discount' (behavior/expected unchanged). | VIU 2026-07-22 LIVE: SV-8479 nav label 'Add Work Order Fee / Discount' confirmed present in the WO toolbar ⋯ menu; case behavior unchanged. Ev: wo/FD-WO-025-toolbar-menu.png."
FD-WO-012,C28435,https://shopview.testrail.io/index.php?/cases/view/28435,Work Order — Whole-WO Fee/Discount,Verify Add Work Order Fee / Discount is hidden and blocked on an Invoiced or Paid work order,High,VIU-Verified,No action needed — passed.,"add on Invoiced WO -> 409 'Adjustments cannot be changed on an invoiced or paid work order.'; edit also 409 | WORDING+VIU 2026-07-13: rewritten to exact build labels (⋮ menu item 'Add Fee/Discount'; dialog 'Add new fee/discount'; fields 'Apply From Template'/'Name'/'Type'/'Calculation Type'/'$ Amount' or 'Percent %'/'$ Max Amount (Optional)'/'Taxable' toggle; whole-WO Calculation Type options = Flat Amount, % of Labor Total, % of Parts Total, % of Subtotal; buttons 'Add Fee'/'Add Discount'; sidebar card 'WO Fees & Discounts'; preview empty prompt 'Enter an amount to see the impact.'). Captured live on WO S3-15960 (shots wo-01..wo-05). | SV-8479/8480 deconfliction 2026-07-22: label sweep: navigation labels -> 'Add Work Order Fee / Discount' / 'New Work Order Fee / Discount' (behavior/expected unchanged). | VIU 2026-07-22 LIVE: SV-8479 nav label 'Add Work Order Fee / Discount' confirmed present in the WO toolbar ⋯ menu; case behavior unchanged. Ev: wo/FD-WO-025-toolbar-menu.png."
FD-WO-014,C28437,https://shopview.testrail.io/index.php?/cases/view/28437,Work Order — Whole-WO Fee/Discount,Verify the preview shows the empty-amount prompt before an amount is entered,Medium,VIU-Verified,No action needed — passed.,"'Enter an amount to see the impact.' prompt present in the re-driven dialog | WORDING+VIU 2026-07-13: rewritten to exact build labels (⋮ menu item 'Add Fee/Discount'; dialog 'Add new fee/discount'; fields 'Apply From Template'/'Name'/'Type'/'Calculation Type'/'$ Amount' or 'Percent %'/'$ Max Amount (Optional)'/'Taxable' toggle; whole-WO Calculation Type options = Flat Amount, % of Labor Total, % of Parts Total, % of Subtotal; buttons 'Add Fee'/'Add Discount'; sidebar card 'WO Fees & Discounts'; preview empty prompt 'Enter an amount to see the impact.'). Captured live on WO S3-15960 (shots wo-01..wo-05). Exact prompt text 'Enter an amount to see the impact.' confirmed live (shot wo-03). | SV-8479/8480 deconfliction 2026-07-22: label sweep: navigation labels -> 'Add Work Order Fee / Discount' / 'New Work Order Fee / Discount' (behavior/expected unchanged). | VIU 2026-07-22 LIVE: SV-8479 nav label 'Add Work Order Fee / Discount' confirmed present in the WO toolbar ⋯ menu; case behavior unchanged. Ev: wo/FD-WO-025-toolbar-menu.png."
FD-WO-015,C28438,https://shopview.testrail.io/index.php?/cases/view/28438,Work Order — Whole-WO Fee/Discount,Verify the preview amount is signed for a fee (+) vs a discount (−),Medium,VIU-Verified,No action needed — passed.,"preview row '+$5.00' with new-subtotal line re-observed; color/sign convention from batch-1 (not re-checked) | WORDING+VIU 2026-07-13: rewritten to exact build labels (⋮ menu item 'Add Fee/Discount'; dialog 'Add new fee/discount'; fields 'Apply From Template'/'Name'/'Type'/'Calculation Type'/'$ Amount' or 'Percent %'/'$ Max Amount (Optional)'/'Taxable' toggle; whole-WO Calculation Type options = Flat Amount, % of Labor Total, % of Parts Total, % of Subtotal; buttons 'Add Fee'/'Add Discount'; sidebar card 'WO Fees & Discounts'; preview empty prompt 'Enter an amount to see the impact.'). Captured live on WO S3-15960 (shots wo-01..wo-05). Kept to sign only; the exact fee/discount colours were not re-captured this pass. | SV-8479/8480 deconfliction 2026-07-22: label sweep: navigation labels -> 'Add Work Order Fee / Discount' / 'New Work Order Fee / Discount' (behavior/expected unchanged). | VIU 2026-07-22 LIVE: SV-8479 nav label 'Add Work Order Fee / Discount' confirmed present in the WO toolbar ⋯ menu; case behavior unchanged. Ev: wo/FD-WO-025-toolbar-menu.png."
FD-WO-016,C29441,https://shopview.testrail.io/index.php?/cases/view/29441,Work Order — Whole-WO Fee/Discount,Verify the Add/Edit fee-or-discount dialog shows the tax-jurisdiction note below the Taxable Yes/No dropdown,Medium,VIU-Verified,No action needed — passed.,"administration/adjustment-templates loads; Finance-only user has NO F&D nav, FINANCE=Payment Methods only, direct route bounces to /workorders. viu_status VIU-Verified re-confirmed. Ev build/fees-discounts/viu-sv8456-2026-07-22/ (01-settings-landing, 02-new-dialog, 03-customer-fd-tab, SVC-*, FIN-*)."
FD-WO-018,C30619,https://shopview.testrail.io/index.php?/cases/view/30619,Work Order / Parts — Part-line Fee/Discount,Verify the work-order part row three-dot menu item reads 'Add Part Fee / Discount',Medium,VIU-Verified,No action needed — passed.,". | VIU 2026-07-22 LIVE: part-row ⋮ menu = 'Move', 'Add Part Fee / Discount' (label correct; opens part fee/discount dialog). 'Return' state-gated — the seeded part was 'Auth To Order' (not received) so Return was not offered; Return appears only for returnable parts. Ev: wo/FD-WO-018-part-menu.png."
FD-WO-021,C30620,https://shopview.testrail.io/index.php?/cases/view/30620,Work Order — Sidebar 'Work Order Fee / Discount' card,"Verify the Work Order Fees & Discounts card shows the disclaimer 'Applies to the whole work order, after all other fees & discounts.'",Medium,VIU-Verified,No action needed — passed.,"s a mockup. QA passed on staging 2026-07-22 (✅). | VIU 2026-07-22 LIVE: Work Order Fees & Discounts card shows disclaimer exactly 'Applies to the whole work order, after all other fees & discounts.' below the adjustment list. Ev: wo/FD-FIN-004-FD-WO-021-card-financialinfo.png, wo/lines-bodytext.txt."
FD-WO-025,C30621,https://shopview.testrail.io/index.php?/cases/view/30621,Work Order — Whole-WO Fee/Discount,Verify the work order toolbar three-dot menu item reads 'Add Work Order Fee / Discount',Medium,VIU-Verified,No action needed — passed.,"6-07-22 LIVE: toolbar ⋯ menu label 'Add Work Order Fee / Discount' correct; opens whole-WO fee/discount dialog. WORDING CORRECTED — observed order is 'Audit Log' -> 'Timesheets (N)' -> 'Add Work Order Fee / Discount' -> 'Delete Work Order' (Add is 3rd, NOT at top). Ev: wo/FD-WO-025-toolbar-menu.png."
FD-WO-028,C30622,https://shopview.testrail.io/index.php?/cases/view/30622,Work Order — Whole-WO Fee/Discount,Verify the tax-jurisdiction note and the 'Pass convenience fee to customer' banner still appear after the fee/discount UI updates,Medium,VIU-Verified,No action needed — passed.,"& Discounts Settings page (Settings -> Service -> Fees & Discounts / adjustment-templates) — it is NOT rendered inside the WO fee/discount dialogs. Ev: wo/labor-dialog-text.txt, wo/part-dialog-text.txt, wo/wo-dialog-text.txt, wo/FD-WO-028-settings-convenience-banner.png, wo/settings-fd-bodytext.txt."
FD-CALC-013,C28580,https://shopview.testrail.io/index.php?/cases/view/28580,Calculation contract,Verify a Processing Fee works out last on the tax-included grand total (3% of $324 → +$9.72),High,VIU-Deviation,Same Processing Fee amount problem — the base wrongly includes the whole-work-order fees/discounts. A developer needs to fix it; re-test the amount once fixed.,"FDBUG-2 CONFIRMED AGAIN (clean discriminator): pfee base INCLUDES whole-WO adjustments + their tax (3% -> 0.63 where spec expects 0.00). Structural defect is tax-model independent | WORDING+VIU 2026-07-13: DEVIATION carried (FDBUG-2): the Processing Fee base wrongly includes whole-work-order fees/discounts (should exclude them). Build labels applied. | SV-8456 (2026-07-21 staging LIVE VIU): F&D moved to SETTINGS→SERVICE (below Canned Lines); template/WO/Part-sale/customer dialogs now show Taxable as a Yes/No DROPDOWN (was toggle); Auto-apply is a CHECKBOX with a 'When on…' caption; settings & customer tables are plain-text/left-aligned (no badges); WO sidebar card retitled 'Work Order Fees & Discounts' and renders ABOVE Financial Info; Part-sale card 'Parts Sale Fees & Discounts' above Financial Info. Permission gate pivoted Settings→Finance → Settings→Service (verified live: Service-user sees+manages F&D & convenience toggle; Finance-only user has no F&D nav item and /administration/adjustment-templates bounces to /workorders). Frontend-only; functionality + calc INTACT. | RE-VIU 2026-07-22 LIVE (Batch 4, SV-8456 re-verify): access-check quick-login {admin} HTTP 200. The SV-8456 UI-correction wording + Settings->Service permission pivot were re-confirmed live on the current staging build (Service-user sees+manages F&D; Finance-only user no F&D nav, direct route bounces to /workorders; Tech restored to Technician 50bf6a0d + verified; ZZAUTOTEST roles deleted). This case retains its prior VIU-Deviation for its OWN (non-SV-8456) reason — that specific behavior was NOT re-driven this pass. Ev build/fees-discounts/viu-sv8456-2026-07-22/."
FD-CUST-005,C28489,https://shopview.testrail.io/index.php?/cases/view/28489,Customer Fees & Discounts tab,Verify the picker lists only not-yet-added templates and shows a Processing Fee template as type 'Fee',Medium,VIU-Deviation,"Re-check on staging how a Processing Fee template's type is shown in the customer picker, and confirm with the team whether showing it as 'Fee' is acceptable or needs fixing.",accepted deviation (PO Q6=A); list assertions hold; case-update pending | WORDING+VIU 2026-07-13: DEVIATION carried: a Processing Fee template appears in the customer picker with its Type shown as 'Fee' (display quirk). Picker label 'Fee / Discount Templates' confirmed live; the Processing-Fee-as-Fee display not re-captured this run.
FD-CUST-006,C28490,https://shopview.testrail.io/index.php?/cases/view/28490,Customer Fees & Discounts tab,Verify the picker message when there are no templates left to add,Low,VIU-Deviation,Accepted as-is by the team — the picker shows 'No results' when there is nothing left to add. Update the test case wording to expect 'No results'; no developer fix needed.,'No results' empty picker message per batch-1 (spec wording differs); case-update pending; not re-driven | WORDING+VIU 2026-07-13: Empty-picker state carried from prior VIU (not re-captured — the shared env has templates available).
FD-INLINE-003,C28456,https://shopview.testrail.io/index.php?/cases/view/28456,Work Order — Inline display (Lines tab),Verify a line/part with 2 or more fees/discounts shows only the first plus a 'Show N more' toggle,High,VIU-Deviation,A developer needs to add the 'Show N more' collapse so a line with two or more fees/discounts no longer shows them all at once. Re-test once fixed.,CONFIRMED AGAIN: 2 adjustments on one part render with NO 'Show N more' collapse — PO Q5=B defect persists | WORDING+VIU 2026-07-13: DEVIATION carried (BUG-FD-5): no 'Show N more' collapse — a line/part with 2+ fees/discounts shows all of them. Not re-driven with a 3-adjustment line this run.
FD-PERM-002,C28586,https://shopview.testrail.io/index.php?/cases/view/28586,Permissions (Story 13),Verify whole-work-order add/edit/remove requires Work Orders: Create and Edit,High,VIU-Deviation,"The system only hides the option on the screen — it still allows the change in the background. Ask the team whether the system should also block it in the background, then re-test.","BUG-FD-3 stands on batch evidence; NOT re-testable today — Technician role drifted on the shared env (now HAS workOrdersCreateAndEdit, so its 201 is legitimate); enforcement-depth question unchanged (dev decision) | WORDING+VIU 2026-07-13: DEVIATION (BUG-FD-3): the whole-work-order add/edit/remove hide is front-end only — the back-end does not block the write. NOT re-testable this run: Technician drifted to HAVE Work Orders: Create & Edit, and only admin/tech can log in."
FD-PROC-008,C28526,https://shopview.testrail.io/index.php?/cases/view/28526,Processing Fee — WO behavior,Verify a Processing Fee on a work order can be removed but not edited,High,VIU-Deviation,The menu still offers an 'Edit' option for a Processing Fee even though editing does nothing (only 'Remove' works). A developer needs to make it remove-only. Re-test once fixed.,"BE re-proven: pfee change -> 409 'cannot be edited through this endpoint', remove -> 204; card still offers Edit per batch-1 (S8-N5 UI drift) | WORDING+VIU 2026-07-13: DEVIATION carried: the ⋮ menu still shows 'Edit' for a Processing Fee but it is inert (cannot edit a pfee on the WO); 'Remove' works. Build labels ('Remove Fee / Discount' confirm). | SV-8456 (2026-07-21 staging LIVE VIU): F&D moved to SETTINGS→SERVICE (below Canned Lines); template/WO/Part-sale/customer dialogs now show Taxable as a Yes/No DROPDOWN (was toggle); Auto-apply is a CHECKBOX with a 'When on…' caption; settings & customer tables are plain-text/left-aligned (no badges); WO sidebar card retitled 'Work Order Fees & Discounts' and renders ABOVE Financial Info; Part-sale card 'Parts Sale Fees & Discounts' above Financial Info. Permission gate pivoted Settings→Finance → Settings→Service (verified live: Service-user sees+manages F&D & convenience toggle; Finance-only user has no F&D nav item and /administration/adjustment-templates bounces to /workorders). Frontend-only; functionality + calc INTACT. | RE-VIU 2026-07-22 LIVE (Batch 4, SV-8456 re-verify): access-check quick-login {admin} HTTP 200. The SV-8456 UI-correction wording + Settings->Service permission pivot were re-confirmed live on the current staging build (Service-user sees+manages F&D; Finance-only user no F&D nav, direct route bounces to /workorders; Tech restored to Technician 50bf6a0d + verified; ZZAUTOTEST roles deleted). This case retains its prior VIU-Deviation for its OWN (non-SV-8456) reason — that specific behavior was NOT re-driven this pass. Ev build/fees-discounts/viu-sv8456-2026-07-22/."
FD-PROC-009,C28527,https://shopview.testrail.io/index.php?/cases/view/28527,Processing Fee — calculation,Verify a % of Grand Total Processing Fee works out last on the tax-included grand total (3% of $324 → +$9.72),High,VIU-Deviation,A developer needs to fix the Processing Fee amount — its base should NOT include the whole-work-order fees/discounts (or their tax). Re-test the amount once fixed.,"FDBUG-2 CONFIRMED AGAIN with a clean discriminator: on a WO whose ONLY money is a whole-WO $20 taxable fee, 3% pfee resolved 0.63 (=3% of 21.00 incl the whole-WO fee + its tax); spec base must EXCLUDE whole-WO adjustments -> expected 0.00 | WORDING+VIU 2026-07-13: DEVIATION carried (FDBUG-2): the Processing Fee base wrongly includes whole-WO fees/discounts + their tax (should exclude them)."
FD-STATS-002,C28460,https://shopview.testrail.io/index.php?/cases/view/28460,Work Order — Statistics tab,Verify each Stats fee/discount row names its target,Medium,VIU-Deviation,A developer needs to change the Statistics tab to show one row per fee/discount that names its target. Re-test once that per-row layout is built.,"per-row scope hyperlink impossible while the layout is aggregate (dep. FD-STATS-001) | WORDING+VIU 2026-07-13: DEVIATION carried: Stats F&D rows show the name only — no scope hyperlink to the target. Confirmed live (rows read plain names, shot fin-01)."
FD-STATS-004,C28462,https://shopview.testrail.io/index.php?/cases/view/28462,Work Order — Statistics tab,Verify the Stats fees/discounts are listed in the order they were created (oldest first),Medium,VIU-Deviation,"Once the Statistics tab shows one row per fee/discount, check they are listed oldest first. Re-test after the per-row layout is built by the developer.",creation-order rows blocked by aggregate layout (dep. FD-STATS-001) | WORDING+VIU 2026-07-13: DEVIATION carried: creation-order ruling pending (BUG-FD-2 group). Labels cleaned.
FD-TMPL-010,C28511,https://shopview.testrail.io/index.php?/cases/view/28511,Template admin — scoping,"Verify template scoping — labour-method templates only show in labour pickers, parts-method only in parts pickers",High,VIU-Deviation,"The line-level dialog currently has no 'Apply From Template' picker, so template scoping can't be checked there. Re-check on staging whether that picker now exists; if it is still missing, confirm with the team whether that is intended.","FDBUG-13 (line-scope Add dialog has no template picker) per batch-1/4; not re-driven today | WORDING+VIU 2026-07-13: DEVIATION carried: template scoping in the line 'Apply From Template' picker + the compatibility hint not re-captured this run (needs the line-level picker). Labels cleaned. | SV-8479/8480 deconfliction 2026-07-22: mixed label sweep: labor step -> 'Add Labor Fee / Discount', part step -> 'Add Part Fee / Discount' (behavior unchanged). | VIU 2026-07-22 LIVE: SV-8479 nav labels 'Add Labor Fee / Discount' (step 1) and 'Add Part Fee / Discount' (step 3) both confirmed present; case status unchanged (existing Deviation for its own reason). Ev: wo/FD-WO-017-labor-menu-open.png, wo/FD-WO-018-part-menu.png."
FD-WO-013,C28436,https://shopview.testrail.io/index.php?/cases/view/28436,Work Order — Whole-WO Fee/Discount,Verify the whole-work-order 'Add Work Order Fee / Discount' option is hidden without Work Orders: Create & Edit,Medium,VIU-Deviation,"The option is only hidden on the screen — the system still lets the change go through behind the scenes. Ask the team whether the system should also block it in the background, not just hide the button, then re-test.","BUG-FD-3 stands on prior evidence; NOT re-testable today: the shared-env Technician role was CHANGED (now includes workOrdersCreateAndEdit+workOrdersDelete, 8 perms vs matrix 6) so tech's 201 is now legitimate; no login lacking the perm exists | WORDING+VIU 2026-07-13: rewritten to exact build labels (⋮ menu item 'Add Fee/Discount'; dialog 'Add new fee/discount'; fields 'Apply From Template'/'Name'/'Type'/'Calculation Type'/'$ Amount' or 'Percent %'/'$ Max Amount (Optional)'/'Taxable' toggle; whole-WO Calculation Type options = Flat Amount, % of Labor Total, % of Parts Total, % of Subtotal; buttons 'Add Fee'/'Add Discount'; sidebar card 'WO Fees & Discounts'; preview empty prompt 'Enter an amount to see the impact.'). Captured live on WO S3-15960 (shots wo-01..wo-05). DEVIATION (BUG-FD-3: the hide is front-end only; the back-end does not block the write). NOT re-testable this run — the Technician role has drifted on the shared qb env; re-derive the roles matrix before re-checking. | SV-8479/8480 deconfliction 2026-07-22: label updated 'Add Fee/Discount' -> 'Add Work Order Fee / Discount' (item 10); permission behavior unchanged. | VIU 2026-07-22 LIVE: toolbar label 'Add Work Order Fee / Discount' confirmed present (admin); permission-negative status unchanged — role-negative not re-driven this UI batch."
FD-WO-017,C30618,https://shopview.testrail.io/index.php?/cases/view/30618,Work Order — Labor-line Fee/Discount,Verify the labor fee/discount entry point is a three-dot menu to the LEFT of the first technician (or 'Unassigned') and reads 'Add Labor Fee / Discount',High,VIU-Deviation,A developer needs to move the three-dot menu to the LEFT of 'Unassigned' (it currently sits on the right); the label is already correct. Re-test the left placement once the fix is in.,"me row y=282); spec requires LEFT. Label 'Add Labor Fee / Discount' is correct and opens the labor fee/discount dialog. Menu contained only 'Add Labor Fee / Discount' (no separate 'Edit labor' item observed). Ev: wo/FD-WO-017-labor-row-menu-RIGHT.png, wo/FD-WO-017-labor-menu-open.png, obs2 geometry."
FD-CALC-017,C28584,https://shopview.testrail.io/index.php?/cases/view/28584,Calculation contract,"Verify multiple discount lines are penny-capped so the capped discounts add up exactly to the floored net subtotal (whole cents, never negative)",Medium,VIU-Blocked-Env,Needs a QuickBooks-connected company to check the penny-rounding on discount lines. Test once QuickBooks is connected.,"floor half RE-PROVEN (stacked 120+100 on 182.76 -> sub 0.00, excess 37.24 exact); QB penny-cap half needs QB-side line view | WORDING+VIU 2026-07-13: BLOCKED-ENV: the QuickBooks penny-cap (largest-remainder) allocation on discount lines is only observable inside QuickBooks (no QB read API; export currently fails on duplicate document numbers). The in-app $0.00 floor half is verified. Build labels applied."
FD-CALC-023,C30634,https://shopview.testrail.io/index.php?/cases/view/30634,Calculation contract,"Verify that when the Fees & Discounts feature is turned off, the line total is Labor + Parts only (gross), with no fee/discount rolled in",Medium,VIU-Blocked-Env,Needs an environment with the Fees & Discounts feature turned OFF (it can't be toggled on the shared one). Test when that is available.,"re flag is ON at the org level on the SHARED staging org (d55bc308); toggling it OFF org-wide during an unattended run would strip F&D from all users and break concurrent/later VIU batches, and no separate flag-off org is available. Not inferred — needs a dedicated flag-off org/state to verify live."
FD-FLAG-001,C28596,https://shopview.testrail.io/index.php?/cases/view/28596,Feature-flag gating,"Verify that with the Fees & Discounts feature turned off, all fee/discount screens are hidden everywhere",High,VIU-Blocked-Env,Needs a window where the Fees & Discounts feature can be turned off. Test when that is available.,"org flag toggling deliberately NOT done: shared env, manual tester active today | WORDING+VIU 2026-07-13: BLOCKED-ENV: cannot take a feature-off window on the shared qb env while a manual tester is active. Wording made layman. | V1_3 (2026-07-17): Δ2 — Story 10 renamed 'history log' -> 'audit log' (terminology only; gates/behavior/status unchanged). Notes-only touch: the reader-facing text of this case already uses the exact build labels ('Audit Log' ⋮ menu / 'Work Order Log' page) and carries no generic history-log prose. The internal `area`/section name is left as-is (TestRail section rename not authorized)."
FD-FLAG-002,C28597,https://shopview.testrail.io/index.php?/cases/view/28597,Feature-flag gating,Verify the work-order audit log still shows fee/discount entries even when the Fees & Discounts feature is off,Medium,VIU-Blocked-Env,Needs a window where the Fees & Discounts feature can be turned off. Test when that is available.,as FD-FLAG-001 | V1_2 (2026-07-13): history-log gate updated per S13-R10 — WO-level history requires Work Orders: Create and Edit; line-level history requires Work Order Lines: Create and Edit (was View History Logs). Expected/preconditions updated; needs live re-VIU. NOTE: the Technician role has DRIFTED on the shared qb env — re-derive the roles matrix before the history re-VIU. | WORDING+VIU 2026-07-13: BLOCKED-ENV + V1_2 re-VIU pending: needs a feature-off window (not takeable on the shared env) to confirm history entries stay visible. Wording made layman. | V1_3 (2026-07-17): Δ2 terminology sweep — Story 10 renamed 'history log' -> 'audit log' throughout (terminology only; gates/behavior/status unchanged). Generic 'history log / history entry / work-order history' prose replaced with 'audit log / audit-log entry'; the exact build labels 'Audit Log' (⋮ menu) and 'Work Order Log' (page) kept per Standing Rule 9. TestRail section name left as-is (rename not authorized).
FD-FLAG-003,C28598,https://shopview.testrail.io/index.php?/cases/view/28598,Feature-flag gating,"Verify that even with the feature on, the matching permission is still needed to use fees/discounts",Medium,VIU-Blocked-Env,Needs a window where the Fees & Discounts feature can be turned off. Test when that is available.,"as FD-FLAG-001; the flag-ON half of the AND-gate is fresh-proven (FD-PERM-010) | WORDING+VIU 2026-07-13: BLOCKED-ENV (permission half): the See-Financial-Data masking half is established, but the full both-gates check needs a restricted-role login — re-run after the roles matrix is re-derived. Wording made layman."
FD-HIST-004,C28563,https://shopview.testrail.io/index.php?/cases/view/28563,Audit log — visibility,Verify fee/discount audit-log entries stay visible when the fee/discount screens are hidden by the feature being off,High,VIU-Blocked-Env,Needs a window where the Fees & Discounts feature can be turned off (it can't be toggled on the shared environment). Test when that is available.,feature-flag OFF window deliberately not taken on the shared env (manual tester active today) | V1_2 (2026-07-13): history-log gate updated per S13-R10 — WO-level history requires Work Orders: Create and Edit; line-level history requires Work Order Lines: Create and Edit (was View History Logs). Expected/preconditions updated; needs live re-VIU. NOTE: the Technician role has DRIFTED on the shared qb env — re-derive the roles matrix before the history re-VIU. | WORDING+VIU 2026-07-13: BLOCKED-ENV: needs a feature-off window (not takeable on the shared env with a live tester). | V1_3 (2026-07-17): Δ2 terminology sweep — Story 10 renamed 'history log' -> 'audit log' throughout (terminology only; gates/behavior/status unchanged). Generic 'history log / history entry / work-order history' prose replaced with 'audit log / audit-log entry'; the exact build labels 'Audit Log' (⋮ menu) and 'Work Order Log' (page) kept per Standing Rule 9. TestRail section name left as-is (rename not authorized).
FD-QB-001,C28544,https://shopview.testrail.io/index.php?/cases/view/28544,QuickBooks sync,"Verify each fee/discount exports to QuickBooks as its own invoice line item (fee adds, discount subtracts)",High,VIU-Blocked-Env,Needs a QuickBooks-connected company. Test this in QuickBooks once that is available.,QB invoice line internals unobservable (no read API; export of re-invoiced WOs fails on duplicate doc numbers) — needs QB-UI eyeball of a cleanly synced invoice | WORDING+VIU 2026-07-13:  BLOCKED-ENV: the QuickBooks invoice line-item internals are only visible inside QuickBooks (no QB read API; and re-invoiced work orders currently fail to export on duplicate document numbers) — a human logged into QuickBooks is needed to confirm. Observable today: adjustment-item-mapping-status = QuickBooks connected + Fee item mapped + Discount item mapped (checked live).
FD-QB-002,C28545,https://shopview.testrail.io/index.php?/cases/view/28545,QuickBooks sync,Verify the QuickBooks line description equals the fee/discount name and uses the mapped Fee/Discount item,High,VIU-Blocked-Env,Needs a QuickBooks-connected company. Test this in QuickBooks once that is available.,as FD-QB-001 — needs QB UI (generic Fee/Discount item + description=name) | WORDING+VIU 2026-07-13:  BLOCKED-ENV: the QuickBooks invoice line-item internals are only visible inside QuickBooks (no QB read API; and re-invoiced work orders currently fail to export on duplicate document numbers) — a human logged into QuickBooks is needed to confirm. Observable today: adjustment-item-mapping-status = QuickBooks connected + Fee item mapped + Discount item mapped (checked live).
FD-QB-003,C28546,https://shopview.testrail.io/index.php?/cases/view/28546,QuickBooks sync — edge,Verify a $0.00 fee/discount is skipped when sent to QuickBooks,Medium,VIU-Blocked-Env,Needs a QuickBooks-connected company. Test this in QuickBooks once that is available.,as FD-QB-001 — $0-line skip only visible QB-side | WORDING+VIU 2026-07-13:  BLOCKED-ENV: the QuickBooks invoice line-item internals are only visible inside QuickBooks (no QB read API; and re-invoiced work orders currently fail to export on duplicate document numbers) — a human logged into QuickBooks is needed to confirm. Observable today: adjustment-item-mapping-status = QuickBooks connected + Fee item mapped + Discount item mapped (checked live).
FD-QB-004,C28547,https://shopview.testrail.io/index.php?/cases/view/28547,QuickBooks — mapping guard,Verify adding a fee is blocked when the Fee item is not mapped to QuickBooks,High,VIU-Blocked-Env,Needs a QuickBooks-connected company. Test this in QuickBooks once that is available.,"unmap not achievable today: PUT bookkeeping/settings {settings:{feeItemId:null}} -> 500 (requestId 4bd14847); flat payload -> 400 'settings missing'. Mapping stayed connected+mapped (verified). Guard cycle needs a working unmap (dev/QB-side) | WORDING+VIU 2026-07-13:  BLOCKED-ENV: the mapping-guard block cannot be driven — the two items are currently mapped and the unmap call (PUT /api/bookkeeping/settings) 500s on this env, so an unmapped state can't be created. The guard's data source (connected/feeItemMapped/discountItemMapped) is observable and all true."
FD-QB-005,C28548,https://shopview.testrail.io/index.php?/cases/view/28548,QuickBooks — mapping guard,Verify adding a discount is blocked when the Discount item is not mapped to QuickBooks,High,VIU-Blocked-Env,Needs a QuickBooks-connected company. Test this in QuickBooks once that is available.,"as FD-QB-004 (unmap 500) | WORDING+VIU 2026-07-13:  BLOCKED-ENV: the mapping-guard block cannot be driven — the two items are currently mapped and the unmap call (PUT /api/bookkeeping/settings) 500s on this env, so an unmapped state can't be created. The guard's data source (connected/feeItemMapped/discountItemMapped) is observable and all true."
FD-QB-006,C28549,https://shopview.testrail.io/index.php?/cases/view/28549,QuickBooks — mapping guard scope,"Verify the mapping block applies on every add place (work order, labor line, part, part sale, apply-from-template)",Medium,VIU-Blocked-Env,Needs a QuickBooks-connected company. Test this in QuickBooks once that is available.,"as FD-QB-004 (unmap 500) | WORDING+VIU 2026-07-13:  BLOCKED-ENV: the mapping-guard block cannot be driven — the two items are currently mapped and the unmap call (PUT /api/bookkeeping/settings) 500s on this env, so an unmapped state can't be created. The guard's data source (connected/feeItemMapped/discountItemMapped) is observable and all true."
FD-QB-007,C28550,https://shopview.testrail.io/index.php?/cases/view/28550,QuickBooks — mapping guard (auto-apply),Verify an auto-apply template cannot be saved while the matching QuickBooks item is not mapped,Medium,VIU-Blocked-Env,Needs a QuickBooks-connected company. Test this in QuickBooks once that is available.,"as FD-QB-004 (unmap 500) | WORDING+VIU 2026-07-13:  BLOCKED-ENV: the mapping-guard block cannot be driven — the two items are currently mapped and the unmap call (PUT /api/bookkeeping/settings) 500s on this env, so an unmapped state can't be created. The guard's data source (connected/feeItemMapped/discountItemMapped) is observable and all true."
FD-QB-008,C28551,https://shopview.testrail.io/index.php?/cases/view/28551,QuickBooks — mapping guard exceptions,"Verify creating/editing a non-auto-apply template is always allowed, with no block when QuickBooks is not connected",Medium,VIU-Blocked-Env,Needs a QuickBooks-connected company. Test this in QuickBooks once that is available.,as FD-QB-004; positive half (template create while MAPPED) works throughout | WORDING+VIU 2026-07-13: Observable half CONFIRMED live: creating a non-auto-apply template is always allowed (template create 201). The 'no block when QuickBooks not connected' half is Blocked-Env — QuickBooks is connected here and cannot be disconnected on the shared env.
FD-QB-009,C28552,https://shopview.testrail.io/index.php?/cases/view/28552,QuickBooks — unmap recovery,"Verify unmapping an in-use item sends affected invoices to Unexported Items (recoverable, no data lost)",Medium,VIU-Blocked-Env,Needs a QuickBooks-connected company; the unmap action also currently errors on this environment. Test once QuickBooks is connected and that is working.,unexported-items list + retry + mark-done endpoints re-exercised (mark-done 200 on my entries); the unmap-in-flight repro blocked by the unmap 500 | WORDING+VIU 2026-07-13:  BLOCKED-ENV: cannot unmap an in-use item — the unmap call 500s on this env — so the route-to-Unexported-Items behavior can't be driven. (The Unexported Items list itself is reachable and returns data.)
FD-QB-010,C28553,https://shopview.testrail.io/index.php?/cases/view/28553,QuickBooks — Class,"Verify a single QuickBooks Class applies to every synced line, including fee/discount lines",Low,VIU-Blocked-Env,Needs a QuickBooks-connected company. Test this in QuickBooks once that is available.,Class application only visible QB-side | WORDING+VIU 2026-07-13:  BLOCKED-ENV: the QuickBooks invoice line-item internals are only visible inside QuickBooks (no QB read API; and re-invoiced work orders currently fail to export on duplicate document numbers) — a human logged into QuickBooks is needed to confirm. Observable today: adjustment-item-mapping-status = QuickBooks connected + Fee item mapped + Discount item mapped (checked live).
FD-QB-011,C28554,https://shopview.testrail.io/index.php?/cases/view/28554,QuickBooks — Class validation,Verify a deleted/deactivated QuickBooks Class stops the whole invoice sync (no substitution),Low,VIU-Blocked-Env,Needs a QuickBooks-connected company. Test this in QuickBooks once that is available.,stale-Class abort only reproducible QB-side | WORDING+VIU 2026-07-13:  BLOCKED-ENV: the QuickBooks invoice line-item internals are only visible inside QuickBooks (no QB read API; and re-invoiced work orders currently fail to export on duplicate document numbers) — a human logged into QuickBooks is needed to confirm. Observable today: adjustment-item-mapping-status = QuickBooks connected + Fee item mapped + Discount item mapped (checked live).
FD-QB-013,C28556,https://shopview.testrail.io/index.php?/cases/view/28556,QuickBooks — negative totals,Verify discount lines to QuickBooks are capped in whole cents (largest-remainder) so they sum exactly to the floored subtotal,Medium,VIU-Blocked-Env,Needs a QuickBooks-connected company. Test this in QuickBooks once that is available.,penny-cap allocation of discount LINES only visible on QB invoice lines | WORDING+VIU 2026-07-13:  BLOCKED-ENV: the largest-remainder penny allocation on the QuickBooks discount lines is only visible inside QuickBooks (same as FD-CALC-017). The in-app $0.00 floor half is verified.
FD-QB-015,C28558,https://shopview.testrail.io/index.php?/cases/view/28558,QuickBooks — negative totals,Verify the excess is recorded as a customer credit and posts to QuickBooks as a tax-exempt goodwill credit,Medium,VIU-Blocked-Env,Needs a QuickBooks-connected company. Test this in QuickBooks once that is available.,"IN-APP HALF VERIFIED TODAY: invoicing the over-discounted WO recorded a CUSTOMER CREDIT (unpaid-transactions 2->4; 'current' bucket -11.63 -> -119.73 = +9.14 invoice & -117.24 credit exactly). QB goodwill-memo half unobservable: invoice export fails on the duplicate-doc-number env bug, no credit_memo export fired, no QB read API — needs QB UI on a cleanly synced org | WORDING+VIU 2026-07-13: In-app customer-credit half VERIFIED 2026-07-10 (invoicing an over-discounted WO recorded a customer credit of exactly the excess). BLOCKED-ENV: the QuickBooks tax-exempt goodwill credit-memo half needs a human in QuickBooks (export fails on duplicate document numbers; no QB read API)."
FD-QB-016,C28559,https://shopview.testrail.io/index.php?/cases/view/28559,QuickBooks sync — tax,Verify a synced line's tax follows the fee/discount's Taxable setting,Medium,VIU-Blocked-Env,Needs a QuickBooks-connected company. Test this in QuickBooks once that is available.,tax code on the QB line unobservable in-app; in-app taxable base shifts re-proven (FD-CALC-011) | WORDING+VIU 2026-07-13:  BLOCKED-ENV: the QuickBooks invoice line-item internals are only visible inside QuickBooks (no QB read API; and re-invoiced work orders currently fail to export on duplicate document numbers) — a human logged into QuickBooks is needed to confirm. Observable today: adjustment-item-mapping-status = QuickBooks connected + Fee item mapped + Discount item mapped (checked live).
FD-TMPL-012,C28513,https://shopview.testrail.io/index.php?/cases/view/28513,Template admin — list,Verify the template list empty-state message,Low,VIU-Blocked-Env,Needs an environment where the template library can be emptied (the shared one always has templates). Test the empty-state message when that is available.,"empty-state needs deleting ALL location templates — not acceptable on the shared env (3 real templates present; manual tester active) | WORDING+VIU 2026-07-13: BLOCKED-ENV: the empty-state message cannot be seen — the shared env's template list is never empty (needs a location with zero templates). Nav corrected to Finance. | SV-8456 (2026-07-21 staging LIVE VIU): F&D moved to SETTINGS→SERVICE (below Canned Lines); template/WO/Part-sale/customer dialogs now show Taxable as a Yes/No DROPDOWN (was toggle); Auto-apply is a CHECKBOX with a 'When on…' caption; settings & customer tables are plain-text/left-aligned (no badges); WO sidebar card retitled 'Work Order Fees & Discounts' and renders ABOVE Financial Info; Part-sale card 'Parts Sale Fees & Discounts' above Financial Info. Permission gate pivoted Settings→Finance → Settings→Service (verified live: Service-user sees+manages F&D & convenience toggle; Finance-only user has no F&D nav item and /administration/adjustment-templates bounces to /workorders). Frontend-only; functionality + calc INTACT. | RE-VIU 2026-07-22 LIVE (Batch 4, SV-8456 re-verify): access-check quick-login {admin} HTTP 200. The SV-8456 UI-correction wording + Settings->Service permission pivot were re-confirmed live on the current staging build (Service-user sees+manages F&D; Finance-only user no F&D nav, direct route bounces to /workorders; Tech restored to Technician 50bf6a0d + verified; ZZAUTOTEST roles deleted). This case retains its prior VIU-Blocked-Env for its OWN (non-SV-8456) reason — that specific behavior was NOT re-driven this pass. Ev build/fees-discounts/viu-sv8456-2026-07-22/."
FD-PART-005,C28450,https://shopview.testrail.io/index.php?/cases/view/28450,Work Order / Parts — Part-line Fee/Discount,Verify a part-line fee/discount stays attached when the part changes from requested to received,Medium,VIU-Pending,Re-test on staging once a part can be moved from requested to received (this was blocked by an environment error before). Check the fee/discount stays attached after the part is received.,"STILL PENDING: requested->received transition unreachable — line-create 500s env-wide, make-request rejected on completed lines, receiving subsystem needs a fresh order | WORDING+VIU 2026-07-13: BLOCKED/PENDING: requested→received transition blocked by the env-wide WO line-create 500 + completed-line part-request lock — cannot drive the transition. Build labels applied."
