internal_id,testrail_case_id,testrail_link,report,section,title,verdict,reason,merge_group,merge_survivor,tier
IV-NAV-01,C30534,https://shopview.testrail.io/index.php?/cases/view/30534,IV,IV — Access & Display,Inventory Value appears in the reports navigation under the Parts group,KEEP,Navigation/entry contract — additive placement was an explicit PO instruction on the video.,,,T2
IV-NAV-02,C30535,https://shopview.testrail.io/index.php?/cases/view/30535,IV,IV — Access & Display,"Opening the report shows one row per in-stock part at the selected location(s), valued as of the resolved date",KEEP,"Report opening scope: one row per in-stock part, valued as of the resolved date.",,,T1
IV-NAV-03,C30536,https://shopview.testrail.io/index.php?/cases/view/30536,IV,IV — Access & Display,On a first visit the report defaults to the current calendar month and the user's currently active location,KEEP,"First-visit defaults (current month, active location).",,,T1
IV-NAV-04,C30537,https://shopview.testrail.io/index.php?/cases/view/30537,IV,IV — Access & Display,"Changing the date, location, Category, Vendor, part search, or sort reloads the rows from the server with the standard loading indicator",MERGE,Reload-trigger list + loading indicator; the server-side re-query case covers it.,G-IV-RELOAD,IV-FLT-02,T2
IV-NAV-05,C30538,https://shopview.testrail.io/index.php?/cases/view/30538,IV,IV — Access & Display,"The report is server-paginated: one page of rows at a time, and any filter/search/sort change returns to the first page",KEEP,Server pagination + return-to-first-page contract.,,,T1
IV-NAV-06,C30539,https://shopview.testrail.io/index.php?/cases/view/30539,IV,IV — Access & Display,"When no in-stock part exists for the selected location(s) on the resolved date, the no-data message shows instead of rows",KEEP,Navigation/entry contract — additive placement was an explicit PO instruction on the video.,,,T2
IV-SCOPE-01,C30540,https://shopview.testrail.io/index.php?/cases/view/30540,IV,IV — Row Scope,A part appears only when it is not a core charge AND its on-hand quantity is greater than zero,KEEP,"Row-model/scope contract (who appears, where, exactly once) — data-correctness core.",,,T1
IV-SCOPE-02,C30541,https://shopview.testrail.io/index.php?/cases/view/30541,IV,IV — Row Scope,"A part stocked at two selected locations appears as two rows (one per location), not merged — expected, do not file",KEEP,"Row-model/scope contract (who appears, where, exactly once) — data-correctness core.",,,T1
IV-SCOPE-03,C30542,https://shopview.testrail.io/index.php?/cases/view/30542,IV,IV — Row Scope,"A core-charge part is never shown, regardless of its quantity",MERGE,Negative half (core excluded) of the two-condition rule SCOPE-01 already asserts.,G-IV-SCOPE,IV-SCOPE-01,T2
IV-SCOPE-04,C30543,https://shopview.testrail.io/index.php?/cases/view/30543,IV,IV — Row Scope,A part with zero or negative on-hand quantity is never shown,MERGE,Negative half (qty<=0 excluded) of the same two-condition rule.,G-IV-SCOPE,IV-SCOPE-01,T2
IV-SCOPE-05,C30544,https://shopview.testrail.io/index.php?/cases/view/30544,IV,IV — Row Scope,There is no dead-stock exclusion — long-sitting stock still contributes to the on-hand value,KEEP,"Row-model/scope contract (who appears, where, exactly once) — data-correctness core.",,,T1
IV-COL-01,C30551,https://shopview.testrail.io/index.php?/cases/view/30551,IV,IV — Valuation & Columns,"With every column turned on, the columns appear in the fixed left-to-right order with the specified alignment",KEEP,Column selector behavior contract (contents/effect/exports interaction).,,,T2
IV-COL-02,C30552,https://shopview.testrail.io/index.php?/cases/view/30552,IV,IV — Valuation & Columns,"Value formats: Qty on Hand to two decimals with no currency symbol (fractional supported), money values as US-dollar currency",KEEP,Column selector behavior contract (contents/effect/exports interaction).,,,T2
IV-CALC-01,C30545,https://shopview.testrail.io/index.php?/cases/view/30545,IV,IV — Valuation & Columns,Unit Sell uses the part's fixed sell price when one is set,KEEP,"Calculation contract with a worked example; a failure is a real, reportable money/hours bug.",,,T1
IV-CALC-02,C30546,https://shopview.testrail.io/index.php?/cases/view/30546,IV,IV — Valuation & Columns,"With no fixed sell price, Unit Sell is the shop's pricing-matrix markup on cost for the part's category",KEEP,"Calculation contract with a worked example; a failure is a real, reportable money/hours bug.",,,T1
IV-CALC-03,C30547,https://shopview.testrail.io/index.php?/cases/view/30547,IV,IV — Valuation & Columns,"With no fixed sell price and no category, Unit Sell equals Unit Cost — the stock is valued at cost with a $0.00 / 0.0% margin",KEEP,"Sell-price fallback chain end (no price, no category -> valued at cost) — valuation contract.",,,T1
IV-CALC-04,C30548,https://shopview.testrail.io/index.php?/cases/view/30548,IV,IV — Valuation & Columns,Total Sell is quantity × Unit Sell and Total Cost is quantity × Unit Cost,KEEP,"Calculation contract with a worked example; a failure is a real, reportable money/hours bug.",,,T1
IV-CALC-05,C30549,https://shopview.testrail.io/index.php?/cases/view/30549,IV,IV — Valuation & Columns,"Margin is the extended figure — Total Sell minus Total Cost for the whole on-hand quantity, not a per-unit number",KEEP,"Calculation contract with a worked example; a failure is a real, reportable money/hours bug.",,,T1
IV-CALC-06,C30550,https://shopview.testrail.io/index.php?/cases/view/30550,IV,IV — Valuation & Columns,"Margin % is Margin as a share of Total Sell to one decimal with a percent sign, showing ""—"" when Total Sell is zero or negative",KEEP,"Calculation contract with a worked example; a failure is a real, reportable money/hours bug.",,,T1
IV-COL-03,C30553,https://shopview.testrail.io/index.php?/cases/view/30553,IV,IV — Valuation & Columns,"The Total Cost column (header and cells) is bold and pinned to the far right, staying fixed while scrolling sideways",KEEP,Column selector behavior contract (contents/effect/exports interaction).,,,T2
IV-COL-04,C30554,https://shopview.testrail.io/index.php?/cases/view/30554,IV,IV — Valuation & Columns,"On first visit the default columns show, with Margin and Total Sell hidden by default but available to turn on",KEEP,Column selector behavior contract (contents/effect/exports interaction).,,,T1
IV-COL-05,C30555,https://shopview.testrail.io/index.php?/cases/view/30555,IV,IV — Valuation & Columns,"Category and Vendor show their names, and an em dash (""—"") when the part has none",WEAK-KEEP,"Em-dash for missing category/vendor; a rendering default, low value.",,,T2
IV-TOT-01,C30556,https://shopview.testrail.io/index.php?/cases/view/30556,IV,IV — Totals Row,"The totals row is labeled ""Total"" in the Part # cell, leaves the per-unit and identity cells blank, and pins its bold Total Cost far right",KEEP,Totals/summary aggregation contract over the full filtered set — catches real aggregation bugs.,,,T1
IV-TOT-02,C30557,https://shopview.testrail.io/index.php?/cases/view/30557,IV,IV — Totals Row,"The totals row sums Qty on Hand, Margin, Total Sell, and Total Cost over the FULL filtered set on the server, not just the visible page",KEEP,Totals/summary aggregation contract over the full filtered set — catches real aggregation bugs.,,,T1
IV-TOT-03,C30558,https://shopview.testrail.io/index.php?/cases/view/30558,IV,IV — Totals Row,"The totals-row Margin % is recomputed from the totals (total Margin ÷ total Total Sell), not the average of the row percentages",KEEP,Totals/summary aggregation contract over the full filtered set — catches real aggregation bugs.,,,T1
IV-TOT-04,C30559,https://shopview.testrail.io/index.php?/cases/view/30559,IV,IV — Totals Row,"Applying the Category filter, the Vendor filter, or the part search recomputes the totals on the server to match the filtered set",MERGE,Recompute-on-filter action of the full-set totals contract TOT-02 owns.,G-IV-TOTFILTER,IV-TOT-02,T2
IV-TOT-05,C30560,https://shopview.testrail.io/index.php?/cases/view/30560,IV,IV — Totals Row,"When no parts qualify, no totals row is shown",CUT,"Duplicate: ""no totals row when empty"" is already expected line 2 of IV-NAV-06 (and its merged variants).",,,-
IV-DATE-01,C30561,https://shopview.testrail.io/index.php?/cases/view/30561,IV,IV — As-of Date & Snapshots,"The date-range control offers the standard presets plus Custom and does not offer ""All Time"" — expected, do not file",KEEP,Date-range semantics (presets/cap/anchoring) — drives every number on the report.,,,T1
IV-DATE-02,C30562,https://shopview.testrail.io/index.php?/cases/view/30562,IV,IV — As-of Date & Snapshots,"The report values inventory as of the END of the selected range — the date is an as-of anchor, not a created-date filter",KEEP,"The date is an as-of anchor, not a created-date filter — the report's core semantic; testers WILL misread this without the case.",,,T1
IV-DATE-03,C30563,https://shopview.testrail.io/index.php?/cases/view/30563,IV,IV — As-of Date & Snapshots,"When the selected window reaches today and today has not been recorded yet, the report values the current live stock",KEEP,Date-range semantics (presets/cap/anchoring) — drives every number on the report.,,,T1
IV-DATE-04,C30564,https://shopview.testrail.io/index.php?/cases/view/30564,IV,IV — As-of Date & Snapshots,For a past date the report replays the closest recorded day on or before the end of the selected range,KEEP,Date-range semantics (presets/cap/anchoring) — drives every number on the report.,,,T1
IV-DATE-05,C30565,https://shopview.testrail.io/index.php?/cases/view/30565,IV,IV — As-of Date & Snapshots,"An ""As of"" indicator names the day actually shown when it is earlier than the date asked for, and is hidden when they match",KEEP,Date-range semantics (presets/cap/anchoring) — drives every number on the report.,,,T1
IV-DATE-06,C30566,https://shopview.testrail.io/index.php?/cases/view/30566,IV,IV — As-of Date & Snapshots,"A Custom range lets the user pick start and end dates, values as of the picked end date, is capped at today, and reloads on change",KEEP,Date-range semantics (presets/cap/anchoring) — drives every number on the report.,,,T1
IV-DATE-07,C30567,https://shopview.testrail.io/index.php?/cases/view/30567,IV,IV — As-of Date & Snapshots,"When no recorded day exists on or before the end of the selected range, the report shows the no-data message and no totals row",MERGE,Same no-data message/no-totals with a snapshot cause; a cause-table row in NAV-06.,G-IV-EMPTY,IV-NAV-06,T2
IV-DATE-08,C30568,https://shopview.testrail.io/index.php?/cases/view/30568,IV,IV — As-of Date & Snapshots,"History accrues forward only — a date before the first nightly recording cannot be reconstructed — expected, do not file",KEEP,Date-range semantics (presets/cap/anchoring) — drives every number on the report.,,,T1
IV-FLT-01,C30569,https://shopview.testrail.io/index.php?/cases/view/30569,IV,IV — Filters & Part Search,The Category and Vendor filters are multi-selects that reload the report to only the matching parts,KEEP,Filter data-effect contract — changes which rows/totals appear; failures are real.,,,T1
IV-FLT-02,C30570,https://shopview.testrail.io/index.php?/cases/view/30570,IV,IV — Filters & Part Search,"The Category filter, Vendor filter, and part search apply server-side — each change re-queries and returns the first page",KEEP,Filter data-effect contract — changes which rows/totals appear; failures are real.,,,T1
IV-FLT-03,C30571,https://shopview.testrail.io/index.php?/cases/view/30571,IV,IV — Filters & Part Search,"With no category or vendor selected all parts show, and an empty part search applies no narrowing",WEAK-KEEP,No-selection-means-no-narrowing; restates the absence of a filter (trivial inverse).,,,T2
IV-FLT-04,C30572,https://shopview.testrail.io/index.php?/cases/view/30572,IV,IV — Filters & Part Search,"The part search is a page-local toolbar field matching part number OR description, case-insensitively, on the server",KEEP,Filter data-effect contract — changes which rows/totals appear; failures are real.,,,T1
IV-FLT-05,C30573,https://shopview.testrail.io/index.php?/cases/view/30573,IV,IV — Filters & Part Search,"Date range, Location, Category, Vendor, and the part search combine with AND",KEEP,Filter data-effect contract — changes which rows/totals appear; failures are real.,,,T1
IV-LOC-01,C30574,https://shopview.testrail.io/index.php?/cases/view/30574,IV,IV — Location Filter,"The Location filter (rightmost) is a multi-select of the user's accessible locations with an ""All locations"" / ""Clear all"" toggle, defaulting to the active location",KEEP,Location scoping/fallback contract — includes the accessible-locations security boundary.,,,T1
IV-LOC-02,C30575,https://shopview.testrail.io/index.php?/cases/view/30575,IV,IV — Location Filter,"Selecting one, several, or all locations reloads the report scoped to that set",KEEP,Location scoping/fallback contract — includes the accessible-locations security boundary.,,,T1
IV-LOC-03,C30576,https://shopview.testrail.io/index.php?/cases/view/30576,IV,IV — Location Filter,"Scoping never includes an inaccessible location, and a selection resolving to none falls back to the user's active location",KEEP,Location scoping/fallback contract — includes the accessible-locations security boundary.,,,T1
IV-LOC-04,C30577,https://shopview.testrail.io/index.php?/cases/view/30577,IV,IV — Location Filter,A user with access to only one location still sees the Location filter with a single selectable location,WEAK-KEEP,Single-location-still-sees-filter: contradicted by pending video P33; may invert.,,,T2
IV-LOC-05,C30578,https://shopview.testrail.io/index.php?/cases/view/30578,IV,IV — Location Filter,"When the selected location(s) hold no in-stock parts on the resolved date, the no-data message shows",MERGE,Same no-data message/no-totals with a location cause; a cause-table row in NAV-06.,G-IV-EMPTY,IV-NAV-06,T2
IV-PERS-01,C30579,https://shopview.testrail.io/index.php?/cases/view/30579,IV,IV — Column Selection & Persistence,"The column-selection icon button (tooltip ""Column Selection"") toggles columns, and Total Cost cannot be turned off",KEEP,Persistence/restore contract. NOTE: Stefan flagged on the kickoff that per-user-per-device persistence may be delegated to the Filters squad — re-check before execution.,,,T2
IV-PERS-02,C30580,https://shopview.testrail.io/index.php?/cases/view/30580,IV,IV — Column Selection & Persistence,Toggling columns never reorders them — the fixed order is kept with Total Cost always last,KEEP,Persistence/restore contract. NOTE: Stefan flagged on the kickoff that per-user-per-device persistence may be delegated to the Filters squad — re-check before execution.,,,T2
IV-PERS-03,C30581,https://shopview.testrail.io/index.php?/cases/view/30581,IV,IV — Column Selection & Persistence,"The report remembers the date range, category, vendor, part search text, location, columns, and sort per browser and restores them on return",KEEP,Persistence/restore contract. NOTE: Stefan flagged on the kickoff that per-user-per-device persistence may be delegated to the Filters squad — re-check before execution.,,,T1
IV-PERS-04,C30582,https://shopview.testrail.io/index.php?/cases/view/30582,IV,IV — Column Selection & Persistence,"Restore is defensive: an invalid saved value falls back to its default, and a saved category or vendor no longer present is dropped",KEEP,Persistence/restore contract. NOTE: Stefan flagged on the kickoff that per-user-per-device persistence may be delegated to the Filters squad — re-check before execution.,,,T1
IV-SORT-01,C30583,https://shopview.testrail.io/index.php?/cases/view/30583,IV,IV — Sorting,"On first load and after any reload, rows are sorted by Total Cost, highest first, applied by the server",KEEP,"Sorting contract (default/direction/null placement/scope) — spec-defined, observable, distinct.",,,T1
IV-SORT-02,C30584,https://shopview.testrail.io/index.php?/cases/view/30584,IV,IV — Sorting,"Header clicks sort ascending then descending with no third state, re-fetching from the server and returning the first page",KEEP,"Sorting contract (default/direction/null placement/scope) — spec-defined, observable, distinct.",,,T1
IV-SORT-03,C30585,https://shopview.testrail.io/index.php?/cases/view/30585,IV,IV — Sorting,"Money and numeric columns sort by value; text columns sort as text, case-insensitively",KEEP,"Sorting contract (default/direction/null placement/scope) — spec-defined, observable, distinct.",,,T1
IV-SORT-04,C30586,https://shopview.testrail.io/index.php?/cases/view/30586,IV,IV — Sorting,Sorting reorders only the data rows — the totals row stays at the bottom — and the chosen sort is remembered per browser,KEEP,"Sorting contract (default/direction/null placement/scope) — spec-defined, observable, distinct.",,,T1
IV-EXP-01,C30587,https://shopview.testrail.io/index.php?/cases/view/30587,IV,IV — Exports,"A three-dot toolbar menu holds ""Download (PDF)"" and ""Download (CSV)""",KEEP,Export content/behavior contract (what is in the file / when it is refused) — distinct observable outcome.,,,T2
IV-EXP-02,C30588,https://shopview.testrail.io/index.php?/cases/view/30588,IV,IV — Exports,"Downloads contain the shown columns in screen order (Total Cost last), honor all filters and the sort, and include a ""Totals"" row matching the full-set totals",KEEP,Export content/behavior contract (what is in the file / when it is refused) — distinct observable outcome.,,,T1
IV-EXP-03,C30589,https://shopview.testrail.io/index.php?/cases/view/30589,IV,IV — Exports,"Export number formats: two-decimal money, one-decimal Margin % (""—"" when undefined); CSV money as plain numbers, PDF with on-screen currency formatting",KEEP,Export content/behavior contract (what is in the file / when it is refused) — distinct observable outcome.,,,T1
IV-EXP-04,C30590,https://shopview.testrail.io/index.php?/cases/view/30590,IV,IV — Exports,"The PDF header shows the report name, organization, selected period, and an ""as of"" line; the shop logo shows when set and the CSV never has one",KEEP,Export content/behavior contract (what is in the file / when it is refused) — distinct observable outcome.,,,T1
IV-EXP-05,C30591,https://shopview.testrail.io/index.php?/cases/view/30591,IV,IV — Exports,"The downloaded files are named ""inventory-value-report.pdf"" and ""inventory-value-report.csv""",WEAK-KEEP,"Verbatim filenames; string conformance, verify once.",,,T2
IV-EXP-06,C30592,https://shopview.testrail.io/index.php?/cases/view/30592,IV,IV — Exports,Exports are generated server-side over the full filtered set — rows beyond the loaded page are included,KEEP,Export content/behavior contract (what is in the file / when it is refused) — distinct observable outcome.,,,T1
IV-EXP-07,C30593,https://shopview.testrail.io/index.php?/cases/view/30593,IV,IV — Exports,An over-cap filtered set produces no file and shows the too-large-to-export message (exact cap value pending owner confirmation),KEEP,Export content/behavior contract (what is in the file / when it is refused) — distinct observable outcome.,,,T1
IV-EXP-08,C30594,https://shopview.testrail.io/index.php?/cases/view/30594,IV,IV — Exports,"A successful download shows the format-specific success notification, verbatim",MERGE,Success-notification wording; pairs with EXP-09 as one notification case.,G-IV-EXPTOAST,IV-EXP-09,T2
IV-EXP-09,C30595,https://shopview.testrail.io/index.php?/cases/view/30595,IV,IV — Exports,"A failed download shows the format-specific error notification, verbatim",KEEP,Export content/behavior contract (what is in the file / when it is refused) — distinct observable outcome.,,,T2
IV-VIS-01,C30596,https://shopview.testrail.io/index.php?/cases/view/30596,IV,IV — Visual & Accessibility,The report uses an all-white table with no alternating row shading on the standard soft blue-grey report backdrop,WEAK-KEEP,"All-white/backdrop theme; cosmetic, verify once.",,,T2
IV-VIS-02,C30597,https://shopview.testrail.io/index.php?/cases/view/30597,IV,IV — Visual & Accessibility,"Toolbar layout: three-dot menu leftmost in the action cluster then Column Selection; filters run date range, part search, Category, Vendor, Location",WEAK-KEEP,Toolbar control order; cosmetic conformance.,,,T2
IV-VIS-03,C30598,https://shopview.testrail.io/index.php?/cases/view/30598,IV,IV — Visual & Accessibility,The totals row stays visible at the bottom while the user scrolls the rows,MERGE,Totals-row visible-on-scroll duplicates the pinned-layout assertions in TOT-01.,G-IV-TOTSTICKY,IV-TOT-01,T2
IV-VIS-04,C30599,https://shopview.testrail.io/index.php?/cases/view/30599,IV,IV — Visual & Accessibility,"Long Description, Category, and Vendor values truncate with an ellipsis and show the full value on hover; the Part # is never truncated",KEEP,Accessibility/visual conformance requirement from the spec.,,,T2
IV-VIS-05,C30600,https://shopview.testrail.io/index.php?/cases/view/30600,IV,IV — Visual & Accessibility,"In dark mode the page background, toolbar, cells, and the ""—"" glyph remain legible",WEAK-KEEP,Dark mode legibility; verify once.,,,T2
IV-VIS-06,C30601,https://shopview.testrail.io/index.php?/cases/view/30601,IV,IV — Visual & Accessibility,Each sortable column header exposes its sort state to assistive technology and shows the active direction visually,WEAK-KEEP,aria-sort exposure; one-time a11y check.,,,T2
IV-VIS-07,C30602,https://shopview.testrail.io/index.php?/cases/view/30602,IV,IV — Visual & Accessibility,The icon-only controls (three-dot download button and Column Selection button) each carry an accessible name,WEAK-KEEP,Accessible names on icon buttons; one-time a11y check.,,,T2
IV-PERM-01,C30603,https://shopview.testrail.io/index.php?/cases/view/30603,IV,IV — Permissions,A user with the existing inventory-reports permission can open the report — no new permission is added,KEEP,Permission gate (positive/negative observable behavior). NOTE: Q2 permission-model discrepancy raised to Chris/dev 2026-07-28; cases stay per the shipped mixed model per user ruling.,,,T1
IV-PERM-02,C30604,https://shopview.testrail.io/index.php?/cases/view/30604,IV,IV — Permissions,A user without the required permission does not see Inventory Value in the reports navigation,KEEP,Permission gate (positive/negative observable behavior). NOTE: Q2 permission-model discrepancy raised to Chris/dev 2026-07-28; cases stay per the shipped mixed model per user ruling.,,,T1
IV-API-01,C30605,https://shopview.testrail.io/index.php?/cases/view/30605,IV,IV — API,"Nightly snapshot: once per day, for every location, one row per in-stock non-core part is recorded with its identity, quantity, and values to the cent",KEEP,Server-side contract (pagination/sort/snapshot/enforcement) — placed in an API section per Rule 4; verifiable via network tab/DB; failures are real defects.,,,T1
IV-API-02,C30606,https://shopview.testrail.io/index.php?/cases/view/30606,IV,IV — API,"Nightly snapshot: the captured scope and valuation are identical to the live report, so a recorded day equals what the live report showed that day",KEEP,Server-side contract (pagination/sort/snapshot/enforcement) — placed in an API section per Rule 4; verifiable via network tab/DB; failures are real defects.,,,T1
IV-API-03,C30607,https://shopview.testrail.io/index.php?/cases/view/30607,IV,IV — API,"Nightly snapshot: re-running the capture for a date replaces that date's rows — idempotent, no duplicates",KEEP,Idempotent snapshot re-run (no duplicate rows) — protects the data the whole report stands on.,,,T1
IV-API-04,C30608,https://shopview.testrail.io/index.php?/cases/view/30608,IV,IV — API,Nightly snapshot: history accrues forward only — a re-run records current truth under the current date and cannot reconstruct a past date,KEEP,Server-side contract (pagination/sort/snapshot/enforcement) — placed in an API section per Rule 4; verifiable via network tab/DB; failures are real defects.,,,T1
IV-API-05,C30609,https://shopview.testrail.io/index.php?/cases/view/30609,IV,IV — API,Snapshot retention: daily captures are kept for 0–13 months; older history is reduced to the last capture of each calendar month,KEEP,"Snapshot retention thinning (13 months daily, then monthly) — spec change-log item; data-lifecycle contract.",,,T1
IV-API-06,C30610,https://shopview.testrail.io/index.php?/cases/view/30610,IV,IV — API,"Thinned history is served unchanged: the closest-recorded-day rule bridges retention gaps, the ""As of"" indicator names the day shown, and a fully-pruned range shows the empty state",KEEP,Server-side contract (pagination/sort/snapshot/enforcement) — placed in an API section per Rule 4; verifiable via network tab/DB; failures are real defects.,,,T1
PV-NAV-01,C30322,https://shopview.testrail.io/index.php?/cases/view/30322,PV,PV — Access & Defaults,Parts Velocity appears under a new Parts section in the Reports navigation,KEEP,Navigation/entry contract — additive placement was an explicit PO instruction on the video.,,,T2
PV-NAV-02,C30323,https://shopview.testrail.io/index.php?/cases/view/30323,PV,PV — Access & Defaults,First visit: date range defaults to This Year and data is fetched automatically,KEEP,"First-visit defaults (This Year, auto-fetch, Demand ranking) — PV's only defaults case.",,,T1
PV-NAV-03,C30324,https://shopview.testrail.io/index.php?/cases/view/30324,PV,PV — Access & Defaults,A loading indicator shows while data loads and old rows are replaced only when new data returns,WEAK-KEEP,"Loading-indicator/no-blank-flash; standard framework behavior, verify once.",,,T2
PV-PERM-01,C30325,https://shopview.testrail.io/index.php?/cases/view/30325,PV,PV — Permissions,A user with the Inventory Reports → View permission can load the report and export it,KEEP,Permission gate (positive/negative observable behavior). NOTE: Q2 permission-model discrepancy raised to Chris/dev 2026-07-28; cases stay per the shipped mixed model per user ruling.,,,T1
PV-PERM-02,C30326,https://shopview.testrail.io/index.php?/cases/view/30326,PV,PV — Permissions,A user without the Manager or Office User role does not see the Parts Velocity navigation entry,KEEP,Permission gate (positive/negative observable behavior). NOTE: Q2 permission-model discrepancy raised to Chris/dev 2026-07-28; cases stay per the shipped mixed model per user ruling.,,,T1
PV-PERM-03,C30327,https://shopview.testrail.io/index.php?/cases/view/30327,PV,PV — Permissions,A user with Reports access but without Inventory Reports → View sees the entry but is denied the data and the export,KEEP,Permission gate (positive/negative observable behavior). NOTE: Q2 permission-model discrepancy raised to Chris/dev 2026-07-28; cases stay per the shipped mixed model per user ruling.,,,T1
PV-FILT-01,C30328,https://shopview.testrail.io/index.php?/cases/view/30328,PV,PV — Filters,"Type filter is single-select, first in the filter row, with options Both, Inventory, Catalogue (default Both)",KEEP,Filter data-effect contract — changes which rows/totals appear; failures are real.,,,T1
PV-FILT-02,C30329,https://shopview.testrail.io/index.php?/cases/view/30329,PV,PV — Filters,Selecting a Type value immediately reloads the data limited to that type,MERGE,"Per-option effect of the Type filter FILT-01 defines; one control, one case.",G-PV-TYPE,PV-FILT-01,T2
PV-FILT-03,C30330,https://shopview.testrail.io/index.php?/cases/view/30330,PV,PV — Filters,Date range selector offers exactly the eleven bounded options and no All Time,KEEP,Filter data-effect contract — changes which rows/totals appear; failures are real.,,,T1
PV-FILT-04,C30331,https://shopview.testrail.io/index.php?/cases/view/30331,PV,PV — Filters,Custom date range requires valid start and end dates and rejects a span over 366 days,KEEP,Filter data-effect contract — changes which rows/totals appear; failures are real.,,,T1
PV-FILT-05,C30332,https://shopview.testrail.io/index.php?/cases/view/30332,PV,PV — Filters,Category and Vendor multi-select filters limit the table to matching parts,KEEP,Filter data-effect contract — changes which rows/totals appear; failures are real.,,,T1
PV-FILT-06,C30333,https://shopview.testrail.io/index.php?/cases/view/30333,PV,PV — Filters,"Toolbar search matches part number or description, case-insensitively, and is page-specific",KEEP,Filter data-effect contract — changes which rows/totals appear; failures are real.,,,T1
PV-FILT-07,C30334,https://shopview.testrail.io/index.php?/cases/view/30334,PV,PV — Filters,All active filters combine with AND logic,KEEP,Filter data-effect contract — changes which rows/totals appear; failures are real.,,,T1
PV-FILT-08,C30335,https://shopview.testrail.io/index.php?/cases/view/30335,PV,PV — Filters,Bin multi-select filter limits the table to inventory parts stocked in the selected bins,KEEP,Filter data-effect contract — changes which rows/totals appear; failures are real.,,,T1
PV-FILT-09,C30336,https://shopview.testrail.io/index.php?/cases/view/30336,PV,PV — Filters,Any Bin filter excludes all catalogue rows - Type Catalogue plus a Bin filter is empty by design,KEEP,Filter data-effect contract — changes which rows/totals appear; failures are real.,,,T1
PV-FILT-10,C30337,https://shopview.testrail.io/index.php?/cases/view/30337,PV,PV — Filters,"Location filter is the rightmost control, defaults to the active location, and scopes to accessible locations only",KEEP,Filter data-effect contract — changes which rows/totals appear; failures are real.,,,T1
PV-FILT-11,C30338,https://shopview.testrail.io/index.php?/cases/view/30338,PV,PV — Filters,Empty state shows the standard no-data message when no parts match the filters,WEAK-KEEP,"Verbatim empty-state label; string conformance, verify once.",,,T2
PV-FILT-12,C30339,https://shopview.testrail.io/index.php?/cases/view/30339,PV,PV — Filters,"Parts with no category, vendor, or bin assigned are excluded when that filter is active",KEEP,Filter data-effect contract — changes which rows/totals appear; failures are real.,,,T1
PV-FILT-13,C30340,https://shopview.testrail.io/index.php?/cases/view/30340,PV,PV — Filters,A user with access to only one location still sees the Location filter with a single selectable location,WEAK-KEEP,Single-location-still-sees-filter: contradicted by pending video P33; may invert.,,,T2
PV-ROW-01,C30341,https://shopview.testrail.io/index.php?/cases/view/30341,PV,PV — Row Model,An inventory part stocked at two selected locations shows as two rows with per-location stock figures,KEEP,"Row-model/scope contract (who appears, where, exactly once) — data-correctness core.",,,T1
PV-ROW-02,C30342,https://shopview.testrail.io/index.php?/cases/view/30342,PV,PV — Row Model,A catalogue part shows as one merged row with values summed across the selected locations,KEEP,"Row-model/scope contract (who appears, where, exactly once) — data-correctness core.",,,T1
PV-ROW-03,C30343,https://shopview.testrail.io/index.php?/cases/view/30343,PV,PV — Row Model,Rows load ranked by Demand descending with the descending indicator on the Demand header,KEEP,"Row-model/scope contract (who appears, where, exactly once) — data-correctness core.",,,T1
PV-ROW-04,C30344,https://shopview.testrail.io/index.php?/cases/view/30344,PV,PV — Row Model,"Clicking a column header sorts ascending first, toggles on re-click, and places null values first-ascending / last-descending",KEEP,"Row-model/scope contract (who appears, where, exactly once) — data-correctness core.",,,T1
PV-ROW-05,C30345,https://shopview.testrail.io/index.php?/cases/view/30345,PV,PV — Row Model,"Sticky header, all-left alignment on screen, and plain-text Type values",KEEP,"Row-model/scope contract (who appears, where, exactly once) — data-correctness core.",,,T2
PV-ROW-06,C30346,https://shopview.testrail.io/index.php?/cases/view/30346,PV,PV — Row Model,"Info icons on Units Sold, Demand, and Turns / Yr show the exact spec descriptions and never trigger a sort",KEEP,"Row-model/scope contract (who appears, where, exactly once) — data-correctness core.",,,T2
PV-ROW-07,C30347,https://shopview.testrail.io/index.php?/cases/view/30347,PV,PV — Row Model,"Description, Category, and Vendor truncate with an ellipsis and show in full on hover; Part # is never truncated",KEEP,"Row-model/scope contract (who appears, where, exactly once) — data-correctness core.",,,T2
PV-ROW-08,C30348,https://shopview.testrail.io/index.php?/cases/view/30348,PV,PV — Row Model,Null values render as an em-dash only in the nullable fields; counts and Revenue/Margin are never null,KEEP,"Row-model/scope contract (who appears, where, exactly once) — data-correctness core.",,,T1
PV-ROW-09,C30349,https://shopview.testrail.io/index.php?/cases/view/30349,PV,PV — Row Model,"An inventory part is excluded only when it has no movement, under one unit on hand, AND no billed revenue",KEEP,"Row-model/scope contract (who appears, where, exactly once) — data-correctness core.",,,T1
PV-ROW-10,C30350,https://shopview.testrail.io/index.php?/cases/view/30350,PV,PV — Row Model,"A sale invoiced then fully reversed in-window shows Demand 1 with Units Sold 0.00, and negative movement shows a leading minus",KEEP,"Row-model/scope contract (who appears, where, exactly once) — data-correctness core.",,,T1
PV-COL-01,C30351,https://shopview.testrail.io/index.php?/cases/view/30351,PV,PV — Columns & Remembered View,Column picker lists all 20 available columns with toggles and never offers the internal on-hand cost,KEEP,Column selector behavior contract (contents/effect/exports interaction).,,,T2
PV-COL-02,C30352,https://shopview.testrail.io/index.php?/cases/view/30352,PV,PV — Columns & Remembered View,First visit shows exactly the 14 default columns in the specified order,KEEP,Column selector behavior contract (contents/effect/exports interaction).,,,T2
PV-COL-03,C30353,https://shopview.testrail.io/index.php?/cases/view/30353,PV,PV — Columns & Remembered View,A re-enabled column returns to its canonical slot and toggling takes effect immediately without a reload,KEEP,Column selector behavior contract (contents/effect/exports interaction).,,,T1
PV-COL-04,C30354,https://shopview.testrail.io/index.php?/cases/view/30354,PV,PV — Columns & Remembered View,"Filters, column selection, and sort are remembered per browser and restored before the first data fetch",KEEP,Column selector behavior contract (contents/effect/exports interaction).,,,T1
PV-COL-05,C30355,https://shopview.testrail.io/index.php?/cases/view/30355,PV,PV — Columns & Remembered View,A saved value that is no longer valid falls back to that setting's default on restore,KEEP,Column selector behavior contract (contents/effect/exports interaction).,,,T1
PV-COL-06,C30356,https://shopview.testrail.io/index.php?/cases/view/30356,PV,PV — Columns & Remembered View,A different user signing in on the same browser inherits the saved view,KEEP,Column selector behavior contract (contents/effect/exports interaction).,,,T1
PV-COL-07,C30357,https://shopview.testrail.io/index.php?/cases/view/30357,PV,PV — Columns & Remembered View,A saved view with a stale schema version is ignored and the current defaults load,CUT,"Requires manufacturing a ""stale schema version"" in browser storage — not executable by a manual tester; implementation detail for a dev test. Defensive-restore behavior is already covered by PV-COL-05.",,,-
PV-COL-08,C30358,https://shopview.testrail.io/index.php?/cases/view/30358,PV,PV — Columns & Remembered View,All 20 columns can be hidden; the empty selection is not restored and an export then contains no data columns,WEAK-KEEP,All-20-columns-hidden edge + not-restored subtlety; legitimate but low value.,,,T2
PV-CALC-01,C30359,https://shopview.testrail.io/index.php?/cases/view/30359,PV,PV — Columns & Calculations,"Units Sold for an inventory part is net stock movement: invoicing adds, reversing subtracts, returns do not affect it",KEEP,"Calculation contract with a worked example; a failure is a real, reportable money/hours bug.",,,T1
PV-CALC-02,C30360,https://shopview.testrail.io/index.php?/cases/view/30360,PV,PV — Columns & Calculations,"Units Sold for a catalogue part is the total in-window vendor-request quantity, net of reversed sales",KEEP,"Calculation contract with a worked example; a failure is a real, reportable money/hours bug.",,,T1
PV-CALC-03,C30361,https://shopview.testrail.io/index.php?/cases/view/30361,PV,PV — Columns & Calculations,"Units Returned counts initiated part returns and parts-sale credits, and cancelling a return removes its quantity",KEEP,"Calculation contract with a worked example; a failure is a real, reportable money/hours bug.",,,T1
PV-CALC-04,C30362,https://shopview.testrail.io/index.php?/cases/view/30362,PV,PV — Columns & Calculations,"Units Returned is windowed by initiation date, ignores invoice status, and excludes core-charge returns",KEEP,"Calculation contract with a worked example; a failure is a real, reportable money/hours bug.",,,T1
PV-CALC-05,C30363,https://shopview.testrail.io/index.php?/cases/view/30363,PV,PV — Columns & Calculations,"Sold via WO counts Service-type work orders and Sold via Parts Sale counts Parts-type work orders, windowed by work-order date",KEEP,"Calculation contract with a worked example; a failure is a real, reportable money/hours bug.",,,T1
PV-CALC-06,C30364,https://shopview.testrail.io/index.php?/cases/view/30364,PV,PV — Columns & Calculations,"Demand counts each transaction once regardless of quantity, and a reversal neither adds nor subtracts",KEEP,"Calculation contract with a worked example; a failure is a real, reportable money/hours bug.",,,T1
PV-CALC-07,C30365,https://shopview.testrail.io/index.php?/cases/view/30365,PV,PV — Columns & Calculations,"Last Sale shows whole days since the most recent sale over ALL-TIME history, scoped to the selected locations",KEEP,"Calculation contract with a worked example; a failure is a real, reportable money/hours bug.",,,T1
PV-CALC-08,C30366,https://shopview.testrail.io/index.php?/cases/view/30366,PV,PV — Columns & Calculations,"On Hand shows the row's own location stock, and Min / Max are read-only stored thresholds with no editing from the report",KEEP,"Calculation contract with a worked example; a failure is a real, reportable money/hours bug.",,,T1
PV-CALC-09,C30367,https://shopview.testrail.io/index.php?/cases/view/30367,PV,PV — Columns & Calculations,"Turns / Yr annualizes the in-window sales rate against On Hand, shows 0.00 at zero stock, and can be negative",KEEP,"Calculation contract with a worked example; a failure is a real, reportable money/hours bug.",,,T1
PV-CALC-10,C30368,https://shopview.testrail.io/index.php?/cases/view/30368,PV,PV — Columns & Calculations,"Revenue, Margin, Unit Cost, Sell Price, and Margin % follow the billed-line formulas, computed unrounded and rounded once",KEEP,"Calculation contract with a worked example; a failure is a real, reportable money/hours bug.",,,T1
PV-CALC-11,C30369,https://shopview.testrail.io/index.php?/cases/view/30369,PV,PV — Columns & Calculations,"A reversed/voided sale is excluded from every billed-line column (Revenue, Margin, Unit Cost, Sell Price, Sold via WO, Sold via Parts Sale, catalogue Units Sold)",KEEP,"Calculation contract with a worked example; a failure is a real, reportable money/hours bug.",,,T1
PV-CALC-12,C30370,https://shopview.testrail.io/index.php?/cases/view/30370,PV,PV — Columns & Calculations,"Unit Cost / Sell Price and Margin % use independent null triggers, so mixed rows are valid",KEEP,"Calculation contract with a worked example; a failure is a real, reportable money/hours bug.",,,T1
PV-CALC-13,C30371,https://shopview.testrail.io/index.php?/cases/view/30371,PV,PV — Columns & Calculations,"On-screen number formats match the spec for every column type, and rounding is half away from zero",KEEP,"Calculation contract with a worked example; a failure is a real, reportable money/hours bug.",,,T1
PV-CALC-14,C30372,https://shopview.testrail.io/index.php?/cases/view/30372,PV,PV — Columns & Calculations,Core parts are excluded from both the inventory and catalogue result sets,KEEP,"Calculation contract with a worked example; a failure is a real, reportable money/hours bug.",,,T1
PV-CALC-15,C30373,https://shopview.testrail.io/index.php?/cases/view/30373,PV,PV — Columns & Calculations,"Movement and billed bases may differ for an inventory row (expected), while Sold via WO + Sold via Parts Sale equals the billed units",KEEP,"Calculation contract with a worked example; a failure is a real, reportable money/hours bug.",,,T1
PV-CALC-16,C30374,https://shopview.testrail.io/index.php?/cases/view/30374,PV,PV — Columns & Calculations,Window anchors: inventory movement metrics use the movement event date while billed columns use the work-order date,KEEP,"Calculation contract with a worked example; a failure is a real, reportable money/hours bug.",,,T1
PV-EXP-01,C30375,https://shopview.testrail.io/index.php?/cases/view/30375,PV,PV — Exports,The overflow button opens an export menu with Download (PDF) and Download (CSV) in that order,KEEP,Export content/behavior contract (what is in the file / when it is refused) — distinct observable outcome.,,,T2
PV-EXP-02,C30376,https://shopview.testrail.io/index.php?/cases/view/30376,PV,PV — Exports,Both exports reflect the filters and search active at the time of export,KEEP,Export content/behavior contract (what is in the file / when it is refused) — distinct observable outcome.,,,T1
PV-EXP-03,C30377,https://shopview.testrail.io/index.php?/cases/view/30377,PV,PV — Exports,"Exports include only the enabled columns, in the canonical on-screen order",KEEP,Export content/behavior contract (what is in the file / when it is refused) — distinct observable outcome.,,,T1
PV-EXP-04,C30378,https://shopview.testrail.io/index.php?/cases/view/30378,PV,PV — Exports,"Exports reflect the active sort - including Min/Max sorts, the default Demand order, and identical null placement",KEEP,Export content/behavior contract (what is in the file / when it is refused) — distinct observable outcome.,,,T1
PV-EXP-05,C30379,https://shopview.testrail.io/index.php?/cases/view/30379,PV,PV — Exports,"PDF: named velocity-report.pdf, A3 landscape, titled Parts Velocity, with 18-character text truncation but Part # untruncated",KEEP,Export content/behavior contract (what is in the file / when it is refused) — distinct observable outcome.,,,T2
PV-EXP-06,C30380,https://shopview.testrail.io/index.php?/cases/view/30380,PV,PV — Exports,CSV: named velocity-report.csv with full untruncated text values and Last Sale as a raw integer,KEEP,Export content/behavior contract (what is in the file / when it is refused) — distinct observable outcome.,,,T1
PV-EXP-07,C30381,https://shopview.testrail.io/index.php?/cases/view/30381,PV,PV — Exports,"Null values render as an em-dash in both exports, and Last Sale renders as 'N days' in the PDF",KEEP,Export content/behavior contract (what is in the file / when it is refused) — distinct observable outcome.,,,T1
PV-EXP-08,C30382,https://shopview.testrail.io/index.php?/cases/view/30382,PV,PV — Exports,"Export alignment: Type centered, text columns left-aligned, numeric and money columns right-aligned",WEAK-KEEP,Export column alignment (centered/left/right); cosmetic conformance.,,,T2
PV-EXP-09,C30383,https://shopview.testrail.io/index.php?/cases/view/30383,PV,PV — Exports,Successful downloads show the exact success toasts with uppercase (CSV)/(PDF),MERGE,Success-toast wording; pairs with the failure case as one notification case.,G-PV-EXPTOAST,PV-EXP-10,T2
PV-EXP-10,C30384,https://shopview.testrail.io/index.php?/cases/view/30384,PV,PV — Exports,"A failed export shows the server message when available, otherwise the exact fallback error toast with lowercase (csv)/(pdf)",KEEP,Export content/behavior contract (what is in the file / when it is refused) — distinct observable outcome.,,,T2
PV-VIS-01,C30385,https://shopview.testrail.io/index.php?/cases/view/30385,PV,PV — Visual Conformance,The report uses the standard two-tone layout: white card surfaces on a soft blue-grey backdrop with an edge-to-edge table,WEAK-KEEP,Two-tone theme parroting; verify once.,,,T2
PV-VIS-02,C30386,https://shopview.testrail.io/index.php?/cases/view/30386,PV,PV — Visual Conformance,"Toolbar and table detail styling: paddings, white header with 1px top border, white body cells, 2rem edge padding",WEAK-KEEP,Px paddings/1px borders; verify once.,,,T2
PV-VIS-03,C30387,https://shopview.testrail.io/index.php?/cases/view/30387,PV,PV — Visual Conformance,Dark mode is supported and the grey info icon keeps at least 3:1 contrast in both modes,WEAK-KEEP,Dark mode + 3:1 icon contrast (tooling); one-time check.,,,T2
PV-API-01,C30388,https://shopview.testrail.io/index.php?/cases/view/30388,PV,PV — API,The report is server-paginated - the backend returns one page of rows at a time,KEEP,Server-side contract (pagination/sort/snapshot/enforcement) — placed in an API section per Rule 4; verifiable via network tab/DB; failures are real defects.,,,T1
PV-API-02,C30389,https://shopview.testrail.io/index.php?/cases/view/30389,PV,PV — API,Every filter or search change re-queries the server and returns the first page of the new result set,KEEP,Server-side contract (pagination/sort/snapshot/enforcement) — placed in an API section per Rule 4; verifiable via network tab/DB; failures are real defects.,,,T1
PV-API-03,C30390,https://shopview.testrail.io/index.php?/cases/view/30390,PV,PV — API,Header-click sorting re-queries the server with nulls first on ascending and last on descending as a server sort semantic,KEEP,Server-side contract (pagination/sort/snapshot/enforcement) — placed in an API section per Rule 4; verifiable via network tab/DB; failures are real defects.,,,T1
PV-API-04,C30391,https://shopview.testrail.io/index.php?/cases/view/30391,PV,PV — API,The backend denies both the report data and the export to a user without Inventory Reports → View,KEEP,Server-side contract (pagination/sort/snapshot/enforcement) — placed in an API section per Rule 4; verifiable via network tab/DB; failures are real defects.,,,T1
SBC-NAV-01,C30096,https://shopview.testrail.io/index.php?/cases/view/30096,SBC,SBC — Access & Navigation,Sales By Customer appears in the Reports navigation and opens the report,KEEP,Navigation/entry contract — additive placement was an explicit PO instruction on the video.,,,T2
SBC-NAV-02,C30097,https://shopview.testrail.io/index.php?/cases/view/30097,SBC,SBC — Access & Navigation,Page title and browser tab title read Sales By Customer,MERGE,Two title assertions; not a separate flow — fold into the nav/open case.,G-SBC-NAV,SBC-NAV-01,T2
SBC-PERM-01,C30098,https://shopview.testrail.io/index.php?/cases/view/30098,SBC,SBC — Permissions,A user with the dedicated Sales By Customer View permission can see and open the report,KEEP,Permission gate (positive/negative observable behavior). NOTE: Q2 permission-model discrepancy raised to Chris/dev 2026-07-28; cases stay per the shipped mixed model per user ruling.,,,T1
SBC-PERM-02,C30099,https://shopview.testrail.io/index.php?/cases/view/30099,SBC,SBC — Permissions,A user without the Sales By Customer View permission cannot see or open the report,KEEP,Permission gate (positive/negative observable behavior). NOTE: Q2 permission-model discrepancy raised to Chris/dev 2026-07-28; cases stay per the shipped mixed model per user ruling.,,,T1
SBC-PERM-03,C30100,https://shopview.testrail.io/index.php?/cases/view/30100,SBC,SBC — Permissions,Opening an invoice you lack permission for shows the standard access-denied state and back returns to the report,KEEP,Permission gate (positive/negative observable behavior). NOTE: Q2 permission-model discrepancy raised to Chris/dev 2026-07-28; cases stay per the shipped mixed model per user ruling.,,,T1
SBC-PERM-04,C30101,https://shopview.testrail.io/index.php?/cases/view/30101,SBC,SBC — Permissions,Location access is enforced: the report never includes data from a location the user cannot access,KEEP,Location-access enforcement (report never widens to inaccessible data) — a real security contract.,,,T1
SBC-DATE-01,C30102,https://shopview.testrail.io/index.php?/cases/view/30102,SBC,SBC — Date Range Filter,Date range picker offers eleven options in the specified order,KEEP,Date-range semantics (presets/cap/anchoring) — drives every number on the report.,,,T1
SBC-DATE-02,C30103,https://shopview.testrail.io/index.php?/cases/view/30103,SBC,SBC — Date Range Filter,Date range defaults to This Month when nothing is saved and no range is in the page link,MERGE,"Default restated: SBC-PERS-05 already asserts ""Date range = This Month"".",G-SBC-DEFAULTS,SBC-PERS-05,T2
SBC-DATE-03,C30104,https://shopview.testrail.io/index.php?/cases/view/30104,SBC,SBC — Date Range Filter,Custom range opens a start/end date dialog and cannot exceed a 366-day span,KEEP,Date-range semantics (presets/cap/anchoring) — drives every number on the report.,,,T1
SBC-DATE-04,C30105,https://shopview.testrail.io/index.php?/cases/view/30105,SBC,SBC — Date Range Filter,Changing the date range writes the chosen value to the page link for sharing and bookmarking,KEEP,Date-range semantics (presets/cap/anchoring) — drives every number on the report.,,,T1
SBC-TYPE-01,C30106,https://shopview.testrail.io/index.php?/cases/view/30106,SBC,SBC — Product Type Filter,Product Type dropdown offers exactly three options with Parts & Service as the default,MERGE,"Options+default of the same 3-option dropdown TYPE-02 exercises; one control, one case.",G-SBC-TYPE,SBC-TYPE-02,T2
SBC-TYPE-02,C30107,https://shopview.testrail.io/index.php?/cases/view/30107,SBC,SBC — Product Type Filter,Service only shows only invoices starting with S; Parts only shows only invoices starting with P,KEEP,Filter data-effect contract — changes which rows/totals appear; failures are real.,,,T1
SBC-TYPE-03,C30108,https://shopview.testrail.io/index.php?/cases/view/30108,SBC,SBC — Product Type Filter,Parts & Service applies no product-type filter,MERGE,"The trivial third state (no filter) of the same dropdown; one extra step, not a case.",G-SBC-TYPE,SBC-TYPE-02,T2
SBC-LOC-01,C30109,https://shopview.testrail.io/index.php?/cases/view/30109,SBC,SBC — Location Filter,"Location filter is the rightmost filter, lists accessible locations, and pins All locations to the top",KEEP,Location scoping/fallback contract — includes the accessible-locations security boundary.,,,T1
SBC-LOC-02,C30110,https://shopview.testrail.io/index.php?/cases/view/30110,SBC,SBC — Location Filter,Location filter defaults to the user's active location on first load,MERGE,"Default restated: SBC-PERS-05 already asserts ""Location = your active location"".",G-SBC-DEFAULTS,SBC-PERS-05,T2
SBC-LOC-03,C30111,https://shopview.testrail.io/index.php?/cases/view/30111,SBC,SBC — Location Filter,Selecting locations scopes the report data; All locations includes every accessible location,KEEP,Location scoping/fallback contract — includes the accessible-locations security boundary.,,,T1
SBC-CUST-01,C30112,https://shopview.testrail.io/index.php?/cases/view/30112,SBC,SBC — Customer Filter,"Customer filter sits between Product Type and Location, carries a search icon, and shows the Search customers… hint",WEAK-KEEP,"Placement/search-icon/hint cosmetics of the Customer control; legitimate spec line, low failure value.",,,T2
SBC-CUST-02,C30113,https://shopview.testrail.io/index.php?/cases/view/30113,SBC,SBC — Customer Filter,"Typing in the Customer filter lists matching customers by contains match, with checkmarks on selected ones",KEEP,Filter data-effect contract — changes which rows/totals appear; failures are real.,,,T1
SBC-CUST-03,C30114,https://shopview.testrail.io/index.php?/cases/view/30114,SBC,SBC — Customer Filter,Pinned control toggles between All customers and Clear all with the matching action,KEEP,Filter data-effect contract — changes which rows/totals appear; failures are real.,,,T1
SBC-CUST-04,C30115,https://shopview.testrail.io/index.php?/cases/view/30115,SBC,SBC — Customer Filter,First load starts in the all-customers state and the report shows every customer,KEEP,Filter data-effect contract — changes which rows/totals appear; failures are real.,,,T1
SBC-CUST-05,C30116,https://shopview.testrail.io/index.php?/cases/view/30116,SBC,SBC — Customer Filter,"Collapsed label reads None, the customer's name, or N selected, and shows the query text while typing",KEEP,Filter data-effect contract — changes which rows/totals appear; failures are real.,,,T1
SBC-CUST-06,C30117,https://shopview.testrail.io/index.php?/cases/view/30117,SBC,SBC — Customer Filter,Changing the customer selection narrows the table to the selected customers and refreshes the totals,KEEP,Filter data-effect contract — changes which rows/totals appear; failures are real.,,,T1
SBC-CUST-07,C30118,https://shopview.testrail.io/index.php?/cases/view/30118,SBC,SBC — Customer Filter,Clearing every customer shows the empty state with a zero totals row,MERGE,The outcome of the Clear-all action CUST-03 performs; one extra expected block.,G-SBC-CLEARALL,SBC-CUST-03,T2
SBC-CUST-08,C30119,https://shopview.testrail.io/index.php?/cases/view/30119,SBC,SBC — Customer Filter,"In the all-customers state a filter change keeps every customer included, including newly-appearing ones",MERGE,Same all-customers explicit-state contract as CUST-04 with one extra trigger.,G-SBC-ALLCUST,SBC-CUST-04,T2
SBC-CUST-09,C30120,https://shopview.testrail.io/index.php?/cases/view/30120,SBC,SBC — Customer Filter,"A subset selection reconciles on a filter change: kept if present, dropped if absent, new customers not auto-added",KEEP,Filter data-effect contract — changes which rows/totals appear; failures are real.,,,T1
SBC-TREE-01,C30121,https://shopview.testrail.io/index.php?/cases/view/30121,SBC,SBC — Tree & Rows,Each customer gets one summary row with its name followed by the invoice count in parentheses,KEEP,"Row-model/scope contract (who appears, where, exactly once) — data-correctness core.",,,T1
SBC-TREE-02,C30122,https://shopview.testrail.io/index.php?/cases/view/30122,SBC,SBC — Tree & Rows,A customer with no matching invoices in the current view is not shown,KEEP,"Row-model/scope contract (who appears, where, exactly once) — data-correctness core.",,,T1
SBC-TREE-03,C30123,https://shopview.testrail.io/index.php?/cases/view/30123,SBC,SBC — Tree & Rows,"Expanding a customer reveals its asset rows with vehicle icon, label, count, rolled-up columns and indentation",KEEP,"Row-model/scope contract (who appears, where, exactly once) — data-correctness core.",,,T1
SBC-TREE-04,C30124,https://shopview.testrail.io/index.php?/cases/view/30124,SBC,SBC — Tree & Rows,"Expanding an asset reveals its invoice detail rows with number link, date and per-invoice columns",KEEP,"Row-model/scope contract (who appears, where, exactly once) — data-correctness core.",,,T1
SBC-TREE-05,C30125,https://shopview.testrail.io/index.php?/cases/view/30125,SBC,SBC — Tree & Rows,"Invoices group into one asset row per vehicle record, with a snapshot fallback for older invoices with no vehicle id",KEEP,"Row-model/scope contract (who appears, where, exactly once) — data-correctness core.",,,T1
SBC-TREE-06,C30126,https://shopview.testrail.io/index.php?/cases/view/30126,SBC,SBC — Tree & Rows,"Asset rows order A to Z case-insensitively with the Parts Sales bucket always last, regardless of column sort",KEEP,"Row-model/scope contract (who appears, where, exactly once) — data-correctness core.",,,T1
SBC-TREE-07,C30127,https://shopview.testrail.io/index.php?/cases/view/30127,SBC,SBC — Tree & Rows,Chevrons toggle closed on a second click and every customer's and asset's expansion is independent,MERGE,Chevron toggle/independence is UI mechanics of the expand flow TREE-03 drives.,G-SBC-EXPAND,SBC-TREE-03,T2
SBC-TREE-08,C30128,https://shopview.testrail.io/index.php?/cases/view/30128,SBC,SBC — Tree & Rows,"Header-row chevron expands or collapses every customer on the current page, with matching icon and tooltip",KEEP,"Row-model/scope contract (who appears, where, exactly once) — data-correctness core.",,,T1
SBC-TREE-09,C30129,https://shopview.testrail.io/index.php?/cases/view/30129,SBC,SBC — Tree & Rows,"Any change that reloads customer rows collapses all expansion, but typing in the Customer filter does not",KEEP,"Row-model/scope contract (who appears, where, exactly once) — data-correctness core.",,,T1
SBC-TREE-10,C30130,https://shopview.testrail.io/index.php?/cases/view/30130,SBC,SBC — Tree & Rows,"Edge: a single-invoice asset can still be expanded, and a customer with only no-vehicle work shows a single Parts Sales row",WEAK-KEEP,Low-yield edge (single-invoice asset expands; only-parts-sales customer); keep only if suite size is no concern.,,,T2
SBC-TREE-11,C30131,https://shopview.testrail.io/index.php?/cases/view/30131,SBC,SBC — Tree & Rows,"A service (S) invoice with no vehicle also lands in the Parts Sales bucket — absence of a vehicle decides, not the prefix",KEEP,"Row-model/scope contract (who appears, where, exactly once) — data-correctness core.",,,T1
SBC-TREE-12,C30132,https://shopview.testrail.io/index.php?/cases/view/30132,SBC,SBC — Tree & Rows,"Reversed and voided invoices are excluded from every row, count and total under every Product Type",KEEP,Reversed/voided invoices excluded from every count/total — data-integrity contract.,,,T1
SBC-TREE-13,C30133,https://shopview.testrail.io/index.php?/cases/view/30133,SBC,SBC — Tree & Rows,"Every row type renders the same columns in the same order, blank cells keep their position, and summary rows use the specified font weights",WEAK-KEEP,Structural/font-weight invariant restating the layout; cosmetic-leaning.,,,T2
SBC-LBL-01,C30134,https://shopview.testrail.io/index.php?/cases/view/30134,SBC,SBC — Asset Labels,"Asset label = year make model plus the most specific identifier: Unit, then plate, then last 8 of VIN",KEEP,Asset-label identifier chain — flagged: video P24 (FIRM) switches the identifier to SERIAL NUMBER; expect rewrite when the spec catches up.,,,T2
SBC-LBL-02,C30135,https://shopview.testrail.io/index.php?/cases/view/30135,SBC,SBC — Asset Labels,"An asset with no year, make or model is labeled with the VIN on its own",MERGE,One branch of the single label fallback chain; a row in LBL-01's input table.,G-SBC-LBL,SBC-LBL-01,T2
SBC-LBL-03,C30136,https://shopview.testrail.io/index.php?/cases/view/30136,SBC,SBC — Asset Labels,"An asset with no year, make, model or VIN is labeled Unknown Asset",MERGE,"One branch (final fallback ""Unknown Asset"") of the same chain; a table row.",G-SBC-LBL,SBC-LBL-01,T2
SBC-LBL-04,C30137,https://shopview.testrail.io/index.php?/cases/view/30137,SBC,SBC — Asset Labels,Two assets producing the same label get stable (#1)/(#2) suffixes that survive reloads,KEEP,Report-specific behavior contract (hours math / lost-labor / per-day breakdown / labels).,,,T2
SBC-LINK-01,C30138,https://shopview.testrail.io/index.php?/cases/view/30138,SBC,SBC — Invoice Links & Navigation,"Invoice number opens in the same tab: S invoices to the work order Finance tab, P invoices to the part sale Part Requests tab",KEEP,Drill-through/link target contract — the PO walked these hyperlinks on the video as a key feature.,,,T1
SBC-LINK-02,C30139,https://shopview.testrail.io/index.php?/cases/view/30139,SBC,SBC — Invoice Links & Navigation,"Browser back from an invoice returns to the report with filters, sort and columns restored and rows collapsed",KEEP,Drill-through/link target contract — the PO walked these hyperlinks on the video as a key feature.,,,T1
SBC-LINK-03,C30140,https://shopview.testrail.io/index.php?/cases/view/30140,SBC,SBC — Invoice Links & Navigation,Customer name is plain text; the invoice link keeps the primary color with no underline and never turns visited-purple,WEAK-KEEP,Link color / no-visited-purple cosmetics.,,,T2
SBC-LINK-04,C30141,https://shopview.testrail.io/index.php?/cases/view/30141,SBC,SBC — Invoice Links & Navigation,Clicking an invoice deleted or reversed after the report loaded shows the standard not-found state and back returns,KEEP,Drill-through/link target contract — the PO walked these hyperlinks on the video as a key feature.,,,T1
SBC-SORT-01,C30142,https://shopview.testrail.io/index.php?/cases/view/30142,SBC,SBC — Sorting,Every column is sortable except the chevron column; text sorts alphabetically and numbers by value,KEEP,"Sorting contract (default/direction/null placement/scope) — spec-defined, observable, distinct.",,,T1
SBC-SORT-02,C30143,https://shopview.testrail.io/index.php?/cases/view/30143,SBC,SBC — Sorting,Default sort is Customer name ascending case-insensitive; clicking a header replaces it,KEEP,"Sorting contract (default/direction/null placement/scope) — spec-defined, observable, distinct.",,,T1
SBC-SORT-03,C30144,https://shopview.testrail.io/index.php?/cases/view/30144,SBC,SBC — Sorting,Missing values sort to the bottom ascending and to the top descending; a Margin % em dash counts as missing,KEEP,"Sorting contract (default/direction/null placement/scope) — spec-defined, observable, distinct.",,,T1
SBC-SORT-04,C30145,https://shopview.testrail.io/index.php?/cases/view/30145,SBC,SBC — Sorting,Sorting by Date orders customers by their most recent invoice date even though the Date cell is blank on customer rows,KEEP,"Sorting contract (default/direction/null placement/scope) — spec-defined, observable, distinct.",,,T1
SBC-SORT-05,C30146,https://shopview.testrail.io/index.php?/cases/view/30146,SBC,SBC — Sorting,Sorting reorders only the customer summary rows; asset and invoice ordering is untouched,MERGE,"A scope invariant of sorting, not a separate flow; one expected line in SORT-01.",G-SBC-SORTSCOPE,SBC-SORT-01,T2
SBC-SORT-06,C30147,https://shopview.testrail.io/index.php?/cases/view/30147,SBC,SBC — Sorting,"Changing the sort shows the loading state, collapses expanded rows, and can change which customers are on the page",MERGE,Reload-collapse on sort duplicates TREE-09 (sort is one of its listed triggers).,G-SBC-SORTRELOAD,SBC-TREE-09,T2
SBC-SORT-07,C30148,https://shopview.testrail.io/index.php?/cases/view/30148,SBC,SBC — Sorting,With no customer rows the sort headers are still present and produce no visible change,CUT,"No-op assertion (sort headers with zero rows produce no change). A failure here would never be a reportable bug; tests framework idle behavior, not the feature.",,,-
SBC-CALC-01,C30149,https://shopview.testrail.io/index.php?/cases/view/30149,SBC,SBC — Totals & Calculations,Financial columns appear in the specified order and Subtotal/Margin follow the spec's composition rules,KEEP,"Calculation contract with a worked example; a failure is a real, reportable money/hours bug.",,,T1
SBC-CALC-02,C30150,https://shopview.testrail.io/index.php?/cases/view/30150,SBC,SBC — Totals & Calculations,"Margin % = Margin over Subtotal to one decimal with a percent sign, em dash when Subtotal is zero or below, monochrome on all row types",KEEP,"Calculation contract with a worked example; a failure is a real, reportable money/hours bug.",,,T1
SBC-CALC-03,C30151,https://shopview.testrail.io/index.php?/cases/view/30151,SBC,SBC — Totals & Calculations,Inv. Hrs heading is verbatim and the value shows +green / -red / 0.0 default on every row type,KEEP,"Calculation contract with a worked example; a failure is a real, reportable money/hours bug.",,,T1
SBC-CALC-04,C30152,https://shopview.testrail.io/index.php?/cases/view/30152,SBC,SBC — Totals & Calculations,Inv. Hrs is never blank: no-labor rows show 0.0 and values that round to zero show 0.0 in the default color,KEEP,"Calculation contract with a worked example; a failure is a real, reportable money/hours bug.",,,T1
SBC-CALC-05,C30153,https://shopview.testrail.io/index.php?/cases/view/30153,SBC,SBC — Totals & Calculations,Invoice subtotals sum exactly to their asset row and asset subtotals sum exactly to the customer row,KEEP,"Calculation contract with a worked example; a failure is a real, reportable money/hours bug.",,,T1
SBC-CALC-06,C30154,https://shopview.testrail.io/index.php?/cases/view/30154,SBC,SBC — Totals & Calculations,"Subtotal is the rightmost column, pinned during horizontal scroll and bold everywhere, unconditionally",KEEP,"Calculation contract with a worked example; a failure is a real, reportable money/hours bug.",,,T2
SBC-CALC-07,C30155,https://shopview.testrail.io/index.php?/cases/view/30155,SBC,SBC — Totals & Calculations,"The totals row covers the full filtered set of customers, not only the customers on the current page",KEEP,"Calculation contract with a worked example; a failure is a real, reportable money/hours bug.",,,T1
SBC-COL-01,C30156,https://shopview.testrail.io/index.php?/cases/view/30156,SBC,SBC — Column Selector,"Column selector is a separate toolbar button with the Column Selection tooltip and nine toggles in order, all on by default",KEEP,Column selector behavior contract (contents/effect/exports interaction).,,,T2
SBC-COL-02,C30157,https://shopview.testrail.io/index.php?/cases/view/30157,SBC,SBC — Column Selector,"A toggle hides the column's header and cells together; Customer, Subtotal and the chevron column are never in the list",KEEP,Column selector behavior contract (contents/effect/exports interaction).,,,T1
SBC-COL-03,C30158,https://shopview.testrail.io/index.php?/cases/view/30158,SBC,SBC — Column Selector,"Hiding all nine toggleable columns is allowed and the table still shows Customer, Subtotal and the totals Subtotal",MERGE,Hide-all edge of the same toggle behavior COL-02 tests.,G-SBC-COLBOUNDS,SBC-COL-02,T2
SBC-EXP-01,C30159,https://shopview.testrail.io/index.php?/cases/view/30159,SBC,SBC — Exports,"The overflow menu holds Download (CSV), Download (PDF) and Print in that order, with no separate export buttons",KEEP,Export content/behavior contract (what is in the file / when it is refused) — distinct observable outcome.,,,T2
SBC-EXP-02,C30160,https://shopview.testrail.io/index.php?/cases/view/30160,SBC,SBC — Exports,CSV download is a plain .csv file named by the active date range per the filename map,KEEP,Export content/behavior contract (what is in the file / when it is refused) — distinct observable outcome.,,,T2
SBC-EXP-03,C30161,https://shopview.testrail.io/index.php?/cases/view/30161,SBC,SBC — Exports,"CSV has twelve columns in exact order, is flat (customer then invoice rows), and follows the blank-cell rules",KEEP,Export content/behavior contract (what is in the file / when it is refused) — distinct observable outcome.,,,T1
SBC-EXP-04,C30162,https://shopview.testrail.io/index.php?/cases/view/30162,SBC,SBC — Exports,"CSV value formats: Margin % plain number, dates mm-dd-yyyy, currency plain numbers, no color",KEEP,Export content/behavior contract (what is in the file / when it is refused) — distinct observable outcome.,,,T1
SBC-EXP-05,C30163,https://shopview.testrail.io/index.php?/cases/view/30163,SBC,SBC — Exports,"CSV and PDF contain exactly the customers matching the active filters and sort, including the Customer filter selection",KEEP,"Exports reflect active filters — the PO stated this is ""very, very much intentional"" on the kickoff video.",,,T1
SBC-EXP-06,C30164,https://shopview.testrail.io/index.php?/cases/view/30164,SBC,SBC — Exports,CSV action shows a loading state while exporting and a CSV export failed toast on failure,KEEP,Export content/behavior contract (what is in the file / when it is refused) — distinct observable outcome.,,,T2
SBC-EXP-07,C30165,https://shopview.testrail.io/index.php?/cases/view/30165,SBC,SBC — Exports,PDF download uses the same range-based filename map with a .pdf extension,MERGE,"Identical filename map as EXP-02 with a different extension; one case, two file types.",G-SBC-EXPNAME,SBC-EXP-02,T2
SBC-EXP-08,C30166,https://shopview.testrail.io/index.php?/cases/view/30166,SBC,SBC — Exports,PDF page is A4 landscape with 25px margins and a footer with the ShopView label and page numbers,WEAK-KEEP,A4/25px-margins/footer: px values not measurable by a manual tester without tooling.,,,T2
SBC-EXP-09,C30167,https://shopview.testrail.io/index.php?/cases/view/30167,SBC,SBC — Exports,"PDF header shows the title, organization, date range in Mon D, YYYY form and the Product Type line; location is not shown",KEEP,Export content/behavior contract (what is in the file / when it is refused) — distinct observable outcome.,,,T1
SBC-EXP-10,C30168,https://shopview.testrail.io/index.php?/cases/view/30168,SBC,SBC — Exports,"PDF logo is embedded, scales without distortion, and falls back from the uploaded logo to the ShopView logo to none",KEEP,Export content/behavior contract (what is in the file / when it is refused) — distinct observable outcome.,,,T1
SBC-EXP-11,C30169,https://shopview.testrail.io/index.php?/cases/view/30169,SBC,SBC — Exports,PDF body matches the CSV's twelve flat columns with on-screen date/dash/bold rules and exact Inv. Hrs colors,KEEP,Export content/behavior contract (what is in the file / when it is refused) — distinct observable outcome.,,,T1
SBC-EXP-12,C30170,https://shopview.testrail.io/index.php?/cases/view/30170,SBC,SBC — Exports,PDF action shows a loading state while exporting and a PDF export failed toast on failure,MERGE,Same loading/failure pattern as EXP-06 with PDF wording; a two-row step table.,G-SBC-EXPTOAST,SBC-EXP-06,T2
SBC-EXP-13,C30171,https://shopview.testrail.io/index.php?/cases/view/30171,SBC,SBC — Exports,"Print fetches the report PDF and opens the native print dialog in the current tab, disabled while the table is first loading",KEEP,Print flow is spec Story 16 today — but flagged: video P25 says Print will be CUT from SBC; case dies if/when the spec updates.,,,T1
SBC-EXP-14,C30172,https://shopview.testrail.io/index.php?/cases/view/30172,SBC,SBC — Exports,"An export over 10,000 data rows is refused with the too-large toast — no file downloads and no print dialog opens",KEEP,"10,000-row export cap with the exact refusal toast — spec change-log headline item.",,,T1
SBC-EXP-15,C30173,https://shopview.testrail.io/index.php?/cases/view/30173,SBC,SBC — Exports,"Exporting with no matching customers still downloads a file with headers and a zero totals row, with no warning",WEAK-KEEP,Empty export still downloads headers+zero totals; legitimate but low value.,,,T2
SBC-PERS-01,C30174,https://shopview.testrail.io/index.php?/cases/view/30174,SBC,SBC — Saved View & Persistence,"Filters, sort and visible columns are saved and restored on the next visit, shown immediately without a default flash",KEEP,Persistence/restore contract. NOTE: Stefan flagged on the kickoff that per-user-per-device persistence may be delegated to the Filters squad — re-check before execution.,,,T1
SBC-PERS-02,C30175,https://shopview.testrail.io/index.php?/cases/view/30175,SBC,SBC — Saved View & Persistence,"Type-ahead search text, expansion state and scroll position are not saved; a reload clears all expansion",KEEP,Persistence/restore contract. NOTE: Stefan flagged on the kickoff that per-user-per-device persistence may be delegated to the Filters squad — re-check before execution.,,,T1
SBC-PERS-03,C30176,https://shopview.testrail.io/index.php?/cases/view/30176,SBC,SBC — Saved View & Persistence,A saved value that is no longer valid is discarded and that setting falls back to its default,KEEP,Persistence/restore contract. NOTE: Stefan flagged on the kickoff that per-user-per-device persistence may be delegated to the Filters squad — re-check before execution.,,,T1
SBC-PERS-04,C30177,https://shopview.testrail.io/index.php?/cases/view/30177,SBC,SBC — Saved View & Persistence,The saved view is specific to this report and does not affect any other report,KEEP,Persistence/restore contract. NOTE: Stefan flagged on the kickoff that per-user-per-device persistence may be delegated to the Filters squad — re-check before execution.,,,T1
SBC-PERS-05,C30178,https://shopview.testrail.io/index.php?/cases/view/30178,SBC,SBC — Saved View & Persistence,With no saved view every setting uses its own default,KEEP,Persistence/restore contract. NOTE: Stefan flagged on the kickoff that per-user-per-device persistence may be delegated to the Filters squad — re-check before execution.,,,T1
SBC-PERS-06,C30179,https://shopview.testrail.io/index.php?/cases/view/30179,SBC,SBC — Saved View & Persistence,"When both a saved view and a page-link range exist, the saved view wins and the link value is ignored",KEEP,Persistence/restore contract. NOTE: Stefan flagged on the kickoff that per-user-per-device persistence may be delegated to the Filters squad — re-check before execution.,,,T1
SBC-PERS-07,C30180,https://shopview.testrail.io/index.php?/cases/view/30180,SBC,SBC — Saved View & Persistence,Customer filter restore: the all-customers state restores as all (including new customers); an id set is intersected and never forces an empty view,KEEP,Persistence/restore contract. NOTE: Stefan flagged on the kickoff that per-user-per-device persistence may be delegated to the Filters squad — re-check before execution.,,,T1
SBC-EMPTY-01,C30181,https://shopview.testrail.io/index.php?/cases/view/30181,SBC,SBC — Empty & Edge States,No matching data shows the empty-state message in the table body while the toolbar stays interactive,KEEP,Loading/empty/error state contract with exact recovery behavior.,,,T1
SBC-EMPTY-02,C30182,https://shopview.testrail.io/index.php?/cases/view/30182,SBC,SBC — Empty & Edge States,The empty-state message never appears while the table is still loading,WEAK-KEEP,No-empty-message-while-loading; a race a manual tester can rarely drive deterministically.,,,T2
SBC-EMPTY-03,C30183,https://shopview.testrail.io/index.php?/cases/view/30183,SBC,SBC — Empty & Edge States,A narrowed customer selection with no data shows the empty state but the selection is kept and the customers reappear,MERGE,Empty-state variant (selection kept); an extra scenario in EMPTY-01.,G-SBC-EMPTYSEL,SBC-EMPTY-01,T2
SBC-EMPTY-04,C30184,https://shopview.testrail.io/index.php?/cases/view/30184,SBC,SBC — Empty & Edge States,A failed data fetch shows the fetching-error toast which auto-fades after 5 seconds,KEEP,Loading/empty/error state contract with exact recovery behavior.,,,T2
SBC-VIS-01,C30185,https://shopview.testrail.io/index.php?/cases/view/30185,SBC,SBC — Visual Conformance,"Page and toolbar match the suite theme: paddings, surfaces, alignment, separator, arrow size and square corners",WEAK-KEEP,"Hex/px theme parroting (#f9fafb, 32px/24px/2rem); PO said his local visuals are broken and the video is the reference — verify once at build acceptance, not per cycle.",,,T2
SBC-VIS-02,C30186,https://shopview.testrail.io/index.php?/cases/view/30186,SBC,SBC — Visual Conformance,"Row surfaces alternate by tree level: white header/customer/totals rows, blue-grey asset/invoice rows, pinned Subtotal matching its row",WEAK-KEEP,Row-surface color assignments per tree level; verify once.,,,T2
SBC-VIS-03,C30187,https://shopview.testrail.io/index.php?/cases/view/30187,SBC,SBC — Visual Conformance,Dark mode swaps every surface for its dark equivalent while the PDF always renders in light-mode colors,WEAK-KEEP,Dark mode + PDF-stays-light; verify once per report.,,,T2
SBC-MOB-01,C30188,https://shopview.testrail.io/index.php?/cases/view/30188,SBC,SBC — Mobile,On a phone every toolbar control works on touch and below 1024px the toolbar splits into two rows,KEEP,Responsive/touch behavior at the spec-defined 1024px breakpoint.,,,T2
SBC-MOB-02,C30189,https://shopview.testrail.io/index.php?/cases/view/30189,SBC,SBC — Mobile,"On touch the table scrolls sideways with the Subtotal pinned, chevrons toggle, and invoice links open in the same tab",KEEP,Responsive/touch behavior at the spec-defined 1024px breakpoint.,,,T2
SBC-API-01,C30190,https://shopview.testrail.io/index.php?/cases/view/30190,SBC,SBC — API,"A customer's asset and invoice rows are fetched from the server only on first expand, and expand-all fetches at most one request per visible customer",KEEP,Server-side contract (pagination/sort/snapshot/enforcement) — placed in an API section per Rule 4; verifiable via network tab/DB; failures are real defects.,,,T1
SBC-API-02,C30191,https://shopview.testrail.io/index.php?/cases/view/30191,SBC,SBC — API,Sorting is applied on the server: a header click re-fetches the customer rows ordered by that column as a fresh first page,KEEP,Server-side contract (pagination/sort/snapshot/enforcement) — placed in an API section per Rule 4; verifiable via network tab/DB; failures are real defects.,,,T1
SBC-API-03,C30192,https://shopview.testrail.io/index.php?/cases/view/30192,SBC,SBC — API,The Customer filter's type-ahead fetches matching customers from the server per query instead of loading the full list up front,KEEP,Server-side contract (pagination/sort/snapshot/enforcement) — placed in an API section per Rule 4; verifiable via network tab/DB; failures are real defects.,,,T1
SBC-API-04,C30193,https://shopview.testrail.io/index.php?/cases/view/30193,SBC,SBC — API,Customer rows are server-paginated and the totals row is server-computed over the full filtered set,KEEP,Server-side contract (pagination/sort/snapshot/enforcement) — placed in an API section per Rule 4; verifiable via network tab/DB; failures are real defects.,,,T1
SBC-API-05,C30194,https://shopview.testrail.io/index.php?/cases/view/30194,SBC,SBC — API,"Exports are generated on the server and the 10,000-row cap is counted server-side before any file is produced",KEEP,Server-side contract (pagination/sort/snapshot/enforcement) — placed in an API section per Rule 4; verifiable via network tab/DB; failures are real defects.,,,T1
SBR-NAV-01,C30195,https://shopview.testrail.io/index.php?/cases/view/30195,SBR,SBR — Access & Navigation,Sales By Representative appears at the bottom of the Performance group and opens the report,KEEP,Navigation/entry contract — additive placement was an explicit PO instruction on the video.,,,T2
SBR-NAV-02,C30196,https://shopview.testrail.io/index.php?/cases/view/30196,SBR,SBR — Access & Navigation,Page title and browser tab title read Sales By Representative,MERGE,Title assertions fold into the nav case (same pattern as SBC).,G-SBR-NAV,SBR-NAV-01,T2
SBR-NAV-03,C30197,https://shopview.testrail.io/index.php?/cases/view/30197,SBR,SBR — Access & Navigation,The navigation entry's padding fits the full Sales By Representative label without crowding or truncation,WEAK-KEEP,"Real known issue (video: ""Representative"" squishes) but the FIX is undecided (padding vs other); asserting the padding solution is premature.",,,T2
SBR-PERM-01,C30198,https://shopview.testrail.io/index.php?/cases/view/30198,SBR,SBR — Permissions,Every user who can see any other Performance report also sees Sales By Representative,KEEP,Permission gate (positive/negative observable behavior). NOTE: Q2 permission-model discrepancy raised to Chris/dev 2026-07-28; cases stay per the shipped mixed model per user ruling.,,,T1
SBR-PERM-02,C30199,https://shopview.testrail.io/index.php?/cases/view/30199,SBR,SBR — Permissions,"A user without Reports access sees no Reports navigation, no export menu, and cannot reach the Export Reports dialog",KEEP,Permission gate (positive/negative observable behavior). NOTE: Q2 permission-model discrepancy raised to Chris/dev 2026-07-28; cases stay per the shipped mixed model per user ruling.,,,T1
SBR-PERM-03,C30200,https://shopview.testrail.io/index.php?/cases/view/30200,SBR,SBR — Permissions,A user without staff-administration access cannot reach the sales-rep deactivation flow,KEEP,Permission gate (positive/negative observable behavior). NOTE: Q2 permission-model discrepancy raised to Chris/dev 2026-07-28; cases stay per the shipped mixed model per user ruling.,,,T1
SBR-DATE-01,C30201,https://shopview.testrail.io/index.php?/cases/view/30201,SBR,SBR — Date Range Filter,Date range picker is in the toolbar and offers the standard presets plus Custom,KEEP,Date-range semantics (presets/cap/anchoring) — drives every number on the report.,,,T1
SBR-DATE-02,C30202,https://shopview.testrail.io/index.php?/cases/view/30202,SBR,SBR — Date Range Filter,Custom range uses the date-picker dialog and holds the user to a 366-day maximum span,KEEP,Date-range semantics (presets/cap/anchoring) — drives every number on the report.,,,T1
SBR-DATE-03,C30203,https://shopview.testrail.io/index.php?/cases/view/30203,SBR,SBR — Date Range Filter,Date range defaults to This Month and changing it re-fetches the report with a loading indicator,MERGE,Default -> PERS-04; reload/loading half already covered by STATE-03.,G-SBR-DEFAULTS,SBR-PERS-04,T2
SBR-DATE-04,C30204,https://shopview.testrail.io/index.php?/cases/view/30204,SBR,SBR — Date Range Filter,"An invoice is placed in the range by its own invoice date with inclusive endpoints, and the range shows in both PDF headers",KEEP,Date-range semantics (presets/cap/anchoring) — drives every number on the report.,,,T1
SBR-TYPE-01,C30205,https://shopview.testrail.io/index.php?/cases/view/30205,SBR,SBR — Product Type Filter,Product Type dropdown offers exactly three options with Parts & Service as the default,MERGE,Options+default of the dropdown TYPE-02 exercises option-by-option.,G-SBR-TYPE,SBR-TYPE-02,T2
SBR-TYPE-02,C30206,https://shopview.testrail.io/index.php?/cases/view/30206,SBR,SBR — Product Type Filter,"Parts only includes only P invoices, Service only includes only S invoices, and Parts & Service applies no filter",KEEP,Filter data-effect contract — changes which rows/totals appear; failures are real.,,,T1
SBR-TYPE-03,C30207,https://shopview.testrail.io/index.php?/cases/view/30207,SBR,SBR — Product Type Filter,Product Type is part of the contributor gate: a rep with no matching invoice disappears and every metric narrows,MERGE,"Same contributor-gate rule as STAT-03/STAT-04, applied to a different filter — one gate case with per-filter legs.",G-SBR-GATE,SBR-STAT-04,T2
SBR-STAT-01,C30208,https://shopview.testrail.io/index.php?/cases/view/30208,SBR,SBR — Invoice Status Filter,Invoice Status dropdown offers exactly four options with All Statuses as the default,KEEP,Filter data-effect contract — changes which rows/totals appear; failures are real.,,,T1
SBR-STAT-02,C30209,https://shopview.testrail.io/index.php?/cases/view/30209,SBR,SBR — Invoice Status Filter,"Status filtering matches on the mapped display value: five system states collapse into Paid, Partially Paid and Unpaid",KEEP,5 system payment states -> 3 display values mapping — the spec change-log calls this the single source of truth.,,,T1
SBR-STAT-03,C30210,https://shopview.testrail.io/index.php?/cases/view/30210,SBR,SBR — Invoice Status Filter,Invoice Status is part of the contributor gate and narrows every metric,MERGE,Same contributor-gate rule as TYPE-03/STAT-04 — the composition case (STAT-04) is the survivor.,G-SBR-GATE,SBR-STAT-04,T2
SBR-STAT-04,C30211,https://shopview.testrail.io/index.php?/cases/view/30211,SBR,SBR — Invoice Status Filter,Filters compose: only invoices matching ALL active filters contribute anywhere,KEEP,Filter data-effect contract — changes which rows/totals appear; failures are real.,,,T1
SBR-STAT-05,C30212,https://shopview.testrail.io/index.php?/cases/view/30212,SBR,SBR — Invoice Status Filter,"Money columns always show invoiced amounts, never the outstanding balance",KEEP,Filter data-effect contract — changes which rows/totals appear; failures are real.,,,T1
SBR-LOC-01,C30213,https://shopview.testrail.io/index.php?/cases/view/30213,SBR,SBR — Location Filter,"Location filter is the rightmost toolbar control, a multi-select with an All Locations option",KEEP,Location scoping/fallback contract — includes the accessible-locations security boundary.,,,T1
SBR-LOC-02,C30214,https://shopview.testrail.io/index.php?/cases/view/30214,SBR,SBR — Location Filter,Location filter defaults to the user's currently active location only,MERGE,"Default restated: PERS-04 already asserts ""Location = your active location"".",G-SBR-DEFAULTS,SBR-PERS-04,T2
SBR-LOC-03,C30215,https://shopview.testrail.io/index.php?/cases/view/30215,SBR,SBR — Location Filter,Location selection cascades through the contributor gate and never includes an inaccessible location,KEEP,Location scoping/fallback contract — includes the accessible-locations security boundary.,,,T1
SBR-LOC-04,C30216,https://shopview.testrail.io/index.php?/cases/view/30216,SBR,SBR — Location Filter,A single-location user still sees the filter with one selectable location and unchanged behavior,WEAK-KEEP,Single-location-still-sees-filter: directly contradicted by pending video P33 (hide when <=1 location) — likely to be inverted by the spec update.,,,T2
SBR-ROW-01,C30217,https://shopview.testrail.io/index.php?/cases/view/30217,SBR,SBR — Rep Rows & Tree,Contributors only: a rep row appears if and only if the rep has at least one non-reversed invoice matching all active filters,KEEP,"Row-model/scope contract (who appears, where, exactly once) — data-correctness core.",,,T1
SBR-ROW-02,C30218,https://shopview.testrail.io/index.php?/cases/view/30218,SBR,SBR — Rep Rows & Tree,"Row layout: 12 columns in order, chevron plus rep name in the Date cell, blank identifier cells, bold summary vs regular detail rows",KEEP,"Row-model/scope contract (who appears, where, exactly once) — data-correctness core.",,,T2
SBR-ROW-03,C30219,https://shopview.testrail.io/index.php?/cases/view/30219,SBR,SBR — Rep Rows & Tree,"A toggled-off or deleted contributor still appears with credit intact, tagged (Inactive), named from the latest invoice snapshot when deleted",KEEP,Deactivated/deleted rep keeps historical credit with (Inactive) tag — protects historical data integrity.,,,T1
SBR-ROW-04,C30220,https://shopview.testrail.io/index.php?/cases/view/30220,SBR,SBR — Rep Rows & Tree,Column alignment is a hard invariant: every row renders exactly the report's column count with blanks in position,MERGE,"Restates ROW-02's layout contract as an ""invariant""; no new observable behavior.",G-SBR-ROWLAYOUT,SBR-ROW-02,T2
SBR-TREE-05,C30221,https://shopview.testrail.io/index.php?/cases/view/30221,SBR,SBR — Rep Rows & Tree,Expanding a rep loads its invoices on demand with a brief row-level loading indicator and full detail-row contents,KEEP,"Row-model/scope contract (who appears, where, exactly once) — data-correctness core.",,,T1
SBR-TREE-06,C30222,https://shopview.testrail.io/index.php?/cases/view/30222,SBR,SBR — Rep Rows & Tree,Header chevron expands every visible rep in one action and its glyph tracks the expand/collapse state,KEEP,"Row-model/scope contract (who appears, where, exactly once) — data-correctness core.",,,T1
SBR-TREE-07,C30223,https://shopview.testrail.io/index.php?/cases/view/30223,SBR,SBR — Rep Rows & Tree,"Each invoice appears under exactly one rep or the Unassigned row, never more than one",KEEP,"Row-model/scope contract (who appears, where, exactly once) — data-correctness core.",,,T1
SBR-TREE-08,C30224,https://shopview.testrail.io/index.php?/cases/view/30224,SBR,SBR — Rep Rows & Tree,"Expansion survives filter and sort changes within the session, resets on reload, and a removed rep returns collapsed",KEEP,"Row-model/scope contract (who appears, where, exactly once) — data-correctness core.",,,T1
SBR-TREE-09,C30225,https://shopview.testrail.io/index.php?/cases/view/30225,SBR,SBR — Rep Rows & Tree,Detail rows order newest first with a numeric invoice-number tie-break where P sorts before S,KEEP,"Row-model/scope contract (who appears, where, exactly once) — data-correctness core.",,,T1
SBR-BADGE-01,C30226,https://shopview.testrail.io/index.php?/cases/view/30226,SBR,SBR — Payment Status Badge,Status column sits between Customer and Inv. Hrs and every detail row shows the mapped badge text,KEEP,Status badge mapping contract (5 states -> 3 values).,,,T2
SBR-BADGE-02,C30227,https://shopview.testrail.io/index.php?/cases/view/30227,SBR,SBR — Payment Status Badge,Badge colors use the application's canonical payment-status tokens in both light and dark mode,WEAK-KEEP,"Badge color tokens; cosmetic conformance, verify once.",,,T2
SBR-BADGE-03,C30228,https://shopview.testrail.io/index.php?/cases/view/30228,SBR,SBR — Payment Status Badge,"Badges are vertically centered, blank on summary rows, and carry their text as the accessible label",MERGE,Three residual badge attributes; fold into the badge placement/mapping case.,G-SBR-BADGE,SBR-BADGE-01,T2
SBR-CALC-01,C30229,https://shopview.testrail.io/index.php?/cases/view/30229,SBR,SBR — Inv. Hrs & Calculations,"Inv. Hrs heading is verbatim and the value is hours invoiced minus hours worked, rounded half-up to one decimal",KEEP,"Calculation contract with a worked example; a failure is a real, reportable money/hours bug.",,,T1
SBR-CALC-02,C30230,https://shopview.testrail.io/index.php?/cases/view/30230,SBR,SBR — Inv. Hrs & Calculations,"Inv. Hrs shows +green, -red, or 0.0 default on every row type, with rollups computed from unrounded deltas",KEEP,"Calculation contract with a worked example; a failure is a real, reportable money/hours bug.",,,T1
SBR-CALC-03,C30231,https://shopview.testrail.io/index.php?/cases/view/30231,SBR,SBR — Inv. Hrs & Calculations,"No-labor-no-time invoices show 0.0 but clocked-yet-unbilled work shows its negative delta, never suppressed",KEEP,"Calculation contract with a worked example; a failure is a real, reportable money/hours bug.",,,T1
SBR-CALC-04,C30232,https://shopview.testrail.io/index.php?/cases/view/30232,SBR,SBR — Inv. Hrs & Calculations,"Edge: a delta that rounds to zero shows 0.0 in the default color, and negatives always use an explicit minus with one decimal",MERGE,Rounds-to-zero / explicit-minus edges of the CALC-02 formatting contract (SBC combined these in one case).,G-SBR-CALCZERO,SBR-CALC-02,T2
SBR-CALC-05,C30233,https://shopview.testrail.io/index.php?/cases/view/30233,SBR,SBR — Inv. Hrs & Calculations,"Margin % renders to one decimal with a % sign, shows an em dash when Subtotal is zero or below, and is recomputed on every rollup",KEEP,"Calculation contract with a worked example; a failure is a real, reportable money/hours bug.",,,T1
SBR-CALC-06,C30234,https://shopview.testrail.io/index.php?/cases/view/30234,SBR,SBR — Inv. Hrs & Calculations,"Money columns use the standardized labels and definitions: Subtotal is pre-tax Labor plus Parts Invoiced, Margin is the two margins combined",KEEP,"Calculation contract with a worked example; a failure is a real, reportable money/hours bug.",,,T1
SBR-CALC-07,C30235,https://shopview.testrail.io/index.php?/cases/view/30235,SBR,SBR — Inv. Hrs & Calculations,"Negative dollar values render in accounting parentheses on screen, in money columns only",KEEP,"Calculation contract with a worked example; a failure is a real, reportable money/hours bug.",,,T1
SBR-CALC-08,C30236,https://shopview.testrail.io/index.php?/cases/view/30236,SBR,SBR — Inv. Hrs & Calculations,Half-up rounding applies at each stated precision and a totals cell may differ from the eye-summed rows by one last-decimal unit — expected,KEEP,"Calculation contract with a worked example; a failure is a real, reportable money/hours bug.",,,T1
SBR-TOT-01,C30237,https://shopview.testrail.io/index.php?/cases/view/30237,SBR,SBR — Subtotal & Totals,"Subtotal is the rightmost column, pinned to the right edge, bold everywhere, on the row's own background",KEEP,Totals/summary aggregation contract over the full filtered set — catches real aggregation bugs.,,,T2
SBR-TOT-02,C30238,https://shopview.testrail.io/index.php?/cases/view/30238,SBR,SBR — Subtotal & Totals,"Desktop Totals row merges the four identifier columns, aggregates every metric over the full filtered set, and sticks to the bottom",KEEP,Totals/summary aggregation contract over the full filtered set — catches real aggregation bugs.,,,T1
SBR-TOT-03,C30239,https://shopview.testrail.io/index.php?/cases/view/30239,SBR,SBR — Subtotal & Totals,Mobile shows a simplified external totals bar below the table with Totals left and the grand Subtotal right,KEEP,Totals/summary aggregation contract over the full filtered set — catches real aggregation bugs.,,,T1
SBR-TOT-04,C30240,https://shopview.testrail.io/index.php?/cases/view/30240,SBR,SBR — Subtotal & Totals,The column-header row is sticky to the top during vertical scroll and the Subtotal header is sticky in both axes,MERGE,Sticky-header mechanics of the same pinned layout TOT-01 covers.,G-SBR-STICKY,SBR-TOT-01,T2
SBR-SORT-01,C30241,https://shopview.testrail.io/index.php?/cases/view/30241,SBR,SBR — Sorting,All eight financial columns are sortable; the identifier columns are not and the Date header carries the chevron instead,KEEP,"Sorting contract (default/direction/null placement/scope) — spec-defined, observable, distinct.",,,T1
SBR-SORT-02,C30242,https://shopview.testrail.io/index.php?/cases/view/30242,SBR,SBR — Sorting,"Default order is plain A to Z by display name, case-insensitive, with no active/inactive tiers",KEEP,"Sorting contract (default/direction/null placement/scope) — spec-defined, observable, distinct.",,,T1
SBR-SORT-03,C30243,https://shopview.testrail.io/index.php?/cases/view/30243,SBR,SBR — Sorting,"First click sorts ascending with an indicator, second click descending, no third cleared state, and no header path back to A to Z",KEEP,"Sorting contract (default/direction/null placement/scope) — spec-defined, observable, distinct.",,,T1
SBR-SORT-04,C30244,https://shopview.testrail.io/index.php?/cases/view/30244,SBR,SBR — Sorting,Sorting reorders rep summary rows only; detail rows stay under their rep and the Unassigned row stays pinned on top,KEEP,"Sorting contract (default/direction/null placement/scope) — spec-defined, observable, distinct.",,,T1
SBR-SORT-05,C30245,https://shopview.testrail.io/index.php?/cases/view/30245,SBR,SBR — Sorting,Equal sorted values keep the A to Z order as tie-break and an em-dash Margin % sorts as zero,KEEP,"Sorting contract (default/direction/null placement/scope) — spec-defined, observable, distinct.",,,T1
SBR-SORT-06,C30246,https://shopview.testrail.io/index.php?/cases/view/30246,SBR,SBR — Sorting,With only one rep row the sort affordances are present but produce no observable change,CUT,No-op assertion (sorting a single row changes nothing). Not a reportable failure; framework behavior.,,,-
SBR-LINK-01,C30247,https://shopview.testrail.io/index.php?/cases/view/30247,SBR,SBR — Links & Navigation,Invoice number on a detail row navigates the current tab to the underlying work order or parts sale,KEEP,Drill-through/link target contract — the PO walked these hyperlinks on the video as a key feature.,,,T1
SBR-LINK-02,C30248,https://shopview.testrail.io/index.php?/cases/view/30248,SBR,SBR — Links & Navigation,Customer name on a detail row navigates the current tab to the customer's record,MERGE,Second link target of the same drilldown behavior; one case with two targets.,G-SBR-LINKS,SBR-LINK-01,T2
SBR-LINK-03,C30249,https://shopview.testrail.io/index.php?/cases/view/30249,SBR,SBR — Links & Navigation,"Browser back from a drilldown restores ALL report state including expansion and scroll, without a full reload",KEEP,Drill-through/link target contract — the PO walked these hyperlinks on the video as a key feature.,,,T1
SBR-LINK-04,C30250,https://shopview.testrail.io/index.php?/cases/view/30250,SBR,SBR — Links & Navigation,"Link styling: theme-primary invoice links and body-colored customer links, hover/focus underline, never browser-purple, in both modes",WEAK-KEEP,Link styling/hover/focus/never-purple; cosmetic.,,,T2
SBR-LINK-05,C30251,https://shopview.testrail.io/index.php?/cases/view/30251,SBR,SBR — Links & Navigation,An unavailable invoice or customer destination shows the standard not-found/access-denied state and back still returns,KEEP,Drill-through/link target contract — the PO walked these hyperlinks on the video as a key feature.,,,T1
SBR-DEACT-01,C30252,https://shopview.testrail.io/index.php?/cases/view/30252,SBR,SBR — Staff Deactivation,Deactivating a sales rep with no customer assignments applies silently with no dialog,MERGE,One of three no-dialog paths DEACT-07 already enumerates.,G-SBR-NODIALOG,SBR-DEACT-07,T2
SBR-DEACT-02,C30253,https://shopview.testrail.io/index.php?/cases/view/30253,SBR,SBR — Staff Deactivation,"Deactivating a rep with assignments opens the Deactivate dialog with the counted, pluralized headline and reassurance line, trapping focus",KEEP,Deactivation dialog flow (gate/confirm/failure) — a destructive action with a spec-defined safety flow.,,,T1
SBR-DEACT-03,C30254,https://shopview.testrail.io/index.php?/cases/view/30254,SBR,SBR — Staff Deactivation,"Type-YES gate: auto-focused input, case-insensitive whitespace-tolerant match, disabled-button tooltip, Enter submits",KEEP,Deactivation dialog flow (gate/confirm/failure) — a destructive action with a spec-defined safety flow.,,,T1
SBR-DEACT-04,C30255,https://shopview.testrail.io/index.php?/cases/view/30255,SBR,SBR — Staff Deactivation,Cancel and X dismiss the Deactivate dialog; Escape and clicking outside do not,KEEP,Esc must NOT close the dialog — Chris answered Q1=B on 2026-07-28; case already matches the answer.,,,T1
SBR-DEACT-05,C30256,https://shopview.testrail.io/index.php?/cases/view/30256,SBR,SBR — Staff Deactivation,"Valid submit locks the dialog, then deactivates keeping assignments",KEEP,Deactivation dialog flow (gate/confirm/failure) — a destructive action with a spec-defined safety flow.,,,T1
SBR-DEACT-06,C30257,https://shopview.testrail.io/index.php?/cases/view/30257,SBR,SBR — Staff Deactivation,"After deactivation the sales-rep toggle is unchanged, the Assignments CSV shows Rep is active? = No, and report credit stays intact",KEEP,Deactivation dialog flow (gate/confirm/failure) — a destructive action with a spec-defined safety flow.,,,T1
SBR-DEACT-07,C30258,https://shopview.testrail.io/index.php?/cases/view/30258,SBR,SBR — Staff Deactivation,"No dialog when the toggle is off, when the member is already inactive, or on reactivation — assignments resurface immediately",KEEP,Deactivation dialog flow (gate/confirm/failure) — a destructive action with a spec-defined safety flow.,,,T1
SBR-DEACT-08,C30259,https://shopview.testrail.io/index.php?/cases/view/30259,SBR,SBR — Staff Deactivation,"A server-side deactivation failure shows the canonical error toast, leaves the status unchanged, and clears the input on the next open",KEEP,Deactivation dialog flow (gate/confirm/failure) — a destructive action with a spec-defined safety flow.,,,T1
SBR-UNAS-01,C30261,https://shopview.testrail.io/index.php?/cases/view/30261,SBR,SBR — Show Unassigned,"Show Unassigned sits between the column selector and the date picker, is off by default, and while off unassigned invoices contribute nothing",KEEP,Unassigned-row contract — off-by-default toggle the PO called out on the video.,,,T1
SBR-UNAS-02,C30262,https://shopview.testrail.io/index.php?/cases/view/30262,SBR,SBR — Show Unassigned,Turning Show Unassigned on adds a single Unassigned row pinned to the top and recomputes the grand Totals,KEEP,Unassigned-row contract — off-by-default toggle the PO called out on the video.,,,T1
SBR-UNAS-03,C30263,https://shopview.testrail.io/index.php?/cases/view/30263,SBR,SBR — Show Unassigned,"The Unassigned row behaves like a rep row — count, expandable, in the Totals — and never carries an (Inactive) tag",MERGE,"""Behaves like a rep row"" lines belong on the row case UNAS-02 creates.",G-SBR-UNASROW,SBR-UNAS-02,T2
SBR-UNAS-04,C30264,https://shopview.testrail.io/index.php?/cases/view/30264,SBR,SBR — Show Unassigned,"No empty Unassigned row is ever rendered, and toggling off while expanded removes the row which returns collapsed",KEEP,Unassigned-row contract — off-by-default toggle the PO called out on the video.,,,T1
SBR-COL-01,C30265,https://shopview.testrail.io/index.php?/cases/view/30265,SBR,SBR — Column Selector,"Column selector opens a dropdown of the seven metric columns with toggle switches, all visible on first visit",KEEP,Column selector behavior contract (contents/effect/exports interaction).,,,T2
SBR-COL-02,C30266,https://shopview.testrail.io/index.php?/cases/view/30266,SBR,SBR — Column Selector,The five always-visible columns do not appear in the dropdown and cannot be hidden,MERGE,Selector-contents negative (5 always-on not offered); one line in COL-01.,G-SBR-COLSEL,SBR-COL-01,T2
SBR-COL-03,C30267,https://shopview.testrail.io/index.php?/cases/view/30267,SBR,SBR — Column Selector,"Toggling a column applies immediately across summary rows, detail rows and the grand Totals at once",KEEP,Column selector behavior contract (contents/effect/exports interaction).,,,T1
SBR-COL-04,C30268,https://shopview.testrail.io/index.php?/cases/view/30268,SBR,SBR — Column Selector,Column visibility never affects the exports — all four downloads always include all metric columns,KEEP,Column selector behavior contract (contents/effect/exports interaction).,,,T1
SBR-COL-05,C30269,https://shopview.testrail.io/index.php?/cases/view/30269,SBR,SBR — Column Selector,Hiding the active sort column keeps the sort; showing it again reveals the sort indicator,KEEP,Column selector behavior contract (contents/effect/exports interaction).,,,T1
SBR-COL-06,C30270,https://shopview.testrail.io/index.php?/cases/view/30270,SBR,SBR — Column Selector,With all seven metric columns hidden the five always-on columns and the grand Totals still render — not an empty state,MERGE,All-hidden edge of the same selector; one step in COL-01.,G-SBR-COLSEL,SBR-COL-01,T2
SBR-PERS-01,C30271,https://shopview.testrail.io/index.php?/cases/view/30271,SBR,SBR — Persistence,All filter and view settings are remembered per browser and restored before the first data fetch on the next visit,KEEP,Persistence/restore contract. NOTE: Stefan flagged on the kickoff that per-user-per-device persistence may be delegated to the Filters squad — re-check before execution.,,,T1
SBR-PERS-02,C30272,https://shopview.testrail.io/index.php?/cases/view/30272,SBR,SBR — Persistence,Expansion state and scroll position are not remembered and reset on reload,KEEP,Persistence/restore contract. NOTE: Stefan flagged on the kickoff that per-user-per-device persistence may be delegated to the Filters squad — re-check before execution.,,,T1
SBR-PERS-03,C30273,https://shopview.testrail.io/index.php?/cases/view/30273,SBR,SBR — Persistence,Restoration is defensive: a stale saved value falls back to its default and never causes an error or invalid request,KEEP,Persistence/restore contract. NOTE: Stefan flagged on the kickoff that per-user-per-device persistence may be delegated to the Filters squad — re-check before execution.,,,T1
SBR-PERS-04,C30274,https://shopview.testrail.io/index.php?/cases/view/30274,SBR,SBR — Persistence,First visit or cleared browser storage yields the full set of defaults with no server-side profile,KEEP,Persistence/restore contract. NOTE: Stefan flagged on the kickoff that per-user-per-device persistence may be delegated to the Filters squad — re-check before execution.,,,T1
SBR-PERS-05,C30275,https://shopview.testrail.io/index.php?/cases/view/30275,SBR,SBR — Persistence,"The A to Z default is its own saved value: restoring a state with no financial sort returns to A to Z, not an arbitrary column",KEEP,Persistence/restore contract. NOTE: Stefan flagged on the kickoff that per-user-per-device persistence may be delegated to the Filters squad — re-check before execution.,,,T1
SBR-EXP-01,C30276,https://shopview.testrail.io/index.php?/cases/view/30276,SBR,SBR — Exports,The ⋯ overflow menu lists exactly four download actions,KEEP,Export content/behavior contract (what is in the file / when it is refused) — distinct observable outcome.,,,T1
SBR-EXP-02,C30277,https://shopview.testrail.io/index.php?/cases/view/30277,SBR,SBR — Exports,All four downloads respect the active filters and the full result set — not the on-screen expansion — in the currently-active order,KEEP,Export content/behavior contract (what is in the file / when it is refused) — distinct observable outcome.,,,T1
SBR-EXP-03,C30278,https://shopview.testrail.io/index.php?/cases/view/30278,SBR,SBR — Exports,"Summary PDF: A4 header strip, one rolled-up row per rep, bold Subtotal, colored Inv. Hrs, and a recomputed grand totals row",KEEP,Export content/behavior contract (what is in the file / when it is refused) — distinct observable outcome.,,,T1
SBR-EXP-04,C30279,https://shopview.testrail.io/index.php?/cases/view/30279,SBR,SBR — Exports,"Expanded View PDF: one page-block per rep with its own header strip, per-invoice table, per-rep totals row, and no grand totals",KEEP,Export content/behavior contract (what is in the file / when it is refused) — distinct observable outcome.,,,T1
SBR-EXP-05,C30280,https://shopview.testrail.io/index.php?/cases/view/30280,SBR,SBR — Exports,Expanded View PDF truncates invoice numbers longer than 18 characters; on screen they are never truncated,WEAK-KEEP,18-char PDF truncation detail; testable but low value.,,,T2
SBR-EXP-06,C30281,https://shopview.testrail.io/index.php?/cases/view/30281,SBR,SBR — Exports,"PDF footer on every page, default-logo fallback, and deterministic PDF filenames",KEEP,Export content/behavior contract (what is in the file / when it is refused) — distinct observable outcome.,,,T2
SBR-EXP-07,C30282,https://shopview.testrail.io/index.php?/cases/view/30282,SBR,SBR — Exports,"PDFs render negative dollars in accounting parentheses, keep the (Inactive) tag, and omit the on-screen (N) count",KEEP,Export content/behavior contract (what is in the file / when it is refused) — distinct observable outcome.,,,T1
SBR-EXP-08,C30283,https://shopview.testrail.io/index.php?/cases/view/30283,SBR,SBR — Exports,"PDF body font size adapts to the longest positive dollar value on the four-tier scale, with fixed column widths",WEAK-KEEP,PDF body font px by longest-dollar-string tier table; barely verifiable manually (kept only as the base rule; the edge rules case is CUT).,,,T2
SBR-EXP-09,C30284,https://shopview.testrail.io/index.php?/cases/view/30284,SBR,SBR — Exports,Font tier edge rules: a longer negative shifts one tier smaller (clamped at 8px); a document with no positive dollar value stays at 11px,CUT,"PDF font-tier EDGE rules (negative-string shifts one px tier, no-positive stays 11px). Pure spec minutiae a manual tester cannot verify (measuring px font sizes in a PDF); belongs in a dev unit test, not a manual case. (Base-tier case EXP-08 kept as WEAK.)",,,-
SBR-EXP-10,C30285,https://shopview.testrail.io/index.php?/cases/view/30285,SBR,SBR — Exports,"Summary CSV: filename, UTF-8 BOM, verbatim headers in order, one row per rep, and the # Invoices / # Customers counts",KEEP,Export content/behavior contract (what is in the file / when it is refused) — distinct observable outcome.,,,T1
SBR-EXP-11,C30286,https://shopview.testrail.io/index.php?/cases/view/30286,SBR,SBR — Exports,"Expanded CSV: filename, verbatim headers including the three hours columns, one row per invoice flattened across reps",KEEP,Export content/behavior contract (what is in the file / when it is refused) — distinct observable outcome.,,,T1
SBR-EXP-12,C30287,https://shopview.testrail.io/index.php?/cases/view/30287,SBR,SBR — Exports,"CSV cell formatting: plain re-pivotable numbers, signed Inv. Hrs, Margin % empty when undefined, (Inactive) in the name, no (N)",KEEP,Export content/behavior contract (what is in the file / when it is refused) — distinct observable outcome.,,,T1
SBR-EXP-13,C30288,https://shopview.testrail.io/index.php?/cases/view/30288,SBR,SBR — Exports,"The Unassigned row appears in all four downloads when Show Unassigned is on, and in none of them when it is off",KEEP,Export content/behavior contract (what is in the file / when it is refused) — distinct observable outcome.,,,T1
SBR-EXP-14,C30289,https://shopview.testrail.io/index.php?/cases/view/30289,SBR,SBR — Exports,"A failed download shows the canonical error toast, and a generating download shows a non-interactive loading state",KEEP,Export content/behavior contract (what is in the file / when it is refused) — distinct observable outcome.,,,T2
SBR-EXP-15,C30290,https://shopview.testrail.io/index.php?/cases/view/30290,SBR,SBR — Exports,"An Expanded View PDF over the 10,000-row cap is refused with the specific too-large message — no truncated file",KEEP,Export content/behavior contract (what is in the file / when it is refused) — distinct observable outcome.,,,T1
SBR-EXP-16,C30291,https://shopview.testrail.io/index.php?/cases/view/30291,SBR,SBR — Exports,"An empty-data export still generates: zeroed Summary PDF totals, header-strip-only Expanded PDF, header-row-only CSVs",KEEP,Export content/behavior contract (what is in the file / when it is refused) — distinct observable outcome.,,,T1
SBR-ASGN-01,C30292,https://shopview.testrail.io/index.php?/cases/view/30292,SBR,SBR — Sales Rep Assignments Export,"The Export Report dialog's Report Name dropdown includes ""Sales Rep Assignments"" at the bottom, hiding the date picker and showing the snapshot note",KEEP,"Sales Rep Assignments export contract — a distinct deliverable with its own dialog, sort and legacy rules.",,,T1
SBR-ASGN-02,C30293,https://shopview.testrail.io/index.php?/cases/view/30293,SBR,SBR — Sales Rep Assignments Export,Exporting Sales Rep Assignments downloads sales-rep-assignments.csv with the verbatim headers and shows the success toast,KEEP,"Sales Rep Assignments export contract — a distinct deliverable with its own dialog, sort and legacy rules.",,,T1
SBR-ASGN-03,C30294,https://shopview.testrail.io/index.php?/cases/view/30294,SBR,SBR — Sales Rep Assignments Export,"The Assignments CSV holds one row per customer with an assigned rep, sorted customer A→Z then rep A→Z; unassigned customers are excluded",KEEP,"Sales Rep Assignments export contract — a distinct deliverable with its own dialog, sort and legacy rules.",,,T1
SBR-ASGN-04,C30295,https://shopview.testrail.io/index.php?/cases/view/30295,SBR,SBR — Sales Rep Assignments Export,"""Rep is active?"" tracks the staff-active status (Yes/No), not the sales-rep toggle",KEEP,"Sales Rep Assignments export contract — a distinct deliverable with its own dialog, sort and legacy rules.",,,T1
SBR-ASGN-05,C30296,https://shopview.testrail.io/index.php?/cases/view/30296,SBR,SBR — Sales Rep Assignments Export,"Legacy robustness: a customer whose rep's staff record was deleted still exports one row from the customer-side stored name, marked No",KEEP,"Sales Rep Assignments export contract — a distinct deliverable with its own dialog, sort and legacy rules.",,,T1
SBR-ASGN-06,C30297,https://shopview.testrail.io/index.php?/cases/view/30297,SBR,SBR — Sales Rep Assignments Export,Assignments export failure and nothing-to-export paths use the Export dialog's own messages,KEEP,"Sales Rep Assignments export contract — a distinct deliverable with its own dialog, sort and legacy rules.",,,T1
SBR-STATE-01,C30298,https://shopview.testrail.io/index.php?/cases/view/30298,SBR,"SBR — Loading, Empty & Error States","The empty state shows ""No sales activity matches the current filters."" with no grand Totals — including when no rep was ever credited",KEEP,Loading/empty/error state contract with exact recovery behavior.,,,T1
SBR-STATE-02,C30299,https://shopview.testrail.io/index.php?/cases/view/30299,SBR,"SBR — Loading, Empty & Error States",The toolbar stays visible and interactive in the empty state,MERGE,Toolbar-interactive-in-empty-state is one expected line of STATE-01.,G-SBR-EMPTYBAR,SBR-STATE-01,T2
SBR-STATE-03,C30300,https://shopview.testrail.io/index.php?/cases/view/30300,SBR,"SBR — Loading, Empty & Error States","Loading shows a centered spinner over the data area, hides the Totals, keeps the toolbar interactive, and never flashes a blank table",KEEP,Loading/empty/error state contract with exact recovery behavior.,,,T2
SBR-STATE-04,C30301,https://shopview.testrail.io/index.php?/cases/view/30301,SBR,"SBR — Loading, Empty & Error States","A load failure shows the inline ""Couldn't load the report. Please try again."" message with a working Retry, keeping the filters",KEEP,Loading/empty/error state contract with exact recovery behavior.,,,T1
SBR-MOB-01,C30302,https://shopview.testrail.io/index.php?/cases/view/30302,SBR,SBR — Mobile,On a phone every toolbar control works on touch; below 1024px the controls stack vertically with the ⋯ button wrapped above,KEEP,Responsive/touch behavior at the spec-defined 1024px breakpoint.,,,T2
SBR-MOB-02,C30303,https://shopview.testrail.io/index.php?/cases/view/30303,SBR,SBR — Mobile,"On a phone the table scrolls sideways with Subtotal pinned, the totals bar sits outside the scroll area, and the chevrons work on touch",KEEP,Responsive/touch behavior at the spec-defined 1024px breakpoint.,,,T2
SBR-MOB-03,C30304,https://shopview.testrail.io/index.php?/cases/view/30304,SBR,SBR — Mobile,Touch targets are at least 44×44 px and touch users get no hover-only tooltips — the icons carry accessible names instead,WEAK-KEEP,44x44px touch targets need measurement tooling; keep as a one-time design check.,,,T2
SBR-VIS-01,C30305,https://shopview.testrail.io/index.php?/cases/view/30305,SBR,SBR — Visual Conformance & Accessibility,"Layout conformance: white toolbar with the specified padding and alignment, blue-grey page, separator line, edge-to-edge white table",WEAK-KEEP,Px/hex toolbar/table theme parroting; verify once.,,,T2
SBR-VIS-02,C30306,https://shopview.testrail.io/index.php?/cases/view/30306,SBR,SBR — Visual Conformance & Accessibility,"Dark mode: page, toolbar, table, and Totals switch to dark equivalents; badges and Inv. Hrs stay legible; PDFs stay light",WEAK-KEEP,Dark-mode equivalents; verify once.,,,T2
SBR-VIS-03,C30307,https://shopview.testrail.io/index.php?/cases/view/30307,SBR,SBR — Visual Conformance & Accessibility,Every icon-only control carries its specified accessible name,KEEP,Accessibility/visual conformance requirement from the spec.,,,T2
SBR-VIS-04,C30308,https://shopview.testrail.io/index.php?/cases/view/30308,SBR,SBR — Visual Conformance & Accessibility,Chevrons and sortable headers are keyboard-operable and expose their expanded/sort state to assistive technology,KEEP,Accessibility/visual conformance requirement from the spec.,,,T2
SBR-VIS-05,C30309,https://shopview.testrail.io/index.php?/cases/view/30309,SBR,SBR — Visual Conformance & Accessibility,"The subdued grey of the (N) count and (Inactive) tag meets WCAG AA contrast, and no information is conveyed by color alone",WEAK-KEEP,WCAG AA contrast ratio requires tooling; one-time a11y check.,,,T2
SBR-WO-01,C30310,https://shopview.testrail.io/index.php?/cases/view/30310,SBR,SBR — Work Order Sales Rep,"The Sales Rep selector shows in the left panel on standard Work Orders and Part Sale WOs, and is hidden on imported WOs and in History mode",KEEP,"Sales-rep entry-point on Work Orders — the PO said the report ""goes a lot deeper"", these entry points are how data gets in.",,,T1
SBR-WO-02,C30311,https://shopview.testrail.io/index.php?/cases/view/30311,SBR,SBR — Work Order Sales Rep,"The Sales Rep selector offers only reps whose sales-rep toggle is currently on, and carries the accessible name ""Sales Rep""",KEEP,"Sales-rep entry-point on Work Orders — the PO said the report ""goes a lot deeper"", these entry points are how data gets in.",,,T1
SBR-WO-03,C30312,https://shopview.testrail.io/index.php?/cases/view/30312,SBR,SBR — Work Order Sales Rep,"A new Work Order or Part Sale WO opens with Sales Rep unassigned, and a change saves immediately with no Save step",KEEP,"Sales-rep entry-point on Work Orders — the PO said the report ""goes a lot deeper"", these entry points are how data gets in.",,,T1
SBR-WO-04,C30313,https://shopview.testrail.io/index.php?/cases/view/30313,SBR,SBR — Work Order Sales Rep,The Sales Rep selector is read-only when the Work Order status is Invoiced or Paid,KEEP,"Sales-rep entry-point on Work Orders — the PO said the report ""goes a lot deeper"", these entry points are how data gets in.",,,T1
SBR-WO-05,C30314,https://shopview.testrail.io/index.php?/cases/view/30314,SBR,SBR — Work Order Sales Rep,"Invoice crediting snapshot: WO rep, else the customer's rep, else unassigned — and a later WO change never rewrites past invoices",KEEP,Invoice crediting snapshot precedence (WO rep > customer rep > unassigned; never retroactive) — the core crediting contract.,,,T1
SBR-WO-06,C30315,https://shopview.testrail.io/index.php?/cases/view/30315,SBR,SBR — Work Order Sales Rep,"The customer record shows a single Sales Rep row (""Unassigned"" when none), and a toggled-off bound rep shows ""(Inactive)"" in the WO selector",KEEP,"Sales-rep entry-point on Work Orders — the PO said the report ""goes a lot deeper"", these entry points are how data gets in.",,,T1
SBR-DEACT-09,C30260,https://shopview.testrail.io/index.php?/cases/view/30260,SBR,SBR — Staff Deactivation,"If the assignment pre-check fails, the warning dialog still opens — without the count headline — and never silently deactivates",KEEP,Deactivation dialog flow (gate/confirm/failure) — a destructive action with a spec-defined safety flow.,,,T1
SBR-API-01,C30316,https://shopview.testrail.io/index.php?/cases/view/30316,SBR,SBR — API,"A rep's invoice detail rows are fetched from the server only on the first expand, and are paginated per rep",KEEP,Server-side contract (pagination/sort/snapshot/enforcement) — placed in an API section per Rule 4; verifiable via network tab/DB; failures are real defects.,,,T1
SBR-API-02,C30317,https://shopview.testrail.io/index.php?/cases/view/30317,SBR,SBR — API,Sorting is performed server-side: a header click re-fetches the rep summary rows in the requested order,KEEP,Server-side contract (pagination/sort/snapshot/enforcement) — placed in an API section per Rule 4; verifiable via network tab/DB; failures are real defects.,,,T1
SBR-API-03,C30318,https://shopview.testrail.io/index.php?/cases/view/30318,SBR,SBR — API,The grand totals are server-computed over the full filtered result set and delivered with the summary payload,KEEP,Server-side contract (pagination/sort/snapshot/enforcement) — placed in an API section per Rule 4; verifiable via network tab/DB; failures are real defects.,,,T1
SBR-API-04,C30319,https://shopview.testrail.io/index.php?/cases/view/30319,SBR,SBR — API,"All four exports are generated server-side against the active filters and sort — a genuine failure yields a toast, never a malformed file",KEEP,Server-side contract (pagination/sort/snapshot/enforcement) — placed in an API section per Rule 4; verifiable via network tab/DB; failures are real defects.,,,T1
SBR-API-05,C30320,https://shopview.testrail.io/index.php?/cases/view/30320,SBR,SBR — API,"The Expanded View PDF's 10,000-row cap is enforced server-side BEFORE generation — a refusal, not a truncated file",KEEP,Server-side contract (pagination/sort/snapshot/enforcement) — placed in an API section per Rule 4; verifiable via network tab/DB; failures are real defects.,,,T1
SBR-API-06,C30321,https://shopview.testrail.io/index.php?/cases/view/30321,SBR,SBR — API,Toggling a sales rep's active status off first runs a server pre-check returning the assigned-customer count and an assignments flag,KEEP,Server-side contract (pagination/sort/snapshot/enforcement) — placed in an API section per Rule 4; verifiable via network tab/DB; failures are real defects.,,,T1
TU-NAV-01,C30392,https://shopview.testrail.io/index.php?/cases/view/30392,TU,TU — Access & Display,Technician Utilization appears in the reports navigation under the Performance group,KEEP,Navigation/entry contract — additive placement was an explicit PO instruction on the video.,,,T2
TU-NAV-02,C30393,https://shopview.testrail.io/index.php?/cases/view/30393,TU,TU — Access & Display,The report shows one row for each technician who clocked time in the range at the selected locations,KEEP,Contributor rule: exactly one row per technician who clocked time in scope.,,,T1
TU-NAV-03,C30394,https://shopview.testrail.io/index.php?/cases/view/30394,TU,TU — Access & Display,First visit defaults to the This Month preset and the user's active location,KEEP,"First-visit defaults (This Month, active location).",,,T1
TU-NAV-04,C30395,https://shopview.testrail.io/index.php?/cases/view/30395,TU,TU — Access & Display,"Changing the date range reloads the rows, and a Custom range is capped at 366 days",KEEP,Date-range reload + 366-day Custom cap.,,,T1
TU-NAV-05,C30396,https://shopview.testrail.io/index.php?/cases/view/30396,TU,TU — Access & Display,"The standard loading indicator shows on load and reload, rows swap only when data returns, and the toolbar stays interactive",WEAK-KEEP,"Loading indicator/toolbar-interactive; framework behavior, verify once.",,,T2
TU-NAV-06,C30397,https://shopview.testrail.io/index.php?/cases/view/30397,TU,TU — Access & Display,"All clock records are day-grouped and windowed in one report-level time zone, with partial and cross-midnight records split correctly",KEEP,Timezone/day-grouping contract incl. cross-midnight record splitting — real calculation behavior.,,,T1
TU-NAV-07,C30398,https://shopview.testrail.io/index.php?/cases/view/30398,TU,TU — Access & Display,A user without the timesheet-reports permission does not see the report in the navigation,KEEP,Negative permission gate on navigation (timesheet-reports permission).,,,T1
TU-NAV-08,C30399,https://shopview.testrail.io/index.php?/cases/view/30399,TU,TU — Access & Display,The standard no-data message shows when no technician clocked time in scope,KEEP,Navigation/entry contract — additive placement was an explicit PO instruction on the video.,,,T2
TU-HRS-01,C30400,https://shopview.testrail.io/index.php?/cases/view/30400,TU,TU — Hours & Utilization,Column headers appear in the fixed order ending with Est. Lost Labor,MERGE,A header-order assertion; expected line 1 of the hours-columns case.,G-TU-COLS,TU-HRS-02,T2
TU-HRS-02,C30401,https://shopview.testrail.io/index.php?/cases/view/30401,TU,TU — Hours & Utilization,"Total, WO, and Internal Hours show the range's clocked hours in two decimals with no thousands separator",KEEP,Report-specific behavior contract (hours math / lost-labor / per-day breakdown / labels).,,,T1
TU-HRS-03,C30402,https://shopview.testrail.io/index.php?/cases/view/30402,TU,TU — Hours & Utilization,"Utilization % is WO hours over total hours computed from unrounded values, shown to one decimal with round-half-up",KEEP,Report-specific behavior contract (hours math / lost-labor / per-day breakdown / labels).,,,T1
TU-HRS-04,C30403,https://shopview.testrail.io/index.php?/cases/view/30403,TU,TU — Hours & Utilization,"A technician with only internal hours shows 0.0% utilization, and utilization never exceeds 100%",KEEP,Report-specific behavior contract (hours math / lost-labor / per-day breakdown / labels).,,,T1
TU-ELL-01,C30404,https://shopview.testrail.io/index.php?/cases/view/30404,TU,TU — Est. Lost Labor,"Est. Lost Labor values internal hours at each location's default labor rate, summed at full precision and rounded once",KEEP,"Est. Lost Labor = per-location default labor rate x internal hours — the new calculator Chris called a ""highly sought-after Fabian ask"".",,,T1
TU-ELL-02,C30405,https://shopview.testrail.io/index.php?/cases/view/30405,TU,TU — Est. Lost Labor,"Est. Lost Labor is pinned far right and bold, and only its header carries the info icon with the exact tooltip text",KEEP,Report-specific behavior contract (hours math / lost-labor / per-day breakdown / labels).,,,T1
TU-ELL-03,C30406,https://shopview.testrail.io/index.php?/cases/view/30406,TU,TU — Est. Lost Labor,"Zero internal hours - or a configured $0.00 rate - shows $0.00, never an em-dash",KEEP,Report-specific behavior contract (hours math / lost-labor / per-day breakdown / labels).,,,T1
TU-ELL-04,C30407,https://shopview.testrail.io/index.php?/cases/view/30407,TU,TU — Est. Lost Labor,Internal hours with no default labor rate at any contributing location show an em-dash with the correct assistive-technology label,KEEP,Report-specific behavior contract (hours math / lost-labor / per-day breakdown / labels).,,,T1
TU-ELL-05,C30408,https://shopview.testrail.io/index.php?/cases/view/30408,TU,TU — Est. Lost Labor,"Internal hours split across rated and unrated locations show a partial dollar value with no indicator - expected, not a defect",KEEP,Report-specific behavior contract (hours math / lost-labor / per-day breakdown / labels).,,,T1
TU-SORT-01,C30409,https://shopview.testrail.io/index.php?/cases/view/30409,TU,TU — Sorting,On load the rows are sorted by Technician A to Z with the ascending indicator and correct aria-sort exposure,KEEP,"Sorting contract (default/direction/null placement/scope) — spec-defined, observable, distinct.",,,T1
TU-SORT-02,C30410,https://shopview.testrail.io/index.php?/cases/view/30410,TU,TU — Sorting,"All six columns sort on screen: ascending first, toggling with no third state, and Technician's first click goes descending",KEEP,"Sorting contract (default/direction/null placement/scope) — spec-defined, observable, distinct.",,,T1
TU-SORT-03,C30411,https://shopview.testrail.io/index.php?/cases/view/30411,TU,TU — Sorting,"A data reload resets the sort to Technician A to Z, and sort is never persisted across visits",KEEP,"Sorting contract (default/direction/null placement/scope) — spec-defined, observable, distinct.",,,T1
TU-SORT-04,C30412,https://shopview.testrail.io/index.php?/cases/view/30412,TU,TU — Sorting,Sorting reorders only the technician rows - the Summary stays at the bottom and day rows stay under their technician in date order,KEEP,"Sorting contract (default/direction/null placement/scope) — spec-defined, observable, distinct.",,,T1
TU-SORT-05,C30413,https://shopview.testrail.io/index.php?/cases/view/30413,TU,TU — Sorting,"Sorting by Est. Lost Labor keeps the em-dash rows at the bottom in both directions, while $0.00 sorts as zero",KEEP,"Sorting contract (default/direction/null placement/scope) — spec-defined, observable, distinct.",,,T1
TU-SUM-01,C30414,https://shopview.testrail.io/index.php?/cases/view/30414,TU,TU — Summary,"A pinned Summary row labeled Summary sits at the bottom, stays visible on scroll, and uses the row formats with no prefix",KEEP,Totals/summary aggregation contract over the full filtered set — catches real aggregation bugs.,,,T2
TU-SUM-02,C30415,https://shopview.testrail.io/index.php?/cases/view/30415,TU,TU — Summary,"Summary hours total the visible technicians from unrounded values - eye-summing the rows may differ by a cent, and all-selected equals shop totals",KEEP,Totals/summary aggregation contract over the full filtered set — catches real aggregation bugs.,,,T1
TU-SUM-03,C30416,https://shopview.testrail.io/index.php?/cases/view/30416,TU,TU — Summary,"Summary Utilization % is the weighted rate, not the average of the per-technician percentages",KEEP,Weighted utilization (not average of percentages) — a classic real-world calc bug this would catch.,,,T1
TU-SUM-04,C30417,https://shopview.testrail.io/index.php?/cases/view/30417,TU,TU — Summary,"Summary Est. Lost Labor sums the rated contributions only, and shows an em-dash only when every visible technician is an em-dash",KEEP,Totals/summary aggregation contract over the full filtered set — catches real aggregation bugs.,,,T1
TU-DAY-01,C30418,https://shopview.testrail.io/index.php?/cases/view/30418,TU,TU — Per-Day Breakdown,Each technician row has an accessible expand/collapse control named for its next action,WEAK-KEEP,Accessible-name wording of the chevron; one-time a11y check.,,,T2
TU-DAY-02,C30419,https://shopview.testrail.io/index.php?/cases/view/30419,TU,TU — Per-Day Breakdown,"Expanding shows one row per clocked day in date order, loaded on demand, with days pooled across selected locations",KEEP,Report-specific behavior contract (hours math / lost-labor / per-day breakdown / labels).,,,T1
TU-DAY-03,C30420,https://shopview.testrail.io/index.php?/cases/view/30420,TU,TU — Per-Day Breakdown,"Day rows use the same columns and formats as technician rows, including a per-day per-location Est. Lost Labor",KEEP,Report-specific behavior contract (hours math / lost-labor / per-day breakdown / labels).,,,T1
TU-DAY-04,C30421,https://shopview.testrail.io/index.php?/cases/view/30421,TU,TU — Per-Day Breakdown,A single control in the table header expands or collapses all technician rows with the correct accessible names,KEEP,Report-specific behavior contract (hours math / lost-labor / per-day breakdown / labels).,,,T1
TU-DAY-05,C30422,https://shopview.testrail.io/index.php?/cases/view/30422,TU,TU — Per-Day Breakdown,"Expansion state is view-only: it resets on any reload and fresh visit, and the technician filter does not disturb it",KEEP,Report-specific behavior contract (hours math / lost-labor / per-day breakdown / labels).,,,T1
TU-TECH-01,C30423,https://shopview.testrail.io/index.php?/cases/view/30423,TU,TU — Technician Filter,The Filter by Technician multi-select starts with every technician selected on a first visit,KEEP,Filter data-effect contract — changes which rows/totals appear; failures are real.,,,T1
TU-TECH-02,C30424,https://shopview.testrail.io/index.php?/cases/view/30424,TU,TU — Technician Filter,Deselecting a technician hides the row and recalculates the Summary on screen without reloading; re-selecting restores it,KEEP,Filter data-effect contract — changes which rows/totals appear; failures are real.,,,T1
TU-TECH-03,C30425,https://shopview.testrail.io/index.php?/cases/view/30425,TU,TU — Technician Filter,"Select all and Clear all controls work, and the deselected-set model keeps newly-appearing technicians selected",KEEP,Filter data-effect contract — changes which rows/totals appear; failures are real.,,,T1
TU-TECH-04,C30426,https://shopview.testrail.io/index.php?/cases/view/30426,TU,TU — Technician Filter,Previously deselected technicians stay deselected when the user returns to the report,KEEP,Filter data-effect contract — changes which rows/totals appear; failures are real.,,,T1
TU-TECH-05,C30427,https://shopview.testrail.io/index.php?/cases/view/30427,TU,TU — Technician Filter,Clearing all technicians shows the no-data message and hides the Summary row,MERGE,NAV-08 explicitly covers the cleared-filter trigger for the same message.,G-TU-EMPTY,TU-NAV-08,T2
TU-LINK-01,C30428,https://shopview.testrail.io/index.php?/cases/view/30428,TU,TU — Deep Links,"Total Hours is a real link with a non-color affordance and keyboard access, while the Summary's Total Hours is not a link",KEEP,Drill-through/link target contract — the PO walked these hyperlinks on the video as a key feature.,,,T1
TU-LINK-02,C30429,https://shopview.testrail.io/index.php?/cases/view/30429,TU,TU — Deep Links,"The Total Hours link opens Timesheet Activities in the same tab, pre-filtered to that technician and date range",KEEP,Drill-through/link target contract — the PO walked these hyperlinks on the video as a key feature.,,,T1
TU-LINK-03,C30430,https://shopview.testrail.io/index.php?/cases/view/30430,TU,TU — Deep Links,"For the same range and single active location with closed records, Total Hours reconciles to the Timesheet Activities total to the cent",KEEP,Cross-report reconciliation to the cent vs Timesheet Activities — defines when a mismatch IS a defect.,,,T1
TU-LINK-04,C30431,https://shopview.testrail.io/index.php?/cases/view/30431,TU,TU — Deep Links,Reconciliation exception (a): an open clock is snapshotted at each report's own load instant - a difference of the elapsed time is expected,KEEP,Open-clock snapshot exception — prevents false bug reports on a known legitimate difference.,,,T1
TU-LINK-05,C30432,https://shopview.testrail.io/index.php?/cases/view/30432,TU,TU — Deep Links,"Reconciliation exception (b): the link passes no location, so with multiple locations selected the opened view shows only the active shop",KEEP,Link passes no location — documents a real user-visible discrepancy so testers do not misfile it.,,,T1
TU-LINK-06,C30433,https://shopview.testrail.io/index.php?/cases/view/30433,TU,TU — Deep Links,A day row's Total Hours links to Timesheet Activities for that technician on that single day,KEEP,Drill-through/link target contract — the PO walked these hyperlinks on the video as a key feature.,,,T1
TU-EXP-01,C30434,https://shopview.testrail.io/index.php?/cases/view/30434,TU,TU — Exports,The three-dot menu sits leftmost in the toolbar's action cluster and holds the three verbatim download options,KEEP,Export content/behavior contract (what is in the file / when it is refused) — distinct observable outcome.,,,T2
TU-EXP-02,C30435,https://shopview.testrail.io/index.php?/cases/view/30435,TU,TU — Exports,"The Summary PDF holds the technician rows plus the Summary, and the Expanded PDF adds every per-day breakdown",KEEP,Export content/behavior contract (what is in the file / when it is refused) — distinct observable outcome.,,,T1
TU-EXP-03,C30436,https://shopview.testrail.io/index.php?/cases/view/30436,TU,TU — Exports,"The CSV is always summary-level, quotes comma-containing values, and downloads with the lower-case filename",KEEP,Export content/behavior contract (what is in the file / when it is refused) — distinct observable outcome.,,,T1
TU-EXP-04,C30437,https://shopview.testrail.io/index.php?/cases/view/30437,TU,TU — Exports,"Every download covers only the selected technicians, the selected locations, and the active date range",KEEP,Export content/behavior contract (what is in the file / when it is refused) — distinct observable outcome.,,,T1
TU-EXP-05,C30438,https://shopview.testrail.io/index.php?/cases/view/30438,TU,TU — Exports,"Downloads keep the on-screen column order and number formats but always order rows Technician A to Z, ignoring the on-screen sort",KEEP,Export content/behavior contract (what is in the file / when it is refused) — distinct observable outcome.,,,T1
TU-EXP-06,C30439,https://shopview.testrail.io/index.php?/cases/view/30439,TU,TU — Exports,"The shop logo shows at the top of both PDF views when set, no logo shows when unset, and the CSV never includes it",KEEP,Export content/behavior contract (what is in the file / when it is refused) — distinct observable outcome.,,,T1
TU-EXP-07,C30440,https://shopview.testrail.io/index.php?/cases/view/30440,TU,TU — Exports,Choosing a download with no technician selected is a silent no-op - no file and no message,KEEP,Export content/behavior contract (what is in the file / when it is refused) — distinct observable outcome.,,,T1
TU-EXP-08,C30441,https://shopview.testrail.io/index.php?/cases/view/30441,TU,TU — Exports,A starting download shows the Download started notification and a failed download shows Failed to download report,WEAK-KEEP,"Verbatim toast texts (""Download started""/""Failed to download report""); string conformance.",,,T2
TU-LOC-01,C30442,https://shopview.testrail.io/index.php?/cases/view/30442,TU,TU — Location Filter,"The Location filter is the rightmost multi-select listing accessible locations, with All Locations acting as a select-all shortcut",KEEP,Location scoping/fallback contract — includes the accessible-locations security boundary.,,,T1
TU-LOC-02,C30443,https://shopview.testrail.io/index.php?/cases/view/30443,TU,TU — Location Filter,"Changing the location selection reloads the report with hours pooled into one row per technician, never beyond accessible locations",KEEP,Location scoping/fallback contract — includes the accessible-locations security boundary.,,,T1
TU-LOC-03,C30444,https://shopview.testrail.io/index.php?/cases/view/30444,TU,TU — Location Filter,The saved location selection restores defensively - inaccessible locations are dropped and an empty remainder falls back to the active location,KEEP,Location scoping/fallback contract — includes the accessible-locations security boundary.,,,T1
TU-LOC-04,C30445,https://shopview.testrail.io/index.php?/cases/view/30445,TU,TU — Location Filter,Deselecting every location falls back to the active location instead of showing nothing,KEEP,Location scoping/fallback contract — includes the accessible-locations security boundary.,,,T1
TU-LOC-05,C30446,https://shopview.testrail.io/index.php?/cases/view/30446,TU,TU — Location Filter,A user with access to only one location still sees the Location filter with a single selectable location,WEAK-KEEP,Single-location-still-sees-filter: contradicted by pending video P33; may invert.,,,T2
TU-VIS-01,C30447,https://shopview.testrail.io/index.php?/cases/view/30447,TU,TU — Visual & Accessibility,"All-white table with no alternating row shading, and the toolbar controls run in the specified left-to-right order",WEAK-KEEP,"All-white table / toolbar order; cosmetic, verify once.",,,T2
TU-VIS-02,C30448,https://shopview.testrail.io/index.php?/cases/view/30448,TU,TU — Visual & Accessibility,"Dark mode keeps every report element legible, with the info icon at 3:1 contrast and the link affordance intact in both modes",WEAK-KEEP,Dark mode legibility + 3:1 contrast (tooling); one-time check.,,,T2
TU-API-01,C30449,https://shopview.testrail.io/index.php?/cases/view/30449,TU,TU — API,"The per-day breakdown is fetched from the backend on demand when a row is expanded, not shipped with the initial payload",KEEP,Server-side contract (pagination/sort/snapshot/enforcement) — placed in an API section per Rule 4; verifiable via network tab/DB; failures are real defects.,,,T1
TU-API-02,C30450,https://shopview.testrail.io/index.php?/cases/view/30450,TU,TU — API,"Date-range and location changes trigger a fresh server load, while the technician filter and column sorting stay on-screen only",KEEP,Server-side contract (pagination/sort/snapshot/enforcement) — placed in an API section per Rule 4; verifiable via network tab/DB; failures are real defects.,,,T1
WIP-TAB-01,C30451,https://shopview.testrail.io/index.php?/cases/view/30451,WIP,WIP — Tabs,Work In Progress appears in the reports navigation under the Performance group,KEEP,Navigation/entry contract — additive placement was an explicit PO instruction on the video.,,,T2
WIP-TAB-02,C30452,https://shopview.testrail.io/index.php?/cases/view/30452,WIP,WIP — Tabs,"The report opens with four tabs in a fixed order and ""Approved - partially completed"" selected by default",KEEP,Four fixed tabs + default tab — the report's primary structure.,,,T1
WIP-TAB-03,C30453,https://shopview.testrail.io/index.php?/cases/view/30453,WIP,WIP — Tabs,"Each tab label shows the count of work orders in that tab in parentheses, including ""(0)"" for an empty tab",KEEP,"Tab counts match the listed rows — a real integrity check, including ""(0)"".",,,T1
WIP-TAB-04,C30454,https://shopview.testrail.io/index.php?/cases/view/30454,WIP,WIP — Tabs,"The browser page title reads ""Work In Progress - Report | ShopView""",MERGE,Browser-title assertion; folds into the nav/open case.,G-WIP-NAV,WIP-TAB-01,T2
WIP-TAB-05,C30455,https://shopview.testrail.io/index.php?/cases/view/30455,WIP,WIP — Tabs,"There is no Trend / over-time tab or chart — expected in this version, do not file as a defect",KEEP,No Trend tab / snapshot not read by any screen — prevents false expectations and false bugs.,,,T1
WIP-SCOPE-01,C30456,https://shopview.testrail.io/index.php?/cases/view/30456,WIP,WIP — Scope & Loading,"Every open service work order (Estimate, Approved, In Progress, Review, Complete) at a selected location appears in the report",KEEP,"Row-model/scope contract (who appears, where, exactly once) — data-correctness core.",,,T1
WIP-SCOPE-02,C30457,https://shopview.testrail.io/index.php?/cases/view/30457,WIP,WIP — Scope & Loading,"Invoiced, Paid, and Declined work orders and part-sale work orders never appear anywhere in the report",KEEP,"Row-model/scope contract (who appears, where, exactly once) — data-correctness core.",,,T1
WIP-SCOPE-03,C30458,https://shopview.testrail.io/index.php?/cases/view/30458,WIP,WIP — Scope & Loading,"Each qualifying work order appears exactly once in exactly one tab, including an open job with nothing approved yet",KEEP,"Row-model/scope contract (who appears, where, exactly once) — data-correctness core.",,,T1
WIP-SCOPE-04,C30459,https://shopview.testrail.io/index.php?/cases/view/30459,WIP,WIP — Scope & Loading,"While loading, the standard reports loading indicator shows and existing rows are replaced only when new data returns",WEAK-KEEP,"Loading indicator behavior; framework, verify once.",,,T2
WIP-SCOPE-05,C30460,https://shopview.testrail.io/index.php?/cases/view/30460,WIP,WIP — Scope & Loading,"When no work order qualifies, every tab shows ""Empty bays, endless possibilities. Get Going!"" and no Totals row",KEEP,"Row-model/scope contract (who appears, where, exactly once) — data-correctness core.",,,T2
WIP-SCOPE-06,C30461,https://shopview.testrail.io/index.php?/cases/view/30461,WIP,WIP — Scope & Loading,A single empty tab shows the no-data message while the other tabs still show their rows,MERGE,Single-tab-empty variant of SCOPE-05; a second scenario row.,G-WIP-EMPTY,WIP-SCOPE-05,T2
WIP-PLACE-01,C30462,https://shopview.testrail.io/index.php?/cases/view/30462,WIP,WIP — Tab Placement,An Estimate work order lands in the Estimates tab and a Complete work order lands in the Completed tab,KEEP,"Row-model/scope contract (who appears, where, exactly once) — data-correctness core.",,,T1
WIP-PLACE-02,C30463,https://shopview.testrail.io/index.php?/cases/view/30463,WIP,WIP — Tab Placement,"In Progress and Review work orders land in the ""Approved - partially completed"" tab",MERGE,Status->tab mapping row; PLACE-01/02 are one mapping case with a table.,G-WIP-PLACE-STATUS,WIP-PLACE-01,T2
WIP-PLACE-03,C30464,https://shopview.testrail.io/index.php?/cases/view/30464,WIP,WIP — Tab Placement,"An Approved work order with clocked time or a received part lands in ""Approved - partially completed""",KEEP,"Row-model/scope contract (who appears, where, exactly once) — data-correctness core.",,,T1
WIP-PLACE-04,C30465,https://shopview.testrail.io/index.php?/cases/view/30465,WIP,WIP — Tab Placement,"An Approved work order with no clocked time and no received part lands in ""Approved - not started""",MERGE,The other side of the started-boundary rule PLACE-03 tests; one boundary case.,G-WIP-PLACE-START,WIP-PLACE-03,T2
WIP-COL-01,C30466,https://shopview.testrail.io/index.php?/cases/view/30466,WIP,WIP — Columns & Rows,"With every column turned on, the columns appear in the fixed left-to-right order with the specified alignment",KEEP,Column selector behavior contract (contents/effect/exports interaction).,,,T2
WIP-COL-02,C30467,https://shopview.testrail.io/index.php?/cases/view/30467,WIP,WIP — Columns & Rows,On a first visit only the default columns show; the rest are available in the column selector and off by default,KEEP,Column selector behavior contract (contents/effect/exports interaction).,,,T2
WIP-COL-03,C30468,https://shopview.testrail.io/index.php?/cases/view/30468,WIP,WIP — Columns & Rows,"The WO # is a link that opens the work order in the same browser tab, with browser back returning to the report",KEEP,Column selector behavior contract (contents/effect/exports interaction).,,,T1
WIP-COL-04,C30469,https://shopview.testrail.io/index.php?/cases/view/30469,WIP,WIP — Columns & Rows,Status shows as a color-coded badge whose label text is always present (color is never the only signal),KEEP,Column selector behavior contract (contents/effect/exports interaction).,,,T2
WIP-COL-05,C30470,https://shopview.testrail.io/index.php?/cases/view/30470,WIP,WIP — Columns & Rows,"The Asset cell is two lines (bold unit number over a muted VIN), with placeholders when either is missing, and VIN is also its own optional column",KEEP,Column selector behavior contract (contents/effect/exports interaction).,,,T2
WIP-COL-06,C30471,https://shopview.testrail.io/index.php?/cases/view/30471,WIP,WIP — Columns & Rows,"Customer shows the customer's company name, and is blank when no customer name exists",WEAK-KEEP,"Customer-name-or-blank; restates a default rendering, low value.",,,T2
WIP-COL-07,C30472,https://shopview.testrail.io/index.php?/cases/view/30472,WIP,WIP — Columns & Rows,"Days Open shows whole days since creation and reads ""0 days"" / ""1 days"" (not pluralized) — expected, do not file",KEEP,Column selector behavior contract (contents/effect/exports interaction).,,,T1
WIP-COL-08,C30473,https://shopview.testrail.io/index.php?/cases/view/30473,WIP,WIP — Columns & Rows,"Last Activity shows ""Today"", ""Xd ago"", or ""—"" when the work order has no recorded activity",KEEP,Column selector behavior contract (contents/effect/exports interaction).,,,T2
WIP-CALC-01,C30474,https://shopview.testrail.io/index.php?/cases/view/30474,WIP,WIP — Earned & Remaining,"Money columns show US-dollar currency with two decimals, thousands separators, a leading minus for negatives, and ""$0.00"" for zero",KEEP,"Calculation contract with a worked example; a failure is a real, reportable money/hours bug.",,,T1
WIP-CALC-02,C30475,https://shopview.testrail.io/index.php?/cases/view/30475,WIP,WIP — Earned & Remaining,"Labor Earned is the clocked share of each approved line's quoted labor value, capped at the full quoted value per line",KEEP,"Calculation contract with a worked example; a failure is a real, reportable money/hours bug.",,,T1
WIP-CALC-03,C30476,https://shopview.testrail.io/index.php?/cases/view/30476,WIP,WIP — Earned & Remaining,Labor Remaining is the total quoted value of the approved labor minus Labor Earned,KEEP,"Calculation contract with a worked example; a failure is a real, reportable money/hours bug.",,,T1
WIP-CALC-04,C30477,https://shopview.testrail.io/index.php?/cases/view/30477,WIP,WIP — Earned & Remaining,Parts Earned is the sell value of approved-line parts already received,KEEP,"Calculation contract with a worked example; a failure is a real, reportable money/hours bug.",,,T1
WIP-CALC-05,C30478,https://shopview.testrail.io/index.php?/cases/view/30478,WIP,WIP — Earned & Remaining,Parts Remaining is the outstanding (not yet received) quantity valued at its sell price including any core charge,KEEP,"Calculation contract with a worked example; a failure is a real, reportable money/hours bug.",,,T1
WIP-CALC-06,C30479,https://shopview.testrail.io/index.php?/cases/view/30479,WIP,WIP — Earned & Remaining,"Earned = Labor Earned + Parts Earned, Remaining = Labor Remaining + Parts Remaining, and Total = Earned + Remaining (not the work order's grand total)",KEEP,"Total = Earned + Remaining, NOT the WO grand total — the report's central definitional contract.",,,T1
WIP-CALC-07,C30480,https://shopview.testrail.io/index.php?/cases/view/30480,WIP,WIP — Earned & Remaining,Lines that are not yet approved contribute nothing to any money figure,KEEP,"Calculation contract with a worked example; a failure is a real, reportable money/hours bug.",,,T1
WIP-CALC-08,C30481,https://shopview.testrail.io/index.php?/cases/view/30481,WIP,WIP — Earned & Remaining,"Inv. Hrs shows quoted minus worked labor hours as a signed one-decimal number, colored green/red, with ""0.0"" unsigned in the default color",KEEP,"Calculation contract with a worked example; a failure is a real, reportable money/hours bug.",,,T1
WIP-CALC-09,C30482,https://shopview.testrail.io/index.php?/cases/view/30482,WIP,WIP — Earned & Remaining,"An open estimate with no approved work shows ""$0.00"" in every money column, including Total",KEEP,"Calculation contract with a worked example; a failure is a real, reportable money/hours bug.",,,T1
WIP-SORT-01,C30483,https://shopview.testrail.io/index.php?/cases/view/30483,WIP,WIP — Sorting,The initial sort is Days Open with the longest-open work order first,KEEP,"Sorting contract (default/direction/null placement/scope) — spec-defined, observable, distinct.",,,T1
WIP-SORT-02,C30484,https://shopview.testrail.io/index.php?/cases/view/30484,WIP,WIP — Sorting,"Clicking a header sorts ascending, clicking again toggles descending, with no third cleared state and one sort column at a time",KEEP,"Sorting contract (default/direction/null placement/scope) — spec-defined, observable, distinct.",,,T1
WIP-SORT-03,C30485,https://shopview.testrail.io/index.php?/cases/view/30485,WIP,WIP — Sorting,"Columns sort by their underlying values — money/numbers by value, Days Open by day count, Status by label, text columns as text, Asset by unit number",KEEP,"Sorting contract (default/direction/null placement/scope) — spec-defined, observable, distinct.",,,T1
WIP-SORT-04,C30486,https://shopview.testrail.io/index.php?/cases/view/30486,WIP,WIP — Sorting,Sorting reorders only the active tab's rows and the Totals row stays at the bottom,KEEP,"Sorting contract (default/direction/null placement/scope) — spec-defined, observable, distinct.",,,T1
WIP-SUM-01,C30487,https://shopview.testrail.io/index.php?/cases/view/30487,WIP,WIP — Summary Strip,"The summary strip shows seven figures in a fixed order, each as US-dollar currency",KEEP,Totals/summary aggregation contract over the full filtered set — catches real aggregation bugs.,,,T1
WIP-SUM-02,C30488,https://shopview.testrail.io/index.php?/cases/view/30488,WIP,WIP — Summary Strip,"Total Earned is the hero figure (larger, colored underline) and equals Started — Earned plus Ready to Invoice",KEEP,Hero figure math (Total Earned = Started-Earned + Ready to Invoice) — the number Chris said users come for.,,,T1
WIP-SUM-03,C30489,https://shopview.testrail.io/index.php?/cases/view/30489,WIP,WIP — Summary Strip,Total Remaining equals Not Started plus Started — Remaining,KEEP,Totals/summary aggregation contract over the full filtered set — catches real aggregation bugs.,,,T1
WIP-SUM-04,C30490,https://shopview.testrail.io/index.php?/cases/view/30490,WIP,WIP — Summary Strip,"The per-stage figures each equal the matching tab's money: Not Started, Started — Earned, Started — Remaining, and Ready to Invoice",KEEP,Totals/summary aggregation contract over the full filtered set — catches real aggregation bugs.,,,T1
WIP-SUM-05,C30491,https://shopview.testrail.io/index.php?/cases/view/30491,WIP,WIP — Summary Strip,"The Estimates figure is the Estimates tab's total quoted value, shown muted, and excluded from Total Earned and Total Remaining",KEEP,Totals/summary aggregation contract over the full filtered set — catches real aggregation bugs.,,,T1
WIP-SUM-06,C30492,https://shopview.testrail.io/index.php?/cases/view/30492,WIP,WIP — Summary Strip,"Changing the advisor, customer, or asset filter recomputes every summary figure immediately, with no reload",MERGE,Strip recompute on filter change — already asserted by FLT-08.,G-WIP-RECOMPUTE,WIP-FLT-08,T2
WIP-SUM-07,C30493,https://shopview.testrail.io/index.php?/cases/view/30493,WIP,WIP — Summary Strip,"Each summary figure's information icon reveals its plain-language explanation, verbatim per the spec",KEEP,Totals/summary aggregation contract over the full filtered set — catches real aggregation bugs.,,,T1
WIP-TOT-01,C30494,https://shopview.testrail.io/index.php?/cases/view/30494,WIP,WIP — Totals Row,"Each tab has a Totals row pinned to the bottom, labeled ""Totals"", with a bold pinned Total cell and the same number formats as data rows",KEEP,Totals/summary aggregation contract over the full filtered set — catches real aggregation bugs.,,,T1
WIP-TOT-02,C30495,https://shopview.testrail.io/index.php?/cases/view/30495,WIP,WIP — Totals Row,"The Totals row sums each visible money column, and the Inv. Hrs total keeps the signed one-decimal format and coloring",KEEP,Totals/summary aggregation contract over the full filtered set — catches real aggregation bugs.,,,T1
WIP-TOT-03,C30496,https://shopview.testrail.io/index.php?/cases/view/30496,WIP,WIP — Totals Row,"The Totals row recomputes whenever the advisor, customer, or asset filter changes",MERGE,Totals-row recompute on filter change — already asserted by FLT-08.,G-WIP-RECOMPUTE,WIP-FLT-08,T2
WIP-TOT-04,C30497,https://shopview.testrail.io/index.php?/cases/view/30497,WIP,WIP — Totals Row,A tab with no visible jobs shows no Totals row,CUT,"Duplicate: ""empty tab shows no Totals row"" is already an expected line of WIP-SCOPE-05 and WIP-SCOPE-06.",,,-
WIP-FLT-01,C30498,https://shopview.testrail.io/index.php?/cases/view/30498,WIP,WIP — Filters,The Advisor filter is a multi-select of the advisors present in the loaded jobs and narrows rows on screen only,KEEP,Filter data-effect contract — changes which rows/totals appear; failures are real.,,,T1
WIP-FLT-02,C30499,https://shopview.testrail.io/index.php?/cases/view/30499,WIP,WIP — Filters,"The Customer filter is a searchable type-ahead multi-select reading ""All customers"" when empty, with a ""Clear"" action once a customer is selected",KEEP,Filter data-effect contract — changes which rows/totals appear; failures are real.,,,T1
WIP-FLT-03,C30500,https://shopview.testrail.io/index.php?/cases/view/30500,WIP,WIP — Filters,"The Asset filter's type-ahead matches either the unit number or the vehicle identification number, and reads ""All assets"" when empty",KEEP,Filter data-effect contract — changes which rows/totals appear; failures are real.,,,T1
WIP-FLT-04,C30501,https://shopview.testrail.io/index.php?/cases/view/30501,WIP,WIP — Filters,"The date-range control offers the standard presets plus Custom, defaults to ""This Week"", and does not offer ""All Time""",KEEP,Filter data-effect contract — changes which rows/totals appear; failures are real.,,,T1
WIP-FLT-05,C30502,https://shopview.testrail.io/index.php?/cases/view/30502,WIP,WIP — Filters,"The date range filters by the work order's created date, reloads the report on change, and a Custom range is capped at 366 days",KEEP,Filter data-effect contract — changes which rows/totals appear; failures are real.,,,T1
WIP-FLT-06,C30503,https://shopview.testrail.io/index.php?/cases/view/30503,WIP,WIP — Filters,"The Location filter (rightmost) is a multi-select with an ""All locations"" / ""Clear all"" toggle, defaults to the active location, and reloads on change",KEEP,Filter data-effect contract — changes which rows/totals appear; failures are real.,,,T1
WIP-FLT-07,C30504,https://shopview.testrail.io/index.php?/cases/view/30504,WIP,WIP — Filters,"The location scope never includes an inaccessible location, and an empty selection falls back to the user's active location",KEEP,Filter data-effect contract — changes which rows/totals appear; failures are real.,,,T1
WIP-FLT-08,C30505,https://shopview.testrail.io/index.php?/cases/view/30505,WIP,WIP — Filters,"Advisor, customer, and asset filters combine with AND, feed the strip and Totals rows, and an empty combination shows the no-data message",KEEP,Filter data-effect contract — changes which rows/totals appear; failures are real.,,,T1
WIP-PERS-01,C30506,https://shopview.testrail.io/index.php?/cases/view/30506,WIP,WIP — Column Selection & Persistence,"The column-selection icon button (tooltip ""Column Selection"") toggles columns, and Total is not offered and cannot be turned off",KEEP,Persistence/restore contract. NOTE: Stefan flagged on the kickoff that per-user-per-device persistence may be delegated to the Filters squad — re-check before execution.,,,T2
WIP-PERS-02,C30507,https://shopview.testrail.io/index.php?/cases/view/30507,WIP,WIP — Column Selection & Persistence,"Toggling columns never reorders them (Total always last), and the column selection applies to all four tabs at once",KEEP,Persistence/restore contract. NOTE: Stefan flagged on the kickoff that per-user-per-device persistence may be delegated to the Filters squad — re-check before execution.,,,T2
WIP-PERS-03,C30508,https://shopview.testrail.io/index.php?/cases/view/30508,WIP,WIP — Column Selection & Persistence,"The report remembers the date range, filter selections, location, columns, and active tab per browser and restores them on return",KEEP,Persistence/restore contract. NOTE: Stefan flagged on the kickoff that per-user-per-device persistence may be delegated to the Filters squad — re-check before execution.,,,T1
WIP-PERS-04,C30509,https://shopview.testrail.io/index.php?/cases/view/30509,WIP,WIP — Column Selection & Persistence,A saved setting that is no longer valid falls back to its default instead of breaking the view,KEEP,Persistence/restore contract. NOTE: Stefan flagged on the kickoff that per-user-per-device persistence may be delegated to the Filters squad — re-check before execution.,,,T1
WIP-EXP-01,C30510,https://shopview.testrail.io/index.php?/cases/view/30510,WIP,WIP — Exports,"A three-dot toolbar menu holds ""Download (PDF)"" and ""Download (CSV)""",KEEP,Export content/behavior contract (what is in the file / when it is refused) — distinct observable outcome.,,,T2
WIP-EXP-02,C30511,https://shopview.testrail.io/index.php?/cases/view/30511,WIP,WIP — Exports,"Downloads contain only the shown columns in screen order, honor all filters, and include the tab's Totals row",KEEP,Export content/behavior contract (what is in the file / when it is refused) — distinct observable outcome.,,,T1
WIP-EXP-03,C30512,https://shopview.testrail.io/index.php?/cases/view/30512,WIP,WIP — Exports,"Downloaded money and Inv. Hrs values keep the on-screen formats, and CSV values containing commas are double-quoted",KEEP,Export content/behavior contract (what is in the file / when it is refused) — distinct observable outcome.,,,T1
WIP-EXP-04,C30513,https://shopview.testrail.io/index.php?/cases/view/30513,WIP,WIP — Exports,The Inv. Hrs green/red coloring appears on screen and in the PDF only — the CSV is monochrome,KEEP,Export content/behavior contract (what is in the file / when it is refused) — distinct observable outcome.,,,T1
WIP-EXP-05,C30514,https://shopview.testrail.io/index.php?/cases/view/30514,WIP,WIP — Exports,Days Open in a download is frozen at the moment the file is generated (and can be one day higher than the screen),KEEP,Export content/behavior contract (what is in the file / when it is refused) — distinct observable outcome.,,,T1
WIP-EXP-06,C30515,https://shopview.testrail.io/index.php?/cases/view/30515,WIP,WIP — Exports,"The downloaded files are named ""wip-2-report.pdf"" and ""wip-2-report.csv"" — expected current names, do not file",KEEP,"Odd ""wip-2-report"" filenames documented as expected — prevents a false bug ticket.",,,T2
WIP-EXP-07,C30516,https://shopview.testrail.io/index.php?/cases/view/30516,WIP,WIP — Exports,"In downloads the asset column is headed ""Unit"" and the location column ""Branch"" — documented limitation, do not file",KEEP,Unit/Branch export headers documented as expected v1 — prevents a false bug ticket.,,,T1
WIP-EXP-08,C30517,https://shopview.testrail.io/index.php?/cases/view/30517,WIP,WIP — Exports,The PDF shows the shop logo at the top when one is set; the CSV never includes a logo,KEEP,Export content/behavior contract (what is in the file / when it is refused) — distinct observable outcome.,,,T2
WIP-EXP-09,C30518,https://shopview.testrail.io/index.php?/cases/view/30518,WIP,WIP — Exports,"Export notifications: success caption, ""Empty export"" warning, and the failure error message",KEEP,Export content/behavior contract (what is in the file / when it is refused) — distinct observable outcome.,,,T2
WIP-VIS-01,C30519,https://shopview.testrail.io/index.php?/cases/view/30519,WIP,WIP — Visual & Accessibility,Each tab uses an all-white table with no alternating row shading,WEAK-KEEP,"All-white/no-zebra; cosmetic, verify once.",,,T2
WIP-VIS-02,C30520,https://shopview.testrail.io/index.php?/cases/view/30520,WIP,WIP — Visual & Accessibility,"The summary strip is a bold band delineated by a top and bottom rule, above the tabs — not separate cards",WEAK-KEEP,"Strip band styling (rules, not cards); cosmetic.",,,T2
WIP-VIS-03,C30521,https://shopview.testrail.io/index.php?/cases/view/30521,WIP,WIP — Visual & Accessibility,The Total column (header and cells) is bold and stays pinned to the right edge while scrolling the rows sideways,WEAK-KEEP,Bold/pinned Total column styling; overlaps TOT-01; cosmetic-leaning.,,,T2
WIP-VIS-04,C30522,https://shopview.testrail.io/index.php?/cases/view/30522,WIP,WIP — Visual & Accessibility,"The Totals row stays visible at the bottom while scrolling, the report fills the height, and only the active tab's table body scrolls",WEAK-KEEP,"Scroll-container/fill-height behavior; framework-leaning, verify once.",,,T2
WIP-VIS-05,C30523,https://shopview.testrail.io/index.php?/cases/view/30523,WIP,WIP — Visual & Accessibility,The WO # link is keyboard-focusable with a visible focus indicator and opens the work order on activation,KEEP,Accessibility/visual conformance requirement from the spec.,,,T2
WIP-VIS-06,C30524,https://shopview.testrail.io/index.php?/cases/view/30524,WIP,WIP — Visual & Accessibility,Each summary figure's information icon is reachable by keyboard and exposes its explanation to assistive technology,KEEP,Accessibility/visual conformance requirement from the spec.,,,T2
WIP-VIS-07,C30525,https://shopview.testrail.io/index.php?/cases/view/30525,WIP,WIP — Visual & Accessibility,"In dark mode the table, summary strip, WO # link, Inv. Hrs coloring, and two-line asset cell remain legible with adequate contrast",WEAK-KEEP,Dark mode legibility; verify once.,,,T2
WIP-PERM-01,C30526,https://shopview.testrail.io/index.php?/cases/view/30526,WIP,WIP — Permissions,A user with the Work In Progress reports permission can open the report and download it — the one permission covers both,KEEP,Permission gate (positive/negative observable behavior). NOTE: Q2 permission-model discrepancy raised to Chris/dev 2026-07-28; cases stay per the shipped mixed model per user ruling.,,,T1
WIP-PERM-02,C30527,https://shopview.testrail.io/index.php?/cases/view/30527,WIP,WIP — Permissions,A user without the required permission does not see Work In Progress in the reports navigation,KEEP,Permission gate (positive/negative observable behavior). NOTE: Q2 permission-model discrepancy raised to Chris/dev 2026-07-28; cases stay per the shipped mixed model per user ruling.,,,T1
WIP-API-01,C30528,https://shopview.testrail.io/index.php?/cases/view/30528,WIP,WIP — API,"Nightly snapshot: once per day the system records one row per then-open work order, per calendar date",KEEP,Server-side contract (pagination/sort/snapshot/enforcement) — placed in an API section per Rule 4; verifiable via network tab/DB; failures are real defects.,,,T1
WIP-API-02,C30529,https://shopview.testrail.io/index.php?/cases/view/30529,WIP,WIP — API,"Nightly snapshot: each row captures the work order, status, Earned, Remaining, location, organization, and the snapshot's calendar date",KEEP,Server-side contract (pagination/sort/snapshot/enforcement) — placed in an API section per Rule 4; verifiable via network tab/DB; failures are real defects.,,,T1
WIP-API-03,C30530,https://shopview.testrail.io/index.php?/cases/view/30530,WIP,WIP — API,Nightly snapshot: captured Earned and Remaining use the identical computation as the on-screen report for the capture date,KEEP,Server-side contract (pagination/sort/snapshot/enforcement) — placed in an API section per Rule 4; verifiable via network tab/DB; failures are real defects.,,,T1
WIP-API-04,C30531,https://shopview.testrail.io/index.php?/cases/view/30531,WIP,WIP — API,"Nightly snapshot: the capture uses the report's service-type and open-status conditions and spans every location, with no user location filter",KEEP,Server-side contract (pagination/sort/snapshot/enforcement) — placed in an API section per Rule 4; verifiable via network tab/DB; failures are real defects.,,,T1
WIP-API-05,C30532,https://shopview.testrail.io/index.php?/cases/view/30532,WIP,WIP — API,Nightly snapshot: captured dollar values are stored to the cent,KEEP,Server-side contract (pagination/sort/snapshot/enforcement) — placed in an API section per Rule 4; verifiable via network tab/DB; failures are real defects.,,,T1
WIP-API-06,C30533,https://shopview.testrail.io/index.php?/cases/view/30533,WIP,WIP — API,"Nightly snapshot: a work order with nothing approved is captured with Earned $0.00 and Remaining $0.00, not skipped",KEEP,Server-side contract (pagination/sort/snapshot/enforcement) — placed in an API section per Rule 4; verifiable via network tab/DB; failures are real defects.,,,T1
