spec,line_no,class,section,story,requirement_id,raw_line
SBC,1,CAPTURE-HDR,,,,# SBC (Sales By Customer) Report
SBC,3,CAPTURE-HDR,,,,> **VERBATIM LIVE CAPTURE — current Confluence spec**
SBC,4,CAPTURE-HDR,,,,> - pageId: 577634305
SBC,5,CAPTURE-HDR,,,,> - Page title: SBC (Sales By Customer) Report
SBC,6,CAPTURE-HDR,,,,"> - Confluence `lastModified` (live, read this run): **Jul 31, 2026**"
SBC,7,CAPTURE-HDR,,,,"> - **TRUE Confluence version (metadata.version via `fetch` ARI, read 2026-08-03): v13**"
SBC,8,CAPTURE-HDR,,,,> - Confluence space: ~712020aa00b8d6a71f4259891982a304227c20 (Chris Ward)
SBC,9,CAPTURE-HDR,,,,> - Captured: 2026-08-03 via the Atlassian MCP `getConfluencePage` (contentFormat=markdown)
SBC,10,CAPTURE-HDR,,,,> - ⚠️ This capture pipeline (MCP markdown) is NOT byte-comparable with the 2026-07-31 captures
SBC,11,CAPTURE-HDR,,,,">   (REST storage-format -> html2text). Compare by requirement text, not by byte diff."
SBC,12,CAPTURE-HDR,,,,> - The 2026-07-31 captures are RETAINED unchanged in `../../spec-current-2026-07-31/`.
SBC,14,RULE,,,,---
SBC,16,TABLE-ROW,(front matter),,,|  |  |
SBC,17,TABLE-HDR,(front matter),,,| --- | --- |
SBC,18,META-TABLE,(front matter),,,| **Epic** | TBD |
SBC,19,META-TABLE,(front matter),,,| **Owner** | TBD |
SBC,20,META-TABLE,(front matter),,,| **Status** | In review — 2026-07-16 |
SBC,21,META-TABLE,(front matter),,,| **Branch** | TBD |
SBC,23,HEADING,Sales By Customer Report,,,# Sales By Customer Report
SBC,25,HEADING,Business Case,,,## 1. Business Case
SBC,27,NARRATIVE,Business Case,,,"Shop owners and managers need to see quickly how much revenue each customer drove over a chosen time window, and what that revenue is made of — labor, parts, shop supplies, and profit. Today that question means exporting raw invoice data and building a spreadsheet summary by hand: slow, error-prone, and too hard for non-technical users. The Sales By Customer report makes that a single click, and adds a drill-down so a manager can open the individual invoices behind each customer's total, and the individual vehicles those invoices were done on, without leaving the report."
SBC,29,NARRATIVE,Business Case,,,"A second goal is consistency. The report looks and behaves like the rest of the reporting suite, so a user never has to re-learn the layout when moving between reports."
SBC,31,HEADING,Feature Overview,,,## 2. Feature Overview
SBC,33,HEADING,Feature Overview,,,### Core ShopView
SBC,35,NARRATIVE,Feature Overview,,,- A report named Sales By Customer is available in the Reports navigation.
SBC,36,NARRATIVE,Feature Overview,,,- The report groups revenue by customer over a chosen date range.
SBC,37,NARRATIVE,Feature Overview,,,"- The report is a three-level tree: Customer → Asset → Invoice. A customer row expands to that customer's assets (the vehicles the work was done on); an asset row expands to the individual invoices for that vehicle. Work with no vehicle (counter / parts sales) collects under a per-customer ""Parts Sales"" bucket. Each asset row is labeled by the vehicle's VIN, falling back to Unit number, then plate."
SBC,38,NARRATIVE,Feature Overview,,,"- Invoice numbers in the expanded view are clickable and open the underlying invoice in the same browser tab. Pressing the browser back button returns to the report with its filters, sort, and columns restored."
SBC,39,NARRATIVE,Feature Overview,,,"- The user can filter by date range, by product type (Parts & Service / Parts only / Service only), by customer (a multi-select filter with search-as-you-type, all customers selected by default), and by location (one, several, or all of the locations the user has access to). The Customer filter is how the user narrows the table to a specific customer."
SBC,40,NARRATIVE,Feature Overview,,,"- When more than one location is in scope, each row shows a Location column — the row's location, or ""Multiple"" for a customer or asset row that spans more than one location; the column is hidden when only one location is in scope. Every export names the location or locations in scope on a ""Locations:"" line."
SBC,41,NARRATIVE,Feature Overview,,,"- The report remembers the user's filters, sort, and visible columns between visits, so returning to the report restores the same view."
SBC,42,NARRATIVE,Feature Overview,,,"- The report shows these financial columns, in this order: Inv. Hrs, Labor Invoiced, Labor Margin, Parts Invoiced, Parts Margin, Shop Supplies, Margin, and Margin %."
SBC,43,NARRATIVE,Feature Overview,,,"- The user can download the report from a single overflow menu in the toolbar — a Summary version (customer totals only) or an Expanded version (the full Customer → Asset → Invoice tree), each as a PDF or a CSV — and can show or hide individual columns from a column selector."
SBC,44,NARRATIVE,Feature Overview,,,- The report matches the visual theme of the rest of the reporting suite.
SBC,46,HEADING,Feature Overview,,,### Out of Scope
SBC,48,NARRATIVE,Feature Overview,,,- QuickBooks sync of any data shown in this report.
SBC,49,NARRATIVE,Feature Overview,,,- Per-line-item classification within a single invoice. The report classifies a whole invoice as Service or Parts by its invoice-number prefix.
SBC,50,NARRATIVE,Feature Overview,,,"- A separate parts-only report. A distinct ""Parts Sales"" report exists elsewhere in the suite; it is not this report and is not covered here."
SBC,51,NARRATIVE,Feature Overview,,,"- A mobile-optimized layout. The report works on phones, but the dense table is not redesigned for small screens."
SBC,52,NARRATIVE,Feature Overview,,,- Aging or days-since logic. Dates are shown as plain calendar dates.
SBC,53,NARRATIVE,Feature Overview,,,- Editing invoices from this report.
SBC,54,NARRATIVE,Feature Overview,,,- Bulk actions against multiple customers or invoices.
SBC,55,NARRATIVE,Feature Overview,,,- Side-by-side asset (vehicle) comparison. Comparing individual vehicles against each other is a distinct analysis deferred to a future dedicated report (see the Key Decision below).
SBC,57,HEADING,Key Decisions,,,## 3. Key Decisions
SBC,59,NARRATIVE,Key Decisions,,,- **Subtotal is the headline column.** It carries the strongest visual weight (bold and pinned) because it is the number users scan for first.
SBC,60,NARRATIVE,Key Decisions,,,- **The report is a three-level tree (Customer → Asset → Invoice).** Grouping invoices by the vehicle they were done on lets a manager see per-vehicle revenue without a separate report.
SBC,61,NARRATIVE,Key Decisions,,,"- **Work with no vehicle groups under a ""Parts Sales"" bucket.** A work order with a vehicle is service work; a work order with no vehicle is a counter / parts sale, so no-vehicle work is collected on its own."
SBC,62,NARRATIVE,Key Decisions,,,"- **The Date cell is blank on customer and asset rows.** A rolled-up date on a summary row was misleading, so dates are shown only on invoice rows."
SBC,63,NARRATIVE,Key Decisions,,,"- **The invoice count is shown after the customer name, not as its own column.** It saves a column while still telling the user how many invoices are behind the total."
SBC,64,NARRATIVE,Key Decisions,,,"- **Reversed and voided invoices are excluded.** They do not represent real sales, so they are never counted."
SBC,65,NARRATIVE,Key Decisions,,,"- **Service vs. Parts is decided by the invoice-number prefix.** Per-line classification was out of scope, so the whole invoice is classified by its number."
SBC,66,NARRATIVE,Key Decisions,,,- **Margin % is monochrome; Inv. Hrs is color-coded.** Inv. Hrs (the Labor Delta) carries a green/red signal because direction matters at a glance; Margin % does not.
SBC,67,NARRATIVE,Key Decisions,,,"- **Color extends to the PDF, not the CSV.** The PDF is the presentation copy; CSV users re-style and re-pivot, so baked-in color has no value there."
SBC,68,NARRATIVE,Key Decisions,,,- **Exports live behind one overflow menu.** This matches the suite standard and keeps the toolbar clean.
SBC,69,NARRATIVE,Key Decisions,,,"- **Exports come in Summary and Expanded versions.** Summary is one row per customer; Expanded includes the full Customer → Asset → Invoice tree. Both are offered as CSV and PDF, matching Sales By Rep."
SBC,70,NARRATIVE,Key Decisions,,,"- **Assets are identified by VIN.** The asset label is the vehicle's VIN, falling back to Unit number, then plate — the identifier a shop uses to track a vehicle across its fleet — rather than a year/make/model description."
SBC,71,NARRATIVE,Key Decisions,,,"- **Location is a per-row column, shown only when more than one location is in scope.** A single-location view has no need for it, so the column appears only when the scope spans more than one location. Because a customer or asset row can aggregate invoices from more than one location, such rows read ""Multiple""; invoice rows always show their exact location. Every export names the scope on a ""Locations:"" line so a saved or printed copy is unambiguous."
SBC,72,NARRATIVE,Key Decisions,,,- **The report remembers the user's view between visits.** Returning to a report a user uses daily should not reset their filters.
SBC,73,NARRATIVE,Key Decisions,,,"- **Narrowing to specific customers is a filter, not a ""compare.""** Choosing which customers to show is done with a standard multi-select Customer filter (search, all selected by default) — the same filter pattern used elsewhere in the suite — rather than a bespoke compare/pin control."
SBC,74,NARRATIVE,Key Decisions,,,"- **Side-by-side asset comparison is deferred to its own report.** Comparing individual vehicles against each other is a distinct analysis (closer in shape to Parts Velocity) that also depends on standardizing asset naming; it belongs in a dedicated report rather than nested inside this one, so it is out of scope here."
SBC,76,HEADING,Terminology,,,## 4. Terminology
SBC,78,NARRATIVE,Terminology,,,"- **Subtotal** — A row's total of Labor Invoiced plus Parts Invoiced plus Shop Supplies, before tax. It is the report's headline number and the denominator of Margin %."
SBC,79,NARRATIVE,Terminology,,,"- **Shop Supplies** — The total of shop-supply charges (miscellaneous shop materials and consumables fees) billed across the row's invoices. No separate cost is tracked for shop supplies, so they add no profit to Margin."
SBC,80,NARRATIVE,Terminology,,,- **Labor Invoiced** — The labor dollars billed across the row's invoices.
SBC,81,NARRATIVE,Terminology,,,"- **Labor Margin** — Labor Invoiced minus the cost of that labor, in dollars."
SBC,82,NARRATIVE,Terminology,,,- **Parts Invoiced** — The parts dollars billed across the row's invoices.
SBC,83,NARRATIVE,Terminology,,,"- **Parts Margin** — Parts Invoiced minus the cost of those parts, in dollars."
SBC,84,NARRATIVE,Terminology,,,- **Margin** — The row's total profit in dollars. It is Labor Margin plus Parts Margin. It does not include any Shop Supplies amount. It is the numerator of Margin %.
SBC,85,NARRATIVE,Terminology,,,"- **Margin %** — Margin divided by the row's Subtotal, times 100. Because Subtotal includes Shop Supplies but Margin does not, Margin % is profit measured against total sales."
SBC,86,NARRATIVE,Terminology,,,"- **Labor Delta** — Hours invoiced minus hours worked for a row. A positive value means the shop billed more time than it spent; a negative value means it spent more than it billed. It is shown under the heading ""Inv. Hrs."""
SBC,87,NARRATIVE,Terminology,,,- **Asset** — A vehicle the customer's work was done on. Invoices are grouped by asset between the customer and invoice levels.
SBC,88,NARRATIVE,Terminology,,,"- **Parts Sales (bucket)** — The single per-customer asset row that collects that customer's work with no vehicle. It is labeled ""Parts Sales."""
SBC,89,NARRATIVE,Terminology,,,- **Service invoice** — An invoice whose number starts with S.
SBC,90,NARRATIVE,Terminology,,,- **Parts invoice** — An invoice whose number starts with P.
SBC,91,NARRATIVE,Terminology,,,- **Customer filter** — A multi-select toolbar filter that narrows the report to a chosen set of customers. It offers search-as-you-type over the customer names and defaults to all customers selected.
SBC,92,NARRATIVE,Terminology,,,"- **Summary export** — A CSV or PDF containing one row per customer (customer totals only), with no asset or invoice rows."
SBC,93,NARRATIVE,Terminology,,,- **Expanded export** — A CSV or PDF containing the full Customer → Asset → Invoice tree.
SBC,94,NARRATIVE,Terminology,,,"- **Location (column)** — A per-row column naming the location a row's data belongs to. It is shown only when more than one location is in scope and hidden when a single location is in scope. A customer or asset row that aggregates invoices from more than one location shows ""Multiple""; an invoice row shows its exact location."
SBC,96,HEADING,Assumptions,,,## 5. Assumptions
SBC,98,NARRATIVE,Assumptions,,,"- Invoice numbers follow the ShopView numbering rules: a number starting with S is a service invoice, a number starting with P is a parts invoice. These are the only two prefixes in use."
SBC,99,NARRATIVE,Assumptions,,,- Every invoice has one customer and one location. An invoice missing either cannot be grouped.
SBC,101,HEADING,Requirements,,,## 6. Requirements
SBC,103,HEADING,Requirements,1,,### Story 1: Report access and navigation placement
SBC,105,STORY-INTRO,Requirements,1,,"Where the report lives in the Reports navigation, and who can open it."
SBC,107,LABEL,Requirements,1,,**Design:** See Story 20 **Jira:** TBD
SBC,109,LABEL,Requirements,1,,**Prerequisites:**
SBC,111,PREREQ,Requirements,1,,- User is signed in to ShopView.
SBC,112,PREREQ,Requirements,1,,- User has ordinary reports access.
SBC,114,LABEL,Requirements,1,,**Requirements:**
SBC,116,REQ-DEF,Requirements,1,S1-R1,"- **S1-R1:** ""Sales By Customer"" appears in the Reports left-side navigation."
SBC,117,REQ-DEF,Requirements,1,S1-R2,"- **S1-R2:** The report is gated by ordinary reports access, not by a report-specific permission. Any user with standard reports access can open it; there is no dedicated Sales By Customer View permission."
SBC,118,REQ-DEF,Requirements,1,S1-R3,"- **S1-R3:** The page title reads ""Sales By Customer."""
SBC,119,REQ-DEF,Requirements,1,S1-R4,"- **S1-R4:** The browser tab title reads ""Sales By Customer - Report | ShopView"" — the report name inside the application-standard tab-title template."
SBC,121,LABEL,Requirements,1,,**Negative cases:**
SBC,123,REQ-DEF,Requirements,1,S1-N1,- **S1-N1:** A user without reports access does not see the report in navigation and cannot open it by direct link.
SBC,125,HEADING,Requirements,2,,### Story 2: Filter by date range
SBC,127,STORY-INTRO,Requirements,2,,Set the time window the report covers.
SBC,129,LABEL,Requirements,2,,**Design:** See Story 20 **Jira:** TBD
SBC,131,LABEL,Requirements,2,,**Prerequisites:**
SBC,133,PREREQ,Requirements,2,,- User is on the Sales By Customer report.
SBC,135,LABEL,Requirements,2,,**Requirements:**
SBC,137,REQ-DEF,Requirements,2,S2-R1,- **S2-R1:** A date range picker is visible in the report toolbar.
SBC,138,REQ-DEF,Requirements,2,S2-R2,"- **S2-R2:** The picker offers eleven options, in this order: Today, Yesterday, This Week, Last Week, This Month, Last Month, This Year, Last Year, This Quarter, Last Quarter, Custom."
SBC,139,REQ-DEF,Requirements,2,S2-R3,- **S2-R3:** The Custom range is capped at a maximum span of 366 days from start date to end date — the same length as the largest preset (This Year / Last Year).
SBC,140,REQ-DEF,Requirements,2,S2-R4,"- **S2-R4:** When the user picks ""Custom,"" the report opens a date-picker dialog for a start and end date."
SBC,141,REQ-DEF,Requirements,2,S2-R5,"- **S2-R5:** The picker defaults to ""This Month"" when the report is opened with no saved date range and no date range in the page link."
SBC,142,REQ-DEF,Requirements,2,S2-R6,"- **S2-R6:** When the user changes the date range, the chosen value is written to the page link so the report can be shared or bookmarked at that range."
SBC,143,REQ-DEF,Requirements,2,S2-R7,- **S2-R7:** The chosen date range is reflected in the CSV and PDF exports.
SBC,144,REQ-DEF,Requirements,2,S2-R8,- **S2-R8:** Changing the date range is remembered between visits — see Story 6.
SBC,145,REQ-DEF,Requirements,2,S2-R9,"- **S2-R9:** When the report is opened with both a saved view and a date range in the page link, the saved view is applied and the link value is ignored."
SBC,147,CONTEXT-NOTE,Requirements,2,S2-R9,> *\* Context note: the remembered view (Story 6) was given priority over the link so a returning user always lands on their own last view. A shared link therefore restores the sender's range only for a recipient who has no saved range of their own for this report.*
SBC,149,LABEL,Requirements,2,,**Negative cases:**
SBC,151,REQ-DEF,Requirements,2,S2-N1,"- **S2-N1:** If the chosen date range contains no matching invoices, the table shows the empty-state message (see Story 17)."
SBC,152,REQ-DEF,Requirements,2,S2-N2,"- **S2-N2:** A Custom range wider than 366 days cannot be applied. If the user picks a start and end date more than 366 days apart, the report prevents the selection rather than loading the wider range."
SBC,154,HEADING,Requirements,3,,### Story 3: Filter by product type
SBC,156,STORY-INTRO,Requirements,3,,"Limit the report to service invoices, parts invoices, or both."
SBC,158,LABEL,Requirements,3,,**Design:** See Story 20 **Jira:** TBD
SBC,160,LABEL,Requirements,3,,**Prerequisites:**
SBC,162,PREREQ,Requirements,3,,- User is on the Sales By Customer report.
SBC,164,LABEL,Requirements,3,,**Requirements:**
SBC,166,REQ-DEF,Requirements,3,S3-R1,"- **S3-R1:** A ""Product Type"" dropdown is visible in the report toolbar."
SBC,167,REQ-DEF,Requirements,3,S3-R2,"- **S3-R2:** The dropdown offers exactly three options, in this order: ""Parts & Service,"" ""Parts only,"" ""Service only."""
SBC,168,REQ-DEF,Requirements,3,S3-R3,"- **S3-R3:** ""Parts & Service"" is the default selection on first load."
SBC,169,REQ-DEF,Requirements,3,S3-R4,"- **S3-R4:** When ""Parts & Service"" is selected, no product-type filter is applied."
SBC,170,REQ-DEF,Requirements,3,S3-R5,"- **S3-R5:** When ""Service only"" is selected, the report includes only invoices whose number starts with S."
SBC,171,REQ-DEF,Requirements,3,S3-R6,"- **S3-R6:** When ""Parts only"" is selected, the report includes only invoices whose number starts with P."
SBC,172,REQ-DEF,Requirements,3,S3-R7,"- **S3-R7:** The chosen Product Type is reflected in the CSV export, the PDF export, and the PDF's filter summary line."
SBC,173,REQ-DEF,Requirements,3,S3-R8,- **S3-R8:** Changing the Product Type is remembered between visits — see Story 6.
SBC,175,LABEL,Requirements,3,,**Negative cases:**
SBC,177,REQ-DEF,Requirements,3,S3-N1,"- **S3-N1:** If the selection produces no matching invoices, the table shows the empty-state message (see Story 17)."
SBC,179,HEADING,Requirements,4,,### Story 4: Filter by location
SBC,181,STORY-INTRO,Requirements,4,,"Scope the report to one, several, or all of the locations the user has access to."
SBC,183,LABEL,Requirements,4,,**Design:** See Story 20 **Jira:** TBD
SBC,185,LABEL,Requirements,4,,**Prerequisites:**
SBC,187,PREREQ,Requirements,4,,- User is on the Sales By Customer report.
SBC,189,LABEL,Requirements,4,,**Requirements:**
SBC,191,REQ-DEF,Requirements,4,S4-R1,"- **S4-R1:** A location filter is visible in the report toolbar, as the rightmost filter."
SBC,192,REQ-DEF,Requirements,4,S4-R2,- **S4-R2:** The filter lists the locations the signed-in user has access to.
SBC,193,REQ-DEF,Requirements,4,S4-R3,"- **S4-R3:** The filter also offers an ""All locations"" option, pinned to the top, that selects or clears every listed location at once."
SBC,194,REQ-DEF,Requirements,4,S4-R4,"- **S4-R4:** On first load, the filter defaults to the location the user is currently working in (their active location) — a single location."
SBC,195,REQ-DEF,Requirements,4,S4-R5,"- **S4-R5:** When the user selects one or more locations, the report includes only data from those locations."
SBC,196,REQ-DEF,Requirements,4,S4-R6,"- **S4-R6:** When the user selects ""All locations,"" the report includes data from every location the user has access to."
SBC,197,REQ-DEF,Requirements,4,S4-R7,- **S4-R7:** An administrator has access to every location in the organization.
SBC,198,REQ-DEF,Requirements,4,S4-R8,- **S4-R8:** A non-administrator has access to the locations assigned to them.
SBC,199,REQ-DEF,Requirements,4,S4-R9,"- **S4-R9:** The report never includes data from a location the user does not have access to, regardless of what is requested."
SBC,200,REQ-DEF,Requirements,4,S4-R10,- **S4-R10:** The chosen location selection is applied to the on-screen report and to the CSV and PDF exports.
SBC,201,REQ-DEF,Requirements,4,S4-R11,- **S4-R11:** Changing the location selection is remembered between visits — see Story 6.
SBC,202,REQ-DEF,Requirements,4,S4-R12,"- **S4-R12:** When more than one location is in scope, the report shows a per-row Location column; the column is hidden when a single location is in scope."
SBC,203,REQ-DEF,Requirements,4,S4-R12a,"- **S4-R12a:** In the Location column, a customer or asset row whose invoices are all at one location shows that location's name; a customer or asset row that aggregates invoices from more than one location shows ""Multiple""; an invoice detail row always shows its exact location."
SBC,204,REQ-DEF,Requirements,4,S4-R13,"- **S4-R13:** Every export — each CSV and each PDF, Summary and Expanded — includes a ""Locations:"" line naming the currently selected location or locations, or ""All locations"" when every location the user has access to is selected. When the Location column is shown on screen (more than one location in scope, S4-R12), every export also includes that Location column."
SBC,206,LABEL,Requirements,4,,**Negative cases:**
SBC,208,REQ-DEF,Requirements,4,S4-N1,"- **S4-N1:** If the user requests a location they do not have access to, that location is ignored; the report does not widen to the whole organization."
SBC,209,REQ-DEF,Requirements,4,S4-N2,"- **S4-N2:** If the selected locations contain no matching invoices, the table shows the empty-state message (see Story 17)."
SBC,211,HEADING,Requirements,5,,### Story 5: (removed — search consolidated into the Customer filter)
SBC,213,STORY-INTRO,Requirements,5,,"> *\* This report no longer uses the application's global search bar. Narrowing to a specific customer is done entirely with the multi-select Customer filter (Story 18), which offers search-as-you-type over customer names. The export-narrowing behavior that previously lived here (an export contains exactly the customers currently shown; an empty selection still downloads a headers-plus-zero-totals file) moved into Story 18 (S18-R7, S18-R10). The story number is retained as a placeholder so the later story numbers and every ""See Story 20"" design reference remain stable.*"
SBC,215,HEADING,Requirements,6,,### Story 6: Remember filters and view between visits
SBC,217,STORY-INTRO,Requirements,6,,"Restore the user's last filters, sort, and columns when they return to the report."
SBC,219,LABEL,Requirements,6,,**Design:** See Story 20 **Jira:** TBD
SBC,221,LABEL,Requirements,6,,**Prerequisites:**
SBC,223,PREREQ,Requirements,6,,- User is on the Sales By Customer report.
SBC,225,LABEL,Requirements,6,,**Requirements:**
SBC,227,REQ-DEF,Requirements,6,S6-R1,- **S6-R1:** The report saves the user's view to the browser so it can be restored on the next visit.
SBC,228,REQ-DEF,Requirements,6,S6-R2,"- **S6-R2:** The saved view includes: the date range, the Product Type, the location selection, the Customer filter selection, the sort column and direction, and the visible columns."
SBC,229,REQ-DEF,Requirements,6,S6-R3,"- **S6-R3:** The saved view does not include the Customer filter's type-ahead search text, expansion state, or scroll position."
SBC,231,CONTEXT-NOTE,Requirements,6,S6-R3,"> *\* Context note: the Customer filter's search text is a transient way to find a name in the dropdown, not a saved setting — only the resulting customer selection is saved (S18-R8); expansion is treated as fresh each visit so a returning user is not faced with rows expanded against data they have not looked at yet.*"
SBC,232,REQ-DEF,Requirements,6,S6-R4,"- **S6-R4:** On load, the report shows the restored view immediately — the default view is never shown first and then replaced."
SBC,233,REQ-DEF,Requirements,6,S6-R5,"- **S6-R5:** On restore, any saved value that is no longer valid is discarded, and that setting uses its default instead."
SBC,234,REQ-DEF,Requirements,6,S6-R6,"- **S6-R6:** A saved value is treated as no longer valid when it is an unknown date range, a location the user no longer has access to, a sort column that no longer exists, or a column set that does not match the current columns."
SBC,235,REQ-DEF,Requirements,6,S6-R7,- **S6-R7:** The saved view is specific to this report and does not affect any other report.
SBC,237,LABEL,Requirements,6,,**Negative cases:**
SBC,239,REQ-DEF,Requirements,6,S6-N1,"- **S6-N1:** If no saved view exists (first visit, or cleared browser storage), every setting uses the default defined in its own story: date range (S2-R5), Product Type (S3-R3), location (S4-R4), the Customer filter (S18-R4 — all customers selected), sort (S10-R4), and visible columns (S13-R7)."
SBC,241,HEADING,Requirements,7,,### Story 7: View customer summary rows
SBC,243,STORY-INTRO,Requirements,7,,Show one row per customer that rolls up their revenue.
SBC,245,LABEL,Requirements,7,,**Design:** See Story 20 **Jira:** TBD
SBC,247,LABEL,Requirements,7,,**Prerequisites:**
SBC,249,PREREQ,Requirements,7,,- User is on the Sales By Customer report with at least one customer in the set of customers.
SBC,251,LABEL,Requirements,7,,**Requirements:**
SBC,253,REQ-DEF,Requirements,7,S7-R1,- **S7-R1:** Each customer occupies one summary row at the top level of the table.
SBC,254,REQ-DEF,Requirements,7,S7-R2,- **S7-R2:** The customer's name is shown at the start of the row.
SBC,255,REQ-DEF,Requirements,7,S7-R3,"- **S7-R3:** The number of invoices contributing to that customer's totals in the current view is shown in parentheses immediately after the name — for example, Acme Corp (5)."
SBC,256,REQ-DEF,Requirements,7,S7-R4,"- **S7-R4:** That invoice count is rendered in the color #616161 at font-weight 600, the same font size as the name."
SBC,257,REQ-DEF,Requirements,7,S7-R5,"- **S7-R5:** The count reflects the active date range, Product Type, and location; it is not a lifetime count."
SBC,258,REQ-DEF,Requirements,7,S7-R6,"- **S7-R6:** The summary row totals the customer's matching invoices for each financial column: Inv. Hrs, Labor Invoiced, Labor Margin, Parts Invoiced, Parts Margin, Shop Supplies, Margin, Margin %, and Subtotal."
SBC,259,REQ-DEF,Requirements,7,S7-R7,"- **S7-R7:** A reversed or voided invoice is excluded from every row, count, and total, regardless of the Product Type filter."
SBC,260,REQ-DEF,Requirements,7,S7-R8,- **S7-R8:** The Date cell on the summary row is blank.
SBC,261,REQ-DEF,Requirements,7,S7-R9,"- **S7-R9:** Every cell on a customer summary row uses font-weight 600, except the Subtotal cell."
SBC,262,REQ-DEF,Requirements,7,S7-R10,- **S7-R10:** The Subtotal cell on a customer summary row uses font-weight 700.
SBC,263,REQ-DEF,Requirements,7,S7-R11,"- **S7-R11 (Margin %):** The Margin % column shows the row's Margin divided by its Subtotal, times 100, to one decimal with a percent sign — for example, 64.7%."
SBC,264,REQ-DEF,Requirements,7,S7-R12,"- **S7-R12:** When the row's Subtotal is zero or below, the Margin % cell shows an em dash."
SBC,265,REQ-DEF,Requirements,7,S7-R13,- **S7-R13:** Margin % is monochrome — it has no green or red coloring.
SBC,266,REQ-DEF,Requirements,7,S7-R14,"- **S7-R14:** The Margin % calculation and format (S7-R11, S7-R12) apply the same way to customer rows, asset rows, and invoice rows."
SBC,267,REQ-DEF,Requirements,7,S7-R15,"- **S7-R15:** Every row type — customer, asset, invoice, totals — renders the same columns in the same left-to-right order."
SBC,268,REQ-DEF,Requirements,7,S7-R16,"- **S7-R16:** A cell with no value for its row (for example, the Date cell on a customer or asset row) is left blank and keeps its column position; no value moves into another column."
SBC,270,LABEL,Requirements,7,,**Negative cases:**
SBC,272,REQ-DEF,Requirements,7,S7-N1,- **S7-N1:** A customer with no matching invoices in the current view is not shown.
SBC,273,REQ-DEF,Requirements,7,S7-N2,"- **S7-N2:** A reversed or voided invoice never appears as an invoice row and never adds to any count or total, even under ""Parts & Service."""
SBC,275,HEADING,Requirements,8,,"### Story 8: Expand a customer to its assets, and an asset to its invoices"
SBC,277,STORY-INTRO,Requirements,8,,"Drill from a customer down to the vehicles the work was done on, then to the individual invoices."
SBC,279,LABEL,Requirements,8,,**Design:** See Story 20 **Jira:** TBD
SBC,281,LABEL,Requirements,8,,**Prerequisites:**
SBC,283,PREREQ,Requirements,8,,- User is on the Sales By Customer report.
SBC,285,LABEL,Requirements,8,,**Requirements:**
SBC,287,REQ-DEF,Requirements,8,S8-R1,- **S8-R1:** Each customer summary row has a chevron control that toggles its asset rows.
SBC,288,REQ-DEF,Requirements,8,S8-R2,"- **S8-R2:** Activating a customer's chevron reveals that customer's asset rows beneath the summary row — one row per vehicle the customer's invoices were done on, plus the ""Parts Sales"" bucket (S8-R6) when there is no-vehicle work."
SBC,289,REQ-DEF,Requirements,8,S8-R3,"- **S8-R3:** Invoices are grouped into one asset row when they reference the same vehicle record (the same vehicle id). For an older invoice that has no vehicle id on file, the invoice's own stored vehicle snapshot is used as the grouping key instead of a vehicle id."
SBC,290,REQ-DEF,Requirements,8,S8-R4,- **S8-R4:** Each asset row has its own chevron; activating it reveals the invoice detail rows for that asset.
SBC,291,REQ-DEF,Requirements,8,S8-R5,"- **S8-R5:** An asset row shows a vehicle icon, the asset label (S8-R7), and the asset's invoice count in parentheses."
SBC,292,REQ-DEF,Requirements,8,S8-R5a,"- **S8-R5a:** An asset row shows the same financial columns as the customer row, rolled up for that asset."
SBC,293,REQ-DEF,Requirements,8,S8-R5b,- **S8-R5b:** The Date cell is blank on asset rows.
SBC,294,REQ-DEF,Requirements,8,S8-R5c,- **S8-R5c:** Asset rows are indented one level under the customer.
SBC,295,REQ-DEF,Requirements,8,S8-R6,"- **S8-R6:** A customer's work with no vehicle collects under a single row labeled ""Parts Sales,"" always sorted last among that customer's assets."
SBC,297,CONTEXT-NOTE,Requirements,8,S8-R6,"> *\* Context note: a service work order always has a vehicle, so no-vehicle work is treated as a parts sale.*"
SBC,298,REQ-DEF,Requirements,8,S8-R6a,"- **S8-R6a:** A customer's real asset rows are ordered A→Z by their label, case-insensitive; the ""Parts Sales"" bucket is always last, whatever the active column sort."
SBC,299,REQ-DEF,Requirements,8,S8-R7,- **S8-R7 (asset label — primary):** The asset label is the vehicle's VIN.
SBC,300,REQ-DEF,Requirements,8,S8-R8,"- **S8-R8 (asset label — first fallback):** When the vehicle has no VIN, the label is the vehicle's Unit number."
SBC,301,REQ-DEF,Requirements,8,S8-R9,"- **S8-R9 (asset label — second fallback):** When the vehicle has no VIN and no Unit number, the label is the vehicle's plate."
SBC,302,REQ-DEF,Requirements,8,S8-R10,"- **S8-R10 (asset label — nothing on file):** When the vehicle has no VIN, Unit number, or plate, the label reads ""Unknown Asset."""
SBC,303,REQ-DEF,Requirements,8,S8-R11,"- **S8-R11 (asset label — duplicates):** When two of a customer's assets still produce the same label, a suffix "" (#1),"" "" (#2),"" and so on is added, numbered in a fixed, repeatable order so the same vehicle always keeps the same number across reloads."
SBC,304,REQ-DEF,Requirements,8,S8-R12,"- **S8-R12:** Each invoice detail row shows the invoice number (as a link, see Story 9), the invoice date, and the per-invoice Inv. Hrs, Labor Invoiced, Labor Margin, Parts Invoiced, Parts Margin, Shop Supplies, Margin, Margin %, and Subtotal."
SBC,305,REQ-DEF,Requirements,8,S8-R12a,"- **S8-R12a:** The invoice date on screen shows in the format ""Mon DD YYYY"" — for example, May 14 2026."
SBC,306,REQ-DEF,Requirements,8,S8-R13,"- **S8-R13:** An asset's invoice subtotals sum exactly to that asset's row total, and a customer's asset subtotals sum exactly to the customer's row total."
SBC,307,REQ-DEF,Requirements,8,S8-R14,- **S8-R14 (lazy drill-down):** A customer's asset and invoice rows are fetched from the server the first time that customer is expanded; they are not preloaded with the customer summary rows. Expanding a customer that has not been expanded in the current view triggers that fetch.
SBC,308,REQ-DEF,Requirements,8,S8-R15,"- **S8-R15:** Each chevron toggles back to collapsed on a second activation, and each customer's and each asset's expansion state is independent."
SBC,309,REQ-DEF,Requirements,8,S8-R16,"- **S8-R16:** A header-row chevron expands every customer on the current page in one action, and collapses them all when activated again. Because each customer's asset and invoice rows are fetched lazily on expand (S8-R14), expanding all triggers at most one drill-down fetch per not-yet-expanded customer on the current page — a bounded number of fetches never exceeding the page size; it does not fetch customers beyond the current page or the whole result set."
SBC,310,REQ-DEF,Requirements,8,S8-R17,"- **S8-R17:** The header-row chevron shows the ""expand"" icon when at least one visible customer is collapsed, and the ""collapse"" icon when all visible customers are expanded."
SBC,311,REQ-DEF,Requirements,8,S8-R18,"- **S8-R18:** Hovering the header-row chevron shows an ""Expand all"" or ""Collapse all"" tooltip that matches its current action."
SBC,312,REQ-DEF,Requirements,8,S8-R19,- **S8-R19:** The header-row chevron acts on the currently visible customers only.
SBC,313,REQ-DEF,Requirements,8,S8-R20,"- **S8-R20:** Any change that re-fetches customer rows from the server — the date range, Product Type, location, the Customer filter, or the sort — collapses all expanded rows."
SBC,314,REQ-DEF,Requirements,8,S8-R21,"- **S8-R21:** Typing in the Customer filter's type-ahead — which only narrows the filter's own dropdown list, not the table — does not collapse expanded rows."
SBC,315,REQ-DEF,Requirements,8,S8-R22,- **S8-R22:** Reloading the browser clears all expansion state.
SBC,317,LABEL,Requirements,8,,**Negative cases:**
SBC,319,REQ-DEF,Requirements,8,S8-N1,- **S8-N1:** The header-row chevron is hidden when the table has no visible rows.
SBC,321,LABEL,Requirements,8,,**Edge cases:**
SBC,323,REQ-DEF,Requirements,8,S8-E1,- **S8-E1:** An asset with a single invoice can still be expanded; one invoice detail row is shown.
SBC,324,REQ-DEF,Requirements,8,S8-E2,"- **S8-E2:** A customer with only no-vehicle work shows a single ""Parts Sales"" row and no vehicle rows."
SBC,325,REQ-DEF,Requirements,8,S8-E3,"- **S8-E3:** No-vehicle work collects under ""Parts Sales"" based on the absence of a vehicle, not on the invoice-number prefix; a service (S) invoice with no vehicle therefore also appears in that customer's ""Parts Sales"" row."
SBC,327,HEADING,Requirements,9,,### Story 9: Open an invoice
SBC,329,STORY-INTRO,Requirements,9,,Click into an invoice from the report without losing filters or expansion.
SBC,331,LABEL,Requirements,9,,**Design:** See Story 20 **Jira:** TBD
SBC,333,LABEL,Requirements,9,,**Prerequisites:**
SBC,335,PREREQ,Requirements,9,,- User has expanded an asset and is viewing invoice detail rows.
SBC,337,LABEL,Requirements,9,,**Requirements:**
SBC,339,REQ-DEF,Requirements,9,S9-R1,- **S9-R1:** Each invoice number on a detail row is a clickable link.
SBC,340,REQ-DEF,Requirements,9,S9-R2,- **S9-R2:** Activating the link opens the invoice in the same browser tab.
SBC,341,REQ-DEF,Requirements,9,S9-R2a,- **S9-R2a:** A service invoice opens the associated work order's Finance tab.
SBC,342,REQ-DEF,Requirements,9,S9-R2b,- **S9-R2b:** A parts invoice opens the associated part sale's Part Requests tab.
SBC,343,REQ-DEF,Requirements,9,S9-R3,"- **S9-R3:** Before navigating, the active date range and Product Type are written to the page link so the report can be restored."
SBC,344,REQ-DEF,Requirements,9,S9-R4,"- **S9-R4:** Pressing the browser back button returns to the report with its filters, sort, and columns restored; expanded rows are shown collapsed again (expansion is not restored)."
SBC,345,REQ-DEF,Requirements,9,S9-R5,"- **S9-R5:** The customer name on each summary row is plain text, not a link."
SBC,346,REQ-DEF,Requirements,9,S9-R6,"- **S9-R6:** The invoice number link is shown in the application's primary color at rest, on hover, and after it has been clicked."
SBC,347,REQ-DEF,Requirements,9,S9-R7,"- **S9-R7:** The invoice number link has no underline at rest, on hover, or after it has been clicked."
SBC,348,REQ-DEF,Requirements,9,S9-R8,- **S9-R8:** The invoice number link never recolors to the browser's visited-link color.
SBC,350,LABEL,Requirements,9,,**Negative cases:**
SBC,352,REQ-DEF,Requirements,9,S9-N1,"- **S9-N1:** If the underlying invoice has been deleted or reversed after the report loaded, the destination page shows the application's standard ""not found"" state; the user can press back to return to the report."
SBC,353,REQ-DEF,Requirements,9,S9-N2,"- **S9-N2:** If the user lacks permission to open the destination invoice, the destination page shows the application's standard access-denied state; the user can press back to return to the report."
SBC,355,HEADING,Requirements,10,,### Story 10: Sort the report
SBC,357,STORY-INTRO,Requirements,10,,Rank customers by any meaningful column.
SBC,359,LABEL,Requirements,10,,**Design:** See Story 20 **Jira:** TBD
SBC,361,LABEL,Requirements,10,,**Prerequisites:**
SBC,363,PREREQ,Requirements,10,,- User is on the Sales By Customer report with at least one customer in the set of customers.
SBC,365,LABEL,Requirements,10,,**Requirements:**
SBC,367,REQ-DEF,Requirements,10,S10-R1,- **S10-R1:** Every column is sortable except the chevron column.
SBC,368,REQ-DEF,Requirements,10,S10-R2,- **S10-R2:** Text columns sort alphabetically; numeric columns sort by value.
SBC,369,REQ-DEF,Requirements,10,S10-R3,- **S10-R3:** A missing value sorts to the bottom in ascending order and to the top in descending order; a Margin % em-dash cell (S7-R12) counts as a missing value.
SBC,370,REQ-DEF,Requirements,10,S10-R4,"- **S10-R4:** The default sort on first load is Customer name, ascending, case-insensitive."
SBC,371,REQ-DEF,Requirements,10,S10-R5,"- **S10-R5:** Sorting by the Date column orders customer rows by each customer's most recent invoice date, even though the Date cell is blank on customer rows."
SBC,372,REQ-DEF,Requirements,10,S10-R6,- **S10-R6:** Sorting reorders only the customer summary rows; asset rows keep their own order (per S8-R6a) and invoice rows keep their order under their asset.
SBC,373,REQ-DEF,Requirements,10,S10-R7,- **S10-R7:** Clicking a column header replaces the default with that column's sort.
SBC,374,REQ-DEF,Requirements,10,S10-R8,- **S10-R8:** Sorting is applied on the server. Clicking a column header re-fetches the customer rows ordered by that column and returns the first page of results in the new order.
SBC,375,REQ-DEF,Requirements,10,S10-R8a,"- **S10-R8a:** Because sorting re-fetches from the server, changing the sort collapses any expanded customer rows; a customer's assets and invoices are re-fetched lazily on the next expand (Story 8)."
SBC,376,REQ-DEF,Requirements,10,S10-R8b,"- **S10-R8b:** The full filtered set of customers is re-ordered on the server and re-paginated, so changing the sort can change which customers appear on the current page."
SBC,377,REQ-DEF,Requirements,10,S10-R8c,"- **S10-R8c:** While the re-fetch is in flight, the table shows the standard loading state; it clears when the re-ordered page arrives."
SBC,378,REQ-DEF,Requirements,10,S10-R9,- **S10-R9:** The sort column and direction are remembered between visits — see Story 6.
SBC,380,LABEL,Requirements,10,,**Negative cases:**
SBC,382,REQ-DEF,Requirements,10,S10-N1,"- **S10-N1:** When the table has no customer rows, the sort controls on the headers are still present but produce no visible change."
SBC,384,HEADING,Requirements,11,,### Story 11: Subtotal column behavior
SBC,386,STORY-INTRO,Requirements,11,,Keep the headline number unmistakable and always on screen.
SBC,388,LABEL,Requirements,11,,**Design:** See Story 20 **Jira:** TBD
SBC,390,LABEL,Requirements,11,,**Prerequisites:**
SBC,392,PREREQ,Requirements,11,,- User is on the Sales By Customer report with at least one customer in the set of customers.
SBC,394,LABEL,Requirements,11,,**Requirements:**
SBC,396,REQ-DEF,Requirements,11,S11-R1,- **S11-R1:** The Subtotal column is the rightmost column in the table.
SBC,397,REQ-DEF,Requirements,11,S11-R2,- **S11-R2:** The Subtotal column is pinned — it stays visible at the right edge while the user scrolls horizontally.
SBC,398,REQ-DEF,Requirements,11,S11-R3,"- **S11-R3:** Subtotal values are rendered at font-weight 700 on the column header, every customer row, every asset row, every invoice row, and the totals row."
SBC,400,LABEL,Requirements,11,,**Negative cases:**
SBC,402,REQ-DEF,Requirements,11,S11-N1,"- **S11-N1:** No applicable user-visible negative cases. The Subtotal column is always present, always pinned, and always bold, regardless of permission, data, filters, or sort."
SBC,404,HEADING,Requirements,12,,### Story 12: Inv. Hrs (Labor Delta) display
SBC,406,STORY-INTRO,Requirements,12,,Show whether a customer or invoice was billed for more time than was worked.
SBC,408,LABEL,Requirements,12,,**Design:** See Story 20 **Jira:** TBD
SBC,410,LABEL,Requirements,12,,**Prerequisites:**
SBC,412,PREREQ,Requirements,12,,- User is on the Sales By Customer report with at least one customer in the set of customers.
SBC,414,LABEL,Requirements,12,,**Requirements:**
SBC,416,REQ-DEF,Requirements,12,S12-R1,"- **S12-R1:** The column heading reads ""Inv. Hrs"" (including the period after ""Inv"")."
SBC,417,REQ-DEF,Requirements,12,S12-R2,"- **S12-R2:** The value on each row is hours invoiced minus hours worked, rounded to one decimal."
SBC,418,REQ-DEF,Requirements,12,S12-R3,"- **S12-R3:** A positive value is shown with a leading + sign, in the application's standard positive (green) color — for example, +1.5."
SBC,419,REQ-DEF,Requirements,12,S12-R4,"- **S12-R4:** A negative value is shown with a leading - sign, in the application's standard negative (red) color — for example, -1.5."
SBC,420,REQ-DEF,Requirements,12,S12-R5,- **S12-R5:** A zero or break-even value is shown as 0.0 in the default text color.
SBC,421,REQ-DEF,Requirements,12,S12-R6,"- **S12-R6:** The same calculation, label, format, and coloring apply to customer, asset, and invoice rows."
SBC,423,LABEL,Requirements,12,,**Negative cases:**
SBC,425,REQ-DEF,Requirements,12,S12-N1,"- **S12-N1:** A customer, asset, or invoice with no labor (for example, a parts-only invoice) shows 0.0 in the default color. It is never blank, ""N/A,"" an em dash, or omitted."
SBC,427,LABEL,Requirements,12,,**Edge cases:**
SBC,429,REQ-DEF,Requirements,12,S12-E1,"- **S12-E1:** A value that rounds to 0.0 (for example, +0.04) is shown as 0.0 in the default text color."
SBC,430,REQ-DEF,Requirements,12,S12-E2,"- **S12-E2:** A negative value is shown with a minus sign and one decimal — for example, -0.5."
SBC,432,HEADING,Requirements,13,,### Story 13: Show or hide columns
SBC,434,STORY-INTRO,Requirements,13,,Hide columns the user does not need.
SBC,436,LABEL,Requirements,13,,**Design:** See Story 20 **Jira:** TBD
SBC,438,LABEL,Requirements,13,,**Prerequisites:**
SBC,440,PREREQ,Requirements,13,,- User is on the Sales By Customer report.
SBC,442,LABEL,Requirements,13,,**Requirements:**
SBC,444,REQ-DEF,Requirements,13,S13-R1,"- **S13-R1:** A column selector button is in the toolbar's action area, next to the overflow menu. It is a separate control, not an item inside the overflow menu."
SBC,445,REQ-DEF,Requirements,13,S13-R2,"- **S13-R2:** Hovering the column selector shows the tooltip ""Column Selection."""
SBC,446,REQ-DEF,Requirements,13,S13-R3,- **S13-R3:** Activating it opens a panel with one toggle per toggleable column.
SBC,447,REQ-DEF,Requirements,13,S13-R4,"- **S13-R4:** The nine toggleable columns are, in order: Date, Inv. Hrs, Labor Invoiced, Labor Margin, Parts Invoiced, Parts Margin, Shop Supplies, Margin, Margin %."
SBC,448,REQ-DEF,Requirements,13,S13-R5,- **S13-R5:** Each toggle hides or shows that column's header and body cells together.
SBC,449,REQ-DEF,Requirements,13,S13-R6,"- **S13-R6:** The Customer and Subtotal columns, and the chevron control column, are always present and do not appear in the toggle list."
SBC,450,REQ-DEF,Requirements,13,S13-R7,"- **S13-R7:** When no saved selection exists, all nine toggleable columns default to visible."
SBC,451,REQ-DEF,Requirements,13,S13-R8,- **S13-R8:** The user's column selection is remembered between visits — see Story 6.
SBC,453,LABEL,Requirements,13,,**Negative cases:**
SBC,455,REQ-DEF,Requirements,13,S13-N1,"- **S13-N1:** Hiding all nine toggleable columns is allowed. The table still renders the Customer and Subtotal columns, and the totals row still shows its Subtotal."
SBC,457,HEADING,Requirements,14,,### Story 14: Download as CSV (Summary and Expanded)
SBC,459,STORY-INTRO,Requirements,14,,"Download the report as a CSV file, in a Summary version or an Expanded version."
SBC,461,LABEL,Requirements,14,,**Design:** See Story 20 **Jira:** TBD
SBC,463,LABEL,Requirements,14,,**Prerequisites:**
SBC,465,PREREQ,Requirements,14,,- User is on the Sales By Customer report.
SBC,467,LABEL,Requirements,14,,**Requirements:**
SBC,469,REQ-DEF,Requirements,14,S14-R1,"- **S14-R1:** CSV downloads are started from two items in the toolbar's overflow menu — ""Download Summary (CSV)"" and ""Download Expanded View (CSV)."" There are no separate always-visible export buttons."
SBC,470,REQ-DEF,Requirements,14,S14-R2,"- **S14-R2:** The two menu items read exactly ""Download Summary (CSV)"" and ""Download Expanded View (CSV)."""
SBC,471,REQ-DEF,Requirements,14,S14-R3,"- **S14-R3:** Both CSVs are generated on the server from the active date range, Product Type, location, Customer filter (Story 18), and sort, and contain the customers matching those filters (S18-R7)."
SBC,472,REQ-DEF,Requirements,14,S14-R4,"- **S14-R4 (Summary contents):** The Summary CSV has one row per customer and no asset or invoice rows. Its columns, in this exact order, are: Customer, Inv. Hrs, Labor Invoiced, Labor Margin, Parts Invoiced, Parts Margin, Shop Supplies, Margin, Margin %, Subtotal."
SBC,473,REQ-DEF,Requirements,14,S14-R5,"- **S14-R5 (Expanded contents):** The Expanded CSV contains the full Customer → Asset → Invoice tree. Its columns, in this exact order, are: Customer, Asset, Invoice #, Date, Inv. Hrs, Labor Invoiced, Labor Margin, Parts Invoiced, Parts Margin, Shop Supplies, Margin, Margin %, Subtotal."
SBC,474,REQ-DEF,Requirements,14,S14-R6,"- **S14-R6 (Expanded row shape):** In the Expanded CSV, a customer row fills the Customer cell and leaves Asset, Invoice #, and Date blank; an asset row leaves Customer blank, fills Asset, and leaves Invoice # and Date blank; an invoice row leaves Customer and Asset blank and fills Invoice # and Date."
SBC,475,REQ-DEF,Requirements,14,S14-R7,"- **S14-R7:** The ""Parts Sales"" bucket (S8-R6) appears as an asset row named ""Parts Sales"" in the Expanded CSV."
SBC,476,REQ-DEF,Requirements,14,S14-R8,"- **S14-R8:** Customer names in either CSV are plain — the ""(N)"" invoice count is not included."
SBC,477,REQ-DEF,Requirements,14,S14-R9,"- **S14-R9:** The Margin % cell is a plain number to one decimal with no percent sign (for example, 64.7); it is empty when the row's Subtotal is zero or below."
SBC,478,REQ-DEF,Requirements,14,S14-R10,"- **S14-R10:** Dates export as mm-dd-yyyy — for example, 05-14-2026 — matching the ShopView-wide CSV date format."
SBC,479,REQ-DEF,Requirements,14,S14-R11,- **S14-R11:** Currency values export as plain numbers with no dollar sign and no thousands separators.
SBC,480,REQ-DEF,Requirements,14,S14-R12,- **S14-R12:** Neither CSV has color. The signed Inv. Hrs value still conveys direction.
SBC,481,REQ-DEF,Requirements,14,S14-R13,"- **S14-R13:** Each CSV includes a ""Locations:"" line naming the location or locations the report is scoped to, or ""All locations"" when every location the user has access to is selected (S4-R13)."
SBC,482,REQ-DEF,Requirements,14,S14-R14,"- **S14-R14:** The files are named for the report, the version, and the active date range: the Summary CSV is sales-by-customer-summary-{range}.csv and the Expanded CSV is sales-by-customer-expanded-{range}.csv. {range} uses this map from range label: Today → today; Yesterday → yesterday; This Week → this\_week; Last Week → last\_week; This Month → this\_month; Last Month → last\_month; This Year → this\_year; Last Year → last\_year; This Quarter → this\_quarter; Last Quarter → last\_quarter; Custom → custom."
SBC,484,CONTEXT-NOTE,Requirements,14,S14-R14,"> *\* Context note: for the Custom range the literal word ""custom"" is used; the actual start and end dates are not put in the filename.*"
SBC,485,REQ-DEF,Requirements,14,S14-R15,- **S14-R15:** Each downloaded file is plain comma-separated text with a .csv extension and opens as rows and columns in a spreadsheet; it is not an .xlsx workbook and not a JSON file.
SBC,486,REQ-DEF,Requirements,14,S14-R16,"- **S14-R16:** Each CSV is capped at 10,000 data rows — for the Summary CSV the customer rows; for the Expanded CSV the customer, asset, and invoice rows combined — not counting the header row or the totals row, counted on the server against the active date range, Product Type, location, Customer filter, and sort. When the result would exceed the cap, the server does not generate the file, no download starts, and the user is shown an error toast: ""This export is too large to generate. Narrow the date range or filters, then try again."""
SBC,488,CONTEXT-NOTE,Requirements,14,S14-R16,"> *\* Context note: the cap is a guardrail against runaway exports; it is enforced server-side against the same filters and sort that produce the on-screen report, so the count the cap checks is the count the file would contain.*"
SBC,490,LABEL,Requirements,14,,**Negative cases:**
SBC,492,REQ-DEF,Requirements,14,S14-N1,"- **S14-N1:** If a CSV download fails, the user is shown an error toast: ""CSV export failed."""
SBC,494,LABEL,Requirements,14,,**Edge cases:**
SBC,496,REQ-DEF,Requirements,14,S14-E1,"- **S14-E1:** While a CSV download is in progress, that menu item shows a loading state and is non-interactive."
SBC,498,HEADING,Requirements,15,,### Story 15: Download as PDF (Summary and Expanded)
SBC,500,STORY-INTRO,Requirements,15,,"Download a printable copy of the report, in a Summary version or an Expanded version."
SBC,502,LABEL,Requirements,15,,**Design:** See Story 20 **Jira:** TBD
SBC,504,LABEL,Requirements,15,,**Prerequisites:**
SBC,506,PREREQ,Requirements,15,,- User is on the Sales By Customer report.
SBC,508,LABEL,Requirements,15,,**Requirements:**
SBC,510,REQ-DEF,Requirements,15,S15-R1,"- **S15-R1:** PDF downloads are started from two items in the toolbar's overflow menu — ""Download Summary (PDF)"" and ""Download Expanded View (PDF)."""
SBC,511,REQ-DEF,Requirements,15,S15-R2,"- **S15-R2:** The two menu items read exactly ""Download Summary (PDF)"" and ""Download Expanded View (PDF)."""
SBC,512,REQ-DEF,Requirements,15,S15-R3,"- **S15-R3:** Both PDFs are generated on the server from the active date range, Product Type, location, Customer filter (Story 18), and sort, and contain the customers matching those filters (S18-R7)."
SBC,513,REQ-DEF,Requirements,15,S15-R4,- **S15-R4 (Summary contents):** The Summary PDF body table has one row per customer and no asset or invoice rows.
SBC,514,REQ-DEF,Requirements,15,S15-R5,"- **S15-R5 (Expanded contents):** The Expanded PDF body contains the full Customer → Asset → Invoice tree, one block per customer."
SBC,515,REQ-DEF,Requirements,15,S15-R6,"- **S15-R6:** The files follow the same version-and-range naming as the CSV (S14-R14) with a .pdf extension — for example, sales-by-customer-summary-this\_month.pdf and sales-by-customer-expanded-this\_month.pdf."
SBC,516,REQ-DEF,Requirements,15,S15-R7,"- **S15-R7:** The PDF is A4 landscape with 25px margins on all sides, using the application's standard font."
SBC,517,REQ-DEF,Requirements,15,S15-R8,"- **S15-R8:** The footer has a centered ""Software Powered by ShopView"" label and a right-aligned page number, ""Page X of Y."""
SBC,518,REQ-DEF,Requirements,15,S15-R9,- **S15-R9:** The PDF header is two columns: a text block on the left (70% width) and the organization logo on the right (30% width).
SBC,519,REQ-DEF,Requirements,15,S15-R10,"- **S15-R10:** The header text block shows, in order: the report title ""Sales By Customer Report""; the organization name; the date range; the filter summary line ""Product Type: {value}"" where value is ""Parts & Service,"" ""Parts only,"" or ""Service only""; and the location line ""Locations: {value}"" (S15-R14)."
SBC,520,REQ-DEF,Requirements,15,S15-R11,"- **S15-R11:** The header date range shows the start and end dates in the format ""Mon D, YYYY,"" joined by an em dash — for example, ""May 1, 2026 — May 31, 2026."""
SBC,522,CONTEXT-NOTE,Requirements,15,S15-R11,"> *\* Context note: the header range uses this comma form on purpose; the body Date cells use ""Mon DD YYYY"" (S15-R20). The header-versus-cell difference is intentional.*"
SBC,523,REQ-DEF,Requirements,15,S15-R12,"- **S15-R12:** Every date range is bounded, so the PDF header date range always shows a start and end date (per S15-R11); there is no unbounded-range wording."
SBC,524,REQ-DEF,Requirements,15,S15-R13,"- **S15-R13:** The header title reads ""Sales By Customer Report"" for both versions; the version (Summary or Expanded) is conveyed by the file name (S15-R6) and the body contents (S15-R4, S15-R5), not by a change to the title."
SBC,525,REQ-DEF,Requirements,15,S15-R14,"- **S15-R14:** The header shows a ""Locations:"" line naming the location or locations the report is scoped to, or ""All locations"" when every location the user has access to is selected (S4-R13). The names shown match the Location filter's current selection."
SBC,527,CONTEXT-NOTE,Requirements,15,S15-R14,> *\* Context note: this reverses the earlier rule that hid the location from the PDF header; the export must now carry its own location context so a printed copy is not ambiguous about which location's data it shows.*
SBC,528,REQ-DEF,Requirements,15,S15-R15,"- **S15-R15:** The organization logo is embedded in the PDF, not loaded from a network address, so it renders offline."
SBC,529,REQ-DEF,Requirements,15,S15-R16,"- **S15-R16:** The logo scales to fit its area without distortion, pinned to the top-right."
SBC,530,REQ-DEF,Requirements,15,S15-R17,- **S15-R17:** The logo is chosen in this order: (1) the organization's uploaded logo; (2) the bundled ShopView logo when none is uploaded; (3) no logo.
SBC,531,REQ-DEF,Requirements,15,S15-R18,"- **S15-R18:** When no logo is available, the logo column is not rendered and the text column fills the full width."
SBC,532,REQ-DEF,Requirements,15,S15-R19,"- **S15-R19:** The Summary PDF body table has the Summary columns and order (S14-R4); the Expanded PDF body has the Expanded columns and order (S14-R5), with the asset layer shown. Column labels match the CSV."
SBC,533,REQ-DEF,Requirements,15,S15-R20,"- **S15-R20:** Dates in the PDF body show in the format ""Mon DD YYYY"" — for example, ""May 14 2026."""
SBC,534,REQ-DEF,Requirements,15,S15-R21,"- **S15-R21:** The Date cell is blank on customer and asset rows in the PDF, matching the screen."
SBC,535,REQ-DEF,Requirements,15,S15-R22,"- **S15-R22:** The Margin % cell shows an em dash when the row's Subtotal is zero or below, matching the screen."
SBC,536,REQ-DEF,Requirements,15,S15-R23,"- **S15-R23:** The Subtotal column is bold in the PDF — header, every row, and the totals row."
SBC,537,REQ-DEF,Requirements,15,S15-R24,"- **S15-R24:** Inv. Hrs in the PDF uses the same signs and coloring as on screen (S12-R3, S12-R4, S12-R5), with green rendered as #21ba45 and red as #c10015."
SBC,538,REQ-DEF,Requirements,15,S15-R25,"- **S15-R25:** Each PDF is capped at 10,000 data rows — for the Summary PDF the customer rows; for the Expanded PDF the customer, asset, and invoice rows combined — not counting the header row or the totals row, counted on the server against the active date range, Product Type, location, Customer filter, and sort. When the result would exceed the cap, the server does not generate the file, no download starts, and the user is shown an error toast: ""This export is too large to generate. Narrow the date range or filters, then try again."""
SBC,540,LABEL,Requirements,15,,**Negative cases:**
SBC,542,REQ-DEF,Requirements,15,S15-N1,"- **S15-N1:** If a PDF download fails, the user is shown an error toast: ""PDF export failed."""
SBC,544,LABEL,Requirements,15,,**Edge cases:**
SBC,546,REQ-DEF,Requirements,15,S15-E1,"- **S15-E1:** While a PDF download is in progress, that menu item shows a loading state and is non-interactive."
SBC,548,HEADING,Requirements,16,,### Story 16: (removed — Print retired)
SBC,550,STORY-INTRO,Requirements,16,,"> *\* The Print action that previously occupied this story has been removed from this report. Users produce a printable copy with the ""Download Summary (PDF)"" or ""Download Expanded View (PDF)"" item (Story 15) and print from their PDF viewer. The story number is retained as a placeholder so the later story numbers (17, 18, 20, 21) and every ""See Story 20"" design reference remain stable.*"
SBC,552,HEADING,Requirements,17,,### Story 17: Empty state
SBC,554,STORY-INTRO,Requirements,17,,Give clear feedback when the filters produce no data.
SBC,556,LABEL,Requirements,17,,**Design:** See Story 20 **Jira:** TBD
SBC,558,LABEL,Requirements,17,,**Prerequisites:**
SBC,560,PREREQ,Requirements,17,,- User is on the Sales By Customer report.
SBC,561,PREREQ,Requirements,17,,"- The current combination of date range, Product Type, location, and Customer filter produces no matching customers."
SBC,563,LABEL,Requirements,17,,**Requirements:**
SBC,565,REQ-DEF,Requirements,17,S17-R1,"- **S17-R1:** When no customers match, the table body shows the message ""No sales data found for the selected filters."""
SBC,566,REQ-DEF,Requirements,17,S17-R2,"- **S17-R2:** The toolbar stays visible and interactive in the empty state (its filters — including the Customer filter — and the action controls), so the user can adjust filters without leaving the page."
SBC,567,REQ-DEF,Requirements,17,S17-R3,"- **S17-R3:** The empty-state message appears in the table body where customer rows would appear — not in the toolbar, the totals row, or a modal."
SBC,569,LABEL,Requirements,17,,**Negative cases:**
SBC,571,REQ-DEF,Requirements,17,S17-N1,- **S17-N1:** The empty-state message does not appear while the table is loading — only after the table finishes its initial loading and shows zero customers.
SBC,573,LABEL,Requirements,17,,**Edge cases:**
SBC,575,REQ-DEF,Requirements,17,S17-E1,"- **S17-E1:** If the Customer filter is narrowed to specific customers and the date range, Product Type, or location is then changed so that none of the selected customers have data, the empty-state message is shown. The Customer filter selection is kept; those customers reappear when the filters change back to a range where they have data. Clearing the Customer filter to no customers (""Clear all,"" S18-R3) also produces the empty state (S18-N1)."
SBC,577,HEADING,Requirements,18,,### Story 18: Filter by customer
SBC,579,STORY-INTRO,Requirements,18,,Narrow the report to a chosen set of customers with a multi-select Customer filter.
SBC,581,LABEL,Requirements,18,,**Design:** See Story 20 **Jira:** TBD
SBC,583,LABEL,Requirements,18,,**Prerequisites:**
SBC,585,PREREQ,Requirements,18,,- User is on the Sales By Customer report with at least one customer in the current set of customers.
SBC,587,LABEL,Requirements,18,,**Requirements:**
SBC,589,REQ-DEF,Requirements,18,S18-R1,"- **S18-R1:** The toolbar has a Customer filter, labeled ""Customer,"" positioned between the Product Type filter and the Location filter."
SBC,590,REQ-DEF,Requirements,18,S18-R2,"- **S18-R2:** The filter is a multi-select with server-backed type-ahead. The control carries a search (magnifier) icon marking it as searchable. The dropdown does not load the full customer list into the browser; instead, as the user types, it fetches matching customers from the server — case-insensitive ""contains"" matching on the customer name, scoped to the active date range, Product Type, and location — and lists the returned customers, each shown with a checkmark when selected. A ""Search customers…"" hint is pinned to the top of the dropdown before any query is typed, and yields to the typed query while the user is searching. Before the user types, the dropdown shows the pinned all/clear control (S18-R3) and the hint; the user types to reveal individual customers to select or deselect."
SBC,592,CONTEXT-NOTE,Requirements,18,S18-R2,"> *\* Context note: the customer list is fetched on demand as the user types rather than loaded into the browser up front, so the report does not depend on the full customer list being small enough to ship to the client. The all-customers state is stored as an explicit state (S18-R4), not an enumeration of the fetched ids, so ""all customers"" — including customers not currently listed in the dropdown — can be represented without loading them.*"
SBC,593,REQ-DEF,Requirements,18,S18-R3,"- **S18-R3:** A control pinned to the top of the dropdown selects or clears every customer at once. It reads ""All customers"" when the filter is not in the all-customers state (activating it puts the filter in the all-customers state, S18-R4) and ""Clear all"" when the filter is in the all-customers state (activating it clears the selection to an empty set)."
SBC,594,REQ-DEF,Requirements,18,S18-R4,"- **S18-R4:** On first load, with no saved selection, the filter is in the all-customers state — an explicit state meaning ""all customers,"" stored as a flag rather than an enumeration of the current customer ids — and the report shows every customer. While the filter is in the all-customers state, every customer matching the other active filters is included, including any customer that appears later (S18-R8, S18-R9)."
SBC,595,REQ-DEF,Requirements,18,S18-R5,"- **S18-R5:** The report shows only the customers currently selected in the filter. The collapsed filter label reads ""All customers"" when the filter is in the all-customers state (S18-R4), ""None"" when the selection is an empty set, the customer's name when exactly one customer is selected, and ""N selected"" when more than one customer is selected (N is the number of selected customers). While the user is typing a search query in the filter, the field shows the query text instead of the summary label; the summary label returns when the query is cleared or the field loses focus."
SBC,597,CONTEXT-NOTE,Requirements,18,S18-R5,"> *\* Context note: the label no longer uses an ""N of M"" form because, with server-backed type-ahead (S18-R2), the total customer count M is not held in the browser; the all-customers state is conveyed by the ""All customers"" label driven by the explicit all-state flag (S18-R4) rather than by comparing a selected count to a total.*"
SBC,598,REQ-DEF,Requirements,18,S18-R6,"- **S18-R6:** The totals row is computed on the server over the full set of customers matching the active filters (date range, Product Type, location, and the Customer filter), not only the customers on the current page."
SBC,599,REQ-DEF,Requirements,18,S18-R7,"- **S18-R7:** Exports (CSV, PDF, Print) are generated on the server and contain exactly the customers matching the active filters — the customers selected in the Customer filter, within the active date range, Product Type, and location. When every customer is selected, the export contains the full set of customers under those filters."
SBC,600,REQ-DEF,Requirements,18,S18-R8,"- **S18-R8:** The Customer filter selection is remembered between visits (Story 6), saved as either the all-customers state (S18-R4) or an explicit set of selected customer ids. On restore: if the saved state is the all-customers state, the filter restores to the all-customers state and the report shows every customer present in the current results, including any customer that appeared since the selection was saved. If the saved state is an explicit set of ids, the saved ids are intersected with the customers present in the current results — still-present ids are re-selected, any saved id no longer present is dropped (a stale saved id never forces an empty view), and a customer that appeared since the set was saved is not auto-selected."
SBC,601,REQ-DEF,Requirements,18,S18-R9,"- **S18-R9:** When a date-range, Product Type, or location change re-loads the results, the selection reconciles against the new set of present customers: if the filter is in the all-customers state (S18-R4), it stays in the all-customers state — every present customer, including every newly-present customer, is included; otherwise the still-present selected ids are kept, ids no longer present are dropped, and newly-present customers are not added."
SBC,602,REQ-DEF,Requirements,18,S18-R10,"- **S18-R10:** If an export (CSV, PDF, or Print) is triggered while the active filters match no customers — for example, no customer is selected — the export still downloads, containing the column headers and a totals row of zeros, with no data rows and no warning."
SBC,603,REQ-DEF,Requirements,18,S18-R11,"- **S18-R11:** The Customer filter is applied on the server. Changing the selection re-fetches the matching customers as a fresh first page (customer rows are server-paginated), and the server-computed totals (S18-R6) update to the new selection."
SBC,605,LABEL,Requirements,18,,**Negative cases:**
SBC,607,REQ-DEF,Requirements,18,S18-N1,"- **S18-N1:** When no customer is selected (every customer cleared), the report shows the empty state (Story 17) and the totals row shows zeros."
SBC,609,LABEL,Requirements,18,,**Edge cases:**
SBC,611,REQ-DEF,Requirements,18,S18-E1,"- **S18-E1:** Changing the date range, Product Type, or location does not clear the Customer filter, but it re-reconciles the selection against the new results (S18-R9): in the all-selected state the view stays all-inclusive, so a customer with no data under the new filters is simply not shown and is included again once it has data; in a subset selection, a selected customer that is no longer present is dropped from the selection and must be re-selected to appear if it later returns."
SBC,613,HEADING,Requirements,19,,### Story 19: (removed — asset comparison deferred)
SBC,615,STORY-INTRO,Requirements,19,,"> *\* The side-by-side asset (vehicle) comparison that previously occupied this story has been removed from this report and deferred to a future dedicated report — see §2 Out of Scope and the §3 Key Decision ""Side-by-side asset comparison is deferred to its own report."" The story number is retained as a placeholder so the later story numbers (20, 21) and every ""See Story 20"" design reference remain stable.*"
SBC,617,HEADING,Requirements,20,,### Story 20: Visual conformance with the reports suite
SBC,619,STORY-INTRO,Requirements,20,,Make the report look and feel like the rest of the suite.
SBC,621,LABEL,Requirements,20,,**Design:** TBD **Jira:** TBD
SBC,623,CONTEXT-NOTE,Requirements,20,,> *\* Context note: the report's visual design used Technician Efficiency — the most recently updated report in the suite — as the reference. Sales By Customer is the canonical implementation of this theme; every report that adopts the theme inherits these rules.*
SBC,625,LABEL,Requirements,20,,**Prerequisites:**
SBC,627,PREREQ,Requirements,20,,- User is on the Sales By Customer report.
SBC,629,LABEL,Requirements,20,,**Requirements:**
SBC,631,REQ-DEF,Requirements,20,S20-R1,- **S20-R1:** The page has no padding.
SBC,632,REQ-DEF,Requirements,20,S20-R2,- **S20-R2:** The page background is the application's standard blue-grey (#f9fafb in light mode; the application's dark background in dark mode).
SBC,633,REQ-DEF,Requirements,20,S20-R3,"- **S20-R3:** The toolbar touches the top of the page with no gap above it, and the table reaches the left and right edges next to the side navigation."
SBC,634,REQ-DEF,Requirements,20,S20-R4,- **S20-R4:** The toolbar surface is white (#ffffff) in light mode and the application's dark surface in dark mode.
SBC,635,REQ-DEF,Requirements,20,S20-R5,"- **S20-R5:** The toolbar padding is 32px top, 24px bottom, and 2rem left and right."
SBC,636,REQ-DEF,Requirements,20,S20-R6,- **S20-R6:** The left edge of the title and the right edge of the action cluster line up with the leftmost and rightmost data-cell positions.
SBC,637,REQ-DEF,Requirements,20,S20-R7,- **S20-R7:** A 1px horizontal line in the application's standard table-header border color separates the toolbar from the column headers.
SBC,638,REQ-DEF,Requirements,20,S20-R8,"- **S20-R8:** Column-header cells and customer summary rows use the white surface (#ffffff), or the dark surface in dark mode."
SBC,639,REQ-DEF,Requirements,20,S20-R9,"- **S20-R9:** Asset rows and invoice rows use the blue-grey background (#f9fafb), or the dark background in dark mode."
SBC,640,REQ-DEF,Requirements,20,S20-R10,"- **S20-R10:** The totals row uses the white surface (#ffffff), or the dark surface in dark mode, with a top border and bold text."
SBC,642,CONTEXT-NOTE,Requirements,20,S20-R10,"> *\* Context note: the totals row was set to white on purpose, not the tinted background, to match Technician Efficiency, the suite's visual reference.*"
SBC,643,REQ-DEF,Requirements,20,S20-R11,- **S20-R11:** The pinned Subtotal cell on any row uses that row's own background — it is never a contrasting strip.
SBC,644,REQ-DEF,Requirements,20,S20-R12,"- **S20-R12:** The leftmost cell (header, body, totals) has 2rem of left padding; the rightmost cell has 2rem of right padding."
SBC,645,REQ-DEF,Requirements,20,S20-R13,- **S20-R13:** The table has no rounded corners.
SBC,646,REQ-DEF,Requirements,20,S20-R14,- **S20-R14:** The three tree levels are shown by indentation: the customer row is at the base; asset rows are indented one level (their chevron and vehicle icon sit in from the customer); invoice rows are indented one level deeper.
SBC,647,REQ-DEF,Requirements,20,S20-R15,"- **S20-R15:** The date-range picker's dropdown arrow is 24px, the same size as the other filter dropdown arrows."
SBC,648,REQ-DEF,Requirements,20,S20-R16,"- **S20-R16:** The overflow (export) menu is the leftmost control in the toolbar's action area, and is the application's standard overflow-menu control."
SBC,649,REQ-DEF,Requirements,20,S20-R17,"- **S20-R17:** When the table content does not fill the viewport, the blue-grey page background shows through below the table; there is no white strip below the table."
SBC,650,REQ-DEF,Requirements,20,S20-R18,"- **S20-R18:** In dark mode, every rule above applies with the dark equivalent of each color, and the PDF export always renders in light-mode colors regardless of the user's app mode."
SBC,651,REQ-DEF,Requirements,20,S20-R19,"- **S20-R19:** When shown (S4-R12), the Location column appears with the identifier columns on the left of the financial block, immediately after the Date column, and every row type renders it in that position; when it is hidden (a single location in scope), the surrounding columns close up with no gap. The Location filter control keeps a constant width regardless of the label it shows."
SBC,653,LABEL,Requirements,20,,**Negative cases:**
SBC,655,REQ-DEF,Requirements,20,S20-N1,- **S20-N1:** No applicable user-visible negative cases. The visual conformance rules apply whenever the report is rendered.
SBC,657,HEADING,Requirements,21,,### Story 21: Mobile usability
SBC,659,STORY-INTRO,Requirements,21,,Keep every control usable on a phone even though the table is dense.
SBC,661,LABEL,Requirements,21,,**Design:** See Story 20 **Jira:** TBD
SBC,663,LABEL,Requirements,21,,**Prerequisites:**
SBC,665,PREREQ,Requirements,21,,- User opens the report on a phone-sized viewport.
SBC,667,LABEL,Requirements,21,,**Requirements:**
SBC,669,REQ-DEF,Requirements,21,S21-R1,"- **S21-R1:** Every toolbar control — date range, Product Type, the Customer filter, location, the overflow menu, and the column selector — is visible and works on touch."
SBC,670,REQ-DEF,Requirements,21,S21-R2,"- **S21-R2:** Below a 1024px viewport width, the toolbar uses two rows: the action controls (overflow menu and column selector) on the first row, and the filter dropdowns on the second row, stacked at full width."
SBC,671,REQ-DEF,Requirements,21,S21-R3,"- **S21-R3:** At 1024px width and above, the toolbar uses the desktop single-row layout."
SBC,673,CONTEXT-NOTE,Requirements,21,S21-R3,> *\* Context note: the two-row layout keeps a filter dropdown's expand arrow from overlapping the action controls.*
SBC,674,REQ-DEF,Requirements,21,S21-R4,"- **S21-R4:** The data table scrolls sideways to show all columns, and the pinned Subtotal column stays visible during that scroll."
SBC,675,REQ-DEF,Requirements,21,S21-R5,- **S21-R5:** The chevron expand and collapse control on each row works on touch.
SBC,676,REQ-DEF,Requirements,21,S21-R6,"- **S21-R6:** The invoice number link opens the invoice in the same tab on touch, the same as on desktop."
SBC,678,HEADING,User Feedback Summary,,,## 7. User Feedback Summary
SBC,680,TABLE-ROW,User Feedback Summary,,,| Trigger | Message | Behavior |
SBC,681,TABLE-HDR,User Feedback Summary,,,| --- | --- | --- |
SBC,682,TABLE-ROW,User Feedback Summary,,,"| The filters produce no results | ""No sales data found for the selected filters."" | Inline empty-state message in the table body; persists until filters change |"
SBC,683,TABLE-ROW,User Feedback Summary,,,"| Initial data fetch fails | ""An error occurred while fetching the report data."" | Error toast, auto-fades after 5 seconds |"
SBC,684,TABLE-ROW,User Feedback Summary,,,"| CSV export fails | ""CSV export failed."" | Error toast, dismissed by the user |"
SBC,685,TABLE-ROW,User Feedback Summary,,,"| PDF download fails | ""PDF export failed."" | Error toast, dismissed by the user |"
SBC,686,TABLE-ROW,User Feedback Summary,,,"| An export (CSV or PDF, Summary or Expanded) exceeds the 10,000-row cap | ""This export is too large to generate. Narrow the date range or filters, then try again."" | Error toast, dismissed by the user; no file is generated and no download starts |"
SBC,687,TABLE-ROW,User Feedback Summary,,,| A CSV download starts | (no toast) | That overflow-menu item shows a loading state until the download resolves |
SBC,688,TABLE-ROW,User Feedback Summary,,,| A PDF download starts | (no toast) | That overflow-menu item shows a loading state until the download resolves |
SBC,690,HEADING,Change Log,,,## 8. Change Log
SBC,692,TABLE-HDR,Change Log,,,| Date | Reporter | Change |
SBC,693,TABLE-HDR,Change Log,,,| --- | --- | --- |
SBC,694,CHANGELOG-ROW,Change Log,,,"| 2026-07-07 | @claude | Full rewrite against a ground-truth code verification of the current suite build. Added Story 4 (location filter) and Story 6 (remember filters and view between visits). Corrected Product Type wording to ""Parts & Service / Parts only / Service only."" Corrected report access to a dedicated Sales By Customer view permission. Reframed search as the application global search bar with a clean match contract. Set the totals row to white, matching Technician Efficiency. Specified that the totals row follows the narrowed customer list in every case, including ""Show only comparing"" with an empty search. Added the 24px filter-arrow conformance rule. |"
SBC,695,CHANGELOG-ROW,Change Log,,,"| 2026-07-07 | @claude | Hardening pass after a 10-reviewer audit. Defined Subtotal and Shop Supplies in Terminology; gave the reversed/voided exclusion its own requirement (S7-R7, S7-N2); pinned the expand gate to 366 days (S8-R14); pinned on-screen and PDF date formats to ""Mon DD YYYY"" and CSV to mm-dd-yyyy; gave the full range-to-filename map (S14-R4); set exact Inv. Hrs PDF colors (#21ba45 / #c10015) and surface hex; split bundled requirements into one behavior each; promoted behavior out of context notes into requirements; removed ""Show only comparing"" and search from the saved view; defined the location default, asset ordering under sort, sort-by-Date, and the two-chip order. |"
SBC,696,CHANGELOG-ROW,Change Log,,,"| 2026-07-12 | @chris / @claude | Comparison rework (Head-of-Product review, Sasha Grosman). Removed the customer comparison list and ""Show only comparing"" (old Story 18) and replaced them with a multi-select Customer filter — search-as-you-type, all customers selected by default, persisted between visits (new Story 18). Removed the side-by-side asset comparison entirely (old Story 19 — the modal, asset pins, the ""Compare N"" chip, and its CSV/PDF exports); asset comparison is deferred to a future dedicated report. Kept the Customer → Asset → Invoice grouping. Swept every comparison cross-reference (§2, §3, §4, Stories 5/6/10/13/14/15/17) and the feedback table. Story 19 is retained as a placeholder so later story numbers and ""See Story 20"" references stay stable. |"
SBC,697,CHANGELOG-ROW,Change Log,,,"| 2026-07-15 | @chris / @claude | Removed the report's use of the application's global search bar. Narrowing to a specific customer is now done solely with the multi-select Customer filter (Story 18); its search-as-you-type finds a customer by name. Retired Story 5 (global-search narrowing) to a placeholder and re-homed its export-narrowing contract into Story 18 (S18-R7 for the narrowed/full export, new S18-R10 for the empty-selection export). Swept every ""search"" / ""global search bar"" cross-reference (§2, §7, Stories 6/8/14/15/17/18). Matches the code change that replaced the global-search dependency with the report-local Customer filter. |"
SBC,698,CHANGELOG-ROW,Change Log,,,"| 2026-07-16 | @chris / @claude | Removed the ""All Time"" date range (D1) and all All-Time-specific behavior. Capped the Custom range at a 366-day maximum span (D3), matching the largest preset (This Year / Last Year). Moved data fetching to the server: customer rows are server-paginated, sort (Story 10) and the Customer filter (Story 18) are applied server-side, the totals row (S18-R6) is server-computed over the full filtered set, and customer drill-down is lazy-loaded on expand (deleted the S8-R14 expand gate, S8-R14a, S8-R14b). Exports (CSV, PDF, Print) are now generated server-side against the current filters and sort. Header Status date bumped. Per Milan Zivanovic's 2026-07-15 engineering review; the server-side model is the committed build target (spec ahead of current code by design). |"
SBC,699,CHANGELOG-ROW,Change Log,,,"| 2026-07-21 | @chris / @claude | Milan Zivanovic review resolution. Story 18 Customer filter changed to server-backed type-ahead: the dropdown fetches matching customers from the server as the user types rather than loading the full customer list into the browser (S18-R2). The ""all customers"" selection is now stored as an explicit all-customers state — a flag, not an enumeration — that always includes newly-appearing customers, both when a filter change reloads the results and on restore between visits (S18-R3, S18-R4, S18-R5, S18-R8, S18-R9); this resolves the prior S18-R8/S18-R9 contradiction (R9's behavior wins) by removing S18-R8's blanket ""newly-appeared customer is not auto-selected on restore"" carve-out and making it state-specific, and drops the ""N of M selected"" label in favor of ""N selected."" Added an export row cap of 10,000 data rows, enforced server-side against the active filters and sort, with a friendly toast when exceeded, on CSV (S14-R14), PDF (S15-R22), and Print (S16-R6). Reworded the asset-grouping rule to group by the vehicle record (same vehicle id), falling back to the invoice's stored vehicle snapshot for older data with no id (S8-R3). Scoped ""expand all"" to the current page's customers with a bounded number of lazy drill-down fetches, not the whole result set (S8-R16). Verified the 2026-07-16 server-side rearchitecture (server pagination/sort/filter, lazy drill-down, dropped All Time, 366-day cap, server-side exports) is present and unchanged. |"
SBC,700,CHANGELOG-ROW,Change Log,,,"| 2026-07-29 | @chris / @claude | Assets identified by VIN (VIN → Unit # → plate → ""Unknown Asset""); removed Print; split exports into Summary and Expanded (CSV + PDF, four menu items); added a per-row Location column (shown when more than one location is in scope; ""Multiple"" on aggregating rows, exact on invoice rows) plus a ""Locations:"" export line. |"
SBC,701,CHANGELOG-ROW,Change Log,,,"| 2026-07-31 | @chris / @claude | Corrected the Sales By Customer permission gate: the report is gated by ordinary reports access, not a dedicated Sales By Customer View permission (S1-R2, plus the Story 1 prerequisite and the S1-N1 negative case). This reverses the 2026-07-07 change that introduced a dedicated permission — that permission was specced before Custom Roles (CRP) existed. Per Chris's ruling recorded 2026-07-28 and re-confirmed 2026-07-31 on the SV-8598 / SV-8780 permissions question sheet: reports are not hidden from normal reports access. Engineering (SV-8598) to drop the dedicated ROLE\_SALES\_BY\_CUSTOMER\_REPORT::VIEW atom, gate SBC endpoints on standard reports access, and confirm the atom does not linger in the Custom Roles matrix. |"
SBR,1,CAPTURE-HDR,,,,# SBR (Sales By Representative) Report
SBR,3,CAPTURE-HDR,,,,> **VERBATIM LIVE CAPTURE — current Confluence spec**
SBR,4,CAPTURE-HDR,,,,> - pageId: 585629698
SBR,5,CAPTURE-HDR,,,,> - Page title: SBR (Sales By Representative) Report
SBR,6,CAPTURE-HDR,,,,"> - Confluence `lastModified` (live, read this run): **Jul 29, 2026**"
SBR,7,CAPTURE-HDR,,,,"> - **TRUE Confluence version (metadata.version via `fetch` ARI, read 2026-08-03): v15**"
SBR,8,CAPTURE-HDR,,,,> - Confluence space: ~712020aa00b8d6a71f4259891982a304227c20 (Chris Ward)
SBR,9,CAPTURE-HDR,,,,> - Captured: 2026-08-03 via the Atlassian MCP `getConfluencePage` (contentFormat=markdown)
SBR,10,CAPTURE-HDR,,,,> - ⚠️ This capture pipeline (MCP markdown) is NOT byte-comparable with the 2026-07-31 captures
SBR,11,CAPTURE-HDR,,,,">   (REST storage-format -> html2text). Compare by requirement text, not by byte diff."
SBR,12,CAPTURE-HDR,,,,> - The 2026-07-31 captures are RETAINED unchanged in `../../spec-current-2026-07-31/`.
SBR,14,RULE,,,,---
SBR,16,TABLE-ROW,(front matter),,,|  |  |
SBR,17,TABLE-HDR,(front matter),,,| --- | --- |
SBR,18,META-TABLE,(front matter),,,| **Epic** | TBD |
SBR,19,META-TABLE,(front matter),,,| **Owner** | TBD |
SBR,20,META-TABLE,(front matter),,,| **Status** | In review — 2026-07-16 |
SBR,21,META-TABLE,(front matter),,,| **Branch** | TBD |
SBR,23,HEADING,Sales By Representative Report,,,# Sales By Representative Report
SBR,25,HEADING,Business Case,,,## 1. Business Case
SBR,27,NARRATIVE,Business Case,,,"Shop owners and managers need to see, at a glance, **how each sales rep is performing over a chosen time window** — what they sold, what they earned, which customers they touched, and how their billed hours compared to their worked hours. Today, this answer is reconstructed by hand from invoice exports and pivot tables, and it is gated by the fact that the ""sales rep toggle"" on staff records was effectively unused. Without a clean per-rep view, shop managers can't see who's driving revenue and can't catch labor-billing drift early."
SBR,29,NARRATIVE,Business Case,,,"The Sales By Representative report makes the per-rep view a single click. It pairs the screen view with four download formats (a Summary PDF, an Expanded View PDF, a Summary CSV, and an Expanded View CSV), shows payment status, and uses a consistent reporting layout so a manager moving between reports does not have to relearn anything. Reps are credited on the Work Order (Story 19), so the numbers are already correct at invoice time without post-hoc correction."
SBR,31,NARRATIVE,Business Case,,,A secondary goal is durability. The report's underlying behavior — particularly which reps appear and how the Sales Rep Assignments export is built — is hardened against missing or stale staff records so the views never silently render empty.
SBR,33,NARRATIVE,Business Case,,,"> *\* Naming note (for the build team): the report's user-facing name is **""Sales By Representative""** — the full word, not the ""Rep"" shorthand. In the Reports left-navigation the longer label currently renders with tight padding; the navigation entry's padding must be adjusted so the full name is not visually cramped (S1-R7). This is a layout fix, not a reason to shorten the name.*"
SBR,35,HEADING,Feature Overview,,,## 2. Feature Overview
SBR,37,HEADING,Feature Overview,,,### Core ShopView
SBR,39,NARRATIVE,Feature Overview,,,- A report called **Sales By Representative** is available under the Performance section of the Reports navigation.
SBR,40,NARRATIVE,Feature Overview,,,- The report shows revenue grouped by sales rep over a chosen date range. **Each sales rep who contributed at least one invoice in the current filtered view occupies one summary row**; the user can expand a rep's row with a chevron to reveal every invoice that contributed to that rep's totals.
SBR,41,NARRATIVE,Feature Overview,,,"- For each invoice on an expanded row, the user sees: the invoice's date and number (a clickable link to the underlying work order or parts sale in the same tab); the customer name (also clickable, styled as plain text); the invoice's **payment status** as a colored badge; the per-invoice **Inv. Hrs** (Labor Delta) value with green/red coloring; and the per-invoice money columns (Labor Invoiced, Labor Margin, Parts Invoiced, Parts Margin, Margin, Margin %, Subtotal). (The authoritative left-to-right column order is S5-R2.)"
SBR,42,NARRATIVE,Feature Overview,,,- A **grand Totals indicator** is shown at the bottom of the report whenever there is at least one summary row (a rep row or the Unassigned row) (desktop: a full Totals row inside the table; mobile: a Subtotal-only bar below the table — see S10-R5).
SBR,43,NARRATIVE,Feature Overview,,,"- The user can filter the on-screen report by **date range**, **product type** (Parts & Service / Parts only / Service only), **invoice payment status** (All Statuses / Unpaid / Partially Paid / Paid), and **location** (one, several, or all of the locations the user has access to). A **Show Unassigned** toggle adds a rolled-up ""Unassigned"" row for invoices with no assigned rep."
SBR,44,NARRATIVE,Feature Overview,,,"- The report shows a per-row **Location** column whenever the current view spans more than one location; the column is hidden when the view is scoped to a single location. A rep summary row that spans more than one location reads **Multiple**; an invoice detail row reads its own exact location. Every export names the location scope on a ""Locations:"" line."
SBR,45,NARRATIVE,Feature Overview,,,- The user can sort the report by any of the financial columns.
SBR,46,NARRATIVE,Feature Overview,,,"- The user can download the report in four formats via the â‹¯ overflow menu: **Download Summary (PDF)**, **Download Expanded View (PDF)**, **Download Summary (CSV)**, and **Download Expanded View (CSV)**. Both PDF formats adapt their font size to the data in the export."
SBR,47,NARRATIVE,Feature Overview,,,- Work Orders include a **Sales Rep** field (Story 19) that lets service writers assign the correct rep before the WO is invoiced. This WO-level assignment determines whose totals the resulting invoice contributes to.
SBR,48,NARRATIVE,Feature Overview,,,"- Managers can **deactivate a sales rep** from staff administration (Story 13); when the rep still has customer assignments, a type-to-confirm warning is shown before the change commits."
SBR,49,NARRATIVE,Feature Overview,,,- The **customer record** shows the customer's assigned sales rep (S19-R7).
SBR,50,NARRATIVE,Feature Overview,,,"- A standalone, snapshot-style **Sales Rep Assignments** export (Story 15) is available from the Reports section's Export dialog — a flat CSV of every current customer→rep assignment in the organization."
SBR,51,NARRATIVE,Feature Overview,,,"- A **column selector** button lets the user show or hide any of the seven metric columns. The five always-visible columns (Date, Invoice, Customer, Status, Subtotal) cannot be hidden."
SBR,52,NARRATIVE,Feature Overview,,,"- The report **remembers the user's filter and view settings** (date range, product type, invoice status, location, Show Unassigned, column visibility, and sort) and restores them on the next visit (Story 23)."
SBR,54,HEADING,Feature Overview,,,### Out of Scope
SBR,56,NARRATIVE,Feature Overview,,,"- Per-line-item rep splits. The report classifies whole invoices by their assigned Sales Rep, not by individual line items."
SBR,57,NARRATIVE,Feature Overview,,,- A bulk customer→rep reassignment tool. Rep assignment happens on the Work Order (Story 19); this report does not provide a reassignment surface.
SBR,58,NARRATIVE,Feature Overview,,,"- Mobile-optimized layout. The report is functional on phones (every filter, control, and export works on touch), but the dense table is not redesigned for small screens."
SBR,59,NARRATIVE,Feature Overview,,,"- Aging or ""days since"" logic on dates. Dates are shown as plain calendar dates."
SBR,60,NARRATIVE,Feature Overview,,,"- Persisting the user's **expanded-rep set** or **scroll position** across a page reload. Filters, column visibility, and sort ARE remembered (Story 23); expansion state and scroll position reset on reload. (Browser back-navigation from a drilldown is a separate case that restores everything — S12-R3a.)"
SBR,61,NARRATIVE,Feature Overview,,,"- Backfilling historical data. The report is a ""moving forward from now"" feature."
SBR,62,NARRATIVE,Feature Overview,,,"- A separate data feed or API for third parties, or QuickBooks sync of any data displayed here."
SBR,64,HEADING,Key Decisions,,,## 3. Key Decisions
SBR,66,NARRATIVE,Key Decisions,,,"- **The report is grouped per-rep, not flat per-invoice.** Each contributing rep occupies one summary row with chevron-expanded invoice detail rows underneath. Each invoice appears under exactly one rep — the Sales Rep credited to the invoice at the time of invoicing — or under the ""Unassigned"" row when it has no rep."
SBR,67,NARRATIVE,Key Decisions,,,"- **Contributors only.** A rep row appears if and only if the rep has at least one non-reversed invoice matching the *current* filter set (date range, product type, invoice status, and location together). Reps with no matching invoices do not appear — there are no blank placeholder rows. When no rep matches (and there is no Unassigned row to show), the report shows its empty state (Story 16)."
SBR,68,NARRATIVE,Key Decisions,,,"- **A currently-inactive sales rep who still has matching invoices is shown, credited, and marked ""(Inactive)"".** A rep is ""active"" for this report when their sales-rep toggle is currently on. If a rep's toggle has since been turned off (or their staff record deleted) but they have matching invoices in the period, their row still appears with their credit intact, and their name is tagged ""(Inactive)"" (S5-R9). This keeps the grand Totals reconciled to the period's invoices — no revenue silently disappears — while making the toggled-off state visible. The toggle still governs who is offered for a *new* assignment (Story 19) and A→Z is the only ordering (no active/inactive tiers)."
SBR,69,NARRATIVE,Key Decisions,,,"- **Single sales-rep model.** A customer has one sales rep; a Work Order has one Sales Rep; an invoice carries one rep. At invoice creation the WO's rep is snapshotted onto the invoice; when the WO has no rep, the snapshot falls back to the customer's assigned rep; when that is also absent, the invoice is unassigned (Story 22). *(Build note: the shipped database currently stores a separate parts-side and service-side rep; this spec locks the single-rep model, which requires collapsing those two fields into one and reworking invoice crediting.)*"
SBR,70,NARRATIVE,Key Decisions,,,- **The money columns use the standardized report labels:** billed labor/parts = **Labor Invoiced** / **Parts Invoiced**; per-category profit = **Labor Margin** / **Parts Margin**; combined profit dollars = **Margin**; profit percentage = **Margin %**.
SBR,71,NARRATIVE,Key Decisions,,,- **Definitions of the numbers** (business-level; the same values everywhere they appear):
SBR,72,NARRATIVE,Key Decisions,,,"    - **Subtotal** = Labor Invoiced + Parts Invoiced, **before tax**. It is the row's headline revenue figure."
SBR,73,NARRATIVE,Key Decisions,,,    - **Labor Margin** = Labor Invoiced − the shop's labor cost; **Parts Margin** = Parts Invoiced − the shop's parts cost; **Margin** = Labor Margin + Parts Margin.
SBR,74,NARRATIVE,Key Decisions,,,"    - **Margin %** = Margin ÷ Subtotal × 100, to one decimal, rendered on screen and in both PDFs with a trailing `%` — e.g., `45.2%`; a negative renders `-8.4%` (leading minus, no parentheses, no `+` on positives). It renders **""—""** when Subtotal ≤ 0 (never ""0.0%"" or a divide-by-zero result). (In the CSVs it is a plain number with no `%` — S14-R17.) On every rolled-up row (rep summary rows and every totals row), Margin % is **recomputed** as (that row-set's total Margin ÷ that row-set's total Subtotal) — it is never the sum or average of the child percentages."
SBR,75,NARRATIVE,Key Decisions,,,"    - **Inv. Hrs** (Labor Delta) = hours invoiced − hours worked, where **hours invoiced** = the billed labor hours on the invoice's work-order labor lines, and **hours worked** = the technician clocked (timesheet) hours recorded against that work order."
SBR,76,NARRATIVE,Key Decisions,,,"    - **Payment status.** Every invoice carries exactly one of **five** canonical system payment states — `unpaid`, `prepaid`, `partially_paid`, `paid`, `overpaid` — which this report maps to one of **three** display values (**Paid**, **Partially Paid**, **Unpaid**). This mapping is the single source of truth for both the on-screen/PDF status badge (Story 8) and the Invoice Status filter predicate (Story 4):"
SBR,77,NARRATIVE,Key Decisions,,,        - `paid` → **Paid**.
SBR,78,NARRATIVE,Key Decisions,,,        - `overpaid` → **Paid**.
SBR,79,NARRATIVE,Key Decisions,,,        - `partially_paid` → **Partially Paid**.
SBR,80,NARRATIVE,Key Decisions,,,        - `unpaid` → **Unpaid**.
SBR,81,NARRATIVE,Key Decisions,,,"        - `prepaid` → **Paid** when the invoice's balance owed is zero; **Partially Paid** when a balance is still owed. *(Prepaid is the only state whose display value depends on the balance owed, because a prepayment can fully cover the invoice or only cover part of it.)*"
SBR,83,NARRATIVE,Key Decisions,,,"      A zero-total invoice with no payment applied is `unpaid` and maps to **Unpaid**. A negative-total invoice (e.g., a net credit/return) carries its own canonical system state and follows the same mapping; when its balance owed is zero (no balance owed), it maps to **Paid**."
SBR,84,NARRATIVE,Key Decisions,,,    - **An invoice's date** for the date-range filter is the invoice's own date (the value shown in the Date column). **An invoice's location** for the location filter is the location of its originating work order / parts sale.
SBR,85,NARRATIVE,Key Decisions,,,"    - **Reversed** is determined by the canonical ShopView invoice-status ruleset; reversed invoices are excluded everywhere in this report. When that ruleset evolves, this report follows it."
SBR,86,NARRATIVE,Key Decisions,,,"    - All displayed numeric values round **half-up** (away from zero) at their stated precision (money to cents; Inv. Hrs and Margin % to one decimal). Rolled-up values are computed from unrounded components and then rounded, so a totals cell may differ from the eye-summed displayed rows by one unit in the last decimal — this is expected."
SBR,87,NARRATIVE,Key Decisions,,,"- **Subtotal is the headline column:** bolded across the header, every rep summary row, every invoice detail row, and the grand Totals indicator; pinned to the right edge on screen (Story 10)."
SBR,88,NARRATIVE,Key Decisions,,,"- **""Inv. Hrs"" is color-coded** (green positive / red negative / default zero) on screen and in both PDFs; the CSVs stay monochrome."
SBR,89,NARRATIVE,Key Decisions,,,"- **Negative dollar values use accounting-convention parentheses** — `($1,234.56)` — on screen and in both PDFs, across every money column (Labor Invoiced, Labor Margin, Parts Invoiced, Parts Margin, Margin, Subtotal). Inv. Hrs (a signed time value) and Margin % (a signed percentage) are excluded. The CSVs use plain signed numbers (see S14-R15/R16)."
SBR,90,NARRATIVE,Key Decisions,,,"- **Rep ordering is plain A→Z** by display name (case-insensitive), with the ""Unassigned"" row pinned to the top when shown. There are no active/inactive tiers. A user column-sort replaces the default A→Z (Story 11)."
SBR,91,NARRATIVE,Key Decisions,,,- **Invoice and customer links navigate in the same tab; browser back restores full state** (Story 12).
SBR,92,NARRATIVE,Key Decisions,,,- **The report has no on-screen search bar.** Drilldown is via chevron expansion.
SBR,93,NARRATIVE,Key Decisions,,,"- **Placement: additive at the bottom of the ""Performance"" group** in the Reports left sidebar (S1-R2)."
SBR,94,NARRATIVE,Key Decisions,,,"- **Location is surfaced per row, not as a standalone scope stamp.** A **Location** column is shown only when the current view spans more than one location; when the view is scoped to a single location the column is hidden, because that one location is already unambiguous. On a rep summary row the cell reads the location's name when all of that rep's matching invoices are at one location, or the literal **Multiple** when they span more than one; on an invoice detail row the cell reads that invoice's own exact location. Every export additionally carries a ""Locations:"" line naming the scope (or ""All locations"" when the full accessible set is selected), so a multi-location export is never ambiguous about which locations it covers."
SBR,96,HEADING,Terminology,,,## 4. Terminology
SBR,98,NARRATIVE,Terminology,,,"- **Sales rep toggle** — The flag on a staff member that marks them as a sales representative. It governs who is offered for a new rep assignment. For this report, a rep whose toggle is currently on is ""active""; a rep whose toggle is off is ""(Inactive)"" but still shown if they have matching invoices."
SBR,99,NARRATIVE,Terminology,,,"- **Inv. Hrs (Labor Delta)** — hours invoiced minus hours worked (see §3). Positive means the shop billed more time than it spent. Rendered ""Inv. Hrs"" with green/red/default coloring."
SBR,100,NARRATIVE,Terminology,,,"- **Subtotal** — Labor Invoiced + Parts Invoiced, pre-tax (§3). The headline revenue column."
SBR,101,NARRATIVE,Terminology,,,- **Margin / Margin %** — combined profit dollars / that profit as a percentage of Subtotal (§3).
SBR,102,NARRATIVE,Terminology,,,"- **Rep summary row** — the collapsed row representing one rep, rolling up their matching invoices. The **Unassigned row** is a special summary row (shown only when Show Unassigned is on) that rolls up matching invoices with no assigned rep."
SBR,103,NARRATIVE,Terminology,,,"- **Invoice detail row** — a row inside a rep's expanded view, representing one contributing invoice."
SBR,104,NARRATIVE,Terminology,,,"- **Parts invoice / Service invoice** — the Product Type classification, by invoice number prefix (`P` = Parts, `S` = Service)."
SBR,105,NARRATIVE,Terminology,,,"- **Snapshot** — the rep captured onto the invoice at creation time — the Work Order's rep, or (when the WO has no rep) the customer's assigned rep — stored as the rep's id **and a denormalized rep display name**. Immutable on past invoices. The denormalized name is what the report displays (and sorts on) for a rep whose staff record is later deleted (S5-R9)."
SBR,106,NARRATIVE,Terminology,,,"- **Location (column)** — A per-row column showing the location a row belongs to, displayed only when the current view spans more than one location (hidden for a single-location view). On a rep summary row it reads the single location's name, or the literal **Multiple** when that rep's matching invoices span more than one location; on an invoice detail row it reads that invoice's own exact location (the location of its originating work order / parts sale, §3)."
SBR,108,HEADING,Assumptions,,,## 5. Assumptions
SBR,110,NARRATIVE,Assumptions,,,"- The sales rep toggle on staff records is the canonical ""is this person a sales rep"" flag. Enabling it makes a staff member selectable as a rep; existing staff are not retroactively swept."
SBR,111,NARRATIVE,Assumptions,,,"- A Work Order carries a single Sales Rep assignment, settable/changeable before invoicing. At invoice creation the WO's rep is snapshotted onto the invoice; when the WO has no rep, the snapshot falls back to the customer's assigned rep; when that is absent, the invoice is unassigned."
SBR,112,NARRATIVE,Assumptions,,,"- Reversed invoices are excluded everywhere in this report (rep totals, detail rows, both PDF tables, and the contributor gate). ""Reversed"" defers to the canonical ShopView invoice-status ruleset."
SBR,113,NARRATIVE,Assumptions,,,- Invoice numbers always start with `P` (Parts) or `S` (Service) — a system invariant the Product Type filter relies on.
SBR,114,NARRATIVE,Assumptions,,,"- Staff `active` status and the sales-rep toggle are independent flags: a staff member can be inactive but still be a tracked sales rep, and vice-versa."
SBR,116,HEADING,Requirements,,,## 6. Requirements
SBR,118,NARRATIVE,Requirements,,,"> *\* Numbering note: story and requirement numbers are stable across revisions. Some numbers were retired when their content was removed in earlier rounds and are intentionally not reused (there is no Story 7); this keeps existing cross-references valid. Gaps are deliberate, not dropped content.*"
SBR,120,HEADING,Requirements,1,,### Story 1: Access the Sales By Representative Report
SBR,122,STORY-INTRO,Requirements,1,,"**As a** shop manager, **I want** to find the report from the Reports navigation, **so that** I can open it the same way I open every other report."
SBR,124,LABEL,Requirements,1,,**Design:** TBD **Jira:** TBD
SBR,126,LABEL,Requirements,1,,**Requirements:**
SBR,128,REQ-DEF,Requirements,1,S1-R1,"- **S1-R1:** ""Sales By Representative"" appears as an entry in the Reports left-side navigation for every user who can see any other report in the same Performance group. The label is the full word ""Representative,"" not the ""Rep"" shorthand."
SBR,129,REQ-DEF,Requirements,1,S1-R2,"- **S1-R2:** The entry is placed within the **Performance** group, at the **bottom** of the group — immediately below whichever report currently sits last in that group at the time the report is built. Additive: no existing entry is moved, replaced, or reordered."
SBR,130,REQ-DEF,Requirements,1,S1-R3,- **S1-R3:** The relative order of every other navigation entry is unchanged.
SBR,131,REQ-DEF,Requirements,1,S1-R4,- **S1-R4:** Selecting the entry opens the report in the main content area.
SBR,132,REQ-DEF,Requirements,1,S1-R5,"- **S1-R5:** The page title displayed at the top of the report reads ""Sales By Representative""."
SBR,133,REQ-DEF,Requirements,1,S1-R6,"- **S1-R6:** The browser tab title reads ""Sales By Representative - Report | ShopView""."
SBR,134,REQ-DEF,Requirements,1,S1-R7,"- **S1-R7:** The navigation entry's horizontal padding must be sized so the full ""Sales By Representative"" label renders without crowding against the entry's edges and without truncation. This is a layout adjustment; the label is not shortened to fit."
SBR,136,LABEL,Requirements,1,,**Negative cases:**
SBR,138,REQ-DEF,Requirements,1,S1-N1,"- **S1-N1:** If the user lacks permission to access Reports, the entire Reports navigation (including this entry) is not shown."
SBR,140,RULE,Requirements,1,,---
SBR,142,HEADING,Requirements,2,,### Story 2: Filter the report by date range
SBR,144,STORY-INTRO,Requirements,2,,"**As a** user reviewing a specific period, **I want** to set a date range, **so that** the report only includes invoices dated in that period."
SBR,146,LABEL,Requirements,2,,**Design:** TBD **Jira:** TBD
SBR,148,LABEL,Requirements,2,,**Prerequisites:** The user is on the report.
SBR,150,LABEL,Requirements,2,,**Requirements:**
SBR,152,REQ-DEF,Requirements,2,S2-R1,- **S2-R1:** A date range picker is visible in the report toolbar.
SBR,153,REQ-DEF,Requirements,2,S2-R2,"- **S2-R2:** The user can select any standard preset (Today, Yesterday, This Week, This Month, Last Month, This Year, Last Year, This Quarter, Last Quarter, Custom)."
SBR,154,REQ-DEF,Requirements,2,S2-R3,- **S2-R3:** The user can select a custom range via the date picker dialog.
SBR,155,REQ-DEF,Requirements,2,S2-R4,- **S2-R4:** Changing the date range re-fetches and re-renders the report (a loading indicator is shown per S16-R4).
SBR,156,REQ-DEF,Requirements,2,S2-R5,- **S2-R5:** The chosen date range is reflected in both PDF exports' header strips.
SBR,157,REQ-DEF,Requirements,2,S2-R6,"- **S2-R6:** The **Custom** range is capped at a maximum span of **366 days** (start and end dates inclusive), matching the largest preset. A custom selection whose start-to-end span exceeds 366 days is not accepted; the picker holds the user to a range of 366 days or fewer."
SBR,158,REQ-DEF,Requirements,2,S2-R7,"- **S2-R7:** On first load (no remembered setting — Story 23), the date range defaults to **This Month**."
SBR,159,REQ-DEF,Requirements,2,S2-R8,"- **S2-R8:** The date used to place an invoice in the range is the invoice's own date (§3), compared with inclusive endpoints."
SBR,161,LABEL,Requirements,2,,**Negative cases:**
SBR,163,REQ-DEF,Requirements,2,S2-N1,"- **S2-N1:** If the chosen range produces no matching invoices for any rep, the report shows the empty state (Story 16)."
SBR,165,RULE,Requirements,2,,---
SBR,167,HEADING,Requirements,3,,### Story 3: Filter the report by product type
SBR,169,STORY-INTRO,Requirements,3,,"**As a** user, **I want** to limit the report to parts-only or service-only invoices, **so that** I can analyze each side of the business in isolation."
SBR,171,LABEL,Requirements,3,,**Design:** TBD **Jira:** TBD
SBR,173,LABEL,Requirements,3,,**Prerequisites:** The user is on the report.
SBR,175,LABEL,Requirements,3,,**Requirements:**
SBR,177,REQ-DEF,Requirements,3,S3-R1,"- **S3-R1:** A ""Product Type"" dropdown is visible in the toolbar."
SBR,178,REQ-DEF,Requirements,3,S3-R2,"- **S3-R2:** The dropdown offers exactly three options: ""Parts & Service,"" ""Parts only,"" ""Service only."""
SBR,179,REQ-DEF,Requirements,3,S3-R3,"- **S3-R3:** ""Parts & Service"" is the default on first load (no remembered setting — Story 23)."
SBR,180,REQ-DEF,Requirements,3,S3-R4,"- **S3-R4:** ""Parts only"" includes only invoices whose number starts with `P`."
SBR,181,REQ-DEF,Requirements,3,S3-R5,"- **S3-R5:** ""Service only"" includes only invoices whose number starts with `S`."
SBR,182,REQ-DEF,Requirements,3,S3-R6,"- **S3-R6:** ""Parts & Service"" applies no product-type filter."
SBR,183,REQ-DEF,Requirements,3,S3-R7,- **S3-R7:** Changing the selection re-fetches and re-renders the report.
SBR,184,REQ-DEF,Requirements,3,S3-R8,"- **S3-R8:** **The Product Type filter is part of the contributor gate and narrows every metric.** A rep appears only if they have ≥1 matching invoice after this filter (Story 5). For rendered reps, summary totals, invoice detail rows, the grand Totals indicator, and the (N) count all reflect only matching invoices."
SBR,186,LABEL,Requirements,3,,**Negative cases:**
SBR,188,REQ-DEF,Requirements,3,S3-N1,"- **S3-N1:** If no invoices match, the report shows the empty state (Story 16)."
SBR,190,RULE,Requirements,3,,---
SBR,192,HEADING,Requirements,4,,### Story 4: Filter the report by invoice payment status
SBR,194,STORY-INTRO,Requirements,4,,"**As a** user, **I want** to limit the report to a specific payment status, **so that** I can focus on outstanding receivables or completed sales."
SBR,196,LABEL,Requirements,4,,**Design:** TBD **Jira:** TBD
SBR,198,LABEL,Requirements,4,,**Prerequisites:** The user is on the report.
SBR,200,LABEL,Requirements,4,,**Requirements:**
SBR,202,REQ-DEF,Requirements,4,S4-R1,"- **S4-R1:** An ""Invoice Status"" dropdown is visible in the toolbar."
SBR,203,REQ-DEF,Requirements,4,S4-R2,"- **S4-R2:** The dropdown offers exactly four options: ""All Statuses,"" ""Unpaid,"" ""Partially Paid,"" ""Paid."""
SBR,204,REQ-DEF,Requirements,4,S4-R3,"- **S4-R3:** ""All Statuses"" is the default on first load (no remembered setting — Story 23)."
SBR,205,REQ-DEF,Requirements,4,S4-R4,"- **S4-R4:** A specific status (Unpaid / Partially Paid / Paid) includes only invoices whose **display payment status** matches, using the five-state → three-value mapping in §3. Because that mapping collapses five system states into three display values, the filter matches on the mapped value: **""Paid""** includes `paid`, `overpaid`, and `prepaid` with zero balance owed; **""Partially Paid""** includes `partially_paid` and `prepaid` with a balance still owed; **""Unpaid""** includes `unpaid`."
SBR,206,REQ-DEF,Requirements,4,S4-R5,- **S4-R5:** Changing the selection re-fetches and re-renders the report.
SBR,207,REQ-DEF,Requirements,4,S4-R6,- **S4-R6:** **The Invoice Status filter is part of the contributor gate and narrows every metric** — same rule as S3-R8.
SBR,208,REQ-DEF,Requirements,4,S4-R7,"- **S4-R7:** **Filters compose.** When multiple filters are active, every metric reflects the intersection — only invoices matching ALL active filters (date range, product type, invoice status, location) contribute, and a rep appears only if ≥1 invoice matches all of them."
SBR,209,REQ-DEF,Requirements,4,S4-R8,"- **S4-R8:** The money columns always show the **invoiced** amounts, not the outstanding balance. Filtering to ""Unpaid"" or ""Partially Paid"" does not net out payments — a Partially Paid invoice still shows its full Subtotal."
SBR,211,LABEL,Requirements,4,,**Negative cases:**
SBR,213,REQ-DEF,Requirements,4,S4-N1,"- **S4-N1:** If no invoices match, the report shows the empty state (Story 16)."
SBR,215,RULE,Requirements,4,,---
SBR,217,HEADING,Requirements,5,,### Story 5: View per-rep summary rows
SBR,219,STORY-INTRO,Requirements,5,,"**As a** user, **I want** a single summary row per contributing sales rep, **so that** I can scan top-down without drowning in invoice detail."
SBR,221,LABEL,Requirements,5,,**Design:** TBD **Jira:** TBD
SBR,223,LABEL,Requirements,5,,**Prerequisites:** The user is on the report.
SBR,225,LABEL,Requirements,5,,**Requirements:**
SBR,227,REQ-DEF,Requirements,5,S5-R1,"- **S5-R1:** A sales rep occupies a summary row **if and only if they have at least one non-reversed invoice matching the current filter set** (date range, product type, invoice status, and location, together). Reps with no matching invoices do not appear — there is no blank placeholder row. A rep's current active/inactive (toggle) state does not affect whether they appear, only how they are labeled (S5-R9)."
SBR,228,REQ-DEF,Requirements,5,S5-R2,"- **S5-R2:** The columns appear left-to-right: Date, Invoice, Customer, Status, Inv. Hrs, Labor Invoiced, Labor Margin, Parts Invoiced, Parts Margin, Margin, Margin %, Subtotal. (12 columns: four leading identifier columns, seven metric columns, and Subtotal.)"
SBR,229,REQ-DEF,Requirements,5,S5-R3,"- **S5-R3:** On a rep summary row, the **Date** cell holds the chevron expand/collapse control followed by the rep's display name (format ""First Last""). The date value for that row is intentionally blank."
SBR,230,REQ-DEF,Requirements,5,S5-R4,"- **S5-R4:** The number of invoices contributing to that rep in the current filtered view is displayed in parentheses after the rep's name, in a smaller, subdued grey font — e.g., `Mary Smith (12)`. Because a rep only appears when they have ≥1 matching invoice (S5-R1), the count is always ≥1."
SBR,231,REQ-DEF,Requirements,5,S5-R6,"- **S5-R6:** The Invoice, Customer, and Status cells are blank on rep summary rows. The metric cells carry that rep's totals across all their matching invoices."
SBR,232,REQ-DEF,Requirements,5,S5-R8,- **S5-R8:** Rep summary rows are visually emphasized with bold text so they read as parent rows above their detail rows.
SBR,233,REQ-DEF,Requirements,5,S5-R9,"- **S5-R9:** **Inactive-rep marker.** When a rendered rep's sales-rep toggle is currently off (or their staff record has been deleted) but they have matching invoices, their display name is followed by a subdued ""(Inactive)"" tag — e.g., `Mary Smith (Inactive) (12)` — rendered in the same muted grey as the count. A rep whose toggle is currently on shows no tag. The tag is a display marker only; it does not change the rep's metrics, position in the A→Z order, or expandability. For a rep whose staff record has been **deleted**, both the display name and the A→Z sort position come from the denormalized rep-name snapshot on the rep's **most recent matching invoice** (by invoice date, ties broken by invoice number per S6-R9), so a name that drifted across invoices resolves deterministically and the row still shows a historical name and sorts correctly."
SBR,234,REQ-DEF,Requirements,5,S5-R10,"- **S5-R10:** **Column alignment is a hard invariant.** Every rep summary row and every invoice detail row renders exactly the report's column count in the declared left-to-right order; a cell with nothing to show is rendered blank in its position, never shifted or wrapped. **Both forms of the grand Totals indicator are exempt** (the desktop Totals row merges the four leading identifier columns; the mobile bar is not a table row — see S10-R5)."
SBR,236,LABEL,Requirements,5,,**Negative cases:**
SBR,238,REQ-DEF,Requirements,5,S5-N1,"- **S5-N1:** A staff member with no matching invoice in the current filtered view does not appear, regardless of toggle state or historical activity."
SBR,239,REQ-DEF,Requirements,5,S5-N2,- **S5-N2:** No row renders with fewer or more cells than the report's column count; a drifted row is a defect (S5-R10).
SBR,241,RULE,Requirements,5,,---
SBR,243,HEADING,Requirements,6,,### Story 6: Expand a rep to view their invoices
SBR,245,STORY-INTRO,Requirements,6,,"**As a** user, **I want** to expand a rep's row, **so that** I can see the individual invoices that contributed to their totals."
SBR,247,LABEL,Requirements,6,,**Design:** TBD **Jira:** TBD
SBR,249,LABEL,Requirements,6,,**Prerequisites:** The user is on the report. The rep (or the Unassigned row) is present.
SBR,251,LABEL,Requirements,6,,**Requirements:**
SBR,253,REQ-DEF,Requirements,6,S6-R1,"- **S6-R1:** Each rep summary row (and the Unassigned row, Story 22) has a chevron control in the Date cell that toggles its expanded view."
SBR,254,REQ-DEF,Requirements,6,S6-R2,"- **S6-R2:** Activating the chevron **lazily fetches** that rep's matching invoices from the server and reveals them as detail rows beneath the summary row. Invoice detail rows are **not** delivered with the initial summary payload (S10-R5) — they load on the first expand of that rep (with a brief row-level loading indicator) and are paginated per rep when that rep's matching-invoice count is large. *(Context note: the per-rep detail page size, and the bound on how many reps the header expand-all control (S6-R5) opens at once, are build tuning values defined in the tech plan, not fixed by this spec.)*"
SBR,255,REQ-DEF,Requirements,6,S6-R3,"- **S6-R3:** Each detail row shows, left to right: the invoice's date, the invoice number, the customer name, the payment status badge, and the per-invoice values for Inv. Hrs and the money columns."
SBR,256,REQ-DEF,Requirements,6,S6-R4,"- **S6-R4:** Detail rows use the default font weight (400); rep summary rows use bold (700). Row type is distinguished by font weight, not background color."
SBR,257,REQ-DEF,Requirements,6,S6-R5,"- **S6-R5:** A header-row chevron in the same column expands every visible rep in one action, and collapses them all on a second activation."
SBR,258,REQ-DEF,Requirements,6,S6-R6,"- **S6-R6:** The header chevron shows the ""expand"" glyph when at least one rep is collapsed and the ""collapse"" glyph when every rep is expanded."
SBR,259,REQ-DEF,Requirements,6,S6-R7,- **S6-R7:** Each invoice appears under exactly one rep (or the Unassigned row) — never more than one.
SBR,260,REQ-DEF,Requirements,6,S6-R8,- **S6-R8:** Expanded state is preserved across filter and sort changes within the same session; it resets on a full page reload.
SBR,261,REQ-DEF,Requirements,6,S6-R9,"- **S6-R9:** Within an expanded rep (and within the Unassigned row), invoice detail rows are ordered by **invoice date descending** (newest first), tie-broken by **invoice number ascending by the numeric portion after the `P`/`S` prefix** (numeric, not lexical — so `S999` precedes `S1000`); if both the date and the numeric portion tie (e.g., `P100` and `S100` on the same day), `P` (Parts) sorts before `S` (Service). This order is independent of the rep-row column sort (Story 11, which reorders rep summary rows only) and is the same order used in the Expanded View PDF per-rep tables (S14-R6) and the Expanded CSV (S14-R16)."
SBR,263,LABEL,Requirements,6,,**Negative cases:**
SBR,265,REQ-DEF,Requirements,6,S6-N1,"- **S6-N1:** If a filter change removes a rep from the result set (they no longer have a matching invoice), the rep and its expansion state are gone; if a later filter change brings the rep back, the row renders collapsed (it does not auto-re-expand)."
SBR,266,REQ-DEF,Requirements,6,S6-N2,"- **S6-N2:** If the Show Unassigned toggle is turned off while the Unassigned row is expanded, the row is removed; turning the toggle back on renders it collapsed."
SBR,268,LABEL,Requirements,6,,**Edge cases:**
SBR,270,REQ-DEF,Requirements,6,S6-E1,- **S6-E1:** A rep with a single matching invoice can still be expanded; one detail row is shown.
SBR,272,RULE,Requirements,6,,---
SBR,274,HEADING,Requirements,8,,### Story 8: Invoice payment status badge
SBR,276,STORY-INTRO,Requirements,8,,"**As a** user, **I want** to see at a glance whether each invoice is paid, partially paid, or unpaid, **so that** I do not have to drill into individual invoices."
SBR,278,LABEL,Requirements,8,,**Design:** TBD **Jira:** TBD
SBR,280,LABEL,Requirements,8,,**Prerequisites:** The user has expanded at least one rep row.
SBR,282,LABEL,Requirements,8,,**Requirements:**
SBR,284,REQ-DEF,Requirements,8,S8-R1,- **S8-R1:** A **Status** column sits between the Customer column and the Inv. Hrs column.
SBR,285,REQ-DEF,Requirements,8,S8-R2,"- **S8-R2:** On every invoice detail row, the Status cell renders a small colored badge reading ""Paid,"" ""Partially Paid,"" or ""Unpaid,"" derived from the invoice's payment status via the five-state → three-value mapping in §3 (so `prepaid` shows **Paid** when the balance owed is zero and **Partially Paid** otherwise; `overpaid` shows **Paid**)."
SBR,286,REQ-DEF,Requirements,8,S8-R3,- **S8-R3:** Paid = dark teal text on light teal; Partially Paid = dark orange on light orange; Unpaid = dark red on light red. These use the application's canonical payment-status color tokens (the same tokens the invoice list uses) so the treatment is consistent app-wide and in both light and dark mode.
SBR,287,REQ-DEF,Requirements,8,S8-R4,- **S8-R4:** The badge is vertically centered within its cell.
SBR,288,REQ-DEF,Requirements,8,S8-R5,"- **S8-R5:** On rep summary rows, the Status cell is blank."
SBR,289,REQ-DEF,Requirements,8,S8-R6,"- **S8-R6:** The badge's text (""Paid""/""Partially Paid""/""Unpaid"") is the accessible label — status is never conveyed by color alone."
SBR,291,LABEL,Requirements,8,,**Negative cases:**
SBR,293,REQ-DEF,Requirements,8,S8-N1,- **S8-N1:** Every invoice on a detail row has a payment status; badge rendering is unconditional on detail rows.
SBR,295,RULE,Requirements,8,,---
SBR,297,HEADING,Requirements,9,,### Story 9: Inv. Hrs (Labor Delta) column display
SBR,299,STORY-INTRO,Requirements,9,,"**As a** user, **I want** to see whether a rep or invoice was billed for more time than was worked, **so that** I can spot trends without doing math."
SBR,301,LABEL,Requirements,9,,**Design:** TBD **Jira:** TBD
SBR,303,LABEL,Requirements,9,,**Prerequisites:** The user is on the report.
SBR,305,LABEL,Requirements,9,,**Requirements:**
SBR,307,REQ-DEF,Requirements,9,S9-R1,"- **S9-R1:** The column heading reads ""Inv. Hrs"" (verbatim, including the period after ""Inv"")."
SBR,308,REQ-DEF,Requirements,9,S9-R2,"- **S9-R2:** The value is hours invoiced − hours worked (§3), rounded half-up to one decimal."
SBR,309,REQ-DEF,Requirements,9,S9-R3,"- **S9-R3:** Positive values show a leading `+` in green (e.g., `+1.5`)."
SBR,310,REQ-DEF,Requirements,9,S9-R4,"- **S9-R4:** Negative values show a leading `-` in red (e.g., `-1.5`)."
SBR,311,REQ-DEF,Requirements,9,S9-R5,- **S9-R5:** Zero/break-even shows `0.0` in the default text color.
SBR,312,REQ-DEF,Requirements,9,S9-R6,"- **S9-R6:** The same calculation, label, format, and coloring apply to rep summary rows, invoice detail rows, and the totals row (S10-R5, S14-R5/R6). A rep-summary/totals value is round(Σ unrounded per-invoice deltas)."
SBR,314,LABEL,Requirements,9,,**Negative cases:**
SBR,316,REQ-DEF,Requirements,9,S9-N1,"- **S9-N1:** An invoice with **neither billed labor hours nor clocked technician hours** (e.g., a parts-only invoice with no labor and no time logged) shows Inv. Hrs `0.0` in the default color — never blank, ""N/A,"" or ""—"". An invoice with **clocked technician hours but no billed labor line** shows the resulting negative delta per §3 (e.g., `-3.0` in red) — this worked-but-unbilled signal is not suppressed to `0.0`."
SBR,318,LABEL,Requirements,9,,**Edge cases:**
SBR,320,REQ-DEF,Requirements,9,S9-E1,"- **S9-E1:** A value that rounds to `0.0` (e.g., `+0.04`) shows `0.0` in the default color, not `+0.0` in green."
SBR,321,REQ-DEF,Requirements,9,S9-E2,"- **S9-E2:** Negative values always use an explicit minus and one decimal (e.g., `-0.5`)."
SBR,323,RULE,Requirements,9,,---
SBR,325,HEADING,Requirements,10,,### Story 10: Subtotal column and grand Totals indicator
SBR,327,STORY-INTRO,Requirements,10,,"**As a** user, **I want** the Subtotal column and grand total to be unmistakable and always visible, **so that** I can read the headline numbers no matter how I scroll."
SBR,329,LABEL,Requirements,10,,**Design:** TBD **Jira:** TBD
SBR,331,LABEL,Requirements,10,,**Prerequisites:** The user is on the report.
SBR,333,LABEL,Requirements,10,,**Requirements:**
SBR,335,REQ-DEF,Requirements,10,S10-R1,- **S10-R1:** Subtotal is the rightmost column on every row type; nothing renders to its right (S5-R10).
SBR,336,REQ-DEF,Requirements,10,S10-R2,"- **S10-R2:** On screen, the Subtotal column is pinned to the right edge and stays visible during horizontal scroll, on every rep summary row and invoice detail row. PDFs do not scroll."
SBR,337,REQ-DEF,Requirements,10,S10-R3,"- **S10-R3:** Subtotal values are bold across the header, every rep summary row, every invoice detail row, and the grand Totals indicator."
SBR,338,REQ-DEF,Requirements,10,S10-R4,"- **S10-R4:** The pinned Subtotal column matches the row's background color (white on body rows, S18-R7.5) — not a contrasting strip."
SBR,339,REQ-DEF,Requirements,10,S10-R5,"- **S10-R5: Grand Totals indicator — responsive.** Present whenever at least one summary row exists (a rep row or the Unassigned row); hidden only during loading (S16-R4) and in the empty state (Story 16). The grand totals are **server-computed over the full filtered result set** — every matching non-reversed invoice across every rep, independent of which rep rows are currently expanded or loaded — and are delivered with the summary payload; the client does not derive them by summing loaded rows."
SBR,340,REQ-CONT,Requirements,10,S10-R5,"    - **Desktop (≥ 1024px):** a **Totals row** as the last row inside the table. Its first cell is a single merged cell spanning the **four leading identifier columns** (Date, Invoice, Customer, Status) with the label ""Totals,"" followed by an individual cell for each metric column: Inv. Hrs, Labor Invoiced, Labor Margin, Parts Invoiced, Parts Margin, Margin, Margin %, and its own **Subtotal** cell (pinned right, S10-R2). Money uses accounting parentheses for negatives; Margin % is recomputed (§3); values are round(Σ unrounded). The row is sticky at the bottom of the scroll area, on the white card surface with a thin top border."
SBR,341,REQ-CONT,Requirements,10,S10-R5,"    - **Mobile (\< 1024px):** a simplified **external totals bar** directly below the table and outside its horizontal scroll container, showing ""Totals"" left and the grand Subtotal right (no other metrics). Because it is outside the scroll container it is always fully visible horizontally; because the table height is viewport-bounded it sits at the bottom of the report. White card surface, thin top border. During vertical page scroll the bar sits after the table in normal flow (it is not pinned to the viewport bottom)."
SBR,342,REQ-DEF,Requirements,10,S10-R6,"- **S10-R6:** On screen, the column-header row is sticky to the top during vertical scroll; the Subtotal header cell is sticky in both axes (top per this rule and right per S10-R2). PDFs have no scroll."
SBR,344,LABEL,Requirements,10,,**Negative cases:**
SBR,346,REQ-DEF,Requirements,10,S10-N1,"- **S10-N1:** The Subtotal column is unconditionally present, pinned, and bold on every data row. The grand Totals indicator is present whenever at least one summary row exists (a rep row or the Unassigned row)."
SBR,348,RULE,Requirements,10,,---
SBR,350,HEADING,Requirements,11,,### Story 11: Sort the report
SBR,352,STORY-INTRO,Requirements,11,,"**As a** user, **I want** to sort by any financial column, **so that** I can rank reps by the metric I care about."
SBR,354,LABEL,Requirements,11,,**Design:** TBD **Jira:** TBD
SBR,356,LABEL,Requirements,11,,**Prerequisites:** The user is on the report with at least one rep row.
SBR,358,LABEL,Requirements,11,,**Requirements:**
SBR,360,REQ-DEF,Requirements,11,S11-R1,"- **S11-R1:** The user can sort by any financial column (Inv. Hrs, Labor Invoiced, Labor Margin, Parts Invoiced, Parts Margin, Margin, Margin %, Subtotal)."
SBR,361,REQ-DEF,Requirements,11,S11-R2,"- **S11-R2:** Sorting reorders rep summary rows only; invoice detail rows stay grouped under their parent rep, and the Unassigned row (when shown) stays pinned to the top regardless of sort."
SBR,362,REQ-DEF,Requirements,11,S11-R4,"- **S11-R4:** On first load (no remembered sort — Story 23, and before any header click), rows render in **A→Z order** by display name (case-insensitive), with no active/inactive tiers. This is the default."
SBR,363,REQ-DEF,Requirements,11,S11-R5,"- **S11-R5:** **Sort interaction.** Clicking an unsorted financial column header sorts that column **ascending** and shows an ascending direction indicator on it; clicking the same column again toggles to **descending**; there is no third ""cleared"" state. Via the column headers there is no way back to A→Z; the report shows the A→Z default whenever a session carries no valid saved financial sort (S23-R3/R5). Sorting is performed **server-side**: changing the sort re-fetches the rep summary rows from the server in the requested order (a loading indicator is shown per S16-R4). Invoice detail rows continue to load lazily per rep on expand (S6-R2)."
SBR,364,REQ-DEF,Requirements,11,S11-R6,"- **S11-R6:** **Identifier columns are not sortable** (Date, Invoice, Customer, Status do not respond to header clicks). The Date header carries the expand/collapse-all chevron, not a sort affordance."
SBR,365,REQ-DEF,Requirements,11,S11-R7,"- **S11-R7:** **Tie-break.** When two reps have equal values in the sorted column, they retain the default A→Z order. A Margin % cell rendered ""—"" (undefined) sorts as zero."
SBR,367,LABEL,Requirements,11,,**Negative cases:**
SBR,369,REQ-DEF,Requirements,11,S11-N1,"- **S11-N1:** With only one rep row visible, the sort affordances are present but produce no observable change."
SBR,371,RULE,Requirements,11,,---
SBR,373,HEADING,Requirements,12,,### Story 12: Navigate to an invoice or customer
SBR,375,STORY-INTRO,Requirements,12,,"**As a** user, **I want** to click into an invoice and press back to return exactly where I was, **so that** I can investigate without resetting my filters, expansion, or scroll."
SBR,377,LABEL,Requirements,12,,**Design:** TBD **Jira:** TBD
SBR,379,LABEL,Requirements,12,,**Prerequisites:** The user has expanded a rep row.
SBR,381,LABEL,Requirements,12,,**Requirements:**
SBR,383,REQ-DEF,Requirements,12,S12-R1,- **S12-R1:** Each invoice number on a detail row is a clickable link.
SBR,384,REQ-DEF,Requirements,12,S12-R2,- **S12-R2:** Activating it navigates the current tab to the underlying invoice (work order or parts sale).
SBR,385,REQ-DEF,Requirements,12,S12-R3,- **S12-R3:** Each customer name on a detail row is a clickable link that navigates the current tab to the customer's record.
SBR,386,REQ-DEF,Requirements,12,S12-R3a,"- **S12-R3a:** Pressing the browser back button from either destination returns the user to the report with **all** state intact — date range, product type, invoice status, location, Show Unassigned, every rep's expansion state, and scroll position — exactly as they were. Back-navigation must not trigger a full report reload. (This differs from a deliberate page reload, which restores the persisted filters/columns/sort but resets expansion and scroll — Story 23.)"
SBR,387,REQ-DEF,Requirements,12,S12-R4,"- **S12-R4:** **Invoice-number link:** theme-primary color, no underline at rest; an underline appears on hover and on keyboard focus (a visible focus indicator); it does not recolor to browser-purple after a click. Identical in light and dark mode."
SBR,388,REQ-DEF,Requirements,12,S12-R5,"- **S12-R5:** **Customer-name link:** inherits the cell's body text color (never theme-blue), no underline at rest; an underline appears on hover and on keyboard focus; it does not recolor to browser-purple after a click."
SBR,389,REQ-DEF,Requirements,12,S12-R6,- **S12-R6:** S12-R4/R5 hold across light and dark mode and across return visits.
SBR,391,LABEL,Requirements,12,,**Negative cases:**
SBR,393,REQ-DEF,Requirements,12,S12-N1,"- **S12-N1:** If the target invoice is deleted/reversed/unavailable at click time, the tab navigates to the application's standard not-found/access-denied state; back still returns to the report."
SBR,394,REQ-DEF,Requirements,12,S12-N2,- **S12-N2:** Same for an unavailable customer record.
SBR,395,REQ-DEF,Requirements,12,S12-N3,"- **S12-N3:** Underlined-at-rest links, browser-blue customer names, purple post-click links, and opening destinations in a new tab (`target=""_blank""`) are all defects."
SBR,397,RULE,Requirements,12,,---
SBR,399,HEADING,Requirements,13,,### Story 13: Deactivate a sales rep with customer assignments
SBR,401,STORY-INTRO,Requirements,13,,"**As a** manager removing a sales rep from the active roster, **I want** a clear warning when they still have customer assignments, **so that** I do not silently strand a customer's rep relationship."
SBR,403,LABEL,Requirements,13,,**Design:** TBD **Jira:** TBD
SBR,405,LABEL,Requirements,13,,"**Prerequisites:** The user is editing a staff member from staff administration, in the Owner/Administrator/Manager profile (or a custom role with equivalent access). The staff member is currently active and has the sales-rep toggle on."
SBR,407,LABEL,Requirements,13,,**Requirements:**
SBR,409,REQ-DEF,Requirements,13,S13-R1,"- **S13-R1:** When the user toggles the staff member's active status off, the system first runs a precondition check returning the count of distinct customers currently assigned to that staff member as their sales rep, plus a flag indicating whether any assignments exist."
SBR,410,REQ-DEF,Requirements,13,S13-R2,"- **S13-R2:** If there are no assignments, the deactivation applies silently — no dialog."
SBR,411,REQ-DEF,Requirements,13,S13-R3,"- **S13-R3:** If there are assignments, a warning dialog titled ""Deactivate {Staff Name}?"" opens before any change is applied; the deactivation does not commit until confirmed."
SBR,412,REQ-DEF,Requirements,13,S13-R4,"- **S13-R4:** The dialog body shows ""{Staff Name} is the sales rep on {N} customer{s}."" — where the noun is singular for N=1 (""1 customer"") and plural otherwise (""3 customers"") — followed by the reassurance line ""Their customer assignments will stay where they are."""
SBR,413,REQ-DEF,Requirements,13,S13-R6,"- **S13-R6:** Below the reassurance copy, instruction text reads ""Type YES to confirm"" (with ""YES"" emphasized) and a single auto-focused text input."
SBR,414,REQ-DEF,Requirements,13,S13-R7,"- **S13-R7:** The primary action is a ""Deactivate"" button, disabled until the input matches the confirmation word case-insensitively and ignoring leading/trailing whitespace (`yes`, `YES`, `Yes`, `yes` all enable it). Pressing Enter while valid submits. While disabled, hovering it shows the tooltip ""Type YES above to enable."""
SBR,415,REQ-DEF,Requirements,13,S13-R8,"- **S13-R8:** The dialog also has a ""Cancel"" button (red outline) and an ""X"" close icon. It dismisses (without deactivating) on Cancel, X, or Escape. Clicking outside the dialog does **not** dismiss it. Any dismissal leaves the staff member's active status unchanged."
SBR,416,REQ-DEF,Requirements,13,S13-R9,"- **S13-R9:** On a valid submit, the ""Deactivate"" button enters the standard in-flight loading state (non-interactive, in-progress indicator) while the request is in flight; the dialog stays open, and Cancel/X/Escape are all non-interactive during the request. On success the dialog closes and the change applies."
SBR,417,REQ-DEF,Requirements,13,S13-R10,- **S13-R10:** Customer assignments are **not modified** by deactivation. Every customer stays assigned to this rep; denormalized rep names and past invoice snapshots are preserved.
SBR,418,REQ-DEF,Requirements,13,S13-R11,"- **S13-R11:** After deactivation, the staff member's sales-rep toggle state is unchanged by this flow. Because the deactivation set their **staff-active status** to inactive, they appear in the Sales Rep Assignments CSV with ""Rep is active?"" = ""No"" (S15-R6) — that column is driven by staff-active status, not the toggle. Separately, if their sales-rep toggle is later turned off, they render with the ""(Inactive)"" marker (S5-R9) in this report while retaining their credit."
SBR,419,REQ-DEF,Requirements,13,S13-R12,- **S13-R12:** Focus is trapped within the dialog while open and returns to the invoking control on dismiss.
SBR,421,LABEL,Requirements,13,,**Negative cases:**
SBR,423,REQ-DEF,Requirements,13,S13-N1,- **S13-N1:** A user without staff-administration access cannot reach this flow.
SBR,424,REQ-DEF,Requirements,13,S13-N2,"- **S13-N2:** If the staff member does not have the sales-rep toggle on, the precondition check is skipped and no warning is shown."
SBR,425,REQ-DEF,Requirements,13,S13-N3,"- **S13-N3:** If the staff member is already inactive, this flow does not apply (reactivation has no assignment implications and never shows the dialog)."
SBR,426,REQ-DEF,Requirements,13,S13-N4,"- **S13-N4:** If the precondition check itself fails, the system falls back to showing the warning dialog (so the type-to-confirm gate still applies); it never silently deactivates. In this check-failed path the customer count is unavailable, so the dialog **omits the count headline** (S13-R4) and shows only the reassurance line ""Their customer assignments will stay where they are."" above the ""Type YES to confirm"" gate."
SBR,427,REQ-DEF,Requirements,13,S13-N5,"- **S13-N5:** If the deactivation request fails server-side, an error toast is shown (§7) and the active status is unchanged; each fresh dialog open requires a fresh confirmation entry (the input clears on open)."
SBR,429,LABEL,Requirements,13,,**Edge cases:**
SBR,431,REQ-DEF,Requirements,13,S13-E1,"- **S13-E1:** Deactivation never forces reassignment, blocks on assignments, or auto-reassigns; the customer's rep relationship is preserved exactly."
SBR,432,REQ-DEF,Requirements,13,S13-E3,- **S13-E3:** A deactivated rep can be reactivated anytime via the standard toggle; assignments re-surface immediately with no extra action. Reactivation never shows the warning dialog.
SBR,434,RULE,Requirements,13,,---
SBR,436,HEADING,Requirements,14,,### Story 14: PDF and CSV exports
SBR,438,STORY-INTRO,Requirements,14,,"**As a** user, **I want** to download the report as a summary or expanded PDF, or as CSV, **so that** I can hand off a polished view or re-pivot the data outside the application."
SBR,440,LABEL,Requirements,14,,**Design:** TBD **Jira:** TBD
SBR,442,LABEL,Requirements,14,,**Prerequisites:** The user is on the report.
SBR,444,LABEL,Requirements,14,,**Requirements:**
SBR,446,REQ-DEF,Requirements,14,S14-R1,"- **S14-R1:** The toolbar's â‹¯ overflow menu lists exactly four actions: ""Download Summary (PDF)"", ""Download Expanded View (PDF)"", ""Download Summary (CSV)"", ""Download Expanded View (CSV)""."
SBR,447,REQ-DEF,Requirements,14,S14-R2,"- **S14-R2:** All four downloads respect the currently-active filters (date range, product type, invoice status, location, Show Unassigned) and reflect the full result set for those filters, not the on-screen expansion state."
SBR,448,REQ-DEF,Requirements,14,S14-R2a,"- **S14-R2a:** All four downloads render rep rows in the report's **currently-active order** — the active on-screen column sort (column + direction) if one is set, otherwise the A→Z default (S11-R4) — with the Unassigned row (when shown) pinned first (S22-R4). All four exports are **generated server-side** and receive the active filters and sort, so their contents and order match the screen."
SBR,449,REQ-DEF,Requirements,14,S14-R3,"- **S14-R3:** Both PDFs are server-rendered and delivered as a file attachment, in A4 portrait, edge-to-edge, with a header strip (on the first page, and on every per-rep page in the Expanded View) showing the workplace name and address, the organization logo, the report title ""Sales By Representative,"" and the selected date range."
SBR,450,REQ-DEF,Requirements,14,S14-R3a,"- **S14-R3a:** When the organization has no configured logo, the logo region falls back to the default ShopView logo; the PDF still generates normally."
SBR,451,REQ-DEF,Requirements,14,S14-R4,"- **S14-R4:** A footer reading ""Software Powered by ShopView"" appears on every page of both PDFs."
SBR,452,REQ-DEF,Requirements,14,S14-R5,"- **S14-R5:** **Summary PDF** — one rolled-up row per rep, in the report's currently-active order (S14-R2a), with an ""(Inactive)"" tag on toggled-off contributors (S5-R9). Columns: Rep / Inv. Hrs / Labor Invoiced / Labor Margin / Parts Invoiced / Parts Margin / Margin / Margin % / Subtotal. Subtotal bolded across header, body, and the grand totals row; Inv. Hrs colored. The **grand totals row** reads ""Totals"" in the Rep cell and shows, for each metric column, the grand aggregate across all summary rows in the document — rep rows plus the Unassigned row when Show Unassigned is on (money and Inv. Hrs summed from unrounded values; **Margin % recomputed** as total Margin ÷ total Subtotal, ""—"" when ≤ 0)."
SBR,453,REQ-DEF,Requirements,14,S14-R6,"- **S14-R6:** **Expanded View PDF** — one page-block per rep, in the currently-active order (S14-R2a), page break before each new rep after the first, each with the header strip (which already includes the selected date range per S14-R3), the rep's name, and a per-invoice table: Date / Invoice / Customer / Status / Inv. Hrs / Labor Invoiced / Labor Margin / Parts Invoiced / Parts Margin / Margin / Margin % / Subtotal. Each block ends with a **per-rep totals row** (""Totals"" in the Date cell; Invoice/Customer/Status blank; each metric column aggregated as in S14-R5, Margin % recomputed). There is no grand-totals row across all reps."
SBR,454,REQ-DEF,Requirements,14,S14-R7,"- **S14-R7:** In the Expanded View PDF, invoice numbers longer than 18 characters are truncated to the first 18 characters followed by an ellipsis (not counted toward the 18); numbers of 18 characters or fewer are shown in full with no ellipsis. On screen, invoice numbers are never truncated."
SBR,455,REQ-DEF,Requirements,14,S14-R8,"- **S14-R8:** The Expanded View Status column renders the same colored badge as on screen, vertically centered."
SBR,456,REQ-DEF,Requirements,14,S14-R9,"- **S14-R9:** Negative dollar values in either PDF render in accounting parentheses — `($1,234.56)`. No extra color treatment."
SBR,457,REQ-DEF,Requirements,14,S14-R10,"- **S14-R10:** The on-screen `(N)` invoice count does not appear in either PDF (it is an on-screen annotation). The ""(Inactive)"" tag (S5-R9) **does** render on toggled-off contributors' rep names in both PDFs — consistent with S14-R5 and the CSV (S14-R17). Rep names otherwise render plainly."
SBR,458,REQ-DEF,Requirements,14,S14-R11,- **S14-R11:** PDF filenames are deterministic: `sales-by-representative-summary.pdf` and `sales-by-representative-expanded.pdf`.
SBR,459,REQ-DEF,Requirements,14,S14-R12,"- **S14-R12:** Both PDFs adapt body font size to the data on this exact scale. Scan **every formatted *positive* dollar value in the document, including the totals-row values**, take the longest, and map its character count to the **base** body font size below. Negative values do not set the base tier — they are handled solely by the one-tier fit rule in S14-R14. If the document contains no positive dollar value (e.g., the all-`$0.00` empty export per S14-E3, or an all-negative result), the base tier is the **11px** ceiling; because the S14-R14 shift is defined relative to the largest positive value, it does not apply when no positive value exists, so the tier stays 11px:"
SBR,461,REQ-CONT,Requirements,14,S14-R12,| Longest formatted dollar value | Body font size |
SBR,462,REQ-CONT,Requirements,14,S14-R12,| --- | --- |
SBR,463,REQ-CONT,Requirements,14,S14-R12,"| 9 characters or fewer (e.g., `$1,234.56`) | **11px** |"
SBR,464,REQ-CONT,Requirements,14,S14-R12,"| 10 characters (e.g., `$12,345.67`) | **10px** |"
SBR,465,REQ-CONT,Requirements,14,S14-R12,"| 11 characters (e.g., `$100,000.00`) | **9px** |"
SBR,466,REQ-CONT,Requirements,14,S14-R12,"| 12 characters or more (e.g., `$1,000,000.00`) | **8px** |"
SBR,468,REQ-CONT,Requirements,14,S14-R12,  8px is the floor and 11px the ceiling.
SBR,469,REQ-DEF,Requirements,14,S14-R13,- **S14-R13:** Column widths are fixed for the worst-case value range regardless of tier; the layout never breaks.
SBR,470,REQ-DEF,Requirements,14,S14-R14,"- **S14-R14:** Tier selection uses the longest formatted **positive** value (per S14-R12). If a negative value's parenthesized rendering is longer than the largest positive, the export shifts the base tier **one step smaller** to better accommodate the negative, **clamped at the 8px floor** (if already at 8px, it stays 8px). This one-step shift is a readability courtesy, not the overflow guarantee — the fixed column widths (S14-R13) prevent overflow in all cases regardless of the chosen tier."
SBR,471,REQ-DEF,Requirements,14,S14-R15,"- **S14-R15:** **Summary CSV** — file `sales-by-representative-summary.csv`, UTF-8 BOM, one header row + one row per rep in the current filtered view, in the currently-active order (S14-R2a). Headers, in order: `Sales Rep`, `# Invoices`, `# Customers`, `Hrs Worked`, `Hrs Invoiced`, `Inv. Hrs`, `Labor Invoiced`, `Labor Margin`, `Parts Invoiced`, `Parts Margin`, `Margin`, `Margin %`, `Subtotal`. Generated server-side against the current filters and active sort (S14-R2a)."
SBR,472,REQ-DEF,Requirements,14,S14-R16,"- **S14-R16:** **Expanded CSV** — file `sales-by-representative-expanded.csv`, UTF-8 BOM, one header row + one row per invoice flattened across all reps in the currently-active order (S14-R2a), for the current filtered view. Headers, in order: `Sales Rep`, `Date`, `Invoice #`, `Customer`, `Status`, `Hrs Worked`, `Hrs Invoiced`, `Inv. Hrs`, `Labor Invoiced`, `Labor Margin`, `Parts Invoiced`, `Parts Margin`, `Margin`, `Margin %`, `Subtotal`. Generated server-side against the current filters and active sort (S14-R2a). (Build note: the current build populates a single mislabeled hours column here; align it to these three hours columns to match the Summary CSV and the screen.)"
SBR,473,REQ-DEF,Requirements,14,S14-R17,"- **S14-R17:** **CSV cell formatting** (both CSVs): numeric columns are emitted as plain numbers for re-pivoting — **no** currency symbol, thousands separators, or parentheses; a negative value uses a leading minus (`-1234.56`). Money values carry two decimals; `Hrs Worked` / `Hrs Invoiced` / `Inv. Hrs` carry their full stored precision; `Inv. Hrs` keeps its leading `+`/`-` sign. `Margin %` is a number to one decimal (e.g., `45.2`), left **empty** when Margin % is undefined (Subtotal ≤ 0). `Sales Rep` names carry the ""(Inactive)"" tag when applicable; the on-screen `(N)` count is not embedded in the name. Text fields are quoted per standard CSV escaping."
SBR,474,REQ-DEF,Requirements,14,S14-R18,- **S14-R18:** **# Invoices** = the count of the rep's matching invoices in the current filtered view (same as the on-screen `(N)`). **# Customers** = the count of distinct customers across those matching invoices (de-duplicated across locations when several are selected).
SBR,475,REQ-DEF,Requirements,14,S14-R19,"- **S14-R19:** **Unassigned row in exports.** When Show Unassigned is on, the Unassigned row is emitted in all four downloads exactly as it appears on screen: in the Summary PDF and Summary CSV as one rolled-up row whose Rep / `Sales Rep` cell reads the literal ""Unassigned"" (sorted to the top per S22-R4); in the Expanded CSV, its invoices carry `Sales Rep` = ""Unassigned""; in the Expanded View PDF as its own top page-block titled ""Unassigned"". The Summary PDF grand-totals row aggregates across all summary rows including Unassigned (S14-R5); in the Summary CSV, the Unassigned row is simply one of the data rows (the CSV has no totals row, S14-R15). When Show Unassigned is off, no Unassigned row or unassigned invoices appear in any export."
SBR,476,REQ-DEF,Requirements,14,S14-R20,"- **S14-R20:** **Location in exports.** Whenever the Location column is shown on screen (S21-R7), it is included in all four exports in the same position it occupies on screen — Summary and Expanded, PDF and CSV: a Summary (rolled-up) row carries the rep's location, reading **Multiple** when that rep spans more than one location; an Expanded (per-invoice) row carries that invoice's own exact location. In addition, every export (each PDF and each CSV, Summary and Expanded) includes a ""Locations:"" line naming the location or locations the report is scoped to, or ""All locations"" when every location the user has access to is selected — matching the on-screen scope. In a PDF the ""Locations:"" line appears in the header strip; in a CSV it appears as a leading metadata line above the column-header row."
SBR,478,LABEL,Requirements,14,,**Negative cases:**
SBR,480,REQ-DEF,Requirements,14,S14-N1,"- **S14-N1:** If a PDF fails to generate, an error toast is shown (§7)."
SBR,481,REQ-DEF,Requirements,14,S14-N2,"- **S14-N2:** All four exports are generated **server-side** against the active filters and sort, not from loaded screen data, so the former client-side ""export from unloaded or partially-loaded data"" failure mode no longer exists. A genuine server-side export failure (no file produced) shows an error toast (§7) and downloads nothing — never a malformed file. (This is distinct from an empty-but-loaded result, which produces a valid header-row-only file — S14-E3.)"
SBR,482,REQ-DEF,Requirements,14,S14-N3,- **S14-N3:** Users without Reports-section access do not see the â‹¯ menu.
SBR,484,LABEL,Requirements,14,,**Edge cases:**
SBR,486,REQ-DEF,Requirements,14,S14-E1,"- **S14-E1:** While a PDF is generating, the action shows a loading state and is non-interactive until delivered."
SBR,487,REQ-DEF,Requirements,14,S14-E2,"- **S14-E2:** The Expanded View PDF is server-generated and **row-capped**. When the current filter set would produce more invoice detail rows than the export's row cap of 10,000 data rows, the server does **not** produce a truncated file — it declines to generate and an error toast is shown reading ""This export is too large to generate. Narrow the date range or filters and try again."" (§7). Below the cap, the Expanded View PDF may still be large for many reps × many invoices, and that is expected. *(Context note: the row cap is 10,000 data rows.)*"
SBR,488,REQ-DEF,Requirements,14,S14-E3,"- **S14-E3:** **Empty-data export still generates.** Triggering any of the four downloads against a filter set with zero matching invoices produces a file, not an error (S14-N2 applies only to a genuine load failure where no result returned, not to an empty-but-loaded result). The Summary PDF renders the header strip, no data rows, and a grand-totals row showing zeros for the money and Inv. Hrs columns and ""—"" for Margin % (Subtotal ≤ 0, per §3). The Expanded View PDF (no grand-totals row, S14-R6) renders just the header strip with no per-rep blocks. Both report CSVs generate a header-row-only file (with the UTF-8 BOM). No special ""empty"" treatment."
SBR,490,RULE,Requirements,14,,---
SBR,492,HEADING,Requirements,15,,### Story 15: Sales Rep Assignments CSV export
SBR,494,STORY-INTRO,Requirements,15,,"**As a** manager, **I want** a snapshot of every current customer→rep assignment, **so that** I can review who is assigned to whom without compiling it by hand."
SBR,496,LABEL,Requirements,15,,**Design:** TBD **Jira:** TBD
SBR,498,LABEL,Requirements,15,,"**Prerequisites:** The user has Reports access and has opened the Export Reports dialog from the Reports left sidebar (Accounting header → ""Export Reports"" entry; the dialog is titled ""Export Report"")."
SBR,500,LABEL,Requirements,15,,**Requirements:**
SBR,502,REQ-DEF,Requirements,15,S15-R1,"- **S15-R1:** The dialog's Report Name dropdown includes ""Sales Rep Assignments,"" appended at the bottom of the list (additive)."
SBR,503,REQ-DEF,Requirements,15,S15-R2,"- **S15-R2:** Selecting it hides the date range picker and shows the note: ""Snapshot of current sales rep assignments. Both active and inactive reps with assignments are listed."""
SBR,504,REQ-DEF,Requirements,15,S15-R3,- **S15-R3:** The Export action downloads `sales-rep-assignments.csv` and shows a success toast (§7).
SBR,505,REQ-DEF,Requirements,15,S15-R4,"- **S15-R4:** The CSV has a header row + one row per customer. Headers, in order: `Customer Name`, `Sales Rep`, `Rep is active?`. UTF-8 BOM prepended."
SBR,506,REQ-DEF,Requirements,15,S15-R5,"- **S15-R5:** Every customer in the organization with an assigned sales rep produces one row. (Single-rep model: one rep per customer, so one row per customer.)"
SBR,507,REQ-DEF,Requirements,15,S15-R6,"- **S15-R6:** `Rep is active?` = `Yes` when the rep's staff record is currently **active**; `No` when the staff record is **inactive** (e.g., deactivated via Story 13) or has been deleted while the customer still references it. This column reflects the staff member's **active status** — a distinct flag from the sales-rep toggle that drives the report's ""(Inactive)"" marker (S5-R9). The two can differ (a rep can be staff-active but toggle-off, or toggle-on but staff-inactive); this column tracks staff-active status only."
SBR,508,REQ-DEF,Requirements,15,S15-R7,"- **S15-R7:** Rows are sorted by customer name A→Z (primary), then rep name A→Z (secondary)."
SBR,509,REQ-DEF,Requirements,15,S15-R8,"- **S15-R8:** The export is robust to legacy data: a customer whose assigned rep's staff record was cleared or deleted still produces a row, sourced from the customer-side denormalized rep name, with `Rep is active?` = `No`."
SBR,510,REQ-DEF,Requirements,15,S15-R9,"- **S15-R9:** When the denormalized rep-name snapshot differs across customers for the same underlying rep (name drift over time), the export uses each customer's own stored snapshot in that customer's row; drift never adds extra rows for a customer (still one row per customer, S15-R5) and never overwrites one customer's snapshot with another's."
SBR,511,REQ-DEF,Requirements,15,S15-R10,- **S15-R10:** Customers with no assigned rep are not included.
SBR,512,REQ-DEF,Requirements,15,S15-R11,"- **S15-R11:** If generation errors out, an error toast is shown (§7)."
SBR,514,LABEL,Requirements,15,,**Negative cases:**
SBR,516,REQ-DEF,Requirements,15,S15-N1,- **S15-N1:** Users without Reports access cannot reach the dialog or trigger this download.
SBR,517,REQ-DEF,Requirements,15,S15-N2,"- **S15-N2:** With zero assigned customers, the CSV downloads with a header row and no data rows, and the dialog shows its empty-export warning: ""There is no data to export for the selected report."" (§7)."
SBR,519,RULE,Requirements,15,,---
SBR,521,HEADING,Requirements,16,,"### Story 16: Loading, empty, and error states"
SBR,523,STORY-INTRO,Requirements,16,,"**As a** user, **I want** clear feedback while the report loads, when it's empty, or when it fails, **so that** I never mistake one state for another."
SBR,525,LABEL,Requirements,16,,**Design:** TBD **Jira:** TBD
SBR,527,LABEL,Requirements,16,,**Prerequisites:** The user is on the report.
SBR,529,LABEL,Requirements,16,,**Requirements:**
SBR,531,REQ-DEF,Requirements,16,S16-R1,"- **S16-R1:** **Empty state.** When the current filter set produces no rep rows (no rep has a matching invoice and — if Show Unassigned is on — there are no matching unassigned invoices either), the table shows no data rows and the empty-state message ""No sales activity matches the current filters."" The grand Totals indicator is not shown."
SBR,532,REQ-DEF,Requirements,16,S16-R2,"- **S16-R2:** The same empty state is shown when no staff member has ever been credited with an invoice in the current view — there is no separate ""no reps configured"" message; the report is contributor-driven."
SBR,533,REQ-DEF,Requirements,16,S16-R3,"- **S16-R3:** The toolbar (filters, column selector, exports) stays visible and interactive in the empty state."
SBR,534,REQ-DEF,Requirements,16,S16-R4,"- **S16-R4:** **Loading state.** On the initial load and on every filter-triggered re-fetch, the table shows the standard reports loading indicator (a centered spinner over the data area); the grand Totals indicator is hidden during loading. The toolbar stays interactive so the user can change filters. A re-fetch replaces the previous data only when the new data returns (no flash of blank table mid-fetch beyond the spinner overlay)."
SBR,535,REQ-DEF,Requirements,16,S16-R5,"- **S16-R5:** **Error state.** If the initial load or a re-fetch fails (network or server error), the data area shows an inline error message ""Couldn't load the report. Please try again."" with a ""Retry"" action that re-runs the current request. Filters and toolbar remain interactive; the failure does not clear the user's filter selections."
SBR,537,LABEL,Requirements,16,,**Negative cases:**
SBR,539,REQ-DEF,Requirements,16,S16-N1,"- **S16-N1:** When at least one rep row (or the Unassigned row) is in the result set, the rep list renders and none of the empty/error messages are shown."
SBR,541,RULE,Requirements,16,,---
SBR,543,HEADING,Requirements,17,,### Story 17: Mobile usability
SBR,545,STORY-INTRO,Requirements,17,,"**As a** user on a phone, **I want** every filter, control, and export to work on touch, **so that** I can use the report away from a desk."
SBR,547,LABEL,Requirements,17,,**Design:** TBD **Jira:** TBD
SBR,549,LABEL,Requirements,17,,**Prerequisites:** The user opens the report on a phone-sized viewport.
SBR,551,LABEL,Requirements,17,,**Requirements:**
SBR,553,REQ-DEF,Requirements,17,S17-R1,"- **S17-R1:** All toolbar controls (â‹¯ exports, column selector, Show Unassigned toggle, date range picker, Product Type, Invoice Status, Location) are visible and operable on touch."
SBR,554,REQ-DEF,Requirements,17,S17-R2,- **S17-R2:** Below 1024px the toolbar controls stack vertically at full width; at 1024px and above the desktop layout applies.
SBR,555,REQ-DEF,Requirements,17,S17-R3,- **S17-R3:** The â‹¯ exports button is the first control in the toolbar's action cluster (leftmost of the actions). On mobile it wraps to a partial row above the stacked controls.
SBR,556,REQ-DEF,Requirements,17,S17-R4,- **S17-R4:** The data table scrolls horizontally to expose all columns; the pinned Subtotal column stays visible at the right edge during horizontal scroll. The mobile external totals bar is outside the horizontal scroll container and does not scroll horizontally (S10-R5).
SBR,557,REQ-DEF,Requirements,17,S17-R5,- **S17-R5:** The chevron expand/collapse control works on touch.
SBR,558,REQ-DEF,Requirements,17,S17-R6,"- **S17-R6:** All interactive controls in the dense table (chevrons, toggles, the â‹¯ button, the dialog's X) present a touch target of at least 44×44 px."
SBR,560,LABEL,Requirements,17,,**Negative cases:**
SBR,562,REQ-DEF,Requirements,17,S17-N1,"- **S17-N1:** Hover-only tooltips are not shown on touch; the icons communicate the action, and each icon-only control carries an accessible name (S18-R9)."
SBR,564,RULE,Requirements,17,,---
SBR,566,HEADING,Requirements,18,,### Story 18: Visual conformance and accessibility
SBR,568,STORY-INTRO,Requirements,18,,"**As a** user, **I want** the report to use a clean, consistent, accessible layout, **so that** I do not have to re-learn it and can use it with assistive technology."
SBR,570,LABEL,Requirements,18,,**Design:** TBD **Jira:** TBD
SBR,572,LABEL,Requirements,18,,**Prerequisites:** The user is on the report.
SBR,574,LABEL,Requirements,18,,**Requirements — layout/theme:**
SBR,576,REQ-DEF,Requirements,18,S18-R1,- **S18-R1:** The toolbar has a solid white background with padding **32px top / 24px bottom / 2rem left and right**. The title's left edge aligns with the leftmost data column; the rightmost toolbar control (the Location filter) aligns its right edge with the rightmost data column.
SBR,577,REQ-DEF,Requirements,18,S18-R2,- **S18-R2:** The data area sits on the application's standard blue-grey page background.
SBR,578,REQ-DEF,Requirements,18,S18-R3,- **S18-R3:** A thin horizontal separator line sits between the toolbar and the column headers.
SBR,579,REQ-DEF,Requirements,18,S18-R4,"- **S18-R4:** Row types are differentiated by font weight and color, not background color."
SBR,580,REQ-DEF,Requirements,18,S18-R5,- **S18-R5:** The table extends edge-to-edge against the side navigation.
SBR,581,REQ-DEF,Requirements,18,S18-R6,- **S18-R6:** Status badges are vertically centered on detail rows.
SBR,582,REQ-DEF,Requirements,18,S18-R6a,- **S18-R6a:** Column alignment holds on every table row type (S5-R10); Subtotal is always rightmost. Both forms of the grand Totals indicator are exempt.
SBR,583,REQ-DEF,Requirements,18,S18-R7,- **S18-R7:** Normative visual rules (self-contained; no external lookup):
SBR,584,REQ-DEF,Requirements,18,S18-R7.1,    - **S18-R7.1:** Page background = standard blue-grey (light) / standard dark (dark); zero horizontal page padding so the toolbar and table are edge-to-edge.
SBR,585,REQ-DEF,Requirements,18,S18-R7.2,"    - **S18-R7.2:** Toolbar surface white (light) / dark (dark); toolbar contents padded per S18-R1. Toolbar control order, left to right within the action cluster: â‹¯ exports, Column Selection, Show Unassigned, Date Range, Product Type, Invoice Status, Location."
SBR,586,REQ-DEF,Requirements,18,S18-R7.3,    - **S18-R7.3:** A thin separator between toolbar and column-header row.
SBR,587,REQ-DEF,Requirements,18,S18-R7.4,    - **S18-R7.4:** Column-header cells and all body cells render on white (dark equivalents in dark mode); the grand Totals indicator also renders on the white/dark card surface with a thin top border.
SBR,588,REQ-DEF,Requirements,18,S18-R7.5,"    - **S18-R7.5:** The pinned Subtotal column matches the row background (white on body rows), not a contrasting strip."
SBR,589,REQ-DEF,Requirements,18,S18-R7.6,"    - **S18-R7.6:** These rules are the normative spec for this report. If app-wide report styling evolves later, this report's treatment is updated in a new spec round; this spec is the source of truth."
SBR,590,REQ-DEF,Requirements,18,S18-R8,"- **S18-R8: Dark mode.** Page, toolbar, header, body cells, and the grand Totals indicator switch to their dark equivalents; status badges keep the same tokens (S8-R3) and stay legible in both modes; Inv. Hrs green/red use the app's positive/negative tokens (mode-appropriate). PDFs always render in light-mode colors."
SBR,592,LABEL,Requirements,18,,**Requirements — accessibility:**
SBR,594,REQ-DEF,Requirements,18,S18-R9,"- **S18-R9:** Every icon-only control has an accessible name: â‹¯ exports = ""Report actions""; column selector = ""Show or hide columns""; per-row chevron = ""Expand {rep name}"" / ""Collapse {rep name}""; header chevron = ""Expand all reps"" / ""Collapse all reps""; dialog X = ""Close""."
SBR,595,REQ-DEF,Requirements,18,S18-R10,- **S18-R10:** The row chevrons and the sortable column headers are keyboard-focusable and activate on Enter/Space; a chevron exposes its expanded/collapsed state and a sortable header exposes its current sort state to assistive technology.
SBR,596,REQ-DEF,Requirements,18,S18-R11,"- **S18-R11:** The subdued-grey used for the `(N)` count and the ""(Inactive)"" tag meets at least WCAG AA contrast (≥ 4.5:1) against the white body surface in light mode and against the dark surface in dark mode; the reduced font size does not drop it below that ratio."
SBR,597,REQ-DEF,Requirements,18,S18-R12,"- **S18-R12:** No information is conveyed by color alone: Inv. Hrs carries its `+`/`-` sign, status badges carry their text label (S8-R6), and links carry a hover/focus underline (S12-R4/R5)."
SBR,598,REQ-DEF,Requirements,18,S18-R13,"- **S18-R13:** When shown (S21-R7), the **Location** column appears at the end of the leading identifier group — immediately after the **Status** column and before the first metric column (Inv. Hrs) — on every rep summary row and invoice detail row, matching the Location column's placement across the reports suite; it never displaces the pinned **Subtotal** column, which stays rightmost (S10-R1). The toolbar's **Location filter** control keeps a **constant width** regardless of the selected label (a single location name, several names, or ""All Locations""), so the toolbar layout does not shift as the selection changes."
SBR,600,LABEL,Requirements,18,,**Negative cases:**
SBR,602,REQ-DEF,Requirements,18,S18-N1,- **S18-N1:** The visual and accessibility rules apply unconditionally whenever the report is rendered.
SBR,604,RULE,Requirements,18,,---
SBR,606,HEADING,Requirements,19,,### Story 19: Work Order Sales Rep assignment
SBR,608,STORY-INTRO,Requirements,19,,"**As a** service manager or writer, **I want** to assign a Sales Rep on a Work Order, **so that** invoices from that WO carry the correct rep credit without post-invoice correction."
SBR,610,LABEL,Requirements,19,,**Design:** TBD **Jira:** TBD
SBR,612,LABEL,Requirements,19,,**Prerequisites:** The user has an open Work Order or Part Sale WO.
SBR,614,LABEL,Requirements,19,,**Requirements:**
SBR,616,REQ-DEF,Requirements,19,S19-R1,"- **S19-R1:** The left panel includes a ""Sales Rep"" selector on both standard Work Orders and Part Sale WOs. It is hidden on imported Work Orders and in History mode."
SBR,617,REQ-DEF,Requirements,19,S19-R2,- **S19-R2:** The selector offers reps whose sales-rep toggle is currently on. Reps whose toggle is off are not offered as new selections.
SBR,618,REQ-DEF,Requirements,19,S19-R3,- **S19-R3:** A new Work Order or Part Sale WO opens with the Sales Rep field **unassigned**; the user assigns it explicitly. (The report still credits correctly when the WO is left unassigned — S19-R6 — so pre-filling at creation is not required.)
SBR,619,REQ-DEF,Requirements,19,S19-R4,"- **S19-R4:** Changing the Sales Rep persists immediately, with no separate Save step (save-on-change)."
SBR,620,REQ-DEF,Requirements,19,S19-R5,"- **S19-R5:** The selector is read-only (non-interactive) when the WO status is ""Invoiced"" or ""Paid""."
SBR,621,REQ-DEF,Requirements,19,S19-R6,"- **S19-R6:** At invoice creation, the WO's Sales Rep is snapshotted onto the resulting invoice, and that snapshot is what the report reads. When the WO has no rep, the snapshot falls back to the **customer's** assigned rep; when that is also absent, the invoice is unassigned (appears only under the Unassigned row, Story 22)."
SBR,622,REQ-DEF,Requirements,19,S19-R7,"- **S19-R7:** The customer record's left-panel sidebar shows a single ""Sales Rep"" row with the customer's assigned rep; when none is assigned it renders ""Unassigned""."
SBR,623,REQ-DEF,Requirements,19,S19-R8,"- **S19-R8:** The selector carries an accessible name ""Sales Rep""."
SBR,625,LABEL,Requirements,19,,**Edge cases:**
SBR,627,REQ-DEF,Requirements,19,S19-E1,"- **S19-E1:** If the rep bound to a WO has since had their toggle turned off, the selector renders that rep's name with an ""(Inactive)"" indicator so the current assignment is visible; that rep is not offered as a new selection."
SBR,629,LABEL,Requirements,19,,**Negative cases:**
SBR,631,REQ-DEF,Requirements,19,S19-N1,- **S19-N1:** The selector is not present on imported Work Orders.
SBR,632,REQ-DEF,Requirements,19,S19-N2,- **S19-N2:** Changing a WO's Sales Rep does not retroactively alter invoices already created from it.
SBR,634,RULE,Requirements,19,,---
SBR,636,HEADING,Requirements,20,,### Story 20: Column selector
SBR,638,STORY-INTRO,Requirements,20,,"**As a** user, **I want** to show or hide the metric columns, **so that** I can focus on the numbers I care about."
SBR,640,LABEL,Requirements,20,,**Design:** TBD **Jira:** TBD
SBR,642,LABEL,Requirements,20,,**Prerequisites:** The user is on the report.
SBR,644,LABEL,Requirements,20,,**Requirements:**
SBR,646,REQ-DEF,Requirements,20,S20-R1,"- **S20-R1:** The toolbar includes a column selector button opening a dropdown of the seven toggleable metric columns, each with a toggle switch."
SBR,647,REQ-DEF,Requirements,20,S20-R2,"- **S20-R2:** The seven toggleable columns are: Inv. Hrs, Labor Invoiced, Labor Margin, Parts Invoiced, Parts Margin, Margin, Margin %."
SBR,648,REQ-DEF,Requirements,20,S20-R3,"- **S20-R3:** The five always-visible columns (Date, Invoice, Customer, Status, Subtotal) do not appear in the dropdown and cannot be hidden."
SBR,649,REQ-DEF,Requirements,20,S20-R4,- **S20-R4:** Toggling a switch immediately shows/hides that column — no confirm step.
SBR,650,REQ-DEF,Requirements,20,S20-R5,- **S20-R5:** Column visibility is persisted and restored per Story 23.
SBR,651,REQ-DEF,Requirements,20,S20-R6,"- **S20-R6:** On first visit (no remembered preference), all seven metric columns are visible."
SBR,652,REQ-DEF,Requirements,20,S20-R7,"- **S20-R7:** Hiding a metric column removes it from rep summary rows, invoice detail rows, and the grand Totals indicator simultaneously."
SBR,653,REQ-DEF,Requirements,20,S20-R8,- **S20-R8:** The column selector state does not affect any export; all four downloads always include all metric columns.
SBR,654,REQ-DEF,Requirements,20,S20-R9,- **S20-R9:** Hiding the column that is currently the active sort column does not clear the sort; rows stay ordered by that (now-hidden) metric until the user picks another sort or the A→Z default is restored (Story 23). Showing the column again reveals the sort indicator on it.
SBR,656,LABEL,Requirements,20,,**Negative cases:**
SBR,658,REQ-DEF,Requirements,20,S20-N1,"- **S20-N1:** With all seven metric columns hidden, the table still renders the five always-on columns and the grand Totals indicator; it is not an empty or error state."
SBR,660,RULE,Requirements,20,,---
SBR,662,HEADING,Requirements,21,,### Story 21: Filter the report by location
SBR,664,STORY-INTRO,Requirements,21,,"**As a** user who works across more than one location, **I want** to scope the report to one, several, or all locations, **so that** I can review rep performance per shop or org-wide."
SBR,666,LABEL,Requirements,21,,**Design:** TBD **Jira:** TBD
SBR,668,LABEL,Requirements,21,,**Prerequisites:** The user is on the report and has access to more than one location.
SBR,670,LABEL,Requirements,21,,**Requirements:**
SBR,672,REQ-DEF,Requirements,21,S21-R1,"- **S21-R1:** A location filter is the **rightmost** control in the toolbar — a multi-select listing the locations the user has access to, plus an ""All Locations"" option."
SBR,673,REQ-DEF,Requirements,21,S21-R2,"- **S21-R2:** On first load (no remembered setting — Story 23), the filter defaults to the user's **currently active location** only (the location currently selected in the application's location switcher). The default view is thus scoped to the one location the user is working in."
SBR,674,REQ-DEF,Requirements,21,S21-R3,"- **S21-R3:** The user can select several specific locations or ""All Locations."" Changing the selection re-fetches and re-renders scoped to the chosen set."
SBR,675,REQ-DEF,Requirements,21,S21-R4,"- **S21-R4:** Location is part of the contributor gate and cascades through every metric (like S3-R8): a rep appears only if they have ≥1 matching invoice at the selected location(s); rep totals, detail rows, the grand Totals indicator, and the (N)/# counts all reflect only invoices at those locations. An invoice's location is its originating work order's / parts sale's location (§3)."
SBR,676,REQ-DEF,Requirements,21,S21-R5,"- **S21-R5:** Scoping is always constrained to the user's accessible locations; ""All Locations"" means all locations the user can access, never beyond. A location the user cannot access is never included."
SBR,677,REQ-DEF,Requirements,21,S21-R6,- **S21-R6:** All four exports respect the active location filter.
SBR,678,REQ-DEF,Requirements,21,S21-R7,"- **S21-R7:** A per-row **Location** column is shown on the report **only when the current view spans more than one location** — i.e., when more than one location is in scope (several locations selected, or ""All Locations"" resolving to more than one accessible location). When the view is scoped to a single location the column is **hidden**; the one location is already unambiguous."
SBR,679,REQ-DEF,Requirements,21,S21-R8,"- **S21-R8:** When the Location column is shown (S21-R7), its cell reads: on a **rep summary row**, that rep's single location name when all of the rep's matching invoices are at one location, or the literal **Multiple** when they span more than one location; on an **invoice detail row**, that invoice's own exact location (its originating work order's / parts sale's location, §3). ""Multiple"" is used verbatim. The Unassigned summary row (Story 22) follows the same rule as any rep summary row."
SBR,681,LABEL,Requirements,21,,**Negative cases:**
SBR,683,REQ-DEF,Requirements,21,S21-N1,- **S21-N1:** A single-location user still sees the filter with one selectable location; behavior is unchanged from single-location use.
SBR,684,REQ-DEF,Requirements,21,S21-N2,"- **S21-N2:** If the selected location(s) produce no matching invoices, the report shows the empty state (Story 16)."
SBR,686,RULE,Requirements,21,,---
SBR,688,HEADING,Requirements,22,,### Story 22: Show Unassigned invoices
SBR,690,STORY-INTRO,Requirements,22,,"**As a** manager, **I want** to optionally include invoices with no assigned sales rep, **so that** I can see uncredited revenue and follow up."
SBR,692,LABEL,Requirements,22,,**Design:** TBD **Jira:** TBD
SBR,694,LABEL,Requirements,22,,**Prerequisites:** The user is on the report.
SBR,696,LABEL,Requirements,22,,**Requirements:**
SBR,698,REQ-DEF,Requirements,22,S22-R1,"- **S22-R1:** A ""Show Unassigned"" toggle sits in the toolbar between the column selector and the date range picker (per the S18-R7.2 order). It is **off by default** (no remembered setting — Story 23)."
SBR,699,REQ-DEF,Requirements,22,S22-R2,"- **S22-R2:** When off, invoices with no assigned rep contribute to nothing — no row, not counted in any total."
SBR,700,REQ-DEF,Requirements,22,S22-R3,"- **S22-R3:** When on, a single **""Unassigned""** summary row rolls up every matching invoice (respecting all other active filters) that has no assigned rep. The label is ""Unassigned"" verbatim."
SBR,701,REQ-DEF,Requirements,22,S22-R4,"- **S22-R4:** The Unassigned row is **pinned to the top** of the table, above the A→Z reps, and stays pinned regardless of sort (S11-R2)."
SBR,702,REQ-DEF,Requirements,22,S22-R5,"- **S22-R5:** The Unassigned row behaves like any rep summary row: same metric columns, the `(N)` count, expandable (S6-R1) to its contributing invoices, and included in the grand Totals indicator. It never carries an ""(Inactive)"" tag."
SBR,703,REQ-DEF,Requirements,22,S22-R6,- **S22-R6:** Toggling Show Unassigned re-renders the report and recomputes the grand Totals indicator to include or exclude the Unassigned row accordingly.
SBR,705,LABEL,Requirements,22,,**Negative cases:**
SBR,707,REQ-DEF,Requirements,22,S22-N1,"- **S22-N1:** When the toggle is on but there are no matching unassigned invoices, no Unassigned row is shown (an empty Unassigned row is never rendered); if there are also no rep rows, the empty state applies (Story 16)."
SBR,709,RULE,Requirements,22,,---
SBR,711,HEADING,Requirements,23,,### Story 23: Remember filters and view
SBR,713,STORY-INTRO,Requirements,23,,"**As a** user, **I want** the report to remember how I set it up, **so that** I don't re-apply my filters and column choices every visit."
SBR,715,LABEL,Requirements,23,,**Design:** TBD **Jira:** TBD
SBR,717,LABEL,Requirements,23,,**Prerequisites:** The user is on the report.
SBR,719,LABEL,Requirements,23,,**Requirements:**
SBR,721,REQ-DEF,Requirements,23,S23-R1,"- **S23-R1:** The report remembers, per browser, the user's filter and view settings: date range (incl. custom start/end), product type, invoice status, location, Show Unassigned, column visibility, and the active column sort (column + direction). On the next visit — including after leaving and returning, or a page reload — these are restored before the first data fetch."
SBR,722,REQ-DEF,Requirements,23,S23-R2,- **S23-R2:** The report does **not** remember expansion state or scroll position; both reset on reload. (Browser back-navigation from a drilldown is the exception that restores everything — S12-R3a.)
SBR,723,REQ-DEF,Requirements,23,S23-R3,"- **S23-R3:** Restoration is **defensive**: a remembered value that is no longer valid (a location the user can no longer access, a range or sort column that no longer exists, a hidden-but-sorted column) falls back to that setting's default rather than being sent to the server. A stale saved setting can never cause an error or an invalid request."
SBR,724,REQ-DEF,Requirements,23,S23-R4,"- **S23-R4:** With no saved settings (first visit): date range This Month (S2-R7), Product Type ""Parts & Service"" (S3-R3), Invoice Status ""All Statuses"" (S4-R3), Location = active location (S21-R2), Show Unassigned off (S22-R1), all seven metric columns visible (S20-R6), sort = A→Z default (S11-R4)."
SBR,725,REQ-DEF,Requirements,23,S23-R5,"- **S23-R5:** The ""A→Z default"" is a distinct saved value from a financial-column sort; restoring a saved state with no active financial sort returns the report to the A→Z default (S11-R4), not to an arbitrary column."
SBR,727,LABEL,Requirements,23,,**Negative cases:**
SBR,729,REQ-DEF,Requirements,23,S23-N1,- **S23-N1:** Clearing browser storage returns the report to first-visit defaults (S23-R4). No server-side profile is kept.
SBR,731,RULE,Requirements,23,,---
SBR,733,HEADING,User Feedback Summary,,,## 7. User Feedback Summary
SBR,735,NARRATIVE,User Feedback Summary,,,"Every message below is the exact, normative wording — no synonyms, no rephrasing."
SBR,737,TABLE-ROW,User Feedback Summary,,,| Trigger | Message | Behavior |
SBR,738,TABLE-HDR,User Feedback Summary,,,| --- | --- | --- |
SBR,739,TABLE-ROW,User Feedback Summary,,,"| Report data fails to load (initial or re-fetch) | ""Couldn't load the report. Please try again."" | Inline message in the data area with a ""Retry"" action (S16-R5) |"
SBR,740,TABLE-ROW,User Feedback Summary,,,"| Report empty for current filters | ""No sales activity matches the current filters."" | Inline empty-state message in the data area (S16-R1) |"
SBR,741,TABLE-ROW,User Feedback Summary,,,"| Download Summary (PDF) fails | ""Ooooops! An error occured"" | Error toast, persists 120s (or until dismissed) |"
SBR,742,TABLE-ROW,User Feedback Summary,,,"| Download Expanded View (PDF) fails | ""Ooooops! An error occured"" | Error toast, persists 120s (or until dismissed) |"
SBR,743,TABLE-ROW,User Feedback Summary,,,"| Download Summary/Expanded (CSV) fails | ""Ooooops! An error occured"" | Error toast, persists 120s (or until dismissed) |"
SBR,744,TABLE-ROW,User Feedback Summary,,,"| Expanded View PDF export exceeds the row cap | ""This export is too large to generate. Narrow the date range or filters and try again."" | Error toast, persists 120s (or until dismissed) (S14-E2) |"
SBR,745,TABLE-ROW,User Feedback Summary,,,"| Sales Rep Assignments CSV export succeeds | ""Success"" with caption ""Report downloaded."" | Success toast, auto-fades after 5s |"
SBR,746,TABLE-ROW,User Feedback Summary,,,"| Sales Rep Assignments CSV export fails | ""An error occurred while exporting the report. Please try again."" | Error toast, auto-fades after 5s |"
SBR,747,TABLE-ROW,User Feedback Summary,,,"| Sales Rep Assignments — nothing to export | ""There is no data to export for the selected report."" | Dialog warning (S15-N2) |"
SBR,748,TABLE-ROW,User Feedback Summary,,,| Deactivation succeeds | (No toast — the staff edit dialog closes.) | — |
SBR,749,TABLE-ROW,User Feedback Summary,,,"| Deactivation fails (server error) | ""Ooooops! An error occured"" with caption ""For more information, please contact support. Include your request ID: \[{request-id}\] when reaching out for faster assistance."" | Error toast, persists 120s (or until dismissed) |"
SBR,751,NARRATIVE,User Feedback Summary,,,"The ""Ooooops! An error occured"" wording (typo-as-shipped) is the canonical ShopView fallback for system/generation errors, used for the four report-download failures and the deactivation server error. The **Sales Rep Assignments** export is the one deliberate exception: it is delivered through the shared Export Reports dialog and uses that dialog's own success/failure/empty strings (rows above), which auto-fade at 5s. The **Expanded View PDF row-cap guardrail** (S14-E2) is a second deliberate exception: it is a pre-generation refusal, not a generation failure, and carries its own specific message (row above) rather than the canonical fallback. All other error toasts on this report use the canonical string."
SBR,753,HEADING,Change Log,,,## 8. Change Log
SBR,755,TABLE-HDR,Change Log,,,| Date | Reporter | Change |
SBR,756,TABLE-HDR,Change Log,,,| --- | --- | --- |
SBR,757,CHANGELOG-ROW,Change Log,,,"| 2026-07-11 | @claude | Report renamed to **""Sales By Representative""** (full word). S1-R1/R5/R6 updated; S1-R7 added (nav padding must fit the longer label). PDF title + export filenames → `sales-by-representative-*`. |"
SBR,758,CHANGELOG-ROW,Change Log,,,"| 2026-07-11 | @claude | Money-column labels standardized (Labor/Parts **Margin**, **Margin**, new **Margin %**). Concrete definitions added in §3 for Subtotal (Labor+Parts Invoiced, pre-tax), Margin (invoiced − cost), Margin % (Margin÷Subtotal, 1dp, ""—"" when ≤ 0, **recomputed on every aggregate, never summed**), Inv. Hrs (billed labor-line hours − technician clocked hours), payment status, invoice date, invoice location, reversed, and half-up rounding. |"
SBR,759,CHANGELOG-ROW,Change Log,,,"| 2026-07-11 | @claude | Filters: ""Type"" → **""Product Type""** (Story 3); added **""All Time""** (S2-R6/R8); added **Story 21 (Location filter)**; added **Story 22 (Show Unassigned)**; added **Story 23 (Remember filters/view)**; §2 Out of Scope corrected (filters/columns/sort persist; expansion/scroll do not). Toolbar order locked (S18-R7.2). |"
SBR,760,CHANGELOG-ROW,Change Log,,,"| 2026-07-11 | @claude | **Rep universe = contributors-only + plain A→Z** (per owner decision). A rep appears only if ≥1 non-reversed invoice matches ALL active filters (S5-R1); no blank placeholder rows (removed the prior blank-zero-row rules); empty state when none (Story 16). Default sort plain A→Z, no active/inactive tiers (S11-R4). *(Build delta: current handler seeds all toggle reps + tiered sort → change to contributors-only + A→Z.)* |"
SBR,761,CHANGELOG-ROW,Change Log,,,"| 2026-07-11 | @claude | **Toggled-off contributors still appear, credited, marked ""(Inactive)""** (S5-R9, §3, S13-R11) so grand Totals reconcile to the period's invoices. |"
SBR,762,CHANGELOG-ROW,Change Log,,,"| 2026-07-11 | @claude | **Single sales-rep model locked** (per owner decision, reaffirming the 2026-05-19 intent): one rep per customer/WO/invoice; snapshot = WO rep → customer rep → Unassigned (§3, Assumptions, S19-R6/R7, S13, S15). *(Build delta: shipped schema stores dual parts/service reps → collapse to one + rework invoice crediting.)* |"
SBR,763,CHANGELOG-ROW,Change Log,,,"| 2026-07-11 | @claude | Story 19: dropped the create-time ""default to customer's rep"" (ambiguous, redundant with the invoice-time fallback); field opens unassigned (S19-R3), invoice-time fallback stated (S19-R6). WO selector save-on-change (S19-R4) and read-only-when-Invoiced/Paid (S19-R5) now stated inline (no reference to another feature). |"
SBR,764,CHANGELOG-ROW,Change Log,,,"| 2026-07-11 | @claude | Exports hardened: server-rendered PDFs; totals-row Margin % recomputed (S14-R5/R6); font-tier scan includes totals values and clamps at the 8px floor (S14-R12/R14); Expanded CSV given the same three hours columns as the Summary CSV (S14-R16, build-delta noted); CSV numeric formatting rule added (S14-R17, plain numbers, `Margin %` empty when undefined); `# Invoices`/`# Customers` defined (S14-R18); on-screen invoice numbers not truncated (S14-R7). |"
SBR,765,CHANGELOG-ROW,Change Log,,,"| 2026-07-11 | @claude | Contradiction fixes from the 10-reviewer audit: desktop Totals merged cell spans **four** leading identifier columns, not five (S5-R10, S10-R5); Assignments ""Rep is active?"" value is **Yes/No**, not ""Deactivated"" (§3/S13-R11/S15-R6); §7 error-toast note scoped truthfully; deactivation dialog pluralizes ""customer/customers"" (S13-R4); sort direction/toggle/indicator + tie-break specified (S11-R5/R7); mobile totals-bar scroll behavior clarified (S10-R5); â‹¯/Location toolbar positions reconciled (S18-R1, S18-R7.2). |"
SBR,766,CHANGELOG-ROW,Change Log,,,"| 2026-07-11 | @claude | New: **Story 16 rewritten** to cover loading, empty, and error states with verbatim strings (§7); **Story 18 accessibility block** added (icon-control names, keyboard, focus trap, contrast, touch targets, no-color-only); §1 softened (no bulk-reassignment feature); §2 Feature Overview now lists the deactivation flow and the customer-record rep display. |"
SBR,767,CHANGELOG-ROW,Change Log,,,"| 2026-07-21 | @chris / @claude | Milan re-review resolution: **payment status** now maps all five canonical system states (`unpaid`, `prepaid`, `partially_paid`, `paid`, `overpaid`) to the three display values, with `prepaid` = **Paid** when balance owed is zero, else **Partially Paid** (`overpaid` = **Paid**); mapping made the single source of truth for both the status badge (S8-R2) and the Invoice Status filter predicate (S4-R4) (§3). Added an Expanded View PDF **row-cap guardrail** (10,000 data rows) with a verbatim ""too large / narrow the date range or filters"" message (S14-E2, §7). Added tech-plan context notes for per-rep detail page size and bounded expand-all (S6-R2). Verified the S14-R12 font-size tier table is intact (all four rows, 8px floor / 11px ceiling) — no loss found in local files, the 2026-07-16 snapshot, or live. |"
SBR,768,CHANGELOG-ROW,Change Log,,,"| 2026-07-16 | @chris / @claude | Removed **All Time** (D1); capped **Custom** at a **366-day** max span (D3); moved data fetching **server-side** — lazy per-rep invoice drill-down (S6-R2), all four exports server-generated against filters + sort (S14-R2a/R15/R16), server-side sort (S11-R5), server-computed grand totals over the full filtered set (S10-R5); removed the S14-N2 client-side failure mode; header cleanup (removed the loose Companion Video and status-badge paragraphs, unified to the 4-row header table). Per Milan Zivanovic's 2026-07-15 engineering review; the server-side model is the committed build target (spec ahead of current code by design). |"
SBR,769,CHANGELOG-ROW,Change Log,,,"| 2026-07-29 | @chris / @claude | Added a per-row **Location** column, shown only when the current view spans more than one location: a rep summary row spanning more than one location reads **Multiple**, a single-location rep row reads that location's name, and each invoice detail row reads its exact location (§2, §3, §4, S21-R7/R8, S18-R13); the column is carried into all four exports and every export gains a ""Locations:"" line naming the scope (S14-R20); the Location filter control is constant-width (S18-R13). Padding watch: the report's display label ""Sales By Representative"" is longer than the ""Sales By Rep"" shorthand — verify the nav entry, toolbar title, and PDF header strip fit the full label without truncation (S1-R7). |"
PV,1,CAPTURE-HDR,,,,# Parts Velocity Report
PV,3,CAPTURE-HDR,,,,> **VERBATIM LIVE CAPTURE — current Confluence spec**
PV,4,CAPTURE-HDR,,,,> - pageId: 620888066
PV,5,CAPTURE-HDR,,,,> - Page title: Parts Velocity Report
PV,6,CAPTURE-HDR,,,,"> - Confluence `lastModified` (live, read this run): **Jul 29, 2026**"
PV,7,CAPTURE-HDR,,,,"> - **TRUE Confluence version (metadata.version via `fetch` ARI, read 2026-08-03): v4**"
PV,8,CAPTURE-HDR,,,,> - Confluence space: ~712020aa00b8d6a71f4259891982a304227c20 (Chris Ward)
PV,9,CAPTURE-HDR,,,,> - Captured: 2026-08-03 via the Atlassian MCP `getConfluencePage` (contentFormat=markdown)
PV,10,CAPTURE-HDR,,,,> - ⚠️ This capture pipeline (MCP markdown) is NOT byte-comparable with the 2026-07-31 captures
PV,11,CAPTURE-HDR,,,,">   (REST storage-format -> html2text). Compare by requirement text, not by byte diff."
PV,12,CAPTURE-HDR,,,,> - The 2026-07-31 captures are RETAINED unchanged in `../../spec-current-2026-07-31/`.
PV,14,RULE,,,,---
PV,16,TABLE-ROW,(front matter),,,|  |  |
PV,17,TABLE-HDR,(front matter),,,| --- | --- |
PV,18,META-TABLE,(front matter),,,| **Epic** | TBD |
PV,19,META-TABLE,(front matter),,,| **Owner** | TBD |
PV,20,META-TABLE,(front matter),,,| **Status** | In review — 2026-07-16 |
PV,21,META-TABLE,(front matter),,,| **Branch** | TBD |
PV,23,HEADING,Parts Velocity Report,,,# Parts Velocity Report
PV,25,HEADING,Business Case,,,## 1. Business Case
PV,27,NARRATIVE,Business Case,,,"Parts managers have no quick way to see which stocked parts are driving sales versus sitting idle, and no visibility into how often special-order parts are being sourced for jobs. Without this visibility, reorder decisions rely on gut feel: fast-moving parts stock out, slow-moving parts tie up capital on the shelf, and frequently-ordered special-order items that could be stocked go unnoticed. The Parts Velocity report ranks each part by its sales activity — across both inventory-held and special-order parts — and pairs that movement signal with per-part profitability (revenue, cost, margin), giving managers a single screen to identify what to stock more aggressively, what to monitor, which special-order items are ordered often enough to consider carrying, and which parts actually make money."
PV,29,NARRATIVE,Business Case,,,"A secondary goal is consistency: the report uses the same clean reporting layout as the rest of the application's reports, so users don't have to re-learn the screen when they move between reports."
PV,31,RULE,Business Case,,,---
PV,33,HEADING,Feature Overview,,,## 2. Feature Overview
PV,35,HEADING,Feature Overview,,,### Core ShopView
PV,37,NARRATIVE,Feature Overview,,,- A report under **Reports → Parts** shows all parts (inventory and special-order) ranked by their sales activity over a selected date range. The **Parts** section under Reports is new — this feature introduces it (see S1-R1).
PV,38,NARRATIVE,Feature Overview,,,"- Parts are split into two types: **Inventory** (stocked on the shelf, tracked in the inventory system) and **Special Order** (parts sourced from a vendor on a per-job basis)."
PV,39,NARRATIVE,Feature Overview,,,"- On load, rows are ranked by **Demand** (descending) — the part's transaction frequency — so the most-active parts surface first. The user can re-sort by any column."
PV,40,NARRATIVE,Feature Overview,,,"- Each row carries both **movement** metrics (Units Sold, Units Returned, Sold (WO), Sold (Parts Sale), Demand, Last Sale) and **profitability** metrics (**Unit Cost, Sell Price, Revenue, Margin, Margin %**), plus inventory-stocking metrics (On Hand, Turns / Yr, Min, Max) for inventory parts."
PV,41,NARRATIVE,Feature Overview,,,"- A **Type** filter lets users view both types together, or drill into one type at a time. The report also filters by date range, category, vendor, bin location, and **location** (one, several, or all of the locations the user has access to), plus a toolbar search across part number and description."
PV,42,NARRATIVE,Feature Overview,,,"- Special-order rows always show `—` for inventory-only metrics (On Hand, Turns / Yr, Min, Max) because special-order parts are not held in inventory."
PV,43,NARRATIVE,Feature Overview,,,"- Users can show or hide individual columns from a column picker. The report **remembers the user's filters, column selection, and sort** in the browser and restores them on the next visit; those saved values take precedence over the first-visit defaults."
PV,44,NARRATIVE,Feature Overview,,,"- The report can be exported as CSV or PDF. Both exports reflect the filters, columns, and sort order active at the time of export."
PV,45,NARRATIVE,Feature Overview,,,"- The report uses the application's standard two-tone report layout — white card surfaces on a soft blue-grey backdrop, edge-to-edge table."
PV,46,NARRATIVE,Feature Overview,,,"- The report is **server-paginated**: filtering, sorting, and paging are all resolved on the server, which returns one page of rows at a time. This is what keeps the report responsive at scale — an organization can carry 50–60k parts, multiplied across locations."
PV,47,NARRATIVE,Feature Overview,,,"- When the current scope spans **more than one location**, the report shows a per-row **Location** column identifying each row's location; the column is hidden when a single location is in scope. Every export names the location scope in a **""Locations:""** line regardless."
PV,49,HEADING,Feature Overview,,,### Out of Scope
PV,51,NARRATIVE,Feature Overview,,,- Editing any part attribute (including Min and Max) from this report. Min and Max are shown as **read-only** display columns; there is no edit/slide-over in this version.
PV,52,NARRATIVE,Feature Overview,,,"- Movement-group (A/B/C/D) classification — no group labels, summary cards, or threshold settings. (Demand frequency is calculated and used as the default ranking, but no A/B/C/D banding is exposed.)"
PV,53,NARRATIVE,Feature Overview,,,- Creating or placing purchase orders from this report.
PV,54,NARRATIVE,Feature Overview,,,- Real-time inventory sync or webhook-driven updates; the report reflects data as of the last page load or filter change.
PV,55,NARRATIVE,Feature Overview,,,"- An **""All Time""** date range. The report always operates over a bounded date window, so an unbounded ""All Time"" option is deliberately not offered here; the date range is always one of the bounded options in S2-R2. *(Note: ""Last Sale"" is measured over all-time history regardless — see §4 — but that is a per-part lookback calculation, not a selectable date range.)*"
PV,57,RULE,Feature Overview,,,---
PV,59,HEADING,Key Decisions,,,## 3. Key Decisions
PV,61,NARRATIVE,Key Decisions,,,"- **Demand frequency is the ranking metric.** The report ranks parts by how many separate transactions each part appeared on (its **Demand** count) in the selected date range — not by revenue or cost. This ranks parts by consistency of movement, a more reliable reorder signal than dollar volume, and stays stable against price changes and promotions. The on-screen primary sales quantity is **Units Sold**, but the default row order is **Demand**, descending."
PV,62,NARRATIVE,Key Decisions,,,"- **Profitability columns come from billed work-order lines, netting reversals.** **Revenue, Margin, Unit Cost, Sell Price, and Margin %** are all derived from the billed part lines on the invoiced/paid work orders (and vendor part requests) in the window, and a reversed/voided sale is **excluded** from them — consistent with Units Sold, which also nets reversals (S5-R1/S5-R4b). This is a **different basis** from **Units Sold** in one respect: Units Sold counts inventory stock decrements (movement), while the profitability columns sum the billed part-line quantities/amounts. The two can therefore differ for the same inventory row (e.g., a drop-ship or negative-stock sale bills without a matching stock decrement), which is expected (S5-R7) and is called out to the user by the Units Sold tooltip (S3-R6). For special-order rows the two share one basis (the vendor request quantity), so they do not diverge."
PV,63,NARRATIVE,Key Decisions,,,"- **Special-order rows come from vendor-sourced part requests.** Special-order parts are identified as vendor-sourced parts requested on invoiced or paid work orders. Each special-order part appears as a single report row, merged across the selected locations (S3-R1a)."
PV,64,NARRATIVE,Key Decisions,,,"- **Inventory rows are per location.** An inventory part is a per-location stock record, so the same part number stocked at two selected locations produces **two** inventory rows — one per location, each with that location's own On Hand / Min / Max (S3-R1a). Inventory On Hand / Min / Max are never summed across locations."
PV,65,NARRATIVE,Key Decisions,,,"- **Special-order inventory metrics are always null.** Special-order parts are not stocked, so On Hand, Turns / Yr, Min, and Max are not applicable and always render as `—`."
PV,66,NARRATIVE,Key Decisions,,,"- **Units Returned counts initiated returns, net of cancellations.** It is sourced from part-return records — created by a work-order part return or a parts-sale credit, not from invoice voids: each return adds its quantity; each cancelled return is excluded. Counted the same way for both inventory and special-order parts. Core-charge returns are excluded."
PV,67,NARRATIVE,Key Decisions,,,"- **Core parts are excluded** from both the inventory and special-order result sets (S5-R1, S5-R2)."
PV,68,NARRATIVE,Key Decisions,,,"- **A part is shown when it has any real in-window activity or stock.** An inventory row is dropped only when it has **no stock movement, no billed revenue, and less than one unit on hand** — so a part that made money in the window is never dropped for lack of stock movement (S3-N1). Special-order rows are built solely from actual vendor requests in the window, so a never-requested special-order part simply produces no row."
PV,69,NARRATIVE,Key Decisions,,,"- **14 default-visible columns.** The default view surfaces identity, the primary movement signals (Units Sold, Demand, Last Sale), the profitability columns, and On Hand; the 6 remaining columns are secondary movement or inventory-threshold columns, hidden by default and available via the column picker (S4-R2/R3)."
PV,70,NARRATIVE,Key Decisions,,,- **Search covers Part # and Description only.** Category and Vendor are better served by their dedicated filter controls; broadening search to those creates false matches on common words.
PV,71,NARRATIVE,Key Decisions,,,"- **The report remembers the user's view, per browser.** Filters (type, date range, category, vendor, bin, location), the column selection, and the active sort are saved in the browser (not tied to the account) and restored on the next visit, overriding the first-visit defaults (S4-R6)."
PV,72,NARRATIVE,Key Decisions,,,"- **Export matches the current filters and sort.** The CSV and PDF reflect the filters, search, column selection, and active sort in effect when the user triggers the download — not a full unfiltered dump. One deliberate difference between the printed/exported grid and the on-screen grid is documented where it occurs: the export right-aligns numeric/money columns and centers the Type column (versus all-left-aligned on screen, S6-R10). Because sorting is resolved server-side (S3-R3), null placement is identical on screen and in the export — there is no longer an on-screen-vs-export null-sorting difference."
PV,73,NARRATIVE,Key Decisions,,,"- **A per-row Location column appears only when more than one location is in scope.** When the scope spans a single location the column is hidden (the scope is unambiguous); when it spans more than one, each row shows its location — an inventory row shows its own location's name, while a merged special-order row (aggregated across locations, S3-R1a) shows the literal **Multiple**. Every export additionally carries a ""Locations:"" line naming the scope, so a multi-location export is never ambiguous about which locations it covers."
PV,75,RULE,Key Decisions,,,---
PV,77,HEADING,Terminology,,,## 4. Terminology
PV,79,NARRATIVE,Terminology,,,"- **Inventory part** — A part held in stock at a location, tracked in the inventory system with an on-hand quantity. Each location's stock of a part is its own record (so one part number can be several inventory rows across locations)."
PV,80,NARRATIVE,Terminology,,,"- **Special Order part** — A part sourced from a vendor on a per-job basis via a part request. Not stocked; no on-hand quantity. One report row per special-order part, merged across the selected locations."
PV,81,NARRATIVE,Terminology,,,- **Type** — The classification of a report row: `Inventory` or `Special Order`.
PV,82,NARRATIVE,Terminology,,,"- **Demand** (a.k.a. demand frequency) — The number of separate stock-decrement transactions (for inventory parts) or vendor part requests (for special-order parts) that included a given part in the selected date range. Each transaction counts once regardless of quantity. A later reversal of a sale does not add to, or subtract from, the count (S5-R4). This is the default ranking signal."
PV,83,NARRATIVE,Terminology,,,"- **Units Sold** — For an inventory part, the net quantity moved off the shelf via stock-movement events in the window (net of invoice reversals; can be zero or negative if reversals exceed sales). For a special-order part, the total quantity across its in-window vendor requests (net of reversed/voided sales, per S5-R4b). This is a *stock-movement* figure and can differ from the billed units behind the profitability columns for inventory parts (see §3, S5-R7)."
PV,84,NARRATIVE,Terminology,,,"- **Revenue / Margin / Unit Cost / Sell Price / Margin %** — The per-part profitability columns, all derived from billed part lines (S5-R4a). Revenue = billed sell amount; Margin = Revenue − cost of goods sold; Unit Cost = cost ÷ billed units; Sell Price = Revenue ÷ billed units; Margin % = Margin ÷ Revenue as a percentage."
PV,85,NARRATIVE,Terminology,,,"- **Turns / Yr** (annual turns) — How many times the on-hand stock of an inventory part sells through in a year, annualized from the in-window sales rate. Not applicable to special-order parts."
PV,86,NARRATIVE,Terminology,,,"- **Last Sale** — Whole days between today and the part's most recent sale, measured over **all-time** history (ignoring the selected date range) but **scoped to the selected location(s)**. This all-time lookback is a per-part calculation and is unrelated to the ""All Time"" date range the report does not offer (§2)."
PV,87,NARRATIVE,Terminology,,,"- **Location (column)** — A per-row column, shown only when the current scope spans more than one location, naming the location a row belongs to. A row that maps to a single location shows that location's name; a merged special-order row (aggregating more than one location) shows the literal **Multiple**. Hidden entirely when a single location is in scope. Separately, every export carries a ""Locations:"" line naming the scope, reading ""All locations"" when every location the user has access to is selected."
PV,89,RULE,Terminology,,,---
PV,91,HEADING,Assumptions,,,## 5. Assumptions
PV,93,NARRATIVE,Assumptions,,,"- A sale counts only when its **work order or parts sale** is at status **Invoiced** or **Paid**; anything in any other status does not contribute to the report. A **parts sale** (created in **Parts → Parts Sale**, a counter sale) is a separate workflow from a service work order, but **both** feed the report's sales metrics — see *Sold (WO)* (service work orders) and *Sold (Parts Sale)* (parts sales) in S5-R4."
PV,94,NARRATIVE,Assumptions,,,- Special-order parts are identified as vendor-sourced parts carrying a catalogue part reference; that is the only special-order classification in use.
PV,95,NARRATIVE,Assumptions,,,- A return is recorded when it is initiated (a work-order part return or a parts-sale credit); cancelling a return flags it as cancelled rather than deleting the record.
PV,96,NARRATIVE,Assumptions,,,- Each part is uniquely identified within a workplace as either an inventory part (inventory rows) or a special-order part (special-order rows).
PV,97,NARRATIVE,Assumptions,,,- Work orders are one of two types — **Service** or **Parts** — which is why Sold (WO) (Service) and Sold (Parts Sale) (Parts) together cover every billed work order.
PV,99,RULE,Assumptions,,,---
PV,101,HEADING,Requirements,,,## 6. Requirements
PV,103,HEADING,Requirements,1,,### Story 1: Report Access & Location
PV,105,STORY-INTRO,Requirements,1,,"Where the report lives in the Reports navigation, and the access required to open it."
PV,107,LABEL,Requirements,1,,**Design:** TBD   **Jira:** TBD
PV,109,LABEL,Requirements,1,,**Prerequisites:** User can access the Reports section (Manager or Office User role).
PV,111,LABEL,Requirements,1,,**Requirements:**
PV,113,REQ-DEF,Requirements,1,S1-R1,"- **S1-R1:** The report is accessible from the Reports navigation under a **Parts** section heading, labeled **Parts Velocity**. **This feature creates the Parts section** — the application has no Parts reports today, so the ""Parts"" grouping does not exist in the Reports navigation yet and must be added; Parts Velocity is its first (and, in this release, only) report. A dev should not assume a Parts reports section already exists."
PV,114,REQ-DEF,Requirements,1,S1-R2,"- **S1-R2:** On a first visit (no saved view — S4-R6), the date range defaults to **This Year** and data is fetched automatically. On a return visit the saved date range is used instead."
PV,115,REQ-DEF,Requirements,1,S1-R3,"- **S1-R3:** While data is loading (initial load or any server-side filter change), the table displays a loading indicator; existing rows are replaced only when the new data returns."
PV,116,REQ-DEF,Requirements,1,S1-R4,- **S1-R4:** Both loading the report and exporting it require the **Inventory Reports → View** permission. A user without that permission is denied the report data and the export.
PV,118,LABEL,Requirements,1,,**Negative cases:**
PV,120,REQ-DEF,Requirements,1,S1-N1,- **S1-N1:** Users without the Manager or Office User role cannot reach the Reports section and will not see the Parts Velocity navigation entry (enforced by the Reports section's access control).
PV,121,REQ-DEF,Requirements,1,S1-N2,"- **S1-N2:** A user who has the Reports-section role but lacks the **Inventory Reports → View** permission (S1-R4) still sees the Parts Velocity navigation entry (the entry follows section access); on opening the report they are shown the standard access-denied state rather than data, and the export is likewise denied. *(Build-note: confirm the FE uses this shown-then-denied model rather than hiding the entry, aligning with how the platform's other Inventory-Reports-permissioned reports behave.)*"
PV,123,RULE,Requirements,1,,---
PV,125,HEADING,Requirements,2,,### Story 2: Filters & Search
PV,127,STORY-INTRO,Requirements,2,,The filters and search available on the report; each reloads data from the server.
PV,129,LABEL,Requirements,2,,**Design:** TBD   **Jira:** TBD
PV,131,LABEL,Requirements,2,,**Prerequisites:** Report data has loaded.
PV,133,LABEL,Requirements,2,,**Requirements:**
PV,135,REQ-DEF,Requirements,2,S2-R1,"- **S2-R1:** The toolbar provides a **Type** filter (single-select, first in the filter row) with options: **Both**, **Inventory**, **Special Order**. On a first visit (no saved view) the default is **Both**. Selecting a value immediately reloads the report data. **Both** is an explicit selection that returns inventory and special-order rows together — it is a deliberate filter value, not the absence of a filter."
PV,136,REQ-DEF,Requirements,2,S2-R2,"- **S2-R2:** The toolbar provides a **date range** selector offering exactly these options: **Today, Yesterday, This Week, Last Week, This Month, Last Month, This Year, Last Year, This Quarter, Last Quarter, Custom**. On a first visit the default is **This Year**; there is no ""All Time"" option (see §2 Out of Scope). Selecting any non-custom option immediately reloads the report data. The named ranges use the application's standard shared calendar boundaries (the same boundaries every report's date picker uses); this report does not define its own."
PV,137,REQ-DEF,Requirements,2,S2-R3,"- **S2-R3:** Custom date range opens a date picker requiring both a start and an end date, with the start on or before the end. The Custom range is capped at a **366-day maximum span** (inclusive of both the start and end dates); a wider selection is rejected. Data reloads once both valid dates are selected."
PV,138,REQ-DEF,Requirements,2,S2-R4,- **S2-R4:** The toolbar provides a **Category** multi-select filter. Selecting one or more categories limits the table to parts in those categories.
PV,139,REQ-DEF,Requirements,2,S2-R5,- **S2-R5:** The toolbar provides a **Vendor** multi-select filter. Selecting one or more vendors limits the table to parts supplied by those vendors.
PV,140,REQ-DEF,Requirements,2,S2-R6,"- **S2-R6:** A **search input in the report's own toolbar** (page-specific, not the application's global search bar) filters to rows where the part number **or** description contains the search string, case-insensitively."
PV,141,REQ-DEF,Requirements,2,S2-R7,- **S2-R7:** All active filters combine with AND logic — a part must satisfy every active filter to appear.
PV,142,REQ-DEF,Requirements,2,S2-R8,"- **S2-R8:** The toolbar provides a **Bin** multi-select filter. Selecting one or more bin locations reloads the data limited to inventory parts stocked in any of the selected bins. Because special-order parts have no bin location, **all special-order rows are excluded whenever any bin filter is active** — so Type = Special Order combined with any Bin filter yields an empty result, by design."
PV,143,REQ-DEF,Requirements,2,S2-R9,"- **S2-R9:** The toolbar provides a **Location** multi-select filter as the **rightmost** control in the filter row, listing the locations the signed-in user has access to plus an ""All Locations"" option. On a first visit it defaults to the user's **currently active location** (the location currently selected in the application's global location switcher). Selecting one, several, or all locations reloads the data scoped to that set. Scoping is always constrained to the user's accessible locations — ""All Locations"" means all locations the user can access, never beyond; a location the user cannot access is never included. The location filter cascades through every metric like the other filters (S2-R7)."
PV,144,REQ-DEF,Requirements,2,S2-R10,"- **S2-R10:** All filters and search apply **server-side**: Type, date range, Bin location, Location, Category, Vendor, and the toolbar search each trigger a fresh server-side data load, returning the first page of the new result set. There is no client-side-only narrowing — every filter or search change re-queries the server."
PV,145,REQ-DEF,Requirements,2,S2-R11,- **S2-R11:** The empty state (S2-N1) is shown whenever the server returns zero rows for the current filters and search.
PV,146,REQ-DEF,Requirements,2,S2-R12,"- **S2-R12:** When the Location filter (S2-R9) resolves to **more than one** location in scope, the table shows a per-row **Location** column identifying each row's location; when a single location is in scope the column is **hidden**. Per-row values follow S3-R10."
PV,148,LABEL,Requirements,2,,**Negative cases:**
PV,150,REQ-DEF,Requirements,2,S2-N1,"- **S2-N1:** If no parts match the combined filters, the table displays the empty state (§7)."
PV,152,LABEL,Requirements,2,,**Edge cases:**
PV,154,REQ-DEF,Requirements,2,S2-E1,- **S2-E1:** A part with no category assigned does not appear when any Category filter is active.
PV,155,REQ-DEF,Requirements,2,S2-E2,- **S2-E2:** A part with no vendor assigned does not appear when any Vendor filter is active.
PV,156,REQ-DEF,Requirements,2,S2-E3,- **S2-E3:** A part with no bin location assigned does not appear when any Bin filter is active.
PV,157,REQ-DEF,Requirements,2,S2-E4,- **S2-E4:** A user with access to only one location still sees the Location filter with a single selectable location; behavior is unchanged from single-location use.
PV,159,RULE,Requirements,2,,---
PV,161,HEADING,Requirements,3,,### Story 3: Data Table
PV,163,STORY-INTRO,Requirements,3,,"One row per part (per location for inventory): how rows rank and sort, and how each cell renders."
PV,165,LABEL,Requirements,3,,**Design:** TBD   **Jira:** TBD
PV,167,LABEL,Requirements,3,,**Prerequisites:** Report data has loaded.
PV,169,LABEL,Requirements,3,,**Requirements:**
PV,171,REQ-DEF,Requirements,3,S3-R1,"- **S3-R1:** The table displays one row per part, showing the columns currently enabled in the column picker (see Story 4). Calculation of each column's value is defined in Story 5."
PV,172,REQ-DEF,Requirements,3,S3-R1a,"- **S3-R1a:** **Row model across locations.** An **inventory** part is a per-location stock record: the same part number stocked at N of the selected locations produces N inventory rows, each carrying that one location's On Hand / Min / Max (never summed). A **special-order** part produces a single row, with its movement and profitability values **summed across** the selected locations. (Money columns being additive, the special-order merge reconciles cleanly.)"
PV,173,REQ-DEF,Requirements,3,S3-R2,"- **S3-R2:** Rows load ranked by **Demand**, descending (see Story 5 for the metric). Inventory and special-order rows are ranked together; rows with equal Demand keep inventory-before-special-order order. This initial Demand-descending order is the **active sort** — the Demand header shows the descending indicator (S3-R3), and it is what S4-R6 persists as the saved sort until the user clicks another header."
PV,174,REQ-DEF,Requirements,3,S3-R3,"- **S3-R3:** All columns are sortable by clicking the column header. The **first click** on a not-currently-sorted column sorts it **ascending**; clicking the active sort column again reverses the direction. The active sort column shows a direction indicator (an arrow that flips for descending). Sorting is resolved **server-side**: each header click re-fetches the data ordered by the chosen column and direction (returning the first page of the re-sorted result set). Ties keep a stable order — no explicit secondary key. As a **server sort semantic**, null/`—` values are placed **first on ascending, last on descending**. Because the sort is applied server-side, the export renders the exact same ordering — including null placement (S6-R4); there is no on-screen-vs-export null-sorting difference."
PV,175,REQ-DEF,Requirements,3,S3-R4,- **S3-R4:** The header row is sticky — it stays visible while the table body scrolls vertically.
PV,176,REQ-DEF,Requirements,3,S3-R5,- **S3-R5:** The **Type** column displays `Inventory` or `Special Order` as plain text.
PV,177,REQ-DEF,Requirements,3,S3-R6,"- **S3-R6:** Three columns — **Units Sold**, **Demand**, and **Turns / Yr** — carry a grey **â“˜** icon immediately to the right of the header label. The icon is always-on (not a hover-to-reveal affordance), shown whenever its column is visible; Units Sold and Demand are visible by default, while Turns / Yr is hidden by default (S4-R3), so its icon appears only once that column is enabled. Hovering the icon shows the description; the icon is also focusable and exposes the same text to assistive technology, and activating it does not trigger a column sort. The verbatim descriptions are:"
PV,179,REQ-CONT,Requirements,3,S3-R6,| Column | Description shown |
PV,180,REQ-CONT,Requirements,3,S3-R6,| --- | --- |
PV,181,REQ-CONT,Requirements,3,S3-R6,"| Units Sold | Units taken out of inventory stock on invoiced work orders in this date range. This is stock movement, so it can differ from the units billed behind Revenue and Sell Price. |"
PV,182,REQ-CONT,Requirements,3,S3-R6,"| Demand | Number of separate transactions (work orders or parts sales) this part appeared on in the selected date range. Each transaction counts once, no matter how many units were sold on it. |"
PV,183,REQ-CONT,Requirements,3,S3-R6,| Turns / Yr | How many times you sell through this part in a year. Higher is better. |
PV,185,REQ-CONT,Requirements,3,S3-R6,"These tooltip strings are deliberate plain-language summaries for the manager; the authoritative, exhaustive metric definitions are in S5-R4 / S5-R4a (which, e.g., also include Paid work orders and — for special-order rows — vendor requests)."
PV,187,REQ-DEF,Requirements,3,S3-R7,"- **S3-R7:** The Description, Category, and Vendor columns truncate long text with an ellipsis on screen; the full value is available on native hover (browser tooltip) and is written in full to the CSV export (S6). **Part # is never truncated** (on screen or in any export)."
PV,188,REQ-DEF,Requirements,3,S3-R8,"- **S3-R8:** All columns — header label and cell data, including numeric and money columns — are **left-aligned** on screen. (The PDF/CSV exports right-align the numeric and money columns; see S6-R10 — a deliberate export-only difference.)"
PV,189,REQ-DEF,Requirements,3,S3-R9,"- **S3-R9:** Wherever a value is null, it renders as `—` (em-dash) — in the table and all exports. The fields that can be null are **On Hand, Turns / Yr, Min, and Max** (always null for special-order rows), **Unit Cost** and **Sell Price** (null when billed units ≤ 0), **Margin %** (null when Revenue ≤ 0), and **Last Sale** (null when the row has no recorded sale). **Revenue, Margin, and the movement count metrics (Units Sold, Units Returned, Sold (WO), Sold (Parts Sale), Demand) are never null** — they render `$0.00` / `0.00` / `0` when there is no activity. Full per-column formatting is in S5-R5."
PV,190,REQ-DEF,Requirements,3,S3-R10,"- **S3-R10:** When the per-row **Location** column is shown (more than one location in scope, S2-R12), each row's value follows the row model (S3-R1a): an **inventory** row — a per-location stock record — shows **its own location's name**; a merged **special-order** row, which aggregates across the selected locations, shows the literal **Multiple**. A drill-down/detail row shows the exact single location it belongs to. The column is auto-managed by the location scope (it is **not** one of the 20 columns in the picker, S4-R1, and is not user-toggleable) and is hidden entirely when a single location is in scope."
PV,192,LABEL,Requirements,3,,**Negative cases:**
PV,194,REQ-DEF,Requirements,3,S3-N1,"- **S3-N1:** An inventory part is excluded from the report only when it has **zero net stock movement (Units Sold = 0) AND less than one unit on hand AND zero billed revenue in the window**. A part meeting all three carries neither a sales signal nor stock nor money to act on. A part with billed Revenue \> 0 is always kept even if it had no stock movement and no on-hand stock (e.g., a drop-ship sale). (Special Order is not subject to a separate rule: special-order rows come only from actual in-window vendor requests, so a never-sold special-order part simply produces no row.)"
PV,196,LABEL,Requirements,3,,**Edge cases:**
PV,198,REQ-DEF,Requirements,3,S3-E1,"- **S3-E1:** Because Units Sold is net of reversals, an inventory part can show a Units Sold of `0.00` or a negative value (reversals exceeding sales in the window) while still appearing (it has on-hand stock or billed revenue). Negative movement renders with a leading minus (S5-R5); it is not floored to zero. A part invoiced then fully reversed in-window can show Demand `1` with Units Sold `0.00` — **provided it still has on-hand stock or other billed revenue keeping it in the result set**; a fully-reversed part with zero net movement, no on-hand stock, and no residual revenue is excluded per S3-N1 (Demand is not itself a keep-criterion). The reversal does not decrement the Demand count (S5-R4)."
PV,200,RULE,Requirements,3,,---
PV,202,HEADING,Requirements,4,,### Story 4: Columns & Remembered View
PV,204,STORY-INTRO,Requirements,4,,"Which columns show by default, and how each user's filters, column choices, and sort are remembered and restored."
PV,206,LABEL,Requirements,4,,**Design:** TBD   **Jira:** TBD
PV,208,LABEL,Requirements,4,,**Prerequisites:** Report data has loaded.
PV,210,LABEL,Requirements,4,,**Requirements:**
PV,212,REQ-DEF,Requirements,4,S4-R1,"- **S4-R1:** A column picker is accessible via a toolbar button. It lists all **20** available columns, each with a toggle."
PV,213,REQ-DEF,Requirements,4,S4-R2,"- **S4-R2 (default shown columns):** On a first visit (no saved selection), the report shows exactly these **14** columns, in this on-screen left-to-right order: **Type, Part #, Description, Category, Vendor, Units Sold, Unit Cost, Sell Price, Revenue, Margin, Margin %, Demand, Last Sale, On Hand**. The other 6 columns start hidden."
PV,214,REQ-DEF,Requirements,4,S4-R3,"- **S4-R3:** The **6** columns hidden by default (available via the picker) are: **Units Returned, Sold (WO), Sold (Parts Sale), Turns / Yr, Min, Max**."
PV,215,REQ-DEF,Requirements,4,S4-R4,"- **S4-R4:** On-screen, columns always render in their fixed canonical left-to-right order regardless of the order in which they were toggled on. The canonical order is: **Type, Part #, Description, Category, Vendor, Units Sold, Units Returned, Sold (WO), Sold (Parts Sale), Unit Cost, Sell Price, Revenue, Margin, Margin %, Demand, Last Sale, On Hand, Turns / Yr, Min, Max**."
PV,216,REQ-DEF,Requirements,4,S4-R5,- **S4-R5:** Toggling a column takes effect immediately; the table re-renders without a page reload.
PV,217,REQ-DEF,Requirements,4,S4-R6,"- **S4-R6 (view remembered per browser):** The report saves, in this browser (not tied to the user account), the current **filters** (Type, date range incl. custom start/end, categories, vendors, bin locations, location), **column selection**, and **active sort** (column + direction). On the next visit — including after leaving and returning, or a page reload — these saved values are restored **before** the first data fetch and take precedence over the first-visit defaults (S1-R2, S2-R1/R2/R9, S3-R2). The column selection returns to the user's last **non-empty** selection rather than the 14-column default (the all-hidden case is the exception, S4-E1). Restoration is defensive: a saved value that is no longer valid (e.g., a location no longer accessible, or a custom range that is now malformed) falls back to that setting's default rather than being sent to the server. Because storage is per-browser, a different user signing in on the same browser inherits the saved view (there is no per-account separation)."
PV,219,LABEL,Requirements,4,,**Negative cases:**
PV,221,REQ-DEF,Requirements,4,S4-N1,"- **S4-N1:** If a saved view predates the current version of the report's saved format (its stored schema version does not match the current one), the system ignores the stale view and loads the current defaults (This Year / Both / active location / 14-column set / Demand-desc)."
PV,223,LABEL,Requirements,4,,**Edge cases:**
PV,225,REQ-DEF,Requirements,4,S4-E1,"- **S4-E1:** The picker enforces no minimum — a user may switch off all 20 columns, leaving a grid with no data columns for the rest of that session. An all-hidden (empty) selection is **not** retained as restorable: on the next visit the report falls back to the default 14-column set. An export triggered with zero columns enabled produces a file containing only the header/metadata rows and no data columns."
PV,227,RULE,Requirements,4,,---
PV,229,HEADING,Requirements,5,,### Story 5: Metric Calculations
PV,231,STORY-INTRO,Requirements,5,,"The authoritative source, formula, and on-screen format for every column — the single reference for the table, the exports, and the tests."
PV,233,LABEL,Requirements,5,,**Design:** N/A (reference section)   **Jira:** TBD
PV,235,NARRATIVE,Requirements,5,,**Definitions:**
PV,237,NARRATIVE,Requirements,5,,"- **Window** — the whole-day span of the selected range, inclusive of both the start and end dates, with a floor of 1 day (so a single-day range such as Today has Window = 1). This is the divisor used to annualize Turns / Yr."
PV,238,NARRATIVE,Requirements,5,,"- **Work-order date** — the work order's end date. Special Order sourcing, the Sold (WO) / Sold (Parts Sale) metrics, **and the profitability columns' billed-line window** are all anchored to this date. (Only Invoiced/Paid work orders count at all — see Assumptions; this defines *which* of their dates does the windowing.) Inventory **Units Sold and Demand** are windowed instead by the inventory-movement event date — so for an inventory part the movement anchor and the billed/work-order anchor can differ; that is intended (see S5-R7). **Last Sale is not windowed at all** — it is measured over all-time history (S5-R4), scoped to the selected location(s)."
PV,239,NARRATIVE,Requirements,5,,"- **Billed units** — the summed quantity of the part on the billed work-order part lines (and vendor requests) in the window, excluding reversed/voided sales (S5-R4a). This is the basis for the profitability columns and can differ from Units Sold for an inventory part (S5-R7)."
PV,240,NARRATIVE,Requirements,5,,- All metrics are scoped to the current selected location(s) (S2-R9).
PV,242,LABEL,Requirements,5,,**Requirements:**
PV,244,REQ-DEF,Requirements,5,S5-R1,"- **S5-R1: Inventory data source.** Inventory movement metrics are derived from the inventory-movement events generated when a work order is invoiced (which decrement stock) or when an invoice is reversed/voided (which add stock back), dated within the selected window. **Parts flagged as a core are excluded** from the inventory result set."
PV,245,REQ-DEF,Requirements,5,S5-R2,"- **S5-R2: Special-order data source.** Special-order metrics are derived from vendor-sourced part requests (carrying a catalogue part reference, and **not a core**) on work orders with status **Invoiced** or **Paid** whose work-order date falls within the window — grouped so each special-order part is one row (summed across the selected locations, S3-R1a)."
PV,246,REQ-DEF,Requirements,5,S5-R3,"- **S5-R3: Returns data source (Units Returned).** Units Returned is sourced from part-return records — the record written when a return is initiated, via a work-order part return or a parts-sale credit — NOT from inventory movements or invoice reversals. Cancelled returns are excluded; core-charge returns are excluded; the count is scoped to the current location(s) and to returns whose initiation date falls within the window. Inventory rows attribute returns to the inventory part; special-order rows attribute them to the special-order part."
PV,247,REQ-CONT,Requirements,5,S5-R3,"    - **Live state, not a snapshot:** the column always reflects the current state of return records — initiating a return adds its quantity; cancelling it removes the quantity again."
PV,248,REQ-CONT,Requirements,5,S5-R3,"    - **Date anchor:** returns are dated by their initiation date, while sales are dated by their own sale event date (per S5-R1 for inventory and S5-R2 for special-order). Because each uses its own natural event date, a return and its originating sale can fall in different report windows. Units Returned for a part is independent of the work order's current invoice status."
PV,249,REQ-CONT,Requirements,5,S5-R3,"    - **Row existence:** a part whose only in-window event is a return (no sale, no on-hand stock, no billed revenue) is excluded per S3-N1, so its return would not surface; this is accepted (the report's row axis is sales/stock activity, not returns)."
PV,250,REQ-DEF,Requirements,5,S5-R4,- **S5-R4: Movement column calculations.**
PV,252,REQ-CONT,Requirements,5,S5-R4,| Column | Inventory part | Special Order part |
PV,253,REQ-CONT,Requirements,5,S5-R4,| --- | --- | --- |
PV,254,REQ-CONT,Requirements,5,S5-R4,"| **Units Sold** | The net quantity moved off the shelf across in-window invoicing events: invoicing a work order adds the units sold; reversing/voiding an invoice subtracts them — so Units Sold is **net of invoice reversals** (and can be `0.00` or negative). Part returns do NOT affect Units Sold. | Total quantity across the special-order part's in-window vendor requests (summed across selected locations), net of reversed/voided sales (S5-R4b). |"
PV,255,REQ-CONT,Requirements,5,S5-R4,| **Units Returned** | Total returned quantity from part-return records attributed to this inventory part (see S5-R3). | Total returned quantity from part-return records attributed to this special-order part (see S5-R3). |
PV,256,REQ-CONT,Requirements,5,S5-R4,"| **Sold (WO)** | Total part quantity on **Service**-type invoiced/paid work orders whose work-order date is in the window, net of reversed/voided sales (S5-R4b). | Same calc, on special-order requests. |"
PV,257,REQ-CONT,Requirements,5,S5-R4,"| **Sold (Parts Sale)** | Total part quantity on **Parts**-type invoiced/paid work orders whose work-order date is in the window, net of reversed/voided sales (S5-R4b). | Same calc, on special-order requests. |"
PV,258,REQ-CONT,Requirements,5,S5-R4,"| **Demand** | Count of in-window invoicing events that decremented stock; each counts once. A reversal event neither adds to nor subtracts from the count, so a fully-reversed in-window sale keeps Demand `1` while Units Sold nets to `0.00`. | Count of in-window vendor part requests. |"
PV,259,REQ-CONT,Requirements,5,S5-R4,"| **Last Sale** | Whole days from today to the part's most recent sale at the selected location(s), over **all-time** history — not limited to the window. | Whole days from today to the special-order part's most recent vendor-sourced invoiced/paid request at the selected location(s), over **all-time** history. |"
PV,260,REQ-CONT,Requirements,5,S5-R4,| **On Hand** | The part's current on-hand quantity **at that row's location** (per S3-R1a; never summed across locations). | `—` (not applicable). |
PV,261,REQ-CONT,Requirements,5,S5-R4,"| **Turns / Yr** | `(Units Sold ÷ Window days × 365) ÷ On Hand`; renders `0.00` when On Hand is 0. Because Units Sold can be negative, Turns / Yr can be negative. | `—` (not applicable). |"
PV,262,REQ-CONT,Requirements,5,S5-R4,| **Min** | The part's stored minimum reorder threshold at that row's location (read-only). | `—` (not applicable). |
PV,263,REQ-CONT,Requirements,5,S5-R4,| **Max** | The part's stored maximum reorder threshold at that row's location (read-only). | `—` (not applicable). |
PV,265,REQ-DEF,Requirements,5,S5-R4b,"- **S5-R4b: Reversal-netting across the billed-line columns.** **Sold (WO)**, **Sold (Parts Sale)**, and **special-order Units Sold** are billed-work-order-line quantities and — like the profitability columns (S5-R4a) — **exclude reversed/voided sales** (net of reversals). Inventory Units Sold already nets reversals via the stock add-back (S5-R1). Netting consistently across the whole billed-line family (Revenue, Margin, Unit Cost, Sell Price, billed units, Sold (WO), Sold (Parts Sale), and special-order Units Sold) is what makes the S5-R7 reconciliation identities hold and keeps a voided sale from inflating any column. *(Build-delta: the current billed-side queries do not net reversals; this applies to all the billed-line columns listed here, together.)*"
PV,266,REQ-DEF,Requirements,5,S5-R4a,"- **S5-R4a: Profitability column calculations.** All five are derived from the **billed part lines** in the window — for inventory, the part lines on invoiced/paid Service- and Parts-type work orders (windowed by work-order date); for special-order, the vendor part requests. **Reversed/voided sales are excluded** from these sums (netting reversals, consistent with Units Sold). Let **Revenue** = the summed billed sell amount (each line's stored sell price × quantity), **COGS** = the summed billed cost (each line's cost captured at billing time), and **billed units** = the summed billed quantity."
PV,268,REQ-CONT,Requirements,5,S5-R4a,| Column | Formula (both inventory and special-order) | Null rule |
PV,269,REQ-CONT,Requirements,5,S5-R4a,| --- | --- | --- |
PV,270,REQ-CONT,Requirements,5,S5-R4a,| **Revenue** | Revenue (summed billed sell amount in the window). | Never null (`$0.00` when none). |
PV,271,REQ-CONT,Requirements,5,S5-R4a,| **Margin** | Revenue − COGS. | Never null (`$0.00` when none). |
PV,272,REQ-CONT,Requirements,5,S5-R4a,| **Unit Cost** | COGS ÷ billed units. | `—` when billed units ≤ 0. |
PV,273,REQ-CONT,Requirements,5,S5-R4a,| **Sell Price** | Revenue ÷ billed units. | `—` when billed units ≤ 0. |
PV,274,REQ-CONT,Requirements,5,S5-R4a,"| **Margin %** | (Revenue − COGS) ÷ Revenue × 100, to one decimal. | `—` when Revenue ≤ 0. |"
PV,276,REQ-CONT,Requirements,5,S5-R4a,"- The three unit/ratio columns use **independent** null triggers (Unit Cost/Sell Price on billed units ≤ 0; Margin % on Revenue ≤ 0). Because the triggers differ, mixed rows are valid and correct (not defects): a row may show Revenue and Margin as dollar amounts with **Unit Cost / Sell Price** `—` (billed units = 0 while revenue is booked — e.g. a credit/adjustment with revenue but no billed quantity) while **Margin % is still computed** from Revenue; or show a Sell Price of `$0.00` with **Margin %** `—` (billed units \> 0 but Revenue 0); and all three of Unit Cost / Sell Price / Margin % show `—` together **only** when both billed units ≤ 0 **and** Revenue ≤ 0."
PV,277,REQ-CONT,Requirements,5,S5-R4a,- All five are computed from the **raw** (unrounded) Revenue / COGS / billed-units totals and rounded **once** at the end (S5-R7); they are not built from already-rounded intermediate values.
PV,278,REQ-DEF,Requirements,5,S5-R5,- **S5-R5: On-screen number formatting.**
PV,279,REQ-CONT,Requirements,5,S5-R5,"    - Units Sold, Units Returned, Sold (WO), Sold (Parts Sale), On Hand, Turns / Yr → two decimals with thousands separators (e.g. `1,250.00`); a negative value uses a leading minus (e.g. `-3.00`). Of these, **On Hand and Turns / Yr** render `—` when null (special-order rows); the four count metrics (Units Sold, Units Returned, Sold (WO), Sold (Parts Sale)) are **never null** (they render `0.00`)."
PV,280,REQ-CONT,Requirements,5,S5-R5,"    - Unit Cost, Sell Price, Revenue, Margin → currency, two decimals with thousands separators and a `$` (e.g. `$1,250.00`); a negative value uses a leading minus, no parentheses (e.g. `-$45.00`); null → `—` (Unit Cost / Sell Price only; Revenue and Margin are never null)."
PV,281,REQ-CONT,Requirements,5,S5-R5,"    - Margin % → one decimal with a trailing `%` (e.g. `33.8%`); a negative uses a leading minus, no `+` on positives (e.g. `-8.4%`); null → `—`."
PV,282,REQ-CONT,Requirements,5,S5-R5,    - Demand → whole number (never null; `0` when none).
PV,283,REQ-CONT,Requirements,5,S5-R5,"    - Min, Max → whole number; null → `—`."
PV,284,REQ-CONT,Requirements,5,S5-R5,    - Last Sale → `N days` (e.g. `42 days`); null → `—`.
PV,285,REQ-DEF,Requirements,5,S5-R6,- **S5-R6:** An on-hand cost value is computed internally for the report but is **not** a selectable column and is never displayed to the user.
PV,286,REQ-DEF,Requirements,5,S5-R7,"- **S5-R7 (movement and profitability bases differ, not additive):** **Units Sold** (inventory stock movement) is computed from a different source than the profitability columns' **billed units** (billed work-order lines). For an inventory part the two can differ — e.g., Revenue ÷ Sell Price need not equal Units Sold — and this is correct behavior, surfaced to the user by the Units Sold tooltip (S3-R6). Likewise **Units Sold**, **Sold (WO)**, and **Sold (Parts Sale)** are computed over different event sets and are **not** expected to equal one another versus Units Sold. Because work orders are only Service- or Parts-type (Assumptions), **Sold (WO) + Sold (Parts Sale) together do equal the billed-units basis**, but neither equals the movement-based Units Sold. For special-order rows the movement quantity and billed units share one source (the vendor request quantity), so Units Sold, Sold (WO) + Sold (Parts Sale), and billed units all reconcile for special-order. **Rounding:** all money and one-decimal values round **half away from zero** (a tie rounds up in magnitude — e.g., `-8.45%` → `-8.5%`, `8.45%` → `8.5%`). *(Build note: a separate ""Units Billed"" column was considered to make each inventory row self-reconcile; it was deferred in favor of the Units Sold tooltip. Revisit only if users still trip on the cross-column math.)*"
PV,288,RULE,Requirements,5,,---
PV,290,HEADING,Requirements,6,,### Story 6: Exports (CSV & PDF)
PV,292,STORY-INTRO,Requirements,6,,What the CSV and PDF exports contain and how they are formatted.
PV,294,LABEL,Requirements,6,,**Design:** TBD   **Jira:** TBD
PV,296,LABEL,Requirements,6,,**Prerequisites:** Report data has loaded.
PV,298,LABEL,Requirements,6,,**Requirements:**
PV,300,REQ-DEF,Requirements,6,S6-R1,"- **S6-R1:** A **â‹¯** overflow button in the toolbar (leftmost in the toolbar's action cluster) opens an export menu with two items, in this order: **Download (PDF)** and **Download (CSV)**."
PV,301,REQ-DEF,Requirements,6,S6-R2,"- **S6-R2:** Both exports reflect the date range, type, category, vendor, bin location, location, and search active at the time of export."
PV,302,REQ-DEF,Requirements,6,S6-R3,"- **S6-R3:** Both exports include only the columns currently enabled, in the **canonical on-screen order** (S4-R4) — the export mirrors the visible grid. *(Build-delta: the current export builds its column order from the user's visible-columns array, which appends a re-enabled hidden column at the end rather than in its canonical slot; align it to the canonical order so the export column order matches the screen.)*"
PV,303,REQ-DEF,Requirements,6,S6-R4,"- **S6-R4:** Both exports reflect the active sort column and direction; rows appear in that order — for **every** column, including Min and Max. When the active sort is the default **Demand descending** (the user has not chosen another column), that order is exported. Because the sort is resolved server-side (S3-R3), the export renders rows in the exact server order — including null placement (nulls first on ascending, last on descending) — so the export and on-screen grid match."
PV,304,REQ-DEF,Requirements,6,S6-R5,- **S6-R5:** The CSV downloads as `velocity-report.csv`; the PDF as `velocity-report.pdf`.
PV,305,REQ-DEF,Requirements,6,S6-R6,"- **S6-R6:** The PDF is formatted for **A3 landscape**, titled **Parts Velocity**. In the PDF, Description, Category, and Vendor are truncated to 18 characters. **Part # is not truncated. The CSV carries the full, untruncated Description / Category / Vendor values.**"
PV,306,REQ-DEF,Requirements,6,S6-R7,"- **S6-R7:** A null value in any nullable field renders as `—` (em-dash) in both CSV and PDF: **Unit Cost, Sell Price, Margin %, On Hand, Turns / Yr, Last Sale, Min, Max**. (Revenue, Margin, and the count metrics are never null.)"
PV,307,REQ-DEF,Requirements,6,S6-R8,- **S6-R8:** Last Sale renders as `N days` (e.g. `42 days`) in the PDF; the CSV renders the raw integer.
PV,308,REQ-DEF,Requirements,6,S6-R9,"- **S6-R9:** On a successful download, a success toast reads **""Velocity report exported (CSV)""** or **""Velocity report exported (PDF)""**."
PV,309,REQ-DEF,Requirements,6,S6-R10,"- **S6-R10:** In the CSV and PDF, the **Type** column is centered, the text columns (Part #, Description, Category, Vendor) are left-aligned, and **every numeric and money column is right-aligned** — a deliberate export-only treatment that differs from the all-left-aligned on-screen table (S3-R8), because right-aligned numerics read better in a static printed/spreadsheet grid."
PV,310,REQ-DEF,Requirements,6,S6-R11,"- **S6-R11:** Every export includes the per-row **Location** column whenever it is shown on screen (more than one location in scope, S2-R12 / S3-R10), in its on-screen column position. Both exports also include a ""Locations:"" line naming the location or locations the report is scoped to, or ""All locations"" when every location the user has access to is selected. In the PDF the ""Locations:"" line appears in the header area; in the CSV it appears as a leading metadata line above the column-header row."
PV,312,LABEL,Requirements,6,,**Negative cases:**
PV,314,REQ-DEF,Requirements,6,S6-N1,"- **S6-N1:** If an export fails, an error toast is shown. The server-provided message is used when available; otherwise the toast reads **""Failed to export velocity report (csv)""** or **""Failed to export velocity report (pdf)""**."
PV,316,RULE,Requirements,6,,---
PV,318,HEADING,Requirements,7,,### Story 7: Visual Conformance
PV,320,STORY-INTRO,Requirements,7,,The report's visual treatment (self-contained normative rules).
PV,322,LABEL,Requirements,7,,**Design:** TBD   **Jira:** TBD
PV,324,LABEL,Requirements,7,,**Requirements:**
PV,326,REQ-DEF,Requirements,7,S7-R1,- **S7-R1:** The page uses the two-tone theme: white card surfaces (toolbar + table cells) on the standard soft blue-grey page background. No card border-radius (edge-to-edge table).
PV,327,REQ-DEF,Requirements,7,S7-R2,"- **S7-R2:** The toolbar background is white (dark mode: black). Internal toolbar padding is 32px top, 2rem right, 24px bottom, 2rem left."
PV,328,REQ-DEF,Requirements,7,S7-R3,- **S7-R3:** Table header cells have a white background and a 1px top border separating them from the toolbar.
PV,329,REQ-DEF,Requirements,7,S7-R4,- **S7-R4:** Table body cells have a white background.
PV,330,REQ-DEF,Requirements,7,S7-R5,- **S7-R5:** The leftmost cell in every row (header and body) has 2rem left padding; the rightmost cell has 2rem right padding.
PV,331,REQ-DEF,Requirements,7,S7-R6,"- **S7-R6:** The report supports dark mode; page background, toolbar, and cells use their dark-mode equivalents. The grey â“˜ info icon uses a token that meets at least a 3:1 contrast ratio against the cell background in both light and dark mode."
PV,332,REQ-DEF,Requirements,7,S7-R7,"- **S7-R7:** These rules are the normative visual spec for this report as built. If the application's report styling evolves after this spec is locked, this report's visual treatment should be updated in a new spec round; this spec is the source of truth for this report."
PV,333,REQ-DEF,Requirements,7,S7-R8,"- **S7-R8:** When shown (S2-R12 / S3-R10), the per-row **Location** column renders as the **leftmost** column, before Type, using the suite's standard column treatment so its placement matches the same column on the other reports in the suite. The Location filter control (S2-R9) keeps a **constant width** regardless of the selected label (a single location name, several, or ""All Locations""), so the toolbar layout does not shift when the selection changes."
PV,335,RULE,Requirements,7,,---
PV,337,HEADING,User Feedback Summary,,,## 7. User Feedback Summary
PV,339,TABLE-ROW,User Feedback Summary,,,| Trigger | Message | Behavior |
PV,340,TABLE-HDR,User Feedback Summary,,,| --- | --- | --- |
PV,341,TABLE-ROW,User Feedback Summary,,,"| Export succeeds (CSV) | ""Velocity report exported (CSV)"" | Success toast, auto-fades |"
PV,342,TABLE-ROW,User Feedback Summary,,,"| Export succeeds (PDF) | ""Velocity report exported (PDF)"" | Success toast, auto-fades |"
PV,343,TABLE-ROW,User Feedback Summary,,,| Export fails — server message available | Server-provided message | Error toast |
PV,344,TABLE-ROW,User Feedback Summary,,,"| Export fails — no server message (CSV) | ""Failed to export velocity report (csv)"" | Error toast |"
PV,345,TABLE-ROW,User Feedback Summary,,,"| Export fails — no server message (PDF) | ""Failed to export velocity report (pdf)"" | Error toast |"
PV,346,TABLE-ROW,User Feedback Summary,,,"| No parts match the filters | ""Empty bays, endless possibilities. Get Going!"" | Empty-state label in the data area (the application's standard reports no-data label) |"
PV,348,NARRATIVE,User Feedback Summary,,,*\* Casing note: the success toasts use uppercase *`(CSV)`* / *`(PDF)`* while the failure toasts use lowercase *`(csv)`* / *`(pdf)`*. This is the shipped wording and is documented as-is; a future copy pass may normalize the casing.*
PV,350,RULE,User Feedback Summary,,,---
PV,352,HEADING,Change Log,,,## 8. Change Log
PV,354,TABLE-HDR,Change Log,,,| Date | Reporter | Change |
PV,355,TABLE-HDR,Change Log,,,| --- | --- | --- |
PV,356,CHANGELOG-ROW,Change Log,,,| 2026-05-19 | @claude | Initial draft. |
PV,357,CHANGELOG-ROW,Change Log,,,| 2026-05-31 | @claude | Major overhaul — renamed to **Parts Velocity**; A/B/C/D groups removed; catalogue parts added; exports match screen column/sort. |
PV,358,CHANGELOG-ROW,Change Log,,,"| 2026-06-04 | @chris | ""Demand Hits"" → **""Demand""**; build-accuracy rewrite (Days of Supply removed, Bin server-side, permission documented, Min/Max read-only, Story 5 added); Units Returned re-sourced from part-return records. |"
PV,359,CHANGELOG-ROW,Change Log,,,| 2026-06-07 | @chris / @claude | Functional-purity pass + two code-verified lock loops; Min/Max export-sort fixed; S4-E1 and S5-R7 added; Reports → Parts section creation made explicit; Units Returned tooltip dropped. Status: Ready for dev. |
PV,360,CHANGELOG-ROW,Change Log,,,"| 2026-07-11 | @claude | **Suite-alignment rewrite (code-verified).** Added the five **profitability columns** (Unit Cost, Sell Price, Revenue, Margin, Margin %; S4-R2/R4, S5-R4a, S5-R5); column count 15→**20**, default-visible 9→**14**. Added the **Units Sold tooltip** (S3-R6) + **S5-R7** (movement-vs-billed basis; the deferred ""Units Billed"" column). Added the **multi-location filter** (S2-R9, rightmost, default active location) and the **per-location inventory / merged-catalogue row model** (S3-R1a). Expanded Story 4 to a **remembered-view** model (filters + columns + sort, **per browser**, restore overrides first-visit defaults, defensive fallback). Documented the deliberate **export vs screen differences** (right-alignment S6-R10; nulls-last-in-export vs on-screen default S3-R3/S6-R4) and stated the **no-All-Time** scope (§2, S2-R2). Stripped sibling-report references; visual rules self-contained (Story 7). Concrete definitions added/tightened: profitability window anchor = work-order date; Demand unaffected by reversals; Last Sale all-time but location-scoped; Window inclusive + floor 1; half-up-away-from-zero rounding; Turns/Yr `0.00` at on-hand 0; negative movement/money render with a leading minus; first-click-ascending sort + direction indicator; empty-state string quoted verbatim; CSV carries untruncated text. Fixed the Revenue/Margin/Demand ""never null"" wording (S3-R9/S5-R5). |"
PV,361,CHANGELOG-ROW,Change Log,,,"| 2026-07-11 | @chris / @claude | **Two owner decisions on profitability correctness.** (1) **Reversals netted from the billed-line columns** — Revenue/Margin/Unit Cost/Sell Price **and** Sold via WO / Sold via Parts Sale / catalogue Units Sold all exclude reversed/voided sales, consistent with (movement-based) inventory Units Sold (§3, S5-R4a, S5-R4b). *Build-delta: the current billed-side queries do not net reversals and must exclude reversed invoices across all these columns.* (2) **No-activity exclusion broadened + BUILT** — an inventory part is now dropped only when it has zero movement AND \< 1 on hand AND zero billed revenue (S3-N1), so profitable rows never vanish; implemented in the handler + fetcher this session (LOCAL/uncommitted on the suite branch). |"
PV,362,CHANGELOG-ROW,Change Log,,,"| 2026-07-16 | @chris / @claude | Moved to **server-side data model**: report is server-paginated (§2); all filters and search apply server-side (S2-R10); sorting is server-side (S3-R3) with null placement stated as server sort semantics, removing the on-screen-vs-export null-sorting difference (S6-R4); exports match the current filters + sort. Capped the **Custom** date range at a 366-day maximum span (S2-R3). Confirmed **search** is a page-local toolbar input, not the application global search bar (S2-R6). Header cleanup: removed the loose Companion Video and status-badge paragraphs. *Per Milan Zivanovic's 2026-07-15 engineering review; server-side model is the committed build target (spec ahead of current code by design).* |"
PV,363,CHANGELOG-ROW,Change Log,,,"| 2026-07-29 | @chris / @claude | Renamed the ""Catalogue"" part type to ""Special Order"" (display + value); renamed the ""Sold via WO"" / ""Sold via Parts Sale"" columns to ""Sold (WO)"" / ""Sold (Parts Sale)""; added a per-row Location column (shown when more than one location is in scope; ""Multiple"" on rows spanning locations) plus a ""Locations:"" export line and a constant-width Location filter. |"
TU,1,CAPTURE-HDR,,,,# Technician Utilization Report
TU,3,CAPTURE-HDR,,,,> **VERBATIM CAPTURE — current Confluence spec**
TU,4,CAPTURE-HDR,,,,> - pageId: 641400833
TU,5,CAPTURE-HDR,,,,> - Page title: Technician Utilization Report
TU,6,CAPTURE-HDR,,,,> - Current version: v5
TU,7,CAPTURE-HDR,,,,> - Last updated: 2026-07-29T06:45:11.442Z by Chris Ward
TU,8,CAPTURE-HDR,,,,> - Confluence space: ~712020aa00b8d6a71f4259891982a304227c20
TU,9,CAPTURE-HDR,,,,"> - Captured: 2026-07-31 (REST storage-format -> markdown via html2text, unicode-preserving; escape-normalized to match the 2026-07-28 capture pipeline — validated 6/6 byte-identical on the prior versions)"
TU,11,RULE,,,,---
TU,12,TABLE-ROW,(front matter),,,|
TU,13,TABLE-HDR,(front matter),,,---|---
TU,14,META-TABLE,(front matter),,,**Epic**|  TBD
TU,15,META-TABLE,(front matter),,,**Owner**|  Chris W.
TU,16,META-TABLE,(front matter),,,**Status**|  In review — 2026-07-16
TU,17,META-TABLE,(front matter),,,**Branch**|  TBD
TU,19,HEADING,Technician Utilization — Product Specification,,,# Technician Utilization — Product Specification
TU,21,HEADING,Business Case,,,## 1. Business Case
TU,23,NARRATIVE,Business Case,,,"Shop managers want to know, for each technician, how much of their clocked time is billable work-order time versus internal, non-billable time — and what that internal time costs the shop."
TU,25,NARRATIVE,Business Case,,,"The Timesheet Activities report can already show this for one technician at a time. Filtering it to a single technician makes its totals row that technician's work-order and internal hours. But it cannot show every technician side by side, it never expresses the result as a utilization rate, and it never puts a dollar value on the internal time. Comparing the whole team means filtering to each technician in turn and doing the rate and cost math by hand."
TU,27,NARRATIVE,Business Case,,,"The Technician Utilization report removes that manual work. It lists every technician in one view — one row each, showing total, work-order, and internal hours, the utilization rate, and the estimated lost labor — above a Summary row for the visible technicians, with a per-day breakdown available on demand."
TU,29,HEADING,Feature Overview,,,## 2. Feature Overview
TU,31,NARRATIVE,Feature Overview,,,**Core report**
TU,33,NARRATIVE,Feature Overview,,,  * The report shows one row per technician for the selected date range and location(s).
TU,35,NARRATIVE,Feature Overview,,,"  * Each row shows total clocked hours, work-order hours, internal hours, the utilization rate, and the Est. Lost Labor value."
TU,37,NARRATIVE,Feature Overview,,,  * A pinned Summary row at the bottom shows the totals for the **currently visible** technicians (which equals the shop totals when every technician is selected — see Story 3 / S5-E1).
TU,39,NARRATIVE,Feature Overview,,,  * Each technician row can be expanded to show a per-day breakdown.
TU,41,NARRATIVE,Feature Overview,,,"  * The report can be **sorted** by any column (Story 2), **filtered by technician** (on-screen only, Story 5), and **scoped by location** (server-side, Story 9)."
TU,43,NARRATIVE,Feature Overview,,,"  * Each technician's Total Hours value links to the Timesheet Activities report, already filtered to that technician and date range."
TU,45,NARRATIVE,Feature Overview,,,  * The user can download the report as a PDF (summary or expanded) or CSV; the exports mirror the columns currently shown on screen.
TU,47,NARRATIVE,Feature Overview,,,"  * When the current scope spans **more than one location** , the report shows a per-row **Location** column identifying each row's location; the column is hidden when a single location is in scope. Every export names the location scope in a **"" Locations:""** line regardless."
TU,49,NARRATIVE,Feature Overview,,,"  * The user can show or hide individual columns from a **column selector** ; Est. Lost Labor is one of the hideable columns (shown by default), while Technician is always shown. The column selection is remembered per browser."
TU,54,CONTEXT-NOTE,Feature Overview,,,"_* Context note: ""internal hours"" means time a technician clocked to an internal, non-billable activity rather than to a work order — for example shop cleanup or a staff meeting._"
TU,56,NARRATIVE,Feature Overview,,,**Relationship to the Timesheet Activities report**
TU,58,NARRATIVE,Feature Overview,,,  * The numbers in this report come from the same clock records as the Timesheet Activities report.
TU,60,NARRATIVE,Feature Overview,,,"  * For the **same date range and the same location** , the total clocked hours in this report match the total in the Timesheet Activities report to the cent (two decimals) — subject to the closed-records and single-location scope stated in S1-R9."
TU,65,CONTEXT-NOTE,Feature Overview,,,"_* Context note: the two reports must agree because they read the same underlying clock data. For the same range and location (closed records), a mismatch is a defect — see S1-R9 for the exact scope of the guarantee (open clocks and multi-location drill-through are deliberate scope differences, not defects)._"
TU,67,LABEL,Feature Overview,,,**Out of scope**
TU,69,NARRATIVE,Feature Overview,,,  * Scheduling exports to run automatically is not included.
TU,74,HEADING,Key Decisions,,,## 3. Key Decisions
TU,76,NARRATIVE,Key Decisions,,,  * **The technician filter works on screen only and does not reload the report** (Story 5); the **location filter reloads the report from the server** (Story 9).
TU,78,NARRATIVE,Key Decisions,,,"  * **The report remembers the user's selected date range, technician selection, location selection, and column selection** (per browser), and restores them when the user returns. **Sort is not remembered** — it resets to Technician A→Z on every load (S2-R15)."
TU,83,CONTEXT-NOTE,Key Decisions,,,"_* Context note: the report saves these in the user's browser only, not on the user's account. They persist across visits and page reloads in the same browser, but do not follow the user to another browser or device._"
TU,85,NARRATIVE,Key Decisions,,,"  * **Est. Lost Labor is the bold, pinned headline column when shown** (S2-R10, S2-R11) — it is the report's main takeaway — but it is now a user-hideable column (shown by default; S10-R3)."
TU,87,NARRATIVE,Key Decisions,,,"  * **Est. Lost Labor is valued per location.** Each technician's internal hours are valued at the default labor rate of the location where those hours were clocked, and the per-location amounts are summed for the technician's Est. Lost Labor (S2-R8). In the common single-location view this is simply that one location's rate × the technician's internal hours."
TU,89,NARRATIVE,Key Decisions,,,"  * **Every displayed number is computed from the unrounded underlying values and rounded only for display, using round-half-up** (a tie rounds away from zero — 0.005 → 0.01). This covers the hours columns, Utilization %, and Est. Lost Labor, at every level (rows, day rows, and the Summary). Computing from unrounded values (rather than from the already-rounded per-row displays) is what lets the totals reconcile to the Timesheet Activities report to the cent."
TU,91,NARRATIVE,Key Decisions,,,"  * **The report's columns are user-selectable.** A column selector lets the user show or hide individual columns; the selection is remembered per browser. Technician is always shown; Est. Lost Labor — previously always-on — is now a hideable column shown by default. Both exports mirror the columns currently shown (Story 10, S7-R10)."
TU,93,NARRATIVE,Key Decisions,,,"  * **A per-row Location column appears only when more than one location is in scope.** When the scope spans a single location the column is hidden (the scope is unambiguous); when it spans more than one, each row shows its location — a technician (or per-day) row whose hours are all at one location shows that location's name, while a row aggregating more than one location shows the literal **Multiple**. Every export additionally carries a ""Locations:"" line naming the scope, so a multi-location export is never ambiguous about which locations it covers."
TU,98,CONTEXT-NOTE,Key Decisions,,,"_* Context note: a consequence is that the Summary and the per-row displays are each rounded independently from unrounded inputs, so eye-summing the displayed rows may differ from the displayed Summary by a cent. This is expected in a compute-from-unrounded report._"
TU,100,HEADING,Terminology,,,## 4. Terminology
TU,102,NARRATIVE,Terminology,,,"  * **Internal hours** → Time a technician clocked to an internal, non-billable activity, not to a work order."
TU,104,NARRATIVE,Terminology,,,  * **Work-order hours** → Time a technician clocked directly to a work order.
TU,106,NARRATIVE,Terminology,,,  * **Total (clocked) hours** → All time a technician was clocked in for the date range.
TU,108,NARRATIVE,Terminology,,,  * **Utilization** → The share of a technician's total clocked hours that was spent on work orders.
TU,110,NARRATIVE,Terminology,,,"  * **Est. Lost Labor** → Short for ""Estimated Lost Labor""; the dollar value of a technician's internal hours, valued at the default labor rate of the location(s) where those hours were clocked (§3, S2-R8)."
TU,112,NARRATIVE,Terminology,,,"  * **Location** → A shop/workplace the user has access to. The report can be scoped to one, several, or all of them (Story 9)."
TU,114,NARRATIVE,Terminology,,,"  * **Location (column)** → A per-row column, shown only when the current scope spans more than one location, naming the location a row belongs to. A row whose hours are all at one location shows that location's name; a row aggregating more than one location shows the literal **Multiple**. Hidden entirely when a single location is in scope. Separately, every export carries a ""Locations:"" line naming the scope, reading ""All locations"" when every location the user has access to is selected."
TU,119,HEADING,Assumptions,,,## 5. Assumptions
TU,121,NARRATIVE,Assumptions,,,"  * Each location (workplace) may have its own configured default labor rate; a location may also have **no** default labor rate configured. A configured rate of exactly $0.00 is a _known_ rate (it values internal hours at $0.00), distinct from _no rate configured_ (S2-E2/E3)."
TU,123,NARRATIVE,Assumptions,,,"  * Every clock record — work-order and internal alike — carries the location (workplace) at which it was clocked; that location is the source of the default labor rate used to value internal hours. Day grouping and time-zone windowing, however, use a single report-level time zone — the active workplace's (S1-R7) — not each record's own location."
TU,125,NARRATIVE,Assumptions,,,"  * The Timesheet Activities report rounds the same way this report does (round-half-up, two decimals) from the same clock data; the to-the-cent reconciliation (S1-R9) depends on that shared rounding."
TU,130,HEADING,Requirements,,,## 6. Requirements
TU,132,HEADING,Requirements,1,,### Story 1: Report Access and Display
TU,134,STORY-INTRO,Requirements,1,,The report is reachable from the reports navigation and shows technician rows for the selected date range and location(s).
TU,136,LABEL,Requirements,1,,**Design:** See Story 8 **Jira:** TBD
TU,138,LABEL,Requirements,1,,**Prerequisites:**
TU,140,PREREQ,Requirements,1,,  * The user must have the permission that grants access to the timesheet reports (the same permission that controls the existing Timesheet Activities report — this report adds no new permission).
TU,145,LABEL,Requirements,1,,**Requirements:**
TU,147,REQ-DEF,Requirements,1,S1-R1,"  * **S1-R1:** The report appears in the reports navigation under the **Performance** group, labeled ""Technician Utilization""."
TU,149,REQ-DEF,Requirements,1,S1-R2,"  * **S1-R2:** When the user opens the report, it shows one row for each technician who has clocked time in the selected date range at the selected location(s)."
TU,151,REQ-DEF,Requirements,1,S1-R3,"  * **S1-R3:** On the user's first visit (no saved settings — §3), the report defaults to the **current calendar month** (the date picker's ""This Month"" preset) and the user's currently active location. Because a range never extends past ""now,"" the current-month default effectively shows the month to date."
TU,153,REQ-DEF,Requirements,1,S1-R4,"  * **S1-R4:** The user can change the date range with the report's date-range picker (Story 9 covers the location filter). A Custom range is capped at a 366-day maximum span (start–end), matching the largest preset."
TU,155,REQ-DEF,Requirements,1,S1-R5,"  * **S1-R5:** When the user changes the date range or the location selection, the report reloads its rows for the new range/location(s) (see S1-R10 for the loading state)."
TU,157,REQ-DEF,Requirements,1,S1-R6,"  * **S1-R6:** The report shows data for the location(s) currently selected in the location filter (Story 9), defaulting to the user's active location."
TU,159,REQ-DEF,Requirements,1,S1-R7,"  * **S1-R7:** Every clock record is day-grouped and windowed in a **single report-level time zone — the active workplace's** — regardless of the location where each record was clocked (a record's day, the current-month default boundary, and the midnight split of a record are all evaluated in that one report-level time zone). This matches the Timesheet Activities report's single-time-zone grouping (S1-R9)."
TU,161,REQ-DEF,Requirements,1,S1-R8,"  * **S1-R8:** On later visits, the report opens with the date range, location selection, and column selection the user last used, and the technicians the user previously **deselected** stay deselected (all others, including technicians who appear for the first time, are selected — S5-R9/R10). The report restores its own saved location selection independent of the application's current global location switcher; the switcher's active location seeds the selection on a first visit (S9-R2) and serves as the defensive fallback on return when the saved location set resolves to empty (S9-R6, S9-R7)."
TU,163,REQ-DEF,Requirements,1,S1-R9,"  * **S1-R9: Reconciliation guarantee (scope).** For the **same date range and the same single location** , and counting **closed** clock records, this report's Total Hours for a technician equals the Timesheet Activities report's total for that technician to the cent. Two deliberate scope differences are **not** defects: (a) an **open** (not-yet-clocked-out) record is snapshotted at each report's own load instant, so two reports loaded at different moments can differ by the elapsed open time (S1-E1); (b) when **multiple** locations are selected here, the Total Hours drill-through opens Timesheet Activities for the active shop only and therefore reflects one location's portion, not the multi-location total (S6-R6)."
TU,165,REQ-DEF,Requirements,1,S1-R10,"  * **S1-R10: Loading state.** On the initial load and on every reload (date-range or location change), the data area shows the standard reports loading indicator; existing rows are replaced only when the new data returns. The toolbar remains interactive."
TU,170,CONTEXT-NOTE,Requirements,1,S1-R10,"_* Context note: ""current month"" (S1-R3), the day grouping (Story 4), and the open-clock cutoff (S1-E1) are all measured in the active workplace's report-level time zone (S1-R7), not UTC._"
TU,172,LABEL,Requirements,1,,**Negative Cases:**
TU,174,REQ-DEF,Requirements,1,S1-N1,"  * **S1-N1:** If the user does not have the required permission, the report does not appear in the navigation."
TU,176,REQ-DEF,Requirements,1,S1-N2,"  * **S1-N2:** If no technician has clocked time in the selected date range at the selected location(s), the report shows the no-data message (§7) instead of rows."
TU,181,LABEL,Requirements,1,,**Edge Cases:**
TU,183,REQ-DEF,Requirements,1,S1-E1,"  * **S1-E1:** If a technician is still clocked in when the report loads, that open time is counted up to the moment the report loads — a fixed snapshot taken at load, not a value that keeps ticking on screen. This matches how the Timesheet Activities report treats an open record. (See S1-R9(a) for the reconciliation consequence.)"
TU,188,CONTEXT-NOTE,Requirements,1,S1-E1,"_* Context note: clocked time is measured only within the selected date range — a record that starts before the range or ends after it counts only the part inside the range. A record that crosses midnight is split by day (in the active workplace's report-level time zone), so each day counts only its own hours. This matches the Timesheet Activities report._"
TU,190,HEADING,Requirements,2,,### Story 2: Columns and Calculations
TU,192,STORY-INTRO,Requirements,2,,"Each technician row shows the hours breakdown, the utilization rate, and the Est. Lost Labor value, in a fixed column order."
TU,194,LABEL,Requirements,2,,**Design:** See Story 8 **Jira:** TBD
TU,196,LABEL,Requirements,2,,**Prerequisites:**
TU,198,PREREQ,Requirements,2,,  * The report has loaded rows for the selected date range and location(s) (Story 1).
TU,203,LABEL,Requirements,2,,**Requirements:**
TU,205,REQ-DEF,Requirements,2,S2-R1,"  * **S2-R1:** The column headers appear in this fixed left-to-right order: Technician, Total Hours, WO Hours, Internal Hours, Utilization %, Est. Lost Labor. When shown (more than one location in scope — S9-R9), the per-row **Location** column precedes them all as the leftmost column. Showing or hiding columns via the column selector (Story 10) never reorders the remaining columns."
TU,207,REQ-DEF,Requirements,2,S2-R2,  * **S2-R2:** Total Hours shows the technician's total clocked hours for the range.
TU,209,REQ-DEF,Requirements,2,S2-R3,  * **S2-R3:** WO Hours shows the technician's work-order hours for the range.
TU,211,REQ-DEF,Requirements,2,S2-R4,"  * **S2-R4:** Internal Hours shows the technician's internal hours for the range (all of them, including hours at a location with no configured rate — see S2-E3)."
TU,213,REQ-DEF,Requirements,2,S2-R5,"  * **S2-R5:** Hours values show two decimal places, with no thousands separator (for example, ""107.70""), rounded from the unrounded hours using round-half-up (§3)."
TU,215,REQ-DEF,Requirements,2,S2-R6,"  * **S2-R6:** Utilization % shows work-order hours as a percentage of total clocked hours, computed from the unrounded hours."
TU,217,REQ-DEF,Requirements,2,S2-R7,"  * **S2-R7:** Utilization % shows one decimal place followed by a percent sign, rounded round-half-up (e.g., 66.65% → 66.7%). When total clocked hours are 0 (which cannot occur for a rendered row — S1-R2 admits only technicians with clocked time), Utilization % would be undefined and renders ""—""; in practice this state is unreachable on a technician or day row."
TU,219,REQ-DEF,Requirements,2,S2-R8,"  * **S2-R8:** Est. Lost Labor is the technician's internal hours valued at the default labor rate of the location(s) where they were clocked: for each contributing location, (that location's default labor rate × the technician's internal hours at that location); the per-location products are summed at full precision and the technician's total is rounded once (round-half-up). In a single-location view this is simply the one location's rate × the technician's internal hours."
TU,221,REQ-DEF,Requirements,2,S2-R9,"  * **S2-R9:** Est. Lost Labor shows a dollar value with two decimal places and commas between thousands (for example, ""$1,234.50"")."
TU,223,REQ-DEF,Requirements,2,S2-R10,"  * **S2-R10:** When shown, the Est. Lost Labor column is pinned to the far right of the row."
TU,225,REQ-DEF,Requirements,2,S2-R11,"  * **S2-R11:** When shown, the Est. Lost Labor column is displayed in bold."
TU,227,REQ-DEF,Requirements,2,S2-R12,"  * **S2-R12:** When the report first loads (and after any data reload — S2-R15), the technician rows are sorted by Technician name, from A to Z, and the Technician header shows the ascending sort indicator (S8-R8)."
TU,229,REQ-DEF,Requirements,2,S2-R13,"  * **S2-R13:** All six columns (Technician, Total Hours, WO Hours, Internal Hours, Utilization %, Est. Lost Labor) are sortable by clicking the column header. Clicking a column that is not the active sort sorts it ascending; clicking the active sort column again toggles it to descending. There is no third ""cleared"" state — clicking only ever toggles ascending↔descending. Because Technician-ascending is the active sort on load (S2-R12), the first click on the Technician header sorts it descending (Z→A). Sorting is applied on screen to the loaded rows (no reload)."
TU,231,REQ-DEF,Requirements,2,S2-R14,"  * **S2-R14:** When two technicians have the same value in the sorted column, they are ordered by Technician name, A to Z; if two technicians share the same display name, they retain a stable order (their order does not change between renders of the same result set)."
TU,233,REQ-DEF,Requirements,2,S2-R15,"  * **S2-R15:** When the report reloads (a date-range or location change), the sort returns to Technician name, A to Z. Sort is not persisted across visits (§3)."
TU,235,REQ-DEF,Requirements,2,S2-R16,"  * **S2-R16:** Sorting reorders the technician rows only; the Summary row stays at the bottom, and each technician's expanded day rows stay under that technician in date order."
TU,237,REQ-DEF,Requirements,2,S2-R17,"  * **S2-R17:** When sorting by Est. Lost Labor, rows whose value is ""—"" (no rate configured at any contributing location — S2-E3) sort to the **bottom in both ascending and descending order** , ordered among themselves by Technician name A→Z; they are never floated to the top by reversing direction. (A ""$0.00"" value is a number, not ""—"", and sorts as zero.)"
TU,242,LABEL,Requirements,2,,**Edge Cases:**
TU,244,REQ-DEF,Requirements,2,S2-E1,"  * **S2-E1:** If a technician has internal hours but zero work-order hours, Utilization % shows ""0.0%""."
TU,246,REQ-DEF,Requirements,2,S2-E2,"  * **S2-E2:** If a technician has zero internal hours, Est. Lost Labor shows ""$0.00"" — regardless of whether the location has a rate configured (there is nothing to value). Likewise, internal hours valued at a location whose configured rate is exactly $0.00 contribute $0.00 (a known rate), not ""—""."
TU,248,REQ-DEF,Requirements,2,S2-E3,"  * **S2-E3:** If a technician has internal hours but **none of the location(s) where those hours were clocked has a default labor rate configured** , Est. Lost Labor is unknown and shows ""—"" (an em-dash), not ""$0.00""."
TU,250,REQ-DEF,Requirements,2,S2-E4,"  * **S2-E4: Partial valuation.** If a technician's internal hours span both rated and unrated locations, Est. Lost Labor is the sum of the valued (rated-location) portions; the internal hours at unrated locations are excluded from the dollar amount. The amount is shown as a normal ""$X.XX"" with **no partial-value indicator in this version** — so on such a row Est. Lost Labor values fewer hours than the Internal Hours column shows. This is a known limitation; a partial-value indicator is a possible follow-up."
TU,255,CONTEXT-NOTE,Requirements,2,S2-E4,"_* Context note: ""$0.00"" (S2-E2) means ""the rate is known and there is nothing to value""; ""—"" (S2-E3) means ""the rate is unknown, so the value cannot be computed."" They are different states. Work-order hours are always part of total clocked hours, so Utilization % is never more than 100%._"
TU,257,HEADING,Requirements,3,,### Story 3: Summary Totals Row
TU,259,STORY-INTRO,Requirements,3,,A pinned Summary row shows the totals for the visible technicians.
TU,261,LABEL,Requirements,3,,**Design:** See Story 8 **Jira:** TBD
TU,263,LABEL,Requirements,3,,**Prerequisites:**
TU,265,PREREQ,Requirements,3,,  * The report has loaded rows for the selected date range and location(s) (Story 1).
TU,270,CONTEXT-NOTE,Requirements,3,,"_* Context note: throughout this story, ""visible technicians"" means the technicians currently selected in the technician filter (Story 5), not the rows scrolled into view._"
TU,272,LABEL,Requirements,3,,**Requirements:**
TU,274,REQ-DEF,Requirements,3,S3-R1,  * **S3-R1:** A Summary row is pinned to the bottom of the report.
TU,276,REQ-DEF,Requirements,3,S3-R2,"  * **S3-R2:** The Summary row is labeled ""Summary""."
TU,278,REQ-DEF,Requirements,3,S3-R3,"  * **S3-R3:** The Summary Total Hours, WO Hours, and Internal Hours each show the total of that column across the visible technicians, computed from unrounded hours and rounded once for display."
TU,280,REQ-DEF,Requirements,3,S3-R4,"  * **S3-R4:** The Summary Utilization % shows the visible technicians' total work-order hours as a percentage of their total clocked hours (a weighted rate — summed WO hours ÷ summed clocked hours, from unrounded hours — not the average of the per-technician percentages)."
TU,282,REQ-DEF,Requirements,3,S3-R5,"  * **S3-R5:** The Summary Est. Lost Labor is computed the same way as a row (S2-R8) but over all visible technicians' internal hours: the sum, across the visible technicians and their contributing rated locations, of (that location's default labor rate × internal hours there), summed at full precision and rounded once. A visible technician whose Est. Lost Labor is ""—"" (no rate anywhere) contributes nothing to the sum; the Summary therefore understates true lost labor whenever any visible technician is ""—"" or partially valued (S2-E4). The Summary shows ""—"" only when **every** visible technician's Est. Lost Labor is ""—""."
TU,284,REQ-DEF,Requirements,3,S3-R6,  * **S3-R6:** The Summary row uses the same number formats as the technician rows.
TU,286,REQ-DEF,Requirements,3,S3-R7,"  * **S3-R7:** The Summary row shows its values without any label prefix such as ""TOTAL:"" or ""AVG:""."
TU,291,LABEL,Requirements,3,,**Negative Cases:**
TU,293,REQ-DEF,Requirements,3,S3-N1,"  * **S3-N1:** If no technician rows are visible, the Summary row is not shown."
TU,298,HEADING,Requirements,4,,### Story 4: Per-Day Breakdown
TU,300,STORY-INTRO,Requirements,4,,Each technician row can expand to show that technician's day-by-day clock totals.
TU,302,LABEL,Requirements,4,,**Design:** See Story 8 **Jira:** TBD
TU,304,LABEL,Requirements,4,,**Prerequisites:**
TU,306,PREREQ,Requirements,4,,  * The report has loaded rows for the selected date range and location(s) (Story 1).
TU,311,LABEL,Requirements,4,,**Requirements:**
TU,313,REQ-DEF,Requirements,4,S4-R1,"  * **S4-R1:** Each technician row has a control to expand and collapse it. The control carries an accessible name reflecting its next action, scoped to that technician (""Expand 's daily breakdown"" when the row is collapsed, ""Collapse 's daily breakdown"" when it is expanded)."
TU,315,REQ-DEF,Requirements,4,S4-R2,"  * **S4-R2:** When a row is expanded, the report shows one row for each day the technician clocked time in the range, in date order from earliest to latest. The day rows **load on expand** — they are fetched on demand when the technician row is expanded, not shipped with the initial report payload; because expansion state resets (all collapsed) on any data reload (S4-R5), nothing is lost. When several locations are selected, a day's row pools that day's hours across the selected locations (one day row per date, not one per location), matching the pooling of the technician row (S9-R4)."
TU,317,REQ-DEF,Requirements,4,S4-R3,"  * **S4-R3:** Each day row shows the same columns, in the same formats, as the technician row, with that day's values (including a per-day Est. Lost Labor valued per location per S2-R8)."
TU,319,REQ-DEF,Requirements,4,S4-R4,"  * **S4-R4:** The report has a single control that expands or collapses all technician rows at once; if any row is collapsed it expands all rows, and only when every row is already expanded does it collapse all rows. The control lives in the table's header row (in the Technician column) — not in the toolbar action cluster (S8-R3) — and carries an accessible name reflecting its next action (""Expand all technicians"" when it will expand, ""Collapse all technicians"" when every row is already expanded)."
TU,321,REQ-DEF,Requirements,4,S4-R5,  * **S4-R5:** Expansion state is view-only and is not persisted: it resets (all collapsed) on any data reload (date-range or location change) and on a fresh visit. Deselecting and re-selecting a technician in the technician filter (an on-screen operation) does not change the expansion state of the other rows.
TU,326,LABEL,Requirements,4,,**Negative Cases:**
TU,328,REQ-DEF,Requirements,4,S4-N1,"  * **S4-N1:** If a technician has no clocked time on a given day in the range, that day has no row."
TU,333,HEADING,Requirements,5,,### Story 5: Technician Filter
TU,335,STORY-INTRO,Requirements,5,,"A filter lets the user choose which technicians the report shows, and the Summary updates to match."
TU,337,LABEL,Requirements,5,,**Design:** See Story 8 **Jira:** TBD
TU,339,LABEL,Requirements,5,,**Prerequisites:**
TU,341,PREREQ,Requirements,5,,  * The report has loaded rows for the selected date range and location(s) (Story 1).
TU,346,LABEL,Requirements,5,,**Requirements:**
TU,348,REQ-DEF,Requirements,5,S5-R1,"  * **S5-R1:** The toolbar has a filter labeled ""Filter by Technician"" where the user can select more than one technician."
TU,350,REQ-DEF,Requirements,5,S5-R2,"  * **S5-R2:** On the user's first visit, every technician is selected."
TU,352,REQ-DEF,Requirements,5,S5-R3,"  * **S5-R3:** When the user deselects a technician, that technician's row is hidden."
TU,354,REQ-DEF,Requirements,5,S5-R4,"  * **S5-R4:** When a technician's row is hidden, the Summary row recalculates over the technicians that remain visible."
TU,356,REQ-DEF,Requirements,5,S5-R5,"  * **S5-R5:** When the user re-selects a technician, that technician's row is shown again."
TU,358,REQ-DEF,Requirements,5,S5-R6,"  * **S5-R6:** The filter has a control labeled ""Select all"" to select all technicians at once."
TU,360,REQ-DEF,Requirements,5,S5-R7,"  * **S5-R7:** The filter has a control labeled ""Clear all"" to clear all technicians at once. Clearing all sets every currently-listed technician to deselected."
TU,362,REQ-DEF,Requirements,5,S5-R8,  * **S5-R8:** Changing the date range or location keeps the user's deselected technicians deselected.
TU,364,REQ-DEF,Requirements,5,S5-R9,"  * **S5-R9:** Selection is tracked as the set of **deselected** technicians: a technician the user has not deselected is selected by default, including a technician who first appears after the user changes the date range or location. (Consequently, after ""Clear all,"" a technician who newly appears in a later range/location is selected, because they were never explicitly deselected.)"
TU,366,REQ-DEF,Requirements,5,S5-R10,"  * **S5-R10:** When the user returns to the report, the technicians they previously deselected are still deselected (the deselected set is what persists — §3, S1-R8)."
TU,371,LABEL,Requirements,5,,**Negative Cases:**
TU,373,REQ-DEF,Requirements,5,S5-N1,"  * **S5-N1:** If the user clears all technicians (all currently-listed technicians deselected), the report shows the no-data message (§7) and hides the Summary row."
TU,378,LABEL,Requirements,5,,**Edge Cases:**
TU,380,REQ-DEF,Requirements,5,S5-E1,"  * **S5-E1:** When every technician is selected, the Summary row equals the shop totals for the full date range at the selected location(s)."
TU,385,CONTEXT-NOTE,Requirements,5,S5-E1,_* Context note: the technician filter changes only what is shown on screen; it does not change the date range or reload the report. (The location filter does reload — Story 9.)_
TU,387,HEADING,Requirements,6,,### Story 6: Total Hours Links to Timesheet Activities
TU,389,STORY-INTRO,Requirements,6,,"Each technician's Total Hours value links to the Timesheet Activities report, filtered to that technician and date range."
TU,391,LABEL,Requirements,6,,**Design:** See Story 8 **Jira:** TBD
TU,393,LABEL,Requirements,6,,**Prerequisites:**
TU,395,PREREQ,Requirements,6,,  * The report has loaded rows for the selected date range and location(s) (Story 1).
TU,400,LABEL,Requirements,6,,**Requirements:**
TU,402,REQ-DEF,Requirements,6,S6-R1,"  * **S6-R1:** In a technician row, the Total Hours value is rendered as a link (every rendered technician row has clocked time > 0 per S1-R2, so the link always applies). The link is distinguished by more than color — it carries an underline (or equivalent non-color affordance), is keyboard-focusable with a visible focus indicator, and activates on Enter."
TU,404,REQ-DEF,Requirements,6,S6-R2,"  * **S6-R2:** When the user selects a technician's Total Hours link, the Timesheet Activities report opens in the same browser tab."
TU,406,REQ-DEF,Requirements,6,S6-R3,  * **S6-R3:** The opened Timesheet Activities report is already filtered to that technician.
TU,408,REQ-DEF,Requirements,6,S6-R4,  * **S6-R4:** The opened Timesheet Activities report uses the same date range that was active on this report.
TU,410,REQ-DEF,Requirements,6,S6-R5,"  * **S6-R5:** In an expanded day row, the Total Hours value links to the Timesheet Activities report for that technician on that single day."
TU,412,REQ-DEF,Requirements,6,S6-R6,"  * **S6-R6:** The link passes the technician and the date range only; it does **not** pass the location selection. Timesheet Activities opens for the user's currently active shop. Therefore: with a single selected location matching the active shop, the opened total reconciles to the cent (S1-R9); when multiple locations are selected, or when the single selected location is **not** the active shop, the opened Timesheet Activities view shows the active shop's data, which will differ from (or be disjoint with) the report row's value. This is a known drill-through limitation, not a data defect."
TU,417,LABEL,Requirements,6,,**Negative Cases:**
TU,419,REQ-DEF,Requirements,6,S6-N1,  * **S6-N1:** The Summary row's Total Hours value is not a link.
TU,424,HEADING,Requirements,7,,### Story 7: Export to PDF and CSV
TU,426,STORY-INTRO,Requirements,7,,"The user can download the report as a Summary PDF, an Expanded PDF, or a CSV file, and the download respects the current filters."
TU,428,LABEL,Requirements,7,,**Design:** See Story 8 **Jira:** TBD
TU,430,LABEL,Requirements,7,,**Prerequisites:**
TU,432,PREREQ,Requirements,7,,  * The report has loaded rows for the selected date range and location(s) (Story 1).
TU,437,LABEL,Requirements,7,,**Requirements:**
TU,439,REQ-DEF,Requirements,7,S7-R1,"  * **S7-R1:** The toolbar has a menu, opened from a three-dot button, that holds the download options."
TU,441,REQ-DEF,Requirements,7,S7-R2,"  * **S7-R2:** The menu has an option labeled ""Download Summary (PDF)""."
TU,443,REQ-DEF,Requirements,7,S7-R3,"  * **S7-R3:** The menu has an option labeled ""Download Expanded View (PDF)""."
TU,445,REQ-DEF,Requirements,7,S7-R4,"  * **S7-R4:** The menu has an option labeled ""Download (CSV)""."
TU,447,REQ-DEF,Requirements,7,S7-R5,  * **S7-R5:** The Summary PDF shows the technician rows and the Summary row.
TU,449,REQ-DEF,Requirements,7,S7-R6,"  * **S7-R6:** The Expanded PDF shows the technician rows, each technician's per-day breakdown, and the Summary row."
TU,451,REQ-DEF,Requirements,7,S7-R7,  * **S7-R7:** The CSV file shows the technician rows and the Summary row. The CSV is always this summary-level content; it does not vary by the summary/expanded choice.
TU,453,REQ-DEF,Requirements,7,S7-R8,"  * **S7-R8:** Every download includes only the technicians that are currently selected in the technician filter, and covers the location(s) currently selected in the location filter."
TU,455,REQ-DEF,Requirements,7,S7-R9,  * **S7-R9:** Every download covers the date range that is currently active on the report.
TU,457,REQ-DEF,Requirements,7,S7-R10,"  * **S7-R10:** The downloaded files include the same columns that are currently shown on screen — mirroring the column-selector visibility (Story 10) and including the per-row Location column whenever it is shown (S9-R9) — in the same left-to-right column order and number formats as the on-screen report, including the ""—"" rendering for an unknown Est. Lost Labor. In the CSV, any value containing a comma (e.g., ""$1,234.50"") is wrapped in double quotes per standard CSV escaping so the columns parse correctly."
TU,459,REQ-DEF,Requirements,7,S7-R10a,  * **S7-R10a:** Rows in every download are ordered by **Technician name A →Z** (the default order). The on-screen column sort (S2-R13) is applied client-side only and is **not** carried into the export.
TU,461,REQ-DEF,Requirements,7,S7-R11,"  * **S7-R11:** Both PDF views show a logo at the top of the report, resolved by the shared organization-logo resolver: the organization's uploaded logo when it has one, otherwise the bundled ShopView default logo. (Only if even the bundled default is unavailable does a PDF render with no logo.)"
TU,463,REQ-DEF,Requirements,7,S7-R12,"  * **S7-R12:** The downloaded files are named ""Technician-Utilization-Summary.pdf"", ""Technician-Utilization-Expanded.pdf"", and ""technician-utilization.csv"". _(The CSV filename is lower-case and the PDF filenames Title-Case, as shipped; the ""(PDF)"" menu labels likewise carry ""View"" on the expanded option only, matching the shipped strings.)_"
TU,465,REQ-DEF,Requirements,7,S7-R13,"  * **S7-R13:** Every download (both PDF views and the CSV) includes the per-row **Location** column whenever it is shown on screen (more than one location in scope — S9-R9), in its on-screen leftmost position. Every download also includes a ""Locations:"" line naming the location or locations the report is scoped to, or ""All locations"" when every location the user has access to is selected. In a PDF it appears in the header area; in the CSV it appears as a leading metadata line above the column-header row."
TU,470,LABEL,Requirements,7,,**Negative Cases:**
TU,472,REQ-DEF,Requirements,7,S7-N1,"  * **S7-N1:** If no technician is selected, choosing a download option does nothing: no file downloads and no message appears."
TU,474,REQ-DEF,Requirements,7,S7-N2,"  * **S7-N2:** If the organization has no uploaded logo, the PDF views show the bundled ShopView default logo (not a blank space)."
TU,476,REQ-DEF,Requirements,7,S7-N3,  * **S7-N3:** The CSV file never includes the logo.
TU,481,LABEL,Requirements,7,,**Edge Cases:**
TU,483,REQ-DEF,Requirements,7,S7-E1,"  * **S7-E1:** When every technician is selected, the download covers all technicians for the range at the selected location(s)."
TU,488,REQ-CONT,Requirements,7,S7-E1,**Error Handling:**
TU,490,REQ-CONT,Requirements,7,S7-E1,"  * When a download starts, the user sees a success notification: ""Download started""."
TU,492,REQ-CONT,Requirements,7,S7-E1,"  * If a download fails, the user sees an error notification: ""Failed to download report""."
TU,497,HEADING,Requirements,8,,### Story 8: Visual Conformance and Accessibility
TU,499,STORY-INTRO,Requirements,8,,"The report conforms to the application's standard all-white reporting theme and layout, and meets the accessibility requirements below."
TU,501,CONTEXT-NOTE,Requirements,8,,_* Context note: requirements S8-R1 through S8-R9 define the report's visual structure; S8-R10 through S8-R14 add the accessibility requirements. They do not spell out every icon and finer styling detail — the companion video (linked in the header) and any attached screenshots are the visual reference for details the requirements do not state._
TU,503,LABEL,Requirements,8,,**Design:** TBD **Jira:** TBD
TU,505,LABEL,Requirements,8,,**Prerequisites:**
TU,507,PREREQ,Requirements,8,,  * The report has loaded rows for the selected date range and location(s) (Story 1).
TU,512,LABEL,Requirements,8,,**Requirements — visual:**
TU,514,REQ-DEF,Requirements,8,S8-R1,"  * **S8-R1:** The report uses an all-white table: white column headers and white data cells, with no alternating row shading."
TU,516,REQ-DEF,Requirements,8,S8-R2,"  * **S8-R2:** The three-dot download menu sits leftmost in the toolbar's action cluster, followed by the Column Selection control."
TU,518,REQ-DEF,Requirements,8,S8-R3,"  * **S8-R3:** The toolbar controls run, left to right: the three-dot download menu, the Column Selection control, the date-range picker, the technician filter, and the location filter (rightmost). (The expand/collapse-all control is not a toolbar control — it lives in the table header per S4-R4.)"
TU,520,REQ-DEF,Requirements,8,S8-R4,"  * **S8-R4:** When shown, the Est. Lost Labor column header is bold and pinned to the far right, matching its cells."
TU,522,REQ-DEF,Requirements,8,S8-R5,  * **S8-R5:** The Summary row stays visible at the bottom while the user scrolls the rows.
TU,524,REQ-DEF,Requirements,8,S8-R6,"  * **S8-R6:** When shown, the Est. Lost Labor column header shows an information icon."
TU,526,REQ-DEF,Requirements,8,S8-R7,"  * **S8-R7:** The information icon shows the text ""Internal hours valued at each location's default labor rate"" on hover, on keyboard focus, and on tap (touch); it is dismissible. _(This wording covers the per-location model of S2-R8; in a single-location view it is simply that location's rate × internal hours.)_"
TU,528,REQ-DEF,Requirements,8,S8-R8,  * **S8-R8:** Each sortable column header shows a sort-direction indicator on the active sort column (ascending or descending); the Technician header shows the ascending indicator on load (S2-R12).
TU,530,REQ-DEF,Requirements,8,S8-R9,"  * **S8-R9:** The report supports dark mode; the page background, toolbar, cells, the Total Hours link, the information icon, the sort indicator, and the ""—"" glyph all use dark-mode-legible colors meeting contrast."
TU,532,REQ-DEF,Requirements,8,S8-R15,"  * **S8-R15:** When shown (more than one location in scope — S9-R9), the per-row **Location** column renders as the **leftmost** column, before Technician, using the suite's standard column treatment so its placement matches the same column on the other reports in the suite. The Location filter control (S9-R1) keeps a **constant width** regardless of the selected label (a single location name, several, or ""All Locations""), so the toolbar layout does not shift when the selection changes."
TU,537,LABEL,Requirements,8,,**Requirements — accessibility:**
TU,539,REQ-DEF,Requirements,8,S8-R10,"  * **S8-R10:** The active sort column header exposes its sort state to assistive technology (`aria-sort` = ascending/descending on the active header, none on the others)."
TU,541,REQ-DEF,Requirements,8,S8-R11,"  * **S8-R11:** An Est. Lost Labor cell showing ""—"" carries the assistive-technology label ""No default labor rate configured"" (distinguishing it from ""$0.00"", which reads as its dollar value)."
TU,543,REQ-DEF,Requirements,8,S8-R12,"  * **S8-R12:** The expand/collapse controls (per-row S4-R1 and the all-rows control S4-R4) are keyboard-focusable, toggle on Enter/Space, expose their expanded/collapsed state to assistive technology, and carry the verbatim accessible names defined in S4-R1 (per-row) and S4-R4 (all-rows)."
TU,545,REQ-DEF,Requirements,8,S8-R13,  * **S8-R13:** The information icon (S8-R7) meets at least a 3:1 contrast ratio against its background in both light and dark mode.
TU,547,REQ-DEF,Requirements,8,S8-R14,  * **S8-R14:** The Total Hours link's non-color affordance and focus indicator (S6-R1) apply in both light and dark mode.
TU,549,REQ-DEF,Requirements,8,S8-R16,  * **S8-R16:** The icon-only Column Selection control carries an accessible name exposed to assistive technology.
TU,554,LABEL,Requirements,8,,**Negative Cases:**
TU,556,REQ-DEF,Requirements,8,S8-N1,  * **S8-N1:** No column header other than Est. Lost Labor shows the information icon.
TU,561,HEADING,Requirements,9,,### Story 9: Location Filter
TU,563,STORY-INTRO,Requirements,9,,"A filter lets the user scope the report to one, several, or all of the locations they have access to."
TU,565,LABEL,Requirements,9,,**Design:** See Story 8 **Jira:** TBD
TU,567,LABEL,Requirements,9,,**Prerequisites:**
TU,569,PREREQ,Requirements,9,,  * The report has loaded (Story 1).
TU,574,LABEL,Requirements,9,,**Requirements:**
TU,576,REQ-DEF,Requirements,9,S9-R1,"  * **S9-R1:** The toolbar has a location filter labeled ""Location"" — a multi-select, and the **rightmost** control — listing the locations the signed-in user has access to plus an ""All Locations"" option. ""All Locations"" acts as a select-all shortcut: choosing it selects every accessible location; unchecking any individual location leaves the remaining specific locations selected (the selection is always the concrete set of checked locations)."
TU,578,REQ-DEF,Requirements,9,S9-R2,"  * **S9-R2:** On a first visit (no saved selection — §3), it defaults to the user's **currently active location** (the location currently selected in the application's global location switcher)."
TU,580,REQ-DEF,Requirements,9,S9-R3,"  * **S9-R3:** Selecting one, several, or all locations **reloads** the report scoped to that set (unlike the technician filter, which is on-screen only)."
TU,582,REQ-DEF,Requirements,9,S9-R4,"  * **S9-R4:** All metrics (technician rows, per-day rows, and the Summary) reflect only clock records at the selected location(s); a technician's hours are pooled across the selected locations into one row (one row per technician, not one per location), and per-day rows pool the same way (S4-R2)."
TU,584,REQ-DEF,Requirements,9,S9-R5,"  * **S9-R5:** Scoping is always constrained to the user's accessible locations — ""All Locations"" means all locations the user can access, never beyond; a location the user cannot access is never included."
TU,586,REQ-DEF,Requirements,9,S9-R6,"  * **S9-R6:** On return, the saved location selection is restored **defensively** : any saved location the user can no longer access is dropped; if the remaining set is empty, the report falls back to the user's currently active location (S9-R2)."
TU,588,REQ-DEF,Requirements,9,S9-R7,"  * **S9-R7:** If the user deselects every location (empties the filter), the report falls back to the user's currently active location rather than showing nothing."
TU,590,REQ-DEF,Requirements,9,S9-R8,  * **S9-R8:** Both PDF exports and the CSV export cover the location(s) currently selected here.
TU,592,REQ-DEF,Requirements,9,S9-R9,"  * **S9-R9:** When the selected scope spans **more than one location** , the report shows a per-row **Location** column; when the scope is a single location, the column is hidden (the scope is unambiguous). This auto-visibility applies on screen and in every export (S7-R13)."
TU,594,REQ-DEF,Requirements,9,S9-R10,"  * **S9-R10:** In the Location column (when shown, S9-R9): a technician row whose hours were all clocked at a single location shows that location's name; a technician row whose hours span more than one selected location shows the literal **Multiple** ; an expanded per-day detail row shows the exact location when that day's hours were all at one location, or **Multiple** when that day spans more than one. The Summary row leaves the Location column blank."
TU,599,LABEL,Requirements,9,,**Negative Cases:**
TU,601,REQ-DEF,Requirements,9,S9-N1,  * **S9-N1:** A user with access to only one location still sees the filter with a single selectable location; behavior is unchanged from single-location use.
TU,603,REQ-DEF,Requirements,9,S9-N2,"  * **S9-N2:** If the selected location(s) produce no clocked time for the range, the report shows the no-data message (§7)."
TU,608,HEADING,Requirements,10,,### Story 10: Column Selection and Persistence
TU,610,STORY-INTRO,Requirements,10,,"The user can choose which columns show, and the report remembers its setup."
TU,612,LABEL,Requirements,10,,**Design:** See Story 8 **Jira:** TBD
TU,614,LABEL,Requirements,10,,**Prerequisites:**
TU,616,PREREQ,Requirements,10,,  * The report has loaded rows for the selected date range and location(s) (Story 1).
TU,621,LABEL,Requirements,10,,**Requirements:**
TU,623,REQ-DEF,Requirements,10,S10-R1,"  * **S10-R1:** A column-selection control — an icon button whose tooltip reads ""Column Selection"" — lets the user toggle each toggleable column on or off. It sits in the toolbar action cluster immediately after the three-dot download menu (S8-R2/S8-R3)."
TU,625,REQ-DEF,Requirements,10,S10-R2,  * **S10-R2:** The **Technician** column is always shown and cannot be turned off.
TU,627,REQ-DEF,Requirements,10,S10-R3,"  * **S10-R3:** Every other data column — Total Hours, WO Hours, Internal Hours, Utilization %, and Est. Lost Labor — is available in the control and can be toggled on or off. All five are shown by default on a first visit. (Est. Lost Labor was previously always-on; it is now a hideable column like the others.)"
TU,629,REQ-DEF,Requirements,10,S10-R4,  * **S10-R4:** The per-row Location column is not one of the toggleable columns: it is auto-managed by the location scope (shown only when more than one location is in scope — S9-R9) and is never listed in the column selector.
TU,631,REQ-DEF,Requirements,10,S10-R5,"  * **S10-R5:** Whatever columns are shown, they appear in the fixed left-to-right order of S2-R1 (toggling visibility never reorders columns), with the Location column — when shown — leftmost (S8-R15) and Est. Lost Labor last."
TU,633,REQ-DEF,Requirements,10,S10-R6,"  * **S10-R6:** The report remembers the user's column selection in the browser, alongside the date range, technician selection, and location selection (§3, S1-R8), and restores it on the next visit. Restore is defensive: a saved selection that no longer resolves to valid columns falls back to the default-visible set rather than breaking the view."
TU,638,CONTEXT-NOTE,Requirements,10,S10-R6,_* Context note: persistence is per-browser (not tied to the user's account); it persists across visits in the same browser but does not follow the user to another browser or device._
TU,640,HEADING,User Feedback Summary,,,## 7. User Feedback Summary
TU,642,TABLE-ROW,User Feedback Summary,,,Trigger| Message| Behavior
TU,643,TABLE-HDR,User Feedback Summary,,,---|---|---
TU,644,TABLE-ROW,User Feedback Summary,,,"No technician has clocked time in scope, or the user cleared all technicians, or the location produces no data| ""Empty bays, endless possibilities. Get Going!""| This exact string is the application's standard reports no-data label, shown in the data area; the Summary row is hidden. (The same message is used for the genuinely-no-data and the filter-cleared causes — this version does not use distinct copy for the two.)"
TU,645,TABLE-ROW,User Feedback Summary,,,"A download starts| ""Download started""| Success notification"
TU,646,TABLE-ROW,User Feedback Summary,,,"A download fails| ""Failed to download report""| Error notification"
TU,648,CONTEXT-NOTE,User Feedback Summary,,, _* Context note: choosing a download with no technician selected is a silent no-op (S7-N1) — it produces neither a file nor a message._
TU,650,HEADING,Change Log,,,## 8. Change Log
TU,652,TABLE-HDR,Change Log,,,Date| Reporter| Change| Notes
TU,653,TABLE-HDR,Change Log,,,---|---|---|---
TU,654,CHANGELOG-ROW,Change Log,,,2026-06-13| @chris / @claude| Spec drafted + hostile-eye locked; companion video recorded; published to Confluence (Draft — pending review).|
TU,655,CHANGELOG-ROW,Change Log,,,"2026-07-11| @claude| **Suite-alignment rewrite (code-verified) + 10-reviewer ESL audit hardening, as part of the 5-spec lockdown.** Added the **multi-location filter** (Story 9; rightmost, default active location, server-side reload, accessible-locations-constrained, hours pooled per technician and per day across locations, defensive restore, All-Locations shortcut, empty→active fallback). Added the **"" All Time""** date range as its own Story 10 (the prior draft referenced it only in the change log). Added a **Loading state** (S1-R10), a **reconciliation-scope** requirement (S1-R9: same range + same single location + closed records; open-clock and multi-location drill-through are deliberate scope differences, not defects) and scoped the §2 ""mismatch = defect"" note to match. **Est. Lost Labor** documented **per location** (S2-R8/S3-R5), with the **null vs $0.00 vs partial** cases pinned (S2-E2/E3/E4: ""$0.00"" for zero internal hours or a known $0 rate; ""—"" only when no rate at any contributing location; partial amounts value only rated-location hours, unmarked in this version) and the summary computed from unrounded values. Extended the **round-half-up** rule to cover Utilization % and made it a requirement (S2-R5/R7). Pinned **sort** behavior (S2-R13: all six columns sortable, first-click-on-Technician→descending, no third state, indicator on load, tiebreak + stable order for duplicate names, nulls-to-bottom S2-R17). Clarified persistence (deselected-technician set; sort not persisted; per-day pooling; expansion not persisted, S4-R5). Reworded the **info-icon tooltip** to the per-location model (S8-R7) and added an **accessibility block** (S8-R10..R14: aria-sort, ""—"" AT text, keyboard expand controls, contrast, touch tooltip, link affordance). CSV comma-quoting (S7-R10). Stripped the sibling-report (""Technician Efficiency"") reference (S1-R1, Story 8) so the spec stands alone; the Timesheet Activities dependency (shared clock data + deep-link target) is retained as a functional dependency. §2 ""shop totals"" → ""visible technicians"".|"
TU,656,CHANGELOG-ROW,Change Log,,,"2026-07-11| @chris| **Owner decision — Est. Lost Labor valued per location** (S2-R8, S3-R5, §3). Each technician's internal hours are valued at the default labor rate of the location where they were clocked, then summed. _Build-delta: the current rollup applies a single (first-encountered, chronologically-earliest) location rate to the technician's total internal hours, and the shipped info-icon tooltip reads ""Default labor rate multiplied by internal hours"" (single-rate); the rollup must be changed to accumulate lost-labor dollars per location and the tooltip updated to the S8-R7 wording. Single-location views are already exact._|"
TU,657,CHANGELOG-ROW,Change Log,,,"2026-07-16| @chris / @claude| Removed All Time (deleted Story 10; simplified S6-R4); capped Custom at 366 days; per-day breakdown now loads lazily on expand (Story 4); **timezone model changed to a single report-level time zone (active workplace) matching Timesheet Activities (S1-R7), resolving the S1-R7/S1-R9 multi-location divergence** ; header cleanup (removed Companion Video row).| Per Milan Zivanovic's 2026-07-15 engineering review (timezone = his option 1)."
TU,658,CHANGELOG-ROW,Change Log,,,"2026-07-29| @chris / @claude| Added the suite-standard column selector; made Est. Lost Labor a toggleable (hideable) column; the PDF export logo now uses the shared resolver (org logo → bundled ShopView default → none); added a per-row Location column (shown when more than one location is in scope) plus a ""Locations:"" export line; exports now mirror the selected columns.|"
WIP,1,CAPTURE-HDR,,,,# WIP (Work In Progress) Report
WIP,3,CAPTURE-HDR,,,,> **VERBATIM CAPTURE — current Confluence spec**
WIP,4,CAPTURE-HDR,,,,> - pageId: 703660034
WIP,5,CAPTURE-HDR,,,,> - Page title: WIP (Work In Progress) Report
WIP,6,CAPTURE-HDR,,,,> - Current version: v6
WIP,7,CAPTURE-HDR,,,,> - Last updated: 2026-07-29T06:33:58.148Z by Chris Ward
WIP,8,CAPTURE-HDR,,,,> - Confluence space: ~712020aa00b8d6a71f4259891982a304227c20
WIP,9,CAPTURE-HDR,,,,"> - Captured: 2026-07-31 (REST storage-format -> markdown via html2text, unicode-preserving; escape-normalized to match the 2026-07-28 capture pipeline — validated 6/6 byte-identical on the prior versions)"
WIP,11,RULE,,,,---
WIP,12,TABLE-ROW,(front matter),,,|
WIP,13,TABLE-HDR,(front matter),,,---|---
WIP,14,META-TABLE,(front matter),,,**Epic**|  TBD
WIP,15,META-TABLE,(front matter),,,**Owner**|  Chris W.
WIP,16,META-TABLE,(front matter),,,**Status**|  Draft — 2026-07-19
WIP,17,META-TABLE,(front matter),,,**Branch**|  TBD
WIP,19,HEADING,Work In Progress — Product Specification,,,# Work In Progress — Product Specification
WIP,21,HEADING,Business Case,,,## 1. Business Case
WIP,23,NARRATIVE,Business Case,,,"Shop managers need to see, at any moment, every open job on the floor and how much money is tied up in it — the work that has been authorized but not yet invoiced. Today that number lives only inside individual work orders; there is no single screen that lists every open job with its earned-versus-remaining value."
WIP,25,NARRATIVE,Business Case,,,"Just as important, an owner wants to know _where_ that money sits: how much has already been earned on the floor and is only waiting to be billed, versus how much is still work left to do. A single grand-total figure hides that split."
WIP,27,NARRATIVE,Business Case,,,"The Work In Progress report answers both. It lists every open work order — one row each — and splits each job's value into what has been **earned** (work already done) and what is still **remaining** (approved work not yet done). A summary strip across the top rolls the whole floor into a handful of headline figures, and four tabs separate jobs by how far along they are."
WIP,29,HEADING,Feature Overview,,,## 2. Feature Overview
WIP,31,NARRATIVE,Feature Overview,,,**Core report**
WIP,33,NARRATIVE,Feature Overview,,,"  * The report shows one row per open work order for the selected location(s): a service work order whose status is Estimate, Approved, In Progress, Review, or Complete."
WIP,34,NARRATIVE,Feature Overview,,,"  * Each open job is placed in one of four tabs by how far along it is: **Approved - partially completed** , **Approved - not started** , **Completed** , and **Estimates**."
WIP,35,NARRATIVE,Feature Overview,,,"  * Each row shows the work order number, status, customer, asset (unit number over vehicle identification number), advisor, how long the job has been open, an earned/remaining money breakdown, an optional labor-hours delta, and a pinned **Total** (earned + remaining)."
WIP,36,NARRATIVE,Feature Overview,,,"  * A summary strip across the top shows the whole floor as headline figures — Total Earned (the hero), Total Remaining, and a per-stage breakdown — and recomputes as the user filters."
WIP,37,NARRATIVE,Feature Overview,,,  * Each tab is a flat table with a pinned **Total** column on the far right and a Totals row at the bottom summing the jobs in that tab.
WIP,38,NARRATIVE,Feature Overview,,,"  * The user can choose which columns show, filter by advisor / customer / asset / date range / location, and download the current tab as a PDF or CSV."
WIP,39,NARRATIVE,Feature Overview,,,"  * A per-row **Location** column appears automatically only when the report is scoped to more than one location, naming each work order's location; it is hidden when a single location is in scope. Every export includes the Location column when it is shown, plus a ""Locations:"" line naming the scope."
WIP,43,CONTEXT-NOTE,Feature Overview,,,"_* Context note: ""earned"" means the value of approved work already performed — labor hours clocked toward the estimate, plus parts already received. ""Remaining"" means the value of approved work not yet performed — labor still to be worked, plus parts ordered but not yet received. A job's Total is earned + remaining; it is the report's own money figure, not the work order's stored grand total._"
WIP,45,NARRATIVE,Feature Overview,,,**Relationship to the work order**
WIP,47,NARRATIVE,Feature Overview,,,  * The report reads live from the same work-order data the shop already maintains; it stores nothing of its own and never changes a work order.
WIP,48,NARRATIVE,Feature Overview,,,  * Every money figure is derived only from the work order's **approved** line items (lines the shop has authorized). Lines that are not yet approved contribute nothing.
WIP,52,LABEL,Feature Overview,,,**Out of scope**
WIP,54,NARRATIVE,Feature Overview,,,"  * **A trend / over-time view.** This report shows the floor as it stands right now. It does not chart work-in-progress dollars over time, and there is no Trend tab in this version. (The nightly WIP snapshot that a future Trend view will read _is_ captured in this version — see Story 11 — but no screen in this report displays that history yet.)"
WIP,55,NARRATIVE,Feature Overview,,,"  * Fees, discounts, and tax on these not-yet-invoiced jobs are not shown; the report is a labor-and-parts earned/remaining view."
WIP,56,NARRATIVE,Feature Overview,,,  * Scheduling exports to run automatically is not included.
WIP,60,HEADING,Feature Overview,,,### Known Limitations (v1)
WIP,62,NARRATIVE,Feature Overview,,,"These are deliberate v1 boundaries, documented so QA does not file them as defects:"
WIP,64,NARRATIVE,Feature Overview,,,  * **No trend view.** Work-in-progress over time is not drawn in this version (see Out of scope). The nightly snapshot that would feed it _is_ captured (Story 11); this version simply has no screen that reads it.
WIP,65,NARRATIVE,Feature Overview,,,"  * **"" Days Open"" is not grammatically pluralized** — it renders ""1 days"" and ""0 days"" (Story 4)."
WIP,66,NARRATIVE,Feature Overview,,,"  * **Export column labels differ from the screen for two columns.** On screen the asset column header reads ""Asset"" and the location column reads ""Location""; in the downloaded PDF/CSV the same two columns are headed ""Unit"" and ""Branch"" (Story 9, S9-E1)."
WIP,70,HEADING,Key Decisions,,,## 3. Key Decisions
WIP,72,NARRATIVE,Key Decisions,,,"  * **A job's Total is Earned + Remaining, not the work order's grand total.** The report's money figure is deliberately the approved-work earned/remaining sum, so it excludes tax, fees, discounts, and any non-approved lines. A Total that differs from the work order's own grand total is expected, not a data error."
WIP,73,NARRATIVE,Key Decisions,,,"  * **The date range defaults to ""This Week.""** A fresh visit shows the open work orders created in the current week; the user can widen to any other preset or a Custom range. ""All Time"" is not offered (Story 7)."
WIP,74,NARRATIVE,Key Decisions,,,"  * **Every open job is listed, including one with nothing approved yet.** An open estimate with no approved lines still appears (in the Estimates tab), with its earned and remaining both at $0.00."
WIP,75,NARRATIVE,Key Decisions,,,"  * **Jobs are separated into four tabs by progress, and there is no on-screen status filter.** The tab a job lands in is derived from its status and whether any work has started (Story 3); the four tabs take the place of a status filter."
WIP,76,NARRATIVE,Key Decisions,,,"  * **The summary strip recomputes from the jobs currently visible.** Filtering by advisor, customer, or asset immediately re-rolls the headline figures and every tab's Totals row from the still-visible jobs, with no reload."
WIP,77,NARRATIVE,Key Decisions,,,"  * **The advisor, customer, and asset filters work on screen only; the date range and location filters reload the report.** Narrowing to an advisor/customer/asset hides rows instantly; changing the date range or location re-fetches from the server."
WIP,78,NARRATIVE,Key Decisions,,,"  * **The report remembers the user's date range, advisor / customer / asset selections, location selection, column selection, and active tab** (per browser) and restores them on return."
WIP,79,NARRATIVE,Key Decisions,,,"  * **"" Est."" labor hours are the measuring stick on this not-yet-invoiced report.** The Inv. Hrs column compares the hours quoted on the approved work against the hours actually worked, so a manager can see whether a job is beating or overrunning its labor estimate before it is billed (Story 4)."
WIP,80,NARRATIVE,Key Decisions,,,"  * **The nightly WIP snapshot is in scope.** Once per day the report captures each open work order's earned and remaining value, keyed per work order per day, using the same money model as the on-screen report (Story 11). No screen reads it in this version; it is captured now so a future Trend view reads a consistent history."
WIP,81,NARRATIVE,Key Decisions,,,"  * **The per-row Location column is automatic, not a manual toggle.** It appears only when the current scope spans more than one location and is hidden for a single location, so a single-location view is never cluttered with a redundant column. Because a work order belongs to exactly one location, each WIP row names its own location — a WIP row never shows ""Multiple"". Every export still names the scope on a ""Locations:"" line."
WIP,85,CONTEXT-NOTE,Key Decisions,,,"_* Context note: removing ""All Time"" and defaulting to ""This Week"" is a Chris product decision, not a scalability fix. Milan Zivanovic had approved keeping ""All Time"" on WIP — its population is bounded to currently-open work orders (not a historical scan), so ""All Time"" was never a scalability risk. This change is a product/UX choice._"
WIP,87,CONTEXT-NOTE,Key Decisions,,,"_* Context note: the report saves its settings in the user's browser only, not on their account. Settings persist across visits and reloads in the same browser but do not follow the user to another browser or device._"
WIP,89,HEADING,Terminology,,,## 4. Terminology
WIP,91,NARRATIVE,Terminology,,,"  * **Open work order** → A service work order whose status is Estimate, Approved, In Progress, Review, or Complete. Invoiced, Paid, and Declined work orders are not open and never appear."
WIP,92,NARRATIVE,Terminology,,,  * **Approved line / approved work** → A line item the shop has authorized (line status authorized or complete). All of the report's money comes only from approved lines.
WIP,93,NARRATIVE,Terminology,,,  * **Earned** → The value of approved work already performed: the portion of approved labor covered by clocked time (capped at the quoted amount per line) plus approved parts already received.
WIP,94,NARRATIVE,Terminology,,,  * **Remaining** → The value of approved work not yet performed: approved labor not yet earned plus approved parts ordered but not yet received.
WIP,95,NARRATIVE,Terminology,,,"  * **Total** → For a row, Earned + Remaining. Shown as the pinned, bold headline column. (Not the work order's stored grand total.)"
WIP,96,NARRATIVE,Terminology,,,  * **Inv. Hrs (labor-hours delta)** → Quoted labor hours minus worked (clocked) labor hours across the approved lines. Positive means the job is under its labor estimate; negative means it has overrun.
WIP,97,NARRATIVE,Terminology,,,"  * **Days Open** → Whole days since the work order was created: elapsed time divided by 24 hours, floored (never negative)."
WIP,98,NARRATIVE,Terminology,,,"  * **Asset** → The vehicle or unit the job is for, identified by its unit number and its vehicle identification number."
WIP,99,NARRATIVE,Terminology,,,"  * **Snapshot** → A once-daily recorded set of per-work-order earned/remaining figures for a given calendar date (Story 11), captured for a future Trend view."
WIP,100,NARRATIVE,Terminology,,,"  * **Location (column)** → A per-row column naming the work order's location, shown automatically only when the report is scoped to more than one location and hidden when a single location is in scope. In every export it is headed ""Branch"" (S9-E1) and is accompanied by a ""Locations:"" line naming the scope."
WIP,104,HEADING,Assumptions,,,## 5. Assumptions
WIP,106,NARRATIVE,Assumptions,,,"  * Approved line items carry the data needed to value them: a labor time estimate and a labor rate for labor, and a quantity and sell price for parts."
WIP,107,NARRATIVE,Assumptions,,,  * A work order's created date is the anchor for Days Open and for the date-range filter.
WIP,108,NARRATIVE,Assumptions,,,"  * Fees, discounts, and tax are not resolved for these non-invoiced work orders and are therefore not shown on this report."
WIP,112,HEADING,Requirements,,,## 6. Requirements
WIP,114,HEADING,Requirements,1,,### Story 1: Report Access and Tabs
WIP,116,STORY-INTRO,Requirements,1,,"The report is reachable from the reports navigation and opens on the first section tab, with four tabs in total."
WIP,118,LABEL,Requirements,1,,**Design:** See Story 10 **Jira:** TBD
WIP,120,LABEL,Requirements,1,,**Prerequisites:**
WIP,122,PREREQ,Requirements,1,,  * The user must have the permission that grants access to Work In Progress reports.
WIP,126,CONTEXT-NOTE,Requirements,1,,"_* Context note: the report reuses one existing reporting permission; it does not add a new one, and the same permission covers the report and its downloads._"
WIP,128,LABEL,Requirements,1,,**Requirements:**
WIP,130,REQ-DEF,Requirements,1,S1-R1,"  * **S1-R1:** The report appears in the reports navigation under the **Performance** group, labeled ""Work In Progress""."
WIP,131,REQ-DEF,Requirements,1,S1-R2,"  * **S1-R2:** Opening the report shows four tabs, labeled (in order) ""Approved - partially completed"", ""Approved - not started"", ""Completed"", and ""Estimates""."
WIP,132,REQ-DEF,Requirements,1,S1-R3,"  * **S1-R3:** The ""Approved - partially completed"" tab is selected by default on load."
WIP,133,REQ-DEF,Requirements,1,S1-R4,"  * **S1-R4:** Each tab's label shows the count of work orders currently in that tab, in parentheses (for example, ""Completed (22)"")."
WIP,134,REQ-DEF,Requirements,1,S1-R5,"  * **S1-R5:** The browser page title is ""Work In Progress - Report | ShopView"" (the separator is a plain hyphen with one space on each side)."
WIP,138,LABEL,Requirements,1,,**Negative Cases:**
WIP,140,REQ-DEF,Requirements,1,S1-N1,"  * **S1-N1:** If the user does not have the required permission, the report does not appear in the navigation."
WIP,144,HEADING,Requirements,2,,"### Story 2: Work-Order Scope, Loading, and Empty State"
WIP,146,STORY-INTRO,Requirements,2,,The report lists every open work order for the selected location(s).
WIP,148,LABEL,Requirements,2,,**Design:** See Story 10 **Jira:** TBD
WIP,150,LABEL,Requirements,2,,**Prerequisites:**
WIP,152,PREREQ,Requirements,2,,  * The report has loaded.
WIP,156,LABEL,Requirements,2,,**Requirements:**
WIP,158,REQ-DEF,Requirements,2,S2-R1,"  * **S2-R1:** A work order appears only if ALL of the following hold: it is a service work order; its status is one of Estimate, Approved, In Progress, Review, or Complete; and it belongs to a selected location (Story 7)."
WIP,159,REQ-DEF,Requirements,2,S2-R2,"  * **S2-R2:** Work orders whose status is Invoiced, Paid, or Declined never appear, in any tab, any Totals row, the summary strip, or any download."
WIP,160,REQ-DEF,Requirements,2,S2-R3,  * **S2-R3:** Part-sale work orders never appear.
WIP,161,REQ-DEF,Requirements,2,S2-R4,"  * **S2-R4:** Each qualifying work order appears exactly once, in exactly one tab (Story 3), including a work order with nothing approved yet (its earned and remaining both show ""$0.00"")."
WIP,162,REQ-DEF,Requirements,2,S2-R5,"  * **S2-R5:** While the report is loading, the data area shows the standard reports loading indicator; existing rows are replaced only when the new data returns."
WIP,163,REQ-DEF,Requirements,2,S2-R6,  * **S2-R6:** The report reloads its rows when the user changes the date range or the location selection (Story 7).
WIP,167,LABEL,Requirements,2,,**Negative Cases:**
WIP,169,REQ-DEF,Requirements,2,S2-N1,"  * **S2-N1:** If no work order qualifies for the current date range and location(s), each tab shows the standard reports no-data message (§7) in place of rows, and no Totals row."
WIP,170,REQ-DEF,Requirements,2,S2-N2,"  * **S2-N2:** If a single tab has no work orders but others do, that tab shows the no-data message while the others show their rows; the tab label count is ""(0)""."
WIP,174,HEADING,Requirements,3,,### Story 3: Tab Placement (Sectioning)
WIP,176,STORY-INTRO,Requirements,3,,"Each open work order is placed in exactly one tab, derived from its status and whether work has started."
WIP,178,LABEL,Requirements,3,,**Design:** See Story 10 **Jira:** TBD
WIP,180,LABEL,Requirements,3,,**Prerequisites:**
WIP,182,PREREQ,Requirements,3,,  * The report has loaded rows (Story 2).
WIP,186,LABEL,Requirements,3,,**Requirements:**
WIP,188,REQ-DEF,Requirements,3,S3-R1,  * **S3-R1:** A work order whose status is Estimate is placed in the **Estimates** tab.
WIP,189,REQ-DEF,Requirements,3,S3-R2,  * **S3-R2:** A work order whose status is Complete is placed in the **Completed** tab.
WIP,190,REQ-DEF,Requirements,3,S3-R3,  * **S3-R3:** A work order whose status is In Progress or Review is placed in the **Approved - partially completed** tab.
WIP,191,REQ-DEF,Requirements,3,S3-R4,"  * **S3-R4:** A work order whose status is Approved is placed in the **Approved - partially completed** tab when any labor time has been clocked or any part has been received against it, and in the **Approved - not started** tab otherwise."
WIP,195,CONTEXT-NOTE,Requirements,3,S3-R4,"_* Context note: ""work has started"" means a technician has clocked time to the job or a part has been received for it. An approved job with neither is treated as not started._"
WIP,197,HEADING,Requirements,4,,### Story 4: Columns and Calculations
WIP,199,STORY-INTRO,Requirements,4,,"Each row shows the work order's identity, its aging, and its earned/remaining money breakdown, in a fixed column order."
WIP,201,LABEL,Requirements,4,,**Design:** See Story 10 **Jira:** TBD
WIP,203,LABEL,Requirements,4,,**Prerequisites:**
WIP,205,PREREQ,Requirements,4,,  * The report has loaded rows (Story 2).
WIP,209,LABEL,Requirements,4,,**Requirements:**
WIP,211,REQ-DEF,Requirements,4,S4-R1,"  * **S4-R1:** The columns, in left-to-right order, are: WO #, Status, Customer, Asset, VIN, Location, Advisor, Days Open, Last Activity, Labor Earned, Labor Remaining, Parts Earned, Parts Remaining, Earned, Remaining, Inv. Hrs, Total."
WIP,212,REQ-DEF,Requirements,4,S4-R2,"  * **S4-R2:** On first visit, the visible columns are: WO #, Status, Customer, Asset, Advisor, Days Open, Earned, Remaining, and Total."
WIP,213,REQ-DEF,Requirements,4,S4-R3,"  * **S4-R3:** Every other column (VIN, Last Activity, Labor Earned, Labor Remaining, Parts Earned, Parts Remaining, Inv. Hrs) is available in the column selector and off by default (Story 8). The **Location** column is not offered in the column selector; its visibility is automatic — shown only when more than one location is in scope (Story 7)."
WIP,214,REQ-DEF,Requirements,4,S4-R4,"  * **S4-R4:** WO #, Status, Customer, Asset, VIN, Location, and Advisor are left-aligned; every other column is right-aligned."
WIP,215,REQ-DEF,Requirements,4,S4-R5,  * **S4-R5:** WO # is shown as a link that opens the work order in the same browser tab; the user returns via the browser's back navigation.
WIP,216,REQ-DEF,Requirements,4,S4-R6,"  * **S4-R6:** Status is shown as a badge using the status's label (""Estimate"", ""Approved"", ""In Progress"", ""Review"", ""Complete""), color-coded per the application's standard status colors; the label text is always present, so color is never the sole signal."
WIP,217,REQ-DEF,Requirements,4,S4-R7,"  * **S4-R7:** The **Asset** column is a two-line cell: the unit number on the first line in bold, and the vehicle identification number on the second line in a smaller, muted style."
WIP,218,REQ-DEF,Requirements,4,S4-R8,"  * **S4-R8:** When a work order has no unit number, the Asset cell's first line shows ""(no unit #)""; when it has no vehicle identification number, the second line shows ""— no VIN —""."
WIP,219,REQ-DEF,Requirements,4,S4-R9,  * **S4-R9:** The Asset column sorts by unit number.
WIP,220,REQ-DEF,Requirements,4,S4-R10,"  * **S4-R10:** The **VIN** column (off by default) shows the vehicle identification number on its own line as a separate, sortable column."
WIP,221,REQ-DEF,Requirements,4,S4-R11,  * **S4-R11:** Customer shows the customer's company name; it is blank when no customer name exists.
WIP,222,REQ-DEF,Requirements,4,S4-R12,"  * **S4-R12:** Days Open shows the whole number of days since the work order was created — elapsed time divided by 24 hours, floored, never negative — rendered as ""X days"". The value is not grammatically pluralized: a same-day work order shows ""0 days"" and a one-day-old work order shows ""1 days""."
WIP,223,REQ-DEF,Requirements,4,S4-R13,"  * **S4-R13:** Last Activity shows how recently the work order was last touched: ""Today"" when the most recent activity was today, otherwise ""Xd ago""; it shows ""—"" when the work order has no recorded activity."
WIP,224,REQ-DEF,Requirements,4,S4-R14,"  * **S4-R14:** Money columns (Labor Earned, Labor Remaining, Parts Earned, Parts Remaining, Earned, Remaining, Total) show US-dollar currency with a leading ""$"", two decimal places, and thousands separators; a negative value shows a leading minus before the ""$"" (for example ""$1,234.56"" and ""-$1,234.56""); a genuine zero shows ""$0.00""."
WIP,225,REQ-DEF,Requirements,4,S4-R15,"  * **S4-R15:** **Labor Earned** is the value of approved labor already performed: for each approved line, the share of its quoted labor value covered by the time clocked to it (never more than the full quoted value), summed across the work order's approved lines."
WIP,226,REQ-DEF,Requirements,4,S4-R16,  * **S4-R16:** **Labor Remaining** is the approved labor value not yet earned: the total quoted value of the approved labor minus Labor Earned.
WIP,227,REQ-DEF,Requirements,4,S4-R17,  * **S4-R17:** **Parts Earned** is the sell value of approved-line parts already received.
WIP,228,REQ-DEF,Requirements,4,S4-R18,  * **S4-R18:** **Parts Remaining** is the sell value of approved-line parts ordered but not yet received (the outstanding quantity valued at its sell price including any core charge).
WIP,229,REQ-DEF,Requirements,4,S4-R19,  * **S4-R19:** **Earned** is Labor Earned plus Parts Earned.
WIP,230,REQ-DEF,Requirements,4,S4-R20,  * **S4-R20:** **Remaining** is Labor Remaining plus Parts Remaining.
WIP,231,REQ-DEF,Requirements,4,S4-R21,"  * **S4-R21:** **Total** is Earned plus Remaining. It is NOT the work order's stored grand total, and it is NOT the sum of any other displayed subtotal beyond Earned + Remaining."
WIP,232,REQ-DEF,Requirements,4,S4-R22,"  * **S4-R22:** The **Total** column is pinned to the far right of the row, shown in bold, and stays fixed to the right edge while the user scrolls the row sideways."
WIP,233,REQ-DEF,Requirements,4,S4-R23,"  * **S4-R23:** **Inv. Hrs** shows the quoted labor hours minus the worked (clocked) labor hours across the approved lines, as a signed number with one decimal place (""+2.0"", ""-14.0"", ""0.0""). A zero value shows unsigned as ""0.0"" (never ""+0.0"" or blank)."
WIP,234,REQ-DEF,Requirements,4,S4-R24,"  * **S4-R24:** On screen, Inv. Hrs is colored: green when positive, red when negative, and the default text color at exactly 0.0."
WIP,235,REQ-DEF,Requirements,4,S4-R25,"  * **S4-R25:** The initial sort is Days Open, longest-open first (descending)."
WIP,236,REQ-DEF,Requirements,4,S4-R26,"  * **S4-R26:** The user can re-sort by selecting any column header. The first click on a header sorts ascending; clicking the same header again toggles to descending; there is no third ""cleared"" state, and only one column sorts at a time."
WIP,237,REQ-DEF,Requirements,4,S4-R27,"  * **S4-R27:** Money and numeric columns sort by their underlying value; Days Open by its day count; Status by its displayed label; WO #, Customer, Asset, VIN, Location, and Advisor as text."
WIP,238,REQ-DEF,Requirements,4,S4-R28,  * **S4-R28:** Sorting reorders the rows within the active tab only; the Totals row stays at the bottom.
WIP,242,LABEL,Requirements,4,,**Edge Cases:**
WIP,244,REQ-DEF,Requirements,4,S4-E1,"  * **S4-E1:** In the Estimates tab, an open estimate with no approved work shows ""$0.00"" for every money column, including Total."
WIP,245,REQ-DEF,Requirements,4,S4-E2,"  * **S4-E2:** A row where the job has overrun its labor estimate shows a negative Inv. Hrs (for example ""-14.0"") in red; a job under its estimate shows a positive value in green."
WIP,249,CONTEXT-NOTE,Requirements,4,S4-E2,_* Context note: the WO # link opens in the same browser tab and the user returns via the browser's back navigation — the suite convention shared with Sales By Customer and Sales By Rep. (This report previously opened the work order in a new tab.)_
WIP,251,CONTEXT-NOTE,Requirements,4,S4-E2,"_* Context note: ""Days Open"" on screen is computed live and advances as time passes; in a downloaded file it is frozen at the moment the file was generated (Story 9), so a file can show a day count one higher than the screen it was generated from._"
WIP,253,HEADING,Requirements,5,,### Story 5: Summary Strip
WIP,255,STORY-INTRO,Requirements,5,,"A strip across the top shows the whole floor as headline figures, and recomputes as the user filters."
WIP,257,LABEL,Requirements,5,,**Design:** See Story 10 **Jira:** TBD
WIP,259,LABEL,Requirements,5,,**Prerequisites:**
WIP,261,PREREQ,Requirements,5,,  * The report has loaded rows (Story 2).
WIP,265,CONTEXT-NOTE,Requirements,5,,"_* Context note: throughout this story, ""visible jobs"" means the work orders that pass the current advisor, customer, and asset filters (Story 7) — not the rows scrolled into view, and across all four tabs together._"
WIP,267,LABEL,Requirements,5,,**Requirements:**
WIP,269,REQ-DEF,Requirements,5,S5-R1,"  * **S5-R1:** The summary strip shows seven figures, in this order: **Total Earned** , **Total Remaining** , **Not Started** , **Started — Earned**, **Started — Remaining**, **Ready to Invoice** , and **Estimates**."
WIP,270,REQ-DEF,Requirements,5,S5-R2,"  * **S5-R2:** **Total Earned** is the report's hero figure, shown larger and with a colored underline. It equals Started — Earned plus Ready to Invoice."
WIP,271,REQ-DEF,Requirements,5,S5-R3,  * **S5-R3:** **Total Remaining** equals Not Started plus Started — Remaining.
WIP,272,REQ-DEF,Requirements,5,S5-R4,"  * **S5-R4:** **Not Started** is the total approved value (earned + remaining) of the jobs in the ""Approved - not started"" tab."
WIP,273,REQ-DEF,Requirements,5,S5-R5,"  * **S5-R5:** **Started — Earned** is the total Earned of the jobs in the ""Approved - partially completed"" tab."
WIP,274,REQ-DEF,Requirements,5,S5-R6,"  * **S5-R6:** **Started — Remaining** is the total Remaining of the jobs in the ""Approved - partially completed"" tab."
WIP,275,REQ-DEF,Requirements,5,S5-R7,"  * **S5-R7:** **Ready to Invoice** is the total Earned of the jobs in the ""Completed"" tab."
WIP,276,REQ-DEF,Requirements,5,S5-R8,"  * **S5-R8:** **Estimates** is the total quoted value of the jobs in the ""Estimates"" tab, and is shown in a muted style."
WIP,277,REQ-DEF,Requirements,5,S5-R9,  * **S5-R9:** The Estimates figure is excluded from Total Earned and from Total Remaining.
WIP,278,REQ-DEF,Requirements,5,S5-R10,"  * **S5-R10:** Every figure shows US-dollar currency with a leading ""$"", two decimals, and thousands separators."
WIP,279,REQ-DEF,Requirements,5,S5-R11,"  * **S5-R11:** When the user changes the advisor, customer, or asset filter, every summary figure recomputes immediately from the visible jobs, with no reload."
WIP,280,REQ-DEF,Requirements,5,S5-R12,"  * **S5-R12:** Each figure shows a small information icon; hovering, focusing, or tapping it reveals its explanation, in plain language, verbatim as follows:"
WIP,281,REQ-CONT,Requirements,5,S5-R12,"    * Total Earned — ""Work you have already done but have not billed yet — the money waiting to be collected."""
WIP,282,REQ-CONT,Requirements,5,S5-R12,"    * Total Remaining — ""Approved work you still have to do — the money that comes in once it is finished."""
WIP,283,REQ-CONT,Requirements,5,S5-R12,"    * Not Started — ""Approved jobs nobody has started yet. The full amount is still ahead."""
WIP,284,REQ-CONT,Requirements,5,S5-R12,"    * Started — Earned — ""Jobs in progress: the work already done but not billed yet."""
WIP,285,REQ-CONT,Requirements,5,S5-R12,"    * Started — Remaining — ""Jobs in progress: the work still left to finish."""
WIP,286,REQ-CONT,Requirements,5,S5-R12,"    * Ready to Invoice — ""Finished jobs, ready to bill the customer."""
WIP,287,REQ-CONT,Requirements,5,S5-R12,"    * Estimates — ""Quotes the customer has not approved yet — not counted in the totals."""
WIP,291,CONTEXT-NOTE,Requirements,5,S5-R12,"_* Context note: ""Started — Earned"" and ""Started — Remaining"" describe approved jobs that are underway (the ""Approved - partially completed"" tab). ""Started"" is used, rather than ""In Progress"", so the figures are not confused with the ""In Progress"" work-order status badge._"
WIP,293,HEADING,Requirements,6,,### Story 6: Per-Tab Totals Row
WIP,295,STORY-INTRO,Requirements,6,,Each tab has a Totals row that sums the visible jobs in that tab.
WIP,297,LABEL,Requirements,6,,**Design:** See Story 10 **Jira:** TBD
WIP,299,LABEL,Requirements,6,,**Prerequisites:**
WIP,301,PREREQ,Requirements,6,,  * The tab has at least one visible job (Story 2).
WIP,305,LABEL,Requirements,6,,**Requirements:**
WIP,307,REQ-DEF,Requirements,6,S6-R1,"  * **S6-R1:** Each tab's table has a Totals row pinned to the bottom, labeled ""Totals"" in its leftmost cell."
WIP,308,REQ-DEF,Requirements,6,S6-R2,"  * **S6-R2:** The Totals row sums each visible money column (Labor Earned, Labor Remaining, Parts Earned, Parts Remaining, Earned, Remaining, Total) across the tab's visible jobs."
WIP,309,REQ-DEF,Requirements,6,S6-R3,"  * **S6-R3:** When the Inv. Hrs column is shown, the Totals row shows the sum of the visible jobs' Inv. Hrs, in the same signed one-decimal format and the same green/red/default coloring as a row."
WIP,310,REQ-DEF,Requirements,6,S6-R4,"  * **S6-R4:** The Totals row's Total cell is pinned far right and shown in bold, matching the column."
WIP,311,REQ-DEF,Requirements,6,S6-R5,  * **S6-R5:** The Totals row uses the same number formats as the data rows.
WIP,312,REQ-DEF,Requirements,6,S6-R6,"  * **S6-R6:** The Totals row recomputes whenever the advisor, customer, or asset filter changes (Story 5)."
WIP,316,LABEL,Requirements,6,,**Negative Cases:**
WIP,318,REQ-DEF,Requirements,6,S6-N1,"  * **S6-N1:** If a tab has no visible jobs, it shows no Totals row."
WIP,322,HEADING,Requirements,7,,### Story 7: Filters
WIP,324,STORY-INTRO,Requirements,7,,"The report can be filtered by advisor, customer, asset, date range, and location."
WIP,326,LABEL,Requirements,7,,**Design:** See Story 10 **Jira:** TBD
WIP,328,LABEL,Requirements,7,,**Prerequisites:**
WIP,330,PREREQ,Requirements,7,,  * The report has loaded.
WIP,334,LABEL,Requirements,7,,**Requirements:**
WIP,336,REQ-DEF,Requirements,7,S7-R1,"  * **S7-R1:** The toolbar has an **Advisor** filter, a multi-select listing the advisors present in the loaded jobs. Selecting one or more advisors narrows the visible jobs to those advisors, on screen only (no reload)."
WIP,337,REQ-DEF,Requirements,7,S7-R2,"  * **S7-R2:** The toolbar has a **Customer** filter, a searchable type-ahead multi-select listing the customers present in the loaded jobs. The user types to narrow the list and selects one or more customers; narrowing is on screen only (no reload)."
WIP,338,REQ-DEF,Requirements,7,S7-R3,"  * **S7-R3:** When no customer is selected, the Customer filter reads ""All customers"" and every job is shown; the filter offers a single ""Clear"" action that returns it to ""All customers"", shown only once at least one customer is selected."
WIP,339,REQ-DEF,Requirements,7,S7-R4,"  * **S7-R4:** The toolbar has an **Asset** filter, a searchable type-ahead multi-select listing the assets present in the loaded jobs. Each option shows the unit number and the vehicle identification number, and the user's typed text matches against EITHER the unit number OR the vehicle identification number. Selecting one or more assets narrows the visible jobs on screen only (no reload)."
WIP,340,REQ-DEF,Requirements,7,S7-R5,"  * **S7-R5:** When no asset is selected, the Asset filter reads ""All assets"" and every job is shown; the filter offers a single ""Clear"" action that returns it to ""All assets"", shown only once at least one asset is selected."
WIP,341,REQ-DEF,Requirements,7,S7-R6,"  * **S7-R6:** The toolbar has a **date-range** control offering the standard presets — ""Today"", ""Yesterday"", ""This Week"", ""Last Week"", ""This Month"", ""Last Month"", ""This Year"", ""Last Year"", ""This Quarter"", ""Last Quarter"", and ""Custom"". It defaults to **"" This Week""**. ""All Time"" is not offered."
WIP,342,REQ-DEF,Requirements,7,S7-R7,  * **S7-R7:** Each preset (or Custom) filters the report to work orders whose **created date** falls within the selected range; changing the range reloads the report.
WIP,343,REQ-DEF,Requirements,7,S7-R8,  * **S7-R8:** A Custom range is capped at a 366-day maximum span (start to end).
WIP,344,REQ-DEF,Requirements,7,S7-R9,"  * **S7-R9:** The toolbar has a **Location** filter (rightmost), a multi-select listing the locations the signed-in user can access, with an ""All locations"" / ""Clear all"" toggle. On a first visit it defaults to the user's currently active location."
WIP,345,REQ-DEF,Requirements,7,S7-R10,"  * **S7-R10:** Selecting one, several, or all locations reloads the report scoped to that set."
WIP,346,REQ-DEF,Requirements,7,S7-R11,"  * **S7-R11:** The location scope is always constrained to the locations the user can access; a location the user cannot access is never included, and if the selection resolves to none, the report falls back to the user's currently active location."
WIP,347,REQ-DEF,Requirements,7,S7-R12,"  * **S7-R12:** The advisor, customer, and asset filters combine: a job must pass all three to remain visible, and each also feeds the summary strip and each tab's Totals row (Story 5, Story 6)."
WIP,348,REQ-DEF,Requirements,7,S7-R13,"  * **S7-R13:** The per-row **Location** column is shown automatically whenever the current scope spans more than one location, and is hidden whenever a single location is in scope; the user does not toggle it in the column selector."
WIP,349,REQ-DEF,Requirements,7,S7-R14,"  * **S7-R14:** When the Location column is shown, each work-order row names that work order's location. Because a work order belongs to exactly one location, a WIP row never shows ""Multiple""; there are no drill-down or aggregating rows on this report (every row is already a single work order)."
WIP,353,CONTEXT-NOTE,Requirements,7,S7-R14,"_* Context note: the advisor, customer, and asset filters only change what is shown on screen and never reload the report; the date-range and location filters reload it. The date range narrows by the work order's created date — it is not a way to see what work-in-progress was on a past date._"
WIP,355,CONTEXT-NOTE,Requirements,7,S7-R14,"_* Context note: removing ""All Time"" and defaulting to ""This Week"" is a Chris product decision, not a scalability fix. Milan Zivanovic had approved keeping ""All Time"" on WIP — its population is bounded to currently-open work orders (not a historical scan), so ""All Time"" was never a scalability risk. This change is a product/UX choice._"
WIP,357,LABEL,Requirements,7,,**Negative Cases:**
WIP,359,REQ-DEF,Requirements,7,S7-N1,"  * **S7-N1:** If the combination of advisor, customer, and asset filters leaves no visible jobs, every tab shows the no-data message (§7) and no Totals row."
WIP,363,HEADING,Requirements,8,,### Story 8: Column Selection and Persistence
WIP,365,STORY-INTRO,Requirements,8,,"The user can choose which columns show, and the report remembers its setup."
WIP,367,LABEL,Requirements,8,,**Design:** See Story 10 **Jira:** TBD
WIP,369,LABEL,Requirements,8,,**Prerequisites:**
WIP,371,PREREQ,Requirements,8,,  * The report has loaded.
WIP,375,LABEL,Requirements,8,,**Requirements:**
WIP,377,REQ-DEF,Requirements,8,S8-R1,"  * **S8-R1:** A column-selection control — an icon button whose tooltip reads ""Column Selection"" — lets the user toggle each column on or off."
WIP,378,REQ-DEF,Requirements,8,S8-R2,  * **S8-R2:** The **Total** column is always shown and cannot be turned off; it is not offered in the control.
WIP,379,REQ-DEF,Requirements,8,S8-R3,"  * **S8-R3:** On first visit, the visible columns are those listed in S4-R2."
WIP,380,REQ-DEF,Requirements,8,S8-R4,  * **S8-R4:** Every other column listed in S4-R3 is available in the control and off by default.
WIP,381,REQ-DEF,Requirements,8,S8-R5,"  * **S8-R5:** Whatever columns are shown, they appear in the fixed left-to-right order of S4-R1 (toggling visibility never reorders columns), with Total always last."
WIP,382,REQ-DEF,Requirements,8,S8-R6,  * **S8-R6:** The column selection applies to every tab at once — the four tabs always show the same set of columns.
WIP,383,REQ-DEF,Requirements,8,S8-R7,"  * **S8-R7:** The report remembers, in the user's browser, the date range, advisor selection, customer selection, asset selection, location selection, column selection, and active tab, and restores them on the user's next visit."
WIP,384,REQ-DEF,Requirements,8,S8-R8,  * **S8-R8:** Restore is defensive: a saved value that is no longer valid falls back to that setting's default rather than breaking the view.
WIP,388,CONTEXT-NOTE,Requirements,8,S8-R8,_* Context note: persistence is per-browser (not tied to the user's account)._
WIP,390,HEADING,Requirements,9,,### Story 9: Export to PDF and CSV
WIP,392,STORY-INTRO,Requirements,9,,The user can download the current tab as a PDF or CSV.
WIP,394,LABEL,Requirements,9,,**Design:** See Story 10 **Jira:** TBD
WIP,396,LABEL,Requirements,9,,**Prerequisites:**
WIP,398,PREREQ,Requirements,9,,  * The report has loaded rows (Story 2).
WIP,402,LABEL,Requirements,9,,**Requirements:**
WIP,404,REQ-DEF,Requirements,9,S9-R1,"  * **S9-R1:** The toolbar has a menu, opened from a three-dot button, holding the download options ""Download (PDF)"" and ""Download (CSV)""."
WIP,405,REQ-DEF,Requirements,9,S9-R2,"  * **S9-R2:** Both downloads include only the columns currently shown, in the same left-to-right order as the screen, with Total last."
WIP,406,REQ-DEF,Requirements,9,S9-R3,"  * **S9-R3:** Both downloads honor the current date range and location filter, and include only the jobs left visible by the advisor, customer, and asset filters."
WIP,407,REQ-DEF,Requirements,9,S9-R4,  * **S9-R4:** Both downloads include a Totals row matching the on-screen Totals row for the tab.
WIP,408,REQ-DEF,Requirements,9,S9-R5,"  * **S9-R5:** Money values use the same ""$1,234.56"" / ""-$1,234.56"" format as on screen; Inv. Hrs uses the same signed one-decimal format."
WIP,409,REQ-DEF,Requirements,9,S9-R6,"  * **S9-R6:** In the CSV, a money value containing a comma (a thousands separator) is enclosed in double-quotes per standard CSV rules; a value without a comma is written unquoted."
WIP,410,REQ-DEF,Requirements,9,S9-R7,"  * **S9-R7:** In both downloads, the Inv. Hrs column is monochrome — the green/red coloring is applied on screen and in the PDF only, never in the CSV."
WIP,411,REQ-DEF,Requirements,9,S9-R8,"  * **S9-R8:** In a download, Days Open is the whole number of days as of the moment the file is generated."
WIP,412,REQ-DEF,Requirements,9,S9-R9,"  * **S9-R9:** The downloaded files are named ""wip-2-report.pdf"" and ""wip-2-report.csv""."
WIP,413,REQ-DEF,Requirements,9,S9-R10,  * **S9-R10:** The PDF shows the shop logo at the top when one is set; the CSV never includes a logo.
WIP,414,REQ-DEF,Requirements,9,S9-R10a,"  * **S9-R10a:** Both downloads include a ""Locations:"" line naming the location or locations the report is scoped to, or ""All locations"" when every location the user has access to is selected. In the PDF it appears in the header area; in the CSV it appears as a leading metadata line above the column-header row. When the Location column is shown on screen (more than one location in scope), the download includes it too, headed ""Branch"" (S9-E1)."
WIP,418,LABEL,Requirements,9,,**Edge Cases:**
WIP,420,REQ-DEF,Requirements,9,S9-E1,"  * **S9-E1:** In a download, the asset column is headed ""Unit"" and the location column is headed ""Branch"" (they read ""Asset"" and ""Location"" on screen). This label difference is a known v1 limitation, not a defect."
WIP,424,REQ-CONT,Requirements,9,S9-E1,**Error Handling:**
WIP,426,REQ-DEF,Requirements,9,S9-R11,"  * **S9-R11:** On a successful download the user sees a success notification with the caption ""Data exported successfully."""
WIP,427,REQ-DEF,Requirements,9,S9-R12,"  * **S9-R12:** If a download yields no rows, the user sees a warning notification titled ""Empty export"" with the caption ""Export didn't yield any results""."
WIP,428,REQ-DEF,Requirements,9,S9-R13,"  * **S9-R13:** If a download fails, the user sees an error notification: ""An error occurred while exporting the report. Please try again."""
WIP,432,HEADING,Requirements,10,,### Story 10: Visual Conformance and Accessibility
WIP,434,STORY-INTRO,Requirements,10,,"The report conforms to the application's standard all-white reporting theme and layout, and meets the accessibility requirements below."
WIP,436,LABEL,Requirements,10,,**Design:** TBD **Jira:** TBD
WIP,438,LABEL,Requirements,10,,**Prerequisites:**
WIP,440,PREREQ,Requirements,10,,  * The report has loaded.
WIP,444,LABEL,Requirements,10,,**Requirements — visual:**
WIP,446,REQ-DEF,Requirements,10,S10-R1,"  * **S10-R1:** Each tab uses an all-white table: white column headers and white data cells, with no alternating row shading."
WIP,447,REQ-DEF,Requirements,10,S10-R2,"  * **S10-R2:** The summary strip is shown as a bold band delineated by a top and bottom rule, above the tabs — not as separate cards."
WIP,448,REQ-DEF,Requirements,10,S10-R3,"  * **S10-R3:** The Total column header is bold and pinned to the far right, matching its cells."
WIP,449,REQ-DEF,Requirements,10,S10-R4,  * **S10-R4:** The Totals row stays visible at the bottom while the user scrolls the rows.
WIP,450,REQ-DEF,Requirements,10,S10-R5,  * **S10-R5:** The report fills the available height and only the active tab's table body scrolls; the page itself does not add a second scrollbar.
WIP,451,REQ-DEF,Requirements,10,S10-R5a,"  * **S10-R5a:** The **Location** filter control keeps a constant width regardless of the selected label — a single location, several, or ""All locations"" — so the toolbar layout does not shift as the selection changes. When the Location column is shown, it appears in its fixed position (S4-R1), left-aligned like the other identifier columns, matching the suite's placement of this column."
WIP,455,LABEL,Requirements,10,,**Requirements — accessibility:**
WIP,457,REQ-DEF,Requirements,10,S10-R6,  * **S10-R6:** The WO # link is keyboard-focusable with a visible focus indicator and opens the work order on activation.
WIP,458,REQ-DEF,Requirements,10,S10-R7,"  * **S10-R7:** Each summary figure's information icon (S5-R12) is reachable by keyboard focus and exposes its explanation to assistive technology, not by hover alone."
WIP,459,REQ-DEF,Requirements,10,S10-R8,"  * **S10-R8:** The status badge's meaning is carried by its text label, not by color alone (S4-R6)."
WIP,460,REQ-DEF,Requirements,10,S10-R9,"  * **S10-R9:** The report supports dark mode; the table, the summary strip, the WO # link, the Inv. Hrs coloring, and the two-line asset cell all use dark-mode-legible colors meeting contrast."
WIP,464,HEADING,Requirements,11,,### Story 11: Nightly WIP Snapshot Capture
WIP,466,STORY-INTRO,Requirements,11,,"Once per day the report captures every open work order's earned/remaining value, so a future Trend view can read a consistent history. This version captures the snapshot; no screen in this version displays it."
WIP,468,LABEL,Requirements,11,,**Design:** TBD **Jira:** TBD
WIP,470,LABEL,Requirements,11,,**Prerequisites:**
WIP,472,PREREQ,Requirements,11,,  * None (this is a backend capture behavior; it runs without a signed-in user).
WIP,476,LABEL,Requirements,11,,**Requirements:**
WIP,478,REQ-DEF,Requirements,11,S11-R1,  * **S11-R1:** Once per day the system records one row per then-open work order — one row per work order per calendar date.
WIP,479,REQ-DEF,Requirements,11,S11-R2,"  * **S11-R2:** Each snapshot row captures, at minimum: the work order, its status, its Earned value, its Remaining value, the location and organization (copied from the work order), and the snapshot's calendar date."
WIP,480,REQ-DEF,Requirements,11,S11-R3,"  * **S11-R3:** The Earned and Remaining values are captured using the identical computation as the on-screen report — Earned per S4-R19, Remaining per S4-R20 — so the snapshot and the on-screen report can never diverge for a given work order on the capture date."
WIP,481,REQ-DEF,Requirements,11,S11-R4,"  * **S11-R4:** The set of work orders captured uses the same service-type and open-status conditions as the report (the first two conditions of S2-R1, evaluated per location), with no user-selected-location filter — the capture spans every location."
WIP,482,REQ-DEF,Requirements,11,S11-R5,  * **S11-R5:** Captured dollar values are stored to the cent.
WIP,483,REQ-DEF,Requirements,11,S11-R6,"  * **S11-R6:** A work order with nothing approved yet is captured with Earned ""$0.00"" and Remaining ""$0.00"" (it is not skipped), matching S4-E1."
WIP,484,REQ-DEF,Requirements,11,S11-R7,"  * **S11-R7:** No screen in this version reads the snapshot; there is no Trend tab (§2, Out of scope)."
WIP,488,CONTEXT-NOTE,Requirements,11,S11-R7,_* Context note: the snapshot's money model is earned/remaining per work order per day — the same split the on-screen report shows (Story 4) — recorded so a future Trend view reads a money model consistent with this report. The capture is in scope for this version; the Trend view that would read it is not._
WIP,490,HEADING,User Feedback Summary,,,## 7. User Feedback Summary
WIP,492,TABLE-ROW,User Feedback Summary,,,Trigger | Message | Behavior
WIP,493,TABLE-HDR,User Feedback Summary,,,---|---|---
WIP,494,TABLE-ROW,User Feedback Summary,,,"No work order qualifies for the current filters (or the advisor/customer/asset filters leave none visible) | ""Empty bays, endless possibilities. Get Going!"" | The application's standard reports no-data label, shown in the data area of each affected tab; that tab's Totals row is hidden."
WIP,495,TABLE-ROW,User Feedback Summary,,,"A download succeeds | Caption: ""Data exported successfully."" | Success notification."
WIP,496,TABLE-ROW,User Feedback Summary,,,"A download yields no rows | Title: ""Empty export""; caption: ""Export didn't yield any results"" | Warning notification."
WIP,497,TABLE-ROW,User Feedback Summary,,,"A download fails | ""An error occurred while exporting the report. Please try again."" | Error notification."
WIP,499,HEADING,Change Log,,,## 8. Change Log
WIP,501,TABLE-HDR,Change Log,,,Date | Reporter | Change | Notes
WIP,502,TABLE-HDR,Change Log,,,---|---|---|---
WIP,503,CHANGELOG-ROW,Change Log,,,"2026-07-19 | @chris / @claude | Initial specification — authored from the built ""Work In Progress"" report (the earned-vs-remaining rebuild that supersedes the original WIP report), code-verified against the front-end and back-end. Captures the four progress tabs, the seven-figure summary strip, the earned/remaining/Total money model (Total = Earned + Remaining, not the grand total), the two-line Asset cell, the type-ahead Customer/Asset filters (empty = ""All""), the Inv. Hrs labor-hours delta, and the export behavior. Trend/over-time view recorded as out of scope (nightly capture runs but has no reader in this version). | Supersedes the original WIP report specification on this page."
WIP,504,CHANGELOG-ROW,Change Log,,,"2026-07-19 | @chris / @claude | Date range now **defaults to ""All Time""** so a fresh visit shows every open work order (a bounded range still filters by created date) — S7-R6/R7/R7a, §3. **Simplified all seven summary-strip tooltips** to plain, non-technical language (S5-R12). **Removed the export-only ""Lead Tech"" column** (dropped S9-E2 and its Known-Limitations entry). | Code-verified; front-end + back-end updated and browser-verified (All Time load shows data, 0 console errors)."
WIP,505,CHANGELOG-ROW,Change Log,,,"2026-07-21 | @chris / @claude | Resolved Milan Zivanovic's review plus one Chris override. (1) **Nightly WIP snapshot capture moved IN SCOPE** with a locked schema — earned/remaining per work order per day, using the same money model as the on-screen report so a future Trend view reads consistent data (new **Story 11**); removed the ""out of scope / runs in the background / no reader"" framing from §2 (Out of scope, Known Limitations). (2) **WO # drill-through now opens in the SAME browser tab** with browser back-navigation, matching Sales By Customer and Sales By Rep (**S4-R5**). (3) **Removed ""All Time""** from the date range and set the default to **"" This Week""** (**S7-R6/R7** ; dropped **S7-R7a** and reworded the §3 Key Decision + the Story 7 context note). | The ""All Time"" removal is a Chris product/UX decision, not a scalability fix — Milan had approved keeping All Time (its population is bounded to currently-open work orders, not a historical scan, so it was never a scalability risk). Local spec `.md`/`.txt` were also re-synced from the current Confluence four-tab design (they had held the superseded two-tab Live/Trend draft). Not yet pushed to Confluence."
WIP,506,CHANGELOG-ROW,Change Log,,,"2026-07-29| @chris / @claude| Aligned the per-row Location column to the suite auto-visibility rule (shown only when more than one location is in scope) and added a ""Locations:"" export line and a constant-width Location filter.| Suite location-column consistency."
IV,1,CAPTURE-HDR,,,,# Inventory Value Report
IV,3,CAPTURE-HDR,,,,> **VERBATIM CAPTURE — current Confluence spec**
IV,4,CAPTURE-HDR,,,,> - pageId: 720142338
IV,5,CAPTURE-HDR,,,,> - Page title: Inventory Value Report
IV,6,CAPTURE-HDR,,,,> - Current version: v3
IV,7,CAPTURE-HDR,,,,> - Last updated: 2026-07-29T06:32:54.920Z by Chris Ward
IV,8,CAPTURE-HDR,,,,> - Confluence space: ~712020aa00b8d6a71f4259891982a304227c20
IV,9,CAPTURE-HDR,,,,"> - Captured: 2026-07-31 (REST storage-format -> markdown via html2text, unicode-preserving; escape-normalized to match the 2026-07-28 capture pipeline — validated 6/6 byte-identical on the prior versions)"
IV,11,RULE,,,,---
IV,12,TABLE-ROW,(front matter),,,|
IV,13,TABLE-HDR,(front matter),,,---|---
IV,14,META-TABLE,(front matter),,,**Epic**|  TBD
IV,15,META-TABLE,(front matter),,,**Owner**|  Chris W.
IV,16,META-TABLE,(front matter),,,**Status**|  Draft — 2026-07-19
IV,17,META-TABLE,(front matter),,,**Branch**|  TBD
IV,19,HEADING,Inventory Value — Product Specification,,,# Inventory Value — Product Specification
IV,21,HEADING,Business Case,,,## 1. Business Case
IV,23,NARRATIVE,Business Case,,,"Shop managers and owners need to know, at any moment, how much money is sitting on their parts shelves — the total cost of the stock they are holding, and what that stock is worth at sell price. Today that figure is spread across the parts list one item at a time; there is no single screen that values the whole on-hand inventory, breaks it down by part, and lets the user see the number as of a past date."
IV,25,NARRATIVE,Business Case,,,"The Inventory Value report answers that in one place. It lists every in-stock part — one row each — with its on-hand quantity, unit cost and sell, the extended (total) cost and sell, and the margin, above a totals row that sums the whole shelf. A date control lets the user view the value **as of** an earlier date from nightly history, not just right now."
IV,27,NARRATIVE,Business Case,,,* * *
IV,29,HEADING,Feature Overview,,,## 2. Feature Overview
IV,31,NARRATIVE,Feature Overview,,,**Core report**
IV,33,NARRATIVE,Feature Overview,,,  * The report shows one row per in-stock part for the selected location(s).
IV,34,NARRATIVE,Feature Overview,,,"  * Each row shows the part number, description, category, vendor, quantity on hand, unit cost, unit sell, the per-part margin and margin percent, the total sell value, and the total cost value."
IV,35,NARRATIVE,Feature Overview,,,"  * A pinned **Total Cost** column (far right, bold) is the row's headline number; a totals row sums the whole filtered shelf."
IV,36,NARRATIVE,Feature Overview,,,"  * The report can be valued **as of** a chosen date: the current stock right now, or the closest recorded nightly snapshot on or before the chosen date (Story 5)."
IV,37,NARRATIVE,Feature Overview,,,"  * The user can choose which columns show, filter by category, vendor, and location, search for a part by number or description, sort by any column, and download the current view as a PDF or CSV."
IV,38,NARRATIVE,Feature Overview,,,"  * When the report is scoped to more than one location, each row shows a **Location** column naming the location that part's stock is held at; the column is hidden when only a single location is in scope."
IV,39,NARRATIVE,Feature Overview,,,"  * **Scale and data model.** The report is one row per in-stock part per location — up to roughly **50 –60k parts** at the largest organizations, multiplied across locations. It is therefore **server-paginated** : paging, sorting, the Category / Vendor / Location filters, and the part search are all resolved on the server, which returns one page of rows at a time. The **totals row is computed on the server over the full filtered set** (not just the visible page), so it always reflects the true whole-shelf value for the current filters and search."
IV,43,CONTEXT-NOTE,Feature Overview,,,"_* Context note: ""total cost"" is quantity on hand × unit cost — the money tied up in that part's stock. ""Total sell"" is quantity on hand × unit sell — what that stock would bring in at the shop's selling price._"
IV,45,NARRATIVE,Feature Overview,,,**Relationship to nightly history**
IV,47,NARRATIVE,Feature Overview,,,"  * Once per day the system records the then-current inventory value for every location. The report can replay any retained recorded day (subject to the snapshot retention rule, Story 11)."
IV,48,NARRATIVE,Feature Overview,,,"  * The recorded value for a day is produced by the same valuation the live report uses, so a recorded (as-of) figure equals what the live report would have shown that day (Story 11)."
IV,52,LABEL,Feature Overview,,,**Out of scope**
IV,54,NARRATIVE,Feature Overview,,,  * Scheduling exports to run automatically is not included.
IV,55,NARRATIVE,Feature Overview,,,"  * Reconstructing inventory value for dates **before** nightly recording began — there is no historical backfill (Story 5, Story 11)."
IV,56,NARRATIVE,Feature Overview,,,"  * Parts with zero or negative on-hand quantity, and core charges, are not valued (Story 2)."
IV,60,HEADING,Feature Overview,,,### Known Limitations (v1)
IV,62,NARRATIVE,Feature Overview,,,"These are deliberate v1 boundaries, documented so QA does not file them as defects:"
IV,64,NARRATIVE,Feature Overview,,,"  * **No ""All Time"" date option.** Because the report is valued as of a single date, the date control offers the standard presets and Custom, but not ""All Time"" (Story 5)."
IV,65,NARRATIVE,Feature Overview,,,"  * **Forward-capture history only.** History accrues from the first nightly capture onward; a date earlier than the first capture (or any date with no snapshot on or before it) shows the empty state on the as-of view (Story 5, Story 11)."
IV,66,NARRATIVE,Feature Overview,,,"  * **One row per part per location.** With several locations selected, a part stocked at two locations appears as two rows (one per location), not merged into one."
IV,70,NARRATIVE,Feature Overview,,,* * *
IV,72,HEADING,Key Decisions,,,## 3. Key Decisions
IV,74,NARRATIVE,Key Decisions,,,"  * **The report values only real, sellable on-hand stock.** A part is included only when it is not a core charge and its on-hand quantity is greater than zero (Story 2). Parts at zero/negative quantity hold no value to report; core charges are not inventory."
IV,75,NARRATIVE,Key Decisions,,,"  * **Unit sell is resolved the same way the parts list resolves it.** A part's own fixed sell price is used when one is set; otherwise the shop's pricing-matrix markup on cost for that part's category is used; a part with no category takes no markup, so its sell equals its cost (Story 3)."
IV,76,NARRATIVE,Key Decisions,,,"  * **Margin is the extended (total) margin, not a per-unit figure.** The Margin column is Total Sell − Total Cost for that part's whole on-hand quantity, and Margin % is that margin as a share of Total Sell (Story 3). This is deliberate — the report is about the value of the stock on the shelf, so margin is expressed on the extended values."
IV,77,NARRATIVE,Key Decisions,,,"  * **Total Cost is the pinned, bold headline column** and the default sort (highest Total Cost first) — it is the report's main takeaway."
IV,78,NARRATIVE,Key Decisions,,,"  * **The as-of value is the latest recorded day on or before the chosen date, with a live fallback for today.** When the chosen window reaches today and today has not been recorded yet, the report values the current live stock; otherwise it replays the closest recorded day on or before the chosen end date (Story 5)."
IV,79,NARRATIVE,Key Decisions,,,"  * **The report runs server-side at scale.** Because it lists one row per in-stock part per location (~50–60k parts at large orgs), paging, sorting, the Category filter, the Vendor filter, the Location filter, the part search, and the totals row are all resolved on the server; the browser renders one page at a time (Story 1, Story 4, Story 6, Story 9). Only the column selection is a purely client-side view choice."
IV,80,NARRATIVE,Key Decisions,,,"  * **The report remembers the user's filters, columns, and sort per browser** and restores them on return (Story 8)."
IV,81,NARRATIVE,Key Decisions,,,"  * **The per-row Location column appears only when it adds information.** Because each row is one part at one location, a row's Location cell names that location; the column is shown only when the current scope spans more than one location and is hidden for a single-location scope. It is governed by scope automatically — it is not a user-toggled column in the column-selection control. Every export names the scope on a ""Locations:"" line."
IV,85,NARRATIVE,Key Decisions,,,* * *
IV,87,HEADING,Terminology,,,## 4. Terminology
IV,89,NARRATIVE,Terminology,,,  * **On-hand quantity** → The stock currently held for a part at a location. Can be fractional.
IV,90,NARRATIVE,Terminology,,,  * **Unit cost** → What the shop paid per unit for the part.
IV,91,NARRATIVE,Terminology,,,"  * **Unit sell** → The per-unit selling price — the part's fixed sell price when set, otherwise the pricing-matrix markup on cost for its category (Story 3)."
IV,92,NARRATIVE,Terminology,,,  * **Total Cost** → On-hand quantity × unit cost — the money tied up in that part's stock. The report's pinned headline column.
IV,93,NARRATIVE,Terminology,,,  * **Total Sell** → On-hand quantity × unit sell — what that stock would sell for.
IV,94,NARRATIVE,Terminology,,,  * **Margin** → Total Sell − Total Cost for the part's on-hand quantity.
IV,95,NARRATIVE,Terminology,,,  * **Margin %** → Margin as a percentage of Total Sell.
IV,96,NARRATIVE,Terminology,,,  * **As of (date)** → The date the displayed values represent: either right now (live) or the closest recorded day on or before the chosen date.
IV,97,NARRATIVE,Terminology,,,"  * **Snapshot** → A once-daily recorded set of per-part inventory values for a location, used to serve the as-of view."
IV,98,NARRATIVE,Terminology,,,"  * **Location** → A shop/workplace the user has access to. The report can be scoped to one, several, or all of them (Story 7)."
IV,99,NARRATIVE,Terminology,,,"  * **Location (column)** → A per-row column, shown only when the current scope spans more than one location, naming the location that row's part stock is held at. Because each Inventory Value row is one part at one location, every row maps to exactly one location name — this report never shows an aggregated ""Multiple"" value in the column."
IV,100,NARRATIVE,Terminology,,,"  * **Filtered set** → Every qualifying part row for the current Date, Location, Category, Vendor, and part-search selection, across all pages — the basis for the server-computed totals row (Story 4) and for exports (Story 10)."
IV,104,NARRATIVE,Terminology,,,* * *
IV,106,HEADING,Assumptions,,,## 5. Assumptions
IV,108,NARRATIVE,Assumptions,,,"  * Each part carries the data needed to value it: an on-hand quantity, a unit cost, and either a fixed sell price or a category whose pricing-matrix markup can be applied."
IV,109,NARRATIVE,Assumptions,,,  * Pricing matrices are configured per shop (organization); a part with no category takes no markup (its sell equals its cost).
IV,110,NARRATIVE,Assumptions,,,"  * The nightly recording runs and stores each location's inventory value to the cent; the as-of view depends on that history existing (and being retained, Story 11) for the requested date."
IV,114,NARRATIVE,Assumptions,,,* * *
IV,116,HEADING,Requirements,,,## 6. Requirements
IV,118,HEADING,Requirements,1,,### Story 1: Report Access and Display
IV,120,STORY-INTRO,Requirements,1,,The report is reachable from the reports navigation and shows in-stock part rows for the selected date and location(s).
IV,122,LABEL,Requirements,1,,**Design:** See Story 12 **Jira:** TBD
IV,124,LABEL,Requirements,1,,**Prerequisites:**
IV,126,PREREQ,Requirements,1,,  * The user must have the permission that grants access to the inventory reports (the report reuses the existing inventory-reports permission — it adds no new permission).
IV,130,LABEL,Requirements,1,,**Requirements:**
IV,132,REQ-DEF,Requirements,1,S1-R1,"  * **S1-R1:** The report appears in the reports navigation under the **Parts** group, labeled ""Inventory Value""."
IV,133,REQ-DEF,Requirements,1,S1-R2,"  * **S1-R2:** When the user opens the report, it shows one row for each in-stock part at the selected location(s), valued as of the resolved date (Story 5)."
IV,134,REQ-DEF,Requirements,1,S1-R3,"  * **S1-R3:** On the user's first visit (no saved settings — Story 8), the report defaults to the **current calendar month** date range and the user's currently active location."
IV,135,REQ-DEF,Requirements,1,S1-R4,  * **S1-R4:** The user can change the date range with the date-range control (Story 5) and the location with the location filter (Story 7).
IV,136,REQ-DEF,Requirements,1,S1-R5,"  * **S1-R5:** When the user changes the date range, the location selection, the Category filter, the Vendor filter, the part search, or the sort, the report reloads its rows from the server (see S1-R7 for the loading state)."
IV,137,REQ-DEF,Requirements,1,S1-R6,"  * **S1-R6:** The report shows data for the location(s) currently selected in the location filter, defaulting to the user's active location."
IV,138,REQ-DEF,Requirements,1,S1-R7,"  * **S1-R7: Loading state.** While the report is loading, the data area shows the standard reports loading indicator; existing rows are replaced only when the new data returns."
IV,139,REQ-DEF,Requirements,1,S1-R8,"  * **S1-R8: Server pagination.** The report is server-paginated: the server returns one page of rows at a time, and the user moves through pages with the reports suite's standard pagination control. Changing any server-side filter (Date, Location, Category, Vendor), the part search, or the sort returns the **first page** of the new result set."
IV,143,LABEL,Requirements,1,,**Negative Cases:**
IV,145,REQ-DEF,Requirements,1,S1-N1,"  * **S1-N1:** If the user does not have the required permission, the report does not appear in the navigation."
IV,146,REQ-DEF,Requirements,1,S1-N2,"  * **S1-N2:** If no in-stock part exists for the selected location(s) on the resolved date, the report shows the no-data message (Story 12) instead of rows."
IV,150,REQ-CONT,Requirements,1,S1-N2,* * *
IV,152,HEADING,Requirements,2,,### Story 2: Row Scope
IV,154,STORY-INTRO,Requirements,2,,"The report values only real, sellable on-hand stock."
IV,156,LABEL,Requirements,2,,**Design:** See Story 12 **Jira:** TBD
IV,158,LABEL,Requirements,2,,**Prerequisites:**
IV,160,PREREQ,Requirements,2,,  * The report has loaded on the selected date and location(s) (Story 1).
IV,164,LABEL,Requirements,2,,**Requirements:**
IV,166,REQ-DEF,Requirements,2,S2-R1,  * **S2-R1:** A part appears in the report only if BOTH of the following hold: it is not a core charge; its on-hand quantity is greater than zero.
IV,167,REQ-DEF,Requirements,2,S2-R2,  * **S2-R2:** One row is shown per qualifying part at a location.
IV,168,REQ-DEF,Requirements,2,S2-R3,  * **S2-R3:** A part stocked at more than one selected location appears once per location (not merged into a single combined row).
IV,172,LABEL,Requirements,2,,**Negative Cases:**
IV,174,REQ-DEF,Requirements,2,S2-N1,"  * **S2-N1:** A core-charge part is never shown, regardless of its quantity."
IV,175,REQ-DEF,Requirements,2,S2-N2,  * **S2-N2:** A part with zero or negative on-hand quantity is never shown.
IV,179,CONTEXT-NOTE,Requirements,2,S2-N2,"_* Context note: there is no ""dead stock"" exclusion — every part currently holding positive, non-core stock contributes to the on-hand value, however long it has sat._"
IV,181,REQ-CONT,Requirements,2,S2-N2,* * *
IV,183,HEADING,Requirements,3,,### Story 3: Columns and Calculations
IV,185,STORY-INTRO,Requirements,3,,"Each row shows the part's identity, its on-hand quantity, its unit and extended cost and sell, and its margin, in a fixed column order."
IV,187,LABEL,Requirements,3,,**Design:** See Story 12 **Jira:** TBD
IV,189,LABEL,Requirements,3,,**Prerequisites:**
IV,191,PREREQ,Requirements,3,,  * The report has loaded rows (Story 1).
IV,195,LABEL,Requirements,3,,**Requirements:**
IV,197,REQ-DEF,Requirements,3,S3-R1,"  * **S3-R1:** The columns appear in this left-to-right order: Part #, Description, Category, Vendor, Qty on Hand, Unit Cost, Unit Sell, Margin, Margin %, Total Sell, Total Cost. When the report is scoped to more than one location, a **Location** column (S7-R6) is inserted between Vendor and Qty on Hand; it is hidden for a single-location scope."
IV,198,REQ-DEF,Requirements,3,S3-R2,"  * **S3-R2:** Part #, Description, Category, and Vendor are left-aligned; every other column is right-aligned."
IV,199,REQ-DEF,Requirements,3,S3-R3,"  * **S3-R3:** Qty on Hand shows the on-hand quantity to two decimal places, with no currency symbol."
IV,200,REQ-DEF,Requirements,3,S3-R4,  * **S3-R4:** Unit Cost shows the per-unit cost as US-dollar currency.
IV,201,REQ-DEF,Requirements,3,S3-R5,"  * **S3-R5:** Unit Sell shows the per-unit sell price as US-dollar currency. Unit Sell is the part's fixed sell price when one is set; otherwise it is the shop's pricing-matrix markup on cost for the part's category; a part with no category takes no markup, so its Unit Sell equals its Unit Cost."
IV,202,REQ-DEF,Requirements,3,S3-R6,  * **S3-R6:** Total Sell shows the part's on-hand quantity × Unit Sell as US-dollar currency.
IV,203,REQ-DEF,Requirements,3,S3-R7,  * **S3-R7:** Total Cost shows the part's on-hand quantity × Unit Cost as US-dollar currency.
IV,204,REQ-DEF,Requirements,3,S3-R8,  * **S3-R8:** Margin shows Total Sell − Total Cost as US-dollar currency.
IV,205,REQ-DEF,Requirements,3,S3-R9,"  * **S3-R9:** Margin % shows Margin as a percentage of Total Sell, to one decimal place followed by a percent sign (for example, ""39.7%"")."
IV,206,REQ-DEF,Requirements,3,S3-R10,"  * **S3-R10:** Money values show a leading ""$"", two decimal places, and thousands separators; a negative value shows a leading minus before the ""$"" (for example, ""$1,234.56"" and ""-$1,234.56""); a genuine zero shows ""$0.00""."
IV,207,REQ-DEF,Requirements,3,S3-R11,"  * **S3-R11:** The **Total Cost** column is pinned to the far right of the row, shown in bold, and stays fixed to the right edge while the user scrolls the row horizontally."
IV,208,REQ-DEF,Requirements,3,S3-R12,"  * **S3-R12:** On first visit, the visible columns are: Part #, Description, Category, Vendor, Qty on Hand, Unit Cost, Unit Sell, Margin %, and Total Cost."
IV,209,REQ-DEF,Requirements,3,S3-R13,  * **S3-R13:** The Margin and Total Sell columns are hidden by default and can be turned on from the column-selection control (Story 8).
IV,210,REQ-DEF,Requirements,3,S3-R14,  * **S3-R14:** Category shows the part's category name; Vendor shows the part's vendor name.
IV,214,LABEL,Requirements,3,,**Edge Cases:**
IV,216,REQ-DEF,Requirements,3,S3-E1,"  * **S3-E1:** If a part has no category, its Category cell shows an em dash (""—"")."
IV,217,REQ-DEF,Requirements,3,S3-E2,"  * **S3-E2:** If a part has no vendor, its Vendor cell shows an em dash (""—"")."
IV,218,REQ-DEF,Requirements,3,S3-E3,"  * **S3-E3:** Margin % shows ""—"" when Total Sell is zero or negative (the percentage is undefined). A Margin % that computes to a real number, including a negative one, shows its signed value."
IV,222,CONTEXT-NOTE,Requirements,3,S3-E3,"_* Context note: because Unit Sell can fall back to equal Unit Cost when a part has no category and no fixed price, such a part shows a Margin of $0.00 and a Margin % of 0.0% — the stock is valued at cost._"
IV,224,REQ-CONT,Requirements,3,S3-E3,* * *
IV,226,HEADING,Requirements,4,,### Story 4: Totals Row
IV,228,STORY-INTRO,Requirements,4,,"A totals row sums the full filtered set, computed on the server."
IV,230,LABEL,Requirements,4,,**Design:** See Story 12 **Jira:** TBD
IV,232,LABEL,Requirements,4,,**Prerequisites:**
IV,234,PREREQ,Requirements,4,,  * The report has loaded rows (Story 1).
IV,238,LABEL,Requirements,4,,**Requirements:**
IV,240,REQ-DEF,Requirements,4,S4-R1,"  * **S4-R1:** A totals row is shown at the bottom of the report, with the literal label ""Total"" in the Part # column's cell."
IV,241,REQ-DEF,Requirements,4,S4-R2,"  * **S4-R2:** The totals row sums Qty on Hand, Margin, Total Sell, and Total Cost across the **full filtered result set** — every qualifying row for the current Date, Location, Category, Vendor, and part-search selection, not only the rows on the visible page. The server computes these totals."
IV,242,REQ-DEF,Requirements,4,S4-R3,"  * **S4-R3:** The totals-row **Margin %** is recomputed from the totals — total Margin ÷ total Total Sell × 100 — and is NOT the average of the row percentages; it shows ""—"" when the total Total Sell is zero or negative."
IV,243,REQ-DEF,Requirements,4,S4-R4,  * **S4-R4:** The Unit Cost and Unit Sell cells in the totals row are blank (a per-unit price has no meaningful sum).
IV,244,REQ-DEF,Requirements,4,S4-R5,"  * **S4-R5:** The Description, Category, and Vendor cells in the totals row are blank."
IV,245,REQ-DEF,Requirements,4,S4-R6,"  * **S4-R6:** The totals-row Total Cost cell is pinned far right and bold, matching the column."
IV,246,REQ-DEF,Requirements,4,S4-R7,  * **S4-R7:** The totals row uses the same number formats as the data rows.
IV,247,REQ-DEF,Requirements,4,S4-R8,"  * **S4-R8:** The totals reflect the full filtered set, so applying the Category filter, the Vendor filter, or the part search (Story 6) recomputes the totals on the server to match the filtered result — independent of which page is currently shown."
IV,251,LABEL,Requirements,4,,**Negative Cases:**
IV,253,REQ-DEF,Requirements,4,S4-N1,"  * **S4-N1:** If no parts qualify, no totals row is shown (see S1-N2)."
IV,257,REQ-CONT,Requirements,4,S4-N1,* * *
IV,259,HEADING,Requirements,5,,### Story 5: As-Of Date and History
IV,261,STORY-INTRO,Requirements,5,,"A date control chooses the date the report is valued as of, served from the current stock or from nightly history."
IV,263,LABEL,Requirements,5,,**Design:** See Story 12 **Jira:** TBD
IV,265,LABEL,Requirements,5,,**Prerequisites:**
IV,267,PREREQ,Requirements,5,,  * The report has loaded (Story 1).
IV,271,LABEL,Requirements,5,,**Requirements:**
IV,273,REQ-DEF,Requirements,5,S5-R1,"  * **S5-R1:** The toolbar has a date-range control offering the standard presets (""Today"", ""Yesterday"", ""This Week"", ""Last Week"", ""This Month"", ""Last Month"", ""This Year"", ""Last Year"", ""This Quarter"", ""Last Quarter"") and ""Custom"". It does **not** offer ""All Time""."
IV,274,REQ-DEF,Requirements,5,S5-R2,  * **S5-R2:** The report values inventory **as of** the end of the selected range.
IV,275,REQ-DEF,Requirements,5,S5-R3,"  * **S5-R3:** When the selected window reaches today and today has not yet been recorded, the report values the current live stock; the values represent today."
IV,276,REQ-DEF,Requirements,5,S5-R4,"  * **S5-R4:** Otherwise, the report replays the closest recorded day on or before the end of the selected range."
IV,277,REQ-DEF,Requirements,5,S5-R5,"  * **S5-R5:** When the displayed day is an earlier recorded day than the date the user asked for, the report shows an ""As of "" indicator naming the day actually shown."
IV,278,REQ-DEF,Requirements,5,S5-R6,"  * **S5-R6:** When the displayed day matches the date asked for (the common current-view case), the ""As of"" indicator is not shown (the date control already communicates the date)."
IV,279,REQ-DEF,Requirements,5,S5-R7,  * **S5-R7:** A Custom range lets the user pick a start and end date; the report values as of the picked end date (never a future date — it is capped at today).
IV,280,REQ-DEF,Requirements,5,S5-R8,  * **S5-R8:** Changing the date range reloads the report.
IV,284,LABEL,Requirements,5,,**Negative Cases:**
IV,286,REQ-DEF,Requirements,5,S5-N1,"  * **S5-N1:** If there is no recorded day on or before the end of the selected range (for example, a past range entirely before nightly recording began, or a range whose only covered dates have been pruned by retention — Story 11), the report shows the no-data message (Story 12) and no totals row."
IV,290,LABEL,Requirements,5,,**Edge Cases:**
IV,292,REQ-DEF,Requirements,5,S5-E1,  * **S5-E1:** History accrues forward only from the first nightly recording; there is no way to reconstruct inventory value for a date before recording began (Story 11).
IV,296,CONTEXT-NOTE,Requirements,5,S5-E1,"_* Context note: the date control is an ""as of"" anchor, not a created-date filter — narrowing it does not select ""parts added in that range,"" it selects ""the shelf as it stood on that date."" The current stock and a recorded day for the same date will match, because both are produced by the same valuation (Story 11)._"
IV,298,REQ-CONT,Requirements,5,S5-E1,* * *
IV,300,HEADING,Requirements,6,,"### Story 6: Category, Vendor, and Part Search Filters"
IV,302,STORY-INTRO,Requirements,6,,"The user can narrow the report by category, by vendor, and by a part search over part number and description. All three apply server-side."
IV,304,LABEL,Requirements,6,,**Design:** See Story 12 **Jira:** TBD
IV,306,LABEL,Requirements,6,,**Prerequisites:**
IV,308,PREREQ,Requirements,6,,  * The report has loaded rows (Story 1).
IV,312,LABEL,Requirements,6,,**Requirements:**
IV,314,REQ-DEF,Requirements,6,S6-R1,"  * **S6-R1:** The toolbar has a Category filter, labeled ""Category"", where the user can select one or more categories."
IV,315,REQ-DEF,Requirements,6,S6-R2,"  * **S6-R2:** The toolbar has a Vendor filter, labeled ""Vendor"", where the user can select one or more vendors."
IV,316,REQ-DEF,Requirements,6,S6-R3,  * **S6-R3:** Selecting one or more categories reloads the report to show only parts in the selected categories.
IV,317,REQ-DEF,Requirements,6,S6-R4,  * **S6-R4:** Selecting one or more vendors reloads the report to show only parts supplied by the selected vendors.
IV,318,REQ-DEF,Requirements,6,S6-R5,"  * **S6-R5:** The Category filter, the Vendor filter, and the part search (S6-R8) all apply **server-side** : each change re-queries the server and returns the first page of the new result set. They do not narrow the rows only on the current page."
IV,319,REQ-DEF,Requirements,6,S6-R6,"  * **S6-R6:** When any of these filters or the part search changes, the totals row recomputes on the server over the full filtered set (S4-R8)."
IV,320,REQ-DEF,Requirements,6,S6-R7,"  * **S6-R7:** With no category selected, all categories are shown; with no vendor selected, all vendors are shown; with the part search empty, no search narrowing is applied."
IV,321,REQ-DEF,Requirements,6,S6-R8,"  * **S6-R8: Part search.** The toolbar has a part search input built on the **reports suite's shared toolbar search pattern** — a page-local search field in the report's own toolbar, not the application's global search bar (the same page-local toolbar-search affordance used elsewhere in the reports suite; Parts Velocity is the sibling that searches part number and description). It narrows the report to parts whose **part number or description** contains the entered text, case-insensitively, and applies server-side (S6-R5)."
IV,322,REQ-DEF,Requirements,6,S6-R9,"  * **S6-R9:** The Date range (Story 5), Location (Story 7), Category, Vendor, and part search combine with AND — a part must satisfy every active filter and the search to appear."
IV,326,CONTEXT-NOTE,Requirements,6,S6-R9,"_* Context note: every filter on this report is server-side. The Date range (Story 5), Location (Story 7), Category filter, Vendor filter, and part search each reload the report from the server; only the column selection (Story 8) is a purely client-side view choice._"
IV,328,REQ-CONT,Requirements,6,S6-R9,* * *
IV,330,HEADING,Requirements,7,,### Story 7: Location Filter
IV,332,STORY-INTRO,Requirements,7,,"A filter lets the user scope the report to one, several, or all of the locations they have access to."
IV,334,LABEL,Requirements,7,,**Design:** See Story 12 **Jira:** TBD
IV,336,LABEL,Requirements,7,,**Prerequisites:**
IV,338,PREREQ,Requirements,7,,  * The report has loaded (Story 1).
IV,342,LABEL,Requirements,7,,**Requirements:**
IV,344,REQ-DEF,Requirements,7,S7-R1,"  * **S7-R1:** The toolbar has a location filter labeled ""Location"" — a multi-select, and the rightmost filter — listing the locations the signed-in user has access to, with an ""All locations"" / ""Clear all"" toggle."
IV,345,REQ-DEF,Requirements,7,S7-R2,"  * **S7-R2:** On a first visit (no saved selection — Story 8), it defaults to the user's currently active location."
IV,346,REQ-DEF,Requirements,7,S7-R3,"  * **S7-R3:** Selecting one, several, or all locations **reloads** the report scoped to that set."
IV,347,REQ-DEF,Requirements,7,S7-R4,  * **S7-R4:** Scoping is always constrained to the user's accessible locations; a location the user cannot access is never included.
IV,348,REQ-DEF,Requirements,7,S7-R5,"  * **S7-R5:** If the requested location set resolves to none the user can access, the report falls back to the user's currently active location."
IV,349,REQ-DEF,Requirements,7,S7-R6,  * **S7-R6:** The report includes a per-row **Location** column that is shown only when the current scope spans more than one location; when a single location is in scope the column is hidden. Its visibility follows the location scope automatically and it is not one of the columns offered in the column-selection control (Story 8).
IV,350,REQ-DEF,Requirements,7,S7-R7,"  * **S7-R7:** When the Location column is shown, each row's Location cell names the location that row's part stock is held at. Because each row is one part at one location (S2-R2, S2-R3), every row maps to exactly one location — the report never shows an aggregated ""Multiple"" value in this column."
IV,354,LABEL,Requirements,7,,**Negative Cases:**
IV,356,REQ-DEF,Requirements,7,S7-N1,  * **S7-N1:** A user with access to only one location still sees the filter with a single selectable location.
IV,357,REQ-DEF,Requirements,7,S7-N2,"  * **S7-N2:** If the selected location(s) hold no in-stock parts on the resolved date, the report shows the no-data message (Story 12)."
IV,361,REQ-CONT,Requirements,7,S7-N2,* * *
IV,363,HEADING,Requirements,8,,### Story 8: Column Selection and Persistence
IV,365,STORY-INTRO,Requirements,8,,"The user can choose which columns show, and the report remembers its setup."
IV,367,LABEL,Requirements,8,,**Design:** See Story 12 **Jira:** TBD
IV,369,LABEL,Requirements,8,,**Prerequisites:**
IV,371,PREREQ,Requirements,8,,  * The report has loaded (Story 1).
IV,375,LABEL,Requirements,8,,**Requirements:**
IV,377,REQ-DEF,Requirements,8,S8-R1,"  * **S8-R1:** A column-selection control — an icon button whose tooltip reads ""Column Selection"" — lets the user toggle each column on or off."
IV,378,REQ-DEF,Requirements,8,S8-R2,  * **S8-R2:** The **Total Cost** column is always shown and cannot be turned off.
IV,379,REQ-DEF,Requirements,8,S8-R3,"  * **S8-R3:** Every other column is available in the control; Margin and Total Sell are off by default, the rest on by default (S3-R12)."
IV,380,REQ-DEF,Requirements,8,S8-R4,"  * **S8-R4:** Whatever columns are shown, they appear in the fixed left-to-right order of S3-R1 (toggling visibility never reorders columns), with Total Cost always last."
IV,381,REQ-DEF,Requirements,8,S8-R5,"  * **S8-R5:** The report remembers, in the user's browser, the selected date range, category selection, vendor selection, part search text, location selection, column selection, and sort, and restores them on the user's next visit."
IV,382,REQ-DEF,Requirements,8,S8-R6,  * **S8-R6:** Restore is defensive: a saved value that is no longer valid falls back to that setting's default rather than breaking the view. A saved category or vendor no longer present in the data is dropped.
IV,386,CONTEXT-NOTE,Requirements,8,S8-R6,_* Context note: persistence is per-browser (not tied to the user's account); it persists across visits in the same browser but does not follow the user to another browser or device._
IV,388,REQ-CONT,Requirements,8,S8-R6,* * *
IV,390,HEADING,Requirements,9,,### Story 9: Sorting
IV,392,STORY-INTRO,Requirements,9,,The user can sort the report by any column; sorting is resolved server-side.
IV,394,LABEL,Requirements,9,,**Design:** See Story 12 **Jira:** TBD
IV,396,LABEL,Requirements,9,,**Prerequisites:**
IV,398,PREREQ,Requirements,9,,  * The report has loaded rows (Story 1).
IV,402,LABEL,Requirements,9,,**Requirements:**
IV,404,REQ-DEF,Requirements,9,S9-R1,"  * **S9-R1:** On first load (and after any data reload), the rows are sorted by Total Cost, highest first (descending). The server applies this default order."
IV,405,REQ-DEF,Requirements,9,S9-R2,"  * **S9-R2:** Every column is sortable by clicking its header. Clicking a column that is not the active sort sorts it ascending; clicking the active sort column again toggles it to descending. There is no third ""cleared"" state. Sorting is resolved **server-side** : each header click re-fetches the data ordered by the chosen column and direction, returning the **first page** of the re-sorted result set."
IV,406,REQ-DEF,Requirements,9,S9-R3,"  * **S9-R3:** Money and numeric columns sort by their underlying value; text columns (Part #, Description, Category, Vendor) sort as text, case-insensitively."
IV,407,REQ-DEF,Requirements,9,S9-R4,  * **S9-R4:** Sorting reorders the data rows only; the totals row stays at the bottom.
IV,408,REQ-DEF,Requirements,9,S9-R5,  * **S9-R5:** The user's chosen sort is remembered per browser and restored on return (Story 8).
IV,412,CONTEXT-NOTE,Requirements,9,S9-R5,"_* Context note: unlike the reports whose sort resets each visit, this report remembers the user's sort along with the rest of its setup (Story 8)._"
IV,414,REQ-CONT,Requirements,9,S9-R5,* * *
IV,416,HEADING,Requirements,10,,### Story 10: Export to PDF and CSV
IV,418,STORY-INTRO,Requirements,10,,"The user can download the current view as a PDF or CSV, generated server-side, respecting the current filters, search, columns, and sort."
IV,420,LABEL,Requirements,10,,**Design:** See Story 12 **Jira:** TBD
IV,422,LABEL,Requirements,10,,**Prerequisites:**
IV,424,PREREQ,Requirements,10,,  * The report has loaded rows (Story 1).
IV,428,LABEL,Requirements,10,,**Requirements:**
IV,430,REQ-DEF,Requirements,10,S10-R1,"  * **S10-R1:** The toolbar has a menu, opened from a three-dot button, holding the download options."
IV,431,REQ-DEF,Requirements,10,S10-R2,"  * **S10-R2:** The menu has an option labeled ""Download (PDF)"" and an option labeled ""Download (CSV)""."
IV,432,REQ-DEF,Requirements,10,S10-R3,"  * **S10-R3:** Both downloads include only the columns currently shown, in the same left-to-right order as the screen, with Total Cost last."
IV,433,REQ-DEF,Requirements,10,S10-R4,"  * **S10-R4:** Both downloads honor the current date, category, vendor, location, and part-search filters."
IV,434,REQ-DEF,Requirements,10,S10-R5,  * **S10-R5:** Both downloads apply the current sort.
IV,435,REQ-DEF,Requirements,10,S10-R6,"  * **S10-R6:** Both downloads include a totals row matching the on-screen totals (the full-filtered-set totals, S4-R2), labeled ""Totals""."
IV,436,REQ-DEF,Requirements,10,S10-R7,"  * **S10-R7:** Money and Margin % use two-decimal and one-decimal formats respectively; an undefined Margin % shows ""—""."
IV,437,REQ-DEF,Requirements,10,S10-R8,"  * **S10-R8:** The PDF header shows the report name ""Inventory Value"", the organization name, the selected period, and an ""as of"" line naming the day the values represent (or a message that no snapshot is available for the period)."
IV,438,REQ-DEF,Requirements,10,S10-R9,  * **S10-R9:** The PDF shows the shop logo at the top when one is set; the CSV never includes a logo.
IV,439,REQ-DEF,Requirements,10,S10-R10,"  * **S10-R10:** The downloaded files are named ""inventory-value-report.pdf"" and ""inventory-value-report.csv""."
IV,440,REQ-DEF,Requirements,10,S10-R11,"  * **S10-R11: Server-side generation.** Both exports are generated **server-side** against the current filters, part search, and sort — the full filtered set, not only the loaded page. The export is not built from the rows currently in the browser."
IV,441,REQ-DEF,Requirements,10,S10-R12,"  * **S10-R12: Export size guardrail.** To keep a single-shot export renderable, an export is capped at a maximum of **10,000 rows** in the filtered set. When the current filtered set exceeds the cap, neither the PDF nor the CSV is produced; instead the user sees the message: **"" This report is too large to export. Narrow the date range or filters, then try again.""** [Cap value 10,000 is a proposed default — confirm the exact suite-standard value with the owner before dev.]"
IV,442,REQ-DEF,Requirements,10,S10-R15,"  * **S10-R15:** Every export (each CSV and each PDF) includes the **Location** column whenever it is shown on screen (S7-R6), and always includes a ""Locations:"" line naming the location or locations the report is scoped to, or ""All locations"" when every location the user has access to is selected — matching the on-screen scope. In a PDF the ""Locations:"" line appears in the header area; in a CSV it appears as a leading metadata line above the column-header row."
IV,446,REQ-CONT,Requirements,10,S10-R15,**Error Handling:**
IV,448,REQ-DEF,Requirements,10,S10-R13,"  * **S10-R13:** On a successful download the user sees a success notification: ""Inventory Value report exported (PDF)"" or ""Inventory Value report exported (CSV)""."
IV,449,REQ-DEF,Requirements,10,S10-R14,"  * **S10-R14:** If a download fails, the user sees an error notification: ""Failed to export inventory value report (pdf)"" or ""Failed to export inventory value report (csv)""."
IV,453,CONTEXT-NOTE,Requirements,10,S10-R14,"_* Context note: in the CSV, money values are written as plain numbers with two decimals and no thousands separators (so they parse cleanly in a spreadsheet); the PDF uses the same on-screen currency formatting with the ""$"" and thousands separators._"
IV,455,REQ-CONT,Requirements,10,S10-R14,* * *
IV,457,HEADING,Requirements,11,,### Story 11: Nightly Snapshot Capture
IV,459,STORY-INTRO,Requirements,11,,"The as-of history is built from a once-daily recorded snapshot of every location's inventory value, retained at reducing granularity as it ages."
IV,461,LABEL,Requirements,11,,**Design:** See Story 12 **Jira:** TBD
IV,463,LABEL,Requirements,11,,**Prerequisites:**
IV,465,PREREQ,Requirements,11,,  * None (this is a backend behavior).
IV,469,LABEL,Requirements,11,,**Requirements:**
IV,471,REQ-DEF,Requirements,11,S11-R1,"  * **S11-R1:** Once per day, overnight, the system records — for every location across every organization — one row per then-in-stock, non-core part, capturing its identity (part, category, vendor), on-hand quantity, unit cost, unit sell, total cost, and total sell, stored to the cent, under that day's calendar date."
IV,473,REQ-DEF,Requirements,11,S11-R2,"  * **S11-R2:** The parts captured use the same in-stock, non-core scope as the live report (Story 2), and the same valuation (Story 3), so a recorded day equals what the live report would have shown that day."
IV,475,REQ-DEF,Requirements,11,S11-R3,"  * **S11-R3:** Re-running the capture for a date replaces that date's rows for each location (the existing rows for that location and date are removed, then re-inserted from current data). The capture is idempotent and self-healing from current data."
IV,477,REQ-DEF,Requirements,11,S11-R4,"  * **S11-R4:** A location with no in-stock parts on a date simply has no rows for that date (this is valid, not an error)."
IV,479,REQ-DEF,Requirements,11,S11-R5,"  * **S11-R5:** History accrues forward only from the first capture; there is no backfill of dates before capture began, and a re-run always records current truth under the current date — it cannot reconstruct a past date."
IV,481,REQ-DEF,Requirements,11,S11-R6,"  * **S11-R6: Snapshot retention.** Captured snapshots are retained at reducing granularity as they age, measured from the current date:"
IV,483,REQ-CONT,Requirements,11,S11-R6,    * **0 –13 months old:** every daily capture is kept — full daily per-part detail. This covers the report's longest date preset (366 days / This Year / Last Year) entirely at daily resolution.
IV,484,REQ-CONT,Requirements,11,S11-R6,    * **older than 13 months:** reduced to **monthly** — only the last capture of each calendar month is retained; the other daily captures in this band are pruned.
IV,486,REQ-CONT,Requirements,11,S11-R6,"Pruning runs as part of, or alongside, the nightly capture. The as-of resolution (S5-R4, ""closest recorded day on or before"") serves the thinned history unchanged; when the nearest retained capture predates the requested date, the ""As of "" indicator (S5-R5) names the day actually shown. A requested date whose covering captures have all been pruned resolves to the nearest earlier retained capture, or shows the empty state if none remains (S5-N1). [The 13-month daily band is owner-decided; beyond it, only the last capture of each calendar month is retained.]"
IV,491,LABEL,Requirements,11,,**Edge Cases:**
IV,493,REQ-DEF,Requirements,11,S11-E1,"  * **S11-E1:** Because retention thins older history, two adjacent retained captures beyond 13 months can be up to a month apart; the ""closest recorded day on or before"" rule (S5-R4) and the ""As of "" indicator (S5-R5) handle these gaps unchanged."
IV,497,CONTEXT-NOTE,Requirements,11,S11-E1,"_* Context note: the daily capture recomputes from live truth through the same valuation the report uses, so recorded history cannot drift out of sync with the live report. It runs with no logged-in user and intentionally spans every tenant, binding each location and organization explicitly (a reviewed, documented exception to request-scoped tenant filtering); every read path keeps full tenant scoping._"
IV,499,REQ-CONT,Requirements,11,S11-E1,* * *
IV,501,HEADING,Requirements,12,,### Story 12: Visual Conformance and Accessibility
IV,503,STORY-INTRO,Requirements,12,,The report conforms to the application's standard all-white reporting theme and layout.
IV,505,LABEL,Requirements,12,,**Design:** TBD **Jira:** TBD
IV,507,LABEL,Requirements,12,,**Prerequisites:**
IV,509,PREREQ,Requirements,12,,  * The report has loaded (Story 1).
IV,513,LABEL,Requirements,12,,**Requirements — visual:**
IV,515,REQ-DEF,Requirements,12,S12-R1,"  * **S12-R1:** The report uses an all-white table: white column headers and white data cells, with no alternating row shading, on the standard soft blue-grey report backdrop."
IV,516,REQ-DEF,Requirements,12,S12-R2,"  * **S12-R2:** In the toolbar, the three-dot download menu sits leftmost in the action cluster, followed by the Column Selection control."
IV,517,REQ-DEF,Requirements,12,S12-R3,"  * **S12-R3:** The toolbar filters run, left to right: the date-range control, the part search, the Category filter, the Vendor filter, and the Location filter (rightmost)."
IV,518,REQ-DEF,Requirements,12,S12-R4,"  * **S12-R4:** The Total Cost column header is bold and pinned to the far right, matching its cells."
IV,519,REQ-DEF,Requirements,12,S12-R5,  * **S12-R5:** The totals row stays visible at the bottom while the user scrolls the rows.
IV,520,REQ-DEF,Requirements,12,S12-R6,"  * **S12-R6:** Long text values (Description, Category, Vendor) are truncated with an ellipsis when they overflow their column, with the full value available on hover; the Part # is never truncated."
IV,521,REQ-DEF,Requirements,12,S12-R7,"  * **S12-R7:** The report supports dark mode; the page background, toolbar, cells, and the ""—"" glyph all use dark-mode-legible colors."
IV,522,REQ-DEF,Requirements,12,S12-R10,"  * **S12-R10:** When shown, the **Location** column appears in the left-hand identifier group, immediately after Vendor and before Qty on Hand (S3-R1), using the suite's standard column styling. The **Location** filter control in the toolbar keeps a constant width regardless of the selected location label — a long location name or ""All locations"" does not resize the control — matching the Location column and filter treatment used across the reports suite."
IV,526,LABEL,Requirements,12,,**Requirements — accessibility:**
IV,528,REQ-DEF,Requirements,12,S12-R8,"  * **S12-R8:** Each sortable column header exposes its sort state to assistive technology, and the active sort direction is indicated visually."
IV,529,REQ-DEF,Requirements,12,S12-R9,  * **S12-R9:** The icon-only controls (the three-dot download button and the Column Selection button) each carry an accessible name exposed to assistive technology.
IV,533,CONTEXT-NOTE,Requirements,12,S12-R9,_* Context note: requirements S12-R1 through S12-R7 define the report's visual structure; they do not spell out every icon and finer styling detail — the companion video (when filmed) and any attached screenshots are the visual reference for details the requirements do not state._
IV,535,REQ-CONT,Requirements,12,S12-R9,* * *
IV,537,HEADING,User Feedback Summary,,,## 7. User Feedback Summary
IV,539,TABLE-ROW,User Feedback Summary,,,Trigger | Message | Behavior
IV,540,TABLE-HDR,User Feedback Summary,,,---|---|---
IV,541,TABLE-ROW,User Feedback Summary,,,"No in-stock part qualifies for the current filters / resolved date, or no snapshot exists on or before the selected date | ""Empty bays, endless possibilities. Get Going!"" | The application's standard reports no-data label, shown in the data area; the totals row is hidden."
IV,542,TABLE-ROW,User Feedback Summary,,,"An export is requested but the filtered set exceeds the export row cap (S10-R12) | ""This report is too large to export. Narrow the date range or filters, then try again."" | Blocking notification; no file is produced."
IV,543,TABLE-ROW,User Feedback Summary,,,"A download succeeds | ""Inventory Value report exported (PDF)"" / ""Inventory Value report exported (CSV)"" | Success notification."
IV,544,TABLE-ROW,User Feedback Summary,,,"A download fails | ""Failed to export inventory value report (pdf)"" / ""Failed to export inventory value report (csv)"" | Error notification."
IV,546,NARRATIVE,User Feedback Summary,,,* * *
IV,548,HEADING,Change Log,,,## 8. Change Log
IV,550,TABLE-HDR,Change Log,,,Date | Reporter | Change | Notes
IV,551,TABLE-HDR,Change Log,,,---|---|---|---
IV,552,CHANGELOG-ROW,Change Log,,,"2026-07-19 | @chris / @claude | Initial specification — per-part on-hand inventory valuation with an as-of date served from nightly history and a live fallback for today; authored from the built code and matched to the suite canonical PRD layout. | Owner decisions baked in: value only non-core, positive-quantity stock; unit sell resolved via fixed price then pricing-matrix markup on cost; Margin is the extended (Total Sell − Total Cost) figure and Margin % its share of Total Sell; Total Cost the pinned bold headline + default sort; per-browser persistence of filters/columns/sort. Known v1 limitations recorded in §2."
IV,553,CHANGELOG-ROW,Change Log,,,"2026-07-21 | @chris / @claude | Moved to **server-side data model** (per Milan Zivanovic's 2026-07-20 engineering review, mirroring the Parts Velocity resolution): report is **server-paginated** (§2, S1-R8); **sorting is server-side** — each header click re-fetches in the new order (S9-R2); the **Category and Vendor filters apply server-side** — removed the ""on-screen only"" Known Limitation (S6-R3/R5, §2); the **totals row is computed server-side over the full filtered set** (true whole-shelf value, not just the visible page) (S4-R2/R8). Added a **page-level part search** over part # / description, built on the reports suite's shared toolbar-search pattern, server-side (S6-R8, S12-R3). Exports are **generated server-side** against the current filters + sort, with a **row-cap guardrail** and friendly ""narrow the range or filters"" message (S10-R11/R12). Added **snapshot retention** (S11-R6): full daily per-part detail for ~13 months, then the last capture of each month beyond that; the ""closest recorded day on or before"" rule serves the thinned history unchanged. Valuation rules (fixed price → matrix markup → cost fallback) unchanged — approved by Milan. |"
IV,554,CHANGELOG-ROW,Change Log,,,"2026-07-29 | @chris / @claude | Added a per-row Location column (shown only when more than one location is in scope) plus a ""Locations:"" line and a constant-width Location filter. | Suite location-column consistency."
