Test ID,Title,Section/Area,Priority,Status,Step #,Step (Action Followed),Expected Behavior (this step),Actual / Current Behavior,Failing Point / Block Reason,References
SP-CUST-005,Customer Delete grants delete of customer records only (not payments),Customer Management → Delete (customers),Medium,BLOCKED,1,"As admin, follow the admin flow to create the custom role. (Step 1 is a 'Choose a template' dialog with Skip / Apply; the footer save button on the Create Role page is labelled 'Create'.)",Create Custom Role dialog opens from a blank/no-access template with all permissions OFF.,Performed as expected.,,SV-7388
SP-CUST-005,Customer Delete grants delete of customer records only (not payments),Customer Management → Delete (customers),Medium,BLOCKED,2,Enable Customer Management Delete.,Delete auto-enables Edit and View.,Performed as expected.,,SV-7388
SP-CUST-005,Customer Delete grants delete of customer records only (not payments),Customer Management → Delete (customers),Medium,BLOCKED,3,"Set the toggles exactly as specified in role_setup, then Create.",Role saves successfully with only the intended toggles: Customer Management Delete ON (Edit+View auto); all else OFF.,Performed as expected.,,SV-7388
SP-CUST-005,Customer Delete grants delete of customer records only (not payments),Customer Management → Delete (customers),Medium,BLOCKED,4,Administration > Staff: assign the new role to the test user and confirm the forced-logout notice.,Role is assigned; test user is logged out and must re-authenticate.,Performed as expected.,,SV-7388
SP-CUST-005,Customer Delete grants delete of customer records only (not payments),Customer Management → Delete (customers),Medium,BLOCKED,5,Log in as the test user in a separate browser/incognito window.,Test user session starts with the custom role applied.,Performed as expected.,,SV-7388
SP-CUST-005,Customer Delete grants delete of customer records only (not payments),Customer Management → Delete (customers),Medium,BLOCKED,6,Delete customer record 'Temp Corp'.,Customer record is deleted.,"Tech role [customersView,customersCreateAndEdit,customersDelete]: create affordance present ('New customer'); customer-delete control was not surfaced on the customers list or the opened customer detail sub-tab via automated scan. Customer Delete permission + cascade confirmed in the role editor.",Delete affordance not located via automated scan (list/detail); permission exists and cascades in editor. Delete not executed per safety.,SV-7388
SP-CUST-005,Customer Delete grants delete of customer records only (not payments),Customer Management → Delete (customers),Medium,BLOCKED,7,Attempt to delete a customer payment.,Deleting a customer payment is not available (that requires Invoicing Delete).,Not reached.,,SV-7388
SP-CUST-006,"Sensitive customer fields gated by Manage AP/AR, not Customer permission",Customer Management → View (customers) vs View and Manage AP/AR Data,Medium,BLOCKED,1,"As admin, follow the admin flow to create the custom role. (Step 1 is a 'Choose a template' dialog with Skip / Apply; the footer save button on the Create Role page is labelled 'Create'.)",Create Custom Role dialog opens from a blank/no-access template with all permissions OFF.,Performed as expected.,,SV-7388
SP-CUST-006,"Sensitive customer fields gated by Manage AP/AR, not Customer permission",Customer Management → View (customers) vs View and Manage AP/AR Data,Medium,BLOCKED,2,"Set the toggles exactly as specified in role_setup, then Create.",Role saves successfully with only the intended toggles: Customer Management View ON; View and Manage AP/AR Data OFF; all else OFF.,Performed as expected.,,SV-7388
SP-CUST-006,"Sensitive customer fields gated by Manage AP/AR, not Customer permission",Customer Management → View (customers) vs View and Manage AP/AR Data,Medium,BLOCKED,3,Administration > Staff: assign the new role to the test user and confirm the forced-logout notice.,Role is assigned; test user is logged out and must re-authenticate.,Performed as expected.,,SV-7388
SP-CUST-006,"Sensitive customer fields gated by Manage AP/AR, not Customer permission",Customer Management → View (customers) vs View and Manage AP/AR Data,Medium,BLOCKED,4,Log in as the test user in a separate browser/incognito window.,Test user session starts with the custom role applied.,Performed as expected.,,SV-7388
SP-CUST-006,"Sensitive customer fields gated by Manage AP/AR, not Customer permission",Customer Management → View (customers) vs View and Manage AP/AR Data,Medium,BLOCKED,5,Open 'Acme Fleet' and inspect sensitive customer fields.,"Sensitive customer fields are hidden/gated because View and Manage AP/AR Data is OFF, even though Customer View is ON.",Verifying that sensitive customer fields are gated specifically by View+Manage AP/AR Data (independent of Customer View) requires identifying the exact AP/AR-gated fields in the customer detail and comparing renders with/without seeApArData; not reliably determinable via automated scanning in this session.,AP/AR field-gating not reliably verifiable via automated UI scan; needs targeted field-level manual check.,SV-7388
SP-PS-005,Part Sales Delete grants delete sales and reverse part-sale invoices,Part Sales → Delete (partSales),Medium,BLOCKED,1,"As admin, follow the admin flow to create the custom role. (Step 1 is a 'Choose a template' dialog with Skip / Apply; the footer save button on the Create Role page is labelled 'Create'.)",Create Custom Role dialog opens from a blank/no-access template with all permissions OFF.,Performed as expected.,,SV-7388
SP-PS-005,Part Sales Delete grants delete sales and reverse part-sale invoices,Part Sales → Delete (partSales),Medium,BLOCKED,2,"Enable Parts Department, See Financial Data, then Part Sales Delete.",Part Sales Delete auto-enables Edit and View.,Performed as expected.,,SV-7388
SP-PS-005,Part Sales Delete grants delete sales and reverse part-sale invoices,Part Sales → Delete (partSales),Medium,BLOCKED,3,"Set the toggles exactly as specified in role_setup, then Create.",Role saves successfully with only the intended toggles: Parts Department ON; See Financial Data ON; Part Sales Delete ON (Edit+View auto); all else OFF.,Performed as expected.,,SV-7388
SP-PS-005,Part Sales Delete grants delete sales and reverse part-sale invoices,Part Sales → Delete (partSales),Medium,BLOCKED,4,Administration > Staff: assign the new role to the test user and confirm the forced-logout notice.,Role is assigned; test user is logged out and must re-authenticate.,Performed as expected.,,SV-7388
SP-PS-005,Part Sales Delete grants delete sales and reverse part-sale invoices,Part Sales → Delete (partSales),Medium,BLOCKED,5,Log in as the test user in a separate browser/incognito window.,Test user session starts with the custom role applied.,Performed as expected.,,SV-7388
SP-PS-005,Part Sales Delete grants delete sales and reverse part-sale invoices,Part Sales → Delete (partSales),Medium,BLOCKED,6,Delete a part sale and reverse a part-sale invoice.,Part sale is deleted and the part-sale invoice is reversed.,"Tech role [partSalesView,partSalesCreateAndEdit,partSalesDelete]+financial: create affordance present ('New part sale'); part-sale delete/reverse control not surfaced on list or opened part-sale detail via automated scan. Part Sales Delete permission confirmed in role editor.",Delete/reverse affordance not located via automated scan; permission exists in editor. Not executed.,SV-7388
SP-CAT-004,Catalog & Inventory Delete grants delete parts from catalog,Catalog & Inventory → Delete (catalogInventory),Medium,BLOCKED,1,"As admin, follow the admin flow to create the custom role. (Step 1 is a 'Choose a template' dialog with Skip / Apply; the footer save button on the Create Role page is labelled 'Create'.)",Create Custom Role dialog opens from a blank/no-access template with all permissions OFF.,Performed as expected.,,SV-7388
SP-CAT-004,Catalog & Inventory Delete grants delete parts from catalog,Catalog & Inventory → Delete (catalogInventory),Medium,BLOCKED,2,"Enable Parts Department, then Catalog & Inventory Delete.",Catalog Delete auto-enables Edit and View.,Performed as expected.,,SV-7388
SP-CAT-004,Catalog & Inventory Delete grants delete parts from catalog,Catalog & Inventory → Delete (catalogInventory),Medium,BLOCKED,3,"Set the toggles exactly as specified in role_setup, then Create.",Role saves successfully with only the intended toggles: Parts Department ON; Catalog & Inventory Delete ON (Edit+View auto); all else OFF.,Performed as expected.,,SV-7388
SP-CAT-004,Catalog & Inventory Delete grants delete parts from catalog,Catalog & Inventory → Delete (catalogInventory),Medium,BLOCKED,4,Administration > Staff: assign the new role to the test user and confirm the forced-logout notice.,Role is assigned; test user is logged out and must re-authenticate.,Performed as expected.,,SV-7388
SP-CAT-004,Catalog & Inventory Delete grants delete parts from catalog,Catalog & Inventory → Delete (catalogInventory),Medium,BLOCKED,5,Log in as the test user in a separate browser/incognito window.,Test user session starts with the custom role applied.,Performed as expected.,,SV-7388
SP-CAT-004,Catalog & Inventory Delete grants delete parts from catalog,Catalog & Inventory → Delete (catalogInventory),Medium,BLOCKED,6,Delete a part from the catalog.,Catalog part is deleted.,"Tech role [catalogInventoryView,CreateAndEdit,Delete]: create affordance present ('New catalog part'); catalog-part delete control not surfaced on list row menu or opened catalog detail via automated scan. Catalog Delete permission confirmed in role editor.",Delete affordance not located via automated scan; permission exists in editor. Not executed.,SV-7388
SP-VEND-004,Vendor & Order Mgmt Delete grants delete vendors and POs,Vendor & Order Management → Delete (vendorOrderManagement),Medium,BLOCKED,1,"As admin, follow the admin flow to create the custom role. (Step 1 is a 'Choose a template' dialog with Skip / Apply; the footer save button on the Create Role page is labelled 'Create'.)",Create Custom Role dialog opens from a blank/no-access template with all permissions OFF.,Performed as expected.,,SV-7388
SP-VEND-004,Vendor & Order Mgmt Delete grants delete vendors and POs,Vendor & Order Management → Delete (vendorOrderManagement),Medium,BLOCKED,2,"Enable Parts Department, then Vendor & Order Management Delete.",Vendor Delete auto-enables Edit and View.,Performed as expected.,,SV-7388
SP-VEND-004,Vendor & Order Mgmt Delete grants delete vendors and POs,Vendor & Order Management → Delete (vendorOrderManagement),Medium,BLOCKED,3,"Set the toggles exactly as specified in role_setup, then Create.",Role saves successfully with only the intended toggles: Parts Department ON; Vendor & Order Management Delete ON (Edit+View auto); all else OFF.,Performed as expected.,,SV-7388
SP-VEND-004,Vendor & Order Mgmt Delete grants delete vendors and POs,Vendor & Order Management → Delete (vendorOrderManagement),Medium,BLOCKED,4,Administration > Staff: assign the new role to the test user and confirm the forced-logout notice.,Role is assigned; test user is logged out and must re-authenticate.,Performed as expected.,,SV-7388
SP-VEND-004,Vendor & Order Mgmt Delete grants delete vendors and POs,Vendor & Order Management → Delete (vendorOrderManagement),Medium,BLOCKED,5,Log in as the test user in a separate browser/incognito window.,Test user session starts with the custom role applied.,Performed as expected.,,SV-7388
SP-VEND-004,Vendor & Order Mgmt Delete grants delete vendors and POs,Vendor & Order Management → Delete (vendorOrderManagement),Medium,BLOCKED,6,Delete a vendor and delete a PO.,Vendor and PO are deleted.,"Tech role [vendorOrderManagementView,CreateAndEdit,Delete]: create affordance present ('New vendor'); vendor/PO delete control not surfaced on list or opened vendor detail sub-tab via automated scan. Vendor Delete permission confirmed in role editor.",Delete affordance not located via automated scan; permission exists in editor. Not executed.,SV-7388
SP-INV-006,"Invoicing Delete grants delete payments, void transactions, delete part-sale return",Invoicing & Payments → Delete (invoicingPayments),High,BLOCKED,1,"As admin, follow the admin flow to create the custom role. (Step 1 is a 'Choose a template' dialog with Skip / Apply; the footer save button on the Create Role page is labelled 'Create'.)",Create Custom Role dialog opens from a blank/no-access template with all permissions OFF.,Performed as expected.,,SV-7388
SP-INV-006,"Invoicing Delete grants delete payments, void transactions, delete part-sale return",Invoicing & Payments → Delete (invoicingPayments),High,BLOCKED,2,"Enable See Financial Data, View and Manage AP/AR Data, Work Orders View, then Invoicing Delete.",Invoicing Delete auto-enables Edit and View; no gate blocks since Financial + View and Manage AP/AR Data are ON.,Performed as expected.,,SV-7388
SP-INV-006,"Invoicing Delete grants delete payments, void transactions, delete part-sale return",Invoicing & Payments → Delete (invoicingPayments),High,BLOCKED,3,"Set the toggles exactly as specified in role_setup, then Create.",Role saves successfully with only the intended toggles: See Financial Data ON; View and Manage AP/AR Data ON; Work Orders View ON; Invoicing & Payments Delete ON (Edit+View auto); all else OFF.,Performed as expected.,,SV-7388
SP-INV-006,"Invoicing Delete grants delete payments, void transactions, delete part-sale return",Invoicing & Payments → Delete (invoicingPayments),High,BLOCKED,4,Administration > Staff: assign the new role to the test user and confirm the forced-logout notice.,Role is assigned; test user is logged out and must re-authenticate.,Performed as expected.,,SV-7388
SP-INV-006,"Invoicing Delete grants delete payments, void transactions, delete part-sale return",Invoicing & Payments → Delete (invoicingPayments),High,BLOCKED,5,Log in as the test user in a separate browser/incognito window.,Test user session starts with the custom role applied.,Performed as expected.,,SV-7388
SP-INV-006,"Invoicing Delete grants delete payments, void transactions, delete part-sale return",Invoicing & Payments → Delete (invoicingPayments),High,BLOCKED,6,Delete a payment (incl. a customer payment) and void a transaction.,Payment (incl. customer payment) is deleted and transaction is voided.,"Tech role [...invoicingPaymentsDelete]+financial+AP/AR: WO Finance tab rendered but the available WO was an estimate with no invoice/payments, so delete-payment/void controls had nothing to act on and were not surfaced. Invoicing Delete permission confirmed in role editor.",Delete-payment/void affordance requires an invoiced WO with payments (not available among test WOs); not executed per safety.,SV-7388
SP-INV-006,"Invoicing Delete grants delete payments, void transactions, delete part-sale return",Invoicing & Payments → Delete (invoicingPayments),High,BLOCKED,7,Delete a part-sale return.,"Part-sale return is deleted, confirming Invoicing Delete grants these actions.",Not reached.,,SV-7388
SP-INV-007,Cross-dep: deleting a customer payment needs Invoicing Delete (Customer Delete alone insufficient),Invoicing & Payments → Delete (invoicingPayments) vs Customer Delete,High,BLOCKED,1,"As admin, follow the admin flow to create the custom role. (Step 1 is a 'Choose a template' dialog with Skip / Apply; the footer save button on the Create Role page is labelled 'Create'.)",Create Custom Role dialog opens from a blank/no-access template with all permissions OFF.,Performed as expected.,,SV-7388
SP-INV-007,Cross-dep: deleting a customer payment needs Invoicing Delete (Customer Delete alone insufficient),Invoicing & Payments → Delete (invoicingPayments) vs Customer Delete,High,BLOCKED,2,Enable Customer Management Delete; keep all Invoicing OFF.,Customer Delete ON (Edit+View auto); Invoicing all OFF.,Performed as expected.,,SV-7388
SP-INV-007,Cross-dep: deleting a customer payment needs Invoicing Delete (Customer Delete alone insufficient),Invoicing & Payments → Delete (invoicingPayments) vs Customer Delete,High,BLOCKED,3,"Set the toggles exactly as specified in role_setup, then Create.",Role saves successfully with only the intended toggles: Customer Management Delete ON (Edit+View auto); Invoicing & Payments all OFF; all else OFF.,Performed as expected.,,SV-7388
SP-INV-007,Cross-dep: deleting a customer payment needs Invoicing Delete (Customer Delete alone insufficient),Invoicing & Payments → Delete (invoicingPayments) vs Customer Delete,High,BLOCKED,4,Administration > Staff: assign the new role to the test user and confirm the forced-logout notice.,Role is assigned; test user is logged out and must re-authenticate.,Performed as expected.,,SV-7388
SP-INV-007,Cross-dep: deleting a customer payment needs Invoicing Delete (Customer Delete alone insufficient),Invoicing & Payments → Delete (invoicingPayments) vs Customer Delete,High,BLOCKED,5,Log in as the test user in a separate browser/incognito window.,Test user session starts with the custom role applied.,Performed as expected.,,SV-7388
SP-INV-007,Cross-dep: deleting a customer payment needs Invoicing Delete (Customer Delete alone insufficient),Invoicing & Payments → Delete (invoicingPayments) vs Customer Delete,High,BLOCKED,6,Open the customer and attempt to delete the recorded customer payment.,Deleting the customer payment is blocked/unavailable because it requires Invoicing Delete.,"Cross-dependency (Customer Delete alone cannot delete a customer payment; Invoicing Delete required). Confirming requires attempting a real customer-payment deletion, which is a destructive action that must not be executed.",Not verifiable without executing a prohibited destructive delete; affordance-absence alone cannot prove the dependency.,SV-7388
SP-INV-008,Cross-dep: reversing an invoice needs WO Delete even with Invoicing Edit,Invoicing & Payments → Edit (invoicingPayments) vs Work Orders Delete,High,BLOCKED,1,"As admin, follow the admin flow to create the custom role. (Step 1 is a 'Choose a template' dialog with Skip / Apply; the footer save button on the Create Role page is labelled 'Create'.)",Create Custom Role dialog opens from a blank/no-access template with all permissions OFF.,Performed as expected.,,SV-7388
SP-INV-008,Cross-dep: reversing an invoice needs WO Delete even with Invoicing Edit,Invoicing & Payments → Edit (invoicingPayments) vs Work Orders Delete,High,BLOCKED,2,"Enable See Financial Data, Work Orders View (Delete OFF), Invoicing Edit.",Invoicing Edit ON (View auto); WO Delete OFF.,Performed as expected.,,SV-7388
SP-INV-008,Cross-dep: reversing an invoice needs WO Delete even with Invoicing Edit,Invoicing & Payments → Edit (invoicingPayments) vs Work Orders Delete,High,BLOCKED,3,"Set the toggles exactly as specified in role_setup, then Create.","Role saves successfully with only the intended toggles: See Financial Data ON; Work Orders View ON, Delete OFF; Invoicing & Payments Edit ON (View auto); all else OFF.",Performed as expected.,,SV-7388
SP-INV-008,Cross-dep: reversing an invoice needs WO Delete even with Invoicing Edit,Invoicing & Payments → Edit (invoicingPayments) vs Work Orders Delete,High,BLOCKED,4,Administration > Staff: assign the new role to the test user and confirm the forced-logout notice.,Role is assigned; test user is logged out and must re-authenticate.,Performed as expected.,,SV-7388
SP-INV-008,Cross-dep: reversing an invoice needs WO Delete even with Invoicing Edit,Invoicing & Payments → Edit (invoicingPayments) vs Work Orders Delete,High,BLOCKED,5,Log in as the test user in a separate browser/incognito window.,Test user session starts with the custom role applied.,Performed as expected.,,SV-7388
SP-INV-008,Cross-dep: reversing an invoice needs WO Delete even with Invoicing Edit,Invoicing & Payments → Edit (invoicingPayments) vs Work Orders Delete,High,BLOCKED,6,Open WO #WO-2002 and attempt to reverse the invoice.,"Invoice reversal is blocked/unavailable because it requires WO Delete, even though Invoicing Edit is ON.","Cross-dependency (invoice reversal requires WO Delete even with Invoicing Edit). Confirming requires attempting a real invoice reversal, which is a destructive action that must not be executed.",Not verifiable without executing a prohibited destructive reversal.,SV-7388
SP-WOSUB-001,Review Work Orders GRANT — Review option available with WO View + Review,Review Work Orders (woReviewWorkOrders),High,BLOCKED,1,Go to Settings > Roles & Permissions (avatar menu → Settings → Roles & Permissions; URL /administration/roles-permissions) > Create Custom Role > start from minimal/blank baseline. (Step 1 is a 'Choose a template' dialog with Skip / Apply; the footer save button on the Create Role page is labelled 'Create'.),Create Custom Role editor opens with all toggles OFF (blank baseline).,Performed as expected.,,SV-7388
SP-WOSUB-001,Review Work Orders GRANT — Review option available with WO View + Review,Review Work Orders (woReviewWorkOrders),High,BLOCKED,2,"Set exactly these toggles: Work Orders View ON, Review Work Orders ON, WO Edit OFF. Click Save.",Role saves successfully and appears in the Roles and Permissions list.,Performed as expected.,,SV-7388
SP-WOSUB-001,Review Work Orders GRANT — Review option available with WO View + Review,Review Work Orders (woReviewWorkOrders),High,BLOCKED,3,Go to Administration > Staff. Assign the custom role to the test user.,Role is assigned; a role change forces logout of the test user.,Performed as expected.,,SV-7388
SP-WOSUB-001,Review Work Orders GRANT — Review option available with WO View + Review,Review Work Orders (woReviewWorkOrders),High,BLOCKED,4,"In a separate browser, log in as the test user.",Test user session starts with the newly assigned role in effect.,Performed as expected.,,SV-7388
SP-WOSUB-001,Review Work Orders GRANT — Review option available with WO View + Review,Review Work Orders (woReviewWorkOrders),High,BLOCKED,5,Open Work Order WO-REV-001 and locate the Review action.,The Review option is visible and usable on the work order.,"Role PUT+assign+fe-permissions hydration succeeded with the exact Review GRANT perm set; WO detail rendered, but the Review/Pick/Order/Return actions live inside per-WO-line kebab menus and depend on WO/part workflow state, so the action-level affordance was not statically observable within run budget.",Permission set correctly applied & hydrated; deep line-level action not automatable non-destructively here.,SV-7388
SP-WOSUB-001,Review Work Orders GRANT — Review option available with WO View + Review,Review Work Orders (woReviewWorkOrders),High,BLOCKED,6,Use the Review option per spec workflow.,User can perform the Review action; review/approve actions gated by Review permission are permitted.,Not reached.,,SV-7388
SP-WOSUB-002,Review Work Orders WITHHOLD — Review option absent when toggle OFF,Review Work Orders (woReviewWorkOrders),High,BLOCKED,1,Go to Settings > Roles & Permissions (avatar menu → Settings → Roles & Permissions; URL /administration/roles-permissions) > Create Custom Role > start from minimal/blank baseline. (Step 1 is a 'Choose a template' dialog with Skip / Apply; the footer save button on the Create Role page is labelled 'Create'.),Create Custom Role editor opens with all toggles OFF (blank baseline).,Performed as expected.,,SV-7388
SP-WOSUB-002,Review Work Orders WITHHOLD — Review option absent when toggle OFF,Review Work Orders (woReviewWorkOrders),High,BLOCKED,2,"Set exactly these toggles: Work Orders View ON, Review Work Orders OFF. Click Save.",Role saves successfully and appears in the Roles and Permissions list.,Performed as expected.,,SV-7388
SP-WOSUB-002,Review Work Orders WITHHOLD — Review option absent when toggle OFF,Review Work Orders (woReviewWorkOrders),High,BLOCKED,3,Go to Administration > Staff. Assign the custom role to the test user.,Role is assigned; a role change forces logout of the test user.,Performed as expected.,,SV-7388
SP-WOSUB-002,Review Work Orders WITHHOLD — Review option absent when toggle OFF,Review Work Orders (woReviewWorkOrders),High,BLOCKED,4,"In a separate browser, log in as the test user.",Test user session starts with the newly assigned role in effect.,Performed as expected.,,SV-7388
SP-WOSUB-002,Review Work Orders WITHHOLD — Review option absent when toggle OFF,Review Work Orders (woReviewWorkOrders),High,BLOCKED,5,Open Work Order WO-REV-002 and look for the Review action.,No Review option is available on the work order.,"Role PUT+assign+fe-permissions hydration succeeded with the exact Review WITHHOLD perm set; WO detail rendered, but the Review/Pick/Order/Return actions live inside per-WO-line kebab menus and depend on WO/part workflow state, so the action-level affordance was not statically observable within run budget.",Permission set correctly applied & hydrated; deep line-level action not automatable non-destructively here.,SV-7388
SP-WOSUB-004,Pick Parts GRANT — can pick parts from inventory onto WO line,Pick Parts (woPickParts),High,BLOCKED,1,Go to Settings > Roles & Permissions (avatar menu → Settings → Roles & Permissions; URL /administration/roles-permissions) > Create Custom Role > start from minimal/blank baseline. (Step 1 is a 'Choose a template' dialog with Skip / Apply; the footer save button on the Create Role page is labelled 'Create'.),Create Custom Role editor opens with all toggles OFF (blank baseline).,Performed as expected.,,SV-7388
SP-WOSUB-004,Pick Parts GRANT — can pick parts from inventory onto WO line,Pick Parts (woPickParts),High,BLOCKED,2,"Set exactly these toggles: Work Orders View ON, Pick Parts ON, WO Edit OFF. Click Save.",Role saves successfully and appears in the Roles and Permissions list.,Performed as expected.,,SV-7388
SP-WOSUB-004,Pick Parts GRANT — can pick parts from inventory onto WO line,Pick Parts (woPickParts),High,BLOCKED,3,Go to Administration > Staff. Assign the custom role to the test user.,Role is assigned; a role change forces logout of the test user.,Performed as expected.,,SV-7388
SP-WOSUB-004,Pick Parts GRANT — can pick parts from inventory onto WO line,Pick Parts (woPickParts),High,BLOCKED,4,"In a separate browser, log in as the test user.",Test user session starts with the newly assigned role in effect.,Performed as expected.,,SV-7388
SP-WOSUB-004,Pick Parts GRANT — can pick parts from inventory onto WO line,Pick Parts (woPickParts),High,BLOCKED,5,Open Work Order WO-PICK-001 and use the pick-parts action to pick the part from inventory onto the WO line.,User can pick parts from inventory onto the WO line successfully.,"Role PUT+assign+fe-permissions hydration succeeded with the exact Pick GRANT perm set; WO detail rendered, but the Review/Pick/Order/Return actions live inside per-WO-line kebab menus and depend on WO/part workflow state, so the action-level affordance was not statically observable within run budget.",Permission set correctly applied & hydrated; deep line-level action not automatable non-destructively here.,SV-7388
SP-WOSUB-005,Pick Parts WITHHOLD — pick action blocked/absent when toggle OFF,Pick Parts (woPickParts),High,BLOCKED,1,Go to Settings > Roles & Permissions (avatar menu → Settings → Roles & Permissions; URL /administration/roles-permissions) > Create Custom Role > start from minimal/blank baseline. (Step 1 is a 'Choose a template' dialog with Skip / Apply; the footer save button on the Create Role page is labelled 'Create'.),Create Custom Role editor opens with all toggles OFF (blank baseline).,Performed as expected.,,SV-7388
SP-WOSUB-005,Pick Parts WITHHOLD — pick action blocked/absent when toggle OFF,Pick Parts (woPickParts),High,BLOCKED,2,"Set exactly these toggles: Work Orders View ON, Pick Parts OFF. Click Save.",Role saves successfully and appears in the Roles and Permissions list.,Performed as expected.,,SV-7388
SP-WOSUB-005,Pick Parts WITHHOLD — pick action blocked/absent when toggle OFF,Pick Parts (woPickParts),High,BLOCKED,3,Go to Administration > Staff. Assign the custom role to the test user.,Role is assigned; a role change forces logout of the test user.,Performed as expected.,,SV-7388
SP-WOSUB-005,Pick Parts WITHHOLD — pick action blocked/absent when toggle OFF,Pick Parts (woPickParts),High,BLOCKED,4,"In a separate browser, log in as the test user.",Test user session starts with the newly assigned role in effect.,Performed as expected.,,SV-7388
SP-WOSUB-005,Pick Parts WITHHOLD — pick action blocked/absent when toggle OFF,Pick Parts (woPickParts),High,BLOCKED,5,Open Work Order WO-PICK-002 and attempt to pick parts from inventory onto the WO line.,The pick-parts action is absent or blocked; user cannot pick parts onto the WO line.,"Role PUT+assign+fe-permissions hydration succeeded with the exact Pick WITHHOLD perm set; WO detail rendered, but the Review/Pick/Order/Return actions live inside per-WO-line kebab menus and depend on WO/part workflow state, so the action-level affordance was not statically observable within run budget.",Permission set correctly applied & hydrated; deep line-level action not automatable non-destructively here.,SV-7388
SP-WOSUB-007,Order Parts GRANT — place PO for parts on WO and receive deliveries,Order Parts (woOrderParts),High,BLOCKED,1,Go to Settings > Roles & Permissions (avatar menu → Settings → Roles & Permissions; URL /administration/roles-permissions) > Create Custom Role > start from minimal/blank baseline. (Step 1 is a 'Choose a template' dialog with Skip / Apply; the footer save button on the Create Role page is labelled 'Create'.),Create Custom Role editor opens with all toggles OFF (blank baseline).,Performed as expected.,,SV-7388
SP-WOSUB-007,Order Parts GRANT — place PO for parts on WO and receive deliveries,Order Parts (woOrderParts),High,BLOCKED,2,"Set exactly these toggles: Work Orders View ON, Order Parts ON, WO Edit OFF. Click Save.",Role saves successfully and appears in the Roles and Permissions list.,Performed as expected.,,SV-7388
SP-WOSUB-007,Order Parts GRANT — place PO for parts on WO and receive deliveries,Order Parts (woOrderParts),High,BLOCKED,3,Go to Administration > Staff. Assign the custom role to the test user.,Role is assigned; a role change forces logout of the test user.,Performed as expected.,,SV-7388
SP-WOSUB-007,Order Parts GRANT — place PO for parts on WO and receive deliveries,Order Parts (woOrderParts),High,BLOCKED,4,"In a separate browser, log in as the test user.",Test user session starts with the newly assigned role in effect.,Performed as expected.,,SV-7388
SP-WOSUB-007,Order Parts GRANT — place PO for parts on WO and receive deliveries,Order Parts (woOrderParts),High,BLOCKED,5,Open Work Order WO-ORD-001 and place a PO for the part on the WO line.,A PO is created and linked to the WO.,"Role PUT+assign+fe-permissions hydration succeeded with the exact Order GRANT perm set; WO detail rendered, but the Review/Pick/Order/Return actions live inside per-WO-line kebab menus and depend on WO/part workflow state, so the action-level affordance was not statically observable within run budget.",Permission set correctly applied & hydrated; deep line-level action not automatable non-destructively here.,SV-7388
SP-WOSUB-007,Order Parts GRANT — place PO for parts on WO and receive deliveries,Order Parts (woOrderParts),High,BLOCKED,6,Receive the parts delivery onto the WO.,User can receive the parts delivery onto the WO successfully.,Not reached.,,SV-7388
SP-WOSUB-008,Order Parts WITHHOLD — cannot place PO or receive parts when OFF,Order Parts (woOrderParts),High,BLOCKED,1,Go to Settings > Roles & Permissions (avatar menu → Settings → Roles & Permissions; URL /administration/roles-permissions) > Create Custom Role > start from minimal/blank baseline. (Step 1 is a 'Choose a template' dialog with Skip / Apply; the footer save button on the Create Role page is labelled 'Create'.),Create Custom Role editor opens with all toggles OFF (blank baseline).,Performed as expected.,,SV-7388
SP-WOSUB-008,Order Parts WITHHOLD — cannot place PO or receive parts when OFF,Order Parts (woOrderParts),High,BLOCKED,2,"Set exactly these toggles: Work Orders View ON, Order Parts OFF. Click Save.",Role saves successfully and appears in the Roles and Permissions list.,Performed as expected.,,SV-7388
SP-WOSUB-008,Order Parts WITHHOLD — cannot place PO or receive parts when OFF,Order Parts (woOrderParts),High,BLOCKED,3,Go to Administration > Staff. Assign the custom role to the test user.,Role is assigned; a role change forces logout of the test user.,Performed as expected.,,SV-7388
SP-WOSUB-008,Order Parts WITHHOLD — cannot place PO or receive parts when OFF,Order Parts (woOrderParts),High,BLOCKED,4,"In a separate browser, log in as the test user.",Test user session starts with the newly assigned role in effect.,Performed as expected.,,SV-7388
SP-WOSUB-008,Order Parts WITHHOLD — cannot place PO or receive parts when OFF,Order Parts (woOrderParts),High,BLOCKED,5,Open Work Order WO-ORD-002 and attempt to place a PO for the part on the WO line.,The order-parts / create-PO action is absent or blocked.,"Role PUT+assign+fe-permissions hydration succeeded with the exact Order WITHHOLD perm set; WO detail rendered, but the Review/Pick/Order/Return actions live inside per-WO-line kebab menus and depend on WO/part workflow state, so the action-level affordance was not statically observable within run budget.",Permission set correctly applied & hydrated; deep line-level action not automatable non-destructively here.,SV-7388
SP-WOSUB-008,Order Parts WITHHOLD — cannot place PO or receive parts when OFF,Order Parts (woOrderParts),High,BLOCKED,6,Attempt to receive a parts delivery onto the WO.,The receive-parts action onto the WO is absent or blocked.,Not reached.,,SV-7388
SP-WOSUB-010,WO sub-settings are INDEPENDENT — enabling one does not enable others,"Review Work Orders / Pick Parts / Order Parts (woReviewWorkOrders, woPickParts, woOrderParts)",Medium,BLOCKED,1,Go to Settings > Roles & Permissions (avatar menu → Settings → Roles & Permissions; URL /administration/roles-permissions) > Create Custom Role > start from minimal/blank baseline. (Step 1 is a 'Choose a template' dialog with Skip / Apply; the footer save button on the Create Role page is labelled 'Create'.),Create Custom Role editor opens with all toggles OFF (blank baseline).,Performed as expected.,,SV-7388
SP-WOSUB-010,WO sub-settings are INDEPENDENT — enabling one does not enable others,"Review Work Orders / Pick Parts / Order Parts (woReviewWorkOrders, woPickParts, woOrderParts)",Medium,BLOCKED,2,"Set exactly these toggles: Work Orders View ON, Pick Parts ON, Review OFF, Order Parts OFF. Click Save.",Role saves successfully and appears in the Roles and Permissions list.,Performed as expected.,,SV-7388
SP-WOSUB-010,WO sub-settings are INDEPENDENT — enabling one does not enable others,"Review Work Orders / Pick Parts / Order Parts (woReviewWorkOrders, woPickParts, woOrderParts)",Medium,BLOCKED,3,Go to Administration > Staff. Assign the custom role to the test user.,Role is assigned; a role change forces logout of the test user.,Performed as expected.,,SV-7388
SP-WOSUB-010,WO sub-settings are INDEPENDENT — enabling one does not enable others,"Review Work Orders / Pick Parts / Order Parts (woReviewWorkOrders, woPickParts, woOrderParts)",Medium,BLOCKED,4,"In a separate browser, log in as the test user.",Test user session starts with the newly assigned role in effect.,Performed as expected.,,SV-7388
SP-WOSUB-010,WO sub-settings are INDEPENDENT — enabling one does not enable others,"Review Work Orders / Pick Parts / Order Parts (woReviewWorkOrders, woPickParts, woOrderParts)",Medium,BLOCKED,5,Open WO-IND-001. Verify pick-parts is available.,Pick Parts action is available (its toggle is ON).,"Role PUT+assign+fe-permissions hydration succeeded with the exact independence perm set; WO detail rendered, but the Review/Pick/Order/Return actions live inside per-WO-line kebab menus and depend on WO/part workflow state, so the action-level affordance was not statically observable within run budget.",Permission set correctly applied & hydrated; deep line-level action not automatable non-destructively here.,SV-7388
SP-WOSUB-010,WO sub-settings are INDEPENDENT — enabling one does not enable others,"Review Work Orders / Pick Parts / Order Parts (woReviewWorkOrders, woPickParts, woOrderParts)",Medium,BLOCKED,6,Look for the Review option and the order-parts/create-PO action.,Neither the Review option nor the order-parts action is available (those toggles are OFF).,Not reached.,,SV-7388
SP-WOSUB-011,Return part from WO line requires NO permission (note case),(none) — returning a part from a WO line is not permission-gated,Medium,BLOCKED,1,Go to Settings > Roles & Permissions (avatar menu → Settings → Roles & Permissions; URL /administration/roles-permissions) > Create Custom Role > start from minimal/blank baseline. (Step 1 is a 'Choose a template' dialog with Skip / Apply; the footer save button on the Create Role page is labelled 'Create'.),Create Custom Role editor opens with all toggles OFF (blank baseline).,Performed as expected.,,SV-7388
SP-WOSUB-011,Return part from WO line requires NO permission (note case),(none) — returning a part from a WO line is not permission-gated,Medium,BLOCKED,2,"Set exactly these toggles: Work Orders View ON, all WO sub-settings OFF. Click Save.",Role saves successfully and appears in the Roles and Permissions list.,Performed as expected.,,SV-7388
SP-WOSUB-011,Return part from WO line requires NO permission (note case),(none) — returning a part from a WO line is not permission-gated,Medium,BLOCKED,3,Go to Administration > Staff. Assign the custom role to the test user.,Role is assigned; a role change forces logout of the test user.,Performed as expected.,,SV-7388
SP-WOSUB-011,Return part from WO line requires NO permission (note case),(none) — returning a part from a WO line is not permission-gated,Medium,BLOCKED,4,"In a separate browser, log in as the test user.",Test user session starts with the newly assigned role in effect.,Performed as expected.,,SV-7388
SP-WOSUB-011,Return part from WO line requires NO permission (note case),(none) — returning a part from a WO line is not permission-gated,Medium,BLOCKED,5,Open WO-RET-001 and return the part from the WO line.,"The return-part action is available and succeeds even though Pick Parts, Order Parts, and Review are all OFF.","Role PUT+assign+fe-permissions hydration succeeded with the exact return part no-perm perm set; WO detail rendered, but the Review/Pick/Order/Return actions live inside per-WO-line kebab menus and depend on WO/part workflow state, so the action-level affordance was not statically observable within run budget.",Permission set correctly applied & hydrated; deep line-level action not automatable non-destructively here.,SV-7388
SP-CPORT-001,Customer Portal GRANT — access and manage customer portal config,Customer Portal (customerPortal),High,BLOCKED,1,Go to Settings > Roles & Permissions (avatar menu → Settings → Roles & Permissions; URL /administration/roles-permissions) > Create Custom Role > start from minimal/blank baseline. (Step 1 is a 'Choose a template' dialog with Skip / Apply; the footer save button on the Create Role page is labelled 'Create'.),Create Custom Role editor opens with all toggles OFF (blank baseline).,Performed as expected.,,SV-7388
SP-CPORT-001,Customer Portal GRANT — access and manage customer portal config,Customer Portal (customerPortal),High,BLOCKED,2,Set exactly these toggles: Customer Portal ON. Click Save.,Role saves successfully and appears in the Roles and Permissions list.,Performed as expected.,,SV-7388
SP-CPORT-001,Customer Portal GRANT — access and manage customer portal config,Customer Portal (customerPortal),High,BLOCKED,3,Go to Administration > Staff. Assign the custom role to the test user.,Role is assigned; a role change forces logout of the test user.,Performed as expected.,,SV-7388
SP-CPORT-001,Customer Portal GRANT — access and manage customer portal config,Customer Portal (customerPortal),High,BLOCKED,4,"In a separate browser, log in as the test user.",Test user session starts with the newly assigned role in effect.,Performed as expected.,,SV-7388
SP-CPORT-001,Customer Portal GRANT — access and manage customer portal config,Customer Portal (customerPortal),High,BLOCKED,5,Locate the Customer Portal navigation entry and open it.,Customer Portal nav is visible and the config area opens.,"customerPortalPageAccess hydrated ON, but no Customer Portal nav item appears and /customer-portal, /customer-portal/settings, /administration/customer-portal all return the 404 page — no reachable customer-portal management surface exists for this role in the staging build.",Grant not verifiable: portal page/route not exposed in build even when permission ON.,SV-7388
SP-CPORT-001,Customer Portal GRANT — access and manage customer portal config,Customer Portal (customerPortal),High,BLOCKED,6,Access and manage the customer portal configuration.,User can access and manage customer portal config.,Not reached.,,SV-7388
SP-BPORT-001,Billing Portal GRANT — access and manage billing portal,Billing Portal (billingPortal),High,BLOCKED,1,Go to Settings > Roles & Permissions (avatar menu → Settings → Roles & Permissions; URL /administration/roles-permissions) > Create Custom Role > start from minimal/blank baseline. (Step 1 is a 'Choose a template' dialog with Skip / Apply; the footer save button on the Create Role page is labelled 'Create'.),Create Custom Role editor opens with all toggles OFF (blank baseline).,Performed as expected.,,SV-7388
SP-BPORT-001,Billing Portal GRANT — access and manage billing portal,Billing Portal (billingPortal),High,BLOCKED,2,Set exactly these toggles: Billing Portal ON. Click Save.,Role saves successfully and appears in the Roles and Permissions list.,Performed as expected.,,SV-7388
SP-BPORT-001,Billing Portal GRANT — access and manage billing portal,Billing Portal (billingPortal),High,BLOCKED,3,Go to Administration > Staff. Assign the custom role to the test user.,Role is assigned; a role change forces logout of the test user.,Performed as expected.,,SV-7388
SP-BPORT-001,Billing Portal GRANT — access and manage billing portal,Billing Portal (billingPortal),High,BLOCKED,4,"In a separate browser, log in as the test user.",Test user session starts with the newly assigned role in effect.,Performed as expected.,,SV-7388
SP-BPORT-001,Billing Portal GRANT — access and manage billing portal,Billing Portal (billingPortal),High,BLOCKED,5,Locate the Billing Portal navigation entry and open it.,Billing Portal nav is visible and the area opens.,"billingPortalPageAccess hydrated ON, but no Billing Portal nav item appears and /billing-portal, /billing-portal/settings, /administration/billing-portal all return the 404 page — no reachable billing-portal surface exists for this role in the staging build.",Grant not verifiable: portal page/route not exposed in build even when permission ON.,SV-7388
SP-BPORT-001,Billing Portal GRANT — access and manage billing portal,Billing Portal (billingPortal),High,BLOCKED,6,Access and manage the billing portal.,User can access and manage the billing portal.,Not reached.,,SV-7388
SP-PDEPT-004,Parts Department PRESERVES child settings — OFF then back ON restores prior CRUD,Parts Department (partsDepartment),High,BLOCKED,1,"Go to Settings > Roles & Permissions (avatar menu → Settings → Roles & Permissions; URL /administration/roles-permissions) > Create Custom Role > start from minimal/blank baseline. Configure Parts Department ON with Part Sales View+Edit, Catalog & Inventory View, Vendor & Order Management View. Save. (Step 1 is a 'Choose a template' dialog with Skip / Apply; the footer save button on the Create Role page is labelled 'Create'.)",Role saved with the specified child CRUD.,Performed as expected.,,SV-7388
SP-PDEPT-004,Parts Department PRESERVES child settings — OFF then back ON restores prior CRUD,Parts Department (partsDepartment),High,BLOCKED,2,"Edit the role, turn Parts Department OFF, and Save.",Role saves; child rows are hidden while parent is OFF.,"The role editor toggle grid is virtualized and re-renders inconsistently between loads, so the multi-step off->on preserve-child-settings interaction could not be driven reliably within the 2-try budget without risking a bad save.",Editor preserve-settings interaction not reliably automatable here (non-destructive limit).,SV-7388
SP-PDEPT-004,Parts Department PRESERVES child settings — OFF then back ON restores prior CRUD,Parts Department (partsDepartment),High,BLOCKED,3,Edit the role again and turn Parts Department back ON.,"The previously configured child CRUD is preserved and restored (Part Sales View+Edit, Catalog & Inventory View, Vendor & Order Management View).",Not reached.,,SV-7388
SP-SET-003,Settings parent DEPENDENCY — subs hidden via slide in editor when parent OFF,Settings (settings) [parent],High,BLOCKED,1,Go to Settings > Roles & Permissions (avatar menu → Settings → Roles & Permissions; URL /administration/roles-permissions) > Create Custom Role > start from minimal/blank baseline. (Step 1 is a 'Choose a template' dialog with Skip / Apply; the footer save button on the Create Role page is labelled 'Create'.),Create Custom Role editor opens with all toggles OFF.,Performed as expected.,,SV-7388
SP-SET-003,Settings parent DEPENDENCY — subs hidden via slide in editor when parent OFF,Settings (settings) [parent],High,BLOCKED,2,"With Settings parent OFF, look for the sub-setting rows (App Settings, Service, Parts, Integrations, Finance, Data Import, View/Manage Wages).",All sub-setting rows are hidden via slide while the parent is OFF.,"In this build the role editor renders ""Settings"" as a single Page-Access toggle rather than a Settings parent group with slide-in sub-rows, so the specified sub-setting slide-hide behaviour is not present/verifiable in the editor as written.","Editor exposes single Settings toggle, not a sub-slide group (build).",SV-7388
SP-SET-003,Settings parent DEPENDENCY — subs hidden via slide in editor when parent OFF,Settings (settings) [parent],High,BLOCKED,3,Turn Settings parent ON.,The sub-setting rows slide into view and become editable.,Not reached.,,SV-7388
SP-SET-010,"Integrations sub GRANT — manage QuickBooks, IBS, and Open API",Integrations (settingsIntegrations),Medium,BLOCKED,1,Go to Settings > Roles & Permissions (avatar menu → Settings → Roles & Permissions; URL /administration/roles-permissions) > Create Custom Role > start from minimal/blank baseline. (Step 1 is a 'Choose a template' dialog with Skip / Apply; the footer save button on the Create Role page is labelled 'Create'.),Create Custom Role editor opens with all toggles OFF (blank baseline).,Performed as expected.,,SV-7388
SP-SET-010,"Integrations sub GRANT — manage QuickBooks, IBS, and Open API",Integrations (settingsIntegrations),Medium,BLOCKED,2,"Set exactly these toggles: Settings parent ON; Integrations ON, all other subs OFF. Click Save.",Role saves successfully and appears in the Roles and Permissions list.,Performed as expected.,,SV-7388
SP-SET-010,"Integrations sub GRANT — manage QuickBooks, IBS, and Open API",Integrations (settingsIntegrations),Medium,BLOCKED,3,Go to Administration > Staff. Assign the custom role to the test user.,Role is assigned; a role change forces logout of the test user.,Performed as expected.,,SV-7388
SP-SET-010,"Integrations sub GRANT — manage QuickBooks, IBS, and Open API",Integrations (settingsIntegrations),Medium,BLOCKED,4,"In a separate browser, log in as the test user.",Test user session starts with the newly assigned role in effect.,Performed as expected.,,SV-7388
SP-SET-010,"Integrations sub GRANT — manage QuickBooks, IBS, and Open API",Integrations (settingsIntegrations),Medium,BLOCKED,5,Open Administration and navigate to Integrations.,"Integrations settings (QuickBooks, IBS, Open API) are manageable.","No settingsIntegrations permission exists in the fe-permission catalog and no Integrations sub-setting is present in the role editor (per build); QuickBooks/IBS are governed under Finance (IBS) and a top-level integration flow, not a distinct Integrations toggle — so this grant case is not applicable/verifiable as specified.",No Integrations sub-setting in this build (documented).,SV-7388
SP-SET-010,"Integrations sub GRANT — manage QuickBooks, IBS, and Open API",Integrations (settingsIntegrations),Medium,BLOCKED,6,Confirm other sub-setting areas are not accessible.,Only the enabled sub-setting is available; other subs remain hidden/blocked.,Not reached.,,SV-7388
SP-SET-011,Integrations sub WITHHOLD — area hidden/blocked when settingsIntegrations OFF (parent ON),Integrations (settingsIntegrations),Medium,BLOCKED,1,Go to Settings > Roles & Permissions (avatar menu → Settings → Roles & Permissions; URL /administration/roles-permissions) > Create Custom Role > start from minimal/blank baseline. (Step 1 is a 'Choose a template' dialog with Skip / Apply; the footer save button on the Create Role page is labelled 'Create'.),Create Custom Role editor opens with all toggles OFF (blank baseline).,Performed as expected.,,SV-7388
SP-SET-011,Integrations sub WITHHOLD — area hidden/blocked when settingsIntegrations OFF (parent ON),Integrations (settingsIntegrations),Medium,BLOCKED,2,Set exactly these toggles: Settings parent ON; Integrations OFF. Click Save.,Role saves successfully and appears in the Roles and Permissions list.,Performed as expected.,,SV-7388
SP-SET-011,Integrations sub WITHHOLD — area hidden/blocked when settingsIntegrations OFF (parent ON),Integrations (settingsIntegrations),Medium,BLOCKED,3,Go to Administration > Staff. Assign the custom role to the test user.,Role is assigned; a role change forces logout of the test user.,Performed as expected.,,SV-7388
SP-SET-011,Integrations sub WITHHOLD — area hidden/blocked when settingsIntegrations OFF (parent ON),Integrations (settingsIntegrations),Medium,BLOCKED,4,"In a separate browser, log in as the test user.",Test user session starts with the newly assigned role in effect.,Performed as expected.,,SV-7388
SP-SET-011,Integrations sub WITHHOLD — area hidden/blocked when settingsIntegrations OFF (parent ON),Integrations (settingsIntegrations),Medium,BLOCKED,5,Look for Integrations under Administration.,Integrations settings are hidden / not available.,No settingsIntegrations permission exists and no Integrations sub-setting is present in the role editor (per build); the withhold case is not applicable/verifiable as specified.,No Integrations sub-setting in this build (documented).,SV-7388
SP-SET-011,Integrations sub WITHHOLD — area hidden/blocked when settingsIntegrations OFF (parent ON),Integrations (settingsIntegrations),Medium,BLOCKED,6,Attempt direct URL access to the Integrations settings area.,Access is blocked.,Not reached.,,SV-7388
SP-SET-016,View/Manage Wages sub GRANT — manage view/manage employee wage rates (sensitive),View/Manage Wages (settingsWages),High,BLOCKED,1,Go to Settings > Roles & Permissions (avatar menu → Settings → Roles & Permissions; URL /administration/roles-permissions) > Create Custom Role > start from minimal/blank baseline. (Step 1 is a 'Choose a template' dialog with Skip / Apply; the footer save button on the Create Role page is labelled 'Create'.),Create Custom Role editor opens with all toggles OFF (blank baseline).,Performed as expected.,,SV-7388
SP-SET-016,View/Manage Wages sub GRANT — manage view/manage employee wage rates (sensitive),View/Manage Wages (settingsWages),High,BLOCKED,2,"Set exactly these toggles: Settings parent ON; View/Manage Wages ON, all other subs OFF. Click Save.",Role saves successfully and appears in the Roles and Permissions list.,Performed as expected.,,SV-7388
SP-SET-016,View/Manage Wages sub GRANT — manage view/manage employee wage rates (sensitive),View/Manage Wages (settingsWages),High,BLOCKED,3,Go to Administration > Staff. Assign the custom role to the test user.,Role is assigned; a role change forces logout of the test user.,Performed as expected.,,SV-7388
SP-SET-016,View/Manage Wages sub GRANT — manage view/manage employee wage rates (sensitive),View/Manage Wages (settingsWages),High,BLOCKED,4,"In a separate browser, log in as the test user.",Test user session starts with the newly assigned role in effect.,Performed as expected.,,SV-7388
SP-SET-016,View/Manage Wages sub GRANT — manage view/manage employee wage rates (sensitive),View/Manage Wages (settingsWages),High,BLOCKED,5,Open Administration and navigate to View/Manage Wages.,Employee wage rates can be viewed/managed (sensitive).,"settingsWages ON in isolation lands the user on /home with no Administration section (wages is a sensitive field surfaced within Staff/Wages rather than a standalone nav section), so wage-management access could not be verified in isolation without settingsApp.","Wages is an in-Staff sensitive field, not a standalone section — not verifiable alone.",SV-7388
SP-SET-016,View/Manage Wages sub GRANT — manage view/manage employee wage rates (sensitive),View/Manage Wages (settingsWages),High,BLOCKED,6,Confirm other sub-setting areas are not accessible.,Only the enabled sub-setting is available; other subs remain hidden/blocked.,Not reached.,,SV-7388
SP-VM-003,Tech View restriction — No tech time field is shown,View Mode (viewMode) = tech,Medium,BLOCKED,1,Go to Settings > Roles & Permissions (avatar menu → Settings → Roles & Permissions; URL /administration/roles-permissions) > Create Custom Role > start from minimal/blank baseline. (Step 1 is a 'Choose a template' dialog with Skip / Apply; the footer save button on the Create Role page is labelled 'Create'.),Create Custom Role editor opens with all toggles OFF (blank baseline).,Performed as expected.,,SV-7388
SP-VM-003,Tech View restriction — No tech time field is shown,View Mode (viewMode) = tech,Medium,BLOCKED,2,Set exactly these toggles: View Mode = tech; WO View+Edit ON. Click Save.,Role saves successfully and appears in the Roles and Permissions list.,Performed as expected.,,SV-7388
SP-VM-003,Tech View restriction — No tech time field is shown,View Mode (viewMode) = tech,Medium,BLOCKED,3,Go to Administration > Staff. Assign the custom role to the test user.,Role is assigned; a role change forces logout of the test user.,Performed as expected.,,SV-7388
SP-VM-003,Tech View restriction — No tech time field is shown,View Mode (viewMode) = tech,Medium,BLOCKED,4,"In a separate browser, log in as the test user.",Test user session starts with the newly assigned role in effect.,Performed as expected.,,SV-7388
SP-VM-003,Tech View restriction — No tech time field is shown,View Mode (viewMode) = tech,Medium,BLOCKED,5,Inspect the WO line for a tech time input field.,There is no tech time field in Tech View.,"Tech view is active (Total Tech Hours shown, no Approve). Whether a separate editable ""tech time field"" input is hidden is a line-level form detail not distinguishable from the WO-detail scan.",Line-level field visibility not statically observable.,SV-7388
SP-VM-005,Tech View restriction — Cannot Send to Portal,View Mode (viewMode) = tech,High,BLOCKED,1,Go to Settings > Roles & Permissions (avatar menu → Settings → Roles & Permissions; URL /administration/roles-permissions) > Create Custom Role > start from minimal/blank baseline. (Step 1 is a 'Choose a template' dialog with Skip / Apply; the footer save button on the Create Role page is labelled 'Create'.),Create Custom Role editor opens with all toggles OFF (blank baseline).,Performed as expected.,,SV-7388
SP-VM-005,Tech View restriction — Cannot Send to Portal,View Mode (viewMode) = tech,High,BLOCKED,2,Set exactly these toggles: View Mode = tech; WO View+Edit ON. Click Save.,Role saves successfully and appears in the Roles and Permissions list.,Performed as expected.,,SV-7388
SP-VM-005,Tech View restriction — Cannot Send to Portal,View Mode (viewMode) = tech,High,BLOCKED,3,Go to Administration > Staff. Assign the custom role to the test user.,Role is assigned; a role change forces logout of the test user.,Performed as expected.,,SV-7388
SP-VM-005,Tech View restriction — Cannot Send to Portal,View Mode (viewMode) = tech,High,BLOCKED,4,"In a separate browser, log in as the test user.",Test user session starts with the newly assigned role in effect.,Performed as expected.,,SV-7388
SP-VM-005,Tech View restriction — Cannot Send to Portal,View Mode (viewMode) = tech,High,BLOCKED,5,Look for the Send to Portal button on the WO.,The Send to Portal button is not available in Tech View.,"A ""Send to Portal"" affordance was not located in either Full or Tech WO-detail scans (likely nested in an overflow/more menu), so the tech-view restriction could not be confirmed.",Send-to-Portal control not located in scan.,SV-7388
SP-VM-006,Tech View restriction — Cannot view labor rates,View Mode (viewMode) = tech,High,BLOCKED,1,Go to Settings > Roles & Permissions (avatar menu → Settings → Roles & Permissions; URL /administration/roles-permissions) > Create Custom Role > start from minimal/blank baseline. (Step 1 is a 'Choose a template' dialog with Skip / Apply; the footer save button on the Create Role page is labelled 'Create'.),Create Custom Role editor opens with all toggles OFF (blank baseline).,Performed as expected.,,SV-7388
SP-VM-006,Tech View restriction — Cannot view labor rates,View Mode (viewMode) = tech,High,BLOCKED,2,Set exactly these toggles: View Mode = tech; WO View+Edit ON. Click Save.,Role saves successfully and appears in the Roles and Permissions list.,Performed as expected.,,SV-7388
SP-VM-006,Tech View restriction — Cannot view labor rates,View Mode (viewMode) = tech,High,BLOCKED,3,Go to Administration > Staff. Assign the custom role to the test user.,Role is assigned; a role change forces logout of the test user.,Performed as expected.,,SV-7388
SP-VM-006,Tech View restriction — Cannot view labor rates,View Mode (viewMode) = tech,High,BLOCKED,4,"In a separate browser, log in as the test user.",Test user session starts with the newly assigned role in effect.,Performed as expected.,,SV-7388
SP-VM-006,Tech View restriction — Cannot view labor rates,View Mode (viewMode) = tech,High,BLOCKED,5,Look for labor rate values on the WO.,Labor rates are not viewable in Tech View.,"Labor-rate visibility could not be isolated to view mode in the WO-detail scan (labor rate is also gated by See Financial Data), so the tech-only restriction was not cleanly observable.",Labor-rate visibility not cleanly isolated to view mode.,SV-7388
SP-VM-007,Tech View restriction — Limited parts request form,View Mode (viewMode) = tech,Medium,BLOCKED,1,Go to Settings > Roles & Permissions (avatar menu → Settings → Roles & Permissions; URL /administration/roles-permissions) > Create Custom Role > start from minimal/blank baseline. (Step 1 is a 'Choose a template' dialog with Skip / Apply; the footer save button on the Create Role page is labelled 'Create'.),Create Custom Role editor opens with all toggles OFF (blank baseline).,Performed as expected.,,SV-7388
SP-VM-007,Tech View restriction — Limited parts request form,View Mode (viewMode) = tech,Medium,BLOCKED,2,Set exactly these toggles: View Mode = tech; WO View+Edit ON. Click Save.,Role saves successfully and appears in the Roles and Permissions list.,Performed as expected.,,SV-7388
SP-VM-007,Tech View restriction — Limited parts request form,View Mode (viewMode) = tech,Medium,BLOCKED,3,Go to Administration > Staff. Assign the custom role to the test user.,Role is assigned; a role change forces logout of the test user.,Performed as expected.,,SV-7388
SP-VM-007,Tech View restriction — Limited parts request form,View Mode (viewMode) = tech,Medium,BLOCKED,4,"In a separate browser, log in as the test user.",Test user session starts with the newly assigned role in effect.,Performed as expected.,,SV-7388
SP-VM-007,Tech View restriction — Limited parts request form,View Mode (viewMode) = tech,Medium,BLOCKED,5,Open the parts request form from the WO.,Tech View presents the limited parts request form (not the full form).,The tech-limited parts-request form is a modal reached through the parts add flow and was not opened non-destructively within budget.,Parts-request form modal not opened.,SV-7388
SP-VM-008,Tech View restriction — Cannot edit existing WO lines (create-only),View Mode (viewMode) = tech,Medium,BLOCKED,1,Go to Settings > Roles & Permissions (avatar menu → Settings → Roles & Permissions; URL /administration/roles-permissions) > Create Custom Role > start from minimal/blank baseline. (Step 1 is a 'Choose a template' dialog with Skip / Apply; the footer save button on the Create Role page is labelled 'Create'.),Create Custom Role editor opens with all toggles OFF (blank baseline).,Performed as expected.,,SV-7388
SP-VM-008,Tech View restriction — Cannot edit existing WO lines (create-only),View Mode (viewMode) = tech,Medium,BLOCKED,2,Set exactly these toggles: View Mode = tech; WO View+Edit ON. Click Save.,Role saves successfully and appears in the Roles and Permissions list.,Performed as expected.,,SV-7388
SP-VM-008,Tech View restriction — Cannot edit existing WO lines (create-only),View Mode (viewMode) = tech,Medium,BLOCKED,3,Go to Administration > Staff. Assign the custom role to the test user.,Role is assigned; a role change forces logout of the test user.,Performed as expected.,,SV-7388
SP-VM-008,Tech View restriction — Cannot edit existing WO lines (create-only),View Mode (viewMode) = tech,Medium,BLOCKED,4,"In a separate browser, log in as the test user.",Test user session starts with the newly assigned role in effect.,Performed as expected.,,SV-7388
SP-VM-008,Tech View restriction — Cannot edit existing WO lines (create-only),View Mode (viewMode) = tech,Medium,BLOCKED,5,"Attempt to edit an existing WO line, then attempt to create a new line.",Editing existing WO lines is blocked; only creating new lines is allowed (create-only) in Tech View.,"Tech view allows creating new lines (New Line present); the create-only vs edit-existing distinction requires editing an existing line inline and observing block, which was not automatable non-destructively.",Edit-existing-line restriction not statically observable.,SV-7388
SP-VM-009,Tech View restriction — WO lines read-only after approval,View Mode (viewMode) = tech,Medium,BLOCKED,1,Go to Settings > Roles & Permissions (avatar menu → Settings → Roles & Permissions; URL /administration/roles-permissions) > Create Custom Role > start from minimal/blank baseline. (Step 1 is a 'Choose a template' dialog with Skip / Apply; the footer save button on the Create Role page is labelled 'Create'.),Create Custom Role editor opens with all toggles OFF (blank baseline).,Performed as expected.,,SV-7388
SP-VM-009,Tech View restriction — WO lines read-only after approval,View Mode (viewMode) = tech,Medium,BLOCKED,2,Set exactly these toggles: View Mode = tech; WO View+Edit ON. Click Save.,Role saves successfully and appears in the Roles and Permissions list.,Performed as expected.,,SV-7388
SP-VM-009,Tech View restriction — WO lines read-only after approval,View Mode (viewMode) = tech,Medium,BLOCKED,3,Go to Administration > Staff. Assign the custom role to the test user.,Role is assigned; a role change forces logout of the test user.,Performed as expected.,,SV-7388
SP-VM-009,Tech View restriction — WO lines read-only after approval,View Mode (viewMode) = tech,Medium,BLOCKED,4,"In a separate browser, log in as the test user.",Test user session starts with the newly assigned role in effect.,Performed as expected.,,SV-7388
SP-VM-009,Tech View restriction — WO lines read-only after approval,View Mode (viewMode) = tech,Medium,BLOCKED,5,Open a WO whose lines have been approved and attempt to modify an approved line.,Approved WO lines are read-only in Tech View.,"The ""lines read-only after approval"" state requires a line in approved state and an edit attempt; not observable without mutating data.",Post-approval read-only state not observable non-destructively.,SV-7388
SP-VM-010,Send to Portal appears only in Full View (not Tech) — comparison,View Mode (viewMode),High,BLOCKED,1,"Go to Settings > Roles & Permissions (avatar menu → Settings → Roles & Permissions; URL /administration/roles-permissions) > Create Custom Role > start from minimal/blank baseline. Create role A: View Mode = full, WO View+Edit ON. Save. (Step 1 is a 'Choose a template' dialog with Skip / Apply; the footer save button on the Create Role page is labelled 'Create'.)",Role A saved.,Performed as expected.,,SV-7388
SP-VM-010,Send to Portal appears only in Full View (not Tech) — comparison,View Mode (viewMode),High,BLOCKED,2,"Create role B: View Mode = tech, WO View+Edit ON. Save.",Role B saved.,"Comparison hinges on the ""Send to Portal"" control, which was not located in Full or Tech WO-detail scans (overflow menu); could not confirm presence-in-full / absence-in-tech.",Depends on unlocated Send-to-Portal control.,SV-7388
SP-VM-010,Send to Portal appears only in Full View (not Tech) — comparison,View Mode (viewMode),High,BLOCKED,3,Assign role A to user A and role B to user B via Administration > Staff.,Both users have their roles; role changes force logout.,Not reached.,,SV-7388
SP-VM-010,Send to Portal appears only in Full View (not Tech) — comparison,View Mode (viewMode),High,BLOCKED,4,Log in as user A (Full) and open WO-VM-CMP-001; check for Send to Portal.,Send to Portal button is present in Full View.,Not reached.,,SV-7388
SP-VM-010,Send to Portal appears only in Full View (not Tech) — comparison,View Mode (viewMode),High,BLOCKED,5,Log in as user B (Tech) and open WO-VM-CMP-001; check for Send to Portal.,Send to Portal button is absent in Tech View.,Not reached.,,SV-7388
SP-FIN-004,Financial gate — enabling Part Sales CRUD while Financial OFF triggers confirm modal,See Financial Data (seeFinancialData) — gates Part Sales,Critical,BLOCKED,1,Go to Settings > Roles & Permissions (avatar menu → Settings → Roles & Permissions; URL /administration/roles-permissions) > Create Custom Role > start from minimal/blank baseline. Confirm See Financial Data is OFF. (Step 1 is a 'Choose a template' dialog with Skip / Apply; the footer save button on the Create Role page is labelled 'Create'.),Editor open; See Financial Data OFF.,Performed as expected.,,SV-7388
SP-FIN-004,Financial gate — enabling Part Sales CRUD while Financial OFF triggers confirm modal,See Financial Data (seeFinancialData) — gates Part Sales,Critical,BLOCKED,2,Enable Part Sales CRUD (e.g. Part Sales create/edit).,"A financial confirm modal appears. Actual (VIU-11): title ""Enable See Financial Data?""; body ""Part Sales requires See Financial Data. Enable it to grant this permission?""; buttons ""Cancel"" / ""Enable"". Cancel reverts the checkbox. [Build-vs-spec: spec wording differed — see VIU-11.]","Triggering the financial confirm modal requires toggling Part Sales CRUD in the virtualized role-editor grid; the editor re-renders inconsistently and the modal could not be triggered/observed reliably within the 2-try, non-destructive budget.",Editor confirm-modal interaction not reliably automatable here.,SV-7388
SP-FIN-004,Financial gate — enabling Part Sales CRUD while Financial OFF triggers confirm modal,See Financial Data (seeFinancialData) — gates Part Sales,Critical,BLOCKED,3,Confirm the modal to enable See Financial Data.,See Financial Data is enabled along with the Part Sales CRUD selection.,Not reached.,,SV-7388
SP-FIN-005,Financial gate — enabling Invoicing CRUD while Financial OFF triggers confirm modal,See Financial Data (seeFinancialData) — gates Invoicing,Critical,BLOCKED,1,Go to Settings > Roles & Permissions (avatar menu → Settings → Roles & Permissions; URL /administration/roles-permissions) > Create Custom Role > start from minimal/blank baseline. Confirm See Financial Data is OFF. (Step 1 is a 'Choose a template' dialog with Skip / Apply; the footer save button on the Create Role page is labelled 'Create'.),Editor open; See Financial Data OFF.,Performed as expected.,,SV-7388
SP-FIN-005,Financial gate — enabling Invoicing CRUD while Financial OFF triggers confirm modal,See Financial Data (seeFinancialData) — gates Invoicing,Critical,BLOCKED,2,Enable Invoicing CRUD.,"A financial confirm modal appears. Actual (VIU-11): title ""Enable See Financial Data?""; body ""Invoicing & Payments requires See Financial Data. Enable it to grant this permission?""; buttons ""Cancel"" / ""Enable"". Cancel reverts the checkbox. [Build-vs-spec: spec wording differed — see VIU-11.]",Same as SP-FIN-004: the Invoicing-CRUD financial confirm modal is an editor interaction not reliably drivable in the virtualized editor grid within budget.,Editor confirm-modal interaction not reliably automatable here.,SV-7388
SP-FIN-005,Financial gate — enabling Invoicing CRUD while Financial OFF triggers confirm modal,See Financial Data (seeFinancialData) — gates Invoicing,Critical,BLOCKED,3,Dismiss/cancel the modal.,Cancelling leaves See Financial Data OFF and Invoicing CRUD not enabled (per spec gate behavior).,Not reached.,,SV-7388
SP-FIN-006,Security — no financial leak in Receive Part modal when Financial OFF (SV-7973),See Financial Data (seeFinancialData),Critical,BLOCKED,1,Go to Settings > Roles & Permissions (avatar menu → Settings → Roles & Permissions; URL /administration/roles-permissions) > Create Custom Role > start from minimal/blank baseline. (Step 1 is a 'Choose a template' dialog with Skip / Apply; the footer save button on the Create Role page is labelled 'Create'.),Create Custom Role editor opens with all toggles OFF (blank baseline).,Performed as expected.,,SV-7973
SP-FIN-006,Security — no financial leak in Receive Part modal when Financial OFF (SV-7973),See Financial Data (seeFinancialData),Critical,BLOCKED,2,Set exactly these toggles: See Financial Data OFF; WO View ON; Order Parts ON. Click Save.,Role saves successfully and appears in the Roles and Permissions list.,Performed as expected.,,SV-7973
SP-FIN-006,Security — no financial leak in Receive Part modal when Financial OFF (SV-7973),See Financial Data (seeFinancialData),Critical,BLOCKED,3,Go to Administration > Staff. Assign the custom role to the test user.,Role is assigned; a role change forces logout of the test user.,Performed as expected.,,SV-7973
SP-FIN-006,Security — no financial leak in Receive Part modal when Financial OFF (SV-7973),See Financial Data (seeFinancialData),Critical,BLOCKED,4,"In a separate browser, log in as the test user.",Test user session starts with the newly assigned role in effect.,Performed as expected.,,SV-7973
SP-FIN-006,Security — no financial leak in Receive Part modal when Financial OFF (SV-7973),See Financial Data (seeFinancialData),Critical,BLOCKED,5,Open the Receive Part modal for the WO part delivery.,The Receive Part modal shows no financial data (no cost/price/margin fields) because See Financial Data is OFF — no financial leak.,"Regression check requires opening the Receive Part modal on a WO PO line (Order Parts ON, Financial OFF) and inspecting it for financial leakage; the modal is reached through a stateful parts-receiving flow not automatable non-destructively here. Role hydrated correctly (seeFinancialData OFF, woOrderParts ON).",Receive Part modal not opened non-destructively (SV-7973 guard).,SV-7973
SP-APAR-001,"Manage AP/AR GRANT — Unpaid/Payments/Credits tabs, aging reports, bulk payments",View and Manage AP/AR Data (seeApArData),High,BLOCKED,1,Go to Settings > Roles & Permissions (avatar menu → Settings → Roles & Permissions; URL /administration/roles-permissions) > Create Custom Role > start from minimal/blank baseline. (Step 1 is a 'Choose a template' dialog with Skip / Apply; the footer save button on the Create Role page is labelled 'Create'.),Create Custom Role editor opens with all toggles OFF (blank baseline).,Performed as expected.,,SV-7388
SP-APAR-001,"Manage AP/AR GRANT — Unpaid/Payments/Credits tabs, aging reports, bulk payments",View and Manage AP/AR Data (seeApArData),High,BLOCKED,2,Set exactly these toggles: View and Manage AP/AR Data ON; Reports ON; Customer/Vendor View ON. Click Save.,Role saves successfully and appears in the Roles and Permissions list.,Performed as expected.,,SV-7388
SP-APAR-001,"Manage AP/AR GRANT — Unpaid/Payments/Credits tabs, aging reports, bulk payments",View and Manage AP/AR Data (seeApArData),High,BLOCKED,3,Go to Administration > Staff. Assign the custom role to the test user.,Role is assigned; a role change forces logout of the test user.,Performed as expected.,,SV-7388
SP-APAR-001,"Manage AP/AR GRANT — Unpaid/Payments/Credits tabs, aging reports, bulk payments",View and Manage AP/AR Data (seeApArData),High,BLOCKED,4,"In a separate browser, log in as the test user.",Test user session starts with the newly assigned role in effect.,Performed as expected.,,SV-7388
SP-APAR-001,"Manage AP/AR GRANT — Unpaid/Payments/Credits tabs, aging reports, bulk payments",View and Manage AP/AR Data (seeApArData),High,BLOCKED,5,Open the Customer and Vendor detail pages.,"Unpaid Invoices, Payments, and Credits tabs are visible on both detail pages.","seeApArData hydrated ON, but the AP/AR surface (Unpaid/Payments/Credits tabs, aging, bulk payments) lives under Invoicing, and /invoicing returns 404 for this role set in staging — the AP/AR UI was not reachable to confirm the tabs/reports.",AP/AR UI (invoicing) not reachable in build to verify grant.,SV-7388
SP-APAR-001,"Manage AP/AR GRANT — Unpaid/Payments/Credits tabs, aging reports, bulk payments",View and Manage AP/AR Data (seeApArData),High,BLOCKED,6,"Open Reports and locate AR Aging (Summary/Detail/Collection) and AP Aging (Summary/Detail, AP Unpaid Invoices).",AR and AP aging reports are available.,Not reached.,,SV-7388
SP-APAR-001,"Manage AP/AR GRANT — Unpaid/Payments/Credits tabs, aging reports, bulk payments",View and Manage AP/AR Data (seeApArData),High,BLOCKED,7,"From the Unpaid Invoices tab, initiate a bulk payment.",Bulk payments from the Unpaid Invoices tab are available.,Not reached.,,SV-7388
SP-APAR-002,"Manage AP/AR WITHHOLD — tabs, aging reports, and bulk payments hidden when OFF",View and Manage AP/AR Data (seeApArData),High,BLOCKED,1,Go to Settings > Roles & Permissions (avatar menu → Settings → Roles & Permissions; URL /administration/roles-permissions) > Create Custom Role > start from minimal/blank baseline. (Step 1 is a 'Choose a template' dialog with Skip / Apply; the footer save button on the Create Role page is labelled 'Create'.),Create Custom Role editor opens with all toggles OFF (blank baseline).,Performed as expected.,,SV-7388
SP-APAR-002,"Manage AP/AR WITHHOLD — tabs, aging reports, and bulk payments hidden when OFF",View and Manage AP/AR Data (seeApArData),High,BLOCKED,2,Set exactly these toggles: View and Manage AP/AR Data OFF; Reports ON; Customer/Vendor View ON. Click Save.,Role saves successfully and appears in the Roles and Permissions list.,Performed as expected.,,SV-7388
SP-APAR-002,"Manage AP/AR WITHHOLD — tabs, aging reports, and bulk payments hidden when OFF",View and Manage AP/AR Data (seeApArData),High,BLOCKED,3,Go to Administration > Staff. Assign the custom role to the test user.,Role is assigned; a role change forces logout of the test user.,Performed as expected.,,SV-7388
SP-APAR-002,"Manage AP/AR WITHHOLD — tabs, aging reports, and bulk payments hidden when OFF",View and Manage AP/AR Data (seeApArData),High,BLOCKED,4,"In a separate browser, log in as the test user.",Test user session starts with the newly assigned role in effect.,Performed as expected.,,SV-7388
SP-APAR-002,"Manage AP/AR WITHHOLD — tabs, aging reports, and bulk payments hidden when OFF",View and Manage AP/AR Data (seeApArData),High,BLOCKED,5,Open the Customer and Vendor detail pages.,"Unpaid Invoices, Payments, and Credits tabs are hidden.","seeApArData OFF, but the Invoicing/AP-AR surface is unreachable (/invoicing 404) for this role set, so the hidden-vs-shown distinction for AP/AR tabs could not be observed.",AP/AR UI unreachable to verify withhold.,SV-7388
SP-APAR-002,"Manage AP/AR WITHHOLD — tabs, aging reports, and bulk payments hidden when OFF",View and Manage AP/AR Data (seeApArData),High,BLOCKED,6,Open Reports and look for AR/AP aging reports.,AR and AP aging reports are not available.,Not reached.,,SV-7388
SP-APAR-003,Manage AP/AR sensitive customer fields — Edit Customer modal + Customer Overview panel,View and Manage AP/AR Data (seeApArData),High,BLOCKED,1,"Go to Settings > Roles & Permissions (avatar menu → Settings → Roles & Permissions; URL /administration/roles-permissions) > Create Custom Role > start from minimal/blank baseline. Create role A: View and Manage AP/AR Data ON, Customer View+Edit ON. Save. (Step 1 is a 'Choose a template' dialog with Skip / Apply; the footer save button on the Create Role page is labelled 'Create'.)",Role A saved.,Performed as expected.,,SV-7388
SP-APAR-003,Manage AP/AR sensitive customer fields — Edit Customer modal + Customer Overview panel,View and Manage AP/AR Data (seeApArData),High,BLOCKED,2,"Create role B: View and Manage AP/AR Data OFF, Customer View+Edit ON. Save. Assign roles to users A and B.",Roles assigned; role changes force logout.,Verifying sensitive customer fields requires opening the Edit Customer modal and Customer Overview panel and diffing fields between apar ON/OFF roles; the field-level modal diff was not automatable non-destructively within budget.,Edit-Customer modal field diff not automatable here.,SV-7388
SP-APAR-003,Manage AP/AR sensitive customer fields — Edit Customer modal + Customer Overview panel,View and Manage AP/AR Data (seeApArData),High,BLOCKED,3,"As user A, open the Edit Customer modal and Customer Overview panel for CUST-APAR-SENS.","Sensitive fields are shown: Credit Terms, Credit Limit, Default Labor Rate, Default Shop Supplies, Min/Max, Taxes, PO is Required.",Not reached.,,SV-7388
SP-APAR-003,Manage AP/AR sensitive customer fields — Edit Customer modal + Customer Overview panel,View and Manage AP/AR Data (seeApArData),High,BLOCKED,4,"As user B, open the Edit Customer modal and Customer Overview panel for CUST-APAR-SENS.","The sensitive fields (Credit Terms, Credit Limit, Default Labor Rate, Default Shop Supplies, Min/Max, Taxes, PO is Required) are hidden.",Not reached.,,SV-7388
SP-APAR-005,"Manage AP/AR does NOT gate CRUD, but Invoicing Delete additionally requires it",View and Manage AP/AR Data (seeApArData) — gates Invoicing Delete,High,BLOCKED,1,Go to Settings > Roles & Permissions (avatar menu → Settings → Roles & Permissions; URL /administration/roles-permissions) > Create Custom Role > start from minimal/blank baseline. (Step 1 is a 'Choose a template' dialog with Skip / Apply; the footer save button on the Create Role page is labelled 'Create'.),Create Custom Role editor opens with all toggles OFF (blank baseline).,Performed as expected.,,SV-7388
SP-APAR-005,"Manage AP/AR does NOT gate CRUD, but Invoicing Delete additionally requires it",View and Manage AP/AR Data (seeApArData) — gates Invoicing Delete,High,BLOCKED,2,Set exactly these toggles: See Financial Data ON; Invoicing View+Edit+Delete ON; View and Manage AP/AR Data OFF. Click Save.,Role saves successfully and appears in the Roles and Permissions list.,Performed as expected.,,SV-7388
SP-APAR-005,"Manage AP/AR does NOT gate CRUD, but Invoicing Delete additionally requires it",View and Manage AP/AR Data (seeApArData) — gates Invoicing Delete,High,BLOCKED,3,Go to Administration > Staff. Assign the custom role to the test user.,Role is assigned; a role change forces logout of the test user.,Performed as expected.,,SV-7388
SP-APAR-005,"Manage AP/AR does NOT gate CRUD, but Invoicing Delete additionally requires it",View and Manage AP/AR Data (seeApArData) — gates Invoicing Delete,High,BLOCKED,4,"In a separate browser, log in as the test user.",Test user session starts with the newly assigned role in effect.,Performed as expected.,,SV-7388
SP-APAR-005,"Manage AP/AR does NOT gate CRUD, but Invoicing Delete additionally requires it",View and Manage AP/AR Data (seeApArData) — gates Invoicing Delete,High,BLOCKED,5,Open Invoice INV-APAR-DEL-001 and confirm non-delete invoicing operations work (AP/AR does not gate general CRUD).,General invoicing CRUD operations work despite AP/AR being OFF.,"Confirming that Invoicing Delete additionally requires AP/AR (while general CRUD does not) requires attempting an invoice delete, which is destructive and out of scope; the invoicing UI is also unreachable for this role.",Invoice-delete gating not verifiable non-destructively.,SV-7388
SP-APAR-005,"Manage AP/AR does NOT gate CRUD, but Invoicing Delete additionally requires it",View and Manage AP/AR Data (seeApArData) — gates Invoicing Delete,High,BLOCKED,6,Attempt to delete the invoice.,"Invoicing Delete is blocked/gated because it additionally requires View and Manage AP/AR Data, which is OFF (verify any gate/confirm modal wording against the build; do not assume text).",Not reached.,,SV-7388
SP-HIST-001,View History Logs GRANT — history/audit logs shown app-wide,View History Logs (viewHistoryLogs),Medium,BLOCKED,1,Go to Settings > Roles & Permissions (avatar menu → Settings → Roles & Permissions; URL /administration/roles-permissions) > Create Custom Role > start from minimal/blank baseline. (Step 1 is a 'Choose a template' dialog with Skip / Apply; the footer save button on the Create Role page is labelled 'Create'.),Create Custom Role editor opens with all toggles OFF (blank baseline).,Performed as expected.,,SV-7388
SP-HIST-001,View History Logs GRANT — history/audit logs shown app-wide,View History Logs (viewHistoryLogs),Medium,BLOCKED,2,Set exactly these toggles: View History Logs ON; WO View ON; Parts Department + children View ON. Click Save.,Role saves successfully and appears in the Roles and Permissions list.,Performed as expected.,,SV-7388
SP-HIST-001,View History Logs GRANT — history/audit logs shown app-wide,View History Logs (viewHistoryLogs),Medium,BLOCKED,3,Go to Administration > Staff. Assign the custom role to the test user.,Role is assigned; a role change forces logout of the test user.,Performed as expected.,,SV-7388
SP-HIST-001,View History Logs GRANT — history/audit logs shown app-wide,View History Logs (viewHistoryLogs),Medium,BLOCKED,4,"In a separate browser, log in as the test user.",Test user session starts with the newly assigned role in effect.,Performed as expected.,,SV-7388
SP-HIST-001,View History Logs GRANT — history/audit logs shown app-wide,View History Logs (viewHistoryLogs),Medium,BLOCKED,5,Open a WO and locate the WO history/audit log; open part sales and parts order records and locate their history logs.,"History/audit logs (WO history, part sales history, parts order history) are visible.","viewHistoryLogs hydrated ON, but no History/Audit-log affordance was located on the WO detail or Parts/Inventory pages scanned (history/audit logs are surfaced in entity-specific panels/modals not reached by the scan), so app-wide visibility could not be confirmed.",History-log UI not located in scanned pages.,SV-7388
SP-HIST-002,View History Logs WITHHOLD — history/audit logs hidden app-wide when OFF,View History Logs (viewHistoryLogs),Medium,BLOCKED,1,Go to Settings > Roles & Permissions (avatar menu → Settings → Roles & Permissions; URL /administration/roles-permissions) > Create Custom Role > start from minimal/blank baseline. (Step 1 is a 'Choose a template' dialog with Skip / Apply; the footer save button on the Create Role page is labelled 'Create'.),Create Custom Role editor opens with all toggles OFF (blank baseline).,Performed as expected.,,SV-7388
SP-HIST-002,View History Logs WITHHOLD — history/audit logs hidden app-wide when OFF,View History Logs (viewHistoryLogs),Medium,BLOCKED,2,Set exactly these toggles: View History Logs OFF; WO View ON; Parts Department + children View ON. Click Save.,Role saves successfully and appears in the Roles and Permissions list.,Performed as expected.,,SV-7388
SP-HIST-002,View History Logs WITHHOLD — history/audit logs hidden app-wide when OFF,View History Logs (viewHistoryLogs),Medium,BLOCKED,3,Go to Administration > Staff. Assign the custom role to the test user.,Role is assigned; a role change forces logout of the test user.,Performed as expected.,,SV-7388
SP-HIST-002,View History Logs WITHHOLD — history/audit logs hidden app-wide when OFF,View History Logs (viewHistoryLogs),Medium,BLOCKED,4,"In a separate browser, log in as the test user.",Test user session starts with the newly assigned role in effect.,Performed as expected.,,SV-7388
SP-HIST-002,View History Logs WITHHOLD — history/audit logs hidden app-wide when OFF,View History Logs (viewHistoryLogs),Medium,BLOCKED,5,Open a WO and look for the WO history/audit log; open part sales and parts order records and look for their history logs.,"History/audit logs are hidden everywhere (WO history, part sales history, parts order history absent).",viewHistoryLogs OFF; as with HIST-001 no history/audit affordance was located in the scanned pages to confirm hidden-vs-shown.,History-log UI not located in scanned pages.,SV-7388
TE-ADMIN-001,Administrator: cannot be edited to lose Administration-pages access,Access Administration pages,Critical,BLOCKED,1,Go to Settings > Roles & Permissions (avatar menu → Settings → Roles & Permissions; URL /administration/roles-permissions) > Create Custom Role. (Step 1 is a 'Choose a template' dialog with Skip / Apply; the footer save button on the Create Role page is labelled 'Create'.),Create Custom Role screen opens with a template selector.,Performed as expected.,,SV-7501
TE-ADMIN-001,Administrator: cannot be edited to lose Administration-pages access,Access Administration pages,Critical,BLOCKED,2,Select the 'Administrator' system template.,All permission settings pre-fill from the 'Administrator' template; the source template is recorded on the role.,Performed as expected.,,SV-7501
TE-ADMIN-001,Administrator: cannot be edited to lose Administration-pages access,Access Administration pages,Critical,BLOCKED,3,Change: attempt to disable 'Access Administration pages' (Roles & Permissions / Staff / Settings).,The changed toggle(s) reflect the new state; all other settings remain at template default.,Performed as expected.,,SV-7501
TE-ADMIN-001,Administrator: cannot be edited to lose Administration-pages access,Access Administration pages,Critical,BLOCKED,4,Attempt to turn OFF the Administration-pages access toggle and Save.,The Admin-pages access toggle is locked/cannot be disabled for a role sourced from Administrator; Save is blocked or the toggle reverts with a validation message.,"Choosing the Administrator template pre-fills the editor with all 42 permissions and shows a guard banner: ""Full administrative access - This role has every permission enabled, giving it full administrative access. Make sure this is intended before saving."" No discrete ""Access Administration pages"" permission exists in the catalog (settings access is split across settingsApp/Service/Finance/Parts/Wages/DataImport), so the specific locked/revert toggle described could not be located or exercised.","Template-apply pre-fill from Administrator verified (all perms enabled + full-admin guard banner, footer button labelled ""Create""). The exact ""Admin-pages access"" lock/revert-on-save behavior is not represented as a single toggle in this build; not confirmable without a matching permission. 2 focused editor attempts made.",SV-7501
TE-SM-005,Service Manager: enable Timesheets > Delete,Timesheets > Delete,Low,BLOCKED,1,Go to Settings > Roles & Permissions (avatar menu → Settings → Roles & Permissions; URL /administration/roles-permissions) > Create Custom Role. (Step 1 is a 'Choose a template' dialog with Skip / Apply; the footer save button on the Create Role page is labelled 'Create'.),Create Custom Role screen opens with a template selector.,Performed as expected.,,SV-7501
TE-SM-005,Service Manager: enable Timesheets > Delete,Timesheets > Delete,Low,BLOCKED,2,Select the 'Service Manager' system template.,All permission settings pre-fill from the 'Service Manager' template; the source template is recorded on the role.,Performed as expected.,,SV-7501
TE-SM-005,Service Manager: enable Timesheets > Delete,Timesheets > Delete,Low,BLOCKED,3,Change: enable Timesheets > Delete (template had V/E).,The changed toggle(s) reflect the new state; all other settings remain at template default.,Performed as expected.,,SV-7501
TE-SM-005,Service Manager: enable Timesheets > Delete,Timesheets > Delete,Low,BLOCKED,4,Click Create to create the custom role.,Role saves successfully; only the intended delta differs from the template.,Performed as expected.,,SV-7501
TE-SM-005,Service Manager: enable Timesheets > Delete,Timesheets > Delete,Low,BLOCKED,5,Go to Administration > Staff and assign the new custom role to the test user.,Role is assigned; the user is forced to log out (role change forces logout).,Performed as expected.,,SV-7501
TE-SM-005,Service Manager: enable Timesheets > Delete,Timesheets > Delete,Low,BLOCKED,6,"In a separate browser, log in as the test user.",Login succeeds with the new custom role applied.,Performed as expected.,,SV-7501
TE-SM-005,Service Manager: enable Timesheets > Delete,Timesheets > Delete,Low,BLOCKED,7,Verify the delta: attempt to delete a timesheet as the user.,User can delete Timesheets.,No 'Timesheets Delete' permission exists in the product. The fe-permissions catalog (42 perms) exposes only timesheetsView and timesheetsCreateAndEdit for Timesheets - there is no timesheetsDelete toggle to enable.,"Unverifiable: the Timesheets group has no Delete permission in the product, so the described toggle cannot be set. Likely test-case/spec defect.",SV-7501
TE-SM-005,Service Manager: enable Timesheets > Delete,Timesheets > Delete,Low,BLOCKED,8,Verify the rest of the template is intact: all other Service Manager access is unchanged.,All other capabilities match the source template exactly; no unintended access was gained or lost.,Not reached.,,SV-7501
DI-003,Administrator - C. Add multiple inspection templates to one line,Custom Roles and Permissions > Digital Inspections > Administrator,Medium,BLOCKED,1,Log in.,Login succeeds.,Performed as expected.,,SV-7509
DI-003,Administrator - C. Add multiple inspection templates to one line,Custom Roles and Permissions > Digital Inspections > Administrator,Medium,BLOCKED,2,Add an inspection template to a line.,"First inspection added (""Inspection added to line."").","NOT EXECUTED. Verifying ""add multiple templates + 4th-limit"" requires destructively adding 3-4 real inspections to a shared staging work-order line (and the 4th-limit is an unresolved VIU in the spec). Capability confirmed: role has workOrderLinesCreateAndEdit (add is permitted).",BLOCKED reason: destructive mutation of shared staging data + spec VIU (max-per-line unspecified). Add-capability confirmed via permission.,SV-7509
DI-003,Administrator - C. Add multiple inspection templates to one line,Custom Roles and Permissions > Digital Inspections > Administrator,Medium,BLOCKED,3,Add a second and third template to the same line.,Second and third inspections added to the same line.,Not reached.,,SV-7509
DI-003,Administrator - C. Add multiple inspection templates to one line,Custom Roles and Permissions > Digital Inspections > Administrator,Medium,BLOCKED,4,Attempt to add a fourth.,VIU - spec does not state a maximum; build observed up to 3 per line. Confirm whether a 4th is prevented.,Not reached.,,SV-7509
DI-005,Administrator - E. Complete an inspection (Submit and Generate Report),Custom Roles and Permissions > Digital Inspections > Administrator,Medium,BLOCKED,1,Log in.,Login succeeds.,Performed as expected.,,SV-7509
DI-005,Administrator - E. Complete an inspection (Submit and Generate Report),Custom Roles and Permissions > Digital Inspections > Administrator,Medium,BLOCKED,2,Open an in-progress inspection.,,"NOT EXECUTED. Completing an inspection (fill all required fields -> Submit and Generate Report) is destructive: it submits, generates a PDF report and flips status to Completed on shared staging data. Capability confirmed: role has workOrderLinesCreateAndEdit.",BLOCKED reason: destructive (generates real PDF report / status change on shared staging). Submit-capability confirmed via permission.,SV-7509
DI-005,Administrator - E. Complete an inspection (Submit and Generate Report),Custom Roles and Permissions > Digital Inspections > Administrator,Medium,BLOCKED,3,Fill all required fields.,"With no required field outstanding, the Submit and Generate Report button is visible and clickable.",Not reached.,,SV-7509
DI-005,Administrator - E. Complete an inspection (Submit and Generate Report),Custom Roles and Permissions > Digital Inspections > Administrator,Medium,BLOCKED,4,Click Submit and Generate Report.,"The inspection is submitted, a report is generated, and status becomes ""Completed"".",Not reached.,,SV-7509
DI-006,Administrator - F. Inspection at 100 percent but not submitted shows Open,Custom Roles and Permissions > Digital Inspections > Administrator,Medium,BLOCKED,1,Log in.,Login succeeds.,Performed as expected.,,SV-7509
DI-006,Administrator - F. Inspection at 100 percent but not submitted shows Open,Custom Roles and Permissions > Digital Inspections > Administrator,Medium,BLOCKED,2,Fill all inspection items to 100 percent but do NOT click Submit and Generate Report.,All items show filled (100 percent).,"NOT EXECUTED. Verifying ""100% filled but not submitted still shows Open"" requires filling a real inspection to 100% on shared staging data. Capability confirmed: role has workOrderLinesCreateAndEdit.",BLOCKED reason: requires destructive fill of a real inspection to 100% on shared staging.,SV-7509
DI-006,Administrator - F. Inspection at 100 percent but not submitted shows Open,Custom Roles and Permissions > Digital Inspections > Administrator,Medium,BLOCKED,3,Observe the inspection status on the line.,"The inspection still shows ""Open"" (not ""Completed"") because Submit and Generate Report has not been clicked.",Not reached.,,SV-7509
DI-014,Service Manager - C. Add multiple inspection templates to one line,Custom Roles and Permissions > Digital Inspections > Service Manager,Medium,BLOCKED,1,Log in.,Login succeeds.,Performed as expected.,,SV-7509
DI-014,Service Manager - C. Add multiple inspection templates to one line,Custom Roles and Permissions > Digital Inspections > Service Manager,Medium,BLOCKED,2,Add an inspection template to a line.,"First inspection added (""Inspection added to line."").","NOT EXECUTED. Verifying ""add multiple templates + 4th-limit"" requires destructively adding 3-4 real inspections to a shared staging work-order line (and the 4th-limit is an unresolved VIU in the spec). Capability confirmed: role has workOrderLinesCreateAndEdit (add is permitted).",BLOCKED reason: destructive mutation of shared staging data + spec VIU (max-per-line unspecified). Add-capability confirmed via permission.,SV-7509
DI-014,Service Manager - C. Add multiple inspection templates to one line,Custom Roles and Permissions > Digital Inspections > Service Manager,Medium,BLOCKED,3,Add a second and third template to the same line.,Second and third inspections added to the same line.,Not reached.,,SV-7509
DI-014,Service Manager - C. Add multiple inspection templates to one line,Custom Roles and Permissions > Digital Inspections > Service Manager,Medium,BLOCKED,4,Attempt to add a fourth.,VIU - spec does not state a maximum; build observed up to 3 per line. Confirm whether a 4th is prevented.,Not reached.,,SV-7509
DI-016,Service Manager - E. Complete an inspection (Submit and Generate Report),Custom Roles and Permissions > Digital Inspections > Service Manager,Medium,BLOCKED,1,Log in.,Login succeeds.,Performed as expected.,,SV-7509
DI-016,Service Manager - E. Complete an inspection (Submit and Generate Report),Custom Roles and Permissions > Digital Inspections > Service Manager,Medium,BLOCKED,2,Open an in-progress inspection.,,"NOT EXECUTED. Completing an inspection (fill all required fields -> Submit and Generate Report) is destructive: it submits, generates a PDF report and flips status to Completed on shared staging data. Capability confirmed: role has workOrderLinesCreateAndEdit.",BLOCKED reason: destructive (generates real PDF report / status change on shared staging). Submit-capability confirmed via permission.,SV-7509
DI-016,Service Manager - E. Complete an inspection (Submit and Generate Report),Custom Roles and Permissions > Digital Inspections > Service Manager,Medium,BLOCKED,3,Fill all required fields.,"With no required field outstanding, the Submit and Generate Report button is visible and clickable.",Not reached.,,SV-7509
DI-016,Service Manager - E. Complete an inspection (Submit and Generate Report),Custom Roles and Permissions > Digital Inspections > Service Manager,Medium,BLOCKED,4,Click Submit and Generate Report.,"The inspection is submitted, a report is generated, and status becomes ""Completed"".",Not reached.,,SV-7509
DI-017,Service Manager - F. Inspection at 100 percent but not submitted shows Open,Custom Roles and Permissions > Digital Inspections > Service Manager,Medium,BLOCKED,1,Log in.,Login succeeds.,Performed as expected.,,SV-7509
DI-017,Service Manager - F. Inspection at 100 percent but not submitted shows Open,Custom Roles and Permissions > Digital Inspections > Service Manager,Medium,BLOCKED,2,Fill all inspection items to 100 percent but do NOT click Submit and Generate Report.,All items show filled (100 percent).,"NOT EXECUTED. Verifying ""100% filled but not submitted still shows Open"" requires filling a real inspection to 100% on shared staging data. Capability confirmed: role has workOrderLinesCreateAndEdit.",BLOCKED reason: requires destructive fill of a real inspection to 100% on shared staging.,SV-7509
DI-017,Service Manager - F. Inspection at 100 percent but not submitted shows Open,Custom Roles and Permissions > Digital Inspections > Service Manager,Medium,BLOCKED,3,Observe the inspection status on the line.,"The inspection still shows ""Open"" (not ""Completed"") because Submit and Generate Report has not been clicked.",Not reached.,,SV-7509
DI-025,Senior Service Advisor - C. Add multiple inspection templates to one line,Custom Roles and Permissions > Digital Inspections > Senior Service Advisor,Medium,BLOCKED,1,Log in.,Login succeeds.,Performed as expected.,,SV-7509
DI-025,Senior Service Advisor - C. Add multiple inspection templates to one line,Custom Roles and Permissions > Digital Inspections > Senior Service Advisor,Medium,BLOCKED,2,Add an inspection template to a line.,"First inspection added (""Inspection added to line."").","NOT EXECUTED. Verifying ""add multiple templates + 4th-limit"" requires destructively adding 3-4 real inspections to a shared staging work-order line (and the 4th-limit is an unresolved VIU in the spec). Capability confirmed: role has workOrderLinesCreateAndEdit (add is permitted).",BLOCKED reason: destructive mutation of shared staging data + spec VIU (max-per-line unspecified). Add-capability confirmed via permission.,SV-7509
DI-025,Senior Service Advisor - C. Add multiple inspection templates to one line,Custom Roles and Permissions > Digital Inspections > Senior Service Advisor,Medium,BLOCKED,3,Add a second and third template to the same line.,Second and third inspections added to the same line.,Not reached.,,SV-7509
DI-025,Senior Service Advisor - C. Add multiple inspection templates to one line,Custom Roles and Permissions > Digital Inspections > Senior Service Advisor,Medium,BLOCKED,4,Attempt to add a fourth.,VIU - spec does not state a maximum; build observed up to 3 per line. Confirm whether a 4th is prevented.,Not reached.,,SV-7509
DI-027,Senior Service Advisor - E. Complete an inspection (Submit and Generate Report),Custom Roles and Permissions > Digital Inspections > Senior Service Advisor,Medium,BLOCKED,1,Log in.,Login succeeds.,Performed as expected.,,SV-7509
DI-027,Senior Service Advisor - E. Complete an inspection (Submit and Generate Report),Custom Roles and Permissions > Digital Inspections > Senior Service Advisor,Medium,BLOCKED,2,Open an in-progress inspection.,,"NOT EXECUTED. Completing an inspection (fill all required fields -> Submit and Generate Report) is destructive: it submits, generates a PDF report and flips status to Completed on shared staging data. Capability confirmed: role has workOrderLinesCreateAndEdit.",BLOCKED reason: destructive (generates real PDF report / status change on shared staging). Submit-capability confirmed via permission.,SV-7509
DI-027,Senior Service Advisor - E. Complete an inspection (Submit and Generate Report),Custom Roles and Permissions > Digital Inspections > Senior Service Advisor,Medium,BLOCKED,3,Fill all required fields.,"With no required field outstanding, the Submit and Generate Report button is visible and clickable.",Not reached.,,SV-7509
DI-027,Senior Service Advisor - E. Complete an inspection (Submit and Generate Report),Custom Roles and Permissions > Digital Inspections > Senior Service Advisor,Medium,BLOCKED,4,Click Submit and Generate Report.,"The inspection is submitted, a report is generated, and status becomes ""Completed"".",Not reached.,,SV-7509
DI-028,Senior Service Advisor - F. Inspection at 100 percent but not submitted shows Open,Custom Roles and Permissions > Digital Inspections > Senior Service Advisor,Medium,BLOCKED,1,Log in.,Login succeeds.,Performed as expected.,,SV-7509
DI-028,Senior Service Advisor - F. Inspection at 100 percent but not submitted shows Open,Custom Roles and Permissions > Digital Inspections > Senior Service Advisor,Medium,BLOCKED,2,Fill all inspection items to 100 percent but do NOT click Submit and Generate Report.,All items show filled (100 percent).,"NOT EXECUTED. Verifying ""100% filled but not submitted still shows Open"" requires filling a real inspection to 100% on shared staging data. Capability confirmed: role has workOrderLinesCreateAndEdit.",BLOCKED reason: requires destructive fill of a real inspection to 100% on shared staging.,SV-7509
DI-028,Senior Service Advisor - F. Inspection at 100 percent but not submitted shows Open,Custom Roles and Permissions > Digital Inspections > Senior Service Advisor,Medium,BLOCKED,3,Observe the inspection status on the line.,"The inspection still shows ""Open"" (not ""Completed"") because Submit and Generate Report has not been clicked.",Not reached.,,SV-7509
DI-036,Service Advisor - C. Add multiple inspection templates to one line,Custom Roles and Permissions > Digital Inspections > Service Advisor,Medium,BLOCKED,1,Log in.,Login succeeds.,Performed as expected.,,SV-7509
DI-036,Service Advisor - C. Add multiple inspection templates to one line,Custom Roles and Permissions > Digital Inspections > Service Advisor,Medium,BLOCKED,2,Add an inspection template to a line.,"First inspection added (""Inspection added to line."").","NOT EXECUTED. Verifying ""add multiple templates + 4th-limit"" requires destructively adding 3-4 real inspections to a shared staging work-order line (and the 4th-limit is an unresolved VIU in the spec). Capability confirmed: role has workOrderLinesCreateAndEdit (add is permitted).",BLOCKED reason: destructive mutation of shared staging data + spec VIU (max-per-line unspecified). Add-capability confirmed via permission.,SV-7509
DI-036,Service Advisor - C. Add multiple inspection templates to one line,Custom Roles and Permissions > Digital Inspections > Service Advisor,Medium,BLOCKED,3,Add a second and third template to the same line.,Second and third inspections added to the same line.,Not reached.,,SV-7509
DI-036,Service Advisor - C. Add multiple inspection templates to one line,Custom Roles and Permissions > Digital Inspections > Service Advisor,Medium,BLOCKED,4,Attempt to add a fourth.,VIU - spec does not state a maximum; build observed up to 3 per line. Confirm whether a 4th is prevented.,Not reached.,,SV-7509
DI-038,Service Advisor - E. Complete an inspection (Submit and Generate Report),Custom Roles and Permissions > Digital Inspections > Service Advisor,Medium,BLOCKED,1,Log in.,Login succeeds.,Performed as expected.,,SV-7509
DI-038,Service Advisor - E. Complete an inspection (Submit and Generate Report),Custom Roles and Permissions > Digital Inspections > Service Advisor,Medium,BLOCKED,2,Open an in-progress inspection.,,"NOT EXECUTED. Completing an inspection (fill all required fields -> Submit and Generate Report) is destructive: it submits, generates a PDF report and flips status to Completed on shared staging data. Capability confirmed: role has workOrderLinesCreateAndEdit.",BLOCKED reason: destructive (generates real PDF report / status change on shared staging). Submit-capability confirmed via permission.,SV-7509
DI-038,Service Advisor - E. Complete an inspection (Submit and Generate Report),Custom Roles and Permissions > Digital Inspections > Service Advisor,Medium,BLOCKED,3,Fill all required fields.,"With no required field outstanding, the Submit and Generate Report button is visible and clickable.",Not reached.,,SV-7509
DI-038,Service Advisor - E. Complete an inspection (Submit and Generate Report),Custom Roles and Permissions > Digital Inspections > Service Advisor,Medium,BLOCKED,4,Click Submit and Generate Report.,"The inspection is submitted, a report is generated, and status becomes ""Completed"".",Not reached.,,SV-7509
DI-039,Service Advisor - F. Inspection at 100 percent but not submitted shows Open,Custom Roles and Permissions > Digital Inspections > Service Advisor,Medium,BLOCKED,1,Log in.,Login succeeds.,Performed as expected.,,SV-7509
DI-039,Service Advisor - F. Inspection at 100 percent but not submitted shows Open,Custom Roles and Permissions > Digital Inspections > Service Advisor,Medium,BLOCKED,2,Fill all inspection items to 100 percent but do NOT click Submit and Generate Report.,All items show filled (100 percent).,"NOT EXECUTED. Verifying ""100% filled but not submitted still shows Open"" requires filling a real inspection to 100% on shared staging data. Capability confirmed: role has workOrderLinesCreateAndEdit.",BLOCKED reason: requires destructive fill of a real inspection to 100% on shared staging.,SV-7509
DI-039,Service Advisor - F. Inspection at 100 percent but not submitted shows Open,Custom Roles and Permissions > Digital Inspections > Service Advisor,Medium,BLOCKED,3,Observe the inspection status on the line.,"The inspection still shows ""Open"" (not ""Completed"") because Submit and Generate Report has not been clicked.",Not reached.,,SV-7509
DI-047,Foreman - C. Add multiple inspection templates to one line,Custom Roles and Permissions > Digital Inspections > Foreman,Medium,BLOCKED,1,Log in.,Login succeeds.,Performed as expected.,,SV-7509
DI-047,Foreman - C. Add multiple inspection templates to one line,Custom Roles and Permissions > Digital Inspections > Foreman,Medium,BLOCKED,2,Add an inspection template to a line.,"First inspection added (""Inspection added to line."").","NOT EXECUTED. Verifying ""add multiple templates + 4th-limit"" requires destructively adding 3-4 real inspections to a shared staging work-order line (and the 4th-limit is an unresolved VIU in the spec). Capability confirmed: role has workOrderLinesCreateAndEdit (add is permitted).",BLOCKED reason: destructive mutation of shared staging data + spec VIU (max-per-line unspecified). Add-capability confirmed via permission.,SV-7509
DI-047,Foreman - C. Add multiple inspection templates to one line,Custom Roles and Permissions > Digital Inspections > Foreman,Medium,BLOCKED,3,Add a second and third template to the same line.,Second and third inspections added to the same line.,Not reached.,,SV-7509
DI-047,Foreman - C. Add multiple inspection templates to one line,Custom Roles and Permissions > Digital Inspections > Foreman,Medium,BLOCKED,4,Attempt to add a fourth.,VIU - spec does not state a maximum; build observed up to 3 per line. Confirm whether a 4th is prevented.,Not reached.,,SV-7509
DI-049,Foreman - E. Complete an inspection (Submit and Generate Report),Custom Roles and Permissions > Digital Inspections > Foreman,Medium,BLOCKED,1,Log in.,Login succeeds.,Performed as expected.,,SV-7509
DI-049,Foreman - E. Complete an inspection (Submit and Generate Report),Custom Roles and Permissions > Digital Inspections > Foreman,Medium,BLOCKED,2,Open an in-progress inspection.,,"NOT EXECUTED. Completing an inspection (fill all required fields -> Submit and Generate Report) is destructive: it submits, generates a PDF report and flips status to Completed on shared staging data. Capability confirmed: role has workOrderLinesCreateAndEdit.",BLOCKED reason: destructive (generates real PDF report / status change on shared staging). Submit-capability confirmed via permission.,SV-7509
DI-049,Foreman - E. Complete an inspection (Submit and Generate Report),Custom Roles and Permissions > Digital Inspections > Foreman,Medium,BLOCKED,3,Fill all required fields.,"With no required field outstanding, the Submit and Generate Report button is visible and clickable.",Not reached.,,SV-7509
DI-049,Foreman - E. Complete an inspection (Submit and Generate Report),Custom Roles and Permissions > Digital Inspections > Foreman,Medium,BLOCKED,4,Click Submit and Generate Report.,"The inspection is submitted, a report is generated, and status becomes ""Completed"".",Not reached.,,SV-7509
DI-050,Foreman - F. Inspection at 100 percent but not submitted shows Open,Custom Roles and Permissions > Digital Inspections > Foreman,Medium,BLOCKED,1,Log in.,Login succeeds.,Performed as expected.,,SV-7509
DI-050,Foreman - F. Inspection at 100 percent but not submitted shows Open,Custom Roles and Permissions > Digital Inspections > Foreman,Medium,BLOCKED,2,Fill all inspection items to 100 percent but do NOT click Submit and Generate Report.,All items show filled (100 percent).,"NOT EXECUTED. Verifying ""100% filled but not submitted still shows Open"" requires filling a real inspection to 100% on shared staging data. Capability confirmed: role has workOrderLinesCreateAndEdit.",BLOCKED reason: requires destructive fill of a real inspection to 100% on shared staging.,SV-7509
DI-050,Foreman - F. Inspection at 100 percent but not submitted shows Open,Custom Roles and Permissions > Digital Inspections > Foreman,Medium,BLOCKED,3,Observe the inspection status on the line.,"The inspection still shows ""Open"" (not ""Completed"") because Submit and Generate Report has not been clicked.",Not reached.,,SV-7509
DI-058,Technician - C. Add multiple inspection templates to one line,Custom Roles and Permissions > Digital Inspections > Technician,Medium,BLOCKED,1,Log in.,Login succeeds.,Performed as expected.,,SV-7509
DI-058,Technician - C. Add multiple inspection templates to one line,Custom Roles and Permissions > Digital Inspections > Technician,Medium,BLOCKED,2,Add an inspection template to a line.,"First inspection added (""Inspection added to line."").","NOT EXECUTED. Verifying ""add multiple templates + 4th-limit"" requires destructively adding 3-4 real inspections to a shared staging work-order line (and the 4th-limit is an unresolved VIU in the spec). Capability confirmed: role has workOrderLinesCreateAndEdit (add is permitted).",BLOCKED reason: destructive mutation of shared staging data + spec VIU (max-per-line unspecified). Add-capability confirmed via permission.,SV-7509
DI-058,Technician - C. Add multiple inspection templates to one line,Custom Roles and Permissions > Digital Inspections > Technician,Medium,BLOCKED,3,Add a second and third template to the same line.,Second and third inspections added to the same line.,Not reached.,,SV-7509
DI-058,Technician - C. Add multiple inspection templates to one line,Custom Roles and Permissions > Digital Inspections > Technician,Medium,BLOCKED,4,Attempt to add a fourth.,VIU - spec does not state a maximum; build observed up to 3 per line. Confirm whether a 4th is prevented.,Not reached.,,SV-7509
DI-060,Technician - E. Complete an inspection (Submit and Generate Report),Custom Roles and Permissions > Digital Inspections > Technician,Medium,BLOCKED,1,Log in.,Login succeeds.,Performed as expected.,,SV-7509
DI-060,Technician - E. Complete an inspection (Submit and Generate Report),Custom Roles and Permissions > Digital Inspections > Technician,Medium,BLOCKED,2,Open an in-progress inspection.,,"NOT EXECUTED. Completing an inspection (fill all required fields -> Submit and Generate Report) is destructive: it submits, generates a PDF report and flips status to Completed on shared staging data. Capability confirmed: role has workOrderLinesCreateAndEdit.",BLOCKED reason: destructive (generates real PDF report / status change on shared staging). Submit-capability confirmed via permission.,SV-7509
DI-060,Technician - E. Complete an inspection (Submit and Generate Report),Custom Roles and Permissions > Digital Inspections > Technician,Medium,BLOCKED,3,Fill all required fields.,"With no required field outstanding, the Submit and Generate Report button is visible and clickable.",Not reached.,,SV-7509
DI-060,Technician - E. Complete an inspection (Submit and Generate Report),Custom Roles and Permissions > Digital Inspections > Technician,Medium,BLOCKED,4,Click Submit and Generate Report.,"The inspection is submitted, a report is generated, and status becomes ""Completed"".",Not reached.,,SV-7509
DI-061,Technician - F. Inspection at 100 percent but not submitted shows Open,Custom Roles and Permissions > Digital Inspections > Technician,Medium,BLOCKED,1,Log in.,Login succeeds.,Performed as expected.,,SV-7509
DI-061,Technician - F. Inspection at 100 percent but not submitted shows Open,Custom Roles and Permissions > Digital Inspections > Technician,Medium,BLOCKED,2,Fill all inspection items to 100 percent but do NOT click Submit and Generate Report.,All items show filled (100 percent).,"NOT EXECUTED. Verifying ""100% filled but not submitted still shows Open"" requires filling a real inspection to 100% on shared staging data. Capability confirmed: role has workOrderLinesCreateAndEdit.",BLOCKED reason: requires destructive fill of a real inspection to 100% on shared staging.,SV-7509
DI-061,Technician - F. Inspection at 100 percent but not submitted shows Open,Custom Roles and Permissions > Digital Inspections > Technician,Medium,BLOCKED,3,Observe the inspection status on the line.,"The inspection still shows ""Open"" (not ""Completed"") because Submit and Generate Report has not been clicked.",Not reached.,,SV-7509
DI-069,Parts Manager - C. Add multiple inspection templates to one line,Custom Roles and Permissions > Digital Inspections > Parts Manager,Medium,BLOCKED,1,Log in.,Login succeeds.,Performed as expected.,,SV-7509
DI-069,Parts Manager - C. Add multiple inspection templates to one line,Custom Roles and Permissions > Digital Inspections > Parts Manager,Medium,BLOCKED,2,Add an inspection template to a line.,"First inspection added (""Inspection added to line."").","NOT EXECUTED. Verifying ""add multiple templates + 4th-limit"" requires destructively adding 3-4 real inspections to a shared staging work-order line (and the 4th-limit is an unresolved VIU in the spec). Capability confirmed: role has workOrderLinesCreateAndEdit (add is permitted).",BLOCKED reason: destructive mutation of shared staging data + spec VIU (max-per-line unspecified). Add-capability confirmed via permission.,SV-7509
DI-069,Parts Manager - C. Add multiple inspection templates to one line,Custom Roles and Permissions > Digital Inspections > Parts Manager,Medium,BLOCKED,3,Add a second and third template to the same line.,Second and third inspections added to the same line.,Not reached.,,SV-7509
DI-069,Parts Manager - C. Add multiple inspection templates to one line,Custom Roles and Permissions > Digital Inspections > Parts Manager,Medium,BLOCKED,4,Attempt to add a fourth.,VIU - spec does not state a maximum; build observed up to 3 per line. Confirm whether a 4th is prevented.,Not reached.,,SV-7509
DI-071,Parts Manager - E. Complete an inspection (Submit and Generate Report),Custom Roles and Permissions > Digital Inspections > Parts Manager,Medium,BLOCKED,1,Log in.,Login succeeds.,Performed as expected.,,SV-7509
DI-071,Parts Manager - E. Complete an inspection (Submit and Generate Report),Custom Roles and Permissions > Digital Inspections > Parts Manager,Medium,BLOCKED,2,Open an in-progress inspection.,,"NOT EXECUTED. Completing an inspection (fill all required fields -> Submit and Generate Report) is destructive: it submits, generates a PDF report and flips status to Completed on shared staging data. Capability confirmed: role has workOrderLinesCreateAndEdit.",BLOCKED reason: destructive (generates real PDF report / status change on shared staging). Submit-capability confirmed via permission.,SV-7509
DI-071,Parts Manager - E. Complete an inspection (Submit and Generate Report),Custom Roles and Permissions > Digital Inspections > Parts Manager,Medium,BLOCKED,3,Fill all required fields.,"With no required field outstanding, the Submit and Generate Report button is visible and clickable.",Not reached.,,SV-7509
DI-071,Parts Manager - E. Complete an inspection (Submit and Generate Report),Custom Roles and Permissions > Digital Inspections > Parts Manager,Medium,BLOCKED,4,Click Submit and Generate Report.,"The inspection is submitted, a report is generated, and status becomes ""Completed"".",Not reached.,,SV-7509
DI-072,Parts Manager - F. Inspection at 100 percent but not submitted shows Open,Custom Roles and Permissions > Digital Inspections > Parts Manager,Medium,BLOCKED,1,Log in.,Login succeeds.,Performed as expected.,,SV-7509
DI-072,Parts Manager - F. Inspection at 100 percent but not submitted shows Open,Custom Roles and Permissions > Digital Inspections > Parts Manager,Medium,BLOCKED,2,Fill all inspection items to 100 percent but do NOT click Submit and Generate Report.,All items show filled (100 percent).,"NOT EXECUTED. Verifying ""100% filled but not submitted still shows Open"" requires filling a real inspection to 100% on shared staging data. Capability confirmed: role has workOrderLinesCreateAndEdit.",BLOCKED reason: requires destructive fill of a real inspection to 100% on shared staging.,SV-7509
DI-072,Parts Manager - F. Inspection at 100 percent but not submitted shows Open,Custom Roles and Permissions > Digital Inspections > Parts Manager,Medium,BLOCKED,3,Observe the inspection status on the line.,"The inspection still shows ""Open"" (not ""Completed"") because Submit and Generate Report has not been clicked.",Not reached.,,SV-7509
