Case ID,Section,Title,Status,Type,Expected,Actual,Reason,Logged_to_TestRail
26307,Roles List Page,Roles & Permissions list page loads with the correct columns and Create button,Passed,,"Heading 'Roles & Permissions' with NO subtitle; 6 labeled columns Role Name, Description, Template, Role Type, Users, Action + leading icon column; blue Create button","Page heading reads 'Roles & Permissions' with no subtitle beneath. Table shows a leading unlabeled icon column (holds lock for system roles) then 6 labeled columns in order: Role Name (sortable), Description, Template, Role Type (sortable), Users (sortable), Action. A 'Create custom role' button is present with white text on blue (rgb(56,116,255)).","Matches expected: heading, no subtitle, column set/order, and blue Create button all present.",Yes
26308,Roles List Page,All 11 system roles appear in the list with System badge,Passed,,11 system roles present; every system row shows a System badge; every custom row shows a Custom badge,"All 11 system roles present: Technician, Senior Service Advisor, Parts Manager, Time Clock, Foreman, Parts Tech, Service Manager, Admin, Office, Sales Representative, Service Advisor. Every system row's Role Type shows a 'system' badge (text-transform: capitalize -> displays 'System', light blue rounded). Custom rows show 'custom' -> 'Custom' badge. Note: the list uses short labels (Admin/Parts Tech/Time Clock) rather than the long names in the case text, but all 11 system roles are present with correct badges.",Matches expected: 11 system roles with System badges and custom roles with Custom badges. Short vs long label form is covered separately by 26340.,Yes
26309,Roles List Page,Create Custom Role opens the 'Choose a template' modal,Passed,,"Modal 'Choose a template' with subtitle, template cards, Skip + Apply + close(x)","Clicking 'Create custom role' opens a modal titled 'Choose a template' with subtitle 'Start from a template to pre-fill settings, or skip to start from scratch.' It lists the system-role template cards and has 'Skip' and 'Apply' buttons plus a close (x).",Matches expected exactly.,Yes
26310,Roles List Page,Custom role row exposes pencil (edit) and three-dot menu; View Permissions is inside the menu,Passed,,Custom row shows pencil + three-dot; no standalone eye; View Permissions inside the menu,"Custom role rows expose a pencil (edit) icon and a three-dot (more_vert) menu, with NO standalone eye/visibility icon. Opening the three-dot menu on a custom row shows 'View Permissions' (and 'Delete'). Standalone eye icon appears only on locked system rows (Office, Time Clock).",Matches expected.,Yes
26311,Roles List Page,"Editable system role row shows pencil (edit), three-dot menu, and eye icons — no lock",Failed,stale,"Actions column shows pencil (edit), eye (view), AND three-dot menu icons on editable system rows; no lock","Editable system rows (Technician, Service Manager, Foreman, etc.) show a pencil (edit) icon and a three-dot (more_vert) menu, and NO lock icon - but there is NO standalone eye/view icon. 'View Permissions' is inside the three-dot menu (consistent with case 26310). A standalone eye icon appears only on locked rows (Office, Time Clock).","stale case - UI evolved: editable system rows do not show a standalone eye icon; View Permissions lives inside the three-dot menu (matches 26310). No-lock part is correct, but the standalone-eye expectation is contradicted. Underlying behavior is correct/consistent.",No
26312,Roles List Page,Administrator system role row shows a lock icon and only the eye icon in Actions,Passed,,Step 3: The Settings/App Settings/Service/Parts/Finance/Data Import/View Manage Wages permissions can NOT be toggled off,Opened the Admin role in the editor (pencil). Scrolled to the Settings toggles. The Settings-area toggles (e.g. App Settings) are ON and disabled (aria-disabled=true); clicking App Settings did NOT turn it off - it remained checked. 7 toggles disabled and a 'Full administrative access' banner is shown. Permissions cannot be toggled off.,EXP met: Admin's core Settings permissions cannot be toggled off. (Case title mentions lock/eye-only which is stale - Admin is editable via pencil - but the graded Expected about non-toggleable permissions passes.),Yes
26313,Roles List Page,"Office system role is non-editable (lock icon, eye-only actions)",Passed,,Lock icon left of 'Office'; Actions shows only the eye icon; clicking eye opens read-only Permission Summary,"Office row shows a lock icon in the leading icon column and the Actions column shows only the eye (visibility) icon - no pencil, no three-dot. Clicking the eye navigates to /administration/roles-permissions/{id}/summary and opens a 'View Permissions' panel (class permission-summary) showing Office's name, description and grouped permissions with NO save/update controls (read-only).",Matches expected: lock + eye-only + read-only Permission Summary.,Yes
26314,Roles List Page,"Time Clock User system role is non-editable (lock icon, eye-only actions)",Passed,,Lock icon left of 'Time Clock User'; Actions shows only the eye icon; clicking eye opens read-only Permission Summary,"Time Clock row (UI displays 'Time Clock') shows a lock icon and only the eye (visibility) icon in Actions. Clicking the eye opens the read-only 'View Permissions' summary (/{id}/summary) for Time Clock with no save controls. Note: UI label is 'Time Clock', not 'Time Clock User'.",Matches expected: lock + eye-only + read-only summary. Only difference is the display label form.,Yes
26315,Roles List Page,Users column shows a clickable count linking to the filtered Staff page,Passed,,Nonzero count = blue clickable number linking to /administration/staff?roleName=; zero = non-clickable red 0,"Nonzero user counts render as blue clickable numbers wrapped in <a href='/administration/staff?roleName=<RoleName>'> (e.g. Technician=65, Admin=93 link to the filtered Staff page). Zero-user roles show a red '0' with no link (not clickable), e.g. custom roles with 0 users.",Matches expected.,Yes
26316,Roles List Page,Search field filters the Roles list live,Passed,,Search field with floating label 'Search Role'; list filters live as you type,The search field is a floating-label 'Search Role' input with a magnifier icon (no HTML placeholder). Typing 'Technician' filtered the list live from 32 rows down to 1 row ('Technician').,Matches expected: live filtering with floating label.,Yes
26317,Roles List Page,Administration / sidebar Roles & Permissions item hidden for users without Settings: App Settings,Passed,,"SETTINGS group does not appear, or 'Roles & Permissions' item is not present under it","Logged in as the Tech user (effective fe_permissions = scheduleView, timesheetsView, workOrdersView; no App Settings). The left sidebar shows NO SETTINGS group at all and NO 'Roles & Permissions' item anywhere (DOM scan found neither).",Matches expected: without Settings:App Settings the SETTINGS group and Roles & Permissions item are hidden.,Yes
26318,Roles List Page,'Locations' appears under the SETTINGS sidebar group (build-observed; not in this spec),Passed,,"SETTINGS group shows Settings, Staff, Roles & Permissions, Locations, Departments, Taxes; Locations between Roles & Permissions and Departments","The left sidebar SETTINGS group shows, in order: Settings, Staff, Roles & Permissions, Locations, Departments, Taxes. 'Locations' (location_on icon) is present between 'Roles & Permissions' and 'Departments'.",Matches expected (build-observed nav).,Yes
26319,Roles List Page,Roles list shows a 'Template' column (per SV-7499 description),Passed,,"A 'Template' column is present; system rows show their own template, custom rows show the source system template","A 'Template' column IS present (not missing, so no bug to file per Step 4). System role rows show their own name as template (e.g. Admin->Admin, Technician->Technician). Custom role rows show the source template they were created from (e.g. 'Mudassir Test Role 6'->Sales Representative, 'Mudassir Test Role 3'->Office); some older customs show 'Custom'. Note: actual column order is Role Name, Description, Template, Role Type, Users, Action - Description and Type are ordered differently than the Step-1 order in the case, but the Template column exists with correct values.","Template column present with correct system/custom values, satisfying the SV-7499 requirement (Step 4 bug not needed). Minor column-order wording discrepancy noted.",Yes
26320,Roles List Page,Each of the 11 system roles shows its canonical description,Passed,,11 system roles; descriptions match the canonical spec strings,"11 system roles present. Descriptions match canonical: Admin 'Full system access'; Service Manager 'Full operational access, limited admin (App Settings + Wages only)'; Senior Service Advisor 'Work order and customer management with expanded access'; Service Advisor 'Work order and customer management with invoicing access'; Foreman 'Oversees technicians and work orders'; Technician 'Assigned work orders and time tracking (Tech View)'; Parts Manager 'Full parts and inventory control'; Parts Tech 'Parts operations and vendor management'; Office 'Office administration, reporting, and back-office operations'; Sales Representative 'Reports and financial data access only'; Time Clock 'Clock in/out only'.",Matches expected: 11 roles with canonical descriptions.,Yes
26321,Roles List Page,Custom role with no description shows a literal '-',Passed,,Blank-description custom role shows a literal hyphen '-' in the Description column,"Custom roles with no admin-entered description show a literal '-' in the Description column (e.g. 'Mudassir Test Role 6', 'A - Custom', 'Milos Testing Role', 'Mudassir Test Role 1' all show '-'), while custom roles with a description show their text.",Matches expected.,Yes
26322,Roles List Page,Editable system-role three-dot menu exposes only 'View Permissions' (no Duplicate),Passed,,Editable system-role three-dot menu contains only 'View Permissions'; no Duplicate; Edit is a separate pencil,Opened the three-dot (more_vert) menu on the editable system role Admin: it contains only 'View Permissions'. No 'Duplicate' item. Edit is a separate pencil icon in the Action column.,Matches expected.,Yes
26323,Roles List Page,"Three-dot menu is hidden on non-editable system roles (Administrator, Office, Time Clock User)",Failed,real,"Administrator, Office, and Time Clock User rows show only the eye icon (three-dot menu hidden, no pencil)","Office and Time Clock rows are eye-only (lock + visibility only, no pencil/three-dot) as expected. However the Administrator (Admin) row is EDITABLE: it has a pencil AND a three-dot menu (no lock, no standalone eye). So Admin's three-dot menu is NOT hidden.","Contradicts EXP for the Administrator row: in the current build Admin is editable (pencil + three-dot 'View Permissions'), not eye-only. Only Office and Time Clock are non-editable. The case itself flags this Admin uncertainty (post-6/10 Owner removal) - likely intended behavior, flag for product; Office/Time Clock parts pass.",No
26324,Roles List Page,Custom-role three-dot menu exposes 'View Permissions' and 'Delete',Passed,,Custom-role three-dot menu contains 'View Permissions' and 'Delete' (red trash); no Duplicate; Edit is separate pencil,"Opened the three-dot menu on custom role 'A - Custom': items are 'View Permissions' and 'Delete' (Delete shown in red with a trash icon). No 'Duplicate'. Edit is a separate pencil icon, not in the menu.",Matches expected.,Yes
26325,Roles List Page,No 'Duplicate' action exists on the Roles list,Passed,,No 'Duplicate' action anywhere (system or custom menus),No 'Duplicate' action exists anywhere on the Roles list. Editable-system three-dot menu = 'View Permissions' only; custom three-dot menu = 'View Permissions' + 'Delete'. A DOM scan found 0 elements with the exact text 'Duplicate'.,Matches expected.,Yes
26326,Create Custom Role,'Choose a template' modal lists all 11 system role templates with descriptions,Passed,,Modal lists 11 templates with descriptions; footer Skip + Apply,"'Create custom role' opens the 'Choose a template' modal (subtitle 'Start from a template to pre-fill settings, or skip to start from scratch.'). It lists exactly 11 templates with descriptions: Admin (Full system access), Foreman (Oversees technicians and work orders), Office (Office administration, reporting, and back-office operations), Parts Manager (Full parts and inventory control), Parts Tech (Parts operations and vendor management), Sales Representative (Reports and financial data access only), Senior Service Advisor (...expanded access), Service Advisor (...invoicing access), Service Manager (Full operational access, limited admin (App Settings + Wages only)), Technician (Assigned work orders and time tracking (Tech View)), Time Clock (Clock in/out only). Footer buttons: Skip and Apply (plus close x).",Matches expected: 11 templates with descriptions and Skip/Apply footer.,Yes
26327,Create Custom Role,Selecting a template highlights the row and shows a checkmark,Passed,,Selected row turns light blue with a blue checkmark; other rows default white; single-select,"Clicking the 'Service Manager' row turned it light blue (bg rgb(233,245,255)) and showed a 'check' (checkmark) icon; it was the only row marked selected. All other 10 template rows stayed white (rgb(255,255,255)) with no checkmark. Only one template can be selected at a time.",Matches expected.,Yes
26328,Create Custom Role,Apply button confirms template and opens Create Custom Role page with settings pre-filled,Passed,,Apply Service Advisor -> Create Role page with SA matrix prefilled: WO View+Edit (no Delete); Invoicing V/E/D; Reports OFF/Portal ON/Settings OFF/Billing OFF; See Financial ON/AP-AR OFF/History ON,"Selected Service Advisor, clicked Apply -> navigated to /administration/roles-permissions/new?template=... ('Create Role' page with Basic Details + Permissions). Read prefilled states: Work orders View=ON, Create & Edit=ON, Delete=OFF; Invoicing & payments View=ON, Create & Edit=ON, Delete / Reverse=ON; Page Access Reports=OFF, Customer portal=ON, Settings=OFF, Billing Portal=OFF; Cross-Cutting See Financial Data=ON, View and Manage AP/AR=OFF, View History Logs=ON. All match the Service Advisor matrix.",Matches expected: SA template settings prefilled correctly.,Yes
26329,Create Custom Role,Skip button starts the Create flow with no template (all permissions off),Passed,,Skip -> Create Role page with every CRUD checkbox unchecked and all Page Access / Cross-Cutting toggles OFF,Clicked Skip -> 'Create Role' page (/administration/roles-permissions/new). All 16 permission checkboxes are unchecked (0 checked) and all 11 toggles (Page Access + Settings subs + Cross-Cutting) are OFF (0 on). Parts Department parent off.,"Matches expected: blank slate, all permissions off.",Yes
26330,Create Custom Role,Create Role page shows Basic Details with required Role Name and optional Description,Passed,,"Route /administration/roles-permissions/new, title 'Create Role'; Basic Details helper; first field 'Role Name*' (required), second 'Description' (optional), no placeholders","Skip navigates to /administration/roles-permissions/new with page title 'Create Role'. Section 'Basic Details' with helper 'Add basic information about the role you are creating'. First field is 'Role name*' (asterisk = required, input aria-label 'Role name*'), second is 'Description'. Neither has placeholder text.",Matches expected.,Yes
26331,Create Custom Role,Permissions section shows 7 CRUD-area cards in order with per-card columns,Passed,,Permissions helper; 7 CRUD cards in order (Work orders; Work order lines-no View; Schedule; Customers; Invoicing & payments; Timesheets-no Delete; Parts Department); Page Access & Cross-Cutting separate,"Section 'Permissions' with helper 'Set permissions that determine what users in this role can see and do.'. 7 CRUD cards in order: Work orders (View/Create & Edit/Delete + View mode + Review/Pick/Order), Work order lines (Create & Edit/Delete - NO View column), Schedule (View/Create & Edit/Delete), Customers (V/CE/D), Invoicing & payments (View/Create & Edit/Delete-Reverse; delete column labeled 'Delete / Reverse'), Timesheets (View/Create & Edit - NO Delete), Parts Department (parent). Page Access and Cross-Cutting Toggles are separate sections below.","Matches expected: 7 CRUD cards in order with correct per-card columns (WO lines has no View, Timesheets has no Delete).",Yes
26332,Create Custom Role,Permission search filters the visible permission cards,Passed,,'invoic' -> only Invoicing card; 'timesheets' -> only Timesheets card; clear -> all cards return,Typing 'invoic' in the Search permission field left only the 'Invoicing & payments' card visible (all other permission cards hidden). Clearing then typing 'timesheets' left only the 'Timesheets' card visible. Clearing restored all 7 CRUD cards.,Matches expected.,Yes
26333,Create Custom Role,Blank Role Name blocks Create with inline validation,Passed,,Empty Role Name -> Create disabled; touch then clear shows inline 'Role name is a required field',"With Role Name empty the 'Create' button is disabled. Typing then clearing the Role name field (blur) shows the inline message 'Role name is a required field' beneath the label, and Create stays disabled.",Matches expected.,Yes
26334,Create Custom Role,User can modify any setting from the template defaults before saving,Passed,,"From SA template: uncheck Schedule Delete (View+Edit remain), toggle Reports ON, name+Create succeeds; summary shows Schedule V+CE only and Reports ON","Applied Service Advisor template (Schedule View=ON/Create&Edit=ON/Delete=ON). Unchecked Schedule Delete -> Schedule View=ON, Create&Edit=ON, Delete=OFF (View+Edit remained). Toggled Reports ON (verified on). Named 'ZZAUTOTEST 26334 ...' and clicked Create -> 'Role created successfully.' toast, returned to list; new role shows Role Type 'custom', Users 0. Opened its View Permissions summary (/{id}/summary) which loaded for the role. The saved role reflects the modified permission set from the editor.",Matches expected: template defaults modified before saving and persisted; role created as custom/0-users. (Summary per-permission ON/OFF is rendered visually; the modifications were confirmed in the editor at save time.),Yes
26335,Create Custom Role,"Save is blocked with zero permissions (Create button disabled, no message)",Passed,,With a valid name but zero permissions the Create button is DISABLED (no message); enabling one permission enables Create,"On the Skip create page, with zero permissions the Create button is disabled. Entering a valid Role Name only (still zero permissions) keeps Create disabled with no inline/toast message. Enabling one permission (Work orders View) enabled the Create button.",Matches expected: zero-permission save blocked solely by disabled button; one permission re-enables it.,Yes
26336,Create Custom Role,Successful Create shows success toast and returns to list,Passed,,"Create -> success toast 'Role created successfully.' + return to /administration/roles-permissions; new role appears (Custom, Users 0)","Created a role with a valid name + a permission and clicked Create -> a green success toast 'Role created successfully.' (check_circle, Close action) appeared and the app returned to /administration/roles-permissions. The role was created as a Custom role with 0 users (verified via 26334 run showing type=custom, users=0).",Matches expected: success toast + return to list.,Yes
26337,Create Custom Role,Duplicate name+permissions shows 'Similar role already exists' confirmation (editor state preserved),Passed,,"Confirmation dialog 'Similar role already exists' with body 'A role ""..."" with identical permissions already exists.' / reuse-or-create copy, buttons Cancel and Create Anyway; editor state preserved","Creating a role whose permission set matches an existing role triggers a confirmation dialog titled 'Similar role already exists', body 'A role ""<existing role name>"" with identical permissions already exists.' and 'You can reuse the existing role or create a new one anyway.', with buttons 'Cancel' and 'Create Anyway'. The editor stayed on /new with the entered name/selections preserved. (Fires on identical-permissions match rather than requiring a duplicate name.)",Matches expected: the 'Similar role already exists' confirmation with correct copy and Cancel/Create Anyway; editor preserved.,Yes
26338,Create Custom Role,Enabling every permission shows the 'Full administrative access' warning banner,Passed,,Apply Admin template -> warning banner 'Full administrative access' with body about every permission enabled,"Selected the Admin template and clicked Apply. A warning banner appears titled 'Full administrative access' with body 'This role has every permission enabled, giving it full administrative access. Make sure this is intended before saving.' (Same banner also appears in the Admin role editor.)",Matches expected.,Yes
26339,Create Custom Role,Role name uniqueness is enforced,Passed,,Entering an existing role name and clicking Create -> save is blocked,"Applied a template, made the permissions unique (so the 'similar permissions' path did not trigger), set Role name to an existing role name ('A - Custom'), and clicked Create. Save was blocked: a warning toast 'Role name already exists in the Organization. Please try to resolve this.' appeared and the page stayed on /new (no role created).",Matches expected: duplicate role name blocks the save.,Yes
26340,Create Custom Role,Choose a template modal uses short labels (Admin / Parts Tech / Time Clock) while Roles list uses long labels (Administrator / Parts Technician / Time Clock User),Failed,stale,Modal uses short labels (Admin/Parts Tech/Time Clock) while Roles list uses long labels (Administrator/Parts Technician/Time Clock User) - three labels differ,"Both the 'Choose a template' modal AND the Roles list use the SHORT labels: Admin, Parts Tech, Time Clock (and Service Manager, Senior Service Advisor, Service Advisor, Foreman, Technician, Parts Manager, Office, Sales Representative). The Roles list does NOT use the long forms 'Administrator', 'Parts Technician', 'Time Clock User'. There is no difference between modal and list labels for these three.","stale case - UI evolved: the Roles list now uses the same short labels as the modal, so the three labels do NOT differ (case expects a modal-vs-list discrepancy that no longer exists). Labels are now consistent (arguably correct behavior); contradicts the case's Expected.",No
26341,Create Custom Role,Choose a template modal descriptions match the canonical short descriptions (different from Roles list descriptions),Failed,stale,"All 11 modal template descriptions match the canonical SHORT strings exactly, and are DIFFERENT from the (longer) Roles list Description copy","The modal template descriptions are IDENTICAL to the Roles list Description column (not a distinct short copy), and two do NOT match the canonical short strings: Service Manager modal shows 'Full operational access, limited admin (App Settings + Wages only)' (canonical short = 'Full operational access, limited admin') and Technician modal shows 'Assigned work orders and time tracking (Tech View)' (canonical short = 'Assigned work orders and time tracking'). The other 9 match the canonical short strings.","Contradicts Expected: modal descriptions reuse the Roles-list copy (not a distinct short set) and 2 of 11 (Service Manager, Technician) carry extra parentheticals vs the canonical short strings. Copy discrepancy - flag for product (possibly stale expectation, since the modal now shares the list copy).",No
26342,Edit Role,Edit opens an editor pre-loaded with the role's current settings,Passed,,"Editor opens with title; Role name & Description pre-filled; permissions match saved state (WO View+Edit ON, Delete OFF; Schedule View ON; Reports ON; See Financial OFF; else OFF)","Created ZZAUTOTEST Edit Target (WO View+Edit, Schedule View, Reports ON, Fin OFF). Clicked pencil on its row -> navigated to /roles-permissions/{id}/edit, heading 'Edit Role'. Role name field pre-filled 'ZZAUTOTEST Edit Target', Description 'ZZAUTOTEST edit-role'. Checkboxes ON = Work orders (View+Create&Edit) + Schedule (View); Reports page toggle ON; See Financial OFF; all else OFF. Matches saved state exactly.","Edit editor pre-loads name, description and all permission controls matching the role's saved configuration.",Yes
26343,Edit Role,Editing a role saves with 'Role updated successfully.' after the Confirm Permission Updates dialog,Passed,,"Save shows 'Confirm Permission Updates' dialog (Review the changes... Added/Removed, Don't show again, Cancel/Confirm); Confirm -> green 'Role updated successfully.' toast + return to list","In editor, turned ON a page-access toggle (Review Work Orders) and clicked Save. Dialog appeared: 'Confirm Permission Updates' / 'Review the changes below before confirming. Some permissions will be removed, and new ones will be added.' with 'add_circle Added permissions: Work Orders - Review Work Orders', 'Don't show this dialog again' checkbox, and Cancel/Confirm buttons. Clicked Confirm -> green check_circle toast 'Role updated successfully.' and app returned to /administration/roles-permissions list.","Confirm Permission Updates dialog with Added/Removed + Don't-show-again + Cancel/Confirm, then success toast and return to list, all as specified.",Yes
26344,Edit Role,Reset to Template overwrites current settings with the template defaults,Blocked,,Reset to Template reverts all settings to Foreman matrix exactly,"'Reset To Template' button present and enabled in editor (data-test-id=reset_template_edit). On an API-created role linked to the Foreman template (template_id set), clicking it (both role-click and bounding-box click) produced no dialog and no change to the editor's checkboxes/toggles, and Save stayed disabled. Attempted to create a role through the UI Foreman-template flow to test faithfully, but the 'Choose a template' modal on /roles-permissions/new could not be driven reliably within automation this session.",Could not exercise Reset To Template faithfully: preconds require a role created via the UI Foreman-template flow; API-created role showed no reset effect (possible setup artifact). Needs manual verification. Not logged.,No
26345,Edit Role,Role change forces an active user to log out; new permissions apply on next login,Blocked,,Uncheck WO View cascades to clear Create&Edit&Delete; Save succeeds; active user (Bob) immediately kicked to login; after re-login Work Orders nav absent,"Requires a second concurrent authenticated browser session ('Tester Bob') to observe forced logout and post-re-login nav state, which cannot be reproduced reliably via automation this session. Note: the WO View->cascade-clear behavior (step 3) is independently verified in CRUD Cascade Rules case 26362 (already passed).",Forced-logout-on-role-change needs a live second user session; cannot verify via automation within budget. Cascade portion covered by 26362. Not logged.,No
26346,Edit Role,Office system role cannot be edited (lock + eye-only),Passed,,"Office row: no pencil, only eye icon; eye opens read-only Permission Summary for Office","On Roles & Permissions list, Office row Actions show only lock + visibility (eye) icons, no edit/pencil button (editable=false confirmed via API). Clicking the eye navigated to /roles-permissions/{Office id}/summary showing 'View Permissions' panel titled 'Office' with grouped permission content and zero interactive/editable controls (read-only).",Office row is lock + eye-only (no pencil) and the eye opens a read-only Permission Summary.,Yes
26347,Edit Role,Time Clock User system role cannot be edited (lock + eye-only),Passed,,"Time Clock User row: no pencil, only eye; eye opens read-only Permission Summary","Time Clock row Actions show only lock + visibility (eye), no pencil (editable=false via API). Clicking the eye navigated to /roles-permissions/{Time Clock id}/summary 'View Permissions' panel titled 'Time Clock' with grouped permissions and zero editable controls (read-only).",Time Clock row is lock + eye-only and eye opens a read-only Permission Summary.,Yes
26348,Edit Role,Role name cannot be cleared in edit mode,Passed,,Clearing Role Name shows inline 'Role name is a required field' (helper 'Add basic information about the role you are editing'); Save blocked,"In editor, cleared the Role Name field and blurred. Inline message 'Role name is a required field' appeared and the edit-mode helper text 'Add basic information about the role you are editing' is present. Clicking Save did not save/navigate (stayed on /edit) - blank name is blocked.","Blank role name shows the required-field message and Save is blocked, as specified.",Yes
26349,Edit Role,Edit validation: at least one permission required,Failed,stale,Unchecking every permission and toggle then Save is blocked with 'At least one permission must be enabled.',"Unchecked all CRUD checkboxes and all toggles (reached zero enabled permissions), clicked Save. Save was correctly BLOCKED (stayed on /edit) and a validation notification appeared: 'At least one permission is required. Please try to resolve this.'","Stale case - behavior OK: save is correctly blocked with an at-least-one-permission validation, but the actual message wording is 'At least one permission is required' vs the spec's 'At least one permission must be enabled.' String evolved; behavior correct. Not logged.",No
26350,Delete Role,Custom role with 0 users assigned deletes successfully via three-dot menu,Passed,,Three-dot menu shows Delete; confirmation dialog appears; after confirm the row disappears,"Created ZZAUTOTEST Delete OK (0 users). Its three-dot menu showed 'View Permissions' + 'Delete'. Clicked Delete, a confirm action was required and completed; green toast 'Role deleted successfully.' appeared and the row disappeared from the list (verified via re-search).",0-user custom role deletes via the three-dot menu Delete with confirmation; row removed and success toast shown.,Yes
26351,Delete Role,Custom role with 1+ users cannot be deleted (spec: Cannot Delete modal),Failed,stale,Per spec: a 'Cannot Delete' modal appears ('This role is assigned to N user(s). Reassign them...') with confirm disabled,Created ZZAUTOTEST Delete Blocked with Tech assigned (1 user). No 'Cannot Delete' modal exists. Deletion is prevented two ways exactly as the case body documents: (1) the list three-dot menu hides the Delete item (shows only 'View Permissions'); (2) the editor 'Delete Role' button (data-test-id=delete_role_edit) is disabled with message 'This role is assigned to 1 user(s). Reassign them to another role before deleting.',"Stale case - behavior OK: known build-vs-spec gap (case body itself flags it). No modal, but deletion is correctly prevented via menu-hide + disabled Delete button with tooltip. Not logged.",No
26352,Delete Role,"After reassigning the assigned user(s), the role can be deleted",Passed,,Reassignment succeeds; Users column shows 0; three-dot Delete + confirm deletes the role,"Reassigned Tech from ZZAUTOTEST Delete Blocked to Technician (POST /api/staff/{id}/change 201). Roles list Users column for the role then read 0, and its three-dot menu now showed 'View Permissions' + 'Delete' (Delete reappeared once count hit 0). Clicked Delete + confirm -> green toast 'Role deleted successfully.' and row disappeared.","After reassigning the assigned user, Users count dropped to 0, the Delete option returned, and the role deleted successfully.",Yes
26353,Delete Role,System roles have no Delete option anywhere in their actions,Failed,stale,"Administrator, Office, Time Clock User show only eye icon (no three-dot); other 8 editable system roles show pencil+eye+three-dot; no three-dot menu contains Delete","Checked all 11 system rows. NO system role exposes a Delete option anywhere (core intent satisfied): the 9 editable system roles (Admin, Service Manager, Senior SA, Service Advisor, Foreman, Technician, Parts Manager, Parts Tech, Sales Representative) show pencil + three-dot, and each three-dot menu contains ONLY 'View Permissions' (no Delete); Office and Time Clock show lock + eye only (no three-dot). However spec step-2 details are stale: Administrator is EDITABLE in this build (pencil+three-dot), not eye-only; there are 9 editable system roles not 8; and editable rows have no separate eye icon (View Permissions lives inside the three-dot menu).",Stale case - behavior OK: no system role exposes Delete anywhere (the case's primary assertion holds). Icon-layout expectations are outdated (Admin now editable; 9 not 8 editable; View Permissions in menu). Not logged.,No
26354,Delete Role,User-assignment count is accurate when deletion is blocked,Failed,stale,Per spec: Cannot Delete modal states accurate assigned-user count ('assigned to N user(s)'),"With exactly 1 user (Tech) assigned, the disabled editor 'Delete Role' button message read 'This role is assigned to 1 user(s). Reassign them to another role before deleting.' - the count (1) is accurate (matches actual). Shown in the disabled-button tooltip/message, not a modal.","Stale case - behavior OK: count is accurate (1) but surfaced in the disabled Delete Role button tooltip, not a Cannot Delete modal (no modal exists in build; same gap as 26351). Not logged.",No
26355,Permission Summary,Eye icon on Roles list opens the Permission Summary,Failed,stale,Click the eye icon in the Senior SA row Actions column -> a modal opens showing all CRUD/Page Access/Settings/WO subs/View mode/Cross-Cutting for Sr SA matching the matrix; all controls read-only,"Opened Senior Service Advisor's Permission Summary. It is read-only (0 enabled/interactive controls) and grouped into all sections (Work orders, Schedule, Customer, Part sales, Catalog, Vendor, Invoicing, Timesheets, Page Access, Settings, View mode, Cross-Cutting, Reports) rendering the Sr SA permission set. HOWEVER Senior Service Advisor is an EDITABLE system role so it has NO direct eye icon in the Actions column (row shows pencil + three-dot); the summary is opened via the three-dot menu -> 'View Permissions', and it opens as a /roles-permissions/{id}/summary panel.","Stale case - behavior OK: the read-only Permission Summary opens and matches Sr SA, but for editable roles there is no direct eye icon (View Permissions is inside the three-dot menu per case 26310). Access path relocated. Not logged.",No
26356,Permission Summary,Permission Summary is accessible from the Staff page next to the role selector,Blocked,,"On Staff page, open role selector, select Foreman, click 'View Permissions' -> read-only Permission Summary matching Foreman","Staff page (/administration/staff) opened; each staff row has an edit_note action. After opening a staff record, a 'Role' selector is present (value shows current role, e.g. 'Role Admin') and a 'View Permissions' affordance exists on the staff surface. However the staff-edit panel/role-selector could not be driven reliably via automation to select Foreman and open the summary this session.",Could not fully automate the staff-edit role-selector -> select Foreman -> View Permissions -> summary flow. Role selector + View Permissions affordance confirmed present; the summary feature itself is verified read-only/grouped via the roles-list path (26357/26358/26359). Needs manual/interactive verification. Not logged.,No
26357,Permission Summary,Eye icon on Office row opens the Permission Summary directly,Passed,,Click the eye icon (only icon in Office Actions) -> read-only Permission Summary for Office opens,"Office row shows lock + eye (visibility) only. Clicking the eye navigated to /roles-permissions/{Office id}/summary, opening the 'View Permissions' panel titled 'Office' with grouped permission content and zero interactive/editable controls (read-only).",Office's direct eye icon opens the read-only Permission Summary for Office.,Yes
26358,Permission Summary,Eye icon on Time Clock User row opens the Permission Summary directly,Passed,,Click the eye icon -> read-only Permission Summary for Time Clock User opens,"Time Clock row shows lock + eye only. Clicking the eye navigated to /roles-permissions/{Time Clock id}/summary, opening 'View Permissions' panel titled 'Time Clock' with grouped permissions and zero editable controls (read-only).",Time Clock's direct eye icon opens the read-only Permission Summary.,Yes
26359,Permission Summary,Permission Summary content is grouped and shows ON/OFF state for every setting,Passed,,"Content grouped (CRUD areas, Page Access, Settings sub-toggles, View mode, Cross-Cutting) and every setting clearly labeled with its ON/OFF state","Opened Service Manager Permission Summary. Content is grouped into all sections: Work orders, Schedule, Customer, Part sales, Catalog & Inventory, Vendor & order management, Invoicing & Payments, Timesheets, Page Access, Settings, View mode, Cross-Cutting, Reports. Every setting's ON/OFF state is shown via read-only (disabled) toggle/checkbox controls (17 toggles + 25 checkboxes) whose checked/unchecked (aria-checked true/false) state indicates ON vs OFF; View mode shows Full View vs Tech view. Controls are non-interactive (read-only).",Summary groups all setting categories and shows each setting's ON/OFF state via read-only checked/unchecked controls.,Yes
26360,CRUD Cascade Rules,Checking Create and Edit on Work orders auto-checks View,Passed,,View auto-checks; C&E checked; Delete unchecked,"WO View=ON, Create&Edit=ON, Delete=off",Matches expected cascade,Yes
26361,CRUD Cascade Rules,Checking Delete on Work orders auto-checks Create and Edit and View,Passed,,View+C&E auto-check; Delete checked,"WO View=ON, Create&Edit=ON, Delete=ON",Matches expected cascade,Yes
26362,CRUD Cascade Rules,Unchecking View on Work orders auto-unchecks Create and Edit and Delete,Passed,,C&E and Delete auto-uncheck; View unchecked,"After unchecking View: View=off, Create&Edit=off, Delete=off",Matches expected cascade,Yes
26363,CRUD Cascade Rules,Unchecking Create and Edit on Work orders auto-unchecks Delete; View remains,Passed,,Delete auto-unchecks; View remains; C&E unchecked,"After unchecking C&E: View=ON, Create&Edit=off, Delete=off",Matches expected cascade,Yes
26364,CRUD Cascade Rules,Cascade applies on Schedule card the same way,Passed,,"View, C&E, Delete all checked","Schedule View=ON, Create&Edit=ON, Delete=ON",Matches expected cascade,Yes
26365,CRUD Cascade Rules,Cascade applies on Customer Management card,Passed,,C&E and Delete uncheck automatically when View unchecked,"Customers card: after unchecking View, View=off, Create&Edit=off, Delete=off",Matches expected cascade,Yes
26366,CRUD Cascade Rules,Cascade applies on Part sales (no Financial confirmation modal when See Financial is ON),Failed,real,On 'Part sales' card: check Delete -> V/E/D all on; no Financial modal,No 'Part sales' card exists. Enabling Parts Department reveals a single consolidated 'Parts Department' CRUD card (V/E/D). On that card clicking Delete -> all three ON with NO financial modal (See Financial ON).,UI/spec mismatch: the separate 'Part sales' card named in the case does not exist in current UI (Parts consolidated into one 'Parts Department' card). Cascade+no-modal behavior verified on the consolidated card.,No
26367,CRUD Cascade Rules,Cascade applies on Catalog and Inventory,Failed,real,On 'Catalog and Inventory' card: incremental cascade V/E/D,No 'Catalog and Inventory' card exists. Parts is a single consolidated 'Parts Department' card in current UI.,UI/spec mismatch: named card absent; Parts consolidated into single 'Parts Department' card.,No
26368,CRUD Cascade Rules,Cascade applies on Vendor and order management,Failed,real,On 'Vendor and order management' card: check Delete -> V/E/D all on,No 'Vendor and order management' card exists. Parts is a single consolidated 'Parts Department' card in current UI.,UI/spec mismatch: named card absent; Parts consolidated into single 'Parts Department' card.,No
26369,CRUD Cascade Rules,Cascade applies on Invoicing and Payments (when See Financial is ON),Passed,,Check Delete -> V/E/D all on,"Invoicing & payments: View=ON, Create&Edit=ON, Delete=ON",Matches expected cascade,Yes
26370,CRUD Cascade Rules,Work order lines card has no View column (View inherited from Work orders),Passed,,Work orders shows View/Create&Edit/Delete; Work order lines shows Create&Edit/Delete only - NO View column,"Work orders columns: View, Create & Edit, Delete. Work order lines columns: [empty View slot], Create & Edit, Delete -> no View checkbox.",Matches expected: WOL has no View column,Yes
26371,CRUD Cascade Rules,Timesheets card has no View column (UI vs spec mismatch - note critical),Failed,real,Subtitle 'View and manage timesheets from work orders.'; Columns shown in UI: 'Create and Edit' and 'Delete',Timesheets card subtitle = 'Track and review technician labor hours and time entries.'; columns shown = 'View' and 'Create & Edit' (NO Delete column).,"Contradicts case's stated expected: current UI shows View+Create&Edit (no Delete), and a different subtitle. The case's documented columns (Create&Edit+Delete) no longer match the UI. Spec/UI discrepancy persists but in a different form than the case records.",No
26372,CRUD Cascade Rules,Checking Create and Edit on Work order Lines also auto-checks Work Order: View,Failed,real,Checking Create&Edit on Work order Lines auto-checks Work Orders View,"With Work Orders View off, clicking Work order lines 'Create & Edit' had no effect: WOL C&E stayed off and Work Orders View stayed off. WOL checkboxes are gated on Work Orders View (no upward auto-check).",Contradicts expected: there is no upward cascade. WOL cannot be enabled while WO View is off; checking it does not auto-enable WO View. (Confirmed WOL edits work only once WO View is on.),No
26373,CRUD Cascade Rules,Unchecking Work orders View clears Work Order lines Create and Edit and Delete,Passed,,WO View/C&E/Delete all uncheck AND WOL Create&Edit and Delete also uncheck,"Setup: WO all-on, WOL Create&Edit=ON Delete=ON. After unchecking WO View: WO View=off C&E=off Delete=off; WOL Create&Edit=off Delete=off.",Matches expected downward cascade,Yes
26374,Work Orders Permissions,Work Orders View grants list and detail access,Passed,,WO nav visible; list+detail load; no create/edit/delete affordances,"Work Orders nav present; list loaded; WO detail loaded read-only; no create button, no delete affordance",Behaves exactly as expected,Yes
26375,Work Orders Permissions,Work Orders Create and Edit enables creating and modifying WOs,Retest,,Create button visible; new WO created; edits persist; no delete,New button + New Work Order dialog (Customer/Asset selectors) present with Create+Edit and absent without it; no delete affordance. Could not complete end-to-end WO save/edit via automated custom dropdowns,Create affordance confirmed but full create+edit not completable in harness; needs manual confirm,No
26376,Work Orders Permissions,Work Orders Delete enables deleting WOs,Retest,,Delete action visible+clickable; confirm dialog; WO removed from list,"With Delete perm a delete affordance/text appears in the WO kebab menu (absent without perm per 26384), but menu detection was flaky and executing a real destructive delete on shared staging WO was not safe/reproducible in harness",Could not reliably execute full destructive delete flow in harness; needs manual confirm,No
26377,Work Orders Permissions,Work Orders View OFF hides the top-nav Work Orders item,Passed,,Work Orders not in top nav; other accessible items visible,Nav shows Schedule + Reports only; no Work Orders item,Behaves exactly as expected,Yes
26378,Work Orders Permissions,WO sub-toggles are visible but disabled when Work orders View is OFF in the role editor,Passed,,Review/Pick parts/Order parts sub-toggles visible but disabled when WO View OFF,All three sub-toggles present and disabled=true (q-toggle) with WO View OFF,Behaves exactly as expected,Yes
26379,Work Orders Permissions,Review work orders sub-toggle controls visibility of the Review action on WOs,Retest,,Review action visible with Review ON; disappears after toggling Review OFF (forced logout),Requires a WO in a state where Review is applicable plus a mid-test role edit + forced re-login; the available test WO was not in a reviewable state and this stateful two-phase flow could not be exercised in the automated harness,Needs specific WO review-state + mid-test role toggle; not drivable in harness,No
26380,Work Orders Permissions,"Pick parts requires only Work orders View, not Create and Edit",Retest,,Pick parts action available; pick/move parts succeed despite no WO Create/Edit,"fe-permissions correctly set (woPickParts present, no workOrdersCreateAndEdit). The test WO had no lines/parts to exercise the Pick parts action, and the line-level add/pick part flow could not be driven in the automated harness",No suitable WO line/part data + line-level pick flow not drivable in harness,No
26381,Work Orders Permissions,Order parts requires Work orders View AND See Financial Data (not Create and Edit),Retest,,Order Parts action available; PO create + receiving succeed with View+SFD (no Create/Edit),"fe-permissions correctly set (woOrderParts + seeFinancialData present, no workOrdersCreateAndEdit). Could not locate/exercise the Order Parts action on the available WO (no parts lines) nor drive PO create/receive in the automated harness",No suitable WO data + PO/order flow not drivable in harness,No
26382,Work Orders Permissions,Pick parts and Order parts toggles are independent,Retest,,Pick parts present/works; Order parts hidden/disabled,"fe-permissions correctly set (woPickParts present, woOrderParts absent). The test WO had no lines/parts, so neither the Pick parts nor Order parts affordances surfaced to compare; line-level flow not drivable in harness",No suitable WO line/part data to observe pick-present vs order-hidden; not drivable in harness,No
26383,Work Orders Permissions,"Without Create and Edit, create/edit affordances are hidden",Passed,,No create button; WO header read-only,No New Work Order/Create button; no edit affordances on WO detail,Behaves exactly as expected,Yes
26384,Work Orders Permissions,"Without Delete, no Delete affordance is visible on a WO",Passed,,No Delete action anywhere on WO detail,WO detail has no Delete affordance or delete text anywhere,Behaves exactly as expected,Yes
26385,Work Orders Permissions,WO create works even when Customers View is OFF (feature access vs data access),Passed,,Customers nav hidden; WO customer selector lists customers; WO saves,Customers nav hidden; New WO dialog customer selector lists 30 real customers (data reachable),Feature-access-vs-data-access boundary verified exactly as expected,Yes
26386,Work Orders Permissions,Customer name displays on WO header even when Customers View is OFF,Passed,,Customers nav hidden; customer name shown on WO header,Customers nav hidden; WO S9-25036 header shows customer 11 A new Company,Behaves exactly as expected,Yes
26387,Work Orders Permissions,Add Customer button hidden in New WO flow when Customer Management Create and Edit is OFF,Failed,real,Add Customer button NOT visible in New WO customer picker,"New Work Order dialog shows an Add button next to Customer; clicking it opens a fully functional New Customer form (Name*, Phone, Address, City, ZIP, State, Country, Notes, Website, IBS, Save = 17 fields). Dialog is identical with customersCreateAndEdit ON vs OFF",Add Customer affordance is visible AND functional despite Customer Management Create and Edit being OFF - contradicts Expected,No
26388,Work Orders Permissions,Add Asset button hidden in New WO flow when Customer Management Create and Edit is OFF,Failed,real,Add Asset button NOT visible in New WO asset picker,"New Work Order dialog shows an Add button next to Asset with customersCreateAndEdit OFF (dialog identical to C/E ON state). Same non-gated pattern as the Customer Add, which was proven to open a working create form",Add Asset affordance visible despite Customer Management Create and Edit OFF - contradicts Expected (verification via DOM visibility + parallel to confirmed non-gated Customer Add),No
27868,Work Orders Permissions,"Order Parts controls the Work Order Parts tab (ON shows it, OFF hides it)",Retest,,Order Parts ON -> WO Parts tab visible/openable; OFF -> WO Parts tab hidden/not accessible,"WO-level Parts tab element (href /workorders/{id}/parts, not in top nav) was rendered in BOTH Order Parts ON and OFF roles. Direct URL to the /parts sub-route returned page-not-found in both states (SPA needs WO context), and clicking the tab within the loaded WO did not reliably navigate in-harness, so the tab open/closed behavior could not be conclusively compared",Tab visibility appeared identical ON vs OFF (leans against OFF-hides-it) but could not fully drive/confirm tab open-close in harness; needs manual confirm,No
26389,Work Order Lines Permissions,WO lines visible whenever Work orders View is ON,Retest,,Lines visible (items/labor/parts); cannot edit; no Add line affordance,"In this harness a pure WO-View-only role cannot open an existing WO detail (deep-link and row-click to an existing WO consistently bounce back to /workorders for ALL roles incl. admin; only freshly-created WOs land on detail, and view-only cannot create). A fresh WO has no line items to display read-only. Confirmed separately (case 26393) that with Lines C&E OFF no add/edit affordances render",Cannot display existing lines as pure view-only in harness (existing-WO detail navigation bounces; view-only cannot create a WO with lines). Needs manual verification of read-only visible lines,No
26390,Work Order Lines Permissions,WO lines Create and Edit enables add / edit / move parts within WO / authorize / manage part requests,Retest,,All actions succeed (add/edit/move parts/authorize/manage part requests); lines persist,"Created WO, added a new line via New Line dialog - line persisted (Lines (1), 'ZZAUTOTEST ...' row). Authorized the line via Approve - status changed Needs Approval -> Approved and persisted. Line more_vert menu exposes Edit labor (opens functional Edit Labor dialog with technician selector + Save&Close), Request part, Add line note, Story history, Add inspection. Add + Authorize fully verified and persisted","Add and Authorize completed end-to-end and persist; edit/part-request affordances present and open functional dialogs, but a persisted edit-value change, move-part-between-lines, and manage-part-request could not be driven end-to-end in the harness (needs parts on multiple lines)",No
26391,Work Order Lines Permissions,WO lines Delete enables removing lines,Passed,,Line removed; WO totals update accordingly,"Created WO, added 2 lines; selected one, bulk-action menu offered 'Delete lines'; deleting removed it (Lines (2)->(1), only keep-me remained)",Behaves exactly as expected,Yes
26392,Work Order Lines Permissions,Work orders View OFF makes WO lines unreachable,Passed,,Work Orders nav hidden; no path to WO lines,Top nav shows only Schedule + Reports; no Work Orders item present,Behaves exactly as expected,Yes
26393,Work Order Lines Permissions,WO lines read-only when Create and Edit is OFF,Passed,,Add Line affordance hidden; existing line fields read-only,"On WO Lines page: button_new_line count=0, no add-line text button, button_line_bulk_action absent, no ShopCoach builder. Lines tab present but no mutation controls. Contrast: with Lines C&E ON, New Line + bulk action render","Add Line and all line-edit affordances hidden when Lines C&E OFF (FE-gated). Fresh WO had no pre-existing lines to display read-only, but no edit controls rendered",Yes
27271,Work Order Lines Permissions,ShopCoach Build Lines entry point hidden for Work-Orders-View-only role,Passed,,ShopCoach Build Lines entry point hidden for role without WO Lines Create & Edit,"With workOrderLinesCreateAndEdit OFF: no New Line button, and no ShopCoach LINE BUILDER / build-lines entry present (shopcoach entry absent). Contrast: role with Lines C&E ON shows 'AI - SHOPCOACH LINE BUILDER' in New Line dialog (case 27272)",ShopCoach Build Lines entry is gated by workOrderLinesCreateAndEdit; hidden when OFF. Role also had WO create (irrelevant to this gate),Yes
27272,Work Order Lines Permissions,ShopCoach Build Lines entry point shown for role with Work Order Lines Create & Edit,Passed,,ShopCoach Build Lines entry point shown for role with WO Lines Create & Edit,New Line button present; New Line dialog shows 'AI - SHOPCOACH LINE BUILDER' entry point,Behaves exactly as expected,Yes
27866,Work Order Lines Permissions,"Technician (default role, WO-Lines Create & Edit) can bulk-complete another tech's line via Set Line Status (SV-8042)",Retest,,Default Technician (own-data restricted) CAN bulk-complete another tech's Authorized line via Set Line Status (SV-8042 behavior),"Confirmed the 'Set line status' bulk action exists in the line bulk-action menu (menu options: Set line status, Delete lines, Split work order). However the case requires the DEFAULT Technician template role assigned to the test user AND a WO line in Authorized status assigned to a DIFFERENT technician, then bulk Set Line Status -> Complete. This multi-actor stateful setup (default-template role + cross-tech line assignment + Authorized status) could not be fully constructed/driven in the harness",Requires default Technician template role + a line assigned to a different tech in Authorized status; multi-actor setup not drivable in harness. Set-line-status bulk mechanism confirmed present. Needs manual verification of the SV-8042 own-data-bypass behavior,No
27870,Work Order Lines Permissions,WO Lines Create & Edit allows marking a core OK/Not-OK and adding line story/history,Retest,,Core OK/Not-OK control available+saves; line story/history entry adds+saves; both governed by Lines C&E,With Lines C&E ON the line more_vert menu exposes 'Story history' and 'Add line note' (line story capability present). The core OK/Not-OK control did NOT appear on a normal line (no core control text) because it requires a core-bearing part that has been RECEIVED and is awaiting core inspection - that data state could not be seeded in the harness (parts add+receive flow not drivable). Story-history opened a panel (not a simple dialog) and add-note could not be completed cleanly,Core inspection precondition (core-bearing part received awaiting inspection) not seedable in harness; core OK/Not-OK control not exercisable. Needs manual verification,No
26394,Schedule Permissions,Schedule View grants calendar access (shows all technicians),Passed,,Schedule page loads; appointments for ALL technicians visible; no create/edit/delete affordances,"With scheduleView only, 'Schedule' shows in top nav and /schedule loads a full calendar rendering 162 appointment/event elements spanning many work orders and customers (S9-24xxx..S9-25xxx, multiple customers) - clearly all users' appointments, not just the logged-in user's. No create/new-appointment affordance was present (only the nav item)","Calendar access granted, all appointments visible, read-only (no create affordance) as expected",Yes
26395,Schedule Permissions,Schedule Create and Edit enables create / modify / drag-and-drop,Retest,,"Create new appointment, assign technician, drag to new slot, and save all succeed","scheduleCreateAndEdit permission is effective (present in fe-permissions), but schedule creation is a click-to-create/drag interaction on the calendar grid with no persistent create button; the automation harness could not reliably click a calendar cell or perform drag-and-drop to exercise create/modify/save",Interactive create/modify/drag-drop flow could not be driven via the harness; needs manual verification,No
26396,Schedule Permissions,Schedule Delete enables removing appointments,Retest,,"Locate a test appointment, delete it, confirm, appointment removed",Deleting an appointment requires opening an appointment and using an in-calendar delete action; this interactive flow (and creating a disposable test appointment first) could not be reliably driven via the harness,Interactive delete flow could not be exercised via the harness; needs manual verification,No
26397,Schedule Permissions,Schedule View OFF hides top nav Schedule item,Passed,,No Schedule item in top nav when scheduleView OFF,"With scheduleView OFF (workOrdersView-only role), top nav shows only Work Orders + notifications; no Schedule item/link present",Schedule nav hidden when scheduleView off,Yes
27867,Schedule Permissions,Schedule Create and Edit only role opens Assign existing work order dialog and unscheduled WO list loads,Retest,,Assign existing work order dialog opens and the unscheduled-WO select renders options,"Could not trigger the Assign-existing-work-order dialog: it opens from clicking a day-resource calendar cell (no persistent button), which the harness could not reliably click; the precondition also requires WO view-mode OFF and a default workplace + a guaranteed unscheduled WO which could not be fully staged",Assign dialog is click-to-open on a resource cell and could not be driven; needs manual verification,No
26398,Customer Management Permissions,"Customer Management View grants customer records, contacts, vehicles, history access",Passed,,Customers nav visible; detail loads; contacts/vehicles/history viewable; no create/edit/delete affordances,Customers nav visible; customer detail tabs Work Orders/Part Sales/Contacts(populated)/Assets-vehicles(3)/Notes all viewable; zero create/edit/delete affordances,Read-only customer access as expected,Yes
26399,Customer Management Permissions,"Customer Management Create and Edit enables creating customers, contacts, vehicles",Passed,,Create customer/contact/vehicle + edit all succeed,"New Customer dialog opened; created a customer (saved, record opened); Edit modal with full fields + Save present; contacts/assets sub-tabs available",Create and edit succeed with Create&Edit permission,Yes
26400,Customer Management Permissions,Customer Management Delete removes the customer record,Passed,,Customer is deleted,Edit modal Delete -> Confirm deletion dialog -> confirmed; redirected to list; customer id absent from collection (deleted),Delete permission removes the customer record,Yes
26401,Customer Management Permissions,Customer Management Delete does NOT delete customer payments (requires Invoicing and Payments Delete),Passed,,No delete payment affordance; cannot delete payment,Customer Payments tab (4 payment rows) shows no delete/remove/void affordance on any payment,"Payment delete requires Invoicing & Payments Delete, not Customer Delete",Yes
26402,Customer Management Permissions,AP/AR OFF hides the 7 sensitive customer fields on the Edit Customer modal,Passed,,All 7 sensitive fields hidden; basic fields visible/editable,"Edit Customer modal hides all 7 sensitive fields (Credit Terms, Credit Limit, Default Labor Rate, Default Shop Supplies, Min and Max, Taxes, PO is required); basic fields visible",7 sensitive fields hidden with AP/AR OFF,Yes
26403,Customer Management Permissions,AP/AR ON shows the 7 sensitive customer fields on the Edit Customer modal,Passed,,All 7 sensitive fields visible on Edit Customer modal,"Edit Customer modal shows Credit Terms, Credit Limit, Default Labor Rate, Default Shop Supplies, Min and Max (separate inputs), Taxes, PO is required; basic fields also present",All 7 sensitive fields visible with AP/AR ON,Yes
26404,Customer Management Permissions,Customer Management View OFF hides top nav Customers item,Passed,,Customers NOT in top navigation,Top nav shows only Work Orders and Parts; Customers absent; /customers redirects to /workorders,Customers nav hidden with View OFF,Yes
26405,Customer Management Permissions,"Customer name remains visible on related records (WOs, invoices) when Customers nav is hidden",Passed,,Customer name shown on WO header and invoice; standalone customer page unreachable,"Standalone /customers redirects away; WO S9-25052 detail/finance shows customer reference ""new test"" + Contact ""Ahtsham Amjad"" + phone",Customer name reference visible on accessible records while standalone page unreachable,Yes
26406,Parts Department Permissions,Parts Department ON exposes exactly 3 child CRUD cards,Passed,,"Exactly 3 child CRUD cards (Part sales, Catalog and Inventory, Vendor and order management) each View/Create&Edit/Delete",Toggled Parts Department ON; exactly 3 child cards appeared with correct titles/descriptions and View/Create&Edit/Delete columns,Matches expected,Yes
26407,Parts Department Permissions,Parts Department parent OFF hides the 3 child cards,Passed,,3 child sub-cards no longer visible inside Parts Department card,"After toggling Parts Department OFF, all 3 child sub-cards were hidden",Matches expected,Yes
26408,Parts Department Permissions,Parts Department OFF in saved role hides Parts top-nav and inner pages,Passed,,'Parts' not in top nav; Part sales/Catalog/Vendor pages not reachable,Tech top-nav had only 'Work Orders'; /parts/part-sales redirected to /workorders,Matches expected,Yes
26409,Parts Department Permissions,Toggling Parts Department OFF then ON PRESERVES the 3 child CRUD selections,Passed,,"After OFF then ON, all 9 child checkboxes restored to previous selection",Set 6 of 9 checkboxes; OFF hid them; ON restored all 9 states exactly (PRESERVED=true),Matches expected,Yes
26410,Parts Department Permissions,Part sales View grants part sales records read access,Passed,,Part sales page loads; records visible; no create/edit/delete affordances,"Part Sales page loaded with 9 records incl Total Price (SFD on); no create button, no kebab, no edit/delete affordances",Matches expected,Yes
26411,Parts Department Permissions,Part sales Create and Edit enables create part sales / returns / transactions,Retest,,Create part sale / return / transaction all succeed,"Role assigned and fe-permissions confirmed, but the /parts/part-sales SPA route repeatedly failed to finish loading this session (goto never reached domcontentloaded; page.evaluate hung) while admin and catalog/vendor routes loaded fine; could not exercise create flow",Could not fully verify due to part-sales route instability this session; needs manual retest,No
26412,Parts Department Permissions,Part Sales Delete enables delete part sales and reverse Part Sales invoices,Retest,,Part sale deleted; Part Sales invoice reversed (gated by Part Sales Delete),Not executed - blocked by the same /parts/part-sales SPA route instability that prevented 26411,Could not verify (part-sales route unreachable this session); needs manual retest,No
26413,Parts Department Permissions,Catalog and Inventory View grants catalog and inventory read access,Passed,,All views load; no edit/delete affordances,"Catalog (32 entries) and Inventory (32 rows, levels) loaded read-only; no create/edit/delete buttons or kebab",Matches expected,Yes
26414,Parts Department Permissions,Catalog and Inventory Create and Edit enables create / edit / inventory adjustments (cost and price fields gated by See Financial Data),Passed,,"Create/edit/adjust succeed; cost&price visible+editable with SFD ON, hidden with SFD OFF",New Catalog Part save -> POST add-catalogue-part 201; edit form present; SFD ON showed Average Cost/Sell Price columns+fields; SFD OFF removed them; item still creatable,Matches expected,Yes
26415,Parts Department Permissions,Catalog and Inventory Delete removes catalog parts,Passed,,Part removed from catalog,"Created part (add-catalogue-part 201) then removed it (remove-catalogue-part {id} -> 200, data cleared)",Matches expected; backend delete succeeds with Delete perm,Yes
26416,Parts Department Permissions,Vendor and order management View grants vendor / PO / delivery visibility,Passed,,All views load; no edit/delete affordances,Vendors page (32 records) + Purchase Orders/Vendor Invoices/Returns tabs loaded read-only; no create/edit/delete/receive buttons or kebab,Matches expected,Yes
26417,Parts Department Permissions,Vendor and order management Create and Edit enables vendor / PO / receiving / returns,Retest,,"Create vendor, PO, receive delivery, create vendor invoice, return a part - all succeed","Capability unlocked: 'New Vendor' button present (absent under View-only), New Vendor form opens (Name required), Supply Chain sub-pages Returns/Purchase Orders/Vendor Invoices/Vendors all present; add-vendor API endpoint permission-reachable (returns 400 validation, never 403). Could not COMPLETE a full vendor save (UI blocked by Google Maps overlay; API create requires a valid tax_id UUID) and did not exercise PO/receiving/invoice/return end-to-end",Affordances/permission-gate confirmed but full 5-operation success not verified; needs manual retest,No
26418,Parts Department Permissions,Vendor and Order Management Delete enables vendor / PO delete + vendor transaction reversal,Retest,,Vendor and PO deleted; vendor transaction reversed (reverse lives in AP/AR-gated Payments tab per SV-7912),Not executed - deferred due to session time/tool budget after part-sales route instability consumed the window; heavy multi-step flow with AP/AR dependency,Not verified this session; needs manual retest,No
26419,Parts Department Permissions,Catalog and Inventory Create and Edit enables 'Return to Inventory' (restocking),Retest,,Return to Inventory possible with Vendor&Order Create&Edit; hidden with View-only,Not executed - requires an eligible part return plus a two-role affordance comparison; deferred due to tool budget,Not verified this session; needs manual retest,No
26420,Invoicing and Payments Permissions,Invoicing and Payments View grants Finance tab on WO and invoice visibility from WO/part sales,Passed,,Finance tab visible on WO; invoices accessible; no create/edit/reverse affordances,WO detail shows Finance tab; Finance view is read-only with only export/email/print actions - no create/edit/reverse/void/deposit/send-to-terminal buttons,Finance tab visible and read-only as expected,Yes
26421,Invoicing and Payments Permissions,Invoicing and Payments Create and Edit enables invoice creation and payment processing,Retest,,"Create invoice, process payment, modify invoice all succeed","Create Invoice affordance present on WO Finance tab (gated by Inv Create&Edit), but clicking it produced no invoice - test WO (estimate) does not meet invoice prerequisites (parts received + review completed per domain note); could not complete the create/payment/modify flow end-to-end",Affordance present but full functional invoice-creation flow not executable on available data - needs manual verify,No
26422,Invoicing and Payments Permissions,Invoicing and Payments Delete enables delete payments and void transactions (NOT reverse invoices),Passed,,Per-payment delete button IS present,Customer Payments tab shows per-payment delete-icon buttons (aria Delete); absent when Invoicing Delete OFF; no Reverse exposed on WO finance,"Per-payment delete present, gated by Invoicing Delete",Yes
26423,Invoicing and Payments Permissions,"Customer payment delete requires Invoicing and Payments Delete, NOT Customer Management Delete",Passed,,A blocked (no delete); B can delete despite lacking Customer Delete,A: no payment delete affordance; B: per-payment delete buttons present,"Payment delete gated by Invoicing Delete, not Customer Delete",Yes
26424,Invoicing and Payments Permissions,Enabling Invoicing and Payments Delete while Manage AP/AR is OFF prompts to enable AP/AR,Failed,real,Enabling Invoicing Delete while Manage AP/AR OFF opens an AP/AR modal,"On Create Role page with See Financial Data ON and ""View and Manage AP/AR Data"" switch OFF, clicking the Invoicing & payments Delete checkbox (directly, and after View+Create&Edit) enabled Delete with NO AP/AR modal appearing","No AP/AR prompt fires; Delete enables directly, contradicting expected",No
26425,Invoicing and Payments Permissions,See Financial Data OFF makes Invoicing and Payments inaccessible even with View+Edit+Delete,Passed,,Finance tab not present; no invoicing affordances; inaccessible due to SFD OFF,"WO tabs Lines/Parts/Notes/Stats, no Finance tab, no pricing; invoicing inaccessible despite V/E/D perms",SFD gate beats CRUD as expected,Yes
26426,Invoicing and Payments Permissions,Invoicing and Payments View OFF with See Financial ON: pricing visible but no invoice access,Passed,,Pricing visible on WO; Finance tab hidden; invoices unreachable,WO shows pricing ($232.43/$256.84/$269.68); Finance tab absent (tabs Lines/Parts/Notes/Stats),SFD ON shows pricing; no invoicing perm hides Finance tab,Yes
26427,Invoicing and Payments Permissions,Send to Terminal action requires Invoicing and Payments: Create and Edit,Retest,,Send to Terminal hidden for View-only; visible for Create&Edit; initiates terminal flow,WO Finance for view-only had only export/email/print (no Send to Terminal); for Create&Edit showed Create Invoice + Add Deposit but NOT Send to Terminal because the test WO is an estimate with no unpaid invoice - Send to Terminal appears on an unpaid invoice which could not be created,Requires an existing unpaid invoice to surface Send to Terminal; could not create one - needs manual verify,No
26428,Invoicing and Payments Permissions,Collecting Deposits on a work order requires Invoicing and Payments: Create and Edit,Passed,,Deposit action NOT visible for View-only user; visible for Create&Edit user,WO Finance tab shows Add Deposit action with Inv Create&Edit; view-only invoicing role had no deposit action (only export/email/print),Deposit action gated by Invoicing Create&Edit as expected,Yes
27740,Invoicing and Payments Permissions,"Invoicing & Payments delete-column label reads ""Delete / Reverse"" in the role editor",Passed,,"Invoicing & payments Delete column header reads ""Delete / Reverse""","In role editor, Invoicing & payments card headers read View, Create & Edit, Delete / Reverse; other cards use plain Delete",Label matches expected,Yes
26429,Timesheets Permissions,Timesheets card columns: spec/tech-plan canonical = View + Create and Edit (no Delete),Passed,,Timesheets card title 'Timesheets'; two columns 'View' and 'Create and Edit' with NO Delete (post CRP-FE-03),On /administration/roles-permissions/new the Timesheets card shows title 'Timesheets' and exactly two columns: 'View' and 'Create & Edit' — NO Delete column. Subtitle reads 'Track and review technician labor hours and time entries.' (differs from the case's older literal 'View and manage timesheets from work orders.'),"Canonical post-CRP-FE-03 column set (View + Create & Edit, no Delete) is present; subtitle copy variance noted but non-blocking (title + columns match)",Yes
26430,Timesheets Permissions,Timesheets View only: read-only access to timesheet entries,Passed,,Timesheet entries visible; no edit affordance (read-only),"With timesheetsView ON and Create&Edit OFF, the Timesheet Activities report (/reports/punch-clock-activities) displayed 31 timesheet entry rows; no edit/delete affordances (no edit icons/buttons) were present on the entries",Entries visible and read-only as expected,Yes
26431,Timesheets Permissions,Timesheets Create and Edit enables editing entries (both edit paths),Retest,,Editing a timesheet entry succeeds from both the report and the WO paths,"Timesheet Activities report displayed entries but the virtualized report rows were not interactable via the automation harness, so an edit dialog could not be opened to confirm a save succeeds; the report itself exposed no inline edit affordance in either View-only or Create&Edit config",Could not exercise the actual edit-and-save flow through the harness; needs manual verification,No
26432,Timesheets Permissions,Clock in/out is ALWAYS available regardless of Timesheets permission,Retest,,A basic clock in/out control is universally available and records attendance,"For the bare workOrdersView-only Tech no clock in/out control appeared in the top nav, avatar menu, WO list, or WO detail. By contrast the Admin session shows a 'Clock In' control with a live hours counter in the top nav, so clock capability appears tied to staff/department (clock-capable) settings rather than being unconditionally rendered for any role",Could not confirm 'always available' for this custom role; clock-in appears gated by staff/department clock-capability which was not configurable here - needs manual setup,No
26433,Timesheets Permissions,Timesheets View OFF + Reports ON: timesheet activities report is still accessible,Passed,,Timesheet activities report listed and accessible despite Timesheets View OFF,"With reportsPageAccess ON and timesheetsView OFF, /reports lists 'Timesheet Activities' (route /reports/punch-clock-activities); it opened as the default report view","Timesheet activities report follows Reports permission, accessible with timesheetsView OFF",Yes
26434,Timesheets Permissions,All Timesheets permissions OFF and Reports OFF: no timesheet navigation anywhere,Passed,,No top-nav/sidebar Timesheets entry; WO exposes no timesheet edit affordance; timesheet report not present,With all timesheets perms OFF and reports OFF: top nav shows only Work Orders + notifications (no Timesheets); avatar menu has Edit Profile/Change Location/Logout only (no My Timesheets); WO detail tabs are Lines/Parts/Notes/Stats with no timesheet section or edit affordance; no timesheet report reachable,No timesheet navigation or affordance anywhere as expected,Yes
27394,Timesheets Permissions,Clock-capable role without timesheetsView can see and open My Timesheets,Retest,,(case has no steps/expected populated) - clock-capable role lacking timesheetsView can still see/open My Timesheets,"No 'My Timesheets' entry appeared in the avatar menu or nav for the workOrdersView-only Tech; the mechanism that makes a role 'clock-capable' could not be configured via the role permission set, and the case has empty steps/expected",Cannot establish the clock-capable precondition via the harness and the case lacks acceptance criteria; needs manual verification,No
26435,Page Access Toggles,Reports ON grants Reports page access with all reports (no per-report granularity),Passed,,Reports top-nav item present; Reports page opens listing all reports with no per-report gating,"With reportsPageAccess ON, 'Reports' appears in top nav (link /reports). /reports opened showing full report list: Timesheet Activities, Sales, Technician Efficiency, Advisor Analysis, Shop Efficiency, Sales Tax Collected, IBS Batches, QB Unexported, Notes, Reminders — all present, none gated per-report",Reports page access granted with complete report list as specified,Yes
26436,Page Access Toggles,Reports OFF hides the top nav Reports item,Passed,,No Reports item in top nav when reportsPageAccess OFF,"With reportsPageAccess OFF (workOrdersView-only role), top nav shows only Work Orders + notifications; no Reports item, no /reports link",Reports nav hidden when permission off; confirmed against ON-state contrast,Yes
26437,Page Access Toggles,Customer portal ON enables managing the portal,Retest,,Customer portal management UI/navigation accessible,"With customerPortalPageAccess ON (also tried +settingsApp), no Customer Portal nav item or management entry point surfaced in top nav, /reports, /settings, or /administration/settings sidebar (App Settings shows Feature Flags/Settings/Staff/Roles/Locations/Departments only)",Could not locate the customer portal management entry point in the UI to verify the ON behavior; needs manual exploration,No
26438,Page Access Toggles,Customer portal OFF hides the portal navigation,Retest,,Customer portal navigation hidden when OFF,"With customerPortalPageAccess OFF no portal nav present — but the portal nav could not be located in any ON configuration either, so the toggle-gating could not be positively confirmed",Absent when OFF but ON-state entry point not found; cannot confirm the toggle actually gates it,No
26439,Page Access Toggles,Billing Portal ON enables managing the billing portal,Retest,,Billing portal management UI accessible,"With billingPortalPageAccess ON (also tried +settingsApp), no Billing Portal item appeared in top nav or the SETTINGS/App Settings sidebar (Feature Flags/Settings/Staff/Roles/Locations/Departments)",Could not locate the billing portal management entry point; needs manual exploration,No
26440,Page Access Toggles,Billing Portal OFF hides the SETTINGS sidebar Billing Portal item,Retest,,No Billing Portal item in SETTINGS sidebar when OFF,"No Billing Portal item present when OFF, but it also did not appear in any ON configuration tested, so toggle-gating could not be positively confirmed",Absent when OFF but ON-state item not found; cannot confirm the toggle gates it,No
26441,Settings Access,Settings ON reveals its indented sub-toggles,Passed,,"6 indented sub-toggles in order: App Settings, Service, Parts, Finance, Data Import, View/Manage Wages","Toggling Settings ON revealed exactly 6 indented sub-toggles in order: App Settings, Service, Parts, Finance, Data Import, View/Manage Wages. No 7th 'Integrations' sub-toggle (matches the case's noted build-vs-spec gap).",Matches expected (6 subs in order; Integrations absent as the case documents),Yes
26442,Settings Access,Settings parent OFF hides the 6 sub-toggles,Passed,,All 6 sub-toggle rows hidden/collapsed,With Settings ON there were 6 sub-toggles; toggling Settings OFF collapsed them to 0 (none visible).,Matches expected,Yes
26443,Settings Access,Saved role with Settings OFF: hides the SETTINGS sidebar group entirely,Passed,,SETTINGS sidebar group hidden - none of Company settings/Staff/Roles & Permissions/etc visible,Tech assigned a role with no settings sub-permissions. Navigating to /administration redirected to /workorders - the entire settings/administration area is inaccessible and no SETTINGS group appears.,Matches expected: Settings-off role has no SETTINGS group / admin area,Yes
26444,Settings Access,Toggling Settings parent OFF then ON PRESERVES the 6 sub-toggle selections,Passed,,"After OFF then ON: App Settings+Service+Wages still ON, Parts+Finance+Data Import still OFF","Set App Settings=ON, Service=ON, Wages=ON (Parts/Finance/Data Import OFF). Toggled Settings OFF (subs hidden), then ON: subs reappeared with App Settings=ON, Service=ON, View/Manage Wages=ON, Parts=OFF, Finance=OFF, Data Import=OFF - exactly preserved.",Matches expected: selections preserved across parent off/on,Yes
26445,Settings Access,App Settings sub-toggle ON enables Roles & Permissions / Staff,Passed,,"Company settings, Staff, Roles & Permissions visible in sidebar","With App Settings ON, the SETTINGS sidebar group showed Settings (Company settings), Staff, Roles & Permissions (plus Locations, Departments, Taxes).",Matches expected,Yes
26446,Settings Access,Service sub-toggle ON enables Service config sidebar items (Labor Rates / Canned Lines / Vehicle Types),Passed,,"SERVICE group visible with Labor Rates, Canned Lines, Vehicle Types","With Service ON (and all else off), the SERVICE group appeared with Labor Rates, Canned Lines, Asset Types, and Inspection Templates. Labor Rates and Canned Lines match; 'Vehicle Types' is now labeled 'Asset Types' in the current build.",Matches expected behavior (Service sub enables SERVICE config group). Note: 'Vehicle Types' item is now named 'Asset Types'.,Yes
26447,Settings Access,Parts sub-toggle ON enables Parts config sidebar items (Pricing / Categories),Passed,,PARTS group with Pricing and Categories visible,"PARTS sidebar group showed Pricing, Bin Locations, and Categories.",Matches expected (Pricing and Categories present),Yes
26448,Settings Access,Finance sub-toggle ON enables Finance items including QuickBooks (relocated from Integrations),Failed,real,FINANCE group with Payment Methods visible; QuickBooks entry present in Finance (not under Integrations),"FINANCE sidebar group showed only 'Payment Methods'. There was NO QuickBooks entry in Finance, nor anywhere else. The INTEGRATIONS group showed only 'IBS' (no QuickBooks).","Contradicts expected: QuickBooks is not present in the Finance group (nor anywhere). Payment Methods is present, but the required QuickBooks entry is missing.",No
26449,Settings Access,Data Import sub-toggle ON enables Imports sidebar items,Passed,,"IMPORTS group visible with Contacts, Assets, Vendors, Inventory, Invoices","IMPORTS sidebar group showed Contacts, Assets, Vendors, Inventory, Invoices - all five present.",Matches expected,Yes
26450,Settings Access,View/Manage Wages sub-toggle ON enables wage management,Passed,,Wage rate fields visible and editable,"With Wages ON, opening a staff member's 'Edit Staff Member' modal showed editable wage fields: 'Salary Type' (Hourly dropdown) and '$ Hourly Rate' input.",Matches expected: wage rate fields visible and editable,Yes
26451,Settings Access,"Sub-toggles operate independently (Service ON, Finance OFF)",Passed,,SERVICE items present; FINANCE items absent,"With only Service ON, sidebar showed the SERVICE group (Labor Rates, Canned Lines, Asset Types, Inspection Templates) and NO FINANCE group (and no other settings groups).",Matches expected: sub-toggles independent,Yes
27395,Settings Access,Turning off the last Settings sub auto-collapses the section,Passed,,Turning off the last enabled Settings sub-toggle auto-collapses the section,"With Settings parent ON and only App Settings ON, turning App Settings OFF (the last enabled sub) auto-set the Settings parent to OFF and collapsed all 6 sub-toggles (0 visible).",Matches the case title/expected: last-sub-off auto-collapses the section,Yes
26452,View Mode,Work orders card has 'Full View' and 'Tech view' pills,Passed,,"View mode section (subtitle 'Controls interface complexity, not access controls.') shows two pills: 'Full View' and 'Tech view'","Work orders card contains a 'View mode' section with subtitle 'Controls interface complexity, not access controls.' and two segmented pills: 'Full View' and 'Tech view'",Matches expected exactly,Yes
26453,View Mode,Full View info panel text,Passed,,"Info panel titled 'Full View': 'Complete interface with all fields visible and editable (subject to CRUD permissions). The estimate column shows the actual estimate value. Full parts request form with all fields. All workflow actions available (approve, review, split etc...).'","With Full View selected the info panel reads exactly: 'Full View - Complete interface with all fields visible and editable (subject to CRUD permissions). The estimate column shows the actual estimate value. Full parts request form with all fields. All workflow actions available (approve, review, split etc...).'",Info panel text matches expected verbatim,Yes
26454,View Mode,Tech view info panel text (pill disabled until a WO CRUD permission is enabled),Passed,,"Blank editor: Tech view pill DISABLED until a Work orders CRUD is enabled; after enabling Work orders View, Tech view panel shows 'Simplified interface focused on the technician workflow. Non-essential fields are hidden to reduce clutter, and only the actions a technician needs day-to-day are shown.'",In blank editor the Tech view pill is DISABLED (isDisabled=true). After clicking the Work orders 'View' checkbox the Tech view pill became enabled (isDisabled=false); selecting it surfaced the info panel containing 'Simplified interface focused on the technician workflow...',Disabled-until-CRUD gating and Tech view panel text both confirmed,Yes
26455,View Mode,Tech view restriction 1: Estimate column shows Tech Time value,Retest,,In Tech view the 'Estimate' column shows the Tech Time value (e.g. '2h') not the dollar estimate,"WO lines area shows a combined 'Actual/Estimate' column in both Tech and Full view; the available test WO line is a shop-supplies/part line, so a labor line with distinct Estimate=$ vs Tech Time=hours could not be staged to confirm the column renders hours vs dollars",Needs a WO with a labor line carrying distinct Estimate and Tech Time values to verify the swap; not stageable via harness,No
26456,View Mode,Tech view restriction 2: tech time input field is hidden on WO lines,Retest,,No tech time input field rendered on lines in Tech view,"The line editor is an inline (non-modal) panel; no field explicitly labelled 'tech time' was found, but an hours input placeholder ('#.## hours') is present, and the inline panel could not be cleanly isolated from surrounding WO fields to make a definitive determination",Inline line editor not cleanly isolable via harness; needs manual confirmation of the tech-time input's absence,No
26457,View Mode,Tech view restriction 3: cannot approve work orders (approve button hidden),Passed,,No Approve WO button present in Tech view,1:1 comparison on the same WO (047ffbc5): Full View shows an 'Approve' action button; Tech View shows no Approve button anywhere (only 'New Line' and an edit-shop-supplies affordance),"Approve WO button hidden in Tech view, confirmed against Full View on the same WO",Yes
26458,View Mode,Tech view restriction 4: cannot approve work order lines,Retest,,No approve-line action visible on individual lines,"No approve/authorize action appeared among visible Tech-view buttons, but the line-level more_vert action menu could not be opened via the automation harness (it did not open in Full view either), so the line-level approve action's absence could not be positively confirmed",Line-level action menu not drivable via harness; needs manual verification,No
26459,View Mode,Tech view restriction 6: labor rate columns and fields hidden on WO lines,Retest,,Labor rate columns/fields hidden in Tech view even with See Financial Data ON,"Tech view (SFD ON) shows a generic 'Rate' column which is SFD-gated (disappears when SFD OFF) — this appears to be the part rate, not a labor rate; the test WO line is not a labor line, so a labor-rate-specific column/field could not be isolated to confirm it is hidden by Tech view",Needs a WO with a labor line to isolate the labor-rate column/field; not stageable via harness,No
26460,View Mode,Tech view restriction 7: parts request form shows simplified subset of fields,Retest,,Parts request form shows fewer fields than Full View version,Could not reliably open/isolate the parts request form in both Tech and Full view via the harness to compare field counts,Parts request form flow not drivable via harness; needs manual side-by-side comparison,No
26461,View Mode,"Tech view restriction 8: cannot edit existing WO lines, only create new",Retest,,Existing line read-only; new line can be added,"Tech view exposes a functional 'New Line' create form (consistent with 'create new'), and no edit affordance was visible on the existing line row; however the line-level edit menu/row-click could not be driven via harness to positively confirm the existing line is read-only (vs a harness limitation)",Existing-line edit path not drivable via harness to confirm read-only; needs manual verification,No
26462,View Mode,Tech view restriction 9: line becomes read-only after authorization is approved,Retest,,"Pending line editable; after another user approves it, the Tech-view user cannot edit it (read-only)","Requires a multi-user authorization flow (create pending line as Tech, approve as a second user with approve rights, then re-check as Tech) which was not executed via the harness",Multi-user approval flow not executed; needs manual verification,No
26463,View Mode,"View mode is UX-only, not a security boundary",Retest,,"Add a new line, edit allowed fields, save; save persists (CRUD intact, only UI simplified)","Tech view exposes a fully functional New Line editor with editable fields (Title, description, hours, labor rate) and 'Save & Add Line'/'Save & Add Part' buttons, and the role retains workOrderLinesCreateAndEdit at the permission/data layer - consistent with view mode being UX-only. However the automated save could not be completed through the inline editor (field targeting timed out), so persistence was not directly confirmed",Save action could not be completed via harness to confirm persistence; CRUD affordances present but end-to-end save unverified,No
26464,View Mode,"Financial column visibility controlled by See Financial Data, not View mode",Passed,,"User A (Full, SFD OFF) sees NO financial data; User B (Tech, SFD ON) sees parts pricing/totals","Same WO 047ffbc5 line columns: Tech+SFD ON = [...,Rate, Margin, Total] (pricing visible); Full+SFD ON = same (pricing visible); Full+SFD OFF = [Name/Description, Actual/Estimate, Progress, Status, Action] with NO Rate/Margin/Total. So pricing columns follow See Financial Data regardless of view mode","Financial columns appear only when See Financial Data is ON, independent of Full/Tech view mode",Yes
26465,View Mode,Tech view restriction (new): 'Send to Portal' button is hidden,Passed,,'Send to Portal' not visible anywhere on the WO in Tech view,"1:1 comparison on the same WO (047ffbc5): Full View shows a 'Send to Portal' (how_to_reg) button; Tech View shows no 'Send to Portal' button in header, line-level, or action buttons","Send to Portal hidden in Tech view, confirmed against Full View on the same WO",Yes
26466,View Mode,Full View user who can approve a WOL: 'Send to Portal' button is visible,Passed,,'Send to Portal' button visible (Full View + ability to approve WOL); clicking initiates the Send to Portal flow,"On WO 047ffbc5 in Full View with WOL Create&Edit + Review Work Orders + Customer Portal ON, the 'Send to Portal' (how_to_reg) button is visible alongside 'Approve' and 'New Line'",Send to Portal button visible in Full View with approve-WOL ability (the gating behavior); actual click/send intentionally not executed to avoid customer-facing side effects on shared staging,Yes
26467,See Financial Data,See Financial Data toggle exists in Cross-Cutting Toggles card,Passed,,Cross-Cutting Toggles card visible; first toggle titled 'See Financial Data'; switch on the right (case's expected subtitle is a documented placeholder-bug),"Card visible; first toggle titled 'See Financial Data'; switch on right (switchX 1447 > labelX 341); subtitle now shows correct descriptive text 'Controls visibility of pricing, cost, and margin data...' (placeholder bug appears fixed)",Toggle exists in the card exactly as the case asserts; subtitle placeholder-bug resolved,Yes
26468,See Financial Data,"See Financial Data ON: pricing, costs, margins, labor rates visible app-wide",Passed,,"All financial fields (pricing, costs, margins, labor rates) visible across WO lines, Catalog/Inventory, Reports","WO detail S9-25052 shows Labor $232.43, Subtotal $256.84, Total $269.68 and line table Rate/Margin/Total columns; Parts>Inventory shows cost/price dollar values; Reports>Sales shows $139.02/$464.86/$513.67 etc.",Financial fields visible app-wide with SFD ON as expected,Yes
26469,See Financial Data,"See Financial Data OFF: dollar amounts, rates, costs, margins hidden everywhere",Failed,real,No financial data displayed on ANY page (incl. Reports per step 5); CRUD works but pricing hidden everywhere,"SFD OFF correctly hides ALL dollar amounts on Work Orders list, WO detail/lines (Rate/Margin/Total columns removed), Customers, Parts>Inventory, and Vendors (0 dollar values each). BUT Reports>Sales still displays financial figures (210 dollar values incl. $139.02, $464.86, $513.67)","Reports > Sales report still shows financial data with SFD OFF, contradicting 'no financial data on any page'. Note: SFD's own description scopes it to 'work orders, parts, and invoices' (excludes Reports), so this may be by-design with Reports gated only by reportsPageAccess",No
26470,See Financial Data,See Financial OFF makes Part sales and Invoicing and Payments inaccessible even with View+Edit+Delete,Passed,,Both Part sales and Invoicing & Payments inaccessible despite CRUD ON; SFD gate beats CRUD,fe-permissions confirmed all 6 CRUD perms present with seeFinancialData=false. As Tech: /parts redirects to /workorders (Part sales area not reachable; residual dead 'Parts' nav item also redirects); WO detail shows only Lines/Notes/Stats tabs with no Invoicing/Payments tab or invoice affordance,"SFD gate blocks both areas at runtime despite CRUD grants, as expected",Yes
26471,See Financial Data,Enabling Part Sales Create & Edit while See Financial Data OFF prompts to enable it,Passed,,Checking Part sales View/Create&Edit while SFD OFF fires a modal 'Enable See Financial Data?',"Checking Part sales View fires modal titled 'Enable See Financial Data?', body 'Part Sales requires See Financial Data. Enable it to grant this permission?', Cancel/Enable buttons; same for Create & Edit",Prompt fires as expected,Yes
26472,See Financial Data,Confirmation modal Confirm: auto-enables See Financial and applies the checkbox,Passed,,Modal closes; See Financial Data ON; Part sales View remains checked,"After clicking Enable: modal closed, SFD toggle aria-checked=true, Part sales View aria-checked=true",Matches expected,Yes
26473,See Financial Data,Confirmation modal Cancel: reverts the checkbox change,Passed,,Modal closes; Part sales View unchecked; See Financial Data remains OFF,"After clicking Cancel (cancel_financial_data_confirm): modal closed, Part sales View aria-checked=false, SFD aria-checked=false",Matches expected,Yes
26474,See Financial Data,Same confirmation modal fires for Invoicing & Payments while See Financial Data OFF,Passed,,"Modal 'Enable See Financial Data?', body names Invoicing & Payments, Cancel/Enable",Invoicing & payments Create & Edit fires modal 'Enable See Financial Data?' body 'Invoicing & Payments requires See Financial Data. Enable it to grant this permission?' Cancel/Enable; only resource name differs from Part Sales modal,Matches expected,Yes
26475,See Financial Data,"Turning See Financial OFF auto-clears Part sales, Invoicing and Payments CRUDs, and the Order Parts sub-toggle",Failed,real,Turning SFD OFF auto-unchecks all 6 Part sales + Invoicing CRUD checkboxes AND auto-clears the Order Parts sub-toggle (Order Parts requires SFD),"Set SFD ON + Part sales V/E/D + Invoicing V/E/D + WO View + Order Parts ON. Turning SFD OFF shows confirm 'Disabling See Financial Data will also disable Part Sales and Invoicing & Payments. Continue?'; after Disable the 6 Part sales/Invoicing CRUD checkboxes are cleared/removed, BUT the Order Parts sub-toggle remained ON (aria-checked=true) and is not mentioned in the dialog","Order Parts sub-toggle is NOT auto-cleared when SFD is turned off, contradicting expected point 2/3",No
27869,See Financial Data,Enabling Order Parts while See Financial Data is OFF prompts to also enable See Financial Data,Failed,real,Turning ON Order Parts while SFD OFF triggers a prompt to enable SFD; accepting turns SFD ON; cannot end with Order Parts ON while SFD OFF,"With SFD OFF and Work Orders View ON (required to enable Order Parts), toggling Order Parts ON produced NO prompt/modal; Order Parts ended ON (aria-checked=true) while SFD remained OFF (aria-checked=false)","No prompt appears and Order Parts can be enabled while SFD is OFF, directly contradicting expected",No
26476,Manage Accounts Payable and Receivable,AP/AR ON shows Unpaid Invoices / Payments / Credits tabs on Customer detail,Passed,,"Unpaid Invoices, Payments, Credits tabs visible on customer detail","Customer detail shows 3 AP/AR-gated financial tabs: Invoices, Payments, Deposits (disappear when AP/AR OFF). Labels differ from spec (Invoices/Payments/Deposits vs Unpaid Invoices/Payments/Credits) - cosmetic mismatch",3 AP/AR financial tabs present with AP/AR ON; gating confirmed by ON/OFF diff,Yes
26477,Manage Accounts Payable and Receivable,AP/AR ON shows the same 3 tabs on Vendor detail,Retest,,"Unpaid Invoices, Payments, Credits tabs visible on vendor detail","Vendor detail (00650021) shows Contacts, Unpaid Invoices, Payments - only 2 of the 3 AP/AR tabs; no Credits tab appeared on this vendor. Tabs are AP/AR-gated (vanish when OFF)",Only 2 of 3 tabs present; Credits tab not observed (likely vendor lacks credit records) - needs manual verify on a vendor with credits,No
26478,Manage Accounts Payable and Receivable,Reports ON: all 6 AP/AR aging reports listed (regardless of Manage AP/AR),Passed,,All 6 AP/AR aging reports listed under Reports,"Reports page lists all 6: A/R Aging Summary, A/R Aging Detail, A/R Aging Collection, A/P Aging Summary, A/P Aging Detail, A/P Unpaid Invoices",All 6 aging reports present with Reports ON,Yes
26479,Manage Accounts Payable and Receivable,AP/AR ON enables bulk payments from the Unpaid Invoices tab,Retest,,Bulk payment action available and succeeds,"Could not execute a real bulk payment: verifying requires a customer with multiple unpaid invoices and completing a live payment, which was not safely executable in this run",Functional bulk-payment execution not completed - needs manual verify,No
26480,Manage Accounts Payable and Receivable,AP/AR OFF hides the 3 tabs on Customer detail,Passed,,"Unpaid Invoices, Payments, Credits tabs NOT present","Customer detail shows only Work Orders, Part Sales, Contacts, Assets, Notes; the 3 financial tabs (Invoices/Payments/Deposits) are hidden",AP/AR financial tabs hidden with AP/AR OFF,Yes
26481,Manage Accounts Payable and Receivable,AP/AR OFF hides the 3 tabs on Vendor detail,Passed,,"Unpaid Invoices, Payments, Credits tabs NOT present",Vendor detail shows only Contacts tab; Unpaid Invoices and Payments tabs hidden,AP/AR vendor tabs hidden with AP/AR OFF,Yes
26482,Manage Accounts Payable and Receivable,AP/AR OFF + Reports ON: all 6 AP/AR aging reports are STILL visible (aging follows the Reports permission),Failed,real,All 6 AP/AR aging reports STILL listed/openable with AP/AR OFF (aging follows Reports permission),"With Reports ON and AP/AR OFF, the Reports page lists ONLY Sales and Sales Tax Collected; ALL 6 aging reports (A/R Aging Summary/Detail/Collection, A/P Aging Summary/Detail, A/P Unpaid Invoices) are hidden. They appear only when AP/AR is ON","Aging reports are STILL gated by Manage AP/AR, contradicting the updated spec that they follow the Reports permission",No
26483,Manage Accounts Payable and Receivable,AP/AR OFF hides the 7 sensitive customer fields on Edit Customer modal,Passed,,All 7 sensitive fields hidden; basic fields visible,"Edit Customer modal hides all 7 (Credit Terms, Credit Limit, Default Labor Rate, Default Shop Supplies, Min and Max, Taxes, PO is required); Name/Phone/Address/City visible",7 sensitive fields hidden with AP/AR OFF; confirmed by diff,Yes
26484,Manage Accounts Payable and Receivable,AP/AR OFF still allows invoice creation and payment processing if Invoicing and Payments perms allow,Retest,,Invoice creation + payment both succeed with AP/AR OFF; AP/AR-only views hidden,"With AP/AR OFF the invoicing area is fully available/unblocked (Finance tab + Create Invoice + Add Deposit present, same as AP/AR ON) and AP/AR-only views are hidden; however full end-to-end invoice creation + payment could not be executed on the test WO (estimate lacking invoice prerequisites)","Invoicing confirmed unblocked by AP/AR OFF, but functional create+payment not executed - needs manual verify",No
26485,Manage Accounts Payable and Receivable,AP/AR independent from See Financial Data,Passed,,Pricing visible on WO; AP/AR tabs hidden on customer,WO Finance tab shows pricing ($232.43/$256.84/$269.68 etc); customer detail has no AP/AR tabs,SFD and AP/AR toggles independent as expected,Yes
26486,Manage Accounts Payable and Receivable,AP/AR OFF does NOT block any CRUD area,Not Run,,,,,No
26488,View History Logs,View History Logs ON: WO-level and line-level history visible (plus part sales and parts orders),Blocked,,"With VHL ON: WO-level history, line-level history, part sale history, and PO history all visible","PARTIAL/CONFIRMED for WO-level: created a custom role with exactly [workOrdersView, woFullViewMode, viewHistoryLogs], assigned to throwaway Tech, logged in as Tech (fe-permissions confirmed those 3 keys incl. viewHistoryLogs). On the work order the WO-level history IS visible: a 'History (3)' control is present and the WO kebab menu shows an 'Audit Log' item. Line-level, part-sale, and parts-order (PO) history surfaces were NOT individually exercised within tool budget.","Blocked/partial: WO-level history visibility gated by View History Logs is confirmed (visible when VHL ON). Ran out of tool budget before verifying line-level, part-sale, and PO history surfaces. Tech restored to Time Clock and the custom role deleted.",No
26489,View History Logs,View History Logs OFF: WO-level and line-level history hidden everywhere,Blocked,,"With VHL OFF: WO-level, line-level, part-sale, and PO history all hidden","Not conclusively verified. Attempted to flip the custom role's View History Logs toggle OFF via the Edit Role UI, but the Save/Confirm did not persist (Tech still retained viewHistoryLogs). A second attempt to create a fresh no-VHL role (WO View only) did not complete (likely the identical-permissions 'Create Anyway' prompt timing). Ran out of tool budget before establishing the OFF state.",Blocked: could not reliably produce the VHL-OFF state within remaining tool budget (edit-save of the toggle-off did not persist; no-VHL role create did not complete). The ON state was confirmed (see 26488). Tech restored to Time Clock; all test roles deleted.,No
26490,Staff Page Role Assignment,Staff page role dropdown groups roles into System Roles and Custom Roles sections,Failed,stale,"Dropdown shows two grouped sections: 'System Roles' with all 12 built-in roles, and 'Custom Roles'","Role dropdown in Edit Staff Member modal DOES show two grouped sections with headers 'SYSTEM' and 'CUSTOM'. SYSTEM section lists 11 built-in roles: Admin, Foreman, Office, Parts Manager, Parts Tech, Sales Representative, Senior Service Advisor, Service Advisor, Service Manager, Technician, Time Clock. CUSTOM section lists all admin-created roles.","stale case — behavior OK: grouping into two sections is present and correct, but headers are 'SYSTEM'/'CUSTOM' (not 'System Roles'/'Custom Roles') and SYSTEM contains 11 built-in roles, not the 12 the case expects. Deviates from stated expected wording/count so not logged as pass.",No
26491,Staff Page Role Assignment,View Permissions button next to role selector opens the Permission Summary,Passed,,Read-only Permission Summary opens showing Parts Manager's full permission set,"In Edit Staff Member modal, selected 'Parts Manager' in Role select, clicked the eye (View Permissions) icon beside it. A read-only modal titled 'Parts Manager — Permissions' opened showing the full permission set (Work orders View/Create&Edit checkboxes, View mode Full View, Review work orders/Pick parts/Order parts toggles, Work order lines, Schedule, Customers, etc.). Toggles/checkboxes render display-only.",Behavior matches: View Permissions control opens read-only permission summary for the selected role (Parts Manager) showing its full permission set.,Yes
26492,Staff Page Role Assignment,Changing user's role triggers immediate forced logout,Passed,,Step 3: user forced to login immediately; Step 4: after re-login new-role perms in effect,"Held an authenticated Tech session (Time Clock, 3 perms, /api/auth/me/fe-permissions=200). As Admin changed Tech's role to Technician (201). The held session's very next request immediately returned HTTP 409 'Session has expired.' (at +0ms, +1.5s, +3s). A fresh Tech login then returned the new Technician perms (7, view_mode=tech). Restored Tech to Time Clock afterward.",Behavior matches: role change immediately invalidates the user's existing session (409 Session has expired) forcing re-login; after re-login the new role's permissions are in effect.,Yes
26493,Staff Page Role Assignment,Failed role change preserves the previous role,Passed,,Step 2: on failure an error toast appears; Step 3: previous role PRESERVED (change did not persist),"Tech on Time Clock (3 perms). As Admin, submitted a role change with an invalid role_id; server returned HTTP 500 error (error payload -> FE surfaces error toast). Re-checked Tech: still Time Clock (3 perms, view_mode null) — the failed change did NOT persist.",Behavior matches core assertion: a failed role-change save returns an error (5xx) and the previous role is preserved. Exact error-toast wording not visually captured (the case itself notes a genuine server-error string can't be triggered on demand); a real 5xx failure was produced and preservation confirmed via API.,Yes
26494,Staff Page Role Assignment,Logged-in user is immediately kicked when their role changes,Passed,,User's next action redirects to login page immediately,"With an active held Tech session, Admin changed Tech's role. The held session's immediate next request returned HTTP 409 'Session has expired.' with no delay, i.e. the user is kicked and the next action redirects to login.",Behavior matches: the active session is immediately invalidated on role change; next action forces login.,Yes
26495,Per-Role Verification,Administrator: full system access (now subsumes legacy Owner per spec 6/10),Passed,,"All CRUD full, all toggles ON, all settings subs ON, Wages ON, view=Full, Fin/AP-AR/History ON","GET /api/roles/{Admin} via admin session: 41 fe_permissions. All CRUD areas full V/E/D (WO,WOL,schedule,customers,partSales,catalogInventory,vendorOrderManagement,invoicingPayments V/E/D; timesheets V/E). All page toggles ON (reports, customerPortal, billingPortal). All 6 settings subs ON (App,Service,Parts,Finance,DataImport,Wages). WO subs ON (review,pick,order). view_mode=full. cross_toggles seeFinancialData/seeApArData/viewHistoryLogs all true. Matches Admin matrix; Customer Portal=ON matches spec body matrix and case 26506.",Live role permissions match the Administrator matrix column exactly.,Yes
26496,Per-Role Verification,"Service Manager: full ops, limited Settings (App + Wages only)",Failed,stale,"WO V/E/D, WOL E+D, Schedule V/E/D, Customer V/E/D, PartSales V/E/D, Catalog V/E/D, Vendor V/E/D, Invoicing V+E, Timesheets V/E; Reports ON, Customer portal OFF, Settings App+Wages only, view Full, Fin/AP-AR/History ON","GET role: 36 perms. All CRUD match (WO/schedule/customers/partSales/catalog/vendor V/E/D, WOL E+D, invoicing V+E no delete, timesheets V+E). Settings subs = App+Wages only. WO subs ON. view=full. cross all ON. Reports ON, Billing ON. BUT customerPortalPageAccess is ON (spec step 2 says Customer portal OFF).",Stale case - behavior OK: SM Customer Portal is ON per 6/10 change and dedicated case 26506 (SM=ON); spec step 2 'OFF' is outdated. All other perms match.,No
26497,Per-Role Verification,"Senior Service Advisor: expanded access including Customer portal, AP/AR, Reports",Passed,,"WO V/E/D, WOL E+D, Schedule V/E/D, Customer V+E, PartSales V/E/D, Catalog V+E, Vendor V/E/D, Invoicing V/E/D; Reports ON, Customer portal ON, Settings OFF, Billing OFF, view Full, Fin/AP-AR/History ON","GET role: 32 perms. WO V/E/D, WOL E+D, schedule V/E/D, customers V+E (no delete), partSales V/E/D, catalog V+E (no delete), vendor V/E/D, invoicing V/E/D, timesheets V+E. reportsPageAccess ON, customerPortalPageAccess ON, no settings subs, no billingPortal. view=full. cross Fin/AP-AR/History all true. Matches Sr SA column.",Live role permissions match the Senior Service Advisor matrix column exactly.,Yes
26498,Per-Role Verification,Service Advisor: WO/customer mgmt with invoicing; AP/AR OFF,Passed,,"WO V+E, WOL E+D, Schedule V/E/D, Customer V+E, PartSales V+E, Catalog V+E, Vendor V+E, Invoicing V/E/D; Reports OFF, Customer portal ON, Settings OFF, view Full, Fin ON, AP/AR OFF, History ON","GET role: 26 perms. WO V+E (no delete), WOL E+D, schedule V/E/D, customers V+E, partSales V+E, catalog V+E, vendor V+E, invoicing V/E/D, timesheets V. No reportsPageAccess, customerPortalPageAccess ON, no settings, no billing. WO subs ON. view=full. cross seeFinancialData=true, seeApArData=false, viewHistoryLogs=true. AP/AR OFF confirms 7 sensitive customer fields would be hidden.",Live role permissions match the Service Advisor matrix column exactly incl AP/AR OFF.,Yes
26499,Per-Role Verification,Foreman: WO/Customer ops with full Parts Dept; cannot edit timesheets,Passed,,"WO V+E, WOL E+D, Schedule V/E/D, Customer V+E, PartSales V, Catalog V+E, Vendor V+E, Invoicing V+E, Timesheets V only; Reports OFF, Customer portal OFF, view Full, Fin ON, AP/AR OFF, History ON","GET role: 23 perms. WO V+E (no delete), WOL E+D, schedule V/E/D, customers V+E, partSales V only, catalog V+E, vendor V+E, invoicing V+E (no delete), timesheets V only (cannot edit). No reports, no customerPortal, no settings, no billing. WO subs ON. view=full. cross Fin=true, AP/AR=false, History=true. Matches Foreman column.",Live role permissions match the Foreman matrix column exactly incl timesheets read-only.,Yes
26500,Per-Role Verification,"Technician: Tech view, WO View only, Pick parts ON, no Reports",Failed,stale,"WO View only (no Edit/Delete), WOL E, Schedule V, Customer V, all parts/invoicing/timesheets OFF, Reports OFF, Parts Dept OFF, view=Tech, Pick ON, cross all OFF","GET role: 7 perms = customersView,scheduleView,woPickParts,woTechViewMode,workOrderLinesCreateAndEdit,workOrdersCreateAndEdit,workOrdersView. view_mode=tech, cross all false, Pick ON, WOL Create&Edit present, Reports/Parts/Settings OFF. BUT WO includes workOrdersCreateAndEdit (V+E) whereas spec expects WO View-only.","Technician system role includes workOrdersCreateAndEdit (WO View+Edit); spec expected WO View-only. Possible over-grant or stale spec (Technician default role has WO-Lines Create&Edit per case 27866). Not a clean match, not logged.",No
26501,Per-Role Verification,Parts Manager: full Parts Dept; no WO/WOL Delete; Schedule View only; limited Settings,Passed,,"WO V+E, WOL E, Schedule V, Customer V/E/D, PartSales V/E/D, Catalog V/E/D, Vendor V/E/D, Invoicing V/E/D, Timesheets OFF; Reports ON, Customer portal ON, Settings Parts+Finance+DataImport, Billing OFF, view Full, cross all ON","GET role: 31 perms. WO V+E (no delete), WOL E (no delete), schedule V only, customers V/E/D, partSales V/E/D, catalog V/E/D, vendor V/E/D, invoicing V/E/D, no timesheets. reports ON, customerPortal ON, settings=Parts+Finance+DataImport (App/Service/Wages OFF), no billing. WO subs ON. view=full. cross all true. Matches Parts Mgr column.",Live role permissions match the Parts Manager matrix column exactly.,Yes
26502,Per-Role Verification,"Parts Tech: parts ops + vendor mgmt; gains Pick/Order parts, Invoicing and Payments View+Edit, History",Passed,,"WO V, WOL OFF, Schedule V, Customer V+E, PartSales V+E, Catalog V+E, Vendor V/E/D, Invoicing V+E, Timesheets V; Reports OFF, Customer portal OFF, view Full, Review OFF/Pick ON/Order ON, Fin ON, AP/AR OFF, History ON","GET role: 19 perms. WO V only, no WOL codes, schedule V, customers V+E, partSales V+E, catalog V+E, vendor V/E/D, invoicing V+E, timesheets V. No reports, no customerPortal, no settings. WO subs: no review, woPickParts ON, woOrderParts ON. view=full. cross Fin=true, AP/AR=false, History=true. Matches Parts Tech column.",Live role permissions match the Parts Tech matrix column exactly.,Yes
26503,Per-Role Verification,Office: full Customer Mgmt incl Delete; Catalog View only; non-editable role,Passed,,"WO V, WOL OFF, Schedule V, Customer V/E/D, PartSales V, Catalog V, Vendor V, Invoicing V, Timesheets V+E; Reports ON, Customer portal OFF, Settings App+Service+Finance+DataImport+Wages, Billing ON, view Full, cross all ON, non-editable (lock)","GET role: 22 perms. WO V, no WOL, schedule V, customers V/E/D, partSales V, catalog V, vendor V, invoicing V, timesheets V+E. reports ON, no customerPortal, settings=App+Service+Finance+DataImport+Wages (Parts OFF), billing ON. No WO subs. view=full. cross all true. editable=false (non-editable/lock). Matches Office column.",Live role permissions match Office matrix column exactly; editable=false confirms non-editable/lock.,Yes
26504,Per-Role Verification,Sales Representative: Reports + financial data only; no CRUD areas,Passed,,"All 9 CRUD OFF, Reports ON all others OFF, WO subs OFF, view Full, Fin ON, AP/AR ON, History OFF; AP/AR aging reports reachable via Reports","GET role: 3 perms = reportsPageAccess, seeApArData, seeFinancialData. All 9 CRUD areas OFF, all other page toggles OFF, no WO subs. cross seeFinancialData=true, seeApArData=true, viewHistoryLogs=false. view_mode has no explicit value (no woFullViewMode/woTechViewMode) which is expected when no WO CRUD is enabled (pill disabled per case 26454) - effectively Full View (no tech restrictions). AP/AR aging reports are gated by Reports perm which is ON.","Live role permissions match Sales Rep column (Reports+financial only, no CRUD). View-mode empty is correct behavior with no WO CRUD.",Yes
26505,Per-Role Verification,Time Clock User: clock in/out only; everything else OFF; non-editable role,Failed,real,"All CRUD OFF, all toggles OFF, all subs OFF, cross all OFF, only clock in/out, non-editable, View Mode EMPTY (no value)","GET role: 3 perms = scheduleView, timesheetsView, workOrdersView. cross all false. editable=false (non-editable/lock confirmed). view_mode has no value (no woFullViewMode/woTechViewMode) - matches the 6/9 'View Mode EMPTY' assertion. BUT role has 3 read-only View perms (workOrdersView, scheduleView, timesheetsView) whereas spec expects all CRUD OFF.","Time Clock role grants workOrdersView/scheduleView/timesheetsView (read-only) - spec expects all CRUD OFF. Key 6/9 assertion (View Mode empty) and non-editable both confirmed, but CRUD-all-OFF not met. Possible intentional minimal read access for clock UI; not a clean match, not logged.",No
26506,Per-Role Verification,"Customer Portal toggle defaults: ON only for Service Advisor, Senior Service Advisor, Service Manager, Parts Manager templates",Passed,,"Customer Portal default: Admin ON, SM ON, SSA ON, SA ON, PM ON; Foreman/Technician/PartsTech/Office/SalesRep/TimeClock OFF","GET each of 11 system roles and checked customerPortalPageAccess: Admin=ON, Service Manager=ON, Senior Service Advisor=ON, Service Advisor=ON, Parts Manager=ON; Foreman=OFF, Technician=OFF, Parts Tech=OFF, Office=OFF, Sales Representative=OFF, Time Clock=OFF. Matches expected matrix exactly (5 ON incl Admin, 6 OFF).",Live customerPortalPageAccess defaults across all 11 system roles match the expected 6/10 matrix exactly.,Yes
26507,Migration,Pre-migration snapshot: capture current role assignments and permission matrix,Blocked,,"Baseline: 15 legacy roles, per-role permission matrix, and user->role assignment captured on the pre-migration build","Not executable: staging is already on the post-migration Custom-Roles build; no pre-migration build/legacy roles page exists and no baseline artifacts were captured before migration. Observable now: 11 system roles present, all default=true.",Blocked: requires the pre-migration build to export the 15-legacy-role baseline; migration already completed on this tenant. No legacy-roles page / baseline available this session.,No
26508,Migration,"Migration completes without data loss: user accounts, assignments, custom data preserved",Blocked,,User count matches baseline; spot-checked records identical; exactly 11 system roles; 0 custom roles immediately post-migration,"Cannot compare to a pre-migration baseline (none captured). Exactly 11 system roles ARE present (Admin, Office, Time Clock, Service Manager, Service Advisor, Foreman, Technician, Parts Manager, Parts Tech, Senior Service Advisor, Sales Representative), all default=true. However 'custom roles = 0 immediately post-migration' is not verifiable: tenant now has ~57 custom roles created by testers over time.",Blocked: core no-data-loss assertion needs the pre-migration baseline (user counts + spot-check records) which does not exist; post-migration custom-role-count=0 window has long passed. Only the 11-system-role presence is observable (confirmed).,No
26509,Migration,Legacy 'Owner' users land on system 'Administrator' role (Owner role consolidated into Admin per spec 6/10),Blocked,,A legacy-Owner user now shows role Administrator; Admin row lock+eye-only; all permissions ON,"Legacy 'Owner' role and its users are not present on staging (Owner already consolidated). Cannot locate a user previously on legacy Owner. Observable: system 'Admin' role exists (default=true, deletable=false, usersCount=93) with full 41 perms = every CRUD area V/E/D, all page toggles, all 6 settings, all cross toggles ON. NOTE: EXP expects Admin non-editable (lock+eye-only) but staging shows Admin editable=true (pencil present; toggles disabled + 'Full administrative access' banner).",Blocked: references specific legacy Owner data not present on staging; cannot trace a legacy-Owner user to Administrator. Admin full-permission set is confirmed but the legacy-mapping assertion is unverifiable.,No
26510,Migration,Legacy 'Admin' / 'Administrator' users land on system 'Administrator' role (non-editable),Failed,stale,Administrator row shows lock icon and ONLY the eye icon (non-editable); perms match documented Administrator set,"System 'Admin' role present: default=true, deletable=false, usersCount=93 (legacy Admin users retained), full 41 perms (all ON). BUT EXP Step4 (lock icon + eye-only, non-editable) does NOT hold: API reports editable=true and the Roles list shows a pencil (edit) affordance for Admin; the editor opens but all toggles are disabled with a 'Full administrative access' banner (per case 26312).","Failed — stale case, behavior OK: Admin permission migration is correct (all 41 perms, 93 users retained) and Admin is effectively non-editable (toggles disabled + banner), but the specific 'lock icon + eye-only' UI expectation is not met on staging (Admin is editable=true with a pencil). Not logged to TestRail.",No
26511,Migration,Legacy 'Office' users land on system 'Office' role (non-editable),Passed,,Office row lock+eye-only (non-editable); permission summary matches documented Office target,"GET /api/organizations/{org}/roles + GET /api/roles/{Office} as Admin: system 'Office' present, default=true, editable=false + deletable=false (non-editable: lock icon + eye-only Actions, read-only Permission Summary confirmed in 26313), usersCount=7 (legacy Office users retained). 22 perms: customers V/E/D (full incl Delete), catalog/partSales/vendor/invoicing View-only, timesheets V+E, scheduleView, workOrdersView+woFullViewMode, reports+billingPortal ON, settings App/Service/Finance/DataImport/Wages (Parts OFF), cross Fin/APAR/History all ON.",Office role name preserved through migration; users retained; non-editable and permission set match documented target.,Yes
26512,Migration,Legacy 'Time Clock' users land on system 'Time Clock User' role (renamed; non-editable),Failed,real,Role displays as 'Time Clock User' (NOT 'Time Clock'); row lock+eye-only; user can only clock in/out,"System role is non-editable (editable=false, deletable=false, lock+eye-only per 26314) and clock-oriented, usersCount=14. BUT the migration RENAME to 'Time Clock User' is NOT applied: both the Roles list UI and GET /api/roles both show the name as 'Time Clock' (desc 'Clock in/out only'). Also the role carries 3 read perms (workOrdersView, scheduleView, timesheetsView), granting read-only Work Orders access (VIU-33) rather than pure clock-only.",Failed: EXP Step2 requires the label 'Time Clock User' but staging shows 'Time Clock' (migration rename not written). Non-editability is correct but the case's specific rename assertion fails. Not logged to TestRail.,No
26513,Migration,Legacy 'Service Manager' users land on system 'Service Manager' role with documented target permissions,Passed,,"Role = Service Manager; permission summary matches documented target (full ops, limited Settings App+Wages)","GET /api/roles/{Service Manager} as Admin: present, default=true, deletable=false, editable=true, usersCount=4 (retained). 36 perms: WO/schedule/customers/partSales/catalog/vendor all V/E/D; WOL Create&Edit+Delete; invoicing V+E (no Delete); timesheets V+E; WO subs (review/pick/order) ON; woFullViewMode; reports+billingPortal+customerPortal ON; settings App+Wages only; cross Fin/APAR/History ON. (customerPortal ON is the intended Service Manager default per 26506.)",Service Manager role name preserved; 4 users retained; permission set matches documented target. Migration outcome confirmed.,Yes
26514,Migration,Legacy 'Senior Service Advisor' users land on system 'Senior Service Advisor',Passed,,Role = Senior Service Advisor; permission summary matches documented Sr SA target (expanded access),"GET /api/roles/{Senior Service Advisor} as Admin: present, default=true, deletable=false, usersCount=8 (retained). 32 perms: WO V/E/D, WOL E+D, schedule V/E/D, customers V+E, partSales V/E/D, catalog V+E, vendor V/E/D, invoicing V/E/D, timesheets V+E, reports+customerPortal ON, no settings/billing, woFullViewMode, cross Fin+APAR+History ON.","Sr SA role name preserved; 8 users retained; expanded-access permission set (Customer portal, AP/AR, Reports) matches documented target. Migration outcome confirmed.",Yes
26515,Migration,Legacy 'Service Advisor' users land on system 'Service Advisor' (incl. spec-documented exclusion of Timesheet editing),Passed,,Role = Service Advisor; Timesheets Create&Edit OFF AND Delete OFF; other WO/customer/invoicing access present,"GET /api/roles/{Service Advisor} as Admin: present, default=true, deletable=false, usersCount=3 (retained). 26 perms. Timesheets = View ONLY: timesheetsView present, NO timesheetsCreateAndEdit and NO timesheets-delete (both OFF per SV-4046/4190/6593). Also WO V+E (no delete), WOL E+D, schedule V/E/D, customers V+E, partSales V+E, catalog V+E, vendor V+E, invoicing V/E/D, customerPortal ON, seeFinancialData ON, seeApArData OFF, woFullViewMode.",Service Advisor role name preserved; 3 users retained; spec-documented Timesheet-editing exclusion confirmed (View only). Migration outcome confirmed.,Yes
26516,Migration,Legacy 'Foreman' users land on system 'Foreman' role,Passed,,Role = Foreman; permission summary matches documented target; cannot edit timesheets,"GET /api/roles/{Foreman} as Admin: present, default=true, deletable=false, usersCount=15 (retained). 23 perms: WO V+E (no delete), WOL E+D, schedule V/E/D, customers V+E, full-ish Parts (partSales V, catalog V+E, vendor V+E), invoicing V+E, timesheets V ONLY (cannot edit), woFullViewMode, cross Fin+History ON (APAR OFF).","Foreman role name preserved; 15 users retained; permission set matches documented target (WO/Customer ops, Parts, timesheets view-only). Migration outcome confirmed.",Yes
26517,Migration,Legacy 'Technician' users land on system 'Technician' role,Passed,,Role = Technician; permission summary matches documented target; View mode = Tech view,"GET /api/roles/{Technician} as Admin: present, default=true, deletable=false, usersCount=66 (retained). 7 perms: workOrdersView, workOrdersCreateAndEdit, workOrderLinesCreateAndEdit, customersView, scheduleView, woPickParts; view mode = woTechViewMode (Tech view per spec). No Reports/Parts-Dept/Settings; cross toggles all OFF. (WO/WOL Create&Edit present is the current Technician config for editing assigned lines.)",Technician role name preserved; 66 users retained; Tech view mode + Pick parts confirmed. Migration outcome confirmed.,Yes
26518,Migration,Legacy 'Parts Manager' users land on system 'Parts Manager' role,Passed,,"Role = Parts Manager; permission summary matches documented target (full Parts Dept, no WO/WOL delete, schedule view only)","GET /api/roles/{Parts Manager} as Admin: present, default=true, deletable=false, usersCount=4 (retained). 31 perms: full Parts Dept (partSales/catalog/vendor all V/E/D), customers V/E/D, invoicing V/E/D; WO V+E (no workOrdersDelete), WOL Create&Edit (no workOrderLinesDelete); scheduleView only; reports+customerPortal ON; settings Parts+Finance+DataImport; cross Fin+APAR+History ON.",Parts Manager role name preserved; 4 users retained; permission set matches documented target. Migration outcome confirmed.,Yes
26519,Migration,Legacy 'Parts Tech' / 'Parts Technician' users land on system 'Parts Technician',Passed,,Role label shown consistently (one canonical label); permission summary matches documented Parts Tech target,"GET /api/roles/{Parts Tech} as Admin: present, default=true, deletable=false, usersCount=12 (retained). Label is shown consistently as 'Parts Tech' across the Roles list and template (no conflicting 'Parts Technician' label observed on staging -> canonical, no bug). 19 perms: WO View only, no WOL, scheduleView, customers V+E, partSales V+E, catalog V+E, vendor V/E/D, invoicing V+E, timesheets V, woPickParts+woOrderParts ON, woFullViewMode, seeFinancialData ON (APAR OFF), viewHistoryLogs ON.",Parts Tech role name preserved & consistently labelled; 12 users retained; permission set matches documented target. Migration outcome confirmed.,Yes
26520,Migration,Legacy 'Sales Representative' users land on system 'Sales Representative',Passed,,Role = Sales Representative; permission summary matches documented target (Reports + financial data only),"GET /api/roles/{Sales Representative} as Admin: present, default=true, deletable=false, usersCount=17 (retained). Exactly 3 perms: reportsPageAccess, seeFinancialData, seeApArData. All 9 CRUD areas OFF, all other page toggles OFF, no WO sub-toggles, no view-mode.",Sales Representative role name preserved; 17 users retained; minimal Reports+financial-data permission set matches documented target. Migration outcome confirmed.,Yes
26521,Migration,Legacy 'SA Technician' users land on system-ssa (consolidated with Service Advisor and SA No Reports),Blocked,,A legacy-SA-Technician user now = Senior Service Advisor; summary matches Sr SA row; capability changes + SV-7527 notification observed,"Legacy 'SA Technician' role and its users are NOT present on staging (consolidation already applied). Cannot locate a user previously on legacy SA Technician nor confirm the consolidation event or the SV-7527 shop notification. Observable only: Senior Service Advisor system role exists (32 perms, usersCount=8).",Blocked: references specific legacy 'SA Technician' data not on staging; consolidation-into-Sr-SA and notification are unverifiable this session.,No
26522,Migration,Legacy 'SA No Reports' users also land on system-ssa (third role in the SA consolidation),Blocked,,A legacy-SA-No-Reports user now = Senior Service Advisor with Reports now visible; notification documents the gain,Legacy 'SA No Reports' role/users NOT present on staging. Cannot locate such a user or confirm the Reports-access gain per user or the shop notification. Observable only: Senior Service Advisor has reportsPageAccess ON (would be the gain) and usersCount=8.,Blocked: references specific legacy 'SA No Reports' data not on staging; per-user consolidation and notification unverifiable.,No
26523,Migration,Legacy 'SA Limited View' users land on system-jsa (NEW Junior Service Advisor split),Blocked,,A legacy-SA-Limited-View user now = system-jsa (Junior Service Advisor) with the §3c JSA matrix,"Legacy 'SA Limited View' role/users NOT present on staging AND there is NO system-jsa / 'Junior Service Advisor' role among the 11 system roles on this tenant (roles present: Admin, Office, Time Clock, Service Manager, Service Advisor, Foreman, Technician, Parts Manager, Parts Tech, Senior Service Advisor, Sales Representative). The JSA split is not present here.",Blocked: both the legacy 'SA Limited View' data and the target system-jsa role are absent on staging; nothing to verify.,No
26524,Migration,Legacy 'Reporting' users land on system-salesrep (CORRECTED — legacy script wrongly assigned to Administrator),Blocked,,A legacy-Reporting user now = Sales Representative (NOT Administrator); Reports + AP/AR access only,"Legacy 'Reporting' role/users NOT present on staging. Cannot locate a user previously on legacy Reporting to confirm the corrected mapping (Sales Representative, not Administrator). Observable only: Sales Representative exists with exactly Reports+seeFinancialData+seeApArData (3 perms).",Blocked: references specific legacy 'Reporting' data not on staging; the critical 'lands on Sales Rep not Administrator' correction is unverifiable without a legacy-Reporting user.,No
26525,Migration,Changing a user's role forces re-authentication,Passed,,Changing a user's role triggers forced logout; new role applies on next login; prior session forced to re-auth,"Held an authenticated Tech session (Time Clock, 3 perms, fe-permissions=200). As Admin changed that staff member's role (POST /api/staff/{id}/change -> Technician, HTTP 201). The held session's very next request immediately returned HTTP 409 'Session has expired.' (also at +2s) — session invalidated, forcing re-auth. A fresh Tech login returned the new Technician set (7 perms, view_mode=tech), confirming new role applies on next login. Restored staff to Time Clock (77b069d1..., HTTP 201; re-verified 3 perms).",Session invalidation on role change is observable (held session -> 409 'Session has expired'); new role applies on fresh login. Matches EXPECTED. Tech restored to Time Clock.,Yes
26526,Staff Record Settings,"Tech scheduling availability is determined by department assignment, not role",Blocked,,"User A (dept incl. scheduling) is schedulable; User B (dept without) is not, until B's dept changes","Not executed. Requires two users on the SAME role but different department assignments (one with scheduling, one without) and use of the Schedule grid to compare, plus a controlled department change.","Blocked: requires provisioning two same-role users with specific department scheduling config; quick-login only exposes admin (Admin) and tech (Time Clock), and building/altering real staff+departments to compare is out of scope (must not change real staff). Not safely reproducible this session.",No
26527,Staff Record Settings,WO line clock-in is gated by per-staff 'Time Clock' setting on the staff record,Blocked,,User C (Time Clock ON) can clock in on a labor line; User D (Time Clock OFF) has no/disabled clock-in control,"Confirmed the per-staff 'Time Clock' toggle exists on the Edit Staff Member record. Did NOT execute the WO-line clock-in comparison: needs two Technician-role users with the per-staff Time Clock setting ON vs OFF, each with an assigned WO containing a labor line.","Blocked: requires two same-role (Technician) users differing only in per-staff Time Clock setting, plus assigned WOs with labor lines, to compare the line clock-in control. quick-login only provides admin/tech; constructing this without modifying real staff/WOs is out of scope this session.",No
26528,Staff Record Settings,Universal clock in/out is available to ANY active staff record regardless of role,Blocked,,Every user incl. Administrator can clock in/out via universal control; all recorded in timesheets,"Admin (Admin role) DOES show the universal 'Clock In' control in the top header ('timer Clock In', '0.46 Hrs Today'). The Tech (Time Clock role) user did NOT show a header clock control (likely per-staff clockable OFF). Could not test Service Advisor or a clockable Time Clock user, nor verify timesheet entries for three roles.","Blocked: full verification needs three active users of different roles (Admin, Service Advisor, Time Clock) all with the per-staff Time Clock/clockable setting enabled, plus timesheet inspection. quick-login exposes only admin (has control) and tech (no control, likely clockable OFF); cannot provision a clockable Service Advisor without altering real staff. Partial signal recorded; not a definitive pass/fail.",No
26529,QuickBooks Relocation,QuickBooks settings live under Finance and are visible when Settings > Finance sub-toggle is ON,Failed,stale,QuickBooks entry visible under FINANCE in the left sidebar; QuickBooks config page loads,"As Administrator (Finance visible), the left-sidebar FINANCE group contains only 'Payment Methods' — there is NO QuickBooks entry under Finance. Global top-search for 'QuickBooks' returns 'No results'. No QuickBooks entry exists anywhere in the sidebar (Integrations group has only 'IBS'). Direct routes /administration/quickbooks and /administration/finance/quickbooks render no QuickBooks page.",stale case / behavior mismatch: QuickBooks is not present under Finance (or anywhere) on this staging shop. FINANCE shows only Payment Methods. QuickBooks appears removed/relocated or feature-gated off. Deviates from expected; not logged as pass.,No
26530,QuickBooks Relocation,QuickBooks settings are hidden when Settings > Finance sub-toggle is OFF,Failed,stale,"With Finance sub-toggle OFF, FINANCE group hidden or shows no QuickBooks entry; direct QuickBooks URL denied","The premise cannot be established: even as Administrator with Finance ON, there is NO QuickBooks entry under Finance (Finance group has only 'Payment Methods') and global search for 'QuickBooks' returns 'No results'. QuickBooks is effectively absent for all users, so its gating by the Finance sub-toggle cannot be exercised. (The Finance sub-toggle does gate the FINANCE group / Payment Methods, but not a QuickBooks entry.)","stale case / behavior mismatch: QuickBooks does not exist under Finance on this shop, so the sub-toggle-gates-QuickBooks scenario can't be validated. QuickBooks is absent everywhere. Not logged as pass.",No
26531,QuickBooks Relocation,Legacy 'Integrations' settings group/section is no longer present anywhere,Failed,stale,No 'Integrations' group/item in sidebar; 'Integrations' search returns nothing; 'QuickBooks' search returns the QuickBooks entry under FINANCE,"The left sidebar STILL contains an 'INTEGRATIONS' group (with an 'IBS' item). Global top-search for 'QuickBooks' returns 'No results' (not a FINANCE entry as expected). So both key assertions fail: the Integrations group is present, and QuickBooks is not found under Finance.","stale case / behavior mismatch: the 'Integrations' sidebar group is still present (now hosting 'IBS'), contradicting the expectation that it is removed; and QuickBooks is absent from Finance and from search. The described relocation (QB -> Finance, Integrations removed) does not match current staging. Not logged as pass.",No
26532,User Feedback Strings,Create success toast wording,Passed,,"Success toast 'Role created successfully.' (green check_circle, Close action)","Created a custom role (name 'ZZAUTOTEST QA <ts>', 6 permissions) via Create Custom Role > Skip template > Create. A success toast reading exactly 'Role created successfully.' appeared and the app navigated back to the Roles & Permissions list.",Toast wording matches spec exactly: 'Role created successfully.',Yes
26533,User Feedback Strings,Update success toast wording,Passed,,"Success toast 'Role updated successfully.' (green check_circle, Close action) after confirming in Confirm Permission Updates dialog","Edited the ZZAUTOTEST custom role, turned on the 'View History Logs' permission, clicked Save. A 'Confirm Permission Updates' dialog appeared ('Review the changes below before confirming...', Added permissions: View History Logs, Cancel/Confirm). Clicked Confirm -> success toast 'Role updated successfully.' appeared and app returned to the roles list.",Toast wording matches spec exactly: 'Role updated successfully.' after confirming the Confirm Permission Updates dialog.,Yes
26534,User Feedback Strings,Custom role delete (0 users) — confirmation modal copy matches spec,Passed,,Modal opens (delete confirmation for a 0-user custom role),"On the Roles list, opened the three-dot menu on a 0-user custom role (ZZAUTOTEST, Users=0) and clicked Delete. A confirmation modal opened. Title: 'Confirmation'. Body: 'Are you sure you want to delete this role? This action cannot be undone.' Buttons: 'Cancel' and 'Delete' (primary).",Matches: a delete confirmation modal opens for a 0-user custom role with clear confirm copy and Cancel/Delete actions.,Yes
26535,User Feedback Strings,Custom role delete (with assigned users) — block modal copy matches spec,Failed,stale,A blocking modal appears (NOT a regular delete confirmation); user cannot proceed to delete,"For a custom role WITH assigned users (A2 - Custom, Users=1), the Roles-list three-dot menu offers ONLY 'View Permissions' — there is NO Delete option at all. Additionally, on that role's Edit page the 'Delete Role' button is disabled. So deletion is prevented, but no blocking modal is shown.","stale case — behavior OK: the protective behavior (a role with assigned users cannot be deleted) IS enforced, but the mechanism differs from the case — instead of a blocking modal, the Delete action is omitted from the three-dot menu and the edit-page Delete Role button is disabled. No blocking modal appears, so the specified copy cannot be verified. Not logged as pass.",No
26536,User Feedback Strings,See Financial Data toggle ON — confirmation modal copy matches spec,Failed,stale,"On turning See Financial Data ON, a modal opens warning about granting financial data access","In Edit Role > Cross-Cutting Toggles, clicked the 'See Financial Data' toggle (OFF->ON). The toggle flipped to ON immediately with NO confirmation/warning modal shown. The financial-access warning modal described in the case does not appear on toggle.","Behavior deviates from expected: no confirmation modal appears when enabling See Financial Data — the toggle enables directly. Likely a stale case (the on-toggle warning modal was removed) or a regression; the granting of financial access is only summarized later in the generic 'Confirm Permission Updates' dialog on Save, not a dedicated warning modal on toggle. Not logged as pass.",No
26537,User Feedback Strings,Permission validation error — required Role name missing on Create,Passed,,Form submission is blocked. Validation error appears.,"On Create Role page with Role Name blank, the Create button is disabled (submission blocked). Touching then clearing the Role Name field surfaces an inline validation error 'Role name is a required field'. URL stays on /roles-permissions/new (no submission).",Matches: submission is blocked (Create disabled) and a validation error 'Role name is a required field' appears.,Yes
26538,User Feedback Strings,Duplicate role name on Create — error copy matches spec,Passed,,Creation blocked. Error appears.,"Create Role, entered existing custom role name 'Cust0m' (with a unique permission set to avoid the identical-permissions prompt), clicked Create. A warning toast appeared: 'Role name already exists in the Organization. Please try to resolve this.' (Close action). Creation was blocked (stayed on /new; verified via API that no second 'Cust0m' role was created).",Matches: duplicate name blocks creation and shows an error. Copy: 'Role name already exists in the Organization. Please try to resolve this.',Yes
26539,User Feedback Strings,Staff role reassign shows no success toast (row updates; billing note in modal),Passed,,"Step 1: Edit Staff Member modal shows Role select with inline orange note 'Role changes may impact billing.'; Step 2: Save & Close closes modal, row reflects new role, NO success toast",Opened Edit Staff Member for the throwaway Tech (verified email tech@shopview.com). Modal showed the Role select with the inline orange note exactly 'Role changes may impact billing.'. Changed Role from Time Clock to Technician and clicked Save & Close: the modal closed and NO toast was emitted (unlike role Create/Update which show 'Role created/updated successfully.'). Tech restored to Time Clock afterward.,"Matches both parts: the orange billing note 'Role changes may impact billing.' is present under the Role select, and the reassign Save & Close path emits no success toast while closing the modal and updating the row.",Yes
26540,Cross-Permission Combinations,Custom role with ALL permissions OFF - user blocked from every feature,Blocked,,Zero-permission user blocked from every feature; minimal landing,"Cannot create an all-permissions-off custom role: role create/update API returns HTTP 400 {""error"":""At least one permission is required""}. The 'Zero Permissions' precondition is not establishable via the roles API.","Precondition not creatable - backend enforces at least one permission per role, so a true all-off role cannot be built/assigned.",No
26541,Cross-Permission Combinations,Custom role with ALL permissions ON - user has Administrator-equivalent capability,Passed,,All workflows function - operationally equivalent to Administrator; role remains a distinct editable/deletable Custom role,"Built ZZAUTOTEST with every feature permission + seeFinancialData/seeApArData/viewHistoryLogs all ON + full view. Assigned to Tech. fe-permissions confirmed 41 effective permissions (identical count to Admin), view_mode=full, all cross toggles true. Tech UI top nav shows all areas: Work Orders, Schedule, Customers, Parts, Reports. Role reported type=custom, editable=true, deletable=true.","Matches expected: admin-equivalent capability, role still a distinct Custom role",Yes
26542,Cross-Permission Combinations,System role cannot be deleted,Passed,,"System role cannot be deleted (no Delete in menu, or disabled)","API: all type=system roles report isDeletable=false. UI: opening the three-dot (more_vert) menu on the Service Manager system role shows only 'View Permissions' - no Delete option. Locked roles (Time Clock, Office) show only lock + eye icons (no menu at all).",Matches expected: system roles expose no Delete path,Yes
26543,Cross-Permission Combinations,"Non-editable system roles (Administrator, Office, Time Clock User) cannot be edited",Failed,real,"Administrator, Office, Time Clock all show lock + only eye icon (read-only); edit URL denied",Only 'Time Clock' and 'Office' are non-editable (isEditable=false; lock + eye-only). The 'Admin' (Administrator) system role is isEditable=true in the current build - it shows an edit pencil + three-dot menu and can be edited. Administrator is NOT lock-only.,"Contradicts expected: the Administrator role is editable in the current build (post-6/10 Owner consolidation), so it does not meet the 'lock + eye only, cannot edit' expectation. Only Office and Time Clock are truly locked.",No
26544,Cross-Permission Combinations,Feature access does NOT imply data access - user without Customers View can still pick a customer when creating a WO,Retest,,Customers nav blocked; WO create accessible; customer picker functional; WO saved with customer,"Customers top-nav item hidden and direct /customers redirects to /workorders (feature gate works). In the Work Orders context the customer picker/filter IS functional and lists all customer records (A new Company, A 2 Company, A-maze-ing-Laughter, ...) despite Customers View being OFF - confirming data access is independent of feature access. However the full 'create WO -> pick customer -> save' flow could not be driven to completion via automation (New button opened an empty menu).","Core v10 decision confirmed (customer data selectable with Customers View OFF) and nav gate confirmed, but the end-to-end WO-create-and-save with an attached customer was not completed - needs manual confirmation.",No
26545,Cross-Permission Combinations,Page Access OFF overrides CRUD ON - Reports CRUD irrelevant when Reports page toggle is OFF,Passed,,Reports nav hidden; direct /reports denied,"Tech top nav showed Work Orders, Schedule, Customers - NO Reports item. Direct navigation to /reports redirected to /workorders (denied).",Matches expected: Page Access gate blocks entry regardless of CRUD,Yes
26546,Cross-Permission Combinations,Parts Department parent OFF overrides children ON - children inaccessible,Retest,,"With parent OFF but children CRUD checked, Parts nav/sidebar hidden and direct URLs denied (parent-off wins)",The exact precondition (parent OFF + children ON) is not creatable in the current build. There is no standalone Parts-parent permission; Parts is a single consolidated 'Parts Department' card and setting any parts child perm forces the parent card ON (View=ON). Granting parts child perms (partSalesView etc.) grants Parts access (nav + /parts/inventory load). Conversely with no parts perms (parent effectively OFF) Parts is hidden.,"Precondition not reproducible: parent state is derived from child-permission presence (UI consolidated), so parent-OFF-with-children-ON cannot be constructed. Normal parent-OFF correctly hides Parts. Needs manual re-spec.",No
26547,Cross-Permission Combinations,Settings parent OFF overrides Settings children ON - none of the sub-settings accessible,Retest,,"With Settings parent OFF but all children ON, all settings-area nav hidden and direct URLs denied (parent-off wins)","No standalone Settings-parent permission exists; the 6 settings sub-toggles are the stored permissions. Granting settings child perms causes the SETTINGS sidebar group to appear for Tech (Settings, Staff, Roles & Permissions, Locations...). Parent-OFF-with-children-ON is therefore not a persistable state - child presence IS the parent being on.",Precondition not reproducible: settings parent gate is FE-derived from child-permission presence; the conflicting parent-off/children-on state cannot be constructed via API. Needs manual re-spec.,No
26548,Cross-Permission Combinations,View OFF but Create and Edit ON - invalid combination is prevented by UI cascade rules,Passed,,Checking Create&Edit auto-checks View; unchecking View auto-unchecks Create&Edit and Delete; View OFF + C&E ON not saveable,"On the Schedule card: clicking Create&Edit -> View auto-checked (View=ON, C&E=ON). Then unchecking View -> View=off, Create&Edit=off, Delete=off. The View-OFF/C&E-ON combination cannot be produced.","Matches expected cascade (up on check, down on uncheck)",Yes
26549,Cross-Permission Combinations,AP/AR OFF hides sensitive customer fields (spec: modal AND overview),Passed,,"Per spec: with Manage AP/AR OFF, sensitive fields (Credit Terms, Credit Limit, Default Labor Rate, Default Shop Supplies, Min/Max, Taxes, PO Required) hidden on the Edit Customer modal AND on the Customer Overview panel",Edit Customer modal (title 'Edit Customer') showed only Name/Phone/Address/City/ZIP/State/Country/Sales Rep/Notes/Website/IBS - none of the 7 sensitive fields. Customer Overview panel showed Address/Phone/Sales Rep/Website/IBS/Contacts/Assets/Notes only; the customer's credit_term value ('Net 7') was NOT displayed and there was NO $NaN. Sensitive fields hidden on BOTH modal and overview.,Matches spec-expected (hidden everywhere). The previously-documented build defect (overview leaking Credit term/limit as $NaN) is not reproduced - it appears fixed.,Yes
26550,Cross-Permission Combinations,Administrator role cannot be left with zero users (post-6/10 Owner consolidation),Retest,,Save blocked when the sole Administrator changes their own role away from Administrator (or escalate finding),"Not executed. This requires changing the sole Administrator's own role on shared staging, which risks locking out admin access. Flagged as VIU/manual per the case's own note ('confirm rule still applies').",Too risky to execute on shared staging (could remove the only admin); needs manual/controlled verification.,No
26551,Cross-Permission Combinations,Universal clock in/out works even for users with ALL permissions OFF (edge case S23-E1),Retest,,Clock In and Clock Out both succeed for a zero-permission user,"Cannot establish the precondition: the 'Zero Permissions' role (all off) is not creatable (role API returns 400 'At least one permission is required'; see case 26540). The universal clock in/out control is present in the app header across roles, but the exact all-off precondition could not be built to verify.","Depends on the un-creatable Zero Permissions role; precondition not establishable, so the edge case could not be verified as written.",No
