report,report_prefix,story,story_title,requirement_id,kind,requirement_text,status,covering_cases,covering_c_ids,retired_only_anchor,text_candidates,verdict,judgement
Sales By Customer,SBC,1,Report access and navigation placement,S1-R1,requirement,"S1-R1:** ""Sales By Customer"" appears in the Reports left-side navigation.",COVERED-DIRECT,SBC-NAV-01,C30096,,,,
Sales By Customer,SBC,1,Report access and navigation placement,S1-R2,requirement,"S1-R2:** The report is gated by a dedicated Sales By Customer report View permission — it is not tied to a generic ""all reports"" permission.",COVERED-DIRECT,SBC-PERM-01,C30098,,,,
Sales By Customer,SBC,1,Report access and navigation placement,S1-R3,requirement,"S1-R3:** The page title reads ""Sales By Customer.""",COVERED-DIRECT,SBC-NAV-01,C30096,,,,
Sales By Customer,SBC,1,Report access and navigation placement,S1-R4,requirement,"S1-R4:** The browser tab title reads ""Sales By Customer - Report | ShopView"" — the report name inside the application-standard tab-title template. **Negative cases:**",COVERED-DIRECT,SBC-NAV-01,C30096,,,,
Sales By Customer,SBC,1,Report access and navigation placement,S1-N1,negative,S1-N1:** A user without the Sales By Customer report View permission does not see the report in navigation and cannot open it by direct link.,COVERED-DIRECT,SBC-PERM-02,C30099,,,,
Sales By Customer,SBC,2,Filter by date range,S2-R1,requirement,S2-R1:** A date range picker is visible in the report toolbar.,COVERED-DIRECT,SBC-DATE-01,C30102,,,,
Sales By Customer,SBC,2,Filter by date range,S2-R2,requirement,"S2-R2:** The picker offers eleven options, in this order: Today, Yesterday, This Week, Last Week, This Month, Last Month, This Year, Last Year, This Quarter, Last Quarter, Custom.",COVERED-DIRECT,SBC-DATE-01,C30102,,,,
Sales By Customer,SBC,2,Filter by date range,S2-R3,requirement,S2-R3:** The Custom range is capped at a maximum span of 366 days from start date to end date — the same length as the largest preset (This Year / Last Year).,COVERED-DIRECT,SBC-DATE-03,C30104,,,,
Sales By Customer,SBC,2,Filter by date range,S2-R4,requirement,"S2-R4:** When the user picks ""Custom,"" the report opens a date-picker dialog for a start and end date.",COVERED-DIRECT,SBC-DATE-03,C30104,,,,
Sales By Customer,SBC,2,Filter by date range,S2-R5,requirement,"S2-R5:** The picker defaults to ""This Month"" when the report is opened with no saved date range and no date range in the page link.",COVERED-DIRECT,SBC-PERS-05,C30178,,,,
Sales By Customer,SBC,2,Filter by date range,S2-R6,requirement,"S2-R6:** When the user changes the date range, the chosen value is written to the page link so the report can be shared or bookmarked at that range.",COVERED-DIRECT,SBC-DATE-04,C30105,,,,
Sales By Customer,SBC,2,Filter by date range,S2-R7,requirement,S2-R7:** The chosen date range is reflected in the CSV and PDF exports.,COVERED-DIRECT,SBC-EXP-05,C30163,,,,
Sales By Customer,SBC,2,Filter by date range,S2-R8,requirement,S2-R8:** Changing the date range is remembered between visits — see Story 6.,COVERED-DIRECT,SBC-PERS-01,C30174,,,,
Sales By Customer,SBC,2,Filter by date range,S2-R9,requirement,"S2-R9:** When the report is opened with both a saved view and a date range in the page link, the saved view is applied and the link value is ignored. > _* Context note: the remembered view (Story 6) was given priority over the link so a returning user always lands on their own last view. A shared link therefore restores the sender's range only for a recipient who has no saved range of their own for this report._ **Negative cases:**",COVERED-DIRECT,SBC-DATE-04; SBC-PERS-06,C30105; C30179,,,,
Sales By Customer,SBC,2,Filter by date range,S2-N1,negative,"S2-N1:** If the chosen date range contains no matching invoices, the table shows the empty-state message (see Story 17).",COVERED-DIRECT,SBC-EMPTY-01,C30181,,,,
Sales By Customer,SBC,2,Filter by date range,S2-N2,negative,"S2-N2:** A Custom range wider than 366 days cannot be applied. If the user picks a start and end date more than 366 days apart, the report prevents the selection rather than loading the wider range.",COVERED-DIRECT,SBC-DATE-03,C30104,,,,
Sales By Customer,SBC,3,Filter by product type,S3-R1,requirement,"S3-R1:** A ""Product Type"" dropdown is visible in the report toolbar.",COVERED-DIRECT,SBC-TYPE-02,C30107,,,,
Sales By Customer,SBC,3,Filter by product type,S3-R2,requirement,"S3-R2:** The dropdown offers exactly three options, in this order: ""Parts & Service,"" ""Parts only,"" ""Service only.""",COVERED-DIRECT,SBC-TYPE-02,C30107,,,,
Sales By Customer,SBC,3,Filter by product type,S3-R3,requirement,"S3-R3:** ""Parts & Service"" is the default selection on first load.",COVERED-DIRECT,SBC-TYPE-02,C30107,,,,
Sales By Customer,SBC,3,Filter by product type,S3-R4,requirement,"S3-R4:** When ""Parts & Service"" is selected, no product-type filter is applied.",COVERED-DIRECT,SBC-TYPE-02,C30107,,,,
Sales By Customer,SBC,3,Filter by product type,S3-R5,requirement,"S3-R5:** When ""Service only"" is selected, the report includes only invoices whose number starts with S.",COVERED-DIRECT,SBC-TYPE-02,C30107,,,,
Sales By Customer,SBC,3,Filter by product type,S3-R6,requirement,"S3-R6:** When ""Parts only"" is selected, the report includes only invoices whose number starts with P.",COVERED-DIRECT,SBC-TYPE-02,C30107,,,,
Sales By Customer,SBC,3,Filter by product type,S3-R7,requirement,"S3-R7:** The chosen Product Type is reflected in the CSV export, the PDF export, and the PDF's filter summary line.",COVERED-DIRECT,SBC-EXP-05,C30163,,,,
Sales By Customer,SBC,3,Filter by product type,S3-R8,requirement,S3-R8:** Changing the Product Type is remembered between visits — see Story 6. **Negative cases:**,COVERED-DIRECT,SBC-PERS-01,C30174,,,,
Sales By Customer,SBC,3,Filter by product type,S3-N1,negative,"S3-N1:** If the selection produces no matching invoices, the table shows the empty-state message (see Story 17).",COVERED-DIRECT,SBC-EMPTY-01,C30181,,,,
Sales By Customer,SBC,4,Filter by location,S4-R1,requirement,"S4-R1:** A location filter is visible in the report toolbar, as the rightmost filter.",COVERED-DIRECT,SBC-LOC-01,C30109,,,,
Sales By Customer,SBC,4,Filter by location,S4-R2,requirement,S4-R2:** The filter lists the locations the signed-in user has access to.,COVERED-DIRECT,SBC-LOC-01,C30109,,,,
Sales By Customer,SBC,4,Filter by location,S4-R3,requirement,"S4-R3:** The filter also offers an ""All locations"" option, pinned to the top, that selects or clears every listed location at once.",COVERED-DIRECT,SBC-LOC-01,C30109,,,,
Sales By Customer,SBC,4,Filter by location,S4-R4,requirement,"S4-R4:** On first load, the filter defaults to the location the user is currently working in (their active location) — a single location.",COVERED-DIRECT,SBC-PERS-05,C30178,,,,
Sales By Customer,SBC,4,Filter by location,S4-R5,requirement,"S4-R5:** When the user selects one or more locations, the report includes only data from those locations.",COVERED-DIRECT,SBC-LOC-03,C30111,,,,
Sales By Customer,SBC,4,Filter by location,S4-R6,requirement,"S4-R6:** When the user selects ""All locations,"" the report includes data from every location the user has access to.",COVERED-DIRECT,SBC-LOC-03,C30111,,,,
Sales By Customer,SBC,4,Filter by location,S4-R7,requirement,S4-R7:** An administrator has access to every location in the organization.,COVERED-DIRECT,SBC-PERM-04,C30101,,,,
Sales By Customer,SBC,4,Filter by location,S4-R8,requirement,S4-R8:** A non-administrator has access to the locations assigned to them.,COVERED-DIRECT,SBC-PERM-04,C30101,,,,
Sales By Customer,SBC,4,Filter by location,S4-R9,requirement,"S4-R9:** The report never includes data from a location the user does not have access to, regardless of what is requested.",COVERED-DIRECT,SBC-PERM-04,C30101,,,,
Sales By Customer,SBC,4,Filter by location,S4-R10,requirement,S4-R10:** The chosen location selection is applied to the on-screen report and to the CSV and PDF exports.,COVERED-DIRECT,SBC-EXP-05,C30163,,,,
Sales By Customer,SBC,4,Filter by location,S4-R11,requirement,S4-R11:** Changing the location selection is remembered between visits — see Story 6.,COVERED-DIRECT,SBC-PERS-01,C30174,,,,
Sales By Customer,SBC,4,Filter by location,S4-R12,requirement,"S4-R12:** When more than one location is in scope, the report shows a per-row Location column; the column is hidden when a single location is in scope.",COVERED-DIRECT,SBC-LOC-04,C38912,,,,
Sales By Customer,SBC,4,Filter by location,S4-R12a,requirement,"S4-R12a:** In the Location column, a customer or asset row whose invoices are all at one location shows that location's name; a customer or asset row that aggregates invoices from more than one location shows ""Multiple""; an invoice detail row always shows its exact location.",COVERED-DIRECT,SBC-LOC-04,C38912,,,,
Sales By Customer,SBC,4,Filter by location,S4-R13,requirement,"S4-R13:** Every export — each CSV and each PDF, Summary and Expanded — includes a ""Locations:"" line naming the currently selected location or locations, or ""All locations"" when every location the user has access to is selected. When the Location column is shown on screen (more than one location in scope, S4-R12), every export also includes that Location column. **Negative cases:**",GAP-CLOSED,SBC-EXP-03; SBC-EXP-11; SBC-EXP-16; SBC-LOC-04,C30161; C30169; C38856; C38912,,,GAP,"EXTEND SBC-LOC-04 (C38912) - First half (the 'Locations:' line in every export) IS covered - SBC-EXP-09 (C30167) expected 4 for the PDF header and SBC-EXP-03 (C30161) expected 7 for the CSV. SECOND half is uncovered: when the Location column is shown on screen, every export must also include that Location column. No SBC case asserts it."
Sales By Customer,SBC,4,Filter by location,S4-N1,negative,"S4-N1:** If the user requests a location they do not have access to, that location is ignored; the report does not widen to the whole organization.",COVERED-DIRECT,SBC-PERM-04,C30101,,,,
Sales By Customer,SBC,4,Filter by location,S4-N2,negative,"S4-N2:** If the selected locations contain no matching invoices, the table shows the empty-state message (see Story 17).",COVERED-DIRECT,SBC-EMPTY-01,C30181,,,,
Sales By Customer,SBC,6,Remember filters and view between visits,S6-R1,requirement,S6-R1:** The report saves the user's view to the browser so it can be restored on the next visit.,COVERED-DIRECT,SBC-PERS-01,C30174,,,,
Sales By Customer,SBC,6,Remember filters and view between visits,S6-R2,requirement,"S6-R2:** The saved view includes: the date range, the Product Type, the location selection, the Customer filter selection, the sort column and direction, and the visible columns.",COVERED-DIRECT,SBC-PERS-01,C30174,,,,
Sales By Customer,SBC,6,Remember filters and view between visits,S6-R3,requirement,"S6-R3:** The saved view does not include the Customer filter's type-ahead search text, expansion state, or scroll position. > _* Context note: the Customer filter's search text is a transient way to find a name in the dropdown, not a saved setting — only the resulting customer selection is saved (S18-R8); expansion is treated as fresh each visit so a returning user is not faced with rows expanded against data they have not looked at yet._",COVERED-DIRECT,SBC-PERS-02,C30175,,,,
Sales By Customer,SBC,6,Remember filters and view between visits,S6-R4,requirement,"S6-R4:** On load, the report shows the restored view immediately — the default view is never shown first and then replaced.",COVERED-DIRECT,SBC-PERS-01,C30174,,,,
Sales By Customer,SBC,6,Remember filters and view between visits,S6-R5,requirement,"S6-R5:** On restore, any saved value that is no longer valid is discarded, and that setting uses its default instead.",COVERED-DIRECT,SBC-PERS-03,C30176,,,,
Sales By Customer,SBC,6,Remember filters and view between visits,S6-R6,requirement,"S6-R6:** A saved value is treated as no longer valid when it is an unknown date range, a location the user no longer has access to, a sort column that no longer exists, or a column set that does not match the current columns.",COVERED-DIRECT,SBC-PERS-03,C30176,,,,
Sales By Customer,SBC,6,Remember filters and view between visits,S6-R7,requirement,S6-R7:** The saved view is specific to this report and does not affect any other report. **Negative cases:**,COVERED-DIRECT,SBC-PERS-04,C30177,,,,
Sales By Customer,SBC,6,Remember filters and view between visits,S6-N1,negative,"S6-N1:** If no saved view exists (first visit, or cleared browser storage), every setting uses the default defined in its own story: date range (S2-R5), Product Type (S3-R3), location (S4-R4), the Customer filter (S18-R4 — all customers selected), sort (S10-R4), and visible columns (S13-R7).",COVERED-DIRECT,SBC-PERS-05,C30178,,,,
Sales By Customer,SBC,7,View customer summary rows,S7-R1,requirement,S7-R1:** Each customer occupies one summary row at the top level of the table.,COVERED-DIRECT,SBC-TREE-01,C30121,,,,
Sales By Customer,SBC,7,View customer summary rows,S7-R2,requirement,S7-R2:** The customer's name is shown at the start of the row.,COVERED-DIRECT,SBC-TREE-01,C30121,,,,
Sales By Customer,SBC,7,View customer summary rows,S7-R3,requirement,"S7-R3:** The number of invoices contributing to that customer's totals in the current view is shown in parentheses immediately after the name — for example, Acme Corp (5).",COVERED-DIRECT,SBC-TREE-01,C30121,,,,
Sales By Customer,SBC,7,View customer summary rows,S7-R4,requirement,"S7-R4:** That invoice count is rendered in the color #616161 at font-weight 600, the same font size as the name.",COVERED-DIRECT,SBC-TREE-01,C30121,,,,
Sales By Customer,SBC,7,View customer summary rows,S7-R5,requirement,"S7-R5:** The count reflects the active date range, Product Type, and location; it is not a lifetime count.",COVERED-DIRECT,SBC-TREE-01,C30121,,,,
Sales By Customer,SBC,7,View customer summary rows,S7-R6,requirement,"S7-R6:** The summary row totals the customer's matching invoices for each financial column: Inv. Hrs, Labor Invoiced, Labor Margin, Parts Invoiced, Parts Margin, Shop Supplies, Margin, Margin %, and Subtotal.",COVERED-DIRECT,SBC-CALC-01,C30149,,,,
Sales By Customer,SBC,7,View customer summary rows,S7-R7,requirement,"S7-R7:** A reversed or voided invoice is excluded from every row, count, and total, regardless of the Product Type filter.",COVERED-DIRECT,SBC-TREE-12,C30132,,,,
Sales By Customer,SBC,7,View customer summary rows,S7-R8,requirement,S7-R8:** The Date cell on the summary row is blank.,COVERED-DIRECT,SBC-TREE-13,C30133,,,,
Sales By Customer,SBC,7,View customer summary rows,S7-R9,requirement,"S7-R9:** Every cell on a customer summary row uses font-weight 600, except the Subtotal cell.",COVERED-DIRECT,SBC-TREE-13,C30133,,,,
Sales By Customer,SBC,7,View customer summary rows,S7-R10,requirement,S7-R10:** The Subtotal cell on a customer summary row uses font-weight 700.,COVERED-DIRECT,SBC-TREE-13,C30133,,,,
Sales By Customer,SBC,7,View customer summary rows,S7-R11,requirement,"S7-R11 (Margin %):** The Margin % column shows the row's Margin divided by its Subtotal, times 100, to one decimal with a percent sign — for example, 64.7%.",COVERED-DIRECT,SBC-CALC-02,C30150,,,,
Sales By Customer,SBC,7,View customer summary rows,S7-R12,requirement,"S7-R12:** When the row's Subtotal is zero or below, the Margin % cell shows an em dash.",COVERED-DIRECT,SBC-CALC-02,C30150,,,,
Sales By Customer,SBC,7,View customer summary rows,S7-R13,requirement,S7-R13:** Margin % is monochrome — it has no green or red coloring.,COVERED-DIRECT,SBC-CALC-02,C30150,,,,
Sales By Customer,SBC,7,View customer summary rows,S7-R14,requirement,"S7-R14:** The Margin % calculation and format (S7-R11, S7-R12) apply the same way to customer rows, asset rows, and invoice rows.",COVERED-DIRECT,SBC-CALC-02,C30150,,,,
Sales By Customer,SBC,7,View customer summary rows,S7-R15,requirement,"S7-R15:** Every row type — customer, asset, invoice, totals — renders the same columns in the same left-to-right order.",COVERED-DIRECT,SBC-TREE-13,C30133,,,,
Sales By Customer,SBC,7,View customer summary rows,S7-R16,requirement,"S7-R16:** A cell with no value for its row (for example, the Date cell on a customer or asset row) is left blank and keeps its column position; no value moves into another column. **Negative cases:**",COVERED-DIRECT,SBC-TREE-13,C30133,,,,
Sales By Customer,SBC,7,View customer summary rows,S7-N1,negative,S7-N1:** A customer with no matching invoices in the current view is not shown.,COVERED-DIRECT,SBC-TREE-02,C30122,,,,
Sales By Customer,SBC,7,View customer summary rows,S7-N2,negative,"S7-N2:** A reversed or voided invoice never appears as an invoice row and never adds to any count or total, even under ""Parts & Service.""",COVERED-DIRECT,SBC-TREE-12,C30132,,,,
Sales By Customer,SBC,8,"Expand a customer to its assets, and an asset to its invoices",S8-R1,requirement,S8-R1:** Each customer summary row has a chevron control that toggles its asset rows.,COVERED-DIRECT,SBC-TREE-03,C30123,,,,
Sales By Customer,SBC,8,"Expand a customer to its assets, and an asset to its invoices",S8-R2,requirement,"S8-R2:** Activating a customer's chevron reveals that customer's asset rows beneath the summary row — one row per vehicle the customer's invoices were done on, plus the ""Parts Sales"" bucket (S8-R6) when there is no-vehicle work.",COVERED-DIRECT,SBC-TREE-03,C30123,,,,
Sales By Customer,SBC,8,"Expand a customer to its assets, and an asset to its invoices",S8-R3,requirement,"S8-R3:** Invoices are grouped into one asset row when they reference the same vehicle record (the same vehicle id). For an older invoice that has no vehicle id on file, the invoice's own stored vehicle snapshot is used as the grouping key instead of a vehicle id.",COVERED-DIRECT,SBC-TREE-05,C30125,,,,
Sales By Customer,SBC,8,"Expand a customer to its assets, and an asset to its invoices",S8-R4,requirement,S8-R4:** Each asset row has its own chevron; activating it reveals the invoice detail rows for that asset.,COVERED-DIRECT,SBC-TREE-04,C30124,,,,
Sales By Customer,SBC,8,"Expand a customer to its assets, and an asset to its invoices",S8-R5,requirement,"S8-R5:** An asset row shows a vehicle icon, the asset label (S8-R7), and the asset's invoice count in parentheses.",COVERED-DIRECT,SBC-TREE-03,C30123,,,,
Sales By Customer,SBC,8,"Expand a customer to its assets, and an asset to its invoices",S8-R5a,requirement,"S8-R5a:** An asset row shows the same financial columns as the customer row, rolled up for that asset.",COVERED-DIRECT,SBC-TREE-03,C30123,,,,
Sales By Customer,SBC,8,"Expand a customer to its assets, and an asset to its invoices",S8-R5b,requirement,S8-R5b:** The Date cell is blank on asset rows.,COVERED-DIRECT,SBC-TREE-03,C30123,,,,
Sales By Customer,SBC,8,"Expand a customer to its assets, and an asset to its invoices",S8-R5c,requirement,S8-R5c:** Asset rows are indented one level under the customer.,COVERED-DIRECT,SBC-TREE-03,C30123,,,,
Sales By Customer,SBC,8,"Expand a customer to its assets, and an asset to its invoices",S8-R6,requirement,"S8-R6:** A customer's work with no vehicle collects under a single row labeled ""Parts Sales,"" always sorted last among that customer's assets. > _* Context note: a service work order always has a vehicle, so no-vehicle work is treated as a parts sale._",COVERED-DIRECT,SBC-TREE-06,C30126,,,,
Sales By Customer,SBC,8,"Expand a customer to its assets, and an asset to its invoices",S8-R6a,requirement,"S8-R6a:** A customer's real asset rows are ordered A→Z by their label, case-insensitive; the ""Parts Sales"" bucket is always last, whatever the active column sort.",COVERED-DIRECT,SBC-TREE-06,C30126,,,,
Sales By Customer,SBC,8,"Expand a customer to its assets, and an asset to its invoices",S8-R7,requirement,S8-R7 (asset label — primary):** The asset label is the vehicle's VIN.,COVERED-DIRECT,SBC-LBL-01,C30134,,,,
Sales By Customer,SBC,8,"Expand a customer to its assets, and an asset to its invoices",S8-R8,requirement,"S8-R8 (asset label — first fallback):** When the vehicle has no VIN, the label is the vehicle's Unit number.",COVERED-DIRECT,SBC-LBL-01,C30134,,,,
Sales By Customer,SBC,8,"Expand a customer to its assets, and an asset to its invoices",S8-R9,requirement,"S8-R9 (asset label — second fallback):** When the vehicle has no VIN and no Unit number, the label is the vehicle's plate.",COVERED-DIRECT,SBC-LBL-01,C30134,,,,
Sales By Customer,SBC,8,"Expand a customer to its assets, and an asset to its invoices",S8-R10,requirement,"S8-R10 (asset label — nothing on file):** When the vehicle has no VIN, Unit number, or plate, the label reads ""Unknown Asset.""",COVERED-DIRECT,SBC-LBL-01,C30134,,,,
Sales By Customer,SBC,8,"Expand a customer to its assets, and an asset to its invoices",S8-R11,requirement,"S8-R11 (asset label — duplicates):** When two of a customer's assets still produce the same label, a suffix "" (#1),"" "" (#2),"" and so on is added, numbered in a fixed, repeatable order so the same vehicle always keeps the same number across reloads.",COVERED-DIRECT,SBC-LBL-04,C30137,,,,
Sales By Customer,SBC,8,"Expand a customer to its assets, and an asset to its invoices",S8-R12,requirement,"S8-R12:** Each invoice detail row shows the invoice number (as a link, see Story 9), the invoice date, and the per-invoice Inv. Hrs, Labor Invoiced, Labor Margin, Parts Invoiced, Parts Margin, Shop Supplies, Margin, Margin %, and Subtotal.",COVERED-DIRECT,SBC-TREE-04,C30124,,,,
Sales By Customer,SBC,8,"Expand a customer to its assets, and an asset to its invoices",S8-R12a,requirement,"S8-R12a:** The invoice date on screen shows in the format ""Mon DD YYYY"" — for example, May 14 2026.",COVERED-DIRECT,SBC-TREE-04,C30124,,,,
Sales By Customer,SBC,8,"Expand a customer to its assets, and an asset to its invoices",S8-R13,requirement,"S8-R13:** An asset's invoice subtotals sum exactly to that asset's row total, and a customer's asset subtotals sum exactly to the customer's row total.",COVERED-DIRECT,SBC-CALC-05,C30153,,,,
Sales By Customer,SBC,8,"Expand a customer to its assets, and an asset to its invoices",S8-R14,requirement,S8-R14 (lazy drill-down):** A customer's asset and invoice rows are fetched from the server the first time that customer is expanded; they are not preloaded with the customer summary rows. Expanding a customer that has not been expanded in the current view triggers that fetch.,COVERED-DIRECT,SBC-API-01,C30190,,,,
Sales By Customer,SBC,8,"Expand a customer to its assets, and an asset to its invoices",S8-R15,requirement,"S8-R15:** Each chevron toggles back to collapsed on a second activation, and each customer's and each asset's expansion state is independent.",COVERED-DIRECT,SBC-TREE-03,C30123,,,,
Sales By Customer,SBC,8,"Expand a customer to its assets, and an asset to its invoices",S8-R16,requirement,"S8-R16:** A header-row chevron expands every customer on the current page in one action, and collapses them all when activated again. Because each customer's asset and invoice rows are fetched lazily on expand (S8-R14), expanding all triggers at most one drill-down fetch per not-yet-expanded customer on the current page — a bounded number of fetches never exceeding the page size; it does not fetch customers beyond the current page or the whole result set.",COVERED-DIRECT,SBC-API-01; SBC-TREE-08,C30190; C30128,,,,
Sales By Customer,SBC,8,"Expand a customer to its assets, and an asset to its invoices",S8-R17,requirement,"S8-R17:** The header-row chevron shows the ""expand"" icon when at least one visible customer is collapsed, and the ""collapse"" icon when all visible customers are expanded.",COVERED-DIRECT,SBC-TREE-08,C30128,,,,
Sales By Customer,SBC,8,"Expand a customer to its assets, and an asset to its invoices",S8-R18,requirement,"S8-R18:** Hovering the header-row chevron shows an ""Expand all"" or ""Collapse all"" tooltip that matches its current action.",COVERED-DIRECT,SBC-TREE-08,C30128,,,,
Sales By Customer,SBC,8,"Expand a customer to its assets, and an asset to its invoices",S8-R19,requirement,S8-R19:** The header-row chevron acts on the currently visible customers only.,COVERED-DIRECT,SBC-TREE-08,C30128,,,,
Sales By Customer,SBC,8,"Expand a customer to its assets, and an asset to its invoices",S8-R20,requirement,"S8-R20:** Any change that re-fetches customer rows from the server — the date range, Product Type, location, the Customer filter, or the sort — collapses all expanded rows.",COVERED-DIRECT,SBC-TREE-09,C30129,,,,
Sales By Customer,SBC,8,"Expand a customer to its assets, and an asset to its invoices",S8-R21,requirement,"S8-R21:** Typing in the Customer filter's type-ahead — which only narrows the filter's own dropdown list, not the table — does not collapse expanded rows.",COVERED-DIRECT,SBC-TREE-09,C30129,,,,
Sales By Customer,SBC,8,"Expand a customer to its assets, and an asset to its invoices",S8-R22,requirement,S8-R22:** Reloading the browser clears all expansion state. **Negative cases:**,COVERED-DIRECT,SBC-PERS-02,C30175,,,,
Sales By Customer,SBC,8,"Expand a customer to its assets, and an asset to its invoices",S8-N1,negative,S8-N1:** The header-row chevron is hidden when the table has no visible rows. **Edge cases:**,COVERED-DIRECT,SBC-EMPTY-01,C30181,,,,
Sales By Customer,SBC,8,"Expand a customer to its assets, and an asset to its invoices",S8-E1,edge,S8-E1:** An asset with a single invoice can still be expanded; one invoice detail row is shown.,COVERED-DIRECT,SBC-TREE-10,C30130,,,,
Sales By Customer,SBC,8,"Expand a customer to its assets, and an asset to its invoices",S8-E2,edge,"S8-E2:** A customer with only no-vehicle work shows a single ""Parts Sales"" row and no vehicle rows.",COVERED-DIRECT,SBC-TREE-10,C30130,,,,
Sales By Customer,SBC,8,"Expand a customer to its assets, and an asset to its invoices",S8-E3,edge,"S8-E3:** No-vehicle work collects under ""Parts Sales"" based on the absence of a vehicle, not on the invoice-number prefix; a service (S) invoice with no vehicle therefore also appears in that customer's ""Parts Sales"" row.",COVERED-DIRECT,SBC-TREE-11,C30131,,,,
Sales By Customer,SBC,9,Open an invoice,S9-R1,requirement,S9-R1:** Each invoice number on a detail row is a clickable link.,COVERED-DIRECT,SBC-LINK-01,C30138,,,,
Sales By Customer,SBC,9,Open an invoice,S9-R2,requirement,S9-R2:** Activating the link opens the invoice in the same browser tab.,COVERED-DIRECT,SBC-LINK-01,C30138,,,,
Sales By Customer,SBC,9,Open an invoice,S9-R2a,requirement,S9-R2a:** A service invoice opens the associated work order's Finance tab.,COVERED-DIRECT,SBC-LINK-01,C30138,,,,
Sales By Customer,SBC,9,Open an invoice,S9-R2b,requirement,S9-R2b:** A parts invoice opens the associated part sale's Part Requests tab.,COVERED-DIRECT,SBC-LINK-01,C30138,,,,
Sales By Customer,SBC,9,Open an invoice,S9-R3,requirement,"S9-R3:** Before navigating, the active date range and Product Type are written to the page link so the report can be restored.",COVERED-DIRECT,SBC-LINK-02,C30139,,,,
Sales By Customer,SBC,9,Open an invoice,S9-R4,requirement,"S9-R4:** Pressing the browser back button returns to the report with its filters, sort, and columns restored; expanded rows are shown collapsed again (expansion is not restored).",COVERED-DIRECT,SBC-LINK-02,C30139,,,,
Sales By Customer,SBC,9,Open an invoice,S9-R5,requirement,"S9-R5:** The customer name on each summary row is plain text, not a link.",COVERED-DIRECT,SBC-LINK-03,C30140,,,,
Sales By Customer,SBC,9,Open an invoice,S9-R6,requirement,"S9-R6:** The invoice number link is shown in the application's primary color at rest, on hover, and after it has been clicked.",COVERED-DIRECT,SBC-LINK-03,C30140,,,,
Sales By Customer,SBC,9,Open an invoice,S9-R7,requirement,"S9-R7:** The invoice number link has no underline at rest, on hover, or after it has been clicked.",COVERED-DIRECT,SBC-LINK-03,C30140,,,,
Sales By Customer,SBC,9,Open an invoice,S9-R8,requirement,S9-R8:** The invoice number link never recolors to the browser's visited-link color. **Negative cases:**,COVERED-DIRECT,SBC-LINK-03,C30140,,,,
Sales By Customer,SBC,9,Open an invoice,S9-N1,negative,"S9-N1:** If the underlying invoice has been deleted or reversed after the report loaded, the destination page shows the application's standard ""not found"" state; the user can press back to return to the report.",COVERED-DIRECT,SBC-LINK-04,C30141,,,,
Sales By Customer,SBC,9,Open an invoice,S9-N2,negative,"S9-N2:** If the user lacks permission to open the destination invoice, the destination page shows the application's standard access-denied state; the user can press back to return to the report.",COVERED-DIRECT,SBC-PERM-03,C30100,,,,
Sales By Customer,SBC,10,Sort the report,S10-R1,requirement,S10-R1:** Every column is sortable except the chevron column.,COVERED-DIRECT,SBC-SORT-01,C30142,,,,
Sales By Customer,SBC,10,Sort the report,S10-R2,requirement,S10-R2:** Text columns sort alphabetically; numeric columns sort by value.,COVERED-DIRECT,SBC-SORT-01,C30142,,,,
Sales By Customer,SBC,10,Sort the report,S10-R3,requirement,S10-R3:** A missing value sorts to the bottom in ascending order and to the top in descending order; a Margin % em-dash cell (S7-R12) counts as a missing value.,COVERED-DIRECT,SBC-SORT-03,C30144,,,,
Sales By Customer,SBC,10,Sort the report,S10-R4,requirement,"S10-R4:** The default sort on first load is Customer name, ascending, case-insensitive.",COVERED-DIRECT,SBC-SORT-02,C30143,,,,
Sales By Customer,SBC,10,Sort the report,S10-R5,requirement,"S10-R5:** Sorting by the Date column orders customer rows by each customer's most recent invoice date, even though the Date cell is blank on customer rows.",COVERED-DIRECT,SBC-SORT-04,C30145,,,,
Sales By Customer,SBC,10,Sort the report,S10-R6,requirement,S10-R6:** Sorting reorders only the customer summary rows; asset rows keep their own order (per S8-R6a) and invoice rows keep their order under their asset.,COVERED-DIRECT,SBC-SORT-01; SBC-TREE-06,C30142; C30126,,,,
Sales By Customer,SBC,10,Sort the report,S10-R7,requirement,S10-R7:** Clicking a column header replaces the default with that column's sort.,COVERED-DIRECT,SBC-SORT-02,C30143,,,,
Sales By Customer,SBC,10,Sort the report,S10-R8,requirement,S10-R8:** Sorting is applied on the server. Clicking a column header re-fetches the customer rows ordered by that column and returns the first page of results in the new order.,COVERED-DIRECT,SBC-API-02,C30191,,,,
Sales By Customer,SBC,10,Sort the report,S10-R8a,requirement,"S10-R8a:** Because sorting re-fetches from the server, changing the sort collapses any expanded customer rows; a customer's assets and invoices are re-fetched lazily on the next expand (Story 8).",COVERED-DIRECT,SBC-TREE-09,C30129,,,,
Sales By Customer,SBC,10,Sort the report,S10-R8b,requirement,"S10-R8b:** The full filtered set of customers is re-ordered on the server and re-paginated, so changing the sort can change which customers appear on the current page.",COVERED-DIRECT,SBC-API-02; SBC-TREE-09,C30191; C30129,,,,
Sales By Customer,SBC,10,Sort the report,S10-R8c,requirement,"S10-R8c:** While the re-fetch is in flight, the table shows the standard loading state; it clears when the re-ordered page arrives.",COVERED-DIRECT,SBC-TREE-09,C30129,,,,
Sales By Customer,SBC,10,Sort the report,S10-R9,requirement,S10-R9:** The sort column and direction are remembered between visits — see Story 6. **Negative cases:**,COVERED-DIRECT,SBC-PERS-01,C30174,,,,
Sales By Customer,SBC,10,Sort the report,S10-N1,negative,"S10-N1:** When the table has no customer rows, the sort controls on the headers are still present but produce no visible change.",CUT-BY-AUDIT,,,SBC-SORT-07,SBC-EMPTY-01(0.5); SBC-CALC-06(0.5); SBC-TREE-09(0.4),CUT-BY-AUDIT,"Retired SBC-SORT-07 covered it verbatim and was CUT 2026-07-28 as a no-op assertion (user-authorized Ruthless Usefulness Audit, build/report-suite/quality-audit-2026-07-28/). A test whose expected result is 'nothing happens' cannot fail informatively. Not re-authored."
Sales By Customer,SBC,11,Subtotal column behavior,S11-R1,requirement,S11-R1:** The Subtotal column is the rightmost column in the table.,COVERED-DIRECT,SBC-CALC-01; SBC-CALC-06,C30149; C30154,,,,
Sales By Customer,SBC,11,Subtotal column behavior,S11-R2,requirement,S11-R2:** The Subtotal column is pinned — it stays visible at the right edge while the user scrolls horizontally.,COVERED-DIRECT,SBC-CALC-06,C30154,,,,
Sales By Customer,SBC,11,Subtotal column behavior,S11-R3,requirement,"S11-R3:** Subtotal values are rendered at font-weight 700 on the column header, every customer row, every asset row, every invoice row, and the totals row. **Negative cases:**",COVERED-DIRECT,SBC-CALC-06,C30154,,,,
Sales By Customer,SBC,11,Subtotal column behavior,S11-N1,negative,"S11-N1:** No applicable user-visible negative cases. The Subtotal column is always present, always pinned, and always bold, regardless of permission, data, filters, or sort.",COVERED-DIRECT,SBC-CALC-06,C30154,,,,
Sales By Customer,SBC,12,Inv. Hrs (Labor Delta) display,S12-R1,requirement,"S12-R1:** The column heading reads ""Inv. Hrs"" (including the period after ""Inv"").",COVERED-DIRECT,SBC-CALC-03,C30151,,,,
Sales By Customer,SBC,12,Inv. Hrs (Labor Delta) display,S12-R2,requirement,"S12-R2:** The value on each row is hours invoiced minus hours worked, rounded to one decimal.",COVERED-DIRECT,SBC-CALC-03,C30151,,,,
Sales By Customer,SBC,12,Inv. Hrs (Labor Delta) display,S12-R3,requirement,"S12-R3:** A positive value is shown with a leading + sign, in the application's standard positive (green) color — for example, +1.5.",COVERED-DIRECT,SBC-CALC-03,C30151,,,,
Sales By Customer,SBC,12,Inv. Hrs (Labor Delta) display,S12-R4,requirement,"S12-R4:** A negative value is shown with a leading - sign, in the application's standard negative (red) color — for example, -1.5.",COVERED-DIRECT,SBC-CALC-03,C30151,,,,
Sales By Customer,SBC,12,Inv. Hrs (Labor Delta) display,S12-R5,requirement,S12-R5:** A zero or break-even value is shown as 0.0 in the default text color.,COVERED-DIRECT,SBC-CALC-03,C30151,,,,
Sales By Customer,SBC,12,Inv. Hrs (Labor Delta) display,S12-R6,requirement,"S12-R6:** The same calculation, label, format, and coloring apply to customer, asset, and invoice rows. **Negative cases:**",COVERED-DIRECT,SBC-CALC-03,C30151,,,,
Sales By Customer,SBC,12,Inv. Hrs (Labor Delta) display,S12-N1,negative,"S12-N1:** A customer, asset, or invoice with no labor (for example, a parts-only invoice) shows 0.0 in the default color. It is never blank, ""N/A,"" an em dash, or omitted. **Edge cases:**",COVERED-DIRECT,SBC-CALC-04,C30152,,,,
Sales By Customer,SBC,12,Inv. Hrs (Labor Delta) display,S12-E1,edge,"S12-E1:** A value that rounds to 0.0 (for example, +0.04) is shown as 0.0 in the default text color.",COVERED-DIRECT,SBC-CALC-04,C30152,,,,
Sales By Customer,SBC,12,Inv. Hrs (Labor Delta) display,S12-E2,edge,"S12-E2:** A negative value is shown with a minus sign and one decimal — for example, -0.5.",COVERED-DIRECT,SBC-CALC-04,C30152,,,,
Sales By Customer,SBC,13,Show or hide columns,S13-R1,requirement,"S13-R1:** A column selector button is in the toolbar's action area, next to the overflow menu. It is a separate control, not an item inside the overflow menu.",COVERED-DIRECT,SBC-COL-01,C30156,,,,
Sales By Customer,SBC,13,Show or hide columns,S13-R2,requirement,"S13-R2:** Hovering the column selector shows the tooltip ""Column Selection.""",COVERED-DIRECT,SBC-COL-01,C30156,,,,
Sales By Customer,SBC,13,Show or hide columns,S13-R3,requirement,S13-R3:** Activating it opens a panel with one toggle per toggleable column.,COVERED-DIRECT,SBC-COL-01,C30156,,,,
Sales By Customer,SBC,13,Show or hide columns,S13-R4,requirement,"S13-R4:** The nine toggleable columns are, in order: Date, Inv. Hrs, Labor Invoiced, Labor Margin, Parts Invoiced, Parts Margin, Shop Supplies, Margin, Margin %.",COVERED-DIRECT,SBC-COL-01,C30156,,,,
Sales By Customer,SBC,13,Show or hide columns,S13-R5,requirement,S13-R5:** Each toggle hides or shows that column's header and body cells together.,COVERED-DIRECT,SBC-COL-02,C30157,,,,
Sales By Customer,SBC,13,Show or hide columns,S13-R6,requirement,"S13-R6:** The Customer and Subtotal columns, and the chevron control column, are always present and do not appear in the toggle list.",COVERED-DIRECT,SBC-COL-02,C30157,,,,
Sales By Customer,SBC,13,Show or hide columns,S13-R7,requirement,"S13-R7:** When no saved selection exists, all nine toggleable columns default to visible.",COVERED-DIRECT,SBC-COL-01,C30156,,,,
Sales By Customer,SBC,13,Show or hide columns,S13-R8,requirement,S13-R8:** The user's column selection is remembered between visits — see Story 6. **Negative cases:**,COVERED-DIRECT,SBC-PERS-01,C30174,,,,
Sales By Customer,SBC,13,Show or hide columns,S13-N1,negative,"S13-N1:** Hiding all nine toggleable columns is allowed. The table still renders the Customer and Subtotal columns, and the totals row still shows its Subtotal.",COVERED-DIRECT,SBC-COL-02,C30157,,,,
Sales By Customer,SBC,14,Download as CSV (Summary and Expanded),S14-R1,requirement,"S14-R1:** CSV downloads are started from two items in the toolbar's overflow menu — ""Download Summary (CSV)"" and ""Download Expanded View (CSV)."" There are no separate always-visible export buttons.",COVERED-DIRECT,SBC-EXP-01; SBC-EXP-16,C30159; C38856,,,,
Sales By Customer,SBC,14,Download as CSV (Summary and Expanded),S14-R2,requirement,"S14-R2:** The two menu items read exactly ""Download Summary (CSV)"" and ""Download Expanded View (CSV).""",COVERED-DIRECT,SBC-EXP-01; SBC-EXP-16,C30159; C38856,,,,
Sales By Customer,SBC,14,Download as CSV (Summary and Expanded),S14-R3,requirement,"S14-R3:** Both CSVs are generated on the server from the active date range, Product Type, location, Customer filter (Story 18), and sort, and contain the customers matching those filters (S18-R7).",COVERED-DIRECT,SBC-API-05; SBC-EXP-05,C30194; C30163,,,,
Sales By Customer,SBC,14,Download as CSV (Summary and Expanded),S14-R4,requirement,"S14-R4 (Summary contents):** The Summary CSV has one row per customer and no asset or invoice rows. Its columns, in this exact order, are: Customer, Inv. Hrs, Labor Invoiced, Labor Margin, Parts Invoiced, Parts Margin, Shop Supplies, Margin, Margin %, Subtotal.",COVERED-DIRECT,SBC-EXP-16,C38856,,,,
Sales By Customer,SBC,14,Download as CSV (Summary and Expanded),S14-R5,requirement,"S14-R5 (Expanded contents):** The Expanded CSV contains the full Customer → Asset → Invoice tree. Its columns, in this exact order, are: Customer, Asset, Invoice #, Date, Inv. Hrs, Labor Invoiced, Labor Margin, Parts Invoiced, Parts Margin, Shop Supplies, Margin, Margin %, Subtotal.",COVERED-DIRECT,SBC-EXP-03,C30161,,,,
Sales By Customer,SBC,14,Download as CSV (Summary and Expanded),S14-R6,requirement,"S14-R6 (Expanded row shape):** In the Expanded CSV, a customer row fills the Customer cell and leaves Asset, Invoice #, and Date blank; an asset row leaves Customer blank, fills Asset, and leaves Invoice # and Date blank; an invoice row leaves Customer and Asset blank and fills Invoice # and Date.",COVERED-DIRECT,SBC-EXP-03,C30161,,,,
Sales By Customer,SBC,14,Download as CSV (Summary and Expanded),S14-R7,requirement,"S14-R7:** The ""Parts Sales"" bucket (S8-R6) appears as an asset row named ""Parts Sales"" in the Expanded CSV.",COVERED-DIRECT,SBC-EXP-03,C30161,,,,
Sales By Customer,SBC,14,Download as CSV (Summary and Expanded),S14-R8,requirement,"S14-R8:** Customer names in either CSV are plain — the ""(N)"" invoice count is not included.",COVERED-TEXT,SBC-EXP-03,C30161,,,COVERED-TEXT,"SBC-EXP-03 (C30161) expected 5 verbatim: 'Customer names are plain - the ""(N)"" invoice count is not included.' Anchor cites S14-R5/R6/R7/R13 only."
Sales By Customer,SBC,14,Download as CSV (Summary and Expanded),S14-R9,requirement,"S14-R9:** The Margin % cell is a plain number to one decimal with no percent sign (for example, 64.7); it is empty when the row's Subtotal is zero or below.",COVERED-TEXT,SBC-EXP-04,C30162,,,COVERED-TEXT,"SBC-EXP-04 (C30162) expected 1 verbatim: Margin % plain number to one decimal, no percent sign, EMPTY when Subtotal <= 0. Anchor is off by one (cites S14-R10..R13)."
Sales By Customer,SBC,14,Download as CSV (Summary and Expanded),S14-R10,requirement,"S14-R10:** Dates export as mm-dd-yyyy — for example, 05-14-2026 — matching the ShopView-wide CSV date format.",COVERED-DIRECT,SBC-EXP-04,C30162,,,,
Sales By Customer,SBC,14,Download as CSV (Summary and Expanded),S14-R11,requirement,S14-R11:** Currency values export as plain numbers with no dollar sign and no thousands separators.,COVERED-DIRECT,SBC-EXP-04,C30162,,,,
Sales By Customer,SBC,14,Download as CSV (Summary and Expanded),S14-R12,requirement,S14-R12:** Neither CSV has color. The signed Inv. Hrs value still conveys direction.,COVERED-DIRECT,SBC-EXP-04,C30162,,,,
Sales By Customer,SBC,14,Download as CSV (Summary and Expanded),S14-R13,requirement,"S14-R13:** Each CSV includes a ""Locations:"" line naming the location or locations the report is scoped to, or ""All locations"" when every location the user has access to is selected (S4-R13).",COVERED-DIRECT,SBC-EXP-03; SBC-EXP-04,C30161; C30162,,,,
Sales By Customer,SBC,14,Download as CSV (Summary and Expanded),S14-R14,requirement,"S14-R14:** The files are named for the report, the version, and the active date range: the Summary CSV is sales-by-customer-summary-{range}.csv and the Expanded CSV is sales-by-customer-expanded-{range}.csv. {range} uses this map from range label: Today → today; Yesterday → yesterday; This Week → this_week; Last Week → last_week; This Month → this_month; Last Month → last_month; This Year → this_year; Last Year → last_year; This Quarter → this_quarter; Last Quarter → last_quarter; Custom → custom. > _* Context note: for the Custom range the literal word ""custom"" is used; the actual start and e",COVERED-DIRECT,SBC-API-05; SBC-EXP-02; SBC-EXP-14,C30194; C30160; C30172,,,,
Sales By Customer,SBC,14,Download as CSV (Summary and Expanded),S14-R15,requirement,S14-R15:** Each downloaded file is plain comma-separated text with a .csv extension and opens as rows and columns in a spreadsheet; it is not an .xlsx workbook and not a JSON file.,COVERED-TEXT,SBC-EXP-02,C30160,,,COVERED-TEXT,"SBC-EXP-02 (C30160) expected 4: plain comma-separated .csv that opens as rows and columns, not .xlsx and not JSON."
Sales By Customer,SBC,14,Download as CSV (Summary and Expanded),S14-R16,requirement,"S14-R16:** Each CSV is capped at 10,000 data rows — for the Summary CSV the customer rows; for the Expanded CSV the customer, asset, and invoice rows combined — not counting the header row or the totals row, counted on the server against the active date range, Product Type, location, Customer filter, and sort. When the result would exceed the cap, the server does not generate the file, no download starts, and the user is shown an error toast: ""This export is too large to generate. Narrow the date range or filters, then try again."" > _* Context note: the cap is a guardrail against runaway expor",COVERED-TEXT,SBC-EXP-14,C30172,,,COVERED-TEXT,"SBC-EXP-14 (C30172) is the 10,000-row cap case for BOTH CSV and PDF. Anchor cites the pre-v12 numbering (S14-R14/S15-R22). Toast wording follows Chris Ward's 2026-07-31 Q2=A suite-wide ruling, which retires the SBC spec's own variant (Rule 32 newest-wins) - spec text pending his edit, on SPEC-WATCH."
Sales By Customer,SBC,14,Download as CSV (Summary and Expanded),S14-N1,negative,"S14-N1:** If a CSV download fails, the user is shown an error toast: ""CSV export failed."" **Edge cases:**",COVERED-DIRECT,SBC-EXP-06,C30164,,,,
Sales By Customer,SBC,14,Download as CSV (Summary and Expanded),S14-E1,edge,"S14-E1:** While a CSV download is in progress, that menu item shows a loading state and is non-interactive.",COVERED-DIRECT,SBC-EXP-06,C30164,,,,
Sales By Customer,SBC,15,Download as PDF (Summary and Expanded),S15-R1,requirement,"S15-R1:** PDF downloads are started from two items in the toolbar's overflow menu — ""Download Summary (PDF)"" and ""Download Expanded View (PDF).""",COVERED-DIRECT,SBC-EXP-01; SBC-EXP-16,C30159; C38856,,,,
Sales By Customer,SBC,15,Download as PDF (Summary and Expanded),S15-R2,requirement,"S15-R2:** The two menu items read exactly ""Download Summary (PDF)"" and ""Download Expanded View (PDF).""",COVERED-DIRECT,SBC-EXP-01; SBC-EXP-16,C30159; C38856,,,,
Sales By Customer,SBC,15,Download as PDF (Summary and Expanded),S15-R3,requirement,"S15-R3:** Both PDFs are generated on the server from the active date range, Product Type, location, Customer filter (Story 18), and sort, and contain the customers matching those filters (S18-R7).",COVERED-DIRECT,SBC-API-05; SBC-EXP-05,C30194; C30163,,,,
Sales By Customer,SBC,15,Download as PDF (Summary and Expanded),S15-R4,requirement,S15-R4 (Summary contents):** The Summary PDF body table has one row per customer and no asset or invoice rows.,COVERED-DIRECT,SBC-EXP-16,C38856,,,,
Sales By Customer,SBC,15,Download as PDF (Summary and Expanded),S15-R5,requirement,"S15-R5 (Expanded contents):** The Expanded PDF body contains the full Customer → Asset → Invoice tree, one block per customer.",COVERED-DIRECT,SBC-EXP-08; SBC-EXP-11; SBC-EXP-16,C30166; C30169; C38856,,,,
Sales By Customer,SBC,15,Download as PDF (Summary and Expanded),S15-R6,requirement,"S15-R6:** The files follow the same version-and-range naming as the CSV (S14-R14) with a .pdf extension — for example, sales-by-customer-summary-this_month.pdf and sales-by-customer-expanded-this_month.pdf.",COVERED-DIRECT,SBC-EXP-02; SBC-EXP-08,C30160; C30166,,,,
Sales By Customer,SBC,15,Download as PDF (Summary and Expanded),S15-R7,requirement,"S15-R7:** The PDF is A4 landscape with 25px margins on all sides, using the application's standard font.",COVERED-DIRECT,SBC-EXP-08; SBC-EXP-09,C30166; C30167,,,,
Sales By Customer,SBC,15,Download as PDF (Summary and Expanded),S15-R8,requirement,"S15-R8:** The footer has a centered ""Software Powered by ShopView"" label and a right-aligned page number, ""Page X of Y.""",COVERED-DIRECT,SBC-EXP-08; SBC-EXP-09,C30166; C30167,,,,
Sales By Customer,SBC,15,Download as PDF (Summary and Expanded),S15-R9,requirement,S15-R9:** The PDF header is two columns: a text block on the left (70% width) and the organization logo on the right (30% width).,COVERED-DIRECT,SBC-EXP-09,C30167,,,,
Sales By Customer,SBC,15,Download as PDF (Summary and Expanded),S15-R10,requirement,"S15-R10:** The header text block shows, in order: the report title ""Sales By Customer Report""; the organization name; the date range; the filter summary line ""Product Type: {value}"" where value is ""Parts & Service,"" ""Parts only,"" or ""Service only""; and the location line ""Locations: {value}"" (S15-R14).",COVERED-DIRECT,SBC-EXP-09,C30167,,,,
Sales By Customer,SBC,15,Download as PDF (Summary and Expanded),S15-R11,requirement,"S15-R11:** The header date range shows the start and end dates in the format ""Mon D, YYYY,"" joined by an em dash — for example, ""May 1, 2026 — May 31, 2026."" > _* Context note: the header range uses this comma form on purpose; the body Date cells use ""Mon DD YYYY"" (S15-R20). The header-versus-cell difference is intentional._",COVERED-DIRECT,SBC-EXP-09,C30167,,,,
Sales By Customer,SBC,15,Download as PDF (Summary and Expanded),S15-R12,requirement,"S15-R12:** Every date range is bounded, so the PDF header date range always shows a start and end date (per S15-R11); there is no unbounded-range wording.",COVERED-DIRECT,SBC-EXP-10,C30168,,,,
Sales By Customer,SBC,15,Download as PDF (Summary and Expanded),S15-R13,requirement,"S15-R13:** The header title reads ""Sales By Customer Report"" for both versions; the version (Summary or Expanded) is conveyed by the file name (S15-R6) and the body contents (S15-R4, S15-R5), not by a change to the title.",COVERED-DIRECT,SBC-EXP-10; SBC-EXP-11,C30168; C30169,,,,
Sales By Customer,SBC,15,Download as PDF (Summary and Expanded),S15-R14,requirement,"S15-R14:** The header shows a ""Locations:"" line naming the location or locations the report is scoped to, or ""All locations"" when every location the user has access to is selected (S4-R13). The names shown match the Location filter's current selection. > _* Context note: this reverses the earlier rule that hid the location from the PDF header; the export must now carry its own location context so a printed copy is not ambiguous about which location's data it shows._",COVERED-DIRECT,SBC-EXP-10,C30168,,,,
Sales By Customer,SBC,15,Download as PDF (Summary and Expanded),S15-R15,requirement,"S15-R15:** The organization logo is embedded in the PDF, not loaded from a network address, so it renders offline.",COVERED-DIRECT,SBC-EXP-10,C30168,,,,
Sales By Customer,SBC,15,Download as PDF (Summary and Expanded),S15-R16,requirement,"S15-R16:** The logo scales to fit its area without distortion, pinned to the top-right.",COVERED-TEXT,SBC-EXP-10,C30168,,,COVERED-TEXT,"SBC-EXP-10 (C30168) expected 1: logo pinned top-right, scaled to fit without distortion. Anchor cites S15-R12..R15 (pre-v12 numbering)."
Sales By Customer,SBC,15,Download as PDF (Summary and Expanded),S15-R17,requirement,S15-R17:** The logo is chosen in this order: (1) the organization's uploaded logo; (2) the bundled ShopView logo when none is uploaded; (3) no logo.,COVERED-TEXT,SBC-EXP-10,C30168,,,COVERED-TEXT,"SBC-EXP-10 expected 1+2: uploaded org logo first, bundled ShopView logo when none uploaded; step 3 drives the no-logo state."
Sales By Customer,SBC,15,Download as PDF (Summary and Expanded),S15-R18,requirement,"S15-R18:** When no logo is available, the logo column is not rendered and the text column fills the full width.",COVERED-TEXT,SBC-EXP-10,C30168,,,COVERED-TEXT,SBC-EXP-10 expected 3: with no logo at all the logo column is not rendered and the text column fills the full width.
Sales By Customer,SBC,15,Download as PDF (Summary and Expanded),S15-R19,requirement,"S15-R19:** The Summary PDF body table has the Summary columns and order (S14-R4); the Expanded PDF body has the Expanded columns and order (S14-R5), with the asset layer shown. Column labels match the CSV.",COVERED-DIRECT,SBC-EXP-11,C30169,,,,
Sales By Customer,SBC,15,Download as PDF (Summary and Expanded),S15-R20,requirement,"S15-R20:** Dates in the PDF body show in the format ""Mon DD YYYY"" — for example, ""May 14 2026.""",COVERED-DIRECT,SBC-EXP-11,C30169,,,,
Sales By Customer,SBC,15,Download as PDF (Summary and Expanded),S15-R21,requirement,"S15-R21:** The Date cell is blank on customer and asset rows in the PDF, matching the screen.",COVERED-DIRECT,SBC-EXP-11,C30169,,,,
Sales By Customer,SBC,15,Download as PDF (Summary and Expanded),S15-R22,requirement,"S15-R22:** The Margin % cell shows an em dash when the row's Subtotal is zero or below, matching the screen.",COVERED-DIRECT,SBC-API-05; SBC-EXP-11; SBC-EXP-14,C30194; C30169; C30172,,,,
Sales By Customer,SBC,15,Download as PDF (Summary and Expanded),S15-R23,requirement,"S15-R23:** The Subtotal column is bold in the PDF — header, every row, and the totals row.",COVERED-DIRECT,SBC-EXP-11,C30169,,,,
Sales By Customer,SBC,15,Download as PDF (Summary and Expanded),S15-R24,requirement,"S15-R24:** Inv. Hrs in the PDF uses the same signs and coloring as on screen (S12-R3, S12-R4, S12-R5), with green rendered as #21ba45 and red as #c10015.",COVERED-DIRECT,SBC-EXP-11,C30169,,,,
Sales By Customer,SBC,15,Download as PDF (Summary and Expanded),S15-R25,requirement,"S15-R25:** Each PDF is capped at 10,000 data rows — for the Summary PDF the customer rows; for the Expanded PDF the customer, asset, and invoice rows combined — not counting the header row or the totals row, counted on the server against the active date range, Product Type, location, Customer filter, and sort. When the result would exceed the cap, the server does not generate the file, no download starts, and the user is shown an error toast: ""This export is too large to generate. Narrow the date range or filters, then try again."" **Negative cases:**",COVERED-TEXT,SBC-EXP-14,C30172,,,COVERED-TEXT,"Same case, PDF half of the cap. Anchor cites the pre-v12 S15-R22."
Sales By Customer,SBC,15,Download as PDF (Summary and Expanded),S15-N1,negative,"S15-N1:** If a PDF download fails, the user is shown an error toast: ""PDF export failed."" **Edge cases:**",COVERED-DIRECT,SBC-EXP-06,C30164,,,,
Sales By Customer,SBC,15,Download as PDF (Summary and Expanded),S15-E1,edge,"S15-E1:** While a PDF download is in progress, that menu item shows a loading state and is non-interactive.",COVERED-DIRECT,SBC-EXP-06,C30164,,,,
Sales By Customer,SBC,17,Empty state,S17-R1,requirement,"S17-R1:** When no customers match, the table body shows the message ""No sales data found for the selected filters.""",COVERED-DIRECT,SBC-EMPTY-01,C30181,,,,
Sales By Customer,SBC,17,Empty state,S17-R2,requirement,"S17-R2:** The toolbar stays visible and interactive in the empty state (its filters — including the Customer filter — and the action controls), so the user can adjust filters without leaving the page.",COVERED-DIRECT,SBC-EMPTY-01,C30181,,,,
Sales By Customer,SBC,17,Empty state,S17-R3,requirement,"S17-R3:** The empty-state message appears in the table body where customer rows would appear — not in the toolbar, the totals row, or a modal. **Negative cases:**",COVERED-DIRECT,SBC-EMPTY-01,C30181,,,,
Sales By Customer,SBC,17,Empty state,S17-N1,negative,S17-N1:** The empty-state message does not appear while the table is loading — only after the table finishes its initial loading and shows zero customers. **Edge cases:**,COVERED-DIRECT,SBC-EMPTY-02,C30182,,,,
Sales By Customer,SBC,17,Empty state,S17-E1,edge,"S17-E1:** If the Customer filter is narrowed to specific customers and the date range, Product Type, or location is then changed so that none of the selected customers have data, the empty-state message is shown. The Customer filter selection is kept; those customers reappear when the filters change back to a range where they have data. Clearing the Customer filter to no customers (""Clear all,"" S18-R3) also produces the empty state (S18-N1).",COVERED-DIRECT,SBC-CUST-03; SBC-EMPTY-01,C30114; C30181,,,,
Sales By Customer,SBC,18,Filter by customer,S18-R1,requirement,"S18-R1:** The toolbar has a Customer filter, labeled ""Customer,"" positioned between the Product Type filter and the Location filter.",COVERED-DIRECT,SBC-CUST-01,C30112,,,,
Sales By Customer,SBC,18,Filter by customer,S18-R2,requirement,"S18-R2:** The filter is a multi-select with server-backed type-ahead. The control carries a search (magnifier) icon marking it as searchable. The dropdown does not load the full customer list into the browser; instead, as the user types, it fetches matching customers from the server — case-insensitive ""contains"" matching on the customer name, scoped to the active date range, Product Type, and location — and lists the returned customers, each shown with a checkmark when selected. A ""Search customers…"" hint is pinned to the top of the dropdown before any query is typed, and yields to the typed q",COVERED-DIRECT,SBC-API-03; SBC-CUST-01; SBC-CUST-02,C30192; C30112; C30113,,,,
Sales By Customer,SBC,18,Filter by customer,S18-R3,requirement,"S18-R3:** A control pinned to the top of the dropdown selects or clears every customer at once. It reads ""All customers"" when the filter is not in the all-customers state (activating it puts the filter in the all-customers state, S18-R4) and ""Clear all"" when the filter is in the all-customers state (activating it clears the selection to an empty set).",COVERED-DIRECT,SBC-CUST-03,C30114,,,,
Sales By Customer,SBC,18,Filter by customer,S18-R4,requirement,"S18-R4:** On first load, with no saved selection, the filter is in the all-customers state — an explicit state meaning ""all customers,"" stored as a flag rather than an enumeration of the current customer ids — and the report shows every customer. While the filter is in the all-customers state, every customer matching the other active filters is included, including any customer that appears later (S18-R8, S18-R9).",COVERED-DIRECT,SBC-API-03; SBC-CUST-04,C30192; C30115,,,,
Sales By Customer,SBC,18,Filter by customer,S18-R5,requirement,"S18-R5:** The report shows only the customers currently selected in the filter. The collapsed filter label reads ""All customers"" when the filter is in the all-customers state (S18-R4), ""None"" when the selection is an empty set, the customer's name when exactly one customer is selected, and ""N selected"" when more than one customer is selected (N is the number of selected customers). While the user is typing a search query in the filter, the field shows the query text instead of the summary label; the summary label returns when the query is cleared or the field loses focus. > _* Context note: th",COVERED-DIRECT,SBC-CUST-04; SBC-CUST-05; SBC-CUST-06,C30115; C30116; C30117,,,,
Sales By Customer,SBC,18,Filter by customer,S18-R6,requirement,"S18-R6:** The totals row is computed on the server over the full set of customers matching the active filters (date range, Product Type, location, and the Customer filter), not only the customers on the current page.",COVERED-DIRECT,SBC-API-04; SBC-CALC-07,C30193; C30155,,,,
Sales By Customer,SBC,18,Filter by customer,S18-R7,requirement,"S18-R7:** Exports (CSV, PDF, Print) are generated on the server and contain exactly the customers matching the active filters — the customers selected in the Customer filter, within the active date range, Product Type, and location. When every customer is selected, the export contains the full set of customers under those filters.",COVERED-DIRECT,SBC-EXP-05,C30163,,,,
Sales By Customer,SBC,18,Filter by customer,S18-R8,requirement,"S18-R8:** The Customer filter selection is remembered between visits (Story 6), saved as either the all-customers state (S18-R4) or an explicit set of selected customer ids. On restore: if the saved state is the all-customers state, the filter restores to the all-customers state and the report shows every customer present in the current results, including any customer that appeared since the selection was saved. If the saved state is an explicit set of ids, the saved ids are intersected with the customers present in the current results — still-present ids are re-selected, any saved id no longe",COVERED-DIRECT,SBC-PERS-07,C30180,,,,
Sales By Customer,SBC,18,Filter by customer,S18-R9,requirement,"S18-R9:** When a date-range, Product Type, or location change re-loads the results, the selection reconciles against the new set of present customers: if the filter is in the all-customers state (S18-R4), it stays in the all-customers state — every present customer, including every newly-present customer, is included; otherwise the still-present selected ids are kept, ids no longer present are dropped, and newly-present customers are not added.",COVERED-DIRECT,SBC-CUST-04; SBC-CUST-09,C30115; C30120,,,,
Sales By Customer,SBC,18,Filter by customer,S18-R10,requirement,"S18-R10:** If an export (CSV, PDF, or Print) is triggered while the active filters match no customers — for example, no customer is selected — the export still downloads, containing the column headers and a totals row of zeros, with no data rows and no warning.",COVERED-DIRECT,SBC-EXP-15,C30173,,,,
Sales By Customer,SBC,18,Filter by customer,S18-R11,requirement,"S18-R11:** The Customer filter is applied on the server. Changing the selection re-fetches the matching customers as a fresh first page (customer rows are server-paginated), and the server-computed totals (S18-R6) update to the new selection. **Negative cases:**",COVERED-DIRECT,SBC-API-04; SBC-CUST-06,C30193; C30117,,,,
Sales By Customer,SBC,18,Filter by customer,S18-N1,negative,"S18-N1:** When no customer is selected (every customer cleared), the report shows the empty state (Story 17) and the totals row shows zeros. **Edge cases:**",COVERED-DIRECT,SBC-CUST-03,C30114,,,,
Sales By Customer,SBC,18,Filter by customer,S18-E1,edge,"S18-E1:** Changing the date range, Product Type, or location does not clear the Customer filter, but it re-reconciles the selection against the new results (S18-R9): in the all-selected state the view stays all-inclusive, so a customer with no data under the new filters is simply not shown and is included again once it has data; in a subset selection, a selected customer that is no longer present is dropped from the selection and must be re-selected to appear if it later returns.",COVERED-DIRECT,SBC-CUST-04; SBC-CUST-09,C30115; C30120,,,,
Sales By Customer,SBC,20,Visual conformance with the reports suite,S20-R1,requirement,S20-R1:** The page has no padding.,COVERED-DIRECT,SBC-VIS-01,C30185,,,,
Sales By Customer,SBC,20,Visual conformance with the reports suite,S20-R2,requirement,S20-R2:** The page background is the application's standard blue-grey (#f9fafb in light mode; the application's dark background in dark mode).,COVERED-DIRECT,SBC-VIS-01,C30185,,,,
Sales By Customer,SBC,20,Visual conformance with the reports suite,S20-R3,requirement,"S20-R3:** The toolbar touches the top of the page with no gap above it, and the table reaches the left and right edges next to the side navigation.",COVERED-DIRECT,SBC-VIS-01,C30185,,,,
Sales By Customer,SBC,20,Visual conformance with the reports suite,S20-R4,requirement,S20-R4:** The toolbar surface is white (#ffffff) in light mode and the application's dark surface in dark mode.,COVERED-DIRECT,SBC-VIS-01,C30185,,,,
Sales By Customer,SBC,20,Visual conformance with the reports suite,S20-R5,requirement,"S20-R5:** The toolbar padding is 32px top, 24px bottom, and 2rem left and right.",COVERED-DIRECT,SBC-VIS-01,C30185,,,,
Sales By Customer,SBC,20,Visual conformance with the reports suite,S20-R6,requirement,S20-R6:** The left edge of the title and the right edge of the action cluster line up with the leftmost and rightmost data-cell positions.,COVERED-DIRECT,SBC-VIS-01,C30185,,,,
Sales By Customer,SBC,20,Visual conformance with the reports suite,S20-R7,requirement,S20-R7:** A 1px horizontal line in the application's standard table-header border color separates the toolbar from the column headers.,COVERED-DIRECT,SBC-VIS-01,C30185,,,,
Sales By Customer,SBC,20,Visual conformance with the reports suite,S20-R8,requirement,"S20-R8:** Column-header cells and customer summary rows use the white surface (#ffffff), or the dark surface in dark mode.",COVERED-DIRECT,SBC-VIS-02,C30186,,,,
Sales By Customer,SBC,20,Visual conformance with the reports suite,S20-R9,requirement,"S20-R9:** Asset rows and invoice rows use the blue-grey background (#f9fafb), or the dark background in dark mode.",COVERED-DIRECT,SBC-VIS-02,C30186,,,,
Sales By Customer,SBC,20,Visual conformance with the reports suite,S20-R10,requirement,"S20-R10:** The totals row uses the white surface (#ffffff), or the dark surface in dark mode, with a top border and bold text. > _* Context note: the totals row was set to white on purpose, not the tinted background, to match Technician Efficiency, the suite's visual reference._",COVERED-DIRECT,SBC-VIS-02,C30186,,,,
Sales By Customer,SBC,20,Visual conformance with the reports suite,S20-R11,requirement,S20-R11:** The pinned Subtotal cell on any row uses that row's own background — it is never a contrasting strip.,COVERED-DIRECT,SBC-VIS-02,C30186,,,,
Sales By Customer,SBC,20,Visual conformance with the reports suite,S20-R12,requirement,"S20-R12:** The leftmost cell (header, body, totals) has 2rem of left padding; the rightmost cell has 2rem of right padding.",COVERED-DIRECT,SBC-VIS-01,C30185,,,,
Sales By Customer,SBC,20,Visual conformance with the reports suite,S20-R13,requirement,S20-R13:** The table has no rounded corners.,COVERED-DIRECT,SBC-VIS-01,C30185,,,,
Sales By Customer,SBC,20,Visual conformance with the reports suite,S20-R14,requirement,S20-R14:** The three tree levels are shown by indentation: the customer row is at the base; asset rows are indented one level (their chevron and vehicle icon sit in from the customer); invoice rows are indented one level deeper.,COVERED-DIRECT,SBC-TREE-04; SBC-VIS-02,C30124; C30186,,,,
Sales By Customer,SBC,20,Visual conformance with the reports suite,S20-R15,requirement,"S20-R15:** The date-range picker's dropdown arrow is 24px, the same size as the other filter dropdown arrows.",COVERED-DIRECT,SBC-VIS-01,C30185,,,,
Sales By Customer,SBC,20,Visual conformance with the reports suite,S20-R16,requirement,"S20-R16:** The overflow (export) menu is the leftmost control in the toolbar's action area, and is the application's standard overflow-menu control.",COVERED-DIRECT,SBC-EXP-01,C30159,,,,
Sales By Customer,SBC,20,Visual conformance with the reports suite,S20-R17,requirement,"S20-R17:** When the table content does not fill the viewport, the blue-grey page background shows through below the table; there is no white strip below the table.",COVERED-DIRECT,SBC-VIS-01,C30185,,,,
Sales By Customer,SBC,20,Visual conformance with the reports suite,S20-R18,requirement,"S20-R18:** In dark mode, every rule above applies with the dark equivalent of each color, and the PDF export always renders in light-mode colors regardless of the user's app mode.",COVERED-DIRECT,SBC-VIS-03,C30187,,,,
Sales By Customer,SBC,20,Visual conformance with the reports suite,S20-R19,requirement,"S20-R19:** When shown (S4-R12), the Location column appears with the identifier columns on the left of the financial block, immediately after the Date column, and every row type renders it in that position; when it is hidden (a single location in scope), the surrounding columns close up with no gap. The Location filter control keeps a constant width regardless of the label it shows. **Negative cases:**",COVERED-DIRECT,SBC-LOC-04,C38912,,,,
Sales By Customer,SBC,20,Visual conformance with the reports suite,S20-N1,negative,S20-N1:** No applicable user-visible negative cases. The visual conformance rules apply whenever the report is rendered.,NOT-TESTABLE,,,,,NOT-TESTABLE,The requirement's own verbatim text is 'No applicable user-visible negative cases.' Nothing to test by the spec's own statement.
Sales By Customer,SBC,21,Mobile usability,S21-R1,requirement,"S21-R1:** Every toolbar control — date range, Product Type, the Customer filter, location, the overflow menu, and the column selector — is visible and works on touch.",COVERED-DIRECT,SBC-MOB-01,C30188,,,,
Sales By Customer,SBC,21,Mobile usability,S21-R2,requirement,"S21-R2:** Below a 1024px viewport width, the toolbar uses two rows: the action controls (overflow menu and column selector) on the first row, and the filter dropdowns on the second row, stacked at full width.",COVERED-DIRECT,SBC-MOB-01,C30188,,,,
Sales By Customer,SBC,21,Mobile usability,S21-R3,requirement,"S21-R3:** At 1024px width and above, the toolbar uses the desktop single-row layout. > _* Context note: the two-row layout keeps a filter dropdown's expand arrow from overlapping the action controls._",COVERED-DIRECT,SBC-MOB-01,C30188,,,,
Sales By Customer,SBC,21,Mobile usability,S21-R4,requirement,"S21-R4:** The data table scrolls sideways to show all columns, and the pinned Subtotal column stays visible during that scroll.",COVERED-DIRECT,SBC-MOB-02,C30189,,,,
Sales By Customer,SBC,21,Mobile usability,S21-R5,requirement,S21-R5:** The chevron expand and collapse control on each row works on touch.,COVERED-DIRECT,SBC-MOB-02,C30189,,,,
Sales By Customer,SBC,21,Mobile usability,S21-R6,requirement,"S21-R6:** The invoice number link opens the invoice in the same tab on touch, the same as on desktop.",COVERED-DIRECT,SBC-MOB-02,C30189,,,,
Sales By Representative,SBR,1,Access the Sales By Representative Report,S1-R1,requirement,"S1-R1:** ""Sales By Representative"" appears as an entry in the Reports left-side navigation for every user who can see any other report in the same Performance group. The label is the full word ""Representative,"" not the ""Rep"" shorthand.",COVERED-DIRECT,SBR-NAV-01; SBR-PERM-01,C30195; C30198,,,,
Sales By Representative,SBR,1,Access the Sales By Representative Report,S1-R2,requirement,"S1-R2:** The entry is placed within the **Performance** group, at the **bottom** of the group — immediately below whichever report currently sits last in that group at the time the report is built. Additive: no existing entry is moved, replaced, or reordered.",COVERED-DIRECT,SBR-NAV-01,C30195,,,,
Sales By Representative,SBR,1,Access the Sales By Representative Report,S1-R3,requirement,S1-R3:** The relative order of every other navigation entry is unchanged.,COVERED-DIRECT,SBR-NAV-01,C30195,,,,
Sales By Representative,SBR,1,Access the Sales By Representative Report,S1-R4,requirement,S1-R4:** Selecting the entry opens the report in the main content area.,COVERED-DIRECT,SBR-NAV-01,C30195,,,,
Sales By Representative,SBR,1,Access the Sales By Representative Report,S1-R5,requirement,"S1-R5:** The page title displayed at the top of the report reads ""Sales By Representative"".",COVERED-DIRECT,SBR-NAV-01,C30195,,,,
Sales By Representative,SBR,1,Access the Sales By Representative Report,S1-R6,requirement,"S1-R6:** The browser tab title reads ""Sales By Representative - Report | ShopView"".",COVERED-DIRECT,SBR-NAV-01,C30195,,,,
Sales By Representative,SBR,1,Access the Sales By Representative Report,S1-R7,requirement,"S1-R7:** The navigation entry's horizontal padding must be sized so the full ""Sales By Representative"" label renders without crowding against the entry's edges and without truncation. This is a layout adjustment; the label is not shortened to fit. **Negative cases:**",COVERED-DIRECT,SBR-NAV-03,C30197,,,,
Sales By Representative,SBR,1,Access the Sales By Representative Report,S1-N1,negative,"S1-N1:** If the user lacks permission to access Reports, the entire Reports navigation (including this entry) is not shown. * * *",COVERED-DIRECT,SBR-PERM-02,C30199,,,,
Sales By Representative,SBR,2,Filter the report by date range,S2-R1,requirement,S2-R1:** A date range picker is visible in the report toolbar.,COVERED-DIRECT,SBR-DATE-01,C30201,,,,
Sales By Representative,SBR,2,Filter the report by date range,S2-R2,requirement,"S2-R2:** The user can select any standard preset (Today, Yesterday, This Week, This Month, Last Month, This Year, Last Year, This Quarter, Last Quarter, Custom).",COVERED-DIRECT,SBR-DATE-01,C30201,,,,
Sales By Representative,SBR,2,Filter the report by date range,S2-R3,requirement,S2-R3:** The user can select a custom range via the date picker dialog.,COVERED-DIRECT,SBR-DATE-02,C30202,,,,
Sales By Representative,SBR,2,Filter the report by date range,S2-R4,requirement,S2-R4:** Changing the date range re-fetches and re-renders the report (a loading indicator is shown per S16-R4).,COVERED-DIRECT,SBR-PERS-04,C30274,,,,
Sales By Representative,SBR,2,Filter the report by date range,S2-R5,requirement,S2-R5:** The chosen date range is reflected in both PDF exports' header strips.,COVERED-DIRECT,SBR-DATE-04; SBR-EXP-03,C30204; C30278,,,,
Sales By Representative,SBR,2,Filter the report by date range,S2-R6,requirement,"S2-R6:** The **Custom** range is capped at a maximum span of **366 days** (start and end dates inclusive), matching the largest preset. A custom selection whose start-to-end span exceeds 366 days is not accepted; the picker holds the user to a range of 366 days or fewer.",COVERED-DIRECT,SBR-DATE-02,C30202,,,,
Sales By Representative,SBR,2,Filter the report by date range,S2-R7,requirement,"S2-R7:** On first load (no remembered setting — Story 23), the date range defaults to **This Month**.",COVERED-TEXT,SBR-PERS-04,C30274,,,COVERED-TEXT,SBR-PERS-04 (C30274) expected 1 asserts the first-visit default 'Date range = This Month'. The retired SBR-DATE-03 was merged into it 2026-07-28; the anchor did not travel.
Sales By Representative,SBR,2,Filter the report by date range,S2-R8,requirement,"S2-R8:** The date used to place an invoice in the range is the invoice's own date (§3), compared with inclusive endpoints. **Negative cases:**",COVERED-DIRECT,SBR-DATE-04,C30204,,,,
Sales By Representative,SBR,2,Filter the report by date range,S2-N1,negative,"S2-N1:** If the chosen range produces no matching invoices for any rep, the report shows the empty state (Story 16). * * *",COVERED-TEXT,SBR-STATE-01,C30298,,,COVERED-TEXT,SBR-STATE-01 (C30298) step 1 drives 'a date range with no activity' and expected 1 asserts the Story-16 empty state.
Sales By Representative,SBR,3,Filter the report by product type,S3-R1,requirement,"S3-R1:** A ""Product Type"" dropdown is visible in the toolbar.",COVERED-DIRECT,SBR-TYPE-02,C30206,,,,
Sales By Representative,SBR,3,Filter the report by product type,S3-R2,requirement,"S3-R2:** The dropdown offers exactly three options: ""Parts & Service,"" ""Parts only,"" ""Service only.""",COVERED-DIRECT,SBR-TYPE-02,C30206,,,,
Sales By Representative,SBR,3,Filter the report by product type,S3-R3,requirement,"S3-R3:** ""Parts & Service"" is the default on first load (no remembered setting — Story 23).",COVERED-DIRECT,SBR-TYPE-02,C30206,,,,
Sales By Representative,SBR,3,Filter the report by product type,S3-R4,requirement,"S3-R4:** ""Parts only"" includes only invoices whose number starts with `P`.",COVERED-DIRECT,SBR-TYPE-02,C30206,,,,
Sales By Representative,SBR,3,Filter the report by product type,S3-R5,requirement,"S3-R5:** ""Service only"" includes only invoices whose number starts with `S`.",COVERED-DIRECT,SBR-TYPE-02,C30206,,,,
Sales By Representative,SBR,3,Filter the report by product type,S3-R6,requirement,"S3-R6:** ""Parts & Service"" applies no product-type filter.",COVERED-DIRECT,SBR-TYPE-02,C30206,,,,
Sales By Representative,SBR,3,Filter the report by product type,S3-R7,requirement,S3-R7:** Changing the selection re-fetches and re-renders the report.,COVERED-DIRECT,SBR-TYPE-02,C30206,,,,
Sales By Representative,SBR,3,Filter the report by product type,S3-R8,requirement,"S3-R8:** **The Product Type filter is part of the contributor gate and narrows every metric.** A rep appears only if they have ≥1 matching invoice after this filter (Story 5). For rendered reps, summary totals, invoice detail rows, the grand Totals indicator, and the (N) count all reflect only matching invoices. **Negative cases:**",COVERED-DIRECT,SBR-STAT-04,C30211,,,,
Sales By Representative,SBR,3,Filter the report by product type,S3-N1,negative,"S3-N1:** If no invoices match, the report shows the empty state (Story 16). * * *",COVERED-DIRECT,SBR-STAT-04,C30211,,,,
Sales By Representative,SBR,4,Filter the report by invoice payment status,S4-R1,requirement,"S4-R1:** An ""Invoice Status"" dropdown is visible in the toolbar.",COVERED-DIRECT,SBR-STAT-01,C30208,,,,
Sales By Representative,SBR,4,Filter the report by invoice payment status,S4-R2,requirement,"S4-R2:** The dropdown offers exactly four options: ""All Statuses,"" ""Unpaid,"" ""Partially Paid,"" ""Paid.""",COVERED-DIRECT,SBR-STAT-01,C30208,,,,
Sales By Representative,SBR,4,Filter the report by invoice payment status,S4-R3,requirement,"S4-R3:** ""All Statuses"" is the default on first load (no remembered setting — Story 23).",COVERED-DIRECT,SBR-STAT-01,C30208,,,,
Sales By Representative,SBR,4,Filter the report by invoice payment status,S4-R4,requirement,"S4-R4:** A specific status (Unpaid / Partially Paid / Paid) includes only invoices whose **display payment status** matches, using the five-state → three-value mapping in §3. Because that mapping collapses five system states into three display values, the filter matches on the mapped value: **"" Paid""** includes `paid`, `overpaid`, and `prepaid` with zero balance owed; **"" Partially Paid""** includes `partially_paid` and `prepaid` with a balance still owed; **"" Unpaid""** includes `unpaid`.",COVERED-DIRECT,SBR-STAT-02,C30209,,,,
Sales By Representative,SBR,4,Filter the report by invoice payment status,S4-R5,requirement,S4-R5:** Changing the selection re-fetches and re-renders the report.,COVERED-DIRECT,SBR-STAT-01,C30208,,,,
Sales By Representative,SBR,4,Filter the report by invoice payment status,S4-R6,requirement,S4-R6:** **The Invoice Status filter is part of the contributor gate and narrows every metric** — same rule as S3-R8.,COVERED-DIRECT,SBR-STAT-04,C30211,,,,
Sales By Representative,SBR,4,Filter the report by invoice payment status,S4-R7,requirement,"S4-R7:** **Filters compose.** When multiple filters are active, every metric reflects the intersection — only invoices matching ALL active filters (date range, product type, invoice status, location) contribute, and a rep appears only if ≥1 invoice matches all of them.",COVERED-DIRECT,SBR-STAT-04,C30211,,,,
Sales By Representative,SBR,4,Filter the report by invoice payment status,S4-R8,requirement,"S4-R8:** The money columns always show the **invoiced** amounts, not the outstanding balance. Filtering to ""Unpaid"" or ""Partially Paid"" does not net out payments — a Partially Paid invoice still shows its full Subtotal. **Negative cases:**",COVERED-DIRECT,SBR-STAT-05,C30212,,,,
Sales By Representative,SBR,4,Filter the report by invoice payment status,S4-N1,negative,"S4-N1:** If no invoices match, the report shows the empty state (Story 16). * * *",COVERED-DIRECT,SBR-STAT-04,C30211,,,,
Sales By Representative,SBR,5,View per-rep summary rows,S5-R1,requirement,"S5-R1:** A sales rep occupies a summary row **if and only if they have at least one non-reversed invoice matching the current filter set** (date range, product type, invoice status, and location, together). Reps with no matching invoices do not appear — there is no blank placeholder row. A rep's current active/inactive (toggle) state does not affect whether they appear, only how they are labeled (S5-R9).",COVERED-DIRECT,SBR-ROW-01,C30217,,,,
Sales By Representative,SBR,5,View per-rep summary rows,S5-R2,requirement,"S5-R2:** The columns appear left-to-right: Date, Invoice, Customer, Status, Inv. Hrs, Labor Invoiced, Labor Margin, Parts Invoiced, Parts Margin, Margin, Margin %, Subtotal. (12 columns: four leading identifier columns, seven metric columns, and Subtotal.)",COVERED-DIRECT,SBR-ROW-02,C30218,,,,
Sales By Representative,SBR,5,View per-rep summary rows,S5-R3,requirement,"S5-R3:** On a rep summary row, the **Date** cell holds the chevron expand/collapse control followed by the rep's display name (format ""First Last""). The date value for that row is intentionally blank.",COVERED-DIRECT,SBR-ROW-02,C30218,,,,
Sales By Representative,SBR,5,View per-rep summary rows,S5-R4,requirement,"S5-R4:** The number of invoices contributing to that rep in the current filtered view is displayed in parentheses after the rep's name, in a smaller, subdued grey font — e.g., `Mary Smith (12)`. Because a rep only appears when they have ≥1 matching invoice (S5-R1), the count is always ≥1.",COVERED-DIRECT,SBR-ROW-01,C30217,,,,
Sales By Representative,SBR,5,View per-rep summary rows,S5-R6,requirement,"S5-R6:** The Invoice, Customer, and Status cells are blank on rep summary rows. The metric cells carry that rep's totals across all their matching invoices.",COVERED-DIRECT,SBR-ROW-02,C30218,,,,
Sales By Representative,SBR,5,View per-rep summary rows,S5-R8,requirement,S5-R8:** Rep summary rows are visually emphasized with bold text so they read as parent rows above their detail rows.,COVERED-DIRECT,SBR-ROW-02,C30218,,,,
Sales By Representative,SBR,5,View per-rep summary rows,S5-R9,requirement,"S5-R9:** **Inactive-rep marker.** When a rendered rep's sales-rep toggle is currently off (or their staff record has been deleted) but they have matching invoices, their display name is followed by a subdued ""(Inactive)"" tag — e.g., `Mary Smith (Inactive) (12)` — rendered in the same muted grey as the count. A rep whose toggle is currently on shows no tag. The tag is a display marker only; it does not change the rep's metrics, position in the A→Z order, or expandability. For a rep whose staff record has been **deleted** , both the display name and the A→Z sort position come from the denormaliz",COVERED-DIRECT,SBR-DEACT-06; SBR-ROW-03,C30257; C30219,,,,
Sales By Representative,SBR,5,View per-rep summary rows,S5-R10,requirement,"S5-R10:** **Column alignment is a hard invariant.** Every rep summary row and every invoice detail row renders exactly the report's column count in the declared left-to-right order; a cell with nothing to show is rendered blank in its position, never shifted or wrapped. **Both forms of the grand Totals indicator are exempt** (the desktop Totals row merges the four leading identifier columns; the mobile bar is not a table row — see S10-R5). **Negative cases:**",COVERED-DIRECT,SBR-ROW-02,C30218,,,,
Sales By Representative,SBR,5,View per-rep summary rows,S5-N1,negative,"S5-N1:** A staff member with no matching invoice in the current filtered view does not appear, regardless of toggle state or historical activity.",COVERED-DIRECT,SBR-ROW-01,C30217,,,,
Sales By Representative,SBR,5,View per-rep summary rows,S5-N2,negative,S5-N2:** No row renders with fewer or more cells than the report's column count; a drifted row is a defect (S5-R10). * * *,COVERED-DIRECT,SBR-ROW-02,C30218,,,,
Sales By Representative,SBR,6,Expand a rep to view their invoices,S6-R1,requirement,"S6-R1:** Each rep summary row (and the Unassigned row, Story 22) has a chevron control in the Date cell that toggles its expanded view.",COVERED-DIRECT,SBR-TREE-05; SBR-UNAS-02,C30221; C30262,,,,
Sales By Representative,SBR,6,Expand a rep to view their invoices,S6-R2,requirement,"S6-R2:** Activating the chevron **lazily fetches** that rep's matching invoices from the server and reveals them as detail rows beneath the summary row. Invoice detail rows are **not** delivered with the initial summary payload (S10-R5) — they load on the first expand of that rep (with a brief row-level loading indicator) and are paginated per rep when that rep's matching-invoice count is large. _(Context note: the per-rep detail page size, and the bound on how many reps the header expand-all control (S6-R5) opens at once, are build tuning values defined in the tech plan, not fixed by this spe",COVERED-DIRECT,SBR-API-01; SBR-TREE-05,C30316; C30221,,,,
Sales By Representative,SBR,6,Expand a rep to view their invoices,S6-R3,requirement,"S6-R3:** Each detail row shows, left to right: the invoice's date, the invoice number, the customer name, the payment status badge, and the per-invoice values for Inv. Hrs and the money columns.",COVERED-DIRECT,SBR-TREE-05,C30221,,,,
Sales By Representative,SBR,6,Expand a rep to view their invoices,S6-R4,requirement,"S6-R4:** Detail rows use the default font weight (400); rep summary rows use bold (700). Row type is distinguished by font weight, not background color.",COVERED-DIRECT,SBR-ROW-02,C30218,,,,
Sales By Representative,SBR,6,Expand a rep to view their invoices,S6-R5,requirement,"S6-R5:** A header-row chevron in the same column expands every visible rep in one action, and collapses them all on a second activation.",COVERED-DIRECT,SBR-TREE-06,C30222,,,,
Sales By Representative,SBR,6,Expand a rep to view their invoices,S6-R6,requirement,"S6-R6:** The header chevron shows the ""expand"" glyph when at least one rep is collapsed and the ""collapse"" glyph when every rep is expanded.",COVERED-DIRECT,SBR-TREE-06,C30222,,,,
Sales By Representative,SBR,6,Expand a rep to view their invoices,S6-R7,requirement,S6-R7:** Each invoice appears under exactly one rep (or the Unassigned row) — never more than one.,COVERED-DIRECT,SBR-TREE-07,C30223,,,,
Sales By Representative,SBR,6,Expand a rep to view their invoices,S6-R8,requirement,S6-R8:** Expanded state is preserved across filter and sort changes within the same session; it resets on a full page reload.,COVERED-DIRECT,SBR-TREE-08,C30224,,,,
Sales By Representative,SBR,6,Expand a rep to view their invoices,S6-R9,requirement,"S6-R9:** Within an expanded rep (and within the Unassigned row), invoice detail rows are ordered by **invoice date descending** (newest first), tie-broken by **invoice number ascending by the numeric portion after the`P`/`S` prefix** (numeric, not lexical — so `S999` precedes `S1000`); if both the date and the numeric portion tie (e.g., `P100` and `S100` on the same day), `P` (Parts) sorts before `S` (Service). This order is independent of the rep-row column sort (Story 11, which reorders rep summary rows only) and is the same order used in the Expanded View PDF per-rep tables (S14-R6) and the",COVERED-DIRECT,SBR-EXP-04; SBR-TREE-09,C30279; C30225,,,,
Sales By Representative,SBR,6,Expand a rep to view their invoices,S6-N1,negative,"S6-N1:** If a filter change removes a rep from the result set (they no longer have a matching invoice), the rep and its expansion state are gone; if a later filter change brings the rep back, the row renders collapsed (it does not auto-re-expand).",COVERED-DIRECT,SBR-TREE-08,C30224,,,,
Sales By Representative,SBR,6,Expand a rep to view their invoices,S6-N2,negative,"S6-N2:** If the Show Unassigned toggle is turned off while the Unassigned row is expanded, the row is removed; turning the toggle back on renders it collapsed. **Edge cases:**",COVERED-DIRECT,SBR-UNAS-04,C30264,,,,
Sales By Representative,SBR,6,Expand a rep to view their invoices,S6-E1,edge,S6-E1:** A rep with a single matching invoice can still be expanded; one detail row is shown. * * *,COVERED-DIRECT,SBR-TREE-05,C30221,,,,
Sales By Representative,SBR,8,Invoice payment status badge,S8-R1,requirement,S8-R1:** A **Status** column sits between the Customer column and the Inv. Hrs column.,COVERED-DIRECT,SBR-BADGE-01,C30226,,,,
Sales By Representative,SBR,8,Invoice payment status badge,S8-R2,requirement,"S8-R2:** On every invoice detail row, the Status cell renders a small colored badge reading ""Paid,"" ""Partially Paid,"" or ""Unpaid,"" derived from the invoice's payment status via the five-state → three-value mapping in §3 (so `prepaid` shows **Paid** when the balance owed is zero and **Partially Paid** otherwise; `overpaid` shows **Paid**).",COVERED-DIRECT,SBR-BADGE-01,C30226,,,,
Sales By Representative,SBR,8,Invoice payment status badge,S8-R3,requirement,S8-R3:** Paid = dark teal text on light teal; Partially Paid = dark orange on light orange; Unpaid = dark red on light red. These use the application's canonical payment-status color tokens (the same tokens the invoice list uses) so the treatment is consistent app-wide and in both light and dark mode.,COVERED-DIRECT,SBR-BADGE-02,C30227,,,,
Sales By Representative,SBR,8,Invoice payment status badge,S8-R4,requirement,S8-R4:** The badge is vertically centered within its cell.,COVERED-DIRECT,SBR-BADGE-01,C30226,,,,
Sales By Representative,SBR,8,Invoice payment status badge,S8-R5,requirement,"S8-R5:** On rep summary rows, the Status cell is blank.",COVERED-DIRECT,SBR-BADGE-01,C30226,,,,
Sales By Representative,SBR,8,Invoice payment status badge,S8-R6,requirement,"S8-R6:** The badge's text (""Paid""/""Partially Paid""/""Unpaid"") is the accessible label — status is never conveyed by color alone. **Negative cases:**",COVERED-DIRECT,SBR-BADGE-01,C30226,,,,
Sales By Representative,SBR,8,Invoice payment status badge,S8-N1,negative,S8-N1:** Every invoice on a detail row has a payment status; badge rendering is unconditional on detail rows. * * *,COVERED-DIRECT,SBR-BADGE-01,C30226,,,,
Sales By Representative,SBR,9,Inv. Hrs (Labor Delta) column display,S9-R1,requirement,"S9-R1:** The column heading reads ""Inv. Hrs"" (verbatim, including the period after ""Inv"").",COVERED-DIRECT,SBR-CALC-01,C30229,,,,
Sales By Representative,SBR,9,Inv. Hrs (Labor Delta) column display,S9-R2,requirement,"S9-R2:** The value is hours invoiced − hours worked (§3), rounded half-up to one decimal.",COVERED-DIRECT,SBR-CALC-01; SBR-CALC-09,C30229; C38894,,,,
Sales By Representative,SBR,9,Inv. Hrs (Labor Delta) column display,S9-R3,requirement,"S9-R3:** Positive values show a leading `+` in green (e.g., `+1.5`).",COVERED-DIRECT,SBR-CALC-02,C30230,,,,
Sales By Representative,SBR,9,Inv. Hrs (Labor Delta) column display,S9-R4,requirement,"S9-R4:** Negative values show a leading `-` in red (e.g., `-1.5`).",COVERED-DIRECT,SBR-CALC-02,C30230,,,,
Sales By Representative,SBR,9,Inv. Hrs (Labor Delta) column display,S9-R5,requirement,S9-R5:** Zero/break-even shows `0.0` in the default text color.,COVERED-DIRECT,SBR-CALC-02,C30230,,,,
Sales By Representative,SBR,9,Inv. Hrs (Labor Delta) column display,S9-R6,requirement,"S9-R6:** The same calculation, label, format, and coloring apply to rep summary rows, invoice detail rows, and the totals row (S10-R5, S14-R5/R6). A rep-summary/totals value is round(Σ unrounded per-invoice deltas). **Negative cases:**",COVERED-DIRECT,SBR-CALC-02,C30230,,,,
Sales By Representative,SBR,9,Inv. Hrs (Labor Delta) column display,S9-N1,negative,"S9-N1:** An invoice with **neither billed labor hours nor clocked technician hours** (e.g., a parts-only invoice with no labor and no time logged) shows Inv. Hrs `0.0` in the default color — never blank, ""N/A,"" or ""—"". An invoice with **clocked technician hours but no billed labor line** shows the resulting negative delta per §3 (e.g., `-3.0` in red) — this worked-but-unbilled signal is not suppressed to `0.0`. **Edge cases:**",COVERED-DIRECT,SBR-CALC-03,C30231,,,,
Sales By Representative,SBR,9,Inv. Hrs (Labor Delta) column display,S9-E1,edge,"S9-E1:** A value that rounds to `0.0` (e.g., `+0.04`) shows `0.0` in the default color, not `+0.0` in green.",COVERED-DIRECT,SBR-CALC-02,C30230,,,,
Sales By Representative,SBR,9,Inv. Hrs (Labor Delta) column display,S9-E2,edge,"S9-E2:** Negative values always use an explicit minus and one decimal (e.g., `-0.5`). * * *",COVERED-DIRECT,SBR-CALC-02,C30230,,,,
Sales By Representative,SBR,10,Subtotal column and grand Totals indicator,S10-R1,requirement,S10-R1:** Subtotal is the rightmost column on every row type; nothing renders to its right (S5-R10).,COVERED-DIRECT,SBR-TOT-01,C30237,,,,
Sales By Representative,SBR,10,Subtotal column and grand Totals indicator,S10-R2,requirement,"S10-R2:** On screen, the Subtotal column is pinned to the right edge and stays visible during horizontal scroll, on every rep summary row and invoice detail row. PDFs do not scroll.",COVERED-DIRECT,SBR-TOT-01,C30237,,,,
Sales By Representative,SBR,10,Subtotal column and grand Totals indicator,S10-R3,requirement,"S10-R3:** Subtotal values are bold across the header, every rep summary row, every invoice detail row, and the grand Totals indicator.",COVERED-DIRECT,SBR-TOT-01,C30237,,,,
Sales By Representative,SBR,10,Subtotal column and grand Totals indicator,S10-R4,requirement,"S10-R4:** The pinned Subtotal column matches the row's background color (white on body rows, S18-R7.5) — not a contrasting strip.",COVERED-DIRECT,SBR-TOT-01,C30237,,,,
Sales By Representative,SBR,10,Subtotal column and grand Totals indicator,S10-R5,requirement,"S10-R5: Grand Totals indicator — responsive.** Present whenever at least one summary row exists (a rep row or the Unassigned row); hidden only during loading (S16-R4) and in the empty state (Story 16). The grand totals are **server-computed over the full filtered result set** — every matching non-reversed invoice across every rep, independent of which rep rows are currently expanded or loaded — and are delivered with the summary payload; the client does not derive them by summing loaded rows. * **Desktop ( ≥ 1024px):** a **Totals row** as the last row inside the table. Its first cell is a sing",COVERED-DIRECT,SBR-API-03; SBR-CALC-05; SBR-MOB-02; SBR-TOT-02; SBR-TOT-03,C30318; C30233; C30303; C30238; C30239,,,,
Sales By Representative,SBR,10,Subtotal column and grand Totals indicator,S10-R6,requirement,"S10-R6:** On screen, the column-header row is sticky to the top during vertical scroll; the Subtotal header cell is sticky in both axes (top per this rule and right per S10-R2). PDFs have no scroll. **Negative cases:**",COVERED-DIRECT,SBR-TOT-01,C30237,,,,
Sales By Representative,SBR,10,Subtotal column and grand Totals indicator,S10-N1,negative,"S10-N1:** The Subtotal column is unconditionally present, pinned, and bold on every data row. The grand Totals indicator is present whenever at least one summary row exists (a rep row or the Unassigned row). * * *",COVERED-DIRECT,SBR-TOT-01; SBR-TOT-02,C30237; C30238,,,,
Sales By Representative,SBR,11,Sort the report,S11-R1,requirement,"S11-R1:** The user can sort by any financial column (Inv. Hrs, Labor Invoiced, Labor Margin, Parts Invoiced, Parts Margin, Margin, Margin %, Subtotal).",COVERED-DIRECT,SBR-SORT-01,C30241,,,,
Sales By Representative,SBR,11,Sort the report,S11-R2,requirement,"S11-R2:** Sorting reorders rep summary rows only; invoice detail rows stay grouped under their parent rep, and the Unassigned row (when shown) stays pinned to the top regardless of sort.",COVERED-DIRECT,SBR-SORT-04; SBR-TREE-09,C30244; C30225,,,,
Sales By Representative,SBR,11,Sort the report,S11-R4,requirement,"S11-R4:** On first load (no remembered sort — Story 23, and before any header click), rows render in **A →Z order** by display name (case-insensitive), with no active/inactive tiers. This is the default.",COVERED-DIRECT,SBR-PERS-05; SBR-SORT-02,C30275; C30242,,,,
Sales By Representative,SBR,11,Sort the report,S11-R5,requirement,"S11-R5:** **Sort interaction.** Clicking an unsorted financial column header sorts that column **ascending** and shows an ascending direction indicator on it; clicking the same column again toggles to **descending** ; there is no third ""cleared"" state. Via the column headers there is no way back to A→Z; the report shows the A→Z default whenever a session carries no valid saved financial sort (S23-R3/R5). Sorting is performed **server-side** : changing the sort re-fetches the rep summary rows from the server in the requested order (a loading indicator is shown per S16-R4). Invoice detail rows c",COVERED-DIRECT,SBR-API-02; SBR-SORT-03,C30317; C30243,,,,
Sales By Representative,SBR,11,Sort the report,S11-R6,requirement,"S11-R6:** **Identifier columns are not sortable** (Date, Invoice, Customer, Status do not respond to header clicks). The Date header carries the expand/collapse-all chevron, not a sort affordance.",COVERED-DIRECT,SBR-SORT-01,C30241,,,,
Sales By Representative,SBR,11,Sort the report,S11-R7,requirement,"S11-R7:** **Tie-break.** When two reps have equal values in the sorted column, they retain the default A→Z order. A Margin % cell rendered ""—"" (undefined) sorts as zero. **Negative cases:**",COVERED-DIRECT,SBR-SORT-05,C30245,,,,
Sales By Representative,SBR,11,Sort the report,S11-N1,negative,"S11-N1:** With only one rep row visible, the sort affordances are present but produce no observable change. * * *",CUT-BY-AUDIT,,,SBR-SORT-06,,CUT-BY-AUDIT,Retired SBR-SORT-06 covered it verbatim and was CUT 2026-07-28 as a no-op assertion (same audit).
Sales By Representative,SBR,12,Navigate to an invoice or customer,S12-R1,requirement,S12-R1:** Each invoice number on a detail row is a clickable link.,COVERED-DIRECT,SBR-LINK-01,C30247,,,,
Sales By Representative,SBR,12,Navigate to an invoice or customer,S12-R2,requirement,S12-R2:** Activating it navigates the current tab to the underlying invoice (work order or parts sale).,COVERED-DIRECT,SBR-LINK-01,C30247,,,,
Sales By Representative,SBR,12,Navigate to an invoice or customer,S12-R3,requirement,S12-R3:** Each customer name on a detail row is a clickable link that navigates the current tab to the customer's record.,COVERED-DIRECT,SBR-LINK-01,C30247,,,,
Sales By Representative,SBR,12,Navigate to an invoice or customer,S12-R3a,requirement,"S12-R3a:** Pressing the browser back button from either destination returns the user to the report with **all** state intact — date range, product type, invoice status, location, Show Unassigned, every rep's expansion state, and scroll position — exactly as they were. Back-navigation must not trigger a full report reload. (This differs from a deliberate page reload, which restores the persisted filters/columns/sort but resets expansion and scroll — Story 23.)",COVERED-DIRECT,SBR-LINK-03,C30249,,,,
Sales By Representative,SBR,12,Navigate to an invoice or customer,S12-R4,requirement,"S12-R4:** **Invoice-number link:** theme-primary color, no underline at rest; an underline appears on hover and on keyboard focus (a visible focus indicator); it does not recolor to browser-purple after a click. Identical in light and dark mode.",COVERED-DIRECT,SBR-LINK-04,C30250,,,,
Sales By Representative,SBR,12,Navigate to an invoice or customer,S12-R5,requirement,"S12-R5:** **Customer-name link:** inherits the cell's body text color (never theme-blue), no underline at rest; an underline appears on hover and on keyboard focus; it does not recolor to browser-purple after a click.",COVERED-DIRECT,SBR-LINK-04,C30250,,,,
Sales By Representative,SBR,12,Navigate to an invoice or customer,S12-R6,requirement,S12-R6:** S12-R4/R5 hold across light and dark mode and across return visits. **Negative cases:**,COVERED-DIRECT,SBR-LINK-04,C30250,,,,
Sales By Representative,SBR,12,Navigate to an invoice or customer,S12-N1,negative,"S12-N1:** If the target invoice is deleted/reversed/unavailable at click time, the tab navigates to the application's standard not-found/access-denied state; back still returns to the report.",COVERED-DIRECT,SBR-LINK-05,C30251,,,,
Sales By Representative,SBR,12,Navigate to an invoice or customer,S12-N2,negative,S12-N2:** Same for an unavailable customer record.,COVERED-DIRECT,SBR-LINK-05,C30251,,,,
Sales By Representative,SBR,12,Navigate to an invoice or customer,S12-N3,negative,"S12-N3:** Underlined-at-rest links, browser-blue customer names, purple post-click links, and opening destinations in a new tab (`target=""_blank""`) are all defects. * * *",COVERED-DIRECT,SBR-LINK-04,C30250,,,,
Sales By Representative,SBR,13,Deactivate a sales rep with customer assignments,S13-R1,requirement,"S13-R1:** When the user toggles the staff member's active status off, the system first runs a precondition check returning the count of distinct customers currently assigned to that staff member as their sales rep, plus a flag indicating whether any assignments exist.",COVERED-DIRECT,SBR-API-06; SBR-DEACT-02,C30321; C30253,,,,
Sales By Representative,SBR,13,Deactivate a sales rep with customer assignments,S13-R2,requirement,"S13-R2:** If there are no assignments, the deactivation applies silently — no dialog.",COVERED-DIRECT,SBR-DEACT-07,C30258,,,,
Sales By Representative,SBR,13,Deactivate a sales rep with customer assignments,S13-R3,requirement,"S13-R3:** If there are assignments, a warning dialog titled ""Deactivate {Staff Name}?"" opens before any change is applied; the deactivation does not commit until confirmed.",COVERED-DIRECT,SBR-DEACT-02,C30253,,,,
Sales By Representative,SBR,13,Deactivate a sales rep with customer assignments,S13-R4,requirement,"S13-R4:** The dialog body shows ""{Staff Name} is the sales rep on {N} customer{s}."" — where the noun is singular for N=1 (""1 customer"") and plural otherwise (""3 customers"") — followed by the reassurance line ""Their customer assignments will stay where they are.""",COVERED-DIRECT,SBR-API-06; SBR-DEACT-02,C30321; C30253,,,,
Sales By Representative,SBR,13,Deactivate a sales rep with customer assignments,S13-R6,requirement,"S13-R6:** Below the reassurance copy, instruction text reads ""Type YES to confirm"" (with ""YES"" emphasized) and a single auto-focused text input.",COVERED-DIRECT,SBR-DEACT-03,C30254,,,,
Sales By Representative,SBR,13,Deactivate a sales rep with customer assignments,S13-R7,requirement,"S13-R7:** The primary action is a ""Deactivate"" button, disabled until the input matches the confirmation word case-insensitively and ignoring leading/trailing whitespace (`yes`, `YES`, `Yes`, `yes` all enable it). Pressing Enter while valid submits. While disabled, hovering it shows the tooltip ""Type YES above to enable.""",COVERED-DIRECT,SBR-DEACT-03,C30254,,,,
Sales By Representative,SBR,13,Deactivate a sales rep with customer assignments,S13-R8,requirement,"S13-R8:** The dialog also has a ""Cancel"" button (red outline) and an ""X"" close icon. It dismisses (without deactivating) on Cancel, X, or Escape. Clicking outside the dialog does **not** dismiss it. Any dismissal leaves the staff member's active status unchanged.",COVERED-DIRECT,SBR-DEACT-04,C30255,,,,
Sales By Representative,SBR,13,Deactivate a sales rep with customer assignments,S13-R9,requirement,"S13-R9:** On a valid submit, the ""Deactivate"" button enters the standard in-flight loading state (non-interactive, in-progress indicator) while the request is in flight; the dialog stays open, and Cancel/X/Escape are all non-interactive during the request. On success the dialog closes and the change applies.",COVERED-DIRECT,SBR-DEACT-05,C30256,,,,
Sales By Representative,SBR,13,Deactivate a sales rep with customer assignments,S13-R10,requirement,S13-R10:** Customer assignments are **not modified** by deactivation. Every customer stays assigned to this rep; denormalized rep names and past invoice snapshots are preserved.,COVERED-DIRECT,SBR-DEACT-05,C30256,,,,
Sales By Representative,SBR,13,Deactivate a sales rep with customer assignments,S13-R11,requirement,"S13-R11:** After deactivation, the staff member's sales-rep toggle state is unchanged by this flow. Because the deactivation set their **staff-active status** to inactive, they appear in the Sales Rep Assignments CSV with ""Rep is active?"" = ""No"" (S15-R6) — that column is driven by staff-active status, not the toggle. Separately, if their sales-rep toggle is later turned off, they render with the ""(Inactive)"" marker (S5-R9) in this report while retaining their credit.",COVERED-DIRECT,SBR-ASGN-04; SBR-DEACT-06,C30295; C30257,,,,
Sales By Representative,SBR,13,Deactivate a sales rep with customer assignments,S13-R12,requirement,S13-R12:** Focus is trapped within the dialog while open and returns to the invoking control on dismiss. **Negative cases:**,COVERED-DIRECT,SBR-DEACT-02,C30253,,,,
Sales By Representative,SBR,13,Deactivate a sales rep with customer assignments,S13-N1,negative,S13-N1:** A user without staff-administration access cannot reach this flow.,COVERED-DIRECT,SBR-PERM-03,C30200,,,,
Sales By Representative,SBR,13,Deactivate a sales rep with customer assignments,S13-N2,negative,"S13-N2:** If the staff member does not have the sales-rep toggle on, the precondition check is skipped and no warning is shown.",COVERED-DIRECT,SBR-DEACT-07,C30258,,,,
Sales By Representative,SBR,13,Deactivate a sales rep with customer assignments,S13-N3,negative,"S13-N3:** If the staff member is already inactive, this flow does not apply (reactivation has no assignment implications and never shows the dialog).",COVERED-DIRECT,SBR-DEACT-07,C30258,,,,
Sales By Representative,SBR,13,Deactivate a sales rep with customer assignments,S13-N4,negative,"S13-N4:** If the precondition check itself fails, the system falls back to showing the warning dialog (so the type-to-confirm gate still applies); it never silently deactivates. In this check-failed path the customer count is unavailable, so the dialog **omits the count headline** (S13-R4) and shows only the reassurance line ""Their customer assignments will stay where they are."" above the ""Type YES to confirm"" gate.",COVERED-DIRECT,SBR-DEACT-09,C30260,,,,
Sales By Representative,SBR,13,Deactivate a sales rep with customer assignments,S13-N5,negative,"S13-N5:** If the deactivation request fails server-side, an error toast is shown (§7) and the active status is unchanged; each fresh dialog open requires a fresh confirmation entry (the input clears on open). **Edge cases:**",COVERED-DIRECT,SBR-DEACT-08,C30259,,,,
Sales By Representative,SBR,13,Deactivate a sales rep with customer assignments,S13-E1,edge,"S13-E1:** Deactivation never forces reassignment, blocks on assignments, or auto-reassigns; the customer's rep relationship is preserved exactly.",COVERED-DIRECT,SBR-DEACT-05,C30256,,,,
Sales By Representative,SBR,13,Deactivate a sales rep with customer assignments,S13-E3,edge,S13-E3:** A deactivated rep can be reactivated anytime via the standard toggle; assignments re-surface immediately with no extra action. Reactivation never shows the warning dialog. * * *,COVERED-DIRECT,SBR-DEACT-07,C30258,,,,
Sales By Representative,SBR,14,PDF and CSV exports,S14-R1,requirement,"S14-R1:** The toolbar's â‹¯ overflow menu lists exactly four actions: ""Download Summary (PDF)"", ""Download Expanded View (PDF)"", ""Download Summary (CSV)"", ""Download Expanded View (CSV)"".",COVERED-DIRECT,SBR-EXP-01,C30276,,,,
Sales By Representative,SBR,14,PDF and CSV exports,S14-R2,requirement,"S14-R2:** All four downloads respect the currently-active filters (date range, product type, invoice status, location, Show Unassigned) and reflect the full result set for those filters, not the on-screen expansion state.",COVERED-DIRECT,SBR-EXP-02,C30277,,,,
Sales By Representative,SBR,14,PDF and CSV exports,S14-R2a,requirement,"S14-R2a:** All four downloads render rep rows in the report's **currently-active order** — the active on-screen column sort (column + direction) if one is set, otherwise the A→Z default (S11-R4) — with the Unassigned row (when shown) pinned first (S22-R4). All four exports are **generated server-side** and receive the active filters and sort, so their contents and order match the screen.",COVERED-DIRECT,SBR-API-04; SBR-EXP-02,C30319; C30277,,,,
Sales By Representative,SBR,14,PDF and CSV exports,S14-R3,requirement,"S14-R3:** Both PDFs are server-rendered and delivered as a file attachment, in A4 portrait, edge-to-edge, with a header strip (on the first page, and on every per-rep page in the Expanded View) showing the workplace name and address, the organization logo, the report title ""Sales By Representative,"" and the selected date range.",COVERED-DIRECT,SBR-EXP-03,C30278,,,,
Sales By Representative,SBR,14,PDF and CSV exports,S14-R3a,requirement,"S14-R3a:** When the organization has no configured logo, the logo region falls back to the default ShopView logo; the PDF still generates normally.",COVERED-DIRECT,SBR-EXP-06,C30281,,,,
Sales By Representative,SBR,14,PDF and CSV exports,S14-R4,requirement,"S14-R4:** A footer reading ""Software Powered by ShopView"" appears on every page of both PDFs.",COVERED-DIRECT,SBR-EXP-06,C30281,,,,
Sales By Representative,SBR,14,PDF and CSV exports,S14-R5,requirement,"S14-R5:** **Summary PDF** — one rolled-up row per rep, in the report's currently-active order (S14-R2a), with an ""(Inactive)"" tag on toggled-off contributors (S5-R9). Columns: Rep / Inv. Hrs / Labor Invoiced / Labor Margin / Parts Invoiced / Parts Margin / Margin / Margin % / Subtotal. Subtotal bolded across header, body, and the grand totals row; Inv. Hrs colored. The **grand totals row** reads ""Totals"" in the Rep cell and shows, for each metric column, the grand aggregate across all summary rows in the document — rep rows plus the Unassigned row when Show Unassigned is on (money and Inv. Hrs",COVERED-DIRECT,SBR-EXP-03,C30278,,,,
Sales By Representative,SBR,14,PDF and CSV exports,S14-R6,requirement,"S14-R6:** **Expanded View PDF** — one page-block per rep, in the currently-active order (S14-R2a), page break before each new rep after the first, each with the header strip (which already includes the selected date range per S14-R3), the rep's name, and a per-invoice table: Date / Invoice / Customer / Status / Inv. Hrs / Labor Invoiced / Labor Margin / Parts Invoiced / Parts Margin / Margin / Margin % / Subtotal. Each block ends with a **per-rep totals row** (""Totals"" in the Date cell; Invoice/Customer/Status blank; each metric column aggregated as in S14-R5, Margin % recomputed). There is no",COVERED-DIRECT,SBR-EXP-04,C30279,,,,
Sales By Representative,SBR,14,PDF and CSV exports,S14-R7,requirement,"S14-R7:** In the Expanded View PDF, invoice numbers longer than 18 characters are truncated to the first 18 characters followed by an ellipsis (not counted toward the 18); numbers of 18 characters or fewer are shown in full with no ellipsis. On screen, invoice numbers are never truncated.",COVERED-DIRECT,SBR-EXP-05,C30280,,,,
Sales By Representative,SBR,14,PDF and CSV exports,S14-R8,requirement,"S14-R8:** The Expanded View Status column renders the same colored badge as on screen, vertically centered.",COVERED-DIRECT,SBR-EXP-04,C30279,,,,
Sales By Representative,SBR,14,PDF and CSV exports,S14-R9,requirement,"S14-R9:** Negative dollar values in either PDF render in accounting parentheses — `($1,234.56)`. No extra color treatment.",COVERED-DIRECT,SBR-EXP-07,C30282,,,,
Sales By Representative,SBR,14,PDF and CSV exports,S14-R10,requirement,"S14-R10:** The on-screen `(N)` invoice count does not appear in either PDF (it is an on-screen annotation). The ""(Inactive)"" tag (S5-R9) **does** render on toggled-off contributors' rep names in both PDFs — consistent with S14-R5 and the CSV (S14-R17). Rep names otherwise render plainly.",COVERED-DIRECT,SBR-EXP-07,C30282,,,,
Sales By Representative,SBR,14,PDF and CSV exports,S14-R11,requirement,S14-R11:** PDF filenames are deterministic: `sales-by-representative-summary.pdf` and `sales-by-representative-expanded.pdf`.,COVERED-DIRECT,SBR-EXP-06,C30281,,,,
Sales By Representative,SBR,14,PDF and CSV exports,S14-R12,requirement,"S14-R12:** Both PDFs adapt body font size to the data on this exact scale. Scan **every formatted _positive_ dollar value in the document, including the totals-row values**, take the longest, and map its character count to the **base** body font size below. Negative values do not set the base tier — they are handled solely by the one-tier fit rule in S14-R14. If the document contains no positive dollar value (e.g., the all-`$0.00` empty export per S14-E3, or an all-negative result), the base tier is the **11px** ceiling; because the S14-R14 shift is defined relative to the largest positive val",COVERED-DIRECT,SBR-EXP-08,C30283,,,,
Sales By Representative,SBR,14,PDF and CSV exports,S14-R13,requirement,S14-R13:** Column widths are fixed for the worst-case value range regardless of tier; the layout never breaks.,COVERED-DIRECT,SBR-EXP-08,C30283,,,,
Sales By Representative,SBR,14,PDF and CSV exports,S14-R14,requirement,"S14-R14:** Tier selection uses the longest formatted **positive** value (per S14-R12). If a negative value's parenthesized rendering is longer than the largest positive, the export shifts the base tier **one step smaller** to better accommodate the negative, **clamped at the 8px floor** (if already at 8px, it stays 8px). This one-step shift is a readability courtesy, not the overflow guarantee — the fixed column widths (S14-R13) prevent overflow in all cases regardless of the chosen tier.",CUT-BY-AUDIT,,,SBR-EXP-09,,CUT-BY-AUDIT,"Retired SBR-EXP-09 covered it and was CUT 2026-07-28 as 'px font-tier edge minutiae, not manually testable' (same audit). A manual tester cannot measure an 8px-floor one-step font-tier shift in a PDF."
Sales By Representative,SBR,14,PDF and CSV exports,S14-R15,requirement,"S14-R15:** **Summary CSV** — file `sales-by-representative-summary.csv`, UTF-8 BOM, one header row + one row per rep in the current filtered view, in the currently-active order (S14-R2a). Headers, in order: `Sales Rep`, `# Invoices`, `# Customers`, `Hrs Worked`, `Hrs Invoiced`, `Inv. Hrs`, `Labor Invoiced`, `Labor Margin`, `Parts Invoiced`, `Parts Margin`, `Margin`, `Margin %`, `Subtotal`. Generated server-side against the current filters and active sort (S14-R2a).",COVERED-DIRECT,SBR-EXP-10,C30285,,,,
Sales By Representative,SBR,14,PDF and CSV exports,S14-R16,requirement,"S14-R16:** **Expanded CSV** — file `sales-by-representative-expanded.csv`, UTF-8 BOM, one header row + one row per invoice flattened across all reps in the currently-active order (S14-R2a), for the current filtered view. Headers, in order: `Sales Rep`, `Date`, `Invoice #`, `Customer`, `Status`, `Hrs Worked`, `Hrs Invoiced`, `Inv. Hrs`, `Labor Invoiced`, `Labor Margin`, `Parts Invoiced`, `Parts Margin`, `Margin`, `Margin %`, `Subtotal`. Generated server-side against the current filters and active sort (S14-R2a). (Build note: the current build populates a single mislabeled hours column here; ali",COVERED-DIRECT,SBR-EXP-11,C30286,,,,
Sales By Representative,SBR,14,PDF and CSV exports,S14-R17,requirement,"S14-R17:** **CSV cell formatting** (both CSVs): numeric columns are emitted as plain numbers for re-pivoting — **no** currency symbol, thousands separators, or parentheses; a negative value uses a leading minus (`-1234.56`). Money values carry two decimals; `Hrs Worked` / `Hrs Invoiced` / `Inv. Hrs` carry their full stored precision; `Inv. Hrs` keeps its leading `+`/`-` sign. `Margin %` is a number to one decimal (e.g., `45.2`), left **empty** when Margin % is undefined (Subtotal ≤ 0). `Sales Rep` names carry the ""(Inactive)"" tag when applicable; the on-screen `(N)` count is not embedded in th",COVERED-DIRECT,SBR-EXP-12,C30287,,,,
Sales By Representative,SBR,14,PDF and CSV exports,S14-R18,requirement,S14-R18:** **# Invoices** = the count of the rep's matching invoices in the current filtered view (same as the on-screen `(N)`). **# Customers** = the count of distinct customers across those matching invoices (de-duplicated across locations when several are selected).,COVERED-DIRECT,SBR-EXP-10,C30285,,,,
Sales By Representative,SBR,14,PDF and CSV exports,S14-R19,requirement,"S14-R19:** **Unassigned row in exports.** When Show Unassigned is on, the Unassigned row is emitted in all four downloads exactly as it appears on screen: in the Summary PDF and Summary CSV as one rolled-up row whose Rep / `Sales Rep` cell reads the literal ""Unassigned"" (sorted to the top per S22-R4); in the Expanded CSV, its invoices carry `Sales Rep` = ""Unassigned""; in the Expanded View PDF as its own top page-block titled ""Unassigned"". The Summary PDF grand-totals row aggregates across all summary rows including Unassigned (S14-R5); in the Summary CSV, the Unassigned row is simply one of th",COVERED-DIRECT,SBR-EXP-13,C30288,,,,
Sales By Representative,SBR,14,PDF and CSV exports,S14-R20,requirement,"S14-R20:** **Location in exports.** Whenever the Location column is shown on screen (S21-R7), it is included in all four exports in the same position it occupies on screen — Summary and Expanded, PDF and CSV: a Summary (rolled-up) row carries the rep's location, reading **Multiple** when that rep spans more than one location; an Expanded (per-invoice) row carries that invoice's own exact location. In addition, every export (each PDF and each CSV, Summary and Expanded) includes a ""Locations:"" line naming the location or locations the report is scoped to, or ""All locations"" when every location t",GAP-CLOSED,SBR-EXP-03; SBR-EXP-04; SBR-EXP-10; SBR-EXP-11; SBR-LOC-05,C30278; C30279; C30285; C30286; C38913,,,GAP,"EXTEND SBR-LOC-05 (C38913) - SBR-EXP-02 (C30277) expected 5 covers the 'Locations:' line in all four exports. Uncovered: the Location COLUMN in all four exports in its on-screen position, with a Summary row reading 'Multiple' when the rep spans locations and an Expanded row carrying the invoice's own location."
Sales By Representative,SBR,14,PDF and CSV exports,S14-N1,negative,"S14-N1:** If a PDF fails to generate, an error toast is shown (§7).",COVERED-DIRECT,SBR-EXP-14,C30289,,,,
Sales By Representative,SBR,14,PDF and CSV exports,S14-N2,negative,"S14-N2:** All four exports are generated **server-side** against the active filters and sort, not from loaded screen data, so the former client-side ""export from unloaded or partially-loaded data"" failure mode no longer exists. A genuine server-side export failure (no file produced) shows an error toast (§7) and downloads nothing — never a malformed file. (This is distinct from an empty-but-loaded result, which produces a valid header-row-only file — S14-E3.)",COVERED-DIRECT,SBR-API-04; SBR-EXP-14,C30319; C30289,,,,
Sales By Representative,SBR,14,PDF and CSV exports,S14-N3,negative,S14-N3:** Users without Reports-section access do not see the â‹¯ menu. **Edge cases:**,COVERED-DIRECT,SBR-PERM-02,C30199,,,,
Sales By Representative,SBR,14,PDF and CSV exports,S14-E1,edge,"S14-E1:** While a PDF is generating, the action shows a loading state and is non-interactive until delivered.",COVERED-DIRECT,SBR-EXP-14,C30289,,,,
Sales By Representative,SBR,14,PDF and CSV exports,S14-E2,edge,"S14-E2:** The Expanded View PDF is server-generated and **row-capped**. When the current filter set would produce more invoice detail rows than the export's row cap of 10,000 data rows, the server does **not** produce a truncated file — it declines to generate and an error toast is shown reading ""This export is too large to generate. Narrow the date range or filters and try again."" (§7). Below the cap, the Expanded View PDF may still be large for many reps × many invoices, and that is expected. _(Context note: the row cap is 10,000 data rows.)_",COVERED-DIRECT,SBR-API-05; SBR-EXP-15,C30320; C30290,,,,
Sales By Representative,SBR,14,PDF and CSV exports,S14-E3,edge,"S14-E3:** **Empty-data export still generates.** Triggering any of the four downloads against a filter set with zero matching invoices produces a file, not an error (S14-N2 applies only to a genuine load failure where no result returned, not to an empty-but-loaded result). The Summary PDF renders the header strip, no data rows, and a grand-totals row showing zeros for the money and Inv. Hrs columns and ""—"" for Margin % (Subtotal ≤ 0, per §3). The Expanded View PDF (no grand-totals row, S14-R6) renders just the header strip with no per-rep blocks. Both report CSVs generate a header-row-only fil",COVERED-DIRECT,SBR-API-04; SBR-EXP-16,C30319; C30291,,,,
Sales By Representative,SBR,15,Sales Rep Assignments CSV export,S15-R1,requirement,"S15-R1:** The dialog's Report Name dropdown includes ""Sales Rep Assignments,"" appended at the bottom of the list (additive).",COVERED-DIRECT,SBR-ASGN-01,C30292,,,,
Sales By Representative,SBR,15,Sales Rep Assignments CSV export,S15-R2,requirement,"S15-R2:** Selecting it hides the date range picker and shows the note: ""Snapshot of current sales rep assignments. Both active and inactive reps with assignments are listed.""",COVERED-DIRECT,SBR-ASGN-01,C30292,,,,
Sales By Representative,SBR,15,Sales Rep Assignments CSV export,S15-R3,requirement,S15-R3:** The Export action downloads `sales-rep-assignments.csv` and shows a success toast (§7).,COVERED-DIRECT,SBR-ASGN-02,C30293,,,,
Sales By Representative,SBR,15,Sales Rep Assignments CSV export,S15-R4,requirement,"S15-R4:** The CSV has a header row + one row per customer. Headers, in order: `Customer Name`, `Sales Rep`, `Rep is active?`. UTF-8 BOM prepended.",COVERED-DIRECT,SBR-ASGN-02,C30293,,,,
Sales By Representative,SBR,15,Sales Rep Assignments CSV export,S15-R5,requirement,"S15-R5:** Every customer in the organization with an assigned sales rep produces one row. (Single-rep model: one rep per customer, so one row per customer.)",COVERED-DIRECT,SBR-ASGN-03,C30294,,,,
Sales By Representative,SBR,15,Sales Rep Assignments CSV export,S15-R6,requirement,"S15-R6:** `Rep is active?` = `Yes` when the rep's staff record is currently **active** ; `No` when the staff record is **inactive** (e.g., deactivated via Story 13) or has been deleted while the customer still references it. This column reflects the staff member's **active status** — a distinct flag from the sales-rep toggle that drives the report's ""(Inactive)"" marker (S5-R9). The two can differ (a rep can be staff-active but toggle-off, or toggle-on but staff-inactive); this column tracks staff-active status only.",COVERED-DIRECT,SBR-ASGN-04; SBR-DEACT-06,C30295; C30257,,,,
Sales By Representative,SBR,15,Sales Rep Assignments CSV export,S15-R7,requirement,"S15-R7:** Rows are sorted by customer name A→Z (primary), then rep name A→Z (secondary).",COVERED-DIRECT,SBR-ASGN-03,C30294,,,,
Sales By Representative,SBR,15,Sales Rep Assignments CSV export,S15-R8,requirement,"S15-R8:** The export is robust to legacy data: a customer whose assigned rep's staff record was cleared or deleted still produces a row, sourced from the customer-side denormalized rep name, with `Rep is active?` = `No`.",COVERED-DIRECT,SBR-ASGN-05,C30296,,,,
Sales By Representative,SBR,15,Sales Rep Assignments CSV export,S15-R9,requirement,"S15-R9:** When the denormalized rep-name snapshot differs across customers for the same underlying rep (name drift over time), the export uses each customer's own stored snapshot in that customer's row; drift never adds extra rows for a customer (still one row per customer, S15-R5) and never overwrites one customer's snapshot with another's.",COVERED-DIRECT,SBR-ASGN-05,C30296,,,,
Sales By Representative,SBR,15,Sales Rep Assignments CSV export,S15-R10,requirement,S15-R10:** Customers with no assigned rep are not included.,COVERED-DIRECT,SBR-ASGN-03,C30294,,,,
Sales By Representative,SBR,15,Sales Rep Assignments CSV export,S15-R11,requirement,"S15-R11:** If generation errors out, an error toast is shown (§7). **Negative cases:**",COVERED-DIRECT,SBR-ASGN-06,C30297,,,,
Sales By Representative,SBR,15,Sales Rep Assignments CSV export,S15-N1,negative,S15-N1:** Users without Reports access cannot reach the dialog or trigger this download.,COVERED-DIRECT,SBR-PERM-02,C30199,,,,
Sales By Representative,SBR,15,Sales Rep Assignments CSV export,S15-N2,negative,"S15-N2:** With zero assigned customers, the CSV downloads with a header row and no data rows, and the dialog shows its empty-export warning: ""There is no data to export for the selected report."" (§7). * * *",COVERED-DIRECT,SBR-ASGN-06,C30297,,,,
Sales By Representative,SBR,16,"Loading, empty, and error states",S16-R1,requirement,"S16-R1:** **Empty state.** When the current filter set produces no rep rows (no rep has a matching invoice and — if Show Unassigned is on — there are no matching unassigned invoices either), the table shows no data rows and the empty-state message ""No sales activity matches the current filters."" The grand Totals indicator is not shown.",COVERED-DIRECT,SBR-STATE-01,C30298,,,,
Sales By Representative,SBR,16,"Loading, empty, and error states",S16-R2,requirement,"S16-R2:** The same empty state is shown when no staff member has ever been credited with an invoice in the current view — there is no separate ""no reps configured"" message; the report is contributor-driven.",COVERED-DIRECT,SBR-STATE-01,C30298,,,,
Sales By Representative,SBR,16,"Loading, empty, and error states",S16-R3,requirement,"S16-R3:** The toolbar (filters, column selector, exports) stays visible and interactive in the empty state.",COVERED-DIRECT,SBR-STATE-01,C30298,,,,
Sales By Representative,SBR,16,"Loading, empty, and error states",S16-R4,requirement,"S16-R4:** **Loading state.** On the initial load and on every filter-triggered re-fetch, the table shows the standard reports loading indicator (a centered spinner over the data area); the grand Totals indicator is hidden during loading. The toolbar stays interactive so the user can change filters. A re-fetch replaces the previous data only when the new data returns (no flash of blank table mid-fetch beyond the spinner overlay).",COVERED-DIRECT,SBR-STATE-03; SBR-TOT-02,C30300; C30238,,,,
Sales By Representative,SBR,16,"Loading, empty, and error states",S16-R5,requirement,"S16-R5:** **Error state.** If the initial load or a re-fetch fails (network or server error), the data area shows an inline error message ""Couldn't load the report. Please try again."" with a ""Retry"" action that re-runs the current request. Filters and toolbar remain interactive; the failure does not clear the user's filter selections. **Negative cases:**",COVERED-DIRECT,SBR-STATE-04,C30301,,,,
Sales By Representative,SBR,16,"Loading, empty, and error states",S16-N1,negative,"S16-N1:** When at least one rep row (or the Unassigned row) is in the result set, the rep list renders and none of the empty/error messages are shown. * * *",COVERED-DIRECT,SBR-STATE-01,C30298,,,,
Sales By Representative,SBR,17,Mobile usability,S17-R1,requirement,"S17-R1:** All toolbar controls (â‹¯ exports, column selector, Show Unassigned toggle, date range picker, Product Type, Invoice Status, Location) are visible and operable on touch.",COVERED-DIRECT,SBR-MOB-01,C30302,,,,
Sales By Representative,SBR,17,Mobile usability,S17-R2,requirement,S17-R2:** Below 1024px the toolbar controls stack vertically at full width; at 1024px and above the desktop layout applies.,COVERED-DIRECT,SBR-MOB-01,C30302,,,,
Sales By Representative,SBR,17,Mobile usability,S17-R3,requirement,S17-R3:** The â‹¯ exports button is the first control in the toolbar's action cluster (leftmost of the actions). On mobile it wraps to a partial row above the stacked controls.,COVERED-DIRECT,SBR-EXP-01; SBR-MOB-01,C30276; C30302,,,,
Sales By Representative,SBR,17,Mobile usability,S17-R4,requirement,S17-R4:** The data table scrolls horizontally to expose all columns; the pinned Subtotal column stays visible at the right edge during horizontal scroll. The mobile external totals bar is outside the horizontal scroll container and does not scroll horizontally (S10-R5).,COVERED-DIRECT,SBR-MOB-02; SBR-TOT-03,C30303; C30239,,,,
Sales By Representative,SBR,17,Mobile usability,S17-R5,requirement,S17-R5:** The chevron expand/collapse control works on touch.,COVERED-DIRECT,SBR-MOB-02,C30303,,,,
Sales By Representative,SBR,17,Mobile usability,S17-R6,requirement,"S17-R6:** All interactive controls in the dense table (chevrons, toggles, the â‹¯ button, the dialog's X) present a touch target of at least 44×44 px. **Negative cases:**",COVERED-DIRECT,SBR-MOB-03,C30304,,,,
Sales By Representative,SBR,17,Mobile usability,S17-N1,negative,"S17-N1:** Hover-only tooltips are not shown on touch; the icons communicate the action, and each icon-only control carries an accessible name (S18-R9). * * *",COVERED-DIRECT,SBR-MOB-03,C30304,,,,
Sales By Representative,SBR,18,Visual conformance and accessibility,S18-R1,requirement,S18-R1:** The toolbar has a solid white background with padding **32px top / 24px bottom / 2rem left and right**. The title's left edge aligns with the leftmost data column; the rightmost toolbar control (the Location filter) aligns its right edge with the rightmost data column.,COVERED-DIRECT,SBR-VIS-01,C30305,,,,
Sales By Representative,SBR,18,Visual conformance and accessibility,S18-R2,requirement,S18-R2:** The data area sits on the application's standard blue-grey page background.,COVERED-DIRECT,SBR-VIS-01,C30305,,,,
Sales By Representative,SBR,18,Visual conformance and accessibility,S18-R3,requirement,S18-R3:** A thin horizontal separator line sits between the toolbar and the column headers.,COVERED-DIRECT,SBR-VIS-01,C30305,,,,
Sales By Representative,SBR,18,Visual conformance and accessibility,S18-R4,requirement,"S18-R4:** Row types are differentiated by font weight and color, not background color.",COVERED-DIRECT,SBR-ROW-02; SBR-VIS-01,C30218; C30305,,,,
Sales By Representative,SBR,18,Visual conformance and accessibility,S18-R5,requirement,S18-R5:** The table extends edge-to-edge against the side navigation.,COVERED-DIRECT,SBR-VIS-01,C30305,,,,
Sales By Representative,SBR,18,Visual conformance and accessibility,S18-R6,requirement,S18-R6:** Status badges are vertically centered on detail rows.,COVERED-DIRECT,SBR-BADGE-01,C30226,,,,
Sales By Representative,SBR,18,Visual conformance and accessibility,S18-R6a,requirement,S18-R6a:** Column alignment holds on every table row type (S5-R10); Subtotal is always rightmost. Both forms of the grand Totals indicator are exempt.,COVERED-DIRECT,SBR-ROW-02,C30218,,,,
Sales By Representative,SBR,18,Visual conformance and accessibility,S18-R7,requirement,S18-R7:** Normative visual rules (self-contained; no external lookup):,COVERED-DIRECT,SBR-VIS-01,C30305,,,,
Sales By Representative,SBR,18,Visual conformance and accessibility,S18-R7.1,requirement,S18-R7.1:** Page background = standard blue-grey (light) / standard dark (dark); zero horizontal page padding so the toolbar and table are edge-to-edge.,COVERED-DIRECT,SBR-VIS-01,C30305,,,,
Sales By Representative,SBR,18,Visual conformance and accessibility,S18-R7.2,requirement,"S18-R7.2:** Toolbar surface white (light) / dark (dark); toolbar contents padded per S18-R1. Toolbar control order, left to right within the action cluster: â‹¯ exports, Column Selection, Show Unassigned, Date Range, Product Type, Invoice Status, Location.",COVERED-DIRECT,SBR-LOC-01; SBR-UNAS-01; SBR-VIS-01,C30213; C30261; C30305,,,,
Sales By Representative,SBR,18,Visual conformance and accessibility,S18-R7.3,requirement,S18-R7.3:** A thin separator between toolbar and column-header row.,COVERED-DIRECT,SBR-VIS-01,C30305,,,,
Sales By Representative,SBR,18,Visual conformance and accessibility,S18-R7.4,requirement,S18-R7.4:** Column-header cells and all body cells render on white (dark equivalents in dark mode); the grand Totals indicator also renders on the white/dark card surface with a thin top border.,COVERED-DIRECT,SBR-VIS-01,C30305,,,,
Sales By Representative,SBR,18,Visual conformance and accessibility,S18-R7.5,requirement,"S18-R7.5:** The pinned Subtotal column matches the row background (white on body rows), not a contrasting strip.",COVERED-DIRECT,SBR-TOT-01; SBR-VIS-01,C30237; C30305,,,,
Sales By Representative,SBR,18,Visual conformance and accessibility,S18-R7.6,requirement,"S18-R7.6:** These rules are the normative spec for this report. If app-wide report styling evolves later, this report's treatment is updated in a new spec round; this spec is the source of truth.",COVERED-DIRECT,SBR-VIS-01,C30305,,,,
Sales By Representative,SBR,18,Visual conformance and accessibility,S18-R8,requirement,"S18-R8: Dark mode.** Page, toolbar, header, body cells, and the grand Totals indicator switch to their dark equivalents; status badges keep the same tokens (S8-R3) and stay legible in both modes; Inv. Hrs green/red use the app's positive/negative tokens (mode-appropriate). PDFs always render in light-mode colors. **Requirements — accessibility:**",COVERED-DIRECT,SBR-BADGE-02; SBR-VIS-02,C30227; C30306,,,,
Sales By Representative,SBR,18,Visual conformance and accessibility,S18-R9,requirement,"S18-R9:** Every icon-only control has an accessible name: â‹¯ exports = ""Report actions""; column selector = ""Show or hide columns""; per-row chevron = ""Expand {rep name}"" / ""Collapse {rep name}""; header chevron = ""Expand all reps"" / ""Collapse all reps""; dialog X = ""Close"".",COVERED-DIRECT,SBR-MOB-03; SBR-VIS-03,C30304; C30307,,,,
Sales By Representative,SBR,18,Visual conformance and accessibility,S18-R10,requirement,S18-R10:** The row chevrons and the sortable column headers are keyboard-focusable and activate on Enter/Space; a chevron exposes its expanded/collapsed state and a sortable header exposes its current sort state to assistive technology.,COVERED-DIRECT,SBR-VIS-04,C30308,,,,
Sales By Representative,SBR,18,Visual conformance and accessibility,S18-R11,requirement,"S18-R11:** The subdued-grey used for the `(N)` count and the ""(Inactive)"" tag meets at least WCAG AA contrast (≥ 4.5:1) against the white body surface in light mode and against the dark surface in dark mode; the reduced font size does not drop it below that ratio.",COVERED-DIRECT,SBR-VIS-05,C30309,,,,
Sales By Representative,SBR,18,Visual conformance and accessibility,S18-R12,requirement,"S18-R12:** No information is conveyed by color alone: Inv. Hrs carries its `+`/`-` sign, status badges carry their text label (S8-R6), and links carry a hover/focus underline (S12-R4/R5).",COVERED-DIRECT,SBR-VIS-05,C30309,,,,
Sales By Representative,SBR,18,Visual conformance and accessibility,S18-R13,requirement,"S18-R13:** When shown (S21-R7), the **Location** column appears at the end of the leading identifier group — immediately after the **Status** column and before the first metric column (Inv. Hrs) — on every rep summary row and invoice detail row, matching the Location column's placement across the reports suite; it never displaces the pinned **Subtotal** column, which stays rightmost (S10-R1). The toolbar's **Location filter** control keeps a **constant width** regardless of the selected label (a single location name, several names, or ""All Locations""), so the toolbar layout does not shift as t",COVERED-DIRECT,SBR-LOC-05,C38913,,,,
Sales By Representative,SBR,18,Visual conformance and accessibility,S18-N1,negative,S18-N1:** The visual and accessibility rules apply unconditionally whenever the report is rendered. * * *,COVERED-DIRECT,SBR-VIS-01,C30305,,,,
Sales By Representative,SBR,19,Work Order Sales Rep assignment,S19-R1,requirement,"S19-R1:** The left panel includes a ""Sales Rep"" selector on both standard Work Orders and Part Sale WOs. It is hidden on imported Work Orders and in History mode.",COVERED-DIRECT,SBR-WO-01,C30310,,,,
Sales By Representative,SBR,19,Work Order Sales Rep assignment,S19-R2,requirement,S19-R2:** The selector offers reps whose sales-rep toggle is currently on. Reps whose toggle is off are not offered as new selections.,COVERED-DIRECT,SBR-WO-02,C30311,,,,
Sales By Representative,SBR,19,Work Order Sales Rep assignment,S19-R3,requirement,S19-R3:** A new Work Order or Part Sale WO opens with the Sales Rep field **unassigned** ; the user assigns it explicitly. (The report still credits correctly when the WO is left unassigned — S19-R6 — so pre-filling at creation is not required.),COVERED-DIRECT,SBR-WO-03,C30312,,,,
Sales By Representative,SBR,19,Work Order Sales Rep assignment,S19-R4,requirement,"S19-R4:** Changing the Sales Rep persists immediately, with no separate Save step (save-on-change).",COVERED-DIRECT,SBR-WO-03,C30312,,,,
Sales By Representative,SBR,19,Work Order Sales Rep assignment,S19-R5,requirement,"S19-R5:** The selector is read-only (non-interactive) when the WO status is ""Invoiced"" or ""Paid"".",COVERED-DIRECT,SBR-WO-04,C30313,,,,
Sales By Representative,SBR,19,Work Order Sales Rep assignment,S19-R6,requirement,"S19-R6:** At invoice creation, the WO's Sales Rep is snapshotted onto the resulting invoice, and that snapshot is what the report reads. When the WO has no rep, the snapshot falls back to the **customer's** assigned rep; when that is also absent, the invoice is unassigned (appears only under the Unassigned row, Story 22).",COVERED-DIRECT,SBR-WO-05,C30314,,,,
Sales By Representative,SBR,19,Work Order Sales Rep assignment,S19-R7,requirement,"S19-R7:** The customer record's left-panel sidebar shows a single ""Sales Rep"" row with the customer's assigned rep; when none is assigned it renders ""Unassigned"".",COVERED-DIRECT,SBR-WO-06,C30315,,,,
Sales By Representative,SBR,19,Work Order Sales Rep assignment,S19-R8,requirement,"S19-R8:** The selector carries an accessible name ""Sales Rep"". **Edge cases:**",COVERED-DIRECT,SBR-WO-02,C30311,,,,
Sales By Representative,SBR,19,Work Order Sales Rep assignment,S19-E1,edge,"S19-E1:** If the rep bound to a WO has since had their toggle turned off, the selector renders that rep's name with an ""(Inactive)"" indicator so the current assignment is visible; that rep is not offered as a new selection. **Negative cases:**",COVERED-DIRECT,SBR-WO-06,C30315,,,,
Sales By Representative,SBR,19,Work Order Sales Rep assignment,S19-N1,negative,S19-N1:** The selector is not present on imported Work Orders.,COVERED-DIRECT,SBR-WO-01,C30310,,,,
Sales By Representative,SBR,19,Work Order Sales Rep assignment,S19-N2,negative,S19-N2:** Changing a WO's Sales Rep does not retroactively alter invoices already created from it. * * *,COVERED-DIRECT,SBR-WO-05,C30314,,,,
Sales By Representative,SBR,20,Column selector,S20-R1,requirement,"S20-R1:** The toolbar includes a column selector button opening a dropdown of the seven toggleable metric columns, each with a toggle switch.",COVERED-DIRECT,SBR-COL-01,C30265,,,,
Sales By Representative,SBR,20,Column selector,S20-R2,requirement,"S20-R2:** The seven toggleable columns are: Inv. Hrs, Labor Invoiced, Labor Margin, Parts Invoiced, Parts Margin, Margin, Margin %.",COVERED-DIRECT,SBR-COL-01,C30265,,,,
Sales By Representative,SBR,20,Column selector,S20-R3,requirement,"S20-R3:** The five always-visible columns (Date, Invoice, Customer, Status, Subtotal) do not appear in the dropdown and cannot be hidden.",COVERED-DIRECT,SBR-COL-01,C30265,,,,
Sales By Representative,SBR,20,Column selector,S20-R4,requirement,S20-R4:** Toggling a switch immediately shows/hides that column — no confirm step.,COVERED-DIRECT,SBR-COL-03,C30267,,,,
Sales By Representative,SBR,20,Column selector,S20-R5,requirement,S20-R5:** Column visibility is persisted and restored per Story 23.,COVERED-DIRECT,SBR-PERS-01,C30271,,,,
Sales By Representative,SBR,20,Column selector,S20-R6,requirement,"S20-R6:** On first visit (no remembered preference), all seven metric columns are visible.",COVERED-DIRECT,SBR-COL-01,C30265,,,,
Sales By Representative,SBR,20,Column selector,S20-R7,requirement,"S20-R7:** Hiding a metric column removes it from rep summary rows, invoice detail rows, and the grand Totals indicator simultaneously.",COVERED-DIRECT,SBR-COL-03,C30267,,,,
Sales By Representative,SBR,20,Column selector,S20-R8,requirement,S20-R8:** The column selector state does not affect any export; all four downloads always include all metric columns.,COVERED-DIRECT,SBR-COL-04,C30268,,,,
Sales By Representative,SBR,20,Column selector,S20-R9,requirement,S20-R9:** Hiding the column that is currently the active sort column does not clear the sort; rows stay ordered by that (now-hidden) metric until the user picks another sort or the A→Z default is restored (Story 23). Showing the column again reveals the sort indicator on it. **Negative cases:**,COVERED-DIRECT,SBR-COL-05,C30269,,,,
Sales By Representative,SBR,20,Column selector,S20-N1,negative,"S20-N1:** With all seven metric columns hidden, the table still renders the five always-on columns and the grand Totals indicator; it is not an empty or error state. * * *",COVERED-DIRECT,SBR-COL-01,C30265,,,,
Sales By Representative,SBR,21,Filter the report by location,S21-R1,requirement,"S21-R1:** A location filter is the **rightmost** control in the toolbar — a multi-select listing the locations the user has access to, plus an ""All Locations"" option.",COVERED-DIRECT,SBR-LOC-01,C30213,,,,
Sales By Representative,SBR,21,Filter the report by location,S21-R2,requirement,"S21-R2:** On first load (no remembered setting — Story 23), the filter defaults to the user's **currently active location** only (the location currently selected in the application's location switcher). The default view is thus scoped to the one location the user is working in.",COVERED-DIRECT,SBR-PERS-04,C30274,,,,
Sales By Representative,SBR,21,Filter the report by location,S21-R3,requirement,"S21-R3:** The user can select several specific locations or ""All Locations."" Changing the selection re-fetches and re-renders scoped to the chosen set.",COVERED-DIRECT,SBR-LOC-03,C30215,,,,
Sales By Representative,SBR,21,Filter the report by location,S21-R4,requirement,"S21-R4:** Location is part of the contributor gate and cascades through every metric (like S3-R8): a rep appears only if they have ≥1 matching invoice at the selected location(s); rep totals, detail rows, the grand Totals indicator, and the (N)/# counts all reflect only invoices at those locations. An invoice's location is its originating work order's / parts sale's location (§3).",COVERED-DIRECT,SBR-LOC-03,C30215,,,,
Sales By Representative,SBR,21,Filter the report by location,S21-R5,requirement,"S21-R5:** Scoping is always constrained to the user's accessible locations; ""All Locations"" means all locations the user can access, never beyond. A location the user cannot access is never included.",COVERED-DIRECT,SBR-LOC-03,C30215,,,,
Sales By Representative,SBR,21,Filter the report by location,S21-R6,requirement,S21-R6:** All four exports respect the active location filter.,COVERED-DIRECT,SBR-EXP-02,C30277,,,,
Sales By Representative,SBR,21,Filter the report by location,S21-R7,requirement,"S21-R7:** A per-row **Location** column is shown on the report **only when the current view spans more than one location** — i.e., when more than one location is in scope (several locations selected, or ""All Locations"" resolving to more than one accessible location). When the view is scoped to a single location the column is **hidden** ; the one location is already unambiguous.",COVERED-DIRECT,SBR-LOC-05; SBR-ROW-02,C38913; C30218,,,,
Sales By Representative,SBR,21,Filter the report by location,S21-R8,requirement,"S21-R8:** When the Location column is shown (S21-R7), its cell reads: on a **rep summary row** , that rep's single location name when all of the rep's matching invoices are at one location, or the literal **Multiple** when they span more than one location; on an **invoice detail row** , that invoice's own exact location (its originating work order's / parts sale's location, §3). ""Multiple"" is used verbatim. The Unassigned summary row (Story 22) follows the same rule as any rep summary row. **Negative cases:**",COVERED-DIRECT,SBR-LOC-05,C38913,,,,
Sales By Representative,SBR,21,Filter the report by location,S21-N1,negative,S21-N1:** A single-location user still sees the filter with one selectable location; behavior is unchanged from single-location use.,COVERED-DIRECT,SBR-LOC-04,C30216,,,,
Sales By Representative,SBR,21,Filter the report by location,S21-N2,negative,"S21-N2:** If the selected location(s) produce no matching invoices, the report shows the empty state (Story 16). * * *",COVERED-TEXT,SBR-STATE-01,C30298,,,COVERED-TEXT,Same observable as S2-N1 - the Story-16 empty state reached by a filter that matches nothing; the location route is one filter among the set SBR-STATE-01 drives.
Sales By Representative,SBR,22,Show Unassigned invoices,S22-R1,requirement,"S22-R1:** A ""Show Unassigned"" toggle sits in the toolbar between the column selector and the date range picker (per the S18-R7.2 order). It is **off by default** (no remembered setting — Story 23).",COVERED-DIRECT,SBR-UNAS-01,C30261,,,,
Sales By Representative,SBR,22,Show Unassigned invoices,S22-R2,requirement,"S22-R2:** When off, invoices with no assigned rep contribute to nothing — no row, not counted in any total.",COVERED-DIRECT,SBR-EXP-13; SBR-UNAS-01,C30288; C30261,,,,
Sales By Representative,SBR,22,Show Unassigned invoices,S22-R3,requirement,"S22-R3:** When on, a single **"" Unassigned""** summary row rolls up every matching invoice (respecting all other active filters) that has no assigned rep. The label is ""Unassigned"" verbatim.",COVERED-DIRECT,SBR-UNAS-02; SBR-WO-05,C30262; C30314,,,,
Sales By Representative,SBR,22,Show Unassigned invoices,S22-R4,requirement,"S22-R4:** The Unassigned row is **pinned to the top** of the table, above the A→Z reps, and stays pinned regardless of sort (S11-R2).",COVERED-DIRECT,SBR-EXP-02; SBR-EXP-13; SBR-SORT-04; SBR-UNAS-02,C30277; C30288; C30244; C30262,,,,
Sales By Representative,SBR,22,Show Unassigned invoices,S22-R5,requirement,"S22-R5:** The Unassigned row behaves like any rep summary row: same metric columns, the `(N)` count, expandable (S6-R1) to its contributing invoices, and included in the grand Totals indicator. It never carries an ""(Inactive)"" tag.",COVERED-DIRECT,SBR-UNAS-02,C30262,,,,
Sales By Representative,SBR,22,Show Unassigned invoices,S22-R6,requirement,S22-R6:** Toggling Show Unassigned re-renders the report and recomputes the grand Totals indicator to include or exclude the Unassigned row accordingly. **Negative cases:**,COVERED-DIRECT,SBR-UNAS-02,C30262,,,,
Sales By Representative,SBR,22,Show Unassigned invoices,S22-N1,negative,"S22-N1:** When the toggle is on but there are no matching unassigned invoices, no Unassigned row is shown (an empty Unassigned row is never rendered); if there are also no rep rows, the empty state applies (Story 16). * * *",COVERED-DIRECT,SBR-UNAS-04,C30264,,,,
Sales By Representative,SBR,23,Remember filters and view,S23-R1,requirement,"S23-R1:** The report remembers, per browser, the user's filter and view settings: date range (incl. custom start/end), product type, invoice status, location, Show Unassigned, column visibility, and the active column sort (column + direction). On the next visit — including after leaving and returning, or a page reload — these are restored before the first data fetch.",COVERED-DIRECT,SBR-PERS-01,C30271,,,,
Sales By Representative,SBR,23,Remember filters and view,S23-R2,requirement,S23-R2:** The report does **not** remember expansion state or scroll position; both reset on reload. (Browser back-navigation from a drilldown is the exception that restores everything — S12-R3a.),COVERED-DIRECT,SBR-LINK-03; SBR-PERS-02; SBR-TREE-08,C30249; C30272; C30224,,,,
Sales By Representative,SBR,23,Remember filters and view,S23-R3,requirement,"S23-R3:** Restoration is **defensive** : a remembered value that is no longer valid (a location the user can no longer access, a range or sort column that no longer exists, a hidden-but-sorted column) falls back to that setting's default rather than being sent to the server. A stale saved setting can never cause an error or an invalid request.",COVERED-DIRECT,SBR-PERS-03,C30273,,,,
Sales By Representative,SBR,23,Remember filters and view,S23-R4,requirement,"S23-R4:** With no saved settings (first visit): date range This Month (S2-R7), Product Type ""Parts & Service"" (S3-R3), Invoice Status ""All Statuses"" (S4-R3), Location = active location (S21-R2), Show Unassigned off (S22-R1), all seven metric columns visible (S20-R6), sort = A→Z default (S11-R4).",COVERED-DIRECT,SBR-PERS-04,C30274,,,,
Sales By Representative,SBR,23,Remember filters and view,S23-R5,requirement,"S23-R5:** The ""A→Z default"" is a distinct saved value from a financial-column sort; restoring a saved state with no active financial sort returns the report to the A→Z default (S11-R4), not to an arbitrary column. **Negative cases:**",COVERED-DIRECT,SBR-PERS-05; SBR-SORT-03,C30275; C30243,,,,
Sales By Representative,SBR,23,Remember filters and view,S23-N1,negative,S23-N1:** Clearing browser storage returns the report to first-visit defaults (S23-R4). No server-side profile is kept. * * *,COVERED-DIRECT,SBR-PERS-04,C30274,,,,
Parts Velocity,PV,1,Report Access & Location,S1-R1,requirement,"S1-R1:** The report is accessible from the Reports navigation under a **Parts** section heading, labeled **Parts Velocity**. **This feature creates the Parts section** — the application has no Parts reports today, so the ""Parts"" grouping does not exist in the Reports navigation yet and must be added; Parts Velocity is its first (and, in this release, only) report. A dev should not assume a Parts reports section already exists.",COVERED-DIRECT,PV-NAV-01,C30322,,,,
Parts Velocity,PV,1,Report Access & Location,S1-R2,requirement,"S1-R2:** On a first visit (no saved view — S4-R6), the date range defaults to **This Year** and data is fetched automatically. On a return visit the saved date range is used instead.",COVERED-DIRECT,PV-COL-04; PV-NAV-02,C30354; C30323,,,,
Parts Velocity,PV,1,Report Access & Location,S1-R3,requirement,"S1-R3:** While data is loading (initial load or any server-side filter change), the table displays a loading indicator; existing rows are replaced only when the new data returns.",COVERED-DIRECT,PV-NAV-03,C30324,,,,
Parts Velocity,PV,1,Report Access & Location,S1-R4,requirement,S1-R4:** Both loading the report and exporting it require the **Inventory Reports → View** permission. A user without that permission is denied the report data and the export. **Negative cases:**,COVERED-DIRECT,PV-API-04; PV-PERM-01; PV-PERM-03,C30391; C30325; C30327,,,,
Parts Velocity,PV,1,Report Access & Location,S1-N1,negative,S1-N1:** Users without the Manager or Office User role cannot reach the Reports section and will not see the Parts Velocity navigation entry (enforced by the Reports section's access control).,COVERED-DIRECT,PV-PERM-02,C30326,,,,
Parts Velocity,PV,1,Report Access & Location,S1-N2,negative,"S1-N2:** A user who has the Reports-section role but lacks the **Inventory Reports → View** permission (S1-R4) still sees the Parts Velocity navigation entry (the entry follows section access); on opening the report they are shown the standard access-denied state rather than data, and the export is likewise denied. _(Build-note: confirm the FE uses this shown-then-denied model rather than hiding the entry, aligning with how the platform's other Inventory-Reports-permissioned reports behave.)_ * * *",COVERED-DIRECT,PV-API-04; PV-PERM-03,C30391; C30327,,,,
Parts Velocity,PV,2,Filters & Search,S2-R1,requirement,"S2-R1:** The toolbar provides a **Type** filter (single-select, first in the filter row) with options: **Both** , **Inventory** , **Special Order**. On a first visit (no saved view) the default is **Both**. Selecting a value immediately reloads the report data. **Both** is an explicit selection that returns inventory and special-order rows together — it is a deliberate filter value, not the absence of a filter.",COVERED-DIRECT,PV-FILT-01,C30328,,,,
Parts Velocity,PV,2,Filters & Search,S2-R2,requirement,"S2-R2:** The toolbar provides a **date range** selector offering exactly these options: **Today, Yesterday, This Week, Last Week, This Month, Last Month, This Year, Last Year, This Quarter, Last Quarter, Custom**. On a first visit the default is **This Year** ; there is no ""All Time"" option (see §2 Out of Scope). Selecting any non-custom option immediately reloads the report data. The named ranges use the application's standard shared calendar boundaries (the same boundaries every report's date picker uses); this report does not define its own.",COVERED-DIRECT,PV-FILT-03,C30330,,,,
Parts Velocity,PV,2,Filters & Search,S2-R3,requirement,"S2-R3:** Custom date range opens a date picker requiring both a start and an end date, with the start on or before the end. The Custom range is capped at a **366-day maximum span** (inclusive of both the start and end dates); a wider selection is rejected. Data reloads once both valid dates are selected.",COVERED-DIRECT,PV-FILT-04,C30331,,,,
Parts Velocity,PV,2,Filters & Search,S2-R4,requirement,S2-R4:** The toolbar provides a **Category** multi-select filter. Selecting one or more categories limits the table to parts in those categories.,COVERED-DIRECT,PV-FILT-05,C30332,,,,
Parts Velocity,PV,2,Filters & Search,S2-R5,requirement,S2-R5:** The toolbar provides a **Vendor** multi-select filter. Selecting one or more vendors limits the table to parts supplied by those vendors.,COVERED-DIRECT,PV-FILT-05,C30332,,,,
Parts Velocity,PV,2,Filters & Search,S2-R6,requirement,"S2-R6:** A **search input in the report's own toolbar** (page-specific, not the application's global search bar) filters to rows where the part number **or** description contains the search string, case-insensitively.",COVERED-DIRECT,PV-FILT-06,C30333,,,,
Parts Velocity,PV,2,Filters & Search,S2-R7,requirement,S2-R7:** All active filters combine with AND logic — a part must satisfy every active filter to appear.,COVERED-DIRECT,PV-FILT-07,C30334,,,,
Parts Velocity,PV,2,Filters & Search,S2-R8,requirement,"S2-R8:** The toolbar provides a **Bin** multi-select filter. Selecting one or more bin locations reloads the data limited to inventory parts stocked in any of the selected bins. Because special-order parts have no bin location, **all special-order rows are excluded whenever any bin filter is active** — so Type = Special Order combined with any Bin filter yields an empty result, by design.",COVERED-DIRECT,PV-FILT-08; PV-FILT-09,C30335; C30336,,,,
Parts Velocity,PV,2,Filters & Search,S2-R9,requirement,"S2-R9:** The toolbar provides a **Location** multi-select filter as the **rightmost** control in the filter row, listing the locations the signed-in user has access to plus an ""All Locations"" option. On a first visit it defaults to the user's **currently active location** (the location currently selected in the application's global location switcher). Selecting one, several, or all locations reloads the data scoped to that set. Scoping is always constrained to the user's accessible locations — ""All Locations"" means all locations the user can access, never beyond; a location the user cannot acc",COVERED-DIRECT,PV-FILT-10,C30337,,,,
Parts Velocity,PV,2,Filters & Search,S2-R10,requirement,"S2-R10:** All filters and search apply **server-side** : Type, date range, Bin location, Location, Category, Vendor, and the toolbar search each trigger a fresh server-side data load, returning the first page of the new result set. There is no client-side-only narrowing — every filter or search change re-queries the server.",COVERED-DIRECT,PV-API-01; PV-API-02; PV-FILT-05,C30388; C30389; C30332,,,,
Parts Velocity,PV,2,Filters & Search,S2-R11,requirement,S2-R11:** The empty state (S2-N1) is shown whenever the server returns zero rows for the current filters and search.,COVERED-DIRECT,PV-FILT-11,C30338,,,,
Parts Velocity,PV,2,Filters & Search,S2-R12,requirement,"S2-R12:** When the Location filter (S2-R9) resolves to **more than one** location in scope, the table shows a per-row **Location** column identifying each row's location; when a single location is in scope the column is **hidden**. Per-row values follow S3-R10. **Negative cases:**",COVERED-DIRECT,PV-FILT-14,C38914,,,,
Parts Velocity,PV,2,Filters & Search,S2-N1,negative,"S2-N1:** If no parts match the combined filters, the table displays the empty state (§7). **Edge cases:**",COVERED-DIRECT,PV-FILT-11,C30338,,,,
Parts Velocity,PV,2,Filters & Search,S2-E1,edge,S2-E1:** A part with no category assigned does not appear when any Category filter is active.,COVERED-DIRECT,PV-FILT-12,C30339,,,,
Parts Velocity,PV,2,Filters & Search,S2-E2,edge,S2-E2:** A part with no vendor assigned does not appear when any Vendor filter is active.,COVERED-DIRECT,PV-FILT-12,C30339,,,,
Parts Velocity,PV,2,Filters & Search,S2-E3,edge,S2-E3:** A part with no bin location assigned does not appear when any Bin filter is active.,COVERED-DIRECT,PV-FILT-12,C30339,,,,
Parts Velocity,PV,2,Filters & Search,S2-E4,edge,S2-E4:** A user with access to only one location still sees the Location filter with a single selectable location; behavior is unchanged from single-location use. * * *,COVERED-DIRECT,PV-FILT-13,C30340,,,,
Parts Velocity,PV,3,Data Table,S3-R1,requirement,"S3-R1:** The table displays one row per part, showing the columns currently enabled in the column picker (see Story 4). Calculation of each column's value is defined in Story 5.",NOT-TESTABLE,,,,PV-COL-03(0.364); PV-CALC-07(0.364),NOT-TESTABLE,"A pointer/restatement: 'one row per part, showing the columns currently enabled (see Story 4). Calculation ... is defined in Story 5.' Its substance is tested by the row-model cases PV-ROW-01 (C30341) / PV-ROW-02 (C30342) and the column cases PV-COL-02 (C30352) / PV-COL-03 (C30353). A case of its own would be spec-parroting."
Parts Velocity,PV,3,Data Table,S3-R1a,requirement,"S3-R1a:** **Row model across locations.** An **inventory** part is a per-location stock record: the same part number stocked at N of the selected locations produces N inventory rows, each carrying that one location's On Hand / Min / Max (never summed). A **special-order** part produces a single row, with its movement and profitability values **summed across** the selected locations. (Money columns being additive, the special-order merge reconciles cleanly.)",COVERED-DIRECT,PV-ROW-01; PV-ROW-02,C30341; C30342,,,,
Parts Velocity,PV,3,Data Table,S3-R2,requirement,"S3-R2:** Rows load ranked by **Demand** , descending (see Story 5 for the metric). Inventory and special-order rows are ranked together; rows with equal Demand keep inventory-before-special-order order. This initial Demand-descending order is the **active sort** — the Demand header shows the descending indicator (S3-R3), and it is what S4-R6 persists as the saved sort until the user clicks another header.",COVERED-DIRECT,PV-ROW-03,C30343,,,,
Parts Velocity,PV,3,Data Table,S3-R3,requirement,"S3-R3:** All columns are sortable by clicking the column header. The **first click** on a not-currently-sorted column sorts it **ascending** ; clicking the active sort column again reverses the direction. The active sort column shows a direction indicator (an arrow that flips for descending). Sorting is resolved **server-side** : each header click re-fetches the data ordered by the chosen column and direction (returning the first page of the re-sorted result set). Ties keep a stable order — no explicit secondary key. As a **server sort semantic** , null/`—` values are placed **first on ascendi",COVERED-DIRECT,PV-API-03; PV-EXP-04; PV-ROW-04,C30390; C30378; C30344,,,,
Parts Velocity,PV,3,Data Table,S3-R4,requirement,S3-R4:** The header row is sticky — it stays visible while the table body scrolls vertically.,COVERED-DIRECT,PV-ROW-05,C30345,,,,
Parts Velocity,PV,3,Data Table,S3-R5,requirement,S3-R5:** The **Type** column displays `Inventory` or `Special Order` as plain text.,COVERED-DIRECT,PV-FILT-01; PV-ROW-05,C30328; C30345,,,,
Parts Velocity,PV,3,Data Table,S3-R6,requirement,"S3-R6:** Three columns — **Units Sold** , **Demand** , and **Turns / Yr** — carry a grey **â “˜** icon immediately to the right of the header label. The icon is always-on (not a hover-to-reveal affordance), shown whenever its column is visible; Units Sold and Demand are visible by default, while Turns / Yr is hidden by default (S4-R3), so its icon appears only once that column is enabled. Hovering the icon shows the description; the icon is also focusable and exposes the same text to assistive technology, and activating it does not trigger a column sort. The verbatim descriptions are: Column| ",COVERED-DIRECT,PV-ROW-06,C30346,,,,
Parts Velocity,PV,3,Data Table,S3-R7,requirement,"S3-R7:** The Description, Category, and Vendor columns truncate long text with an ellipsis on screen; the full value is available on native hover (browser tooltip) and is written in full to the CSV export (S6). **Part # is never truncated** (on screen or in any export).",COVERED-DIRECT,PV-ROW-07,C30347,,,,
Parts Velocity,PV,3,Data Table,S3-R8,requirement,"S3-R8:** All columns — header label and cell data, including numeric and money columns — are **left-aligned** on screen. (The PDF/CSV exports right-align the numeric and money columns; see S6-R10 — a deliberate export-only difference.)",COVERED-DIRECT,PV-EXP-08; PV-ROW-05,C30382; C30345,,,,
Parts Velocity,PV,3,Data Table,S3-R9,requirement,"S3-R9:** Wherever a value is null, it renders as `—` (em-dash) — in the table and all exports. The fields that can be null are **On Hand, Turns / Yr, Min, and Max** (always null for special-order rows), **Unit Cost** and **Sell Price** (null when billed units ≤ 0), **Margin %** (null when Revenue ≤ 0), and **Last Sale** (null when the row has no recorded sale). **Revenue, Margin, and the movement count metrics (Units Sold, Units Returned, Sold (WO), Sold (Parts Sale), Demand) are never null** — they render `$0.00` / `0.00` / `0` when there is no activity. Full per-column formatting is in S5-R5",COVERED-DIRECT,PV-CALC-12; PV-EXP-07; PV-ROW-08,C30370; C30381; C30348,,,,
Parts Velocity,PV,3,Data Table,S3-R10,requirement,"S3-R10:** When the per-row **Location** column is shown (more than one location in scope, S2-R12), each row's value follows the row model (S3-R1a): an **inventory** row — a per-location stock record — shows **its own location's name** ; a merged **special-order** row, which aggregates across the selected locations, shows the literal **Multiple**. A drill-down/detail row shows the exact single location it belongs to. The column is auto-managed by the location scope (it is **not** one of the 20 columns in the picker, S4-R1, and is not user-toggleable) and is hidden entirely when a single locatio",COVERED-DIRECT,PV-COL-02; PV-COL-03; PV-FILT-14,C30352; C30353; C38914,,,,
Parts Velocity,PV,3,Data Table,S3-N1,negative,"S3-N1:** An inventory part is excluded from the report only when it has **zero net stock movement (Units Sold = 0) AND less than one unit on hand AND zero billed revenue in the window**. A part meeting all three carries neither a sales signal nor stock nor money to act on. A part with billed Revenue > 0 is always kept even if it had no stock movement and no on-hand stock (e.g., a drop-ship sale). (Special Order is not subject to a separate rule: special-order rows come only from actual in-window vendor requests, so a never-sold special-order part simply produces no row.) **Edge cases:**",COVERED-DIRECT,PV-ROW-09,C30349,,,,
Parts Velocity,PV,3,Data Table,S3-E1,edge,"S3-E1:** Because Units Sold is net of reversals, an inventory part can show a Units Sold of `0.00` or a negative value (reversals exceeding sales in the window) while still appearing (it has on-hand stock or billed revenue). Negative movement renders with a leading minus (S5-R5); it is not floored to zero. A part invoiced then fully reversed in-window can show Demand `1` with Units Sold `0.00` — **provided it still has on-hand stock or other billed revenue keeping it in the result set** ; a fully-reversed part with zero net movement, no on-hand stock, and no residual revenue is excluded per S3",COVERED-DIRECT,PV-ROW-10,C30350,,,,
Parts Velocity,PV,4,Columns & Remembered View,S4-R1,requirement,"S4-R1:** A column picker is accessible via a toolbar button. It lists all **20** available columns, each with a toggle.",COVERED-DIRECT,PV-COL-01,C30351,,,,
Parts Velocity,PV,4,Columns & Remembered View,S4-R2,requirement,"S4-R2 (default shown columns):** On a first visit (no saved selection), the report shows exactly these **14** columns, in this on-screen left-to-right order: **Type, Part #, Description, Category, Vendor, Units Sold, Unit Cost, Sell Price, Revenue, Margin, Margin %, Demand, Last Sale, On Hand**. The other 6 columns start hidden.",COVERED-DIRECT,PV-COL-02,C30352,,,,
Parts Velocity,PV,4,Columns & Remembered View,S4-R3,requirement,"S4-R3:** The **6** columns hidden by default (available via the picker) are: **Units Returned, Sold (WO), Sold (Parts Sale), Turns / Yr, Min, Max**.",COVERED-DIRECT,PV-COL-02,C30352,,,,
Parts Velocity,PV,4,Columns & Remembered View,S4-R4,requirement,"S4-R4:** On-screen, columns always render in their fixed canonical left-to-right order regardless of the order in which they were toggled on. The canonical order is: **Type, Part #, Description, Category, Vendor, Units Sold, Units Returned, Sold (WO), Sold (Parts Sale), Unit Cost, Sell Price, Revenue, Margin, Margin %, Demand, Last Sale, On Hand, Turns / Yr, Min, Max**.",COVERED-DIRECT,PV-COL-01; PV-COL-03; PV-EXP-03,C30351; C30353; C30377,,,,
Parts Velocity,PV,4,Columns & Remembered View,S4-R5,requirement,S4-R5:** Toggling a column takes effect immediately; the table re-renders without a page reload.,COVERED-DIRECT,PV-COL-03,C30353,,,,
Parts Velocity,PV,4,Columns & Remembered View,S4-R6,requirement,"S4-R6 (view remembered per browser):** The report saves, in this browser (not tied to the user account), the current **filters** (Type, date range incl. custom start/end, categories, vendors, bin locations, location), **column selection** , and **active sort** (column + direction). On the next visit — including after leaving and returning, or a page reload — these saved values are restored **before** the first data fetch and take precedence over the first-visit defaults (S1-R2, S2-R1/R2/R9, S3-R2). The column selection returns to the user's last **non-empty** selection rather than the 14-colum",COVERED-DIRECT,PV-COL-04; PV-COL-05; PV-COL-06; PV-COL-08; PV-NAV-02,C30354; C30355; C30356; C30358; C30323,,,,
Parts Velocity,PV,4,Columns & Remembered View,S4-N1,negative,"S4-N1:** If a saved view predates the current version of the report's saved format (its stored schema version does not match the current one), the system ignores the stale view and loads the current defaults (This Year / Both / active location / 14-column set / Demand-desc). **Edge cases:**",CUT-BY-AUDIT,,,PV-COL-07,,CUT-BY-AUDIT,Retired PV-COL-07 covered it and was CUT 2026-07-28 as 'stale-schema seeding not executable manually' (same audit) - a tester cannot write a mismatched stored schema version by hand. The reachable half (an invalid saved VALUE falls back to its default) is covered by PV-COL-05 (C30355).
Parts Velocity,PV,4,Columns & Remembered View,S4-E1,edge,"S4-E1:** The picker enforces no minimum — a user may switch off all 20 columns, leaving a grid with no data columns for the rest of that session. An all-hidden (empty) selection is **not** retained as restorable: on the next visit the report falls back to the default 14-column set. An export triggered with zero columns enabled produces a file containing only the header/metadata rows and no data columns. * * *",COVERED-DIRECT,PV-COL-08,C30358,,,,
Parts Velocity,PV,5,Metric Calculations,S5-R1,requirement,"S5-R1: Inventory data source.** Inventory movement metrics are derived from the inventory-movement events generated when a work order is invoiced (which decrement stock) or when an invoice is reversed/voided (which add stock back), dated within the selected window. **Parts flagged as a core are excluded** from the inventory result set.",COVERED-DIRECT,PV-CALC-01; PV-CALC-14; PV-PREC-01,C30359; C30372; C38924,,,,
Parts Velocity,PV,5,Metric Calculations,S5-R2,requirement,"S5-R2: Special-order data source.** Special-order metrics are derived from vendor-sourced part requests (carrying a catalogue part reference, and **not a core**) on work orders with status **Invoiced** or **Paid** whose work-order date falls within the window — grouped so each special-order part is one row (summed across the selected locations, S3-R1a).",COVERED-DIRECT,PV-CALC-02; PV-CALC-14,C30360; C30372,,,,
Parts Velocity,PV,5,Metric Calculations,S5-R3,requirement,"S5-R3: Returns data source (Units Returned).** Units Returned is sourced from part-return records — the record written when a return is initiated, via a work-order part return or a parts-sale credit — NOT from inventory movements or invoice reversals. Cancelled returns are excluded; core-charge returns are excluded; the count is scoped to the current location(s) and to returns whose initiation date falls within the window. Inventory rows attribute returns to the inventory part; special-order rows attribute them to the special-order part. * **Live state, not a snapshot:** the column always refl",COVERED-DIRECT,PV-CALC-03; PV-CALC-04,C30361; C30362,,,,
Parts Velocity,PV,5,Metric Calculations,S5-R4,requirement,"S5-R4: Movement column calculations.** Column| Inventory part| Special Order part ---|---|--- **Units Sold**| The net quantity moved off the shelf across in-window invoicing events: invoicing a work order adds the units sold; reversing/voiding an invoice subtracts them — so Units Sold is **net of invoice reversals** (and can be `0.00` or negative). Part returns do NOT affect Units Sold.| Total quantity across the special-order part's in-window vendor requests (summed across selected locations), net of reversed/voided sales (S5-R4b). **Units Returned**| Total returned quantity from part-return ",COVERED-DIRECT,PV-CALC-01; PV-CALC-02; PV-CALC-03; PV-CALC-05; PV-CALC-06; PV-CALC-07; PV-CALC-08; PV-CALC-09,C30359; C30360; C30361; C30363; C30364; C30365; C30366; C30367,,,,
Parts Velocity,PV,5,Metric Calculations,S5-R4b,requirement,"S5-R4b: Reversal-netting across the billed-line columns.** **Sold (WO)** , **Sold (Parts Sale)** , and **special-order Units Sold** are billed-work-order-line quantities and — like the profitability columns (S5-R4a) — **exclude reversed/voided sales** (net of reversals). Inventory Units Sold already nets reversals via the stock add-back (S5-R1). Netting consistently across the whole billed-line family (Revenue, Margin, Unit Cost, Sell Price, billed units, Sold (WO), Sold (Parts Sale), and special-order Units Sold) is what makes the S5-R7 reconciliation identities hold and keeps a voided sale f",COVERED-DIRECT,PV-CALC-02; PV-CALC-11,C30360; C30369,,,,
Parts Velocity,PV,5,Metric Calculations,S5-R4a,requirement,"S5-R4a: Profitability column calculations.** All five are derived from the **billed part lines** in the window — for inventory, the part lines on invoiced/paid Service- and Parts-type work orders (windowed by work-order date); for special-order, the vendor part requests. **Reversed/voided sales are excluded** from these sums (netting reversals, consistent with Units Sold). Let **Revenue** = the summed billed sell amount (each line's stored sell price × quantity), **COGS** = the summed billed cost (each line's cost captured at billing time), and **billed units** = the summed billed quantity. Co",COVERED-DIRECT,PV-CALC-10; PV-CALC-11; PV-CALC-12,C30368; C30369; C30370,,,,
Parts Velocity,PV,5,Metric Calculations,S5-R5,requirement,"S5-R5: On-screen number formatting.** * Units Sold, Units Returned, Sold (WO), Sold (Parts Sale), On Hand, Turns / Yr → two decimals with thousands separators (e.g. `1,250.00`); a negative value uses a leading minus (e.g. `-3.00`). Of these, **On Hand and Turns / Yr** render `—` when null (special-order rows); the four count metrics (Units Sold, Units Returned, Sold (WO), Sold (Parts Sale)) are **never null** (they render `0.00`). * Unit Cost, Sell Price, Revenue, Margin → currency, two decimals with thousands separators and a `$` (e.g. `$1,250.00`); a negative value uses a leading minus, no p",COVERED-DIRECT,PV-CALC-07; PV-CALC-08; PV-CALC-13; PV-PREC-01; PV-ROW-08; PV-ROW-10,C30365; C30366; C30371; C38924; C30348; C30350,,,,
Parts Velocity,PV,5,Metric Calculations,S5-R6,requirement,S5-R6:** An on-hand cost value is computed internally for the report but is **not** a selectable column and is never displayed to the user.,COVERED-DIRECT,PV-COL-01,C30351,,,,
Parts Velocity,PV,5,Metric Calculations,S5-R7,requirement,"S5-R7 (movement and profitability bases differ, not additive):** **Units Sold** (inventory stock movement) is computed from a different source than the profitability columns' **billed units** (billed work-order lines). For an inventory part the two can differ — e.g., Revenue ÷ Sell Price need not equal Units Sold — and this is correct behavior, surfaced to the user by the Units Sold tooltip (S3-R6). Likewise **Units Sold** , **Sold (WO)** , and **Sold (Parts Sale)** are computed over different event sets and are **not** expected to equal one another versus Units Sold. Because work orders are o",COVERED-DIRECT,PV-CALC-13; PV-CALC-15; PV-CALC-16,C30371; C30373; C30374,,,,
Parts Velocity,PV,6,Exports (CSV & PDF),S6-R1,requirement,"S6-R1:** A **â ‹¯** overflow button in the toolbar (leftmost in the toolbar's action cluster) opens an export menu with two items, in this order: **Download (PDF)** and **Download (CSV)**.",COVERED-DIRECT,PV-EXP-01,C30375,,,,
Parts Velocity,PV,6,Exports (CSV & PDF),S6-R2,requirement,"S6-R2:** Both exports reflect the date range, type, category, vendor, bin location, location, and search active at the time of export.",COVERED-DIRECT,PV-EXP-02,C30376,,,,
Parts Velocity,PV,6,Exports (CSV & PDF),S6-R3,requirement,"S6-R3:** Both exports include only the columns currently enabled, in the **canonical on-screen order** (S4-R4) — the export mirrors the visible grid. _(Build-delta: the current export builds its column order from the user's visible-columns array, which appends a re-enabled hidden column at the end rather than in its canonical slot; align it to the canonical order so the export column order matches the screen.)_",COVERED-DIRECT,PV-EXP-03,C30377,,,,
Parts Velocity,PV,6,Exports (CSV & PDF),S6-R4,requirement,"S6-R4:** Both exports reflect the active sort column and direction; rows appear in that order — for **every** column, including Min and Max. When the active sort is the default **Demand descending** (the user has not chosen another column), that order is exported. Because the sort is resolved server-side (S3-R3), the export renders rows in the exact server order — including null placement (nulls first on ascending, last on descending) — so the export and on-screen grid match.",COVERED-DIRECT,PV-EXP-04,C30378,,,,
Parts Velocity,PV,6,Exports (CSV & PDF),S6-R5,requirement,S6-R5:** The CSV downloads as `velocity-report.csv`; the PDF as `velocity-report.pdf`.,COVERED-DIRECT,PV-EXP-05; PV-EXP-06,C30379; C30380,,,,
Parts Velocity,PV,6,Exports (CSV & PDF),S6-R6,requirement,"S6-R6:** The PDF is formatted for **A3 landscape** , titled **Parts Velocity**. In the PDF, Description, Category, and Vendor are truncated to 18 characters. **Part # is not truncated. The CSV carries the full, untruncated Description / Category / Vendor values.**",COVERED-DIRECT,PV-EXP-05; PV-EXP-06,C30379; C30380,,,,
Parts Velocity,PV,6,Exports (CSV & PDF),S6-R7,requirement,"S6-R7:** A null value in any nullable field renders as `—` (em-dash) in both CSV and PDF: **Unit Cost, Sell Price, Margin %, On Hand, Turns / Yr, Last Sale, Min, Max**. (Revenue, Margin, and the count metrics are never null.)",COVERED-DIRECT,PV-EXP-07,C30381,,,,
Parts Velocity,PV,6,Exports (CSV & PDF),S6-R8,requirement,S6-R8:** Last Sale renders as `N days` (e.g. `42 days`) in the PDF; the CSV renders the raw integer.,COVERED-DIRECT,PV-EXP-06; PV-EXP-07,C30380; C30381,,,,
Parts Velocity,PV,6,Exports (CSV & PDF),S6-R9,requirement,"S6-R9:** On a successful download, a success toast reads **"" Velocity report exported (CSV)""** or **"" Velocity report exported (PDF)""**.",COVERED-DIRECT,PV-EXP-10,C30384,,,,
Parts Velocity,PV,6,Exports (CSV & PDF),S6-R10,requirement,"S6-R10:** In the CSV and PDF, the **Type** column is centered, the text columns (Part #, Description, Category, Vendor) are left-aligned, and **every numeric and money column is right-aligned** — a deliberate export-only treatment that differs from the all-left-aligned on-screen table (S3-R8), because right-aligned numerics read better in a static printed/spreadsheet grid.",COVERED-DIRECT,PV-EXP-08,C30382,,,,
Parts Velocity,PV,6,Exports (CSV & PDF),S6-R11,requirement,"S6-R11:** Every export includes the per-row **Location** column whenever it is shown on screen (more than one location in scope, S2-R12 / S3-R10), in its on-screen column position. Both exports also include a ""Locations:"" line naming the location or locations the report is scoped to, or ""All locations"" when every location the user has access to is selected. In the PDF the ""Locations:"" line appears in the header area; in the CSV it appears as a leading metadata line above the column-header row. **Negative cases:**",GAP-CLOSED,PV-FILT-14,C38914,,,GAP,EXTEND PV-FILT-14 (C38914) - PV-EXP-02 (C30376) expected 3 covers the 'Locations:' line. Uncovered: the per-row Location column in both exports in its on-screen (leftmost) position.
Parts Velocity,PV,6,Exports (CSV & PDF),S6-N1,negative,"S6-N1:** If an export fails, an error toast is shown. The server-provided message is used when available; otherwise the toast reads **"" Failed to export velocity report (csv)""** or **"" Failed to export velocity report (pdf)""**. * * *",COVERED-DIRECT,PV-EXP-10,C30384,,,,
Parts Velocity,PV,7,Visual Conformance,S7-R1,requirement,S7-R1:** The page uses the two-tone theme: white card surfaces (toolbar + table cells) on the standard soft blue-grey page background. No card border-radius (edge-to-edge table).,COVERED-DIRECT,PV-VIS-01,C30385,,,,
Parts Velocity,PV,7,Visual Conformance,S7-R2,requirement,"S7-R2:** The toolbar background is white (dark mode: black). Internal toolbar padding is 32px top, 2rem right, 24px bottom, 2rem left.",COVERED-DIRECT,PV-VIS-02,C30386,,,,
Parts Velocity,PV,7,Visual Conformance,S7-R3,requirement,S7-R3:** Table header cells have a white background and a 1px top border separating them from the toolbar.,COVERED-DIRECT,PV-VIS-02,C30386,,,,
Parts Velocity,PV,7,Visual Conformance,S7-R4,requirement,S7-R4:** Table body cells have a white background.,COVERED-DIRECT,PV-VIS-02,C30386,,,,
Parts Velocity,PV,7,Visual Conformance,S7-R5,requirement,S7-R5:** The leftmost cell in every row (header and body) has 2rem left padding; the rightmost cell has 2rem right padding.,COVERED-DIRECT,PV-VIS-02,C30386,,,,
Parts Velocity,PV,7,Visual Conformance,S7-R6,requirement,"S7-R6:** The report supports dark mode; page background, toolbar, and cells use their dark-mode equivalents. The grey â“˜ info icon uses a token that meets at least a 3:1 contrast ratio against the cell background in both light and dark mode.",COVERED-DIRECT,PV-VIS-03,C30387,,,,
Parts Velocity,PV,7,Visual Conformance,S7-R7,requirement,"S7-R7:** These rules are the normative visual spec for this report as built. If the application's report styling evolves after this spec is locked, this report's visual treatment should be updated in a new spec round; this spec is the source of truth for this report.",NOT-TESTABLE,,,,PV-VIS-01(0.533),NOT-TESTABLE,"A meta-statement about the spec, not about the product: 'These rules are the normative visual spec ... this spec is the source of truth for this report.' Nothing a tester can observe in the build. (SBR's twin S18-R7.6 is anchored on SBR-VIS-01 C30305 and reads the same way - noted for consistency.)"
Parts Velocity,PV,7,Visual Conformance,S7-R8,requirement,"S7-R8:** When shown (S2-R12 / S3-R10), the per-row **Location** column renders as the **leftmost** column, before Type, using the suite's standard column treatment so its placement matches the same column on the other reports in the suite. The Location filter control (S2-R9) keeps a **constant width** regardless of the selected label (a single location name, several, or ""All Locations""), so the toolbar layout does not shift when the selection changes. * * *",COVERED-DIRECT,PV-FILT-14,C38914,,,,
Technician Utilization,TU,1,Report Access and Display,S1-R1,requirement,"S1-R1:** The report appears in the reports navigation under the **Performance** group, labeled ""Technician Utilization"".",COVERED-DIRECT,TU-NAV-01,C30392,,,,
Technician Utilization,TU,1,Report Access and Display,S1-R2,requirement,"S1-R2:** When the user opens the report, it shows one row for each technician who has clocked time in the selected date range at the selected location(s).",COVERED-DIRECT,TU-NAV-02,C30393,,,,
Technician Utilization,TU,1,Report Access and Display,S1-R3,requirement,"S1-R3:** On the user's first visit (no saved settings — §3), the report defaults to the **current calendar month** (the date picker's ""This Month"" preset) and the user's currently active location. Because a range never extends past ""now,"" the current-month default effectively shows the month to date.",COVERED-DIRECT,TU-NAV-03,C30394,,,,
Technician Utilization,TU,1,Report Access and Display,S1-R4,requirement,"S1-R4:** The user can change the date range with the report's date-range picker (Story 9 covers the location filter). A Custom range is capped at a 366-day maximum span (start–end), matching the largest preset.",COVERED-DIRECT,TU-NAV-04,C30395,,,,
Technician Utilization,TU,1,Report Access and Display,S1-R5,requirement,"S1-R5:** When the user changes the date range or the location selection, the report reloads its rows for the new range/location(s) (see S1-R10 for the loading state).",COVERED-DIRECT,TU-API-02; TU-NAV-04,C30450; C30395,,,,
Technician Utilization,TU,1,Report Access and Display,S1-R6,requirement,"S1-R6:** The report shows data for the location(s) currently selected in the location filter (Story 9), defaulting to the user's active location.",COVERED-TEXT,TU-NAV-03,C30394,,,COVERED-TEXT,TU-NAV-03 (C30394) expected 3: 'The location filter defaults to the user's currently active location.' Scoping itself is TU-LOC-02 (C30443).
Technician Utilization,TU,1,Report Access and Display,S1-R7,requirement,"S1-R7:** Every clock record is day-grouped and windowed in a **single report-level time zone — the active workplace's** — regardless of the location where each record was clocked (a record's day, the current-month default boundary, and the midnight split of a record are all evaluated in that one report-level time zone). This matches the Timesheet Activities report's single-time-zone grouping (S1-R9).",COVERED-DIRECT,TU-NAV-06,C30397,,,,
Technician Utilization,TU,1,Report Access and Display,S1-R8,requirement,"S1-R8:** On later visits, the report opens with the date range, location selection, and column selection the user last used, and the technicians the user previously **deselected** stay deselected (all others, including technicians who appear for the first time, are selected — S5-R9/R10). The report restores its own saved location selection independent of the application's current global location switcher; the switcher's active location seeds the selection on a first visit (S9-R2) and serves as the defensive fallback on return when the saved location set resolves to empty (S9-R6, S9-R7).",COVERED-DIRECT,TU-LOC-03; TU-TECH-04,C30444; C30426,,,,
Technician Utilization,TU,1,Report Access and Display,S1-R9,requirement,"S1-R9: Reconciliation guarantee (scope).** For the **same date range and the same single location** , and counting **closed** clock records, this report's Total Hours for a technician equals the Timesheet Activities report's total for that technician to the cent. Two deliberate scope differences are **not** defects: (a) an **open** (not-yet-clocked-out) record is snapshotted at each report's own load instant, so two reports loaded at different moments can differ by the elapsed open time (S1-E1); (b) when **multiple** locations are selected here, the Total Hours drill-through opens Timesheet Ac",COVERED-DIRECT,TU-LINK-03; TU-LINK-04; TU-LINK-05,C30430; C30431; C30432,,,,
Technician Utilization,TU,1,Report Access and Display,S1-R10,requirement,"S1-R10: Loading state.** On the initial load and on every reload (date-range or location change), the data area shows the standard reports loading indicator; existing rows are replaced only when the new data returns. The toolbar remains interactive. _* Context note: ""current month"" (S1-R3), the day grouping (Story 4), and the open-clock cutoff (S1-E1) are all measured in the active workplace's report-level time zone (S1-R7), not UTC._ **Negative Cases:**",COVERED-DIRECT,TU-NAV-05,C30396,,,,
Technician Utilization,TU,1,Report Access and Display,S1-N1,negative,"S1-N1:** If the user does not have the required permission, the report does not appear in the navigation.",COVERED-DIRECT,TU-NAV-07,C30398,,,,
Technician Utilization,TU,1,Report Access and Display,S1-N2,negative,"S1-N2:** If no technician has clocked time in the selected date range at the selected location(s), the report shows the no-data message (§7) instead of rows. **Edge Cases:**",COVERED-DIRECT,TU-NAV-08,C30399,,,,
Technician Utilization,TU,1,Report Access and Display,S1-E1,edge,"S1-E1:** If a technician is still clocked in when the report loads, that open time is counted up to the moment the report loads — a fixed snapshot taken at load, not a value that keeps ticking on screen. This matches how the Timesheet Activities report treats an open record. (See S1-R9(a) for the reconciliation consequence.) _* Context note: clocked time is measured only within the selected date range — a record that starts before the range or ends after it counts only the part inside the range. A record that crosses midnight is split by day (in the active workplace's report-level time zone), ",COVERED-DIRECT,TU-LINK-04,C30431,,,,
Technician Utilization,TU,2,Columns and Calculations,S2-R1,requirement,"S2-R1:** The column headers appear in this fixed left-to-right order: Technician, Total Hours, WO Hours, Internal Hours, Utilization %, Est. Lost Labor. When shown (more than one location in scope — S9-R9), the per-row **Location** column precedes them all as the leftmost column. Showing or hiding columns via the column selector (Story 10) never reorders the remaining columns.",COVERED-DIRECT,TU-HRS-02,C30401,,,,
Technician Utilization,TU,2,Columns and Calculations,S2-R2,requirement,S2-R2:** Total Hours shows the technician's total clocked hours for the range.,COVERED-DIRECT,TU-HRS-02,C30401,,,,
Technician Utilization,TU,2,Columns and Calculations,S2-R3,requirement,S2-R3:** WO Hours shows the technician's work-order hours for the range.,COVERED-DIRECT,TU-HRS-02,C30401,,,,
Technician Utilization,TU,2,Columns and Calculations,S2-R4,requirement,"S2-R4:** Internal Hours shows the technician's internal hours for the range (all of them, including hours at a location with no configured rate — see S2-E3).",COVERED-DIRECT,TU-ELL-04; TU-HRS-02,C30407; C30401,,,,
Technician Utilization,TU,2,Columns and Calculations,S2-R5,requirement,"S2-R5:** Hours values show two decimal places, with no thousands separator (for example, ""107.70""), rounded from the unrounded hours using round-half-up (§3).",COVERED-DIRECT,TU-HRS-02,C30401,,,,
Technician Utilization,TU,2,Columns and Calculations,S2-R6,requirement,"S2-R6:** Utilization % shows work-order hours as a percentage of total clocked hours, computed from the unrounded hours.",COVERED-DIRECT,TU-HRS-03,C30402,,,,
Technician Utilization,TU,2,Columns and Calculations,S2-R7,requirement,"S2-R7:** Utilization % shows one decimal place followed by a percent sign, rounded round-half-up (e.g., 66.65% → 66.7%). When total clocked hours are 0 (which cannot occur for a rendered row — S1-R2 admits only technicians with clocked time), Utilization % would be undefined and renders ""—""; in practice this state is unreachable on a technician or day row.",COVERED-DIRECT,TU-HRS-03; TU-HRS-04,C30402; C30403,,,,
Technician Utilization,TU,2,Columns and Calculations,S2-R8,requirement,"S2-R8:** Est. Lost Labor is the technician's internal hours valued at the default labor rate of the location(s) where they were clocked: for each contributing location, (that location's default labor rate × the technician's internal hours at that location); the per-location products are summed at full precision and the technician's total is rounded once (round-half-up). In a single-location view this is simply the one location's rate × the technician's internal hours.",COVERED-DIRECT,TU-DAY-03; TU-ELL-01,C30420; C30404,,,,
Technician Utilization,TU,2,Columns and Calculations,S2-R9,requirement,"S2-R9:** Est. Lost Labor shows a dollar value with two decimal places and commas between thousands (for example, ""$1,234.50"").",COVERED-DIRECT,TU-ELL-01,C30404,,,,
Technician Utilization,TU,2,Columns and Calculations,S2-R10,requirement,"S2-R10:** When shown, the Est. Lost Labor column is pinned to the far right of the row.",COVERED-DIRECT,TU-ELL-02,C30405,,,,
Technician Utilization,TU,2,Columns and Calculations,S2-R11,requirement,"S2-R11:** When shown, the Est. Lost Labor column is displayed in bold.",COVERED-DIRECT,TU-ELL-02,C30405,,,,
Technician Utilization,TU,2,Columns and Calculations,S2-R12,requirement,"S2-R12:** When the report first loads (and after any data reload — S2-R15), the technician rows are sorted by Technician name, from A to Z, and the Technician header shows the ascending sort indicator (S8-R8).",COVERED-DIRECT,TU-SORT-01,C30409,,,,
Technician Utilization,TU,2,Columns and Calculations,S2-R13,requirement,"S2-R13:** All six columns (Technician, Total Hours, WO Hours, Internal Hours, Utilization %, Est. Lost Labor) are sortable by clicking the column header. Clicking a column that is not the active sort sorts it ascending; clicking the active sort column again toggles it to descending. There is no third ""cleared"" state — clicking only ever toggles ascending↔descending. Because Technician-ascending is the active sort on load (S2-R12), the first click on the Technician header sorts it descending (Z→A). Sorting is applied on screen to the loaded rows (no reload).",COVERED-DIRECT,TU-API-02; TU-SORT-02,C30450; C30410,,,,
Technician Utilization,TU,2,Columns and Calculations,S2-R14,requirement,"S2-R14:** When two technicians have the same value in the sorted column, they are ordered by Technician name, A to Z; if two technicians share the same display name, they retain a stable order (their order does not change between renders of the same result set).",COVERED-DIRECT,TU-SORT-02,C30410,,,,
Technician Utilization,TU,2,Columns and Calculations,S2-R15,requirement,"S2-R15:** When the report reloads (a date-range or location change), the sort returns to Technician name, A to Z. Sort is not persisted across visits (§3).",COVERED-DIRECT,TU-SORT-03,C30411,,,,
Technician Utilization,TU,2,Columns and Calculations,S2-R16,requirement,"S2-R16:** Sorting reorders the technician rows only; the Summary row stays at the bottom, and each technician's expanded day rows stay under that technician in date order.",COVERED-DIRECT,TU-SORT-04,C30412,,,,
Technician Utilization,TU,2,Columns and Calculations,S2-R17,requirement,"S2-R17:** When sorting by Est. Lost Labor, rows whose value is ""—"" (no rate configured at any contributing location — S2-E3) sort to the **bottom in both ascending and descending order** , ordered among themselves by Technician name A→Z; they are never floated to the top by reversing direction. (A ""$0.00"" value is a number, not ""—"", and sorts as zero.) **Edge Cases:**",COVERED-DIRECT,TU-SORT-05,C30413,,,,
Technician Utilization,TU,2,Columns and Calculations,S2-E1,edge,"S2-E1:** If a technician has internal hours but zero work-order hours, Utilization % shows ""0.0%"".",COVERED-DIRECT,TU-HRS-04,C30403,,,,
Technician Utilization,TU,2,Columns and Calculations,S2-E2,edge,"S2-E2:** If a technician has zero internal hours, Est. Lost Labor shows ""$0.00"" — regardless of whether the location has a rate configured (there is nothing to value). Likewise, internal hours valued at a location whose configured rate is exactly $0.00 contribute $0.00 (a known rate), not ""—"".",COVERED-DIRECT,TU-ELL-03,C30406,,,,
Technician Utilization,TU,2,Columns and Calculations,S2-E3,edge,"S2-E3:** If a technician has internal hours but **none of the location(s) where those hours were clocked has a default labor rate configured** , Est. Lost Labor is unknown and shows ""—"" (an em-dash), not ""$0.00"".",COVERED-DIRECT,TU-ELL-04,C30407,,,,
Technician Utilization,TU,2,Columns and Calculations,S2-E4,edge,"S2-E4: Partial valuation.** If a technician's internal hours span both rated and unrated locations, Est. Lost Labor is the sum of the valued (rated-location) portions; the internal hours at unrated locations are excluded from the dollar amount. The amount is shown as a normal ""$X.XX"" with **no partial-value indicator in this version** — so on such a row Est. Lost Labor values fewer hours than the Internal Hours column shows. This is a known limitation; a partial-value indicator is a possible follow-up. _* Context note: ""$0.00"" (S2-E2) means ""the rate is known and there is nothing to value""; ""—",COVERED-DIRECT,TU-ELL-05,C30408,,,,
Technician Utilization,TU,3,Summary Totals Row,S3-R1,requirement,S3-R1:** A Summary row is pinned to the bottom of the report.,COVERED-DIRECT,TU-SUM-01,C30414,,,,
Technician Utilization,TU,3,Summary Totals Row,S3-R2,requirement,"S3-R2:** The Summary row is labeled ""Summary"".",COVERED-DIRECT,TU-SUM-01,C30414,,,,
Technician Utilization,TU,3,Summary Totals Row,S3-R3,requirement,"S3-R3:** The Summary Total Hours, WO Hours, and Internal Hours each show the total of that column across the visible technicians, computed from unrounded hours and rounded once for display.",COVERED-DIRECT,TU-SUM-02,C30415,,,,
Technician Utilization,TU,3,Summary Totals Row,S3-R4,requirement,"S3-R4:** The Summary Utilization % shows the visible technicians' total work-order hours as a percentage of their total clocked hours (a weighted rate — summed WO hours ÷ summed clocked hours, from unrounded hours — not the average of the per-technician percentages).",COVERED-DIRECT,TU-SUM-03,C30416,,,,
Technician Utilization,TU,3,Summary Totals Row,S3-R5,requirement,"S3-R5:** The Summary Est. Lost Labor is computed the same way as a row (S2-R8) but over all visible technicians' internal hours: the sum, across the visible technicians and their contributing rated locations, of (that location's default labor rate × internal hours there), summed at full precision and rounded once. A visible technician whose Est. Lost Labor is ""—"" (no rate anywhere) contributes nothing to the sum; the Summary therefore understates true lost labor whenever any visible technician is ""—"" or partially valued (S2-E4). The Summary shows ""—"" only when **every** visible technician's Es",COVERED-DIRECT,TU-SUM-04,C30417,,,,
Technician Utilization,TU,3,Summary Totals Row,S3-R6,requirement,S3-R6:** The Summary row uses the same number formats as the technician rows.,COVERED-DIRECT,TU-SUM-01,C30414,,,,
Technician Utilization,TU,3,Summary Totals Row,S3-R7,requirement,"S3-R7:** The Summary row shows its values without any label prefix such as ""TOTAL:"" or ""AVG:"". **Negative Cases:**",COVERED-DIRECT,TU-SUM-01,C30414,,,,
Technician Utilization,TU,3,Summary Totals Row,S3-N1,negative,"S3-N1:** If no technician rows are visible, the Summary row is not shown.",COVERED-DIRECT,TU-NAV-08,C30399,,,,
Technician Utilization,TU,4,Per-Day Breakdown,S4-R1,requirement,"S4-R1:** Each technician row has a control to expand and collapse it. The control carries an accessible name reflecting its next action, scoped to that technician (""Expand 's daily breakdown"" when the row is collapsed, ""Collapse 's daily breakdown"" when it is expanded).",COVERED-DIRECT,TU-DAY-01,C30418,,,,
Technician Utilization,TU,4,Per-Day Breakdown,S4-R2,requirement,"S4-R2:** When a row is expanded, the report shows one row for each day the technician clocked time in the range, in date order from earliest to latest. The day rows **load on expand** — they are fetched on demand when the technician row is expanded, not shipped with the initial report payload; because expansion state resets (all collapsed) on any data reload (S4-R5), nothing is lost. When several locations are selected, a day's row pools that day's hours across the selected locations (one day row per date, not one per location), matching the pooling of the technician row (S9-R4).",COVERED-DIRECT,TU-API-01; TU-DAY-02,C30449; C30419,,,,
Technician Utilization,TU,4,Per-Day Breakdown,S4-R3,requirement,"S4-R3:** Each day row shows the same columns, in the same formats, as the technician row, with that day's values (including a per-day Est. Lost Labor valued per location per S2-R8).",COVERED-DIRECT,TU-DAY-03,C30420,,,,
Technician Utilization,TU,4,Per-Day Breakdown,S4-R4,requirement,"S4-R4:** The report has a single control that expands or collapses all technician rows at once; if any row is collapsed it expands all rows, and only when every row is already expanded does it collapse all rows. The control lives in the table's header row (in the Technician column) — not in the toolbar action cluster (S8-R3) — and carries an accessible name reflecting its next action (""Expand all technicians"" when it will expand, ""Collapse all technicians"" when every row is already expanded).",COVERED-DIRECT,TU-DAY-04,C30421,,,,
Technician Utilization,TU,4,Per-Day Breakdown,S4-R5,requirement,S4-R5:** Expansion state is view-only and is not persisted: it resets (all collapsed) on any data reload (date-range or location change) and on a fresh visit. Deselecting and re-selecting a technician in the technician filter (an on-screen operation) does not change the expansion state of the other rows. **Negative Cases:**,COVERED-DIRECT,TU-API-01; TU-DAY-05,C30449; C30422,,,,
Technician Utilization,TU,4,Per-Day Breakdown,S4-N1,negative,"S4-N1:** If a technician has no clocked time on a given day in the range, that day has no row.",COVERED-DIRECT,TU-DAY-02,C30419,,,,
Technician Utilization,TU,5,Technician Filter,S5-R1,requirement,"S5-R1:** The toolbar has a filter labeled ""Filter by Technician"" where the user can select more than one technician.",COVERED-DIRECT,TU-TECH-01,C30423,,,,
Technician Utilization,TU,5,Technician Filter,S5-R2,requirement,"S5-R2:** On the user's first visit, every technician is selected.",COVERED-DIRECT,TU-TECH-01,C30423,,,,
Technician Utilization,TU,5,Technician Filter,S5-R3,requirement,"S5-R3:** When the user deselects a technician, that technician's row is hidden.",COVERED-DIRECT,TU-TECH-02,C30424,,,,
Technician Utilization,TU,5,Technician Filter,S5-R4,requirement,"S5-R4:** When a technician's row is hidden, the Summary row recalculates over the technicians that remain visible.",COVERED-DIRECT,TU-TECH-02,C30424,,,,
Technician Utilization,TU,5,Technician Filter,S5-R5,requirement,"S5-R5:** When the user re-selects a technician, that technician's row is shown again.",COVERED-DIRECT,TU-TECH-02,C30424,,,,
Technician Utilization,TU,5,Technician Filter,S5-R6,requirement,"S5-R6:** The filter has a control labeled ""Select all"" to select all technicians at once.",COVERED-DIRECT,TU-TECH-03,C30425,,,,
Technician Utilization,TU,5,Technician Filter,S5-R7,requirement,"S5-R7:** The filter has a control labeled ""Clear all"" to clear all technicians at once. Clearing all sets every currently-listed technician to deselected.",COVERED-DIRECT,TU-TECH-03,C30425,,,,
Technician Utilization,TU,5,Technician Filter,S5-R8,requirement,S5-R8:** Changing the date range or location keeps the user's deselected technicians deselected.,COVERED-DIRECT,TU-TECH-03,C30425,,,,
Technician Utilization,TU,5,Technician Filter,S5-R9,requirement,"S5-R9:** Selection is tracked as the set of **deselected** technicians: a technician the user has not deselected is selected by default, including a technician who first appears after the user changes the date range or location. (Consequently, after ""Clear all,"" a technician who newly appears in a later range/location is selected, because they were never explicitly deselected.)",COVERED-DIRECT,TU-TECH-03,C30425,,,,
Technician Utilization,TU,5,Technician Filter,S5-R10,requirement,"S5-R10:** When the user returns to the report, the technicians they previously deselected are still deselected (the deselected set is what persists — §3, S1-R8). **Negative Cases:**",COVERED-DIRECT,TU-TECH-04,C30426,,,,
Technician Utilization,TU,5,Technician Filter,S5-N1,negative,"S5-N1:** If the user clears all technicians (all currently-listed technicians deselected), the report shows the no-data message (§7) and hides the Summary row. **Edge Cases:**",COVERED-DIRECT,TU-NAV-08,C30399,,,,
Technician Utilization,TU,5,Technician Filter,S5-E1,edge,"S5-E1:** When every technician is selected, the Summary row equals the shop totals for the full date range at the selected location(s). _* Context note: the technician filter changes only what is shown on screen; it does not change the date range or reload the report. (The location filter does reload — Story 9.)_",COVERED-DIRECT,TU-SUM-02,C30415,,,,
Technician Utilization,TU,6,Total Hours Links to Timesheet Activities,S6-R1,requirement,"S6-R1:** In a technician row, the Total Hours value is rendered as a link (every rendered technician row has clocked time > 0 per S1-R2, so the link always applies). The link is distinguished by more than color — it carries an underline (or equivalent non-color affordance), is keyboard-focusable with a visible focus indicator, and activates on Enter.",COVERED-DIRECT,TU-LINK-01,C30428,,,,
Technician Utilization,TU,6,Total Hours Links to Timesheet Activities,S6-R2,requirement,"S6-R2:** When the user selects a technician's Total Hours link, the Timesheet Activities report opens in the same browser tab.",COVERED-DIRECT,TU-LINK-02,C30429,,,,
Technician Utilization,TU,6,Total Hours Links to Timesheet Activities,S6-R3,requirement,S6-R3:** The opened Timesheet Activities report is already filtered to that technician.,COVERED-DIRECT,TU-LINK-02,C30429,,,,
Technician Utilization,TU,6,Total Hours Links to Timesheet Activities,S6-R4,requirement,S6-R4:** The opened Timesheet Activities report uses the same date range that was active on this report.,COVERED-DIRECT,TU-LINK-02,C30429,,,,
Technician Utilization,TU,6,Total Hours Links to Timesheet Activities,S6-R5,requirement,"S6-R5:** In an expanded day row, the Total Hours value links to the Timesheet Activities report for that technician on that single day.",COVERED-DIRECT,TU-LINK-06,C30433,,,,
Technician Utilization,TU,6,Total Hours Links to Timesheet Activities,S6-R6,requirement,"S6-R6:** The link passes the technician and the date range only; it does **not** pass the location selection. Timesheet Activities opens for the user's currently active shop. Therefore: with a single selected location matching the active shop, the opened total reconciles to the cent (S1-R9); when multiple locations are selected, or when the single selected location is **not** the active shop, the opened Timesheet Activities view shows the active shop's data, which will differ from (or be disjoint with) the report row's value. This is a known drill-through limitation, not a data defect. **Negat",COVERED-DIRECT,TU-LINK-05,C30432,,,,
Technician Utilization,TU,6,Total Hours Links to Timesheet Activities,S6-N1,negative,S6-N1:** The Summary row's Total Hours value is not a link.,COVERED-DIRECT,TU-LINK-01,C30428,,,,
Technician Utilization,TU,7,Export to PDF and CSV,S7-R1,requirement,"S7-R1:** The toolbar has a menu, opened from a three-dot button, that holds the download options.",COVERED-DIRECT,TU-EXP-01,C30434,,,,
Technician Utilization,TU,7,Export to PDF and CSV,S7-R2,requirement,"S7-R2:** The menu has an option labeled ""Download Summary (PDF)"".",COVERED-DIRECT,TU-EXP-01,C30434,,,,
Technician Utilization,TU,7,Export to PDF and CSV,S7-R3,requirement,"S7-R3:** The menu has an option labeled ""Download Expanded View (PDF)"".",COVERED-DIRECT,TU-EXP-01,C30434,,,,
Technician Utilization,TU,7,Export to PDF and CSV,S7-R4,requirement,"S7-R4:** The menu has an option labeled ""Download (CSV)"".",COVERED-DIRECT,TU-EXP-01,C30434,,,,
Technician Utilization,TU,7,Export to PDF and CSV,S7-R5,requirement,S7-R5:** The Summary PDF shows the technician rows and the Summary row.,COVERED-DIRECT,TU-EXP-02,C30435,,,,
Technician Utilization,TU,7,Export to PDF and CSV,S7-R6,requirement,"S7-R6:** The Expanded PDF shows the technician rows, each technician's per-day breakdown, and the Summary row.",COVERED-DIRECT,TU-EXP-02,C30435,,,,
Technician Utilization,TU,7,Export to PDF and CSV,S7-R7,requirement,S7-R7:** The CSV file shows the technician rows and the Summary row. The CSV is always this summary-level content; it does not vary by the summary/expanded choice.,COVERED-DIRECT,TU-EXP-03,C30436,,,,
Technician Utilization,TU,7,Export to PDF and CSV,S7-R8,requirement,"S7-R8:** Every download includes only the technicians that are currently selected in the technician filter, and covers the location(s) currently selected in the location filter.",COVERED-DIRECT,TU-EXP-04,C30437,,,,
Technician Utilization,TU,7,Export to PDF and CSV,S7-R9,requirement,S7-R9:** Every download covers the date range that is currently active on the report.,COVERED-DIRECT,TU-EXP-04,C30437,,,,
Technician Utilization,TU,7,Export to PDF and CSV,S7-R10,requirement,"S7-R10:** The downloaded files include the same columns that are currently shown on screen — mirroring the column-selector visibility (Story 10) and including the per-row Location column whenever it is shown (S9-R9) — in the same left-to-right column order and number formats as the on-screen report, including the ""—"" rendering for an unknown Est. Lost Labor. In the CSV, any value containing a comma (e.g., ""$1,234.50"") is wrapped in double quotes per standard CSV escaping so the columns parse correctly.",COVERED-DIRECT,TU-EXP-03; TU-EXP-04; TU-EXP-05,C30436; C30437; C30438,,,,
Technician Utilization,TU,7,Export to PDF and CSV,S7-R10a,requirement,S7-R10a:** Rows in every download are ordered by **Technician name A →Z** (the default order). The on-screen column sort (S2-R13) is applied client-side only and is **not** carried into the export.,COVERED-DIRECT,TU-EXP-05,C30438,,,,
Technician Utilization,TU,7,Export to PDF and CSV,S7-R11,requirement,"S7-R11:** Both PDF views show a logo at the top of the report, resolved by the shared organization-logo resolver: the organization's uploaded logo when it has one, otherwise the bundled ShopView default logo. (Only if even the bundled default is unavailable does a PDF render with no logo.)",COVERED-DIRECT,TU-EXP-06,C30439,,,,
Technician Utilization,TU,7,Export to PDF and CSV,S7-R12,requirement,"S7-R12:** The downloaded files are named ""Technician-Utilization-Summary.pdf"", ""Technician-Utilization-Expanded.pdf"", and ""technician-utilization.csv"". _(The CSV filename is lower-case and the PDF filenames Title-Case, as shipped; the ""(PDF)"" menu labels likewise carry ""View"" on the expanded option only, matching the shipped strings.)_",COVERED-DIRECT,TU-EXP-02; TU-EXP-03,C30435; C30436,,,,
Technician Utilization,TU,7,Export to PDF and CSV,S7-R13,requirement,"S7-R13:** Every download (both PDF views and the CSV) includes the per-row **Location** column whenever it is shown on screen (more than one location in scope — S9-R9), in its on-screen leftmost position. Every download also includes a ""Locations:"" line naming the location or locations the report is scoped to, or ""All locations"" when every location the user has access to is selected. In a PDF it appears in the header area; in the CSV it appears as a leading metadata line above the column-header row. **Negative Cases:**",GAP-CLOSED,TU-LOC-06,C38915,,,GAP,"EXTEND TU-LOC-06 (C38915) - TU-EXP-04 (C30437) expected 4 covers the 'Locations:' line in all three downloads. Uncovered: the per-row Location column in both PDF views and the CSV, in its on-screen leftmost position."
Technician Utilization,TU,7,Export to PDF and CSV,S7-N1,negative,"S7-N1:** If no technician is selected, choosing a download option does nothing: no file downloads and no message appears.",COVERED-DIRECT,TU-EXP-07,C30440,,,,
Technician Utilization,TU,7,Export to PDF and CSV,S7-N2,negative,"S7-N2:** If the organization has no uploaded logo, the PDF views show the bundled ShopView default logo (not a blank space).",COVERED-DIRECT,TU-EXP-06,C30439,,,,
Technician Utilization,TU,7,Export to PDF and CSV,S7-N3,negative,S7-N3:** The CSV file never includes the logo. **Edge Cases:**,COVERED-DIRECT,TU-EXP-06,C30439,,,,
Technician Utilization,TU,7,Export to PDF and CSV,S7-E1,edge,"S7-E1:** When every technician is selected, the download covers all technicians for the range at the selected location(s). **Error Handling:** * When a download starts, the user sees a success notification: ""Download started"". * If a download fails, the user sees an error notification: ""Failed to download report"".",COVERED-DIRECT,TU-EXP-04,C30437,,,,
Technician Utilization,TU,8,Visual Conformance and Accessibility,S8-R1,requirement,"S8-R1:** The report uses an all-white table: white column headers and white data cells, with no alternating row shading.",COVERED-DIRECT,TU-VIS-01,C30447,,,,
Technician Utilization,TU,8,Visual Conformance and Accessibility,S8-R2,requirement,"S8-R2:** The three-dot download menu sits leftmost in the toolbar's action cluster, followed by the Column Selection control.",COVERED-DIRECT,TU-EXP-01; TU-VIS-01,C30434; C30447,,,,
Technician Utilization,TU,8,Visual Conformance and Accessibility,S8-R3,requirement,"S8-R3:** The toolbar controls run, left to right: the three-dot download menu, the Column Selection control, the date-range picker, the technician filter, and the location filter (rightmost). (The expand/collapse-all control is not a toolbar control — it lives in the table header per S4-R4.)",COVERED-DIRECT,TU-DAY-04; TU-VIS-01,C30421; C30447,,,,
Technician Utilization,TU,8,Visual Conformance and Accessibility,S8-R4,requirement,"S8-R4:** When shown, the Est. Lost Labor column header is bold and pinned to the far right, matching its cells.",COVERED-DIRECT,TU-ELL-02,C30405,,,,
Technician Utilization,TU,8,Visual Conformance and Accessibility,S8-R5,requirement,S8-R5:** The Summary row stays visible at the bottom while the user scrolls the rows.,COVERED-DIRECT,TU-SUM-01,C30414,,,,
Technician Utilization,TU,8,Visual Conformance and Accessibility,S8-R6,requirement,"S8-R6:** When shown, the Est. Lost Labor column header shows an information icon.",COVERED-DIRECT,TU-ELL-02,C30405,,,,
Technician Utilization,TU,8,Visual Conformance and Accessibility,S8-R7,requirement,"S8-R7:** The information icon shows the text ""Internal hours valued at each location's default labor rate"" on hover, on keyboard focus, and on tap (touch); it is dismissible. _(This wording covers the per-location model of S2-R8; in a single-location view it is simply that location's rate × internal hours.)_",COVERED-DIRECT,TU-ELL-02,C30405,,,,
Technician Utilization,TU,8,Visual Conformance and Accessibility,S8-R8,requirement,S8-R8:** Each sortable column header shows a sort-direction indicator on the active sort column (ascending or descending); the Technician header shows the ascending indicator on load (S2-R12).,COVERED-DIRECT,TU-SORT-01,C30409,,,,
Technician Utilization,TU,8,Visual Conformance and Accessibility,S8-R9,requirement,"S8-R9:** The report supports dark mode; the page background, toolbar, cells, the Total Hours link, the information icon, the sort indicator, and the ""—"" glyph all use dark-mode-legible colors meeting contrast.",COVERED-DIRECT,TU-VIS-02,C30448,,,,
Technician Utilization,TU,8,Visual Conformance and Accessibility,S8-R15,requirement,"S8-R15:** When shown (more than one location in scope — S9-R9), the per-row **Location** column renders as the **leftmost** column, before Technician, using the suite's standard column treatment so its placement matches the same column on the other reports in the suite. The Location filter control (S9-R1) keeps a **constant width** regardless of the selected label (a single location name, several, or ""All Locations""), so the toolbar layout does not shift when the selection changes. **Requirements — accessibility:**",COVERED-DIRECT,TU-LOC-06,C38915,,,,
Technician Utilization,TU,8,Visual Conformance and Accessibility,S8-R10,requirement,"S8-R10:** The active sort column header exposes its sort state to assistive technology (`aria-sort` = ascending/descending on the active header, none on the others).",COVERED-DIRECT,TU-SORT-01,C30409,,,,
Technician Utilization,TU,8,Visual Conformance and Accessibility,S8-R11,requirement,"S8-R11:** An Est. Lost Labor cell showing ""—"" carries the assistive-technology label ""No default labor rate configured"" (distinguishing it from ""$0.00"", which reads as its dollar value).",COVERED-DIRECT,TU-ELL-04,C30407,,,,
Technician Utilization,TU,8,Visual Conformance and Accessibility,S8-R12,requirement,"S8-R12:** The expand/collapse controls (per-row S4-R1 and the all-rows control S4-R4) are keyboard-focusable, toggle on Enter/Space, expose their expanded/collapsed state to assistive technology, and carry the verbatim accessible names defined in S4-R1 (per-row) and S4-R4 (all-rows).",COVERED-DIRECT,TU-DAY-01; TU-DAY-04,C30418; C30421,,,,
Technician Utilization,TU,8,Visual Conformance and Accessibility,S8-R13,requirement,S8-R13:** The information icon (S8-R7) meets at least a 3:1 contrast ratio against its background in both light and dark mode.,COVERED-DIRECT,TU-VIS-02,C30448,,,,
Technician Utilization,TU,8,Visual Conformance and Accessibility,S8-R14,requirement,S8-R14:** The Total Hours link's non-color affordance and focus indicator (S6-R1) apply in both light and dark mode.,COVERED-DIRECT,TU-LINK-01; TU-VIS-02,C30428; C30448,,,,
Technician Utilization,TU,8,Visual Conformance and Accessibility,S8-R16,requirement,S8-R16:** The icon-only Column Selection control carries an accessible name exposed to assistive technology. **Negative Cases:**,GAP-CLOSED,TU-COL-01,C38859,,,GAP,"EXTEND TU-COL-01 (C38859) - TU-COL-01 (C38859) expected 1 checks the control's TOOLTIP ('Column Selection'), not the accessible name exposed to assistive technology. The suite does test accessible names elsewhere (TU-DAY-01 C30418, TU-DAY-04 C30421), so this is observable and genuinely untested."
Technician Utilization,TU,8,Visual Conformance and Accessibility,S8-N1,negative,S8-N1:** No column header other than Est. Lost Labor shows the information icon.,COVERED-DIRECT,TU-ELL-02,C30405,,,,
Technician Utilization,TU,9,Location Filter,S9-R1,requirement,"S9-R1:** The toolbar has a location filter labeled ""Location"" — a multi-select, and the **rightmost** control — listing the locations the signed-in user has access to plus an ""All Locations"" option. ""All Locations"" acts as a select-all shortcut: choosing it selects every accessible location; unchecking any individual location leaves the remaining specific locations selected (the selection is always the concrete set of checked locations).",COVERED-DIRECT,TU-LOC-01,C30442,,,,
Technician Utilization,TU,9,Location Filter,S9-R2,requirement,"S9-R2:** On a first visit (no saved selection — §3), it defaults to the user's **currently active location** (the location currently selected in the application's global location switcher).",COVERED-DIRECT,TU-LOC-03; TU-NAV-03,C30444; C30394,,,,
Technician Utilization,TU,9,Location Filter,S9-R3,requirement,"S9-R3:** Selecting one, several, or all locations **reloads** the report scoped to that set (unlike the technician filter, which is on-screen only).",COVERED-DIRECT,TU-API-02; TU-LOC-02,C30450; C30443,,,,
Technician Utilization,TU,9,Location Filter,S9-R4,requirement,"S9-R4:** All metrics (technician rows, per-day rows, and the Summary) reflect only clock records at the selected location(s); a technician's hours are pooled across the selected locations into one row (one row per technician, not one per location), and per-day rows pool the same way (S4-R2).",COVERED-DIRECT,TU-DAY-02; TU-LOC-02,C30419; C30443,,,,
Technician Utilization,TU,9,Location Filter,S9-R5,requirement,"S9-R5:** Scoping is always constrained to the user's accessible locations — ""All Locations"" means all locations the user can access, never beyond; a location the user cannot access is never included.",COVERED-DIRECT,TU-LOC-02,C30443,,,,
Technician Utilization,TU,9,Location Filter,S9-R6,requirement,"S9-R6:** On return, the saved location selection is restored **defensively** : any saved location the user can no longer access is dropped; if the remaining set is empty, the report falls back to the user's currently active location (S9-R2).",COVERED-DIRECT,TU-LOC-03,C30444,,,,
Technician Utilization,TU,9,Location Filter,S9-R7,requirement,"S9-R7:** If the user deselects every location (empties the filter), the report falls back to the user's currently active location rather than showing nothing.",COVERED-DIRECT,TU-LOC-04,C30445,,,,
Technician Utilization,TU,9,Location Filter,S9-R8,requirement,S9-R8:** Both PDF exports and the CSV export cover the location(s) currently selected here.,COVERED-DIRECT,TU-EXP-04,C30437,,,,
Technician Utilization,TU,9,Location Filter,S9-R9,requirement,"S9-R9:** When the selected scope spans **more than one location** , the report shows a per-row **Location** column; when the scope is a single location, the column is hidden (the scope is unambiguous). This auto-visibility applies on screen and in every export (S7-R13).",COVERED-DIRECT,TU-HRS-02; TU-LOC-06,C30401; C38915,,,,
Technician Utilization,TU,9,Location Filter,S9-R10,requirement,"S9-R10:** In the Location column (when shown, S9-R9): a technician row whose hours were all clocked at a single location shows that location's name; a technician row whose hours span more than one selected location shows the literal **Multiple** ; an expanded per-day detail row shows the exact location when that day's hours were all at one location, or **Multiple** when that day spans more than one. The Summary row leaves the Location column blank. **Negative Cases:**",COVERED-DIRECT,TU-LOC-06,C38915,,,,
Technician Utilization,TU,9,Location Filter,S9-N1,negative,S9-N1:** A user with access to only one location still sees the filter with a single selectable location; behavior is unchanged from single-location use.,COVERED-DIRECT,TU-LOC-05,C30446,,,,
Technician Utilization,TU,9,Location Filter,S9-N2,negative,"S9-N2:** If the selected location(s) produce no clocked time for the range, the report shows the no-data message (§7).",COVERED-DIRECT,TU-NAV-08,C30399,,,,
Technician Utilization,TU,10,Column Selection and Persistence,S10-R1,requirement,"S10-R1:** A column-selection control — an icon button whose tooltip reads ""Column Selection"" — lets the user toggle each toggleable column on or off. It sits in the toolbar action cluster immediately after the three-dot download menu (S8-R2/S8-R3).",COVERED-DIRECT,TU-COL-01,C38859,,,,
Technician Utilization,TU,10,Column Selection and Persistence,S10-R2,requirement,S10-R2:** The **Technician** column is always shown and cannot be turned off.,COVERED-DIRECT,TU-COL-01,C38859,,,,
Technician Utilization,TU,10,Column Selection and Persistence,S10-R3,requirement,"S10-R3:** Every other data column — Total Hours, WO Hours, Internal Hours, Utilization %, and Est. Lost Labor — is available in the control and can be toggled on or off. All five are shown by default on a first visit. (Est. Lost Labor was previously always-on; it is now a hideable column like the others.)",COVERED-DIRECT,TU-COL-01; TU-ELL-02,C38859; C30405,,,,
Technician Utilization,TU,10,Column Selection and Persistence,S10-R4,requirement,S10-R4:** The per-row Location column is not one of the toggleable columns: it is auto-managed by the location scope (shown only when more than one location is in scope — S9-R9) and is never listed in the column selector.,COVERED-DIRECT,TU-COL-01; TU-LOC-06,C38859; C38915,,,,
Technician Utilization,TU,10,Column Selection and Persistence,S10-R5,requirement,"S10-R5:** Whatever columns are shown, they appear in the fixed left-to-right order of S2-R1 (toggling visibility never reorders columns), with the Location column — when shown — leftmost (S8-R15) and Est. Lost Labor last.",COVERED-DIRECT,TU-COL-01,C38859,,,,
Technician Utilization,TU,10,Column Selection and Persistence,S10-R6,requirement,"S10-R6:** The report remembers the user's column selection in the browser, alongside the date range, technician selection, and location selection (§3, S1-R8), and restores it on the next visit. Restore is defensive: a saved selection that no longer resolves to valid columns falls back to the default-visible set rather than breaking the view. _* Context note: persistence is per-browser (not tied to the user's account); it persists across visits in the same browser but does not follow the user to another browser or device._",COVERED-DIRECT,TU-COL-01,C38859,,,,
Work In Progress,WIP,1,Report Access and Tabs,S1-R1,requirement,"S1-R1:** The report appears in the reports navigation under the **Performance** group, labeled ""Work In Progress"".",COVERED-DIRECT,WIP-TAB-01,C30451,,,,
Work In Progress,WIP,1,Report Access and Tabs,S1-R2,requirement,"S1-R2:** Opening the report shows four tabs, labeled (in order) ""Approved - partially completed"", ""Approved - not started"", ""Completed"", and ""Estimates"".",COVERED-DIRECT,WIP-TAB-02,C30452,,,,
Work In Progress,WIP,1,Report Access and Tabs,S1-R3,requirement,"S1-R3:** The ""Approved - partially completed"" tab is selected by default on load.",COVERED-DIRECT,WIP-TAB-02,C30452,,,,
Work In Progress,WIP,1,Report Access and Tabs,S1-R4,requirement,"S1-R4:** Each tab's label shows the count of work orders currently in that tab, in parentheses (for example, ""Completed (22)"").",COVERED-DIRECT,WIP-TAB-03,C30453,,,,
Work In Progress,WIP,1,Report Access and Tabs,S1-R5,requirement,"S1-R5:** The browser page title is ""Work In Progress - Report | ShopView"" (the separator is a plain hyphen with one space on each side). **Negative Cases:**",COVERED-TEXT,WIP-TAB-01,C30451,,,COVERED-TEXT,WIP-TAB-01 (C30451) expected 3 quotes the page title verbatim including the plain-hyphen separator. The retired WIP-TAB-04 was merged into it 2026-07-28; the anchor did not travel.
Work In Progress,WIP,1,Report Access and Tabs,S1-N1,negative,"S1-N1:** If the user does not have the required permission, the report does not appear in the navigation.",COVERED-DIRECT,WIP-PERM-02,C30527,,,,
Work In Progress,WIP,2,"Work-Order Scope, Loading, and Empty State",S2-R1,requirement,"S2-R1:** A work order appears only if ALL of the following hold: it is a service work order; its status is one of Estimate, Approved, In Progress, Review, or Complete; and it belongs to a selected location (Story 7).",COVERED-DIRECT,WIP-API-04; WIP-SCOPE-01,C30531; C30456,,,,
Work In Progress,WIP,2,"Work-Order Scope, Loading, and Empty State",S2-R2,requirement,"S2-R2:** Work orders whose status is Invoiced, Paid, or Declined never appear, in any tab, any Totals row, the summary strip, or any download.",COVERED-DIRECT,WIP-SCOPE-02,C30457,,,,
Work In Progress,WIP,2,"Work-Order Scope, Loading, and Empty State",S2-R3,requirement,S2-R3:** Part-sale work orders never appear.,COVERED-DIRECT,WIP-SCOPE-02,C30457,,,,
Work In Progress,WIP,2,"Work-Order Scope, Loading, and Empty State",S2-R4,requirement,"S2-R4:** Each qualifying work order appears exactly once, in exactly one tab (Story 3), including a work order with nothing approved yet (its earned and remaining both show ""$0.00"").",COVERED-DIRECT,WIP-CALC-09; WIP-SCOPE-03,C30482; C30458,,,,
Work In Progress,WIP,2,"Work-Order Scope, Loading, and Empty State",S2-R5,requirement,"S2-R5:** While the report is loading, the data area shows the standard reports loading indicator; existing rows are replaced only when the new data returns.",COVERED-DIRECT,WIP-SCOPE-04,C30459,,,,
Work In Progress,WIP,2,"Work-Order Scope, Loading, and Empty State",S2-R6,requirement,S2-R6:** The report reloads its rows when the user changes the date range or the location selection (Story 7). **Negative Cases:**,COVERED-DIRECT,WIP-SCOPE-04,C30459,,,,
Work In Progress,WIP,2,"Work-Order Scope, Loading, and Empty State",S2-N1,negative,"S2-N1:** If no work order qualifies for the current date range and location(s), each tab shows the standard reports no-data message (§7) in place of rows, and no Totals row.",COVERED-DIRECT,WIP-SCOPE-05,C30460,,,,
Work In Progress,WIP,2,"Work-Order Scope, Loading, and Empty State",S2-N2,negative,"S2-N2:** If a single tab has no work orders but others do, that tab shows the no-data message while the others show their rows; the tab label count is ""(0)"".",COVERED-DIRECT,WIP-SCOPE-05; WIP-TAB-03,C30460; C30453,,,,
Work In Progress,WIP,3,Tab Placement (Sectioning),S3-R1,requirement,S3-R1:** A work order whose status is Estimate is placed in the **Estimates** tab.,COVERED-DIRECT,WIP-PLACE-01,C30462,,,,
Work In Progress,WIP,3,Tab Placement (Sectioning),S3-R2,requirement,S3-R2:** A work order whose status is Complete is placed in the **Completed** tab.,COVERED-DIRECT,WIP-PLACE-01,C30462,,,,
Work In Progress,WIP,3,Tab Placement (Sectioning),S3-R3,requirement,S3-R3:** A work order whose status is In Progress or Review is placed in the **Approved - partially completed** tab.,COVERED-DIRECT,WIP-PLACE-01,C30462,,,,
Work In Progress,WIP,3,Tab Placement (Sectioning),S3-R4,requirement,"S3-R4:** A work order whose status is Approved is placed in the **Approved - partially completed** tab when any labor time has been clocked or any part has been received against it, and in the **Approved - not started** tab otherwise. _* Context note: ""work has started"" means a technician has clocked time to the job or a part has been received for it. An approved job with neither is treated as not started._",COVERED-DIRECT,WIP-PLACE-03,C30464,,,,
Work In Progress,WIP,4,Columns and Calculations,S4-R1,requirement,"S4-R1:** The columns, in left-to-right order, are: WO #, Status, Customer, Asset, VIN, Location, Advisor, Days Open, Last Activity, Labor Earned, Labor Remaining, Parts Earned, Parts Remaining, Earned, Remaining, Inv. Hrs, Total.",COVERED-DIRECT,WIP-COL-01; WIP-PERS-02,C30466; C30507,,,,
Work In Progress,WIP,4,Columns and Calculations,S4-R2,requirement,"S4-R2:** On first visit, the visible columns are: WO #, Status, Customer, Asset, Advisor, Days Open, Earned, Remaining, and Total.",COVERED-DIRECT,WIP-COL-02,C30467,,,,
Work In Progress,WIP,4,Columns and Calculations,S4-R3,requirement,"S4-R3:** Every other column (VIN, Last Activity, Labor Earned, Labor Remaining, Parts Earned, Parts Remaining, Inv. Hrs) is available in the column selector and off by default (Story 8). The **Location** column is not offered in the column selector; its visibility is automatic — shown only when more than one location is in scope (Story 7).",COVERED-DIRECT,WIP-COL-01; WIP-COL-02; WIP-FLT-09,C30466; C30467; C38916,,,,
Work In Progress,WIP,4,Columns and Calculations,S4-R4,requirement,"S4-R4:** WO #, Status, Customer, Asset, VIN, Location, and Advisor are left-aligned; every other column is right-aligned.",COVERED-DIRECT,WIP-COL-01,C30466,,,,
Work In Progress,WIP,4,Columns and Calculations,S4-R5,requirement,S4-R5:** WO # is shown as a link that opens the work order in the same browser tab; the user returns via the browser's back navigation.,COVERED-DIRECT,WIP-COL-03,C30468,,,,
Work In Progress,WIP,4,Columns and Calculations,S4-R6,requirement,"S4-R6:** Status is shown as a badge using the status's label (""Estimate"", ""Approved"", ""In Progress"", ""Review"", ""Complete""), color-coded per the application's standard status colors; the label text is always present, so color is never the sole signal.",COVERED-DIRECT,WIP-COL-04,C30469,,,,
Work In Progress,WIP,4,Columns and Calculations,S4-R7,requirement,"S4-R7:** The **Asset** column is a two-line cell: the unit number on the first line in bold, and the vehicle identification number on the second line in a smaller, muted style.",COVERED-DIRECT,WIP-COL-05,C30470,,,,
Work In Progress,WIP,4,Columns and Calculations,S4-R8,requirement,"S4-R8:** When a work order has no unit number, the Asset cell's first line shows ""(no unit #)""; when it has no vehicle identification number, the second line shows ""— no VIN —"".",COVERED-DIRECT,WIP-COL-05,C30470,,,,
Work In Progress,WIP,4,Columns and Calculations,S4-R9,requirement,S4-R9:** The Asset column sorts by unit number.,COVERED-DIRECT,WIP-SORT-03,C30485,,,,
Work In Progress,WIP,4,Columns and Calculations,S4-R10,requirement,"S4-R10:** The **VIN** column (off by default) shows the vehicle identification number on its own line as a separate, sortable column.",COVERED-DIRECT,WIP-COL-05,C30470,,,,
Work In Progress,WIP,4,Columns and Calculations,S4-R11,requirement,S4-R11:** Customer shows the customer's company name; it is blank when no customer name exists.,COVERED-DIRECT,WIP-COL-06,C30471,,,,
Work In Progress,WIP,4,Columns and Calculations,S4-R12,requirement,"S4-R12:** Days Open shows the whole number of days since the work order was created — elapsed time divided by 24 hours, floored, never negative — rendered as ""X days"". The value is not grammatically pluralized: a same-day work order shows ""0 days"" and a one-day-old work order shows ""1 days"".",COVERED-DIRECT,WIP-COL-07,C30472,,,,
Work In Progress,WIP,4,Columns and Calculations,S4-R13,requirement,"S4-R13:** Last Activity shows how recently the work order was last touched: ""Today"" when the most recent activity was today, otherwise ""Xd ago""; it shows ""—"" when the work order has no recorded activity.",COVERED-DIRECT,WIP-COL-08,C30473,,,,
Work In Progress,WIP,4,Columns and Calculations,S4-R14,requirement,"S4-R14:** Money columns (Labor Earned, Labor Remaining, Parts Earned, Parts Remaining, Earned, Remaining, Total) show US-dollar currency with a leading ""$"", two decimal places, and thousands separators; a negative value shows a leading minus before the ""$"" (for example ""$1,234.56"" and ""-$1,234.56""); a genuine zero shows ""$0.00"".",COVERED-DIRECT,WIP-CALC-01,C30474,,,,
Work In Progress,WIP,4,Columns and Calculations,S4-R15,requirement,"S4-R15:** **Labor Earned** is the value of approved labor already performed: for each approved line, the share of its quoted labor value covered by the time clocked to it (never more than the full quoted value), summed across the work order's approved lines.",COVERED-DIRECT,WIP-CALC-02; WIP-CALC-07; WIP-CALC-10,C30475; C30480; C38890,,,,
Work In Progress,WIP,4,Columns and Calculations,S4-R16,requirement,S4-R16:** **Labor Remaining** is the approved labor value not yet earned: the total quoted value of the approved labor minus Labor Earned.,COVERED-DIRECT,WIP-CALC-03,C30476,,,,
Work In Progress,WIP,4,Columns and Calculations,S4-R17,requirement,S4-R17:** **Parts Earned** is the sell value of approved-line parts already received.,COVERED-DIRECT,WIP-CALC-04,C30477,,,,
Work In Progress,WIP,4,Columns and Calculations,S4-R18,requirement,S4-R18:** **Parts Remaining** is the sell value of approved-line parts ordered but not yet received (the outstanding quantity valued at its sell price including any core charge).,COVERED-DIRECT,WIP-CALC-05,C30478,,,,
Work In Progress,WIP,4,Columns and Calculations,S4-R19,requirement,S4-R19:** **Earned** is Labor Earned plus Parts Earned.,COVERED-DIRECT,WIP-CALC-06,C30479,,,,
Work In Progress,WIP,4,Columns and Calculations,S4-R20,requirement,S4-R20:** **Remaining** is Labor Remaining plus Parts Remaining.,COVERED-DIRECT,WIP-CALC-06,C30479,,,,
Work In Progress,WIP,4,Columns and Calculations,S4-R21,requirement,"S4-R21:** **Total** is Earned plus Remaining. It is NOT the work order's stored grand total, and it is NOT the sum of any other displayed subtotal beyond Earned + Remaining.",COVERED-DIRECT,WIP-CALC-06,C30479,,,,
Work In Progress,WIP,4,Columns and Calculations,S4-R22,requirement,"S4-R22:** The **Total** column is pinned to the far right of the row, shown in bold, and stays fixed to the right edge while the user scrolls the row sideways.",COVERED-DIRECT,WIP-VIS-03,C30521,,,,
Work In Progress,WIP,4,Columns and Calculations,S4-R23,requirement,"S4-R23:** **Inv. Hrs** shows the quoted labor hours minus the worked (clocked) labor hours across the approved lines, as a signed number with one decimal place (""+2.0"", ""-14.0"", ""0.0""). A zero value shows unsigned as ""0.0"" (never ""+0.0"" or blank).",COVERED-DIRECT,WIP-CALC-08,C30481,,,,
Work In Progress,WIP,4,Columns and Calculations,S4-R24,requirement,"S4-R24:** On screen, Inv. Hrs is colored: green when positive, red when negative, and the default text color at exactly 0.0.",COVERED-DIRECT,WIP-CALC-08,C30481,,,,
Work In Progress,WIP,4,Columns and Calculations,S4-R25,requirement,"S4-R25:** The initial sort is Days Open, longest-open first (descending).",COVERED-DIRECT,WIP-SORT-01,C30483,,,,
Work In Progress,WIP,4,Columns and Calculations,S4-R26,requirement,"S4-R26:** The user can re-sort by selecting any column header. The first click on a header sorts ascending; clicking the same header again toggles to descending; there is no third ""cleared"" state, and only one column sorts at a time.",COVERED-DIRECT,WIP-SORT-02,C30484,,,,
Work In Progress,WIP,4,Columns and Calculations,S4-R27,requirement,"S4-R27:** Money and numeric columns sort by their underlying value; Days Open by its day count; Status by its displayed label; WO #, Customer, Asset, VIN, Location, and Advisor as text.",COVERED-DIRECT,WIP-SORT-03,C30485,,,,
Work In Progress,WIP,4,Columns and Calculations,S4-R28,requirement,S4-R28:** Sorting reorders the rows within the active tab only; the Totals row stays at the bottom. **Edge Cases:**,COVERED-DIRECT,WIP-SORT-04,C30486,,,,
Work In Progress,WIP,4,Columns and Calculations,S4-E1,edge,"S4-E1:** In the Estimates tab, an open estimate with no approved work shows ""$0.00"" for every money column, including Total.",COVERED-DIRECT,WIP-API-06; WIP-CALC-09,C30533; C30482,,,,
Work In Progress,WIP,4,Columns and Calculations,S4-E2,edge,"S4-E2:** A row where the job has overrun its labor estimate shows a negative Inv. Hrs (for example ""-14.0"") in red; a job under its estimate shows a positive value in green. _* Context note: the WO # link opens in the same browser tab and the user returns via the browser's back navigation — the suite convention shared with Sales By Customer and Sales By Rep. (This report previously opened the work order in a new tab.)_ _* Context note: ""Days Open"" on screen is computed live and advances as time passes; in a downloaded file it is frozen at the moment the file was generated (Story 9), so a file ",COVERED-DIRECT,WIP-CALC-08,C30481,,,,
Work In Progress,WIP,5,Summary Strip,S5-R1,requirement,"S5-R1:** The summary strip shows seven figures, in this order: **Total Earned** , **Total Remaining** , **Not Started** , **Started — Earned**, **Started — Remaining**, **Ready to Invoice** , and **Estimates**.",COVERED-DIRECT,WIP-SUM-01,C30487,,,,
Work In Progress,WIP,5,Summary Strip,S5-R2,requirement,"S5-R2:** **Total Earned** is the report's hero figure, shown larger and with a colored underline. It equals Started — Earned plus Ready to Invoice.",COVERED-DIRECT,WIP-SUM-02,C30488,,,,
Work In Progress,WIP,5,Summary Strip,S5-R3,requirement,S5-R3:** **Total Remaining** equals Not Started plus Started — Remaining.,COVERED-DIRECT,WIP-SUM-03,C30489,,,,
Work In Progress,WIP,5,Summary Strip,S5-R4,requirement,"S5-R4:** **Not Started** is the total approved value (earned + remaining) of the jobs in the ""Approved - not started"" tab.",COVERED-DIRECT,WIP-SUM-04,C30490,,,,
Work In Progress,WIP,5,Summary Strip,S5-R5,requirement,"S5-R5:** **Started — Earned** is the total Earned of the jobs in the ""Approved - partially completed"" tab.",COVERED-DIRECT,WIP-SUM-04,C30490,,,,
Work In Progress,WIP,5,Summary Strip,S5-R6,requirement,"S5-R6:** **Started — Remaining** is the total Remaining of the jobs in the ""Approved - partially completed"" tab.",COVERED-DIRECT,WIP-SUM-04,C30490,,,,
Work In Progress,WIP,5,Summary Strip,S5-R7,requirement,"S5-R7:** **Ready to Invoice** is the total Earned of the jobs in the ""Completed"" tab.",COVERED-DIRECT,WIP-SUM-04,C30490,,,,
Work In Progress,WIP,5,Summary Strip,S5-R8,requirement,"S5-R8:** **Estimates** is the total quoted value of the jobs in the ""Estimates"" tab, and is shown in a muted style.",COVERED-DIRECT,WIP-SUM-05,C30491,,,,
Work In Progress,WIP,5,Summary Strip,S5-R9,requirement,S5-R9:** The Estimates figure is excluded from Total Earned and from Total Remaining.,COVERED-DIRECT,WIP-SUM-05,C30491,,,,
Work In Progress,WIP,5,Summary Strip,S5-R10,requirement,"S5-R10:** Every figure shows US-dollar currency with a leading ""$"", two decimals, and thousands separators.",COVERED-DIRECT,WIP-SUM-01,C30487,,,,
Work In Progress,WIP,5,Summary Strip,S5-R11,requirement,"S5-R11:** When the user changes the advisor, customer, or asset filter, every summary figure recomputes immediately from the visible jobs, with no reload.",COVERED-DIRECT,WIP-FLT-08,C30505,,,,
Work In Progress,WIP,5,Summary Strip,S5-R12,requirement,"S5-R12:** Each figure shows a small information icon; hovering, focusing, or tapping it reveals its explanation, in plain language, verbatim as follows: * Total Earned — ""Work you have already done but have not billed yet — the money waiting to be collected."" * Total Remaining — ""Approved work you still have to do — the money that comes in once it is finished."" * Not Started — ""Approved jobs nobody has started yet. The full amount is still ahead."" * Started — Earned — ""Jobs in progress: the work already done but not billed yet."" * Started — Remaining — ""Jobs in progress: the work still left to",COVERED-DIRECT,WIP-SUM-07; WIP-VIS-06,C30493; C30524,,,,
Work In Progress,WIP,6,Per-Tab Totals Row,S6-R1,requirement,"S6-R1:** Each tab's table has a Totals row pinned to the bottom, labeled ""Totals"" in its leftmost cell.",COVERED-DIRECT,WIP-TOT-01,C30494,,,,
Work In Progress,WIP,6,Per-Tab Totals Row,S6-R2,requirement,"S6-R2:** The Totals row sums each visible money column (Labor Earned, Labor Remaining, Parts Earned, Parts Remaining, Earned, Remaining, Total) across the tab's visible jobs.",COVERED-DIRECT,WIP-TOT-02,C30495,,,,
Work In Progress,WIP,6,Per-Tab Totals Row,S6-R3,requirement,"S6-R3:** When the Inv. Hrs column is shown, the Totals row shows the sum of the visible jobs' Inv. Hrs, in the same signed one-decimal format and the same green/red/default coloring as a row.",COVERED-DIRECT,WIP-TOT-02,C30495,,,,
Work In Progress,WIP,6,Per-Tab Totals Row,S6-R4,requirement,"S6-R4:** The Totals row's Total cell is pinned far right and shown in bold, matching the column.",COVERED-DIRECT,WIP-TOT-01,C30494,,,,
Work In Progress,WIP,6,Per-Tab Totals Row,S6-R5,requirement,S6-R5:** The Totals row uses the same number formats as the data rows.,COVERED-DIRECT,WIP-TOT-01,C30494,,,,
Work In Progress,WIP,6,Per-Tab Totals Row,S6-R6,requirement,"S6-R6:** The Totals row recomputes whenever the advisor, customer, or asset filter changes (Story 5). **Negative Cases:**",COVERED-DIRECT,WIP-FLT-08,C30505,,,,
Work In Progress,WIP,6,Per-Tab Totals Row,S6-N1,negative,"S6-N1:** If a tab has no visible jobs, it shows no Totals row.",COVERED-TEXT,WIP-SCOPE-05; WIP-FLT-08,C30460; C30505,,,COVERED-TEXT,WIP-SCOPE-05 (C30460) expected 4 and WIP-FLT-08 (C30505) expected 3 both assert no Totals row when a tab has no visible jobs. The retired WIP-TOT-04 was cut 2026-07-28 as a duplicate of exactly these.
Work In Progress,WIP,7,Filters,S7-R1,requirement,"S7-R1:** The toolbar has an **Advisor** filter, a multi-select listing the advisors present in the loaded jobs. Selecting one or more advisors narrows the visible jobs to those advisors, on screen only (no reload).",COVERED-DIRECT,WIP-FLT-01,C30498,,,,
Work In Progress,WIP,7,Filters,S7-R2,requirement,"S7-R2:** The toolbar has a **Customer** filter, a searchable type-ahead multi-select listing the customers present in the loaded jobs. The user types to narrow the list and selects one or more customers; narrowing is on screen only (no reload).",COVERED-DIRECT,WIP-FLT-02,C30499,,,,
Work In Progress,WIP,7,Filters,S7-R3,requirement,"S7-R3:** When no customer is selected, the Customer filter reads ""All customers"" and every job is shown; the filter offers a single ""Clear"" action that returns it to ""All customers"", shown only once at least one customer is selected.",COVERED-DIRECT,WIP-FLT-02,C30499,,,,
Work In Progress,WIP,7,Filters,S7-R4,requirement,"S7-R4:** The toolbar has an **Asset** filter, a searchable type-ahead multi-select listing the assets present in the loaded jobs. Each option shows the unit number and the vehicle identification number, and the user's typed text matches against EITHER the unit number OR the vehicle identification number. Selecting one or more assets narrows the visible jobs on screen only (no reload).",COVERED-DIRECT,WIP-FLT-03,C30500,,,,
Work In Progress,WIP,7,Filters,S7-R5,requirement,"S7-R5:** When no asset is selected, the Asset filter reads ""All assets"" and every job is shown; the filter offers a single ""Clear"" action that returns it to ""All assets"", shown only once at least one asset is selected.",COVERED-DIRECT,WIP-FLT-03,C30500,,,,
Work In Progress,WIP,7,Filters,S7-R6,requirement,"S7-R6:** The toolbar has a **date-range** control offering the standard presets — ""Today"", ""Yesterday"", ""This Week"", ""Last Week"", ""This Month"", ""Last Month"", ""This Year"", ""Last Year"", ""This Quarter"", ""Last Quarter"", and ""Custom"". It defaults to **"" This Week""**. ""All Time"" is not offered.",COVERED-DIRECT,WIP-FLT-04,C30501,,,,
Work In Progress,WIP,7,Filters,S7-R7,requirement,S7-R7:** Each preset (or Custom) filters the report to work orders whose **created date** falls within the selected range; changing the range reloads the report.,COVERED-DIRECT,WIP-FLT-05,C30502,,,,
Work In Progress,WIP,7,Filters,S7-R8,requirement,S7-R8:** A Custom range is capped at a 366-day maximum span (start to end).,COVERED-DIRECT,WIP-FLT-05,C30502,,,,
Work In Progress,WIP,7,Filters,S7-R9,requirement,"S7-R9:** The toolbar has a **Location** filter (rightmost), a multi-select listing the locations the signed-in user can access, with an ""All locations"" / ""Clear all"" toggle. On a first visit it defaults to the user's currently active location.",COVERED-DIRECT,WIP-FLT-06,C30503,,,,
Work In Progress,WIP,7,Filters,S7-R10,requirement,"S7-R10:** Selecting one, several, or all locations reloads the report scoped to that set.",COVERED-DIRECT,WIP-FLT-06,C30503,,,,
Work In Progress,WIP,7,Filters,S7-R11,requirement,"S7-R11:** The location scope is always constrained to the locations the user can access; a location the user cannot access is never included, and if the selection resolves to none, the report falls back to the user's currently active location.",COVERED-DIRECT,WIP-FLT-07,C30504,,,,
Work In Progress,WIP,7,Filters,S7-R12,requirement,"S7-R12:** The advisor, customer, and asset filters combine: a job must pass all three to remain visible, and each also feeds the summary strip and each tab's Totals row (Story 5, Story 6).",COVERED-DIRECT,WIP-FLT-08,C30505,,,,
Work In Progress,WIP,7,Filters,S7-R13,requirement,"S7-R13:** The per-row **Location** column is shown automatically whenever the current scope spans more than one location, and is hidden whenever a single location is in scope; the user does not toggle it in the column selector.",COVERED-DIRECT,WIP-FLT-09,C38916,,,,
Work In Progress,WIP,7,Filters,S7-R14,requirement,"S7-R14:** When the Location column is shown, each work-order row names that work order's location. Because a work order belongs to exactly one location, a WIP row never shows ""Multiple""; there are no drill-down or aggregating rows on this report (every row is already a single work order). _* Context note: the advisor, customer, and asset filters only change what is shown on screen and never reload the report; the date-range and location filters reload it. The date range narrows by the work order's created date — it is not a way to see what work-in-progress was on a past date._ _* Context note:",COVERED-DIRECT,WIP-FLT-09,C38916,,,,
Work In Progress,WIP,7,Filters,S7-N1,negative,"S7-N1:** If the combination of advisor, customer, and asset filters leaves no visible jobs, every tab shows the no-data message (§7) and no Totals row.",COVERED-DIRECT,WIP-FLT-08,C30505,,,,
Work In Progress,WIP,8,Column Selection and Persistence,S8-R1,requirement,"S8-R1:** A column-selection control — an icon button whose tooltip reads ""Column Selection"" — lets the user toggle each column on or off.",COVERED-DIRECT,WIP-PERS-01,C30506,,,,
Work In Progress,WIP,8,Column Selection and Persistence,S8-R2,requirement,S8-R2:** The **Total** column is always shown and cannot be turned off; it is not offered in the control.,COVERED-DIRECT,WIP-PERS-01,C30506,,,,
Work In Progress,WIP,8,Column Selection and Persistence,S8-R3,requirement,"S8-R3:** On first visit, the visible columns are those listed in S4-R2.",COVERED-DIRECT,WIP-COL-02,C30467,,,,
Work In Progress,WIP,8,Column Selection and Persistence,S8-R4,requirement,S8-R4:** Every other column listed in S4-R3 is available in the control and off by default.,COVERED-DIRECT,WIP-COL-02,C30467,,,,
Work In Progress,WIP,8,Column Selection and Persistence,S8-R5,requirement,"S8-R5:** Whatever columns are shown, they appear in the fixed left-to-right order of S4-R1 (toggling visibility never reorders columns), with Total always last.",COVERED-DIRECT,WIP-PERS-02,C30507,,,,
Work In Progress,WIP,8,Column Selection and Persistence,S8-R6,requirement,S8-R6:** The column selection applies to every tab at once — the four tabs always show the same set of columns.,COVERED-DIRECT,WIP-PERS-02,C30507,,,,
Work In Progress,WIP,8,Column Selection and Persistence,S8-R7,requirement,"S8-R7:** The report remembers, in the user's browser, the date range, advisor selection, customer selection, asset selection, location selection, column selection, and active tab, and restores them on the user's next visit.",COVERED-DIRECT,WIP-PERS-03,C30508,,,,
Work In Progress,WIP,8,Column Selection and Persistence,S8-R8,requirement,S8-R8:** Restore is defensive: a saved value that is no longer valid falls back to that setting's default rather than breaking the view. _* Context note: persistence is per-browser (not tied to the user's account)._,COVERED-DIRECT,WIP-FLT-07; WIP-PERS-04,C30504; C30509,,,,
Work In Progress,WIP,9,Export to PDF and CSV,S9-R1,requirement,"S9-R1:** The toolbar has a menu, opened from a three-dot button, holding the download options ""Download (PDF)"" and ""Download (CSV)"".",COVERED-DIRECT,WIP-EXP-01,C30510,,,,
Work In Progress,WIP,9,Export to PDF and CSV,S9-R2,requirement,"S9-R2:** Both downloads include only the columns currently shown, in the same left-to-right order as the screen, with Total last.",COVERED-DIRECT,WIP-EXP-02,C30511,,,,
Work In Progress,WIP,9,Export to PDF and CSV,S9-R3,requirement,"S9-R3:** Both downloads honor the current date range and location filter, and include only the jobs left visible by the advisor, customer, and asset filters.",COVERED-DIRECT,WIP-EXP-02,C30511,,,,
Work In Progress,WIP,9,Export to PDF and CSV,S9-R4,requirement,S9-R4:** Both downloads include a Totals row matching the on-screen Totals row for the tab.,COVERED-DIRECT,WIP-EXP-02,C30511,,,,
Work In Progress,WIP,9,Export to PDF and CSV,S9-R5,requirement,"S9-R5:** Money values use the same ""$1,234.56"" / ""-$1,234.56"" format as on screen; Inv. Hrs uses the same signed one-decimal format.",COVERED-DIRECT,WIP-EXP-03,C30512,,,,
Work In Progress,WIP,9,Export to PDF and CSV,S9-R6,requirement,"S9-R6:** In the CSV, a money value containing a comma (a thousands separator) is enclosed in double-quotes per standard CSV rules; a value without a comma is written unquoted.",COVERED-DIRECT,WIP-EXP-03,C30512,,,,
Work In Progress,WIP,9,Export to PDF and CSV,S9-R7,requirement,"S9-R7:** In both downloads, the Inv. Hrs column is monochrome — the green/red coloring is applied on screen and in the PDF only, never in the CSV.",COVERED-DIRECT,WIP-EXP-04,C30513,,,,
Work In Progress,WIP,9,Export to PDF and CSV,S9-R8,requirement,"S9-R8:** In a download, Days Open is the whole number of days as of the moment the file is generated.",COVERED-DIRECT,WIP-EXP-05,C30514,,,,
Work In Progress,WIP,9,Export to PDF and CSV,S9-R9,requirement,"S9-R9:** The downloaded files are named ""wip-2-report.pdf"" and ""wip-2-report.csv"".",COVERED-DIRECT,WIP-EXP-06,C30515,,,,
Work In Progress,WIP,9,Export to PDF and CSV,S9-R10,requirement,S9-R10:** The PDF shows the shop logo at the top when one is set; the CSV never includes a logo.,COVERED-DIRECT,WIP-EXP-08,C30517,,,,
Work In Progress,WIP,9,Export to PDF and CSV,S9-R10a,requirement,"S9-R10a:** Both downloads include a ""Locations:"" line naming the location or locations the report is scoped to, or ""All locations"" when every location the user has access to is selected. In the PDF it appears in the header area; in the CSV it appears as a leading metadata line above the column-header row. When the Location column is shown on screen (more than one location in scope), the download includes it too, headed ""Branch"" (S9-E1). **Edge Cases:**",COVERED-TEXT,WIP-EXP-02; WIP-FLT-09,C30511; C38916,,,COVERED-TEXT,WIP-EXP-02 (C30511) expected 4 covers the 'Locations:' line in both downloads; WIP-FLT-09 (C38916) expected 6 covers the exported column headed 'Branch'.
Work In Progress,WIP,9,Export to PDF and CSV,S9-E1,edge,"S9-E1:** In a download, the asset column is headed ""Unit"" and the location column is headed ""Branch"" (they read ""Asset"" and ""Location"" on screen). This label difference is a known v1 limitation, not a defect. **Error Handling:**",COVERED-DIRECT,WIP-EXP-07; WIP-FLT-09,C30516; C38916,,,,
Work In Progress,WIP,9,Export to PDF and CSV,S9-R11,requirement,"S9-R11:** On a successful download the user sees a success notification with the caption ""Data exported successfully.""",COVERED-DIRECT,WIP-EXP-09,C30518,,,,
Work In Progress,WIP,9,Export to PDF and CSV,S9-R12,requirement,"S9-R12:** If a download yields no rows, the user sees a warning notification titled ""Empty export"" with the caption ""Export didn't yield any results"".",COVERED-DIRECT,WIP-EXP-09,C30518,,,,
Work In Progress,WIP,9,Export to PDF and CSV,S9-R13,requirement,"S9-R13:** If a download fails, the user sees an error notification: ""An error occurred while exporting the report. Please try again.""",COVERED-DIRECT,WIP-EXP-09,C30518,,,,
Work In Progress,WIP,10,Visual Conformance and Accessibility,S10-R1,requirement,"S10-R1:** Each tab uses an all-white table: white column headers and white data cells, with no alternating row shading.",COVERED-DIRECT,WIP-VIS-01,C30519,,,,
Work In Progress,WIP,10,Visual Conformance and Accessibility,S10-R2,requirement,"S10-R2:** The summary strip is shown as a bold band delineated by a top and bottom rule, above the tabs — not as separate cards.",COVERED-DIRECT,WIP-VIS-02,C30520,,,,
Work In Progress,WIP,10,Visual Conformance and Accessibility,S10-R3,requirement,"S10-R3:** The Total column header is bold and pinned to the far right, matching its cells.",COVERED-DIRECT,WIP-VIS-03,C30521,,,,
Work In Progress,WIP,10,Visual Conformance and Accessibility,S10-R4,requirement,S10-R4:** The Totals row stays visible at the bottom while the user scrolls the rows.,COVERED-DIRECT,WIP-VIS-04,C30522,,,,
Work In Progress,WIP,10,Visual Conformance and Accessibility,S10-R5,requirement,S10-R5:** The report fills the available height and only the active tab's table body scrolls; the page itself does not add a second scrollbar.,COVERED-DIRECT,WIP-VIS-04,C30522,,,,
Work In Progress,WIP,10,Visual Conformance and Accessibility,S10-R5a,requirement,"S10-R5a:** The **Location** filter control keeps a constant width regardless of the selected label — a single location, several, or ""All locations"" — so the toolbar layout does not shift as the selection changes. When the Location column is shown, it appears in its fixed position (S4-R1), left-aligned like the other identifier columns, matching the suite's placement of this column. **Requirements — accessibility:**",COVERED-TEXT,WIP-FLT-09,C38916,,,COVERED-TEXT,"WIP-FLT-09 (C38916) expected 7 (constant-width Location filter control) and expected 1 (fixed position, left-aligned)."
Work In Progress,WIP,10,Visual Conformance and Accessibility,S10-R6,requirement,S10-R6:** The WO # link is keyboard-focusable with a visible focus indicator and opens the work order on activation.,COVERED-DIRECT,WIP-VIS-05,C30523,,,,
Work In Progress,WIP,10,Visual Conformance and Accessibility,S10-R7,requirement,"S10-R7:** Each summary figure's information icon (S5-R12) is reachable by keyboard focus and exposes its explanation to assistive technology, not by hover alone.",COVERED-DIRECT,WIP-VIS-06,C30524,,,,
Work In Progress,WIP,10,Visual Conformance and Accessibility,S10-R8,requirement,"S10-R8:** The status badge's meaning is carried by its text label, not by color alone (S4-R6).",COVERED-DIRECT,WIP-COL-04,C30469,,,,
Work In Progress,WIP,10,Visual Conformance and Accessibility,S10-R9,requirement,"S10-R9:** The report supports dark mode; the table, the summary strip, the WO # link, the Inv. Hrs coloring, and the two-line asset cell all use dark-mode-legible colors meeting contrast.",COVERED-DIRECT,WIP-VIS-07,C30525,,,,
Work In Progress,WIP,11,Nightly WIP Snapshot Capture,S11-R1,requirement,S11-R1:** Once per day the system records one row per then-open work order — one row per work order per calendar date.,COVERED-DIRECT,WIP-API-01,C30528,,,,
Work In Progress,WIP,11,Nightly WIP Snapshot Capture,S11-R2,requirement,"S11-R2:** Each snapshot row captures, at minimum: the work order, its status, its Earned value, its Remaining value, the location and organization (copied from the work order), and the snapshot's calendar date.",COVERED-DIRECT,WIP-API-02,C30529,,,,
Work In Progress,WIP,11,Nightly WIP Snapshot Capture,S11-R3,requirement,"S11-R3:** The Earned and Remaining values are captured using the identical computation as the on-screen report — Earned per S4-R19, Remaining per S4-R20 — so the snapshot and the on-screen report can never diverge for a given work order on the capture date.",COVERED-DIRECT,WIP-API-03,C30530,,,,
Work In Progress,WIP,11,Nightly WIP Snapshot Capture,S11-R4,requirement,"S11-R4:** The set of work orders captured uses the same service-type and open-status conditions as the report (the first two conditions of S2-R1, evaluated per location), with no user-selected-location filter — the capture spans every location.",COVERED-DIRECT,WIP-API-04,C30531,,,,
Work In Progress,WIP,11,Nightly WIP Snapshot Capture,S11-R5,requirement,S11-R5:** Captured dollar values are stored to the cent.,COVERED-DIRECT,WIP-API-05,C30532,,,,
Work In Progress,WIP,11,Nightly WIP Snapshot Capture,S11-R6,requirement,"S11-R6:** A work order with nothing approved yet is captured with Earned ""$0.00"" and Remaining ""$0.00"" (it is not skipped), matching S4-E1.",COVERED-DIRECT,WIP-API-06,C30533,,,,
Work In Progress,WIP,11,Nightly WIP Snapshot Capture,S11-R7,requirement,"S11-R7:** No screen in this version reads the snapshot; there is no Trend tab (§2, Out of scope). _* Context note: the snapshot's money model is earned/remaining per work order per day — the same split the on-screen report shows (Story 4) — recorded so a future Trend view reads a money model consistent with this report. The capture is in scope for this version; the Trend view that would read it is not._",COVERED-DIRECT,WIP-TAB-05,C30455,,,,
Inventory Value,IV,1,Report Access and Display,S1-R1,requirement,"S1-R1:** The report appears in the reports navigation under the **Parts** group, labeled ""Inventory Value"".",COVERED-DIRECT,IV-NAV-01,C30534,,,,
Inventory Value,IV,1,Report Access and Display,S1-R2,requirement,"S1-R2:** When the user opens the report, it shows one row for each in-stock part at the selected location(s), valued as of the resolved date (Story 5).",COVERED-DIRECT,IV-NAV-02,C30535,,,,
Inventory Value,IV,1,Report Access and Display,S1-R3,requirement,"S1-R3:** On the user's first visit (no saved settings — Story 8), the report defaults to the **current calendar month** date range and the user's currently active location.",COVERED-DIRECT,IV-NAV-03,C30536,,,,
Inventory Value,IV,1,Report Access and Display,S1-R4,requirement,S1-R4:** The user can change the date range with the date-range control (Story 5) and the location with the location filter (Story 7).,COVERED-DIRECT,IV-FLT-02,C30570,,,,
Inventory Value,IV,1,Report Access and Display,S1-R5,requirement,"S1-R5:** When the user changes the date range, the location selection, the Category filter, the Vendor filter, the part search, or the sort, the report reloads its rows from the server (see S1-R7 for the loading state).",COVERED-DIRECT,IV-FLT-02,C30570,,,,
Inventory Value,IV,1,Report Access and Display,S1-R6,requirement,"S1-R6:** The report shows data for the location(s) currently selected in the location filter, defaulting to the user's active location.",COVERED-DIRECT,IV-NAV-02,C30535,,,,
Inventory Value,IV,1,Report Access and Display,S1-R7,requirement,"S1-R7: Loading state.** While the report is loading, the data area shows the standard reports loading indicator; existing rows are replaced only when the new data returns.",COVERED-DIRECT,IV-FLT-02,C30570,,,,
Inventory Value,IV,1,Report Access and Display,S1-R8,requirement,"S1-R8: Server pagination.** The report is server-paginated: the server returns one page of rows at a time, and the user moves through pages with the reports suite's standard pagination control. Changing any server-side filter (Date, Location, Category, Vendor), the part search, or the sort returns the **first page** of the new result set. **Negative Cases:**",COVERED-DIRECT,IV-FLT-02; IV-NAV-05,C30570; C30538,,,,
Inventory Value,IV,1,Report Access and Display,S1-N1,negative,"S1-N1:** If the user does not have the required permission, the report does not appear in the navigation.",COVERED-DIRECT,IV-PERM-02,C30604,,,,
Inventory Value,IV,1,Report Access and Display,S1-N2,negative,"S1-N2:** If no in-stock part exists for the selected location(s) on the resolved date, the report shows the no-data message (Story 12) instead of rows. * * *",COVERED-DIRECT,IV-NAV-06,C30539,,,,
Inventory Value,IV,2,Row Scope,S2-R1,requirement,S2-R1:** A part appears in the report only if BOTH of the following hold: it is not a core charge; its on-hand quantity is greater than zero.,COVERED-DIRECT,IV-SCOPE-01,C30540,,,,
Inventory Value,IV,2,Row Scope,S2-R2,requirement,S2-R2:** One row is shown per qualifying part at a location.,COVERED-DIRECT,IV-SCOPE-01,C30540,,,,
Inventory Value,IV,2,Row Scope,S2-R3,requirement,S2-R3:** A part stocked at more than one selected location appears once per location (not merged into a single combined row). **Negative Cases:**,COVERED-DIRECT,IV-SCOPE-02,C30541,,,,
Inventory Value,IV,2,Row Scope,S2-N1,negative,"S2-N1:** A core-charge part is never shown, regardless of its quantity.",COVERED-DIRECT,IV-SCOPE-01,C30540,,,,
Inventory Value,IV,2,Row Scope,S2-N2,negative,"S2-N2:** A part with zero or negative on-hand quantity is never shown. _* Context note: there is no ""dead stock"" exclusion — every part currently holding positive, non-core stock contributes to the on-hand value, however long it has sat._ * * *",COVERED-DIRECT,IV-SCOPE-01,C30540,,,,
Inventory Value,IV,3,Columns and Calculations,S3-R1,requirement,"S3-R1:** The columns appear in this left-to-right order: Part #, Description, Category, Vendor, Qty on Hand, Unit Cost, Unit Sell, Margin, Margin %, Total Sell, Total Cost. When the report is scoped to more than one location, a **Location** column (S7-R6) is inserted between Vendor and Qty on Hand; it is hidden for a single-location scope.",COVERED-DIRECT,IV-COL-01; IV-LOC-06; IV-PERS-02,C30551; C38917; C30580,,,,
Inventory Value,IV,3,Columns and Calculations,S3-R2,requirement,"S3-R2:** Part #, Description, Category, and Vendor are left-aligned; every other column is right-aligned.",COVERED-DIRECT,IV-COL-01,C30551,,,,
Inventory Value,IV,3,Columns and Calculations,S3-R3,requirement,"S3-R3:** Qty on Hand shows the on-hand quantity to two decimal places, with no currency symbol.",COVERED-DIRECT,IV-COL-02,C30552,,,,
Inventory Value,IV,3,Columns and Calculations,S3-R4,requirement,S3-R4:** Unit Cost shows the per-unit cost as US-dollar currency.,COVERED-DIRECT,IV-COL-02,C30552,,,,
Inventory Value,IV,3,Columns and Calculations,S3-R5,requirement,"S3-R5:** Unit Sell shows the per-unit sell price as US-dollar currency. Unit Sell is the part's fixed sell price when one is set; otherwise it is the shop's pricing-matrix markup on cost for the part's category; a part with no category takes no markup, so its Unit Sell equals its Unit Cost.",COVERED-DIRECT,IV-CALC-01; IV-CALC-02; IV-CALC-03; IV-COL-02,C30545; C30546; C30547; C30552,,,,
Inventory Value,IV,3,Columns and Calculations,S3-R6,requirement,S3-R6:** Total Sell shows the part's on-hand quantity × Unit Sell as US-dollar currency.,COVERED-DIRECT,IV-CALC-04,C30548,,,,
Inventory Value,IV,3,Columns and Calculations,S3-R7,requirement,S3-R7:** Total Cost shows the part's on-hand quantity × Unit Cost as US-dollar currency.,COVERED-DIRECT,IV-CALC-04,C30548,,,,
Inventory Value,IV,3,Columns and Calculations,S3-R8,requirement,S3-R8:** Margin shows Total Sell − Total Cost as US-dollar currency.,COVERED-DIRECT,IV-CALC-05,C30549,,,,
Inventory Value,IV,3,Columns and Calculations,S3-R9,requirement,"S3-R9:** Margin % shows Margin as a percentage of Total Sell, to one decimal place followed by a percent sign (for example, ""39.7%"").",COVERED-DIRECT,IV-CALC-06,C30550,,,,
Inventory Value,IV,3,Columns and Calculations,S3-R10,requirement,"S3-R10:** Money values show a leading ""$"", two decimal places, and thousands separators; a negative value shows a leading minus before the ""$"" (for example, ""$1,234.56"" and ""-$1,234.56""); a genuine zero shows ""$0.00"".",COVERED-DIRECT,IV-COL-02,C30552,,,,
Inventory Value,IV,3,Columns and Calculations,S3-R11,requirement,"S3-R11:** The **Total Cost** column is pinned to the far right of the row, shown in bold, and stays fixed to the right edge while the user scrolls the row horizontally.",COVERED-DIRECT,IV-COL-03,C30553,,,,
Inventory Value,IV,3,Columns and Calculations,S3-R12,requirement,"S3-R12:** On first visit, the visible columns are: Part #, Description, Category, Vendor, Qty on Hand, Unit Cost, Unit Sell, Margin %, and Total Cost.",COVERED-DIRECT,IV-COL-04,C30554,,,,
Inventory Value,IV,3,Columns and Calculations,S3-R13,requirement,S3-R13:** The Margin and Total Sell columns are hidden by default and can be turned on from the column-selection control (Story 8).,COVERED-DIRECT,IV-COL-04,C30554,,,,
Inventory Value,IV,3,Columns and Calculations,S3-R14,requirement,S3-R14:** Category shows the part's category name; Vendor shows the part's vendor name. **Edge Cases:**,COVERED-DIRECT,IV-COL-05,C30555,,,,
Inventory Value,IV,3,Columns and Calculations,S3-E1,edge,"S3-E1:** If a part has no category, its Category cell shows an em dash (""—"").",COVERED-DIRECT,IV-COL-05,C30555,,,,
Inventory Value,IV,3,Columns and Calculations,S3-E2,edge,"S3-E2:** If a part has no vendor, its Vendor cell shows an em dash (""—"").",COVERED-DIRECT,IV-COL-05,C30555,,,,
Inventory Value,IV,3,Columns and Calculations,S3-E3,edge,"S3-E3:** Margin % shows ""—"" when Total Sell is zero or negative (the percentage is undefined). A Margin % that computes to a real number, including a negative one, shows its signed value. _* Context note: because Unit Sell can fall back to equal Unit Cost when a part has no category and no fixed price, such a part shows a Margin of $0.00 and a Margin % of 0.0% — the stock is valued at cost._ * * *",COVERED-DIRECT,IV-CALC-06,C30550,,,,
Inventory Value,IV,4,Totals Row,S4-R1,requirement,"S4-R1:** A totals row is shown at the bottom of the report, with the literal label ""Total"" in the Part # column's cell.",COVERED-DIRECT,IV-TOT-01,C30556,,,,
Inventory Value,IV,4,Totals Row,S4-R2,requirement,"S4-R2:** The totals row sums Qty on Hand, Margin, Total Sell, and Total Cost across the **full filtered result set** — every qualifying row for the current Date, Location, Category, Vendor, and part-search selection, not only the rows on the visible page. The server computes these totals.",COVERED-DIRECT,IV-TOT-02,C30557,,,,
Inventory Value,IV,4,Totals Row,S4-R3,requirement,"S4-R3:** The totals-row **Margin %** is recomputed from the totals — total Margin ÷ total Total Sell × 100 — and is NOT the average of the row percentages; it shows ""—"" when the total Total Sell is zero or negative.",COVERED-DIRECT,IV-TOT-03,C30558,,,,
Inventory Value,IV,4,Totals Row,S4-R4,requirement,S4-R4:** The Unit Cost and Unit Sell cells in the totals row are blank (a per-unit price has no meaningful sum).,COVERED-DIRECT,IV-TOT-01,C30556,,,,
Inventory Value,IV,4,Totals Row,S4-R5,requirement,"S4-R5:** The Description, Category, and Vendor cells in the totals row are blank.",COVERED-DIRECT,IV-TOT-01,C30556,,,,
Inventory Value,IV,4,Totals Row,S4-R6,requirement,"S4-R6:** The totals-row Total Cost cell is pinned far right and bold, matching the column.",COVERED-DIRECT,IV-TOT-01,C30556,,,,
Inventory Value,IV,4,Totals Row,S4-R7,requirement,S4-R7:** The totals row uses the same number formats as the data rows.,COVERED-DIRECT,IV-TOT-01,C30556,,,,
Inventory Value,IV,4,Totals Row,S4-R8,requirement,"S4-R8:** The totals reflect the full filtered set, so applying the Category filter, the Vendor filter, or the part search (Story 6) recomputes the totals on the server to match the filtered result — independent of which page is currently shown. **Negative Cases:**",COVERED-DIRECT,IV-TOT-02,C30557,,,,
Inventory Value,IV,4,Totals Row,S4-N1,negative,"S4-N1:** If no parts qualify, no totals row is shown (see S1-N2). * * *",COVERED-TEXT,IV-NAV-06,C30539,,,COVERED-TEXT,IV-NAV-06 (C30539) expected 2: 'No totals row is shown in any of the cases.' The retired IV-TOT-05 was cut 2026-07-28 as a duplicate of it.
Inventory Value,IV,5,As-Of Date and History,S5-R1,requirement,"S5-R1:** The toolbar has a date-range control offering the standard presets (""Today"", ""Yesterday"", ""This Week"", ""Last Week"", ""This Month"", ""Last Month"", ""This Year"", ""Last Year"", ""This Quarter"", ""Last Quarter"") and ""Custom"". It does **not** offer ""All Time"".",COVERED-DIRECT,IV-DATE-01,C30561,,,,
Inventory Value,IV,5,As-Of Date and History,S5-R2,requirement,S5-R2:** The report values inventory **as of** the end of the selected range.,COVERED-DIRECT,IV-DATE-02,C30562,,,,
Inventory Value,IV,5,As-Of Date and History,S5-R3,requirement,"S5-R3:** When the selected window reaches today and today has not yet been recorded, the report values the current live stock; the values represent today.",COVERED-DIRECT,IV-DATE-03,C30563,,,,
Inventory Value,IV,5,As-Of Date and History,S5-R4,requirement,"S5-R4:** Otherwise, the report replays the closest recorded day on or before the end of the selected range.",COVERED-DIRECT,IV-API-06; IV-DATE-04; IV-DATE-09,C30610; C30564; C38892,,,,
Inventory Value,IV,5,As-Of Date and History,S5-R5,requirement,"S5-R5:** When the displayed day is an earlier recorded day than the date the user asked for, the report shows an ""As of "" indicator naming the day actually shown.",COVERED-DIRECT,IV-API-06; IV-DATE-05,C30610; C30565,,,,
Inventory Value,IV,5,As-Of Date and History,S5-R6,requirement,"S5-R6:** When the displayed day matches the date asked for (the common current-view case), the ""As of"" indicator is not shown (the date control already communicates the date).",COVERED-DIRECT,IV-DATE-05,C30565,,,,
Inventory Value,IV,5,As-Of Date and History,S5-R7,requirement,S5-R7:** A Custom range lets the user pick a start and end date; the report values as of the picked end date (never a future date — it is capped at today).,COVERED-DIRECT,IV-DATE-06,C30566,,,,
Inventory Value,IV,5,As-Of Date and History,S5-R8,requirement,S5-R8:** Changing the date range reloads the report. **Negative Cases:**,COVERED-DIRECT,IV-DATE-06,C30566,,,,
Inventory Value,IV,5,As-Of Date and History,S5-N1,negative,"S5-N1:** If there is no recorded day on or before the end of the selected range (for example, a past range entirely before nightly recording began, or a range whose only covered dates have been pruned by retention — Story 11), the report shows the no-data message (Story 12) and no totals row. **Edge Cases:**",COVERED-DIRECT,IV-API-06; IV-NAV-06,C30610; C30539,,,,
Inventory Value,IV,5,As-Of Date and History,S5-E1,edge,"S5-E1:** History accrues forward only from the first nightly recording; there is no way to reconstruct inventory value for a date before recording began (Story 11). _* Context note: the date control is an ""as of"" anchor, not a created-date filter — narrowing it does not select ""parts added in that range,"" it selects ""the shelf as it stood on that date."" The current stock and a recorded day for the same date will match, because both are produced by the same valuation (Story 11)._ * * *",COVERED-DIRECT,IV-API-04; IV-DATE-08,C30608; C30568,,,,
Inventory Value,IV,6,"Category, Vendor, and Part Search Filters",S6-R1,requirement,"S6-R1:** The toolbar has a Category filter, labeled ""Category"", where the user can select one or more categories.",COVERED-DIRECT,IV-FLT-01,C30569,,,,
Inventory Value,IV,6,"Category, Vendor, and Part Search Filters",S6-R2,requirement,"S6-R2:** The toolbar has a Vendor filter, labeled ""Vendor"", where the user can select one or more vendors.",COVERED-DIRECT,IV-FLT-01,C30569,,,,
Inventory Value,IV,6,"Category, Vendor, and Part Search Filters",S6-R3,requirement,S6-R3:** Selecting one or more categories reloads the report to show only parts in the selected categories.,COVERED-DIRECT,IV-FLT-01,C30569,,,,
Inventory Value,IV,6,"Category, Vendor, and Part Search Filters",S6-R4,requirement,S6-R4:** Selecting one or more vendors reloads the report to show only parts supplied by the selected vendors.,COVERED-DIRECT,IV-FLT-01,C30569,,,,
Inventory Value,IV,6,"Category, Vendor, and Part Search Filters",S6-R5,requirement,"S6-R5:** The Category filter, the Vendor filter, and the part search (S6-R8) all apply **server-side** : each change re-queries the server and returns the first page of the new result set. They do not narrow the rows only on the current page.",COVERED-DIRECT,IV-FLT-02; IV-FLT-04,C30570; C30572,,,,
Inventory Value,IV,6,"Category, Vendor, and Part Search Filters",S6-R6,requirement,"S6-R6:** When any of these filters or the part search changes, the totals row recomputes on the server over the full filtered set (S4-R8).",COVERED-DIRECT,IV-TOT-02,C30557,,,,
Inventory Value,IV,6,"Category, Vendor, and Part Search Filters",S6-R7,requirement,"S6-R7:** With no category selected, all categories are shown; with no vendor selected, all vendors are shown; with the part search empty, no search narrowing is applied.",COVERED-DIRECT,IV-FLT-03,C30571,,,,
Inventory Value,IV,6,"Category, Vendor, and Part Search Filters",S6-R8,requirement,"S6-R8: Part search.** The toolbar has a part search input built on the **reports suite's shared toolbar search pattern** — a page-local search field in the report's own toolbar, not the application's global search bar (the same page-local toolbar-search affordance used elsewhere in the reports suite; Parts Velocity is the sibling that searches part number and description). It narrows the report to parts whose **part number or description** contains the entered text, case-insensitively, and applies server-side (S6-R5).",COVERED-DIRECT,IV-FLT-04,C30572,,,,
Inventory Value,IV,6,"Category, Vendor, and Part Search Filters",S6-R9,requirement,"S6-R9:** The Date range (Story 5), Location (Story 7), Category, Vendor, and part search combine with AND — a part must satisfy every active filter and the search to appear. _* Context note: every filter on this report is server-side. The Date range (Story 5), Location (Story 7), Category filter, Vendor filter, and part search each reload the report from the server; only the column selection (Story 8) is a purely client-side view choice._ * * *",COVERED-DIRECT,IV-FLT-05,C30573,,,,
Inventory Value,IV,7,Location Filter,S7-R1,requirement,"S7-R1:** The toolbar has a location filter labeled ""Location"" — a multi-select, and the rightmost filter — listing the locations the signed-in user has access to, with an ""All locations"" / ""Clear all"" toggle.",COVERED-DIRECT,IV-LOC-01,C30574,,,,
Inventory Value,IV,7,Location Filter,S7-R2,requirement,"S7-R2:** On a first visit (no saved selection — Story 8), it defaults to the user's currently active location.",COVERED-DIRECT,IV-LOC-01; IV-NAV-03,C30574; C30536,,,,
Inventory Value,IV,7,Location Filter,S7-R3,requirement,"S7-R3:** Selecting one, several, or all locations **reloads** the report scoped to that set.",COVERED-DIRECT,IV-LOC-02,C30575,,,,
Inventory Value,IV,7,Location Filter,S7-R4,requirement,S7-R4:** Scoping is always constrained to the user's accessible locations; a location the user cannot access is never included.,COVERED-DIRECT,IV-LOC-03,C30576,,,,
Inventory Value,IV,7,Location Filter,S7-R5,requirement,"S7-R5:** If the requested location set resolves to none the user can access, the report falls back to the user's currently active location.",COVERED-DIRECT,IV-LOC-03,C30576,,,,
Inventory Value,IV,7,Location Filter,S7-R6,requirement,S7-R6:** The report includes a per-row **Location** column that is shown only when the current scope spans more than one location; when a single location is in scope the column is hidden. Its visibility follows the location scope automatically and it is not one of the columns offered in the column-selection control (Story 8).,COVERED-DIRECT,IV-COL-01; IV-COL-04; IV-LOC-06; IV-PERS-02,C30551; C30554; C38917; C30580,,,,
Inventory Value,IV,7,Location Filter,S7-R7,requirement,"S7-R7:** When the Location column is shown, each row's Location cell names the location that row's part stock is held at. Because each row is one part at one location (S2-R2, S2-R3), every row maps to exactly one location — the report never shows an aggregated ""Multiple"" value in this column. **Negative Cases:**",COVERED-DIRECT,IV-LOC-06,C38917,,,,
Inventory Value,IV,7,Location Filter,S7-N1,negative,S7-N1:** A user with access to only one location still sees the filter with a single selectable location.,COVERED-DIRECT,IV-LOC-04,C30577,,,,
Inventory Value,IV,7,Location Filter,S7-N2,negative,"S7-N2:** If the selected location(s) hold no in-stock parts on the resolved date, the report shows the no-data message (Story 12). * * *",COVERED-DIRECT,IV-NAV-06,C30539,,,,
Inventory Value,IV,8,Column Selection and Persistence,S8-R1,requirement,"S8-R1:** A column-selection control — an icon button whose tooltip reads ""Column Selection"" — lets the user toggle each column on or off.",COVERED-DIRECT,IV-PERS-01,C30579,,,,
Inventory Value,IV,8,Column Selection and Persistence,S8-R2,requirement,S8-R2:** The **Total Cost** column is always shown and cannot be turned off.,COVERED-DIRECT,IV-PERS-01,C30579,,,,
Inventory Value,IV,8,Column Selection and Persistence,S8-R3,requirement,"S8-R3:** Every other column is available in the control; Margin and Total Sell are off by default, the rest on by default (S3-R12).",COVERED-DIRECT,IV-COL-04,C30554,,,,
Inventory Value,IV,8,Column Selection and Persistence,S8-R4,requirement,"S8-R4:** Whatever columns are shown, they appear in the fixed left-to-right order of S3-R1 (toggling visibility never reorders columns), with Total Cost always last.",COVERED-DIRECT,IV-PERS-02,C30580,,,,
Inventory Value,IV,8,Column Selection and Persistence,S8-R5,requirement,"S8-R5:** The report remembers, in the user's browser, the selected date range, category selection, vendor selection, part search text, location selection, column selection, and sort, and restores them on the user's next visit.",COVERED-DIRECT,IV-PERS-03,C30581,,,,
Inventory Value,IV,8,Column Selection and Persistence,S8-R6,requirement,S8-R6:** Restore is defensive: a saved value that is no longer valid falls back to that setting's default rather than breaking the view. A saved category or vendor no longer present in the data is dropped. _* Context note: persistence is per-browser (not tied to the user's account); it persists across visits in the same browser but does not follow the user to another browser or device._ * * *,COVERED-DIRECT,IV-PERS-04,C30582,,,,
Inventory Value,IV,9,Sorting,S9-R1,requirement,"S9-R1:** On first load (and after any data reload), the rows are sorted by Total Cost, highest first (descending). The server applies this default order.",COVERED-DIRECT,IV-SORT-01,C30583,,,,
Inventory Value,IV,9,Sorting,S9-R2,requirement,"S9-R2:** Every column is sortable by clicking its header. Clicking a column that is not the active sort sorts it ascending; clicking the active sort column again toggles it to descending. There is no third ""cleared"" state. Sorting is resolved **server-side** : each header click re-fetches the data ordered by the chosen column and direction, returning the **first page** of the re-sorted result set.",COVERED-DIRECT,IV-SORT-02,C30584,,,,
Inventory Value,IV,9,Sorting,S9-R3,requirement,"S9-R3:** Money and numeric columns sort by their underlying value; text columns (Part #, Description, Category, Vendor) sort as text, case-insensitively.",COVERED-DIRECT,IV-SORT-03,C30585,,,,
Inventory Value,IV,9,Sorting,S9-R4,requirement,S9-R4:** Sorting reorders the data rows only; the totals row stays at the bottom.,COVERED-DIRECT,IV-SORT-04,C30586,,,,
Inventory Value,IV,9,Sorting,S9-R5,requirement,"S9-R5:** The user's chosen sort is remembered per browser and restored on return (Story 8). _* Context note: unlike the reports whose sort resets each visit, this report remembers the user's sort along with the rest of its setup (Story 8)._ * * *",COVERED-DIRECT,IV-PERS-03; IV-SORT-04,C30581; C30586,,,,
Inventory Value,IV,10,Export to PDF and CSV,S10-R1,requirement,"S10-R1:** The toolbar has a menu, opened from a three-dot button, holding the download options.",COVERED-DIRECT,IV-EXP-01,C30587,,,,
Inventory Value,IV,10,Export to PDF and CSV,S10-R2,requirement,"S10-R2:** The menu has an option labeled ""Download (PDF)"" and an option labeled ""Download (CSV)"".",COVERED-DIRECT,IV-EXP-01,C30587,,,,
Inventory Value,IV,10,Export to PDF and CSV,S10-R3,requirement,"S10-R3:** Both downloads include only the columns currently shown, in the same left-to-right order as the screen, with Total Cost last.",COVERED-DIRECT,IV-EXP-02,C30588,,,,
Inventory Value,IV,10,Export to PDF and CSV,S10-R4,requirement,"S10-R4:** Both downloads honor the current date, category, vendor, location, and part-search filters.",COVERED-DIRECT,IV-EXP-02,C30588,,,,
Inventory Value,IV,10,Export to PDF and CSV,S10-R5,requirement,S10-R5:** Both downloads apply the current sort.,COVERED-DIRECT,IV-EXP-02,C30588,,,,
Inventory Value,IV,10,Export to PDF and CSV,S10-R6,requirement,"S10-R6:** Both downloads include a totals row matching the on-screen totals (the full-filtered-set totals, S4-R2), labeled ""Totals"".",COVERED-DIRECT,IV-EXP-02,C30588,,,,
Inventory Value,IV,10,Export to PDF and CSV,S10-R7,requirement,"S10-R7:** Money and Margin % use two-decimal and one-decimal formats respectively; an undefined Margin % shows ""—"".",COVERED-DIRECT,IV-EXP-03,C30589,,,,
Inventory Value,IV,10,Export to PDF and CSV,S10-R8,requirement,"S10-R8:** The PDF header shows the report name ""Inventory Value"", the organization name, the selected period, and an ""as of"" line naming the day the values represent (or a message that no snapshot is available for the period).",COVERED-DIRECT,IV-EXP-04,C30590,,,,
Inventory Value,IV,10,Export to PDF and CSV,S10-R9,requirement,S10-R9:** The PDF shows the shop logo at the top when one is set; the CSV never includes a logo.,COVERED-DIRECT,IV-EXP-04,C30590,,,,
Inventory Value,IV,10,Export to PDF and CSV,S10-R10,requirement,"S10-R10:** The downloaded files are named ""inventory-value-report.pdf"" and ""inventory-value-report.csv"".",COVERED-DIRECT,IV-EXP-05,C30591,,,,
Inventory Value,IV,10,Export to PDF and CSV,S10-R11,requirement,"S10-R11: Server-side generation.** Both exports are generated **server-side** against the current filters, part search, and sort — the full filtered set, not only the loaded page. The export is not built from the rows currently in the browser.",COVERED-DIRECT,IV-EXP-06,C30592,,,,
Inventory Value,IV,10,Export to PDF and CSV,S10-R12,requirement,"S10-R12: Export size guardrail.** To keep a single-shot export renderable, an export is capped at a maximum of **10,000 rows** in the filtered set. When the current filtered set exceeds the cap, neither the PDF nor the CSV is produced; instead the user sees the message: **"" This report is too large to export. Narrow the date range or filters, then try again.""** [Cap value 10,000 is a proposed default — confirm the exact suite-standard value with the owner before dev.]",COVERED-DIRECT,IV-EXP-07,C30593,,,,
Inventory Value,IV,10,Export to PDF and CSV,S10-R15,requirement,"S10-R15:** Every export (each CSV and each PDF) includes the **Location** column whenever it is shown on screen (S7-R6), and always includes a ""Locations:"" line naming the location or locations the report is scoped to, or ""All locations"" when every location the user has access to is selected — matching the on-screen scope. In a PDF the ""Locations:"" line appears in the header area; in a CSV it appears as a leading metadata line above the column-header row. **Error Handling:**",GAP-CLOSED,IV-LOC-06,C38917,,,GAP,EXTEND IV-LOC-06 (C38917) - IV-EXP-02 (C30588) expected 4 covers the 'Locations:' line. Uncovered: the Location column in each CSV and each PDF whenever it is shown on screen.
Inventory Value,IV,10,Export to PDF and CSV,S10-R13,requirement,"S10-R13:** On a successful download the user sees a success notification: ""Inventory Value report exported (PDF)"" or ""Inventory Value report exported (CSV)"".",COVERED-DIRECT,IV-EXP-09,C30595,,,,
Inventory Value,IV,10,Export to PDF and CSV,S10-R14,requirement,"S10-R14:** If a download fails, the user sees an error notification: ""Failed to export inventory value report (pdf)"" or ""Failed to export inventory value report (csv)"". _* Context note: in the CSV, money values are written as plain numbers with two decimals and no thousands separators (so they parse cleanly in a spreadsheet); the PDF uses the same on-screen currency formatting with the ""$"" and thousands separators._ * * *",COVERED-DIRECT,IV-EXP-09,C30595,,,,
Inventory Value,IV,11,Nightly Snapshot Capture,S11-R1,requirement,"S11-R1:** Once per day, overnight, the system records — for every location across every organization — one row per then-in-stock, non-core part, capturing its identity (part, category, vendor), on-hand quantity, unit cost, unit sell, total cost, and total sell, stored to the cent, under that day's calendar date.",COVERED-DIRECT,IV-API-01,C30605,,,,
Inventory Value,IV,11,Nightly Snapshot Capture,S11-R2,requirement,"S11-R2:** The parts captured use the same in-stock, non-core scope as the live report (Story 2), and the same valuation (Story 3), so a recorded day equals what the live report would have shown that day.",COVERED-DIRECT,IV-API-02; IV-DATE-09,C30606; C38892,,,,
Inventory Value,IV,11,Nightly Snapshot Capture,S11-R3,requirement,"S11-R3:** Re-running the capture for a date replaces that date's rows for each location (the existing rows for that location and date are removed, then re-inserted from current data). The capture is idempotent and self-healing from current data.",COVERED-DIRECT,IV-API-03,C30607,,,,
Inventory Value,IV,11,Nightly Snapshot Capture,S11-R4,requirement,"S11-R4:** A location with no in-stock parts on a date simply has no rows for that date (this is valid, not an error).",COVERED-DIRECT,IV-API-01,C30605,,,,
Inventory Value,IV,11,Nightly Snapshot Capture,S11-R5,requirement,"S11-R5:** History accrues forward only from the first capture; there is no backfill of dates before capture began, and a re-run always records current truth under the current date — it cannot reconstruct a past date.",COVERED-DIRECT,IV-API-04,C30608,,,,
Inventory Value,IV,11,Nightly Snapshot Capture,S11-R6,requirement,"S11-R6: Snapshot retention.** Captured snapshots are retained at reducing granularity as they age, measured from the current date: * **0 –13 months old:** every daily capture is kept — full daily per-part detail. This covers the report's longest date preset (366 days / This Year / Last Year) entirely at daily resolution. * **older than 13 months:** reduced to **monthly** — only the last capture of each calendar month is retained; the other daily captures in this band are pruned. Pruning runs as part of, or alongside, the nightly capture. The as-of resolution (S5-R4, ""closest recorded day on or",COVERED-DIRECT,IV-API-05; IV-API-06,C30609; C30610,,,,
Inventory Value,IV,11,Nightly Snapshot Capture,S11-E1,edge,"S11-E1:** Because retention thins older history, two adjacent retained captures beyond 13 months can be up to a month apart; the ""closest recorded day on or before"" rule (S5-R4) and the ""As of "" indicator (S5-R5) handle these gaps unchanged. _* Context note: the daily capture recomputes from live truth through the same valuation the report uses, so recorded history cannot drift out of sync with the live report. It runs with no logged-in user and intentionally spans every tenant, binding each location and organization explicitly (a reviewed, documented exception to request-scoped tenant filteri",COVERED-DIRECT,IV-API-06,C30610,,,,
Inventory Value,IV,12,Visual Conformance and Accessibility,S12-R1,requirement,"S12-R1:** The report uses an all-white table: white column headers and white data cells, with no alternating row shading, on the standard soft blue-grey report backdrop.",COVERED-DIRECT,IV-VIS-01,C30596,,,,
Inventory Value,IV,12,Visual Conformance and Accessibility,S12-R2,requirement,"S12-R2:** In the toolbar, the three-dot download menu sits leftmost in the action cluster, followed by the Column Selection control.",COVERED-DIRECT,IV-VIS-02,C30597,,,,
Inventory Value,IV,12,Visual Conformance and Accessibility,S12-R3,requirement,"S12-R3:** The toolbar filters run, left to right: the date-range control, the part search, the Category filter, the Vendor filter, and the Location filter (rightmost).",COVERED-DIRECT,IV-LOC-01; IV-VIS-02,C30574; C30597,,,,
Inventory Value,IV,12,Visual Conformance and Accessibility,S12-R4,requirement,"S12-R4:** The Total Cost column header is bold and pinned to the far right, matching its cells.",COVERED-DIRECT,IV-COL-03,C30553,,,,
Inventory Value,IV,12,Visual Conformance and Accessibility,S12-R5,requirement,S12-R5:** The totals row stays visible at the bottom while the user scrolls the rows.,COVERED-DIRECT,IV-TOT-01,C30556,,,,
Inventory Value,IV,12,Visual Conformance and Accessibility,S12-R6,requirement,"S12-R6:** Long text values (Description, Category, Vendor) are truncated with an ellipsis when they overflow their column, with the full value available on hover; the Part # is never truncated.",COVERED-DIRECT,IV-VIS-04,C30599,,,,
Inventory Value,IV,12,Visual Conformance and Accessibility,S12-R7,requirement,"S12-R7:** The report supports dark mode; the page background, toolbar, cells, and the ""—"" glyph all use dark-mode-legible colors.",COVERED-DIRECT,IV-VIS-05,C30600,,,,
Inventory Value,IV,12,Visual Conformance and Accessibility,S12-R10,requirement,"S12-R10:** When shown, the **Location** column appears in the left-hand identifier group, immediately after Vendor and before Qty on Hand (S3-R1), using the suite's standard column styling. The **Location** filter control in the toolbar keeps a constant width regardless of the selected location label — a long location name or ""All locations"" does not resize the control — matching the Location column and filter treatment used across the reports suite. **Requirements — accessibility:**",COVERED-DIRECT,IV-LOC-06,C38917,,,,
Inventory Value,IV,12,Visual Conformance and Accessibility,S12-R8,requirement,"S12-R8:** Each sortable column header exposes its sort state to assistive technology, and the active sort direction is indicated visually.",COVERED-DIRECT,IV-VIS-06,C30601,,,,
Inventory Value,IV,12,Visual Conformance and Accessibility,S12-R9,requirement,S12-R9:** The icon-only controls (the three-dot download button and the Column Selection button) each carry an accessible name exposed to assistive technology. _* Context note: requirements S12-R1 through S12-R7 define the report's visual structure; they do not spell out every icon and finer styling detail — the companion video (when filmed) and any attached screenshots are the visual reference for details the requirements do not state._ * * *,COVERED-DIRECT,IV-VIS-07,C30602,,,,
