internal_id,testrail_case_id,testrail_link,area,title,title_len,d1_useful,d1_tier,d1_merge_group,d1_merge_survivor,d1_reason,d1_source,d2_makes_sense,d2_reason,d3_genuine,d3_ticket,d3_layman_runnable
FLT-BAR-01,C29557,https://shopview.testrail.io/index.php?/cases/view/29557,Filter Bar Layout and Visibility,Filter bar is shown below the tab row on the Work Orders page,61,KEEP,T2,,,"Entry contract — the filter bar renders below the tabs, expanded by default; failure = the feature is invisible to every user.",carried forward from the 2026-07-31 usefulness audit,SENSIBLE,"Cold-read PASS (full body read this pass): preconditions reachable and seeding stated where needed, steps executable in the order given, expected follows from the steps, no internal contradiction, every control traceable to the v1.6 spec or the captured design (anything unpinned is explicitly hedged), and pass/fail is observable.",YES — S1-R1 (YES),no Jira ticket exists for Filters (stated - never invented),YES — plain wording; no internal ids / spec anchors / Jira keys / VIU jargon in any tester-facing field; numbered preconditions+steps+expected 1..n; title 61 chars (<=80)
FLT-BAR-02,C29558,https://shopview.testrail.io/index.php?/cases/view/29558,Filter Bar Layout and Visibility,"Five filter chips appear in a fixed order with an icon, name and arrow",70,KEEP,T2,MG10-ALLTAB-COMPOSITION,FLT-BAR-02,"Chip composition contract (five chips, fixed order, icons, chevrons) + design-typo watch; survivor of MG10 (gains the All-tab usability check).",carried forward from the 2026-07-31 usefulness audit,SENSIBLE,"Cold-read PASS (full body read this pass): preconditions reachable and seeding stated where needed, steps executable in the order given, expected follows from the steps, no internal contradiction, every control traceable to the v1.6 spec or the captured design (anything unpinned is explicitly hedged), and pass/fail is observable.",YES — S1-R2;S1-R3 (YES),no Jira ticket exists for Filters (stated - never invented),YES — plain wording; no internal ids / spec anchors / Jira keys / VIU jargon in any tester-facing field; numbered preconditions+steps+expected 1..n; title 70 chars (<=80)
FLT-BAR-03,C29559,https://shopview.testrail.io/index.php?/cases/view/29559,Filter Bar Layout and Visibility,The filter bar still shows the other four chips on the Estimates tab,68,MERGE,T2,MG19-ESTIMATES-TAB-BAR,FLT-TAB-02,"Re-verdicted from CUT to MERGE on a fresh read: its expected 1 (the filter BAR itself does not disappear on the Estimates tab) is genuinely NOT asserted by FLT-TAB-02 = C29609, which speaks about the chips. Fold that one line into C29609 and retire this case; do not simply delete it.",re-verdicted this pass,SENSIBLE,"Cold-read PASS (full body read this pass): preconditions reachable and seeding stated where needed, steps executable in the order given, expected follows from the steps, no internal contradiction, every control traceable to the v1.6 spec or the captured design (anything unpinned is explicitly hedged), and pass/fail is observable.",YES — S1-N1;S9-R2 (YES),no Jira ticket exists for Filters (stated - never invented),YES — plain wording; no internal ids / spec anchors / Jira keys / VIU jargon in any tester-facing field; numbered preconditions+steps+expected 1..n; title 68 chars (<=80)
FLT-STAT-01,C29560,https://shopview.testrail.io/index.php?/cases/view/29560,Status Filter,Status chip opens a checkbox list of all nine statuses plus Clear selection,75,KEEP,T2,,,Option-list contract — all nine statuses in the stated order with 'Clear selection'; a missing/misordered status is a real reportable bug.,carried forward from the 2026-07-31 usefulness audit,SENSIBLE,"Cold-read PASS (full body read this pass): preconditions reachable and seeding stated where needed, steps executable in the order given, expected follows from the steps, no internal contradiction, every control traceable to the v1.6 spec or the captured design (anything unpinned is explicitly hedged), and pass/fail is observable.",YES — S2-R1;S2-R4 (YES),no Jira ticket exists for Filters (stated - never invented),YES — plain wording; no internal ids / spec anchors / Jira keys / VIU jargon in any tester-facing field; numbered preconditions+steps+expected 1..n; title 75 chars (<=80)
FLT-STAT-02,C29561,https://shopview.testrail.io/index.php?/cases/view/29561,Status Filter,"Ticking one status filters the table immediately, with no apply button",70,KEEP,T1,,,"The headline real-time filtering contract (tick = table updates immediately, no apply button on desktop).",carried forward from the 2026-07-31 usefulness audit,SENSIBLE,"Cold-read PASS (full body read this pass): preconditions reachable and seeding stated where needed, steps executable in the order given, expected follows from the steps, no internal contradiction, every control traceable to the v1.6 spec or the captured design (anything unpinned is explicitly hedged), and pass/fail is observable.",YES — S2-R2;S2-R3;S2-R6 (YES),no Jira ticket exists for Filters (stated - never invented),YES — plain wording; no internal ids / spec anchors / Jira keys / VIU jargon in any tester-facing field; numbered preconditions+steps+expected 1..n; title 70 chars (<=80)
FLT-STAT-03,C29562,https://shopview.testrail.io/index.php?/cases/view/29562,Status Filter,Ticking several statuses shows work orders matching any of them,63,KEEP,T1,,,"OR-within-a-filter semantics + the no-selection-limit product decision; broken = wrong results, a customer-facing data bug.",carried forward from the 2026-07-31 usefulness audit,SENSIBLE,"Cold-read PASS (full body read this pass): preconditions reachable and seeding stated where needed, steps executable in the order given, expected follows from the steps, no internal contradiction, every control traceable to the v1.6 spec or the captured design (anything unpinned is explicitly hedged), and pass/fail is observable.",YES — S2-R2 (YES),no Jira ticket exists for Filters (stated - never invented),YES — plain wording; no internal ids / spec anchors / Jira keys / VIU jargon in any tester-facing field; numbered preconditions+steps+expected 1..n; title 63 chars (<=80)
FLT-STAT-04,C29563,https://shopview.testrail.io/index.php?/cases/view/29563,Status Filter,Clear selection in the Status dropdown unticks every status,59,MERGE,T2,MG1-CLEAR-SELECTION,FLT-CHIP-05,Absorbed into FLT-CHIP-05 (C29599): same behaviour/component re-authored per entity — runs in one sitting on the same screen; the survivor gains this case's checks.,carried forward from the 2026-07-31 usefulness audit,SENSIBLE,"Cold-read PASS (full body read this pass): preconditions reachable and seeding stated where needed, steps executable in the order given, expected follows from the steps, no internal contradiction, every control traceable to the v1.6 spec or the captured design (anything unpinned is explicitly hedged), and pass/fail is observable.",YES — S2-R4;S8-R2 (YES),no Jira ticket exists for Filters (stated - never invented),YES — plain wording; no internal ids / spec anchors / Jira keys / VIU jargon in any tester-facing field; numbered preconditions+steps+expected 1..n; title 59 chars (<=80)
FLT-STAT-05,C29564,https://shopview.testrail.io/index.php?/cases/view/29564,Status Filter,Clicking outside the Status dropdown closes it and keeps the selections applied,79,KEEP,T2,MG2-CLICK-OUTSIDE,FLT-STAT-05,Click-outside closes the dropdown and keeps the selection applied — the shared popover dismiss contract; survivor of MG2 (gains the other four dropdowns as repeat checks).,carried forward from the 2026-07-31 usefulness audit,SENSIBLE,"Cold-read PASS (full body read this pass): preconditions reachable and seeding stated where needed, steps executable in the order given, expected follows from the steps, no internal contradiction, every control traceable to the v1.6 spec or the captured design (anything unpinned is explicitly hedged), and pass/fail is observable.",YES — S2-R5 (YES),no Jira ticket exists for Filters (stated - never invented),YES — plain wording; no internal ids / spec anchors / Jira keys / VIU jargon in any tester-facing field; numbered preconditions+steps+expected 1..n; title 79 chars (<=80)
FLT-STAT-06,C29565,https://shopview.testrail.io/index.php?/cases/view/29565,Status Filter,Selecting statuses that no work order has shows the empty state,63,MERGE,T2,MG3-EMPTY-STATE,FLT-EMPTY-01,Absorbed into FLT-EMPTY-01 (C29606): same behaviour/component re-authored per entity — runs in one sitting on the same screen; the survivor gains this case's checks.,carried forward from the 2026-07-31 usefulness audit,SENSIBLE,"Cold-read PASS (full body read this pass): preconditions reachable and seeding stated where needed, steps executable in the order given, expected follows from the steps, no internal contradiction, every control traceable to the v1.6 spec or the captured design (anything unpinned is explicitly hedged), and pass/fail is observable.",YES — S2-N3;S8-R3 (YES),no Jira ticket exists for Filters (stated - never invented),YES — plain wording; no internal ids / spec anchors / Jira keys / VIU jargon in any tester-facing field; numbered preconditions+steps+expected 1..n; title 63 chars (<=80)
FLT-COLL-01,C29601,https://shopview.testrail.io/index.php?/cases/view/29601,Collapse and Expand,The toolbar funnel button collapses the bar and the table takes the space,73,KEEP,T2,MG4-COLLAPSE-EXPAND,FLT-COLL-01,The collapse/expand funnel toggle round trip incl. table reclaiming space; survivor of MG4 (gains the expand-restores-filters half).,carried forward from the 2026-07-31 usefulness audit,SENSIBLE,"Cold-read PASS (full body read this pass): preconditions reachable and seeding stated where needed, steps executable in the order given, expected follows from the steps, no internal contradiction, every control traceable to the v1.6 spec or the captured design (anything unpinned is explicitly hedged), and pass/fail is observable.",YES — S1-R4;S1-R5 (YES),no Jira ticket exists for Filters (stated - never invented),YES — plain wording; no internal ids / spec anchors / Jira keys / VIU jargon in any tester-facing field; numbered preconditions+steps+expected 1..n; title 73 chars (<=80)
FLT-COLL-02,C29602,https://shopview.testrail.io/index.php?/cases/view/29602,Collapse and Expand,Expanding the filter bar brings it back with active filters still shown,71,MERGE,T2,MG4-COLLAPSE-EXPAND,FLT-COLL-01,Absorbed into FLT-COLL-01 (C29601): same behaviour/component re-authored per entity — runs in one sitting on the same screen; the survivor gains this case's checks.,carried forward from the 2026-07-31 usefulness audit,SENSIBLE,"Cold-read PASS (full body read this pass): preconditions reachable and seeding stated where needed, steps executable in the order given, expected follows from the steps, no internal contradiction, every control traceable to the v1.6 spec or the captured design (anything unpinned is explicitly hedged), and pass/fail is observable.",YES — S1-R6 (YES),no Jira ticket exists for Filters (stated - never invented),YES — plain wording; no internal ids / spec anchors / Jira keys / VIU jargon in any tester-facing field; numbered preconditions+steps+expected 1..n; title 71 chars (<=80)
FLT-COLL-03,C29603,https://shopview.testrail.io/index.php?/cases/view/29603,Collapse and Expand,The filter bar's collapsed or expanded state is remembered on return,68,CUT,T2,,,Duplicate of FLT-PERS-01 (C29613): bar collapsed/expanded state restored after leaving and returning is already expected lines 2-3 there.,carried forward from the 2026-07-31 usefulness audit,SENSIBLE,"Cold-read PASS (full body read this pass): preconditions reachable and seeding stated where needed, steps executable in the order given, expected follows from the steps, no internal contradiction, every control traceable to the v1.6 spec or the captured design (anything unpinned is explicitly hedged), and pass/fail is observable.",YES — S1-R7;S10-R1 (YES),no Jira ticket exists for Filters (stated - never invented),YES — plain wording; no internal ids / spec anchors / Jira keys / VIU jargon in any tester-facing field; numbered preconditions+steps+expected 1..n; title 68 chars (<=80)
FLT-COLL-04,C29604,https://shopview.testrail.io/index.php?/cases/view/29604,Collapse and Expand,Collapsed funnel button shows a blue indicator only when filters are active,75,KEEP,T2,,,Collapsed-with-active-filters indicator — prevents the 'invisible filtering' trap where a user cannot see why the list is short.,carried forward from the 2026-07-31 usefulness audit,SENSIBLE,"Cold-read PASS (full body read this pass): preconditions reachable and seeding stated where needed, steps executable in the order given, expected follows from the steps, no internal contradiction, every control traceable to the v1.6 spec or the captured design (anything unpinned is explicitly hedged), and pass/fail is observable.",YES — S7-R4;S7-N2 (YES),no Jira ticket exists for Filters (stated - never invented),YES — plain wording; no internal ids / spec anchors / Jira keys / VIU jargon in any tester-facing field; numbered preconditions+steps+expected 1..n; title 75 chars (<=80)
FLT-COLL-05,C29605,https://shopview.testrail.io/index.php?/cases/view/29605,Collapse and Expand,Active filters keep filtering the table while the filter bar is collapsed,73,KEEP,T1,,,Active filters keep filtering while the bar is hidden — a real data-visibility bug if collapsing paused or dropped the filters.,carried forward from the 2026-07-31 usefulness audit,SENSIBLE,"Cold-read PASS (full body read this pass): preconditions reachable and seeding stated where needed, steps executable in the order given, expected follows from the steps, no internal contradiction, every control traceable to the v1.6 spec or the captured design (anything unpinned is explicitly hedged), and pass/fail is observable.",YES — S7-R5 (YES),no Jira ticket exists for Filters (stated - never invented),YES — plain wording; no internal ids / spec anchors / Jira keys / VIU jargon in any tester-facing field; numbered preconditions+steps+expected 1..n; title 73 chars (<=80)
FLT-STAT-07,C38877,https://shopview.testrail.io/index.php?/cases/view/38877,Status Filter,Imported works alone: picking it greys out the other filters,60,KEEP,T1,,,Imported exclusivity gate (separate data source) — combined-filter corruption risk; explicitly regression-flagged by engineering; pending Branko confirmation.,carried forward from the 2026-07-31 usefulness audit,SENSIBLE,"Cold-read PASS (full body read this pass): preconditions reachable and seeding stated where needed, steps executable in the order given, expected follows from the steps, no internal contradiction, every control traceable to the v1.6 spec or the captured design (anything unpinned is explicitly hedged), and pass/fail is observable.",YES — S2-R7;S2-N4 (YES),no Jira ticket exists for Filters (stated - never invented),YES — plain wording; no internal ids / spec anchors / Jira keys / VIU jargon in any tester-facing field; numbered preconditions+steps+expected 1..n; title 60 chars (<=80)
FLT-CUST-01,C29566,https://shopview.testrail.io/index.php?/cases/view/29566,Customer Filter,Customer chip opens a dropdown with a search field and a customer list,70,KEEP,T2,MG5-DROPDOWN-OPEN,FLT-CUST-01,"The searchable multi-select dropdown's open state (search field, list, 'Clear selection'); survivor of MG5 (gains the Technician/Advisor twins as repeat checks).",carried forward from the 2026-07-31 usefulness audit,SENSIBLE,"Cold-read PASS (full body read this pass): preconditions reachable and seeding stated where needed, steps executable in the order given, expected follows from the steps, no internal contradiction, every control traceable to the v1.6 spec or the captured design (anything unpinned is explicitly hedged), and pass/fail is observable.",YES — S3-R1 (YES),no Jira ticket exists for Filters (stated - never invented),YES — plain wording; no internal ids / spec anchors / Jira keys / VIU jargon in any tester-facing field; numbered preconditions+steps+expected 1..n; title 70 chars (<=80)
FLT-CUST-02,C29567,https://shopview.testrail.io/index.php?/cases/view/29567,Customer Filter,Typing in the customer search narrows the list to matching names,64,KEEP,T2,MG6-TYPEAHEAD,FLT-CUST-02,Type-ahead narrowing of the shared people list; survivor of MG6 (gains the Technician/Advisor repeat checks).,carried forward from the 2026-07-31 usefulness audit,SENSIBLE,"Cold-read PASS (full body read this pass): preconditions reachable and seeding stated where needed, steps executable in the order given, expected follows from the steps, no internal contradiction, every control traceable to the v1.6 spec or the captured design (anything unpinned is explicitly hedged), and pass/fail is observable.",YES — S3-R2 (YES),no Jira ticket exists for Filters (stated - never invented),YES — plain wording; no internal ids / spec anchors / Jira keys / VIU jargon in any tester-facing field; numbered preconditions+steps+expected 1..n; title 64 chars (<=80)
FLT-CUST-03,C29568,https://shopview.testrail.io/index.php?/cases/view/29568,Customer Filter,Selected customers show as removable tags and as ticks in the list,66,KEEP,T2,MG7-TAG-SELECT,FLT-CUST-03,Tag/checkmark multi-select contract incl. ellipsis and the no-limit decision; survivor of MG7 (gains the remove-one-tag half).,carried forward from the 2026-07-31 usefulness audit,SENSIBLE,"Cold-read PASS (full body read this pass): preconditions reachable and seeding stated where needed, steps executable in the order given, expected follows from the steps, no internal contradiction, every control traceable to the v1.6 spec or the captured design (anything unpinned is explicitly hedged), and pass/fail is observable.",YES — S3-R3;S3-R4 (YES),no Jira ticket exists for Filters (stated - never invented),YES — plain wording; no internal ids / spec anchors / Jira keys / VIU jargon in any tester-facing field; numbered preconditions+steps+expected 1..n; title 66 chars (<=80)
FLT-CUST-04,C29569,https://shopview.testrail.io/index.php?/cases/view/29569,Customer Filter,Clicking the x on a customer tag removes just that customer from the selection,78,MERGE,T2,MG7-TAG-SELECT,FLT-CUST-03,Absorbed into FLT-CUST-03 (C29568): same behaviour/component re-authored per entity — runs in one sitting on the same screen; the survivor gains this case's checks.,carried forward from the 2026-07-31 usefulness audit,SENSIBLE,"Cold-read PASS (full body read this pass): preconditions reachable and seeding stated where needed, steps executable in the order given, expected follows from the steps, no internal contradiction, every control traceable to the v1.6 spec or the captured design (anything unpinned is explicitly hedged), and pass/fail is observable.",YES — S3-R5 (YES),no Jira ticket exists for Filters (stated - never invented),YES — plain wording; no internal ids / spec anchors / Jira keys / VIU jargon in any tester-facing field; numbered preconditions+steps+expected 1..n; title 78 chars (<=80)
FLT-CUST-05,C29570,https://shopview.testrail.io/index.php?/cases/view/29570,Customer Filter,The table shows only work orders belonging to any of the selected customers,75,KEEP,T1,,,"Customer-ACCOUNT filtering semantics (not the contact person, per engineering G3) — a wrong-field bug here misfilters every customer's list.",carried forward from the 2026-07-31 usefulness audit,SENSIBLE,"Cold-read PASS (full body read this pass): preconditions reachable and seeding stated where needed, steps executable in the order given, expected follows from the steps, no internal contradiction, every control traceable to the v1.6 spec or the captured design (anything unpinned is explicitly hedged), and pass/fail is observable.",YES — S3-R6;S2-R6 (YES),no Jira ticket exists for Filters (stated - never invented),YES — plain wording; no internal ids / spec anchors / Jira keys / VIU jargon in any tester-facing field; numbered preconditions+steps+expected 1..n; title 75 chars (<=80)
FLT-CUST-06,C29571,https://shopview.testrail.io/index.php?/cases/view/29571,Customer Filter,Clear selection in the Customer dropdown removes all selected customers,71,MERGE,T2,MG1-CLEAR-SELECTION,FLT-CHIP-05,Absorbed into FLT-CHIP-05 (C29599): same behaviour/component re-authored per entity — runs in one sitting on the same screen; the survivor gains this case's checks.,carried forward from the 2026-07-31 usefulness audit,SENSIBLE,"Cold-read PASS (full body read this pass): preconditions reachable and seeding stated where needed, steps executable in the order given, expected follows from the steps, no internal contradiction, every control traceable to the v1.6 spec or the captured design (anything unpinned is explicitly hedged), and pass/fail is observable.",YES — S3-R7;S8-R2 (YES),no Jira ticket exists for Filters (stated - never invented),YES — plain wording; no internal ids / spec anchors / Jira keys / VIU jargon in any tester-facing field; numbered preconditions+steps+expected 1..n; title 71 chars (<=80)
FLT-CUST-07,C29572,https://shopview.testrail.io/index.php?/cases/view/29572,Customer Filter,Clicking outside the Customer dropdown closes it and the selections remain,74,MERGE,T2,MG2-CLICK-OUTSIDE,FLT-STAT-05,Absorbed into FLT-STAT-05 (C29564): same behaviour/component re-authored per entity — runs in one sitting on the same screen; the survivor gains this case's checks.,carried forward from the 2026-07-31 usefulness audit,SENSIBLE,"Cold-read PASS (full body read this pass): preconditions reachable and seeding stated where needed, steps executable in the order given, expected follows from the steps, no internal contradiction, every control traceable to the v1.6 spec or the captured design (anything unpinned is explicitly hedged), and pass/fail is observable.",YES — S3-R8 (YES),no Jira ticket exists for Filters (stated - never invented),YES — plain wording; no internal ids / spec anchors / Jira keys / VIU jargon in any tester-facing field; numbered preconditions+steps+expected 1..n; title 74 chars (<=80)
FLT-CUST-08,C29573,https://shopview.testrail.io/index.php?/cases/view/29573,Customer Filter,Customer search with no matching name shows a no-results message in the list,76,KEEP,T2,,,"In-dropdown no-results message — correctly authored ONCE for the shared search list, not per filter.",carried forward from the 2026-07-31 usefulness audit,SENSIBLE,"Cold-read PASS (full body read this pass): preconditions reachable and seeding stated where needed, steps executable in the order given, expected follows from the steps, no internal contradiction, every control traceable to the v1.6 spec or the captured design (anything unpinned is explicitly hedged), and pass/fail is observable.",YES — S3-N1 (YES),no Jira ticket exists for Filters (stated - never invented),YES — plain wording; no internal ids / spec anchors / Jira keys / VIU jargon in any tester-facing field; numbered preconditions+steps+expected 1..n; title 76 chars (<=80)
FLT-CUST-09,C29574,https://shopview.testrail.io/index.php?/cases/view/29574,Customer Filter,A customer with no work orders is still listed; picking them shows no rows,74,KEEP,T2,,,"Customers with no work orders must still be offered in the list (S3-E1) — a real selectable-options bug, plus the empty-result leg.",carried forward from the 2026-07-31 usefulness audit,SENSIBLE,"Cold-read PASS (full body read this pass): preconditions reachable and seeding stated where needed, steps executable in the order given, expected follows from the steps, no internal contradiction, every control traceable to the v1.6 spec or the captured design (anything unpinned is explicitly hedged), and pass/fail is observable.",YES — S3-E1;S3-N2;S8-R3 (YES),no Jira ticket exists for Filters (stated - never invented),YES — plain wording; no internal ids / spec anchors / Jira keys / VIU jargon in any tester-facing field; numbered preconditions+steps+expected 1..n; title 74 chars (<=80)
FLT-TECH-01,C29575,https://shopview.testrail.io/index.php?/cases/view/29575,Lead Technician Filter,Lead Technician chip opens a dropdown with a search field and a list,68,MERGE,T2,MG5-DROPDOWN-OPEN,FLT-CUST-01,Absorbed into FLT-CUST-01 (C29566): same behaviour/component re-authored per entity — runs in one sitting on the same screen; the survivor gains this case's checks.,carried forward from the 2026-07-31 usefulness audit,SENSIBLE,"Cold-read PASS (full body read this pass): preconditions reachable and seeding stated where needed, steps executable in the order given, expected follows from the steps, no internal contradiction, every control traceable to the v1.6 spec or the captured design (anything unpinned is explicitly hedged), and pass/fail is observable.",YES — S4-R1 (YES),no Jira ticket exists for Filters (stated - never invented),YES — plain wording; no internal ids / spec anchors / Jira keys / VIU jargon in any tester-facing field; numbered preconditions+steps+expected 1..n; title 68 chars (<=80)
FLT-TECH-02,C29576,https://shopview.testrail.io/index.php?/cases/view/29576,Lead Technician Filter,Typing in the technician search narrows the list to matching names,66,MERGE,T2,MG6-TYPEAHEAD,FLT-CUST-02,Absorbed into FLT-CUST-02 (C29567): same behaviour/component re-authored per entity — runs in one sitting on the same screen; the survivor gains this case's checks.,carried forward from the 2026-07-31 usefulness audit,SENSIBLE,"Cold-read PASS (full body read this pass): preconditions reachable and seeding stated where needed, steps executable in the order given, expected follows from the steps, no internal contradiction, every control traceable to the v1.6 spec or the captured design (anything unpinned is explicitly hedged), and pass/fail is observable.",YES — S4-R2 (YES),no Jira ticket exists for Filters (stated - never invented),YES — plain wording; no internal ids / spec anchors / Jira keys / VIU jargon in any tester-facing field; numbered preconditions+steps+expected 1..n; title 66 chars (<=80)
FLT-TECH-03,C29577,https://shopview.testrail.io/index.php?/cases/view/29577,Lead Technician Filter,Selecting technicians shows only work orders where they are the lead technician,79,KEEP,T1,,,Lead-only matching — the one semantic that distinguishes this filter from 'any assigned technician'; a classic wrong-field bug.,carried forward from the 2026-07-31 usefulness audit,SENSIBLE,"Cold-read PASS (full body read this pass): preconditions reachable and seeding stated where needed, steps executable in the order given, expected follows from the steps, no internal contradiction, every control traceable to the v1.6 spec or the captured design (anything unpinned is explicitly hedged), and pass/fail is observable.",YES — S4-R3;S4-R4 (YES),no Jira ticket exists for Filters (stated - never invented),YES — plain wording; no internal ids / spec anchors / Jira keys / VIU jargon in any tester-facing field; numbered preconditions+steps+expected 1..n; title 79 chars (<=80)
FLT-TECH-04,C29578,https://shopview.testrail.io/index.php?/cases/view/29578,Lead Technician Filter,Clear selection in the Lead Technician dropdown removes all selected technicians,80,MERGE,T2,MG1-CLEAR-SELECTION,FLT-CHIP-05,Absorbed into FLT-CHIP-05 (C29599): same behaviour/component re-authored per entity — runs in one sitting on the same screen; the survivor gains this case's checks.,carried forward from the 2026-07-31 usefulness audit,SENSIBLE,"Cold-read PASS (full body read this pass): preconditions reachable and seeding stated where needed, steps executable in the order given, expected follows from the steps, no internal contradiction, every control traceable to the v1.6 spec or the captured design (anything unpinned is explicitly hedged), and pass/fail is observable.",YES — S4-R5;S8-R2 (YES),no Jira ticket exists for Filters (stated - never invented),YES — plain wording; no internal ids / spec anchors / Jira keys / VIU jargon in any tester-facing field; numbered preconditions+steps+expected 1..n; title 80 chars (<=80)
FLT-TECH-05,C29579,https://shopview.testrail.io/index.php?/cases/view/29579,Lead Technician Filter,Clicking outside the Lead Technician dropdown closes it,55,MERGE,T2,MG2-CLICK-OUTSIDE,FLT-STAT-05,Absorbed into FLT-STAT-05 (C29564): same behaviour/component re-authored per entity — runs in one sitting on the same screen; the survivor gains this case's checks.,carried forward from the 2026-07-31 usefulness audit,SENSIBLE,"Cold-read PASS (full body read this pass): preconditions reachable and seeding stated where needed, steps executable in the order given, expected follows from the steps, no internal contradiction, every control traceable to the v1.6 spec or the captured design (anything unpinned is explicitly hedged), and pass/fail is observable.",YES — S4-R6 (YES),no Jira ticket exists for Filters (stated - never invented),YES — plain wording; no internal ids / spec anchors / Jira keys / VIU jargon in any tester-facing field; numbered preconditions+steps+expected 1..n; title 55 chars (<=80)
FLT-TECH-06,C29580,https://shopview.testrail.io/index.php?/cases/view/29580,Lead Technician Filter,Selecting a technician who leads no work orders shows the empty state,69,MERGE,T2,MG3-EMPTY-STATE,FLT-EMPTY-01,Absorbed into FLT-EMPTY-01 (C29606): same behaviour/component re-authored per entity — runs in one sitting on the same screen; the survivor gains this case's checks.,carried forward from the 2026-07-31 usefulness audit,SENSIBLE,"Cold-read PASS (full body read this pass): preconditions reachable and seeding stated where needed, steps executable in the order given, expected follows from the steps, no internal contradiction, every control traceable to the v1.6 spec or the captured design (anything unpinned is explicitly hedged), and pass/fail is observable.",YES — S4-N1;S8-R3 (YES),no Jira ticket exists for Filters (stated - never invented),YES — plain wording; no internal ids / spec anchors / Jira keys / VIU jargon in any tester-facing field; numbered preconditions+steps+expected 1..n; title 69 chars (<=80)
FLT-TECH-07,C29581,https://shopview.testrail.io/index.php?/cases/view/29581,Lead Technician Filter,A deactivated technician does not appear in the Lead Technician filter list,75,KEEP,T2,MG8-DEACTIVATED-STAFF,FLT-TECH-07,Deactivated staff excluded from the filter list (activeOnly per engineering G5); survivor of MG8 (gains the Advisor twin).,carried forward from the 2026-07-31 usefulness audit,SENSIBLE,"Cold-read PASS (full body read this pass): preconditions reachable and seeding stated where needed, steps executable in the order given, expected follows from the steps, no internal contradiction, every control traceable to the v1.6 spec or the captured design (anything unpinned is explicitly hedged), and pass/fail is observable.",YES — S4-E1 (YES),no Jira ticket exists for Filters (stated - never invented),YES — plain wording; no internal ids / spec anchors / Jira keys / VIU jargon in any tester-facing field; numbered preconditions+steps+expected 1..n; title 75 chars (<=80)
FLT-ADV-01,C29582,https://shopview.testrail.io/index.php?/cases/view/29582,Service Advisor Filter,Service Advisor chip opens a dropdown with a search field and a list,68,MERGE,T2,MG5-DROPDOWN-OPEN,FLT-CUST-01,Absorbed into FLT-CUST-01 (C29566): same behaviour/component re-authored per entity — runs in one sitting on the same screen; the survivor gains this case's checks.,carried forward from the 2026-07-31 usefulness audit,SENSIBLE,"Cold-read PASS (full body read this pass): preconditions reachable and seeding stated where needed, steps executable in the order given, expected follows from the steps, no internal contradiction, every control traceable to the v1.6 spec or the captured design (anything unpinned is explicitly hedged), and pass/fail is observable.",YES — S5-R1 (YES),no Jira ticket exists for Filters (stated - never invented),YES — plain wording; no internal ids / spec anchors / Jira keys / VIU jargon in any tester-facing field; numbered preconditions+steps+expected 1..n; title 68 chars (<=80)
FLT-ADV-02,C29583,https://shopview.testrail.io/index.php?/cases/view/29583,Service Advisor Filter,Typing in the advisor search narrows the list to matching names,63,MERGE,T2,MG6-TYPEAHEAD,FLT-CUST-02,Absorbed into FLT-CUST-02 (C29567): same behaviour/component re-authored per entity — runs in one sitting on the same screen; the survivor gains this case's checks.,carried forward from the 2026-07-31 usefulness audit,SENSIBLE,"Cold-read PASS (full body read this pass): preconditions reachable and seeding stated where needed, steps executable in the order given, expected follows from the steps, no internal contradiction, every control traceable to the v1.6 spec or the captured design (anything unpinned is explicitly hedged), and pass/fail is observable.",YES — S5-R2 (YES),no Jira ticket exists for Filters (stated - never invented),YES — plain wording; no internal ids / spec anchors / Jira keys / VIU jargon in any tester-facing field; numbered preconditions+steps+expected 1..n; title 63 chars (<=80)
FLT-ADV-03,C29584,https://shopview.testrail.io/index.php?/cases/view/29584,Service Advisor Filter,Selecting advisors shows only work orders assigned to those advisors,68,KEEP,T1,,,Advisor-assignment filtering semantics on its own backing field; wrong-field bugs are per-filter distinct.,carried forward from the 2026-07-31 usefulness audit,SENSIBLE,"Cold-read PASS (full body read this pass): preconditions reachable and seeding stated where needed, steps executable in the order given, expected follows from the steps, no internal contradiction, every control traceable to the v1.6 spec or the captured design (anything unpinned is explicitly hedged), and pass/fail is observable.",YES — S5-R3;S5-R4 (YES),no Jira ticket exists for Filters (stated - never invented),YES — plain wording; no internal ids / spec anchors / Jira keys / VIU jargon in any tester-facing field; numbered preconditions+steps+expected 1..n; title 68 chars (<=80)
FLT-ADV-04,C29585,https://shopview.testrail.io/index.php?/cases/view/29585,Service Advisor Filter,Clear selection in the Service Advisor dropdown removes all selected advisors,77,MERGE,T2,MG1-CLEAR-SELECTION,FLT-CHIP-05,Absorbed into FLT-CHIP-05 (C29599): same behaviour/component re-authored per entity — runs in one sitting on the same screen; the survivor gains this case's checks.,carried forward from the 2026-07-31 usefulness audit,SENSIBLE,"Cold-read PASS (full body read this pass): preconditions reachable and seeding stated where needed, steps executable in the order given, expected follows from the steps, no internal contradiction, every control traceable to the v1.6 spec or the captured design (anything unpinned is explicitly hedged), and pass/fail is observable.",YES — S5-R5;S8-R2 (YES),no Jira ticket exists for Filters (stated - never invented),YES — plain wording; no internal ids / spec anchors / Jira keys / VIU jargon in any tester-facing field; numbered preconditions+steps+expected 1..n; title 77 chars (<=80)
FLT-ADV-05,C29586,https://shopview.testrail.io/index.php?/cases/view/29586,Service Advisor Filter,Clicking outside the Service Advisor dropdown closes it,55,MERGE,T2,MG2-CLICK-OUTSIDE,FLT-STAT-05,Absorbed into FLT-STAT-05 (C29564): same behaviour/component re-authored per entity — runs in one sitting on the same screen; the survivor gains this case's checks.,carried forward from the 2026-07-31 usefulness audit,SENSIBLE,"Cold-read PASS (full body read this pass): preconditions reachable and seeding stated where needed, steps executable in the order given, expected follows from the steps, no internal contradiction, every control traceable to the v1.6 spec or the captured design (anything unpinned is explicitly hedged), and pass/fail is observable.",YES — S5-R6 (YES),no Jira ticket exists for Filters (stated - never invented),YES — plain wording; no internal ids / spec anchors / Jira keys / VIU jargon in any tester-facing field; numbered preconditions+steps+expected 1..n; title 55 chars (<=80)
FLT-ADV-06,C29587,https://shopview.testrail.io/index.php?/cases/view/29587,Service Advisor Filter,Selecting an advisor with no assigned work orders shows the empty state,71,MERGE,T2,MG3-EMPTY-STATE,FLT-EMPTY-01,Absorbed into FLT-EMPTY-01 (C29606): same behaviour/component re-authored per entity — runs in one sitting on the same screen; the survivor gains this case's checks.,carried forward from the 2026-07-31 usefulness audit,SENSIBLE,"Cold-read PASS (full body read this pass): preconditions reachable and seeding stated where needed, steps executable in the order given, expected follows from the steps, no internal contradiction, every control traceable to the v1.6 spec or the captured design (anything unpinned is explicitly hedged), and pass/fail is observable.",YES — S5-N1;S8-R3 (YES),no Jira ticket exists for Filters (stated - never invented),YES — plain wording; no internal ids / spec anchors / Jira keys / VIU jargon in any tester-facing field; numbered preconditions+steps+expected 1..n; title 71 chars (<=80)
FLT-ADV-07,C29588,https://shopview.testrail.io/index.php?/cases/view/29588,Service Advisor Filter,A deactivated advisor does not appear in the Service Advisor filter list,72,MERGE,T2,MG8-DEACTIVATED-STAFF,FLT-TECH-07,Absorbed into FLT-TECH-07 (C29581): same behaviour/component re-authored per entity — runs in one sitting on the same screen; the survivor gains this case's checks.,carried forward from the 2026-07-31 usefulness audit,SENSIBLE,"Cold-read PASS (full body read this pass): preconditions reachable and seeding stated where needed, steps executable in the order given, expected follows from the steps, no internal contradiction, every control traceable to the v1.6 spec or the captured design (anything unpinned is explicitly hedged), and pass/fail is observable.",YES — S5-E1 (YES),no Jira ticket exists for Filters (stated - never invented),YES — plain wording; no internal ids / spec anchors / Jira keys / VIU jargon in any tester-facing field; numbered preconditions+steps+expected 1..n; title 72 chars (<=80)
FLT-ASSET-01,C29589,https://shopview.testrail.io/index.php?/cases/view/29589,Asset on Site Filter,Asset on site chip opens a dropdown with Yes and No plus Clear selection,72,KEEP,T2,,,Yes/No dropdown composition — dropdown-not-toggle was an explicit product decision (spec §4).,carried forward from the 2026-07-31 usefulness audit,SENSIBLE,"Cold-read PASS (full body read this pass): preconditions reachable and seeding stated where needed, steps executable in the order given, expected follows from the steps, no internal contradiction, every control traceable to the v1.6 spec or the captured design (anything unpinned is explicitly hedged), and pass/fail is observable.",YES — S6-R1 (YES),no Jira ticket exists for Filters (stated - never invented),YES — plain wording; no internal ids / spec anchors / Jira keys / VIU jargon in any tester-facing field; numbered preconditions+steps+expected 1..n; title 72 chars (<=80)
FLT-ASSET-02,C29590,https://shopview.testrail.io/index.php?/cases/view/29590,Asset on Site Filter,Choosing Yes shows only work orders whose asset is on site,58,KEEP,T1,,,On-site = Yes filtering against the real on-site data field (data source flagged OQ-6).,carried forward from the 2026-07-31 usefulness audit,SENSIBLE,"Cold-read PASS (full body read this pass): preconditions reachable and seeding stated where needed, steps executable in the order given, expected follows from the steps, no internal contradiction, every control traceable to the v1.6 spec or the captured design (anything unpinned is explicitly hedged), and pass/fail is observable.",YES — S6-R2 (YES),no Jira ticket exists for Filters (stated - never invented),YES — plain wording; no internal ids / spec anchors / Jira keys / VIU jargon in any tester-facing field; numbered preconditions+steps+expected 1..n; title 58 chars (<=80)
FLT-ASSET-03,C29591,https://shopview.testrail.io/index.php?/cases/view/29591,Asset on Site Filter,Asset on site is single-select: choosing the other option replaces the first,76,KEEP,T1,,,Single-select replacement semantics — this chip alone replaces rather than accumulates selections.,carried forward from the 2026-07-31 usefulness audit,SENSIBLE,"Cold-read PASS (full body read this pass): preconditions reachable and seeding stated where needed, steps executable in the order given, expected follows from the steps, no internal contradiction, every control traceable to the v1.6 spec or the captured design (anything unpinned is explicitly hedged), and pass/fail is observable.",YES — S6-R3 (YES),no Jira ticket exists for Filters (stated - never invented),YES — plain wording; no internal ids / spec anchors / Jira keys / VIU jargon in any tester-facing field; numbered preconditions+steps+expected 1..n; title 76 chars (<=80)
FLT-ASSET-04,C29592,https://shopview.testrail.io/index.php?/cases/view/29592,Asset on Site Filter,Clear selection in the Asset on site dropdown removes the filter,64,MERGE,T2,MG1-CLEAR-SELECTION,FLT-CHIP-05,Absorbed into FLT-CHIP-05 (C29599): same behaviour/component re-authored per entity — runs in one sitting on the same screen; the survivor gains this case's checks.,carried forward from the 2026-07-31 usefulness audit,SENSIBLE,"Cold-read PASS (full body read this pass): preconditions reachable and seeding stated where needed, steps executable in the order given, expected follows from the steps, no internal contradiction, every control traceable to the v1.6 spec or the captured design (anything unpinned is explicitly hedged), and pass/fail is observable.",YES — S6-R4;S8-R2 (YES),no Jira ticket exists for Filters (stated - never invented),YES — plain wording; no internal ids / spec anchors / Jira keys / VIU jargon in any tester-facing field; numbered preconditions+steps+expected 1..n; title 64 chars (<=80)
FLT-ASSET-05,C29593,https://shopview.testrail.io/index.php?/cases/view/29593,Asset on Site Filter,Clicking outside the Asset on site dropdown closes it,53,MERGE,T2,MG2-CLICK-OUTSIDE,FLT-STAT-05,Absorbed into FLT-STAT-05 (C29564): same behaviour/component re-authored per entity — runs in one sitting on the same screen; the survivor gains this case's checks.,carried forward from the 2026-07-31 usefulness audit,SENSIBLE,"Cold-read PASS (full body read this pass): preconditions reachable and seeding stated where needed, steps executable in the order given, expected follows from the steps, no internal contradiction, every control traceable to the v1.6 spec or the captured design (anything unpinned is explicitly hedged), and pass/fail is observable.",YES — S6-R5 (YES),no Jira ticket exists for Filters (stated - never invented),YES — plain wording; no internal ids / spec anchors / Jira keys / VIU jargon in any tester-facing field; numbered preconditions+steps+expected 1..n; title 53 chars (<=80)
FLT-ASSET-06,C29594,https://shopview.testrail.io/index.php?/cases/view/29594,Asset on Site Filter,An Asset on site choice that matches no work orders shows the empty state,73,MERGE,T2,MG3-EMPTY-STATE,FLT-EMPTY-01,Absorbed into FLT-EMPTY-01 (C29606): same behaviour/component re-authored per entity — runs in one sitting on the same screen; the survivor gains this case's checks.,carried forward from the 2026-07-31 usefulness audit,SENSIBLE,"Cold-read PASS (full body read this pass): preconditions reachable and seeding stated where needed, steps executable in the order given, expected follows from the steps, no internal contradiction, every control traceable to the v1.6 spec or the captured design (anything unpinned is explicitly hedged), and pass/fail is observable.",YES — S6-N1;S8-R3 (YES),no Jira ticket exists for Filters (stated - never invented),YES — plain wording; no internal ids / spec anchors / Jira keys / VIU jargon in any tester-facing field; numbered preconditions+steps+expected 1..n; title 73 chars (<=80)
FLT-ASSET-07,C38878,https://shopview.testrail.io/index.php?/cases/view/38878,Asset on Site Filter,Choosing No shows only work orders whose asset is not on site,61,KEEP,T1,,,The brand-new 'No' backend path engineering explicitly flags for functional verification (tech plan G4/4-1.6) — regression-watch.,carried forward from the 2026-07-31 usefulness audit,SENSIBLE,"Cold-read PASS (full body read this pass): preconditions reachable and seeding stated where needed, steps executable in the order given, expected follows from the steps, no internal contradiction, every control traceable to the v1.6 spec or the captured design (anything unpinned is explicitly hedged), and pass/fail is observable.",YES — S6-R2 (YES),no Jira ticket exists for Filters (stated - never invented),YES — plain wording; no internal ids / spec anchors / Jira keys / VIU jargon in any tester-facing field; numbered preconditions+steps+expected 1..n; title 61 chars (<=80)
FLT-CHIP-01,C29595,https://shopview.testrail.io/index.php?/cases/view/29595,Active Filter Chips and Clear Filters,A chip with a selected value turns blue and shows the value,59,KEEP,T2,,,Active-chip state contract — chip turns blue and displays the selected value; the at-a-glance feedback the whole bar is for.,carried forward from the 2026-07-31 usefulness audit,SENSIBLE,"Cold-read PASS (full body read this pass): preconditions reachable and seeding stated where needed, steps executable in the order given, expected follows from the steps, no internal contradiction, every control traceable to the v1.6 spec or the captured design (anything unpinned is explicitly hedged), and pass/fail is observable.",YES — S7-R1 (YES),no Jira ticket exists for Filters (stated - never invented),YES — plain wording; no internal ids / spec anchors / Jira keys / VIU jargon in any tester-facing field; numbered preconditions+steps+expected 1..n; title 59 chars (<=80)
FLT-CHIP-02,C29596,https://shopview.testrail.io/index.php?/cases/view/29596,Active Filter Chips and Clear Filters,A chip with several values shows the first ones and shortens the rest,69,KEEP,T2,,,"Multi-value chip label composition (list+ellipsis vs count — spec-vs-design flagged, to pin at VIU).",carried forward from the 2026-07-31 usefulness audit,SENSIBLE,"Cold-read PASS (full body read this pass): preconditions reachable and seeding stated where needed, steps executable in the order given, expected follows from the steps, no internal contradiction, every control traceable to the v1.6 spec or the captured design (anything unpinned is explicitly hedged), and pass/fail is observable.",YES — S7-R2 (YES),no Jira ticket exists for Filters (stated - never invented),YES — plain wording; no internal ids / spec anchors / Jira keys / VIU jargon in any tester-facing field; numbered preconditions+steps+expected 1..n; title 69 chars (<=80)
FLT-CHIP-03,C29597,https://shopview.testrail.io/index.php?/cases/view/29597,Active Filter Chips and Clear Filters,'Clear filters' shows right of the chips only when a filter is active,69,KEEP,T2,,,'Clear filters' appears only when at least one filter is active — presence/absence both asserted in one case.,carried forward from the 2026-07-31 usefulness audit,SENSIBLE,"Cold-read PASS (full body read this pass): preconditions reachable and seeding stated where needed, steps executable in the order given, expected follows from the steps, no internal contradiction, every control traceable to the v1.6 spec or the captured design (anything unpinned is explicitly hedged), and pass/fail is observable.",YES — S7-R3;S7-N1;S8-N1 (YES),no Jira ticket exists for Filters (stated - never invented),YES — plain wording; no internal ids / spec anchors / Jira keys / VIU jargon in any tester-facing field; numbered preconditions+steps+expected 1..n; title 69 chars (<=80)
FLT-CHIP-04,C29598,https://shopview.testrail.io/index.php?/cases/view/29598,Active Filter Chips and Clear Filters,'Clear filters' removes every active filter and resets all chips,64,KEEP,T1,,,One-click clear-all contract across every active filter.,carried forward from the 2026-07-31 usefulness audit,SENSIBLE,"Cold-read PASS (full body read this pass): preconditions reachable and seeding stated where needed, steps executable in the order given, expected follows from the steps, no internal contradiction, every control traceable to the v1.6 spec or the captured design (anything unpinned is explicitly hedged), and pass/fail is observable.",YES — S8-R1;S13-R13 (YES),no Jira ticket exists for Filters (stated - never invented),YES — plain wording; no internal ids / spec anchors / Jira keys / VIU jargon in any tester-facing field; numbered preconditions+steps+expected 1..n; title 64 chars (<=80)
FLT-CHIP-05,C29599,https://shopview.testrail.io/index.php?/cases/view/29599,Active Filter Chips and Clear Filters,'Clear selection' in one dropdown clears only that filter,57,KEEP,T1,MG1-CLEAR-SELECTION,FLT-CHIP-05,Per-dropdown 'Clear selection' clears ONLY its own filter; survivor of MG1 (gains the five per-chip twins as a check table).,carried forward from the 2026-07-31 usefulness audit,SENSIBLE,"Cold-read PASS (full body read this pass): preconditions reachable and seeding stated where needed, steps executable in the order given, expected follows from the steps, no internal contradiction, every control traceable to the v1.6 spec or the captured design (anything unpinned is explicitly hedged), and pass/fail is observable.",YES — S8-R2 (YES),no Jira ticket exists for Filters (stated - never invented),YES — plain wording; no internal ids / spec anchors / Jira keys / VIU jargon in any tester-facing field; numbered preconditions+steps+expected 1..n; title 57 chars (<=80)
FLT-CHIP-06,C29600,https://shopview.testrail.io/index.php?/cases/view/29600,Active Filter Chips and Clear Filters,Status and Customer filters together show only work orders matching both,72,KEEP,T1,,,AND-across-filters combination semantics — the load-bearing multi-criteria contract of the whole feature.,carried forward from the 2026-07-31 usefulness audit,SENSIBLE,"Cold-read PASS (full body read this pass): preconditions reachable and seeding stated where needed, steps executable in the order given, expected follows from the steps, no internal contradiction, every control traceable to the v1.6 spec or the captured design (anything unpinned is explicitly hedged), and pass/fail is observable.",YES — S8-R3 (YES),no Jira ticket exists for Filters (stated - never invented),YES — plain wording; no internal ids / spec anchors / Jira keys / VIU jargon in any tester-facing field; numbered preconditions+steps+expected 1..n; title 72 chars (<=80)
FLT-EMPTY-01,C29606,https://shopview.testrail.io/index.php?/cases/view/29606,Empty State,A filter combination with no matches shows a no-results empty state,67,KEEP,T1,MG3-EMPTY-STATE,FLT-EMPTY-01,"The filtered empty state (message, no error, not a bare grid); survivor of MG3 (gains the single-filter empty legs).",carried forward from the 2026-07-31 usefulness audit,SENSIBLE,"Cold-read PASS (full body read this pass): preconditions reachable and seeding stated where needed, steps executable in the order given, expected follows from the steps, no internal contradiction, every control traceable to the v1.6 spec or the captured design (anything unpinned is explicitly hedged), and pass/fail is observable.",YES — S8-R3 (YES),no Jira ticket exists for Filters (stated - never invented),YES — plain wording; no internal ids / spec anchors / Jira keys / VIU jargon in any tester-facing field; numbered preconditions+steps+expected 1..n; title 67 chars (<=80)
FLT-EMPTY-02,C29607,https://shopview.testrail.io/index.php?/cases/view/29607,Empty State,The filtered empty state offers a way to clear the filters,58,KEEP,T1,,,"The empty state's clear-filters escape action — a distinct interactive contract (S8-R4), not just display.",carried forward from the 2026-07-31 usefulness audit,SENSIBLE,"Cold-read PASS (full body read this pass): preconditions reachable and seeding stated where needed, steps executable in the order given, expected follows from the steps, no internal contradiction, every control traceable to the v1.6 spec or the captured design (anything unpinned is explicitly hedged), and pass/fail is observable.",YES — S8-R4;S8-R5 (YES),no Jira ticket exists for Filters (stated - never invented),YES — plain wording; no internal ids / spec anchors / Jira keys / VIU jargon in any tester-facing field; numbered preconditions+steps+expected 1..n; title 58 chars (<=80)
FLT-EMPTY-03,C38897,https://shopview.testrail.io/index.php?/cases/view/38897,Empty State,"When filters and a search find nothing, each can be cleared on its own",70,KEEP,T1,,,"The v1.6 S8-R3/R4/R5 both-active empty state: message must name filters AND search, and each must clear independently. Not covered by FLT-EMPTY-01/02 (filters-only).",DERIVED this pass (case authored after the previous audit),SENSIBLE,"Cold-read PASS (full body read this pass): preconditions reachable and seeding stated where needed, steps executable in the order given, expected follows from the steps, no internal contradiction, every control traceable to the v1.6 spec or the captured design (anything unpinned is explicitly hedged), and pass/fail is observable.",YES — S8-R3;S8-R4;S8-R5;S13-N1;S13-N2 (YES),no Jira ticket exists for Filters (stated - never invented),YES — plain wording; no internal ids / spec anchors / Jira keys / VIU jargon in any tester-facing field; numbered preconditions+steps+expected 1..n; title 70 chars (<=80)
FLT-TAB-01,C29608,https://shopview.testrail.io/index.php?/cases/view/29608,Tab Behaviour,"The All tab shows all five filter chips, all working",52,MERGE,T2,MG10-ALLTAB-COMPOSITION,FLT-BAR-02,Absorbed into FLT-BAR-02 (C29558): same behaviour/component re-authored per entity — runs in one sitting on the same screen; the survivor gains this case's checks.,carried forward from the 2026-07-31 usefulness audit,SENSIBLE,"Cold-read PASS (full body read this pass): preconditions reachable and seeding stated where needed, steps executable in the order given, expected follows from the steps, no internal contradiction, every control traceable to the v1.6 spec or the captured design (anything unpinned is explicitly hedged), and pass/fail is observable.",YES — S9-R1 (YES),no Jira ticket exists for Filters (stated - never invented),YES — plain wording; no internal ids / spec anchors / Jira keys / VIU jargon in any tester-facing field; numbered preconditions+steps+expected 1..n; title 52 chars (<=80)
FLT-TAB-02,C29609,https://shopview.testrail.io/index.php?/cases/view/29609,Tab Behaviour,Estimates tab: Status chip greyed out and pre-filled; other four still work,75,KEEP,T1,MG11-PREFILTERED-TABS,FLT-TAB-02,"Pre-filtered tab contract — greyed pre-filled Status chip per Branko's 2026-07-17 ruling, other chips narrow on top; survivor of MG11 (gains the Completed twin).",carried forward from the 2026-07-31 usefulness audit,SENSIBLE,"Cold-read PASS (full body read this pass): preconditions reachable and seeding stated where needed, steps executable in the order given, expected follows from the steps, no internal contradiction, every control traceable to the v1.6 spec or the captured design (anything unpinned is explicitly hedged), and pass/fail is observable.",YES — S9-R2;S2-N1 (YES),no Jira ticket exists for Filters (stated - never invented),YES — plain wording; no internal ids / spec anchors / Jira keys / VIU jargon in any tester-facing field; numbered preconditions+steps+expected 1..n; title 75 chars (<=80)
FLT-TAB-03,C29610,https://shopview.testrail.io/index.php?/cases/view/29610,Tab Behaviour,Completed tab: Status chip greyed out and pre-filled; other four still work,75,MERGE,T2,MG11-PREFILTERED-TABS,FLT-TAB-02,Absorbed into FLT-TAB-02 (C29609): same behaviour/component re-authored per entity — runs in one sitting on the same screen; the survivor gains this case's checks.,carried forward from the 2026-07-31 usefulness audit,SENSIBLE,"Cold-read PASS (full body read this pass): preconditions reachable and seeding stated where needed, steps executable in the order given, expected follows from the steps, no internal contradiction, every control traceable to the v1.6 spec or the captured design (anything unpinned is explicitly hedged), and pass/fail is observable.",YES — S9-R3;S2-N2 (YES),no Jira ticket exists for Filters (stated - never invented),YES — plain wording; no internal ids / spec anchors / Jira keys / VIU jargon in any tester-facing field; numbered preconditions+steps+expected 1..n; title 75 chars (<=80)
FLT-TAB-04,C29611,https://shopview.testrail.io/index.php?/cases/view/29611,Tab Behaviour,My Work Orders tab shows all five filters and they narrow that list,67,KEEP,T1,,,My Work Orders scope contract — filters narrow the user-scoped list and never widen it to other users' work orders.,carried forward from the 2026-07-31 usefulness audit,SENSIBLE,"Cold-read PASS (full body read this pass): preconditions reachable and seeding stated where needed, steps executable in the order given, expected follows from the steps, no internal contradiction, every control traceable to the v1.6 spec or the captured design (anything unpinned is explicitly hedged), and pass/fail is observable.",YES — S9-R4 (YES),no Jira ticket exists for Filters (stated - never invented),YES — plain wording; no internal ids / spec anchors / Jira keys / VIU jargon in any tester-facing field; numbered preconditions+steps+expected 1..n; title 67 chars (<=80)
FLT-TAB-05,C29612,https://shopview.testrail.io/index.php?/cases/view/29612,Tab Behaviour,A Status choice is kept while you switch tabs and comes back on the All tab,75,KEEP,T1,,,"Selections survive tab switching incl. the hidden-Status round trip (retained in memory, restored on All).",carried forward from the 2026-07-31 usefulness audit,SENSIBLE,"Cold-read PASS (full body read this pass): preconditions reachable and seeding stated where needed, steps executable in the order given, expected follows from the steps, no internal contradiction, every control traceable to the v1.6 spec or the captured design (anything unpinned is explicitly hedged), and pass/fail is observable.",YES — S9-R5;S9-N1;S9-R2 (YES),no Jira ticket exists for Filters (stated - never invented),YES — plain wording; no internal ids / spec anchors / Jira keys / VIU jargon in any tester-facing field; numbered preconditions+steps+expected 1..n; title 75 chars (<=80)
FLT-PERS-01,C29613,https://shopview.testrail.io/index.php?/cases/view/29613,Persistence,Leaving the page and coming back restores the filters and the bar state,71,KEEP,T1,,,Round-trip restore of filters + bar state after leaving the page — the basic persistence contract.,carried forward from the 2026-07-31 usefulness audit,SENSIBLE,"Cold-read PASS (full body read this pass): preconditions reachable and seeding stated where needed, steps executable in the order given, expected follows from the steps, no internal contradiction, every control traceable to the v1.6 spec or the captured design (anything unpinned is explicitly hedged), and pass/fail is observable.",YES — S10-R1;S1-R7 (YES),no Jira ticket exists for Filters (stated - never invented),YES — plain wording; no internal ids / spec anchors / Jira keys / VIU jargon in any tester-facing field; numbered preconditions+steps+expected 1..n; title 71 chars (<=80)
FLT-PERS-02,C29614,https://shopview.testrail.io/index.php?/cases/view/29614,Persistence,"Filters are remembered permanently, even after closing the browser",66,KEEP,T1,,,"Permanent per-account persistence (Branko ruling 2026-07-17) incl. the cross-device leg — account-level, not browser-level.",carried forward from the 2026-07-31 usefulness audit,SENSIBLE,"Cold-read PASS (full body read this pass): preconditions reachable and seeding stated where needed, steps executable in the order given, expected follows from the steps, no internal contradiction, every control traceable to the v1.6 spec or the captured design (anything unpinned is explicitly hedged), and pass/fail is observable.",YES — S10-R2;S10-R3;S10-R1 (YES),no Jira ticket exists for Filters (stated - never invented),YES — plain wording; no internal ids / spec anchors / Jira keys / VIU jargon in any tester-facing field; numbered preconditions+steps+expected 1..n; title 66 chars (<=80)
FLT-PERS-03,C29615,https://shopview.testrail.io/index.php?/cases/view/29615,Persistence,Saved filters are per user: one user's filters do not appear for another user,77,KEEP,T1,,,Per-user isolation of saved filters — one user's filters leaking to another is a real (privacy-adjacent) bug.,carried forward from the 2026-07-31 usefulness audit,SENSIBLE,"Cold-read PASS (full body read this pass): preconditions reachable and seeding stated where needed, steps executable in the order given, expected follows from the steps, no internal contradiction, every control traceable to the v1.6 spec or the captured design (anything unpinned is explicitly hedged), and pass/fail is observable.",YES — S10-R3 (YES),no Jira ticket exists for Filters (stated - never invented),YES — plain wording; no internal ids / spec anchors / Jira keys / VIU jargon in any tester-facing field; numbered preconditions+steps+expected 1..n; title 77 chars (<=80)
FLT-PERS-04,C29616,https://shopview.testrail.io/index.php?/cases/view/29616,Persistence,A remembered filter value that was deleted is silently ignored,62,KEEP,T1,,,"A vanished saved value is silently dropped, valid remainder still applies — resilience of the saved state.",carried forward from the 2026-07-31 usefulness audit,SENSIBLE,"Cold-read PASS (full body read this pass): preconditions reachable and seeding stated where needed, steps executable in the order given, expected follows from the steps, no internal contradiction, every control traceable to the v1.6 spec or the captured design (anything unpinned is explicitly hedged), and pass/fail is observable.",YES — S10-N1 (YES),no Jira ticket exists for Filters (stated - never invented),YES — plain wording; no internal ids / spec anchors / Jira keys / VIU jargon in any tester-facing field; numbered preconditions+steps+expected 1..n; title 62 chars (<=80)
FLT-URL-01,C29617,https://shopview.testrail.io/index.php?/cases/view/29617,URL State and Shareable Links,Applying filters updates the page URL to reflect the active filter state,72,MERGE,T2,MG12-URL-REFLECT,FLT-URL-02,Absorbed into FLT-URL-02 (C29618): same behaviour/component re-authored per entity — runs in one sitting on the same screen; the survivor gains this case's checks.,carried forward from the 2026-07-31 usefulness audit,SENSIBLE,"Cold-read PASS (full body read this pass): preconditions reachable and seeding stated where needed, steps executable in the order given, expected follows from the steps, no internal contradiction, every control traceable to the v1.6 spec or the captured design (anything unpinned is explicitly hedged), and pass/fail is observable.",YES — S11-R1 (YES),no Jira ticket exists for Filters (stated - never invented),YES — plain wording; no internal ids / spec anchors / Jira keys / VIU jargon in any tester-facing field; numbered preconditions+steps+expected 1..n; title 72 chars (<=80)
FLT-URL-02,C29618,https://shopview.testrail.io/index.php?/cases/view/29618,URL State and Shareable Links,Opening a shared URL or bookmark loads the page with those filters on,69,KEEP,T1,MG12-URL-REFLECT,FLT-URL-02,Shared/bookmarked link opens with the filters applied — the shareable-state contract; survivor of MG12 (gains the URL-updates direction).,carried forward from the 2026-07-31 usefulness audit,SENSIBLE,"Cold-read PASS (full body read this pass): preconditions reachable and seeding stated where needed, steps executable in the order given, expected follows from the steps, no internal contradiction, every control traceable to the v1.6 spec or the captured design (anything unpinned is explicitly hedged), and pass/fail is observable.",YES — S11-R2 (YES),no Jira ticket exists for Filters (stated - never invented),YES — plain wording; no internal ids / spec anchors / Jira keys / VIU jargon in any tester-facing field; numbered preconditions+steps+expected 1..n; title 69 chars (<=80)
FLT-URL-03,C29619,https://shopview.testrail.io/index.php?/cases/view/29619,URL State and Shareable Links,A URL with a deleted filter value loads and ignores that value,62,KEEP,T1,,,A deleted value in a shared URL is ignored cleanly — distinct entry path from the saved-prefs case (FLT-PERS-04).,carried forward from the 2026-07-31 usefulness audit,SENSIBLE,"Cold-read PASS (full body read this pass): preconditions reachable and seeding stated where needed, steps executable in the order given, expected follows from the steps, no internal contradiction, every control traceable to the v1.6 spec or the captured design (anything unpinned is explicitly hedged), and pass/fail is observable.",YES — S11-R3 (YES),no Jira ticket exists for Filters (stated - never invented),YES — plain wording; no internal ids / spec anchors / Jira keys / VIU jargon in any tester-facing field; numbered preconditions+steps+expected 1..n; title 62 chars (<=80)
FLT-URL-04,C29620,https://shopview.testrail.io/index.php?/cases/view/29620,URL State and Shareable Links,A broken filter URL loads the page with no filters and no error,63,KEEP,T1,,,Malformed filter URL loads unfiltered with no error (S11-N1) — hardening of a user-visible entry path.,carried forward from the 2026-07-31 usefulness audit,SENSIBLE,"Cold-read PASS (full body read this pass): preconditions reachable and seeding stated where needed, steps executable in the order given, expected follows from the steps, no internal contradiction, every control traceable to the v1.6 spec or the captured design (anything unpinned is explicitly hedged), and pass/fail is observable.",YES — S11-N1 (YES),no Jira ticket exists for Filters (stated - never invented),YES — plain wording; no internal ids / spec anchors / Jira keys / VIU jargon in any tester-facing field; numbered preconditions+steps+expected 1..n; title 63 chars (<=80)
FLT-TAB-06,C38876,https://shopview.testrail.io/index.php?/cases/view/38876,Tab Behaviour,First visit opens the Estimates tab; your last-used tab is remembered,69,KEEP,T1,,,Landing-tab default (Estimates) + last-used-tab memory; regression = wrong landing view for every user; pending Branko (engineering D10).,carried forward from the 2026-07-31 usefulness audit,SENSIBLE,"Cold-read PASS (full body read this pass): preconditions reachable and seeding stated where needed, steps executable in the order given, expected follows from the steps, no internal contradiction, every control traceable to the v1.6 spec or the captured design (anything unpinned is explicitly hedged), and pass/fail is observable.",YES — (spec section / tech-plan only — see note) (n/a — no numbered anchor exists),no Jira ticket exists for Filters (stated - never invented),YES — plain wording; no internal ids / spec anchors / Jira keys / VIU jargon in any tester-facing field; numbered preconditions+steps+expected 1..n; title 69 chars (<=80)
FLT-PERS-05,C38880,https://shopview.testrail.io/index.php?/cases/view/38880,Persistence,Each page and tab remembers its own filters separately,54,KEEP,T1,,,Per-view/per-tab state scoping (engineering D20) — regression = filters bleeding across Parts views / report tabs.,carried forward from the 2026-07-31 usefulness audit,SENSIBLE,"Cold-read PASS (full body read this pass): preconditions reachable and seeding stated where needed, steps executable in the order given, expected follows from the steps, no internal contradiction, every control traceable to the v1.6 spec or the captured design (anything unpinned is explicitly hedged), and pass/fail is observable.",YES — S10-R4 (YES),no Jira ticket exists for Filters (stated - never invented),YES — plain wording; no internal ids / spec anchors / Jira keys / VIU jargon in any tester-facing field; numbered preconditions+steps+expected 1..n; title 54 chars (<=80)
FLT-PERS-06,C38881,https://shopview.testrail.io/index.php?/cases/view/38881,Persistence,Filters saved before the redesign carry over after the update,61,KEEP,T1,,,Release-critical one-time migration — existing users must not lose pre-redesign saved filters/columns/sorting.,carried forward from the 2026-07-31 usefulness audit,SENSIBLE,"Cold-read PASS (full body read this pass): preconditions reachable and seeding stated where needed, steps executable in the order given, expected follows from the steps, no internal contradiction, every control traceable to the v1.6 spec or the captured design (anything unpinned is explicitly hedged), and pass/fail is observable.",YES — S10-R2 (YES),no Jira ticket exists for Filters (stated - never invented),YES — plain wording; no internal ids / spec anchors / Jira keys / VIU jargon in any tester-facing field; numbered preconditions+steps+expected 1..n; title 61 chars (<=80)
FLT-URL-05,C38879,https://shopview.testrail.io/index.php?/cases/view/38879,URL State and Shareable Links,Opening a shared link does not change your own saved filters,60,KEEP,T1,,,A link visit is view-only and never overwrites your saved filters (engineering G7) — losing saved state would be destructive; pending Branko spec ratification.,carried forward from the 2026-07-31 usefulness audit,SENSIBLE,"Cold-read PASS (full body read this pass): preconditions reachable and seeding stated where needed, steps executable in the order given, expected follows from the steps, no internal contradiction, every control traceable to the v1.6 spec or the captured design (anything unpinned is explicitly hedged), and pass/fail is observable.",YES — S11-R6;S11-R7;S11-R8 (YES),no Jira ticket exists for Filters (stated - never invented),YES — plain wording; no internal ids / spec anchors / Jira keys / VIU jargon in any tester-facing field; numbered preconditions+steps+expected 1..n; title 60 chars (<=80)
FLT-URL-06,C38896,https://shopview.testrail.io/index.php?/cases/view/38896,URL State and Shareable Links,'Back to my view' is not shown when you are on your own view,60,KEEP,T2,,,The S11-N3 NEGATIVE: 'Back to my view' must be ABSENT on your own view. No other case asserts the absence; a false-positive control is a real reportable bug.,DERIVED this pass (case authored after the previous audit),SENSIBLE,"Cold-read PASS (full body read this pass): preconditions reachable and seeding stated where needed, steps executable in the order given, expected follows from the steps, no internal contradiction, every control traceable to the v1.6 spec or the captured design (anything unpinned is explicitly hedged), and pass/fail is observable.",YES — S11-N3;S11-R7 (YES),no Jira ticket exists for Filters (stated - never invented),YES — plain wording; no internal ids / spec anchors / Jira keys / VIU jargon in any tester-facing field; numbered preconditions+steps+expected 1..n; title 60 chars (<=80)
FLT-MOB-01,C29621,https://shopview.testrail.io/index.php?/cases/view/29621,Mobile Filters,"Mobile: chips sit in a scrollable row below the tabs, starting All Filters",74,KEEP,T2,,,"Mobile chip-row layout (All Filters first, horizontal scroll, edge affordance) — the mobile entry contract.",carried forward from the 2026-07-31 usefulness audit,FIX-WORDING (REPAIRED IN-PASS),Rules 7/9: expected 3 ended '(per the design variant)' — internal design jargon in a tester-facing line. Repaired to the plain hedge pattern used elsewhere in the suite.,YES — S12-R1 (YES),no Jira ticket exists for Filters (stated - never invented),YES — plain wording; no internal ids / spec anchors / Jira keys / VIU jargon in any tester-facing field; numbered preconditions+steps+expected 1..n; title 74 chars (<=80)
FLT-MOB-02,C29622,https://shopview.testrail.io/index.php?/cases/view/29622,Mobile Filters,Mobile: All Filters opens a sheet of expandable rows with Apply filters,71,KEEP,T2,,,"All Filters bottom-sheet composition (drag handle, title, accordion rows, sticky 'Apply filters').",carried forward from the 2026-07-31 usefulness audit,SENSIBLE,"Cold-read PASS (full body read this pass): preconditions reachable and seeding stated where needed, steps executable in the order given, expected follows from the steps, no internal contradiction, every control traceable to the v1.6 spec or the captured design (anything unpinned is explicitly hedged), and pass/fail is observable.",YES — S12-R3 (YES),no Jira ticket exists for Filters (stated - never invented),YES — plain wording; no internal ids / spec anchors / Jira keys / VIU jargon in any tester-facing field; numbered preconditions+steps+expected 1..n; title 71 chars (<=80)
FLT-MOB-03,C29623,https://shopview.testrail.io/index.php?/cases/view/29623,Mobile Filters,Mobile: tapping Apply filters applies the statuses and updates the count,72,KEEP,T1,,,Mobile batch-apply contract + applied-count in the sheet title — mobile's key behavioural difference from desktop.,carried forward from the 2026-07-31 usefulness audit,SENSIBLE,"Cold-read PASS (full body read this pass): preconditions reachable and seeding stated where needed, steps executable in the order given, expected follows from the steps, no internal contradiction, every control traceable to the v1.6 spec or the captured design (anything unpinned is explicitly hedged), and pass/fail is observable.",YES — S12-R2;S12-R3;S2-R1 (YES),no Jira ticket exists for Filters (stated - never invented),YES — plain wording; no internal ids / spec anchors / Jira keys / VIU jargon in any tester-facing field; numbered preconditions+steps+expected 1..n; title 72 chars (<=80)
FLT-MOB-04,C29624,https://shopview.testrail.io/index.php?/cases/view/29624,Mobile Filters,Mobile: tapping one chip opens its own sheet with an 'Apply filter' button,74,KEEP,T2,,,Individual-chip sheet with 'Apply filter' — carries the flagged design-vs-tech-plan conflict (D15 real-time) to resolve at VIU.,carried forward from the 2026-07-31 usefulness audit,SENSIBLE,"Cold-read PASS (full body read this pass): preconditions reachable and seeding stated where needed, steps executable in the order given, expected follows from the steps, no internal contradiction, every control traceable to the v1.6 spec or the captured design (anything unpinned is explicitly hedged), and pass/fail is observable.",YES — S12-R2;S12-R3 (YES),no Jira ticket exists for Filters (stated - never invented),YES — plain wording; no internal ids / spec anchors / Jira keys / VIU jargon in any tester-facing field; numbered preconditions+steps+expected 1..n; title 74 chars (<=80)
FLT-MOB-05,C29625,https://shopview.testrail.io/index.php?/cases/view/29625,Mobile Filters,"Mobile Customer filter has search, multi-select and removable tags",66,KEEP,T1,MG13-MOBILE-SHEET-FILTERS,FLT-MOB-05,"Mobile sheet parity for the people/asset filters (search, tags, remove, apply); survivor of MG13 (gains the Technician/Advisor/Asset rows).",carried forward from the 2026-07-31 usefulness audit,SENSIBLE,"Cold-read PASS (full body read this pass): preconditions reachable and seeding stated where needed, steps executable in the order given, expected follows from the steps, no internal contradiction, every control traceable to the v1.6 spec or the captured design (anything unpinned is explicitly hedged), and pass/fail is observable.",YES — S12-R2;S3-R2 (YES),no Jira ticket exists for Filters (stated - never invented),YES — plain wording; no internal ids / spec anchors / Jira keys / VIU jargon in any tester-facing field; numbered preconditions+steps+expected 1..n; title 66 chars (<=80)
FLT-MOB-06,C29626,https://shopview.testrail.io/index.php?/cases/view/29626,Mobile Filters,Mobile Lead Technician and Service Advisor filters offer their search lists,75,MERGE,T2,MG13-MOBILE-SHEET-FILTERS,FLT-MOB-05,Absorbed into FLT-MOB-05 (C29625): same behaviour/component re-authored per entity — runs in one sitting on the same screen; the survivor gains this case's checks.,carried forward from the 2026-07-31 usefulness audit,SENSIBLE,"Cold-read PASS (full body read this pass): preconditions reachable and seeding stated where needed, steps executable in the order given, expected follows from the steps, no internal contradiction, every control traceable to the v1.6 spec or the captured design (anything unpinned is explicitly hedged), and pass/fail is observable.",YES — S12-R2;S4-R1;S5-R1 (YES),no Jira ticket exists for Filters (stated - never invented),YES — plain wording; no internal ids / spec anchors / Jira keys / VIU jargon in any tester-facing field; numbered preconditions+steps+expected 1..n; title 75 chars (<=80)
FLT-MOB-07,C29627,https://shopview.testrail.io/index.php?/cases/view/29627,Mobile Filters,The mobile Asset on site filter offers Yes/No with Clear selection in the sheet,79,MERGE,T2,MG13-MOBILE-SHEET-FILTERS,FLT-MOB-05,Absorbed into FLT-MOB-05 (C29625): same behaviour/component re-authored per entity — runs in one sitting on the same screen; the survivor gains this case's checks.,carried forward from the 2026-07-31 usefulness audit,SENSIBLE,"Cold-read PASS (full body read this pass): preconditions reachable and seeding stated where needed, steps executable in the order given, expected follows from the steps, no internal contradiction, every control traceable to the v1.6 spec or the captured design (anything unpinned is explicitly hedged), and pass/fail is observable.",YES — S12-R2;S6-R1 (YES),no Jira ticket exists for Filters (stated - never invented),YES — plain wording; no internal ids / spec anchors / Jira keys / VIU jargon in any tester-facing field; numbered preconditions+steps+expected 1..n; title 79 chars (<=80)
FLT-MOB-08,C29628,https://shopview.testrail.io/index.php?/cases/view/29628,Mobile Filters,Active chips and Clear filters behave on mobile the same way as on desktop,74,KEEP,T1,,,Mobile active chips + 'Clear filters' parity — the clear-all contract on the second surface.,carried forward from the 2026-07-31 usefulness audit,SENSIBLE,"Cold-read PASS (full body read this pass): preconditions reachable and seeding stated where needed, steps executable in the order given, expected follows from the steps, no internal contradiction, every control traceable to the v1.6 spec or the captured design (anything unpinned is explicitly hedged), and pass/fail is observable.",YES — S12-R2;S7-R1;S8-R1 (YES),no Jira ticket exists for Filters (stated - never invented),YES — plain wording; no internal ids / spec anchors / Jira keys / VIU jargon in any tester-facing field; numbered preconditions+steps+expected 1..n; title 74 chars (<=80)
FLT-MOB-09,C29629,https://shopview.testrail.io/index.php?/cases/view/29629,Mobile Filters,Mobile has no collapse toggle: the filter chip row is always visible,68,WEAK-KEEP,T2,,,"Absence assertion (no collapse toggle on mobile) — spec'd (S12-R4) but a failure is cosmetic-severity; kept, flagged low-value.",carried forward from the 2026-07-31 usefulness audit,SENSIBLE,"Cold-read PASS (full body read this pass): preconditions reachable and seeding stated where needed, steps executable in the order given, expected follows from the steps, no internal contradiction, every control traceable to the v1.6 spec or the captured design (anything unpinned is explicitly hedged), and pass/fail is observable.",YES — S12-R4 (YES),no Jira ticket exists for Filters (stated - never invented),YES — plain wording; no internal ids / spec anchors / Jira keys / VIU jargon in any tester-facing field; numbered preconditions+steps+expected 1..n; title 68 chars (<=80)
FLT-MOB-10,C29630,https://shopview.testrail.io/index.php?/cases/view/29630,Mobile Filters,Filters matching no work orders on mobile show the same empty state as desktop,78,WEAK-KEEP,T2,,,"Mobile repeat of the filtered empty state — the mobile surface can genuinely render differently, but the yield beyond FLT-EMPTY-01 is low; kept, flagged.",carried forward from the 2026-07-31 usefulness audit,SENSIBLE,"Cold-read PASS (full body read this pass): preconditions reachable and seeding stated where needed, steps executable in the order given, expected follows from the steps, no internal contradiction, every control traceable to the v1.6 spec or the captured design (anything unpinned is explicitly hedged), and pass/fail is observable.",YES — S12-N1;S8-R3 (YES),no Jira ticket exists for Filters (stated - never invented),YES — plain wording; no internal ids / spec anchors / Jira keys / VIU jargon in any tester-facing field; numbered preconditions+steps+expected 1..n; title 78 chars (<=80)
FLT-API-01,C29631,https://shopview.testrail.io/index.php?/cases/view/29631,API - Work Orders List Filtering,The work order list request carries the active filter selections,64,KEEP,T1,,,"The backend actually filters (parameters on the list request, filtered response) — not client-side hiding; the foundation of every filter case.",carried forward from the 2026-07-31 usefulness audit,SENSIBLE,"Cold-read PASS (full body read this pass): preconditions reachable and seeding stated where needed, steps executable in the order given, expected follows from the steps, no internal contradiction, every control traceable to the v1.6 spec or the captured design (anything unpinned is explicitly hedged), and pass/fail is observable.",YES — S2-R2;S3-R6 (YES),no Jira ticket exists for Filters (stated - never invented),YES — plain wording; no internal ids / spec anchors / Jira keys / VIU jargon in any tester-facing field; numbered preconditions+steps+expected 1..n; title 64 chars (<=80)
FLT-API-02,C29632,https://shopview.testrail.io/index.php?/cases/view/29632,API - Work Orders List Filtering,A combined multi-filter request returns only work orders matching all filters,77,KEEP,T1,,,"Combined request semantics at the backend (AND across filters, OR within one) — the server half of FLT-CHIP-06.",carried forward from the 2026-07-31 usefulness audit,SENSIBLE,"Cold-read PASS (full body read this pass): preconditions reachable and seeding stated where needed, steps executable in the order given, expected follows from the steps, no internal contradiction, every control traceable to the v1.6 spec or the captured design (anything unpinned is explicitly hedged), and pass/fail is observable.",YES — S2-R2;S3-R6;S8-R3 (YES),no Jira ticket exists for Filters (stated - never invented),YES — plain wording; no internal ids / spec anchors / Jira keys / VIU jargon in any tester-facing field; numbered preconditions+steps+expected 1..n; title 77 chars (<=80)
FLT-API-03,C29633,https://shopview.testrail.io/index.php?/cases/view/29633,API - Work Orders List Filtering,A request with a deleted or unknown filter value gives no server error,70,KEEP,T1,,,Deleted/unknown filter value never produces a 5xx — backend hardening for the stale-saved-state paths.,carried forward from the 2026-07-31 usefulness audit,SENSIBLE,"Cold-read PASS (full body read this pass): preconditions reachable and seeding stated where needed, steps executable in the order given, expected follows from the steps, no internal contradiction, every control traceable to the v1.6 spec or the captured design (anything unpinned is explicitly hedged), and pass/fail is observable.",YES — S10-N1;S11-R3 (YES),no Jira ticket exists for Filters (stated - never invented),YES — plain wording; no internal ids / spec anchors / Jira keys / VIU jargon in any tester-facing field; numbered preconditions+steps+expected 1..n; title 70 chars (<=80)
FLT-API-04,C29634,https://shopview.testrail.io/index.php?/cases/view/29634,API - Work Orders List Filtering,A list request with malformed filter parameters does not produce a server error,79,KEEP,T1,,,Malformed filter parameters handled gracefully (no 5xx/crash) — backend half of the malformed-URL requirement.,carried forward from the 2026-07-31 usefulness audit,SENSIBLE,"Cold-read PASS (full body read this pass): preconditions reachable and seeding stated where needed, steps executable in the order given, expected follows from the steps, no internal contradiction, every control traceable to the v1.6 spec or the captured design (anything unpinned is explicitly hedged), and pass/fail is observable.",YES — S11-N1 (YES),no Jira ticket exists for Filters (stated - never invented),YES — plain wording; no internal ids / spec anchors / Jira keys / VIU jargon in any tester-facing field; numbered preconditions+steps+expected 1..n; title 79 chars (<=80)
FLT-API-05,C29635,https://shopview.testrail.io/index.php?/cases/view/29635,API - Work Orders List Filtering,"A filter combination matching nothing returns an empty list, not an error",73,WEAK-KEEP,T1,,,"Empty-match-returns-200 is thin — largely implied by FLT-API-02 (combination request) + FLT-EMPTY-01 (page renders the state); kept for the explicit no-error backend contract, flagged low-value.",carried forward from the 2026-07-31 usefulness audit,SENSIBLE,"Cold-read PASS (full body read this pass): preconditions reachable and seeding stated where needed, steps executable in the order given, expected follows from the steps, no internal contradiction, every control traceable to the v1.6 spec or the captured design (anything unpinned is explicitly hedged), and pass/fail is observable.",YES — S8-R3;S2-N3 (YES),no Jira ticket exists for Filters (stated - never invented),YES — plain wording; no internal ids / spec anchors / Jira keys / VIU jargon in any tester-facing field; numbered preconditions+steps+expected 1..n; title 73 chars (<=80)
FLT-API-06,C38895,https://shopview.testrail.io/index.php?/cases/view/38895,API - Work Orders List Filtering,"Saved-filters service round-trip: save, reload, and per-user isolation",70,KEEP,T1,,,Saved-prefs service round-trip (PUT/GET) + per-user isolation — a cross-user leak here is a security bug (engineering 4-1.3 contract).,carried forward from the 2026-07-31 usefulness audit,SENSIBLE,"Cold-read PASS (full body read this pass): preconditions reachable and seeding stated where needed, steps executable in the order given, expected follows from the steps, no internal contradiction, every control traceable to the v1.6 spec or the captured design (anything unpinned is explicitly hedged), and pass/fail is observable.",YES — S10-R2;S10-R3 (YES),no Jira ticket exists for Filters (stated - never invented),YES — plain wording; no internal ids / spec anchors / Jira keys / VIU jargon in any tester-facing field; numbered preconditions+steps+expected 1..n; title 70 chars (<=80)
FLT-PARTS-01,C38904,https://shopview.testrail.io/index.php?/cases/view/38904,Parts Page Filters,Every Parts list page shows its designed filter buttons,55,KEEP,T2,MG14-PARTS-CHIP-MATRIX,FLT-PARTS-01,Parts chip-composition contract; survivor of MG14 — ONE Parts walk with the per-view filter-button checklist (8 views + shared toolbar icons).,carried forward from the 2026-07-31 usefulness audit,SENSIBLE,"Cold-read PASS (full body read this pass): preconditions reachable and seeding stated where needed, steps executable in the order given, expected follows from the steps, no internal contradiction, every control traceable to the v1.6 spec or the captured design (anything unpinned is explicitly hedged), and pass/fail is observable.",YES — (spec section / tech-plan only — see note) (n/a — no numbered anchor exists),no Jira ticket exists for Filters (stated - never invented),YES — plain wording; no internal ids / spec anchors / Jira keys / VIU jargon in any tester-facing field; numbered preconditions+steps+expected 1..n; title 55 chars (<=80)
FLT-PARTS-09,C38905,https://shopview.testrail.io/index.php?/cases/view/38905,Parts Page Filters,Part Type filter opens a Core / Non Core list with Clear selection,66,KEEP,T2,,,Part Type menu contents (Core / Non Core + 'Clear selection') — the one Parts dropdown whose option list the design pins.,carried forward from the 2026-07-31 usefulness audit,SENSIBLE,"Cold-read PASS (full body read this pass): preconditions reachable and seeding stated where needed, steps executable in the order given, expected follows from the steps, no internal contradiction, every control traceable to the v1.6 spec or the captured design (anything unpinned is explicitly hedged), and pass/fail is observable.",YES — (spec section / tech-plan only — see note) (n/a — no numbered anchor exists),no Jira ticket exists for Filters (stated - never invented),YES — plain wording; no internal ids / spec anchors / Jira keys / VIU jargon in any tester-facing field; numbered preconditions+steps+expected 1..n; title 66 chars (<=80)
FLT-PARTS-11,C38906,https://shopview.testrail.io/index.php?/cases/view/38906,Parts Page Filters,Choosing a Parts filter narrows the list on that page,53,KEEP,T1,,,"The Parts filtering behaviour contract (choose value -> list narrows, value shown) — the load-bearing case for the whole Parts rollout; pending Branko's PRD.",carried forward from the 2026-07-31 usefulness audit,SENSIBLE,"Cold-read PASS (full body read this pass): preconditions reachable and seeding stated where needed, steps executable in the order given, expected follows from the steps, no internal contradiction, every control traceable to the v1.6 spec or the captured design (anything unpinned is explicitly hedged), and pass/fail is observable.",YES — (spec section / tech-plan only — see note) (n/a — no numbered anchor exists),no Jira ticket exists for Filters (stated - never invented),YES — plain wording; no internal ids / spec anchors / Jira keys / VIU jargon in any tester-facing field; numbered preconditions+steps+expected 1..n; title 53 chars (<=80)
FLT-PARTS-12,C38907,https://shopview.testrail.io/index.php?/cases/view/38907,Parts Page Filters,Parts filters support multiple choices and can be cleared,57,KEEP,T1,,,Parts multi-select + per-filter clear + clear-all parity with Work Orders — pending Branko's PRD.,carried forward from the 2026-07-31 usefulness audit,SENSIBLE,"Cold-read PASS (full body read this pass): preconditions reachable and seeding stated where needed, steps executable in the order given, expected follows from the steps, no internal contradiction, every control traceable to the v1.6 spec or the captured design (anything unpinned is explicitly hedged), and pass/fail is observable.",YES — (spec section / tech-plan only — see note) (n/a — no numbered anchor exists),no Jira ticket exists for Filters (stated - never invented),YES — plain wording; no internal ids / spec anchors / Jira keys / VIU jargon in any tester-facing field; numbered preconditions+steps+expected 1..n; title 57 chars (<=80)
FLT-PARTS-13,C38908,https://shopview.testrail.io/index.php?/cases/view/38908,Parts Page Filters,Every filter a page had before is still available in the new filter bar,71,KEEP,T1,,,"Regression guard for Branko's Q3 parity ruling: nothing else in the suite checks that the redesign did not silently DROP a filter or a choice shops use today. One case for Parts AND Reports, not one per page.",DERIVED this pass (case authored after the previous audit),SENSIBLE,"Cold-read PASS (full body read this pass): preconditions reachable and seeding stated where needed, steps executable in the order given, expected follows from the steps, no internal contradiction, every control traceable to the v1.6 spec or the captured design (anything unpinned is explicitly hedged), and pass/fail is observable.",YES — (spec section / tech-plan only — see note) (n/a — no numbered anchor exists),no Jira ticket exists for Filters (stated - never invented),YES — plain wording; no internal ids / spec anchors / Jira keys / VIU jargon in any tester-facing field; numbered preconditions+steps+expected 1..n; title 71 chars (<=80)
FLT-RPTS-01,C38909,https://shopview.testrail.io/index.php?/cases/view/38909,Reports Page Filters,Every report page shows its designed filter buttons,51,KEEP,T2,MG15-REPORTS-CHIP-MATRIX,FLT-RPTS-01,Reports chip-composition contract; survivor of MG15 — ONE Reports walk with the per-report filter-button checklist (21 reports/tabs).,carried forward from the 2026-07-31 usefulness audit,SENSIBLE,"Cold-read PASS (full body read this pass): preconditions reachable and seeding stated where needed, steps executable in the order given, expected follows from the steps, no internal contradiction, every control traceable to the v1.6 spec or the captured design (anything unpinned is explicitly hedged), and pass/fail is observable.",YES — (spec section / tech-plan only — see note) (n/a — no numbered anchor exists),no Jira ticket exists for Filters (stated - never invented),YES — plain wording; no internal ids / spec anchors / Jira keys / VIU jargon in any tester-facing field; numbered preconditions+steps+expected 1..n; title 51 chars (<=80)
FLT-RPTS-21,C38910,https://shopview.testrail.io/index.php?/cases/view/38910,Reports Page Filters,Choosing a Reports filter narrows the report results,52,KEEP,T1,,,The Reports filtering behaviour contract — the load-bearing case for the whole Reports rollout; pending Branko's PRD.,carried forward from the 2026-07-31 usefulness audit,SENSIBLE,"Cold-read PASS (full body read this pass): preconditions reachable and seeding stated where needed, steps executable in the order given, expected follows from the steps, no internal contradiction, every control traceable to the v1.6 spec or the captured design (anything unpinned is explicitly hedged), and pass/fail is observable.",YES — (spec section / tech-plan only — see note) (n/a — no numbered anchor exists),no Jira ticket exists for Filters (stated - never invented),YES — plain wording; no internal ids / spec anchors / Jira keys / VIU jargon in any tester-facing field; numbered preconditions+steps+expected 1..n; title 52 chars (<=80)
FLT-RPTS-22,C38911,https://shopview.testrail.io/index.php?/cases/view/38911,Reports Page Filters,"New Reports filter types behave correctly (Location, Transaction Type, etc.)",76,KEEP,T1,,,"New filter types (Location, Transaction Type, Invoice Status, Type, User, Mention) open and filter — the net-new controls of the Reports rollout; pending Branko's PRD.",carried forward from the 2026-07-31 usefulness audit,SENSIBLE,"Cold-read PASS (full body read this pass): preconditions reachable and seeding stated where needed, steps executable in the order given, expected follows from the steps, no internal contradiction, every control traceable to the v1.6 spec or the captured design (anything unpinned is explicitly hedged), and pass/fail is observable.",YES — (spec section / tech-plan only — see note) (n/a — no numbered anchor exists),no Jira ticket exists for Filters (stated - never invented),YES — plain wording; no internal ids / spec anchors / Jira keys / VIU jargon in any tester-facing field; numbered preconditions+steps+expected 1..n; title 76 chars (<=80)
FLT-RPTS-23,C38882,https://shopview.testrail.io/index.php?/cases/view/38882,Reports Page Filters,Date range filter: results update when both start and end dates are picked,74,KEEP,T1,,,"The new date-range chip type's whole contract (no presets, no default, applies on the second date, one range at a time) — used by nearly every report.",carried forward from the 2026-07-31 usefulness audit,SENSIBLE,"Cold-read PASS (full body read this pass): preconditions reachable and seeding stated where needed, steps executable in the order given, expected follows from the steps, no internal contradiction, every control traceable to the v1.6 spec or the captured design (anything unpinned is explicitly hedged), and pass/fail is observable.",YES — (spec section / tech-plan only — see note) (n/a — no numbered anchor exists),no Jira ticket exists for Filters (stated - never invented),YES — plain wording; no internal ids / spec anchors / Jira keys / VIU jargon in any tester-facing field; numbered preconditions+steps+expected 1..n; title 74 chars (<=80)
FLT-PSRCH-01,C38883,https://shopview.testrail.io/index.php?/cases/view/38883,Page Search Toolbar,Page toolbar Search expands in place and narrows the list as you type,69,KEEP,T1,,,The new page-search component's states + as-you-type behaviour (blur rules deliberately merged in at authoring).,carried forward from the 2026-07-31 usefulness audit,SENSIBLE,"Cold-read PASS (full body read this pass): preconditions reachable and seeding stated where needed, steps executable in the order given, expected follows from the steps, no internal contradiction, every control traceable to the v1.6 spec or the captured design (anything unpinned is explicitly hedged), and pass/fail is observable.",YES — S13-R1;S13-R9;S13-R12;S13-R15 (YES),no Jira ticket exists for Filters (stated - never invented),YES — plain wording; no internal ids / spec anchors / Jira keys / VIU jargon in any tester-facing field; numbered preconditions+steps+expected 1..n; title 69 chars (<=80)
FLT-PSRCH-02,C38884,https://shopview.testrail.io/index.php?/cases/view/38884,Page Search Toolbar,Page search combines with filters and is cleared separately,59,KEEP,T1,,,Search + filters AND-combination and independent clearing — the core interaction contract of the toolbar search.,carried forward from the 2026-07-31 usefulness audit,SENSIBLE,"Cold-read PASS (full body read this pass): preconditions reachable and seeding stated where needed, steps executable in the order given, expected follows from the steps, no internal contradiction, every control traceable to the v1.6 spec or the captured design (anything unpinned is explicitly hedged), and pass/fail is observable.",YES — S13-R10;S13-R13;S8-R5 (YES),no Jira ticket exists for Filters (stated - never invented),YES — plain wording; no internal ids / spec anchors / Jira keys / VIU jargon in any tester-facing field; numbered preconditions+steps+expected 1..n; title 59 chars (<=80)
FLT-PSRCH-03,C38886,https://shopview.testrail.io/index.php?/cases/view/38886,Page Search Toolbar,Your typed search stays in this browser tab only and is never saved,67,KEEP,T1,,,Search-text persistence incl. the no-match-restore rule (S10-N2) — easy to regress.,carried forward from the 2026-07-31 usefulness audit,SENSIBLE,"Cold-read PASS (full body read this pass): preconditions reachable and seeding stated where needed, steps executable in the order given, expected follows from the steps, no internal contradiction, every control traceable to the v1.6 spec or the captured design (anything unpinned is explicitly hedged), and pass/fail is observable.",YES — S13-R14;S13-R25;S13-N4;S10-R5 (YES),no Jira ticket exists for Filters (stated - never invented),YES — plain wording; no internal ids / spec anchors / Jira keys / VIU jargon in any tester-facing field; numbered preconditions+steps+expected 1..n; title 67 chars (<=80)
FLT-PSRCH-04,C38888,https://shopview.testrail.io/index.php?/cases/view/38888,Page Search Toolbar,The search term is part of the shareable page link,50,KEEP,T1,,,Search term in the shareable URL + malformed handling + the view-only rule — distinct subject from the filter URL cases.,carried forward from the 2026-07-31 usefulness audit,SENSIBLE,"Cold-read PASS (full body read this pass): preconditions reachable and seeding stated where needed, steps executable in the order given, expected follows from the steps, no internal contradiction, every control traceable to the v1.6 spec or the captured design (anything unpinned is explicitly hedged), and pass/fail is observable.",YES — S11-R4;S11-R5;S11-N2;S11-R8 (YES),no Jira ticket exists for Filters (stated - never invented),YES — plain wording; no internal ids / spec anchors / Jira keys / VIU jargon in any tester-facing field; numbered preconditions+steps+expected 1..n; title 50 chars (<=80)
FLT-PSRCH-05,C38889,https://shopview.testrail.io/index.php?/cases/view/38889,Page Search Toolbar,On mobile the search expands in the toolbar and buttons make room,65,KEEP,T2,,,Mobile inline search expansion + the D21 toolbar restructure (icon collapse into a 'more' menu) on named pages.,carried forward from the 2026-07-31 usefulness audit,SENSIBLE,"Cold-read PASS (full body read this pass): preconditions reachable and seeding stated where needed, steps executable in the order given, expected follows from the steps, no internal contradiction, every control traceable to the v1.6 spec or the captured design (anything unpinned is explicitly hedged), and pass/fail is observable.",YES — S13-R16;S13-R17;S13-R18;S13-R19;S13-R20;S12-R5 (YES),no Jira ticket exists for Filters (stated - never invented),YES — plain wording; no internal ids / spec anchors / Jira keys / VIU jargon in any tester-facing field; numbered preconditions+steps+expected 1..n; title 65 chars (<=80)
FLT-PSRCH-06,C38891,https://shopview.testrail.io/index.php?/cases/view/38891,Page Search Toolbar,"Every list page keeps its own search box (Parts, Reports, detail tabs)",70,KEEP,T1,,,The Story-14 safety sweep: no list surface silently loses its text search (engineering risk 9).,carried forward from the 2026-07-31 usefulness audit,FIX-WORDING (REPAIRED IN-PASS),"Fail condition 6 (not actionable): steps 1-5 were bare LISTS of surfaces with no verb, the action only arriving in step 6. Repaired — every list step now starts with 'Visit ...'.",YES — S14-R6;S14-R5;S13-R22;S14-N1 (YES),no Jira ticket exists for Filters (stated - never invented),YES — plain wording; no internal ids / spec anchors / Jira keys / VIU jargon in any tester-facing field; numbered preconditions+steps+expected 1..n; title 70 chars (<=80)
FLT-PSRCH-07,C38893,https://shopview.testrail.io/index.php?/cases/view/38893,Page Search Toolbar,The top navigation search no longer filters page lists,54,KEEP,T1,,,The removal contract itself: the top navigation search must stop filtering page lists app-wide.,carried forward from the 2026-07-31 usefulness audit,SENSIBLE,"Cold-read PASS (full body read this pass): preconditions reachable and seeding stated where needed, steps executable in the order given, expected follows from the steps, no internal contradiction, every control traceable to the v1.6 spec or the captured design (anything unpinned is explicitly hedged), and pass/fail is observable.",YES — S14-R1;S14-R2;S14-R4;S14-R5 (YES),no Jira ticket exists for Filters (stated - never invented),YES — plain wording; no internal ids / spec anchors / Jira keys / VIU jargon in any tester-facing field; numbered preconditions+steps+expected 1..n; title 54 chars (<=80)
FLT-PSRCH-08,C38898,https://shopview.testrail.io/index.php?/cases/view/38898,Page Search Toolbar,"The Search box changes look as you hover over it, open it and type",66,KEEP,T2,,,"Consolidates the six ratified component-state requirements (S13-R2..R8: default look, hover, expand-in-place at 180px, placeholder, typed state + clear icon, long-query scroll) into ONE case instead of six — the anti-slop shape.",DERIVED this pass (case authored after the previous audit),SENSIBLE,"Cold-read PASS (full body read this pass): preconditions reachable and seeding stated where needed, steps executable in the order given, expected follows from the steps, no internal contradiction, every control traceable to the v1.6 spec or the captured design (anything unpinned is explicitly hedged), and pass/fail is observable.",YES — S13-R2;S13-R3;S13-R4;S13-R5;S13-R6;S13-R8 (YES),no Jira ticket exists for Filters (stated - never invented),YES — plain wording; no internal ids / spec anchors / Jira keys / VIU jargon in any tester-facing field; numbered preconditions+steps+expected 1..n; title 66 chars (<=80)
FLT-PSRCH-09,C38899,https://shopview.testrail.io/index.php?/cases/view/38899,Page Search Toolbar,"The list narrows shortly after you stop typing, with no button to press",71,KEEP,T1,,,"Query mechanics contract: debounce (S13-R7, 300ms / Inventory 350ms), no Apply, Enter is a no-op, results replace the table in place (S13-R12). Failure = the search feels broken or double-fires.",DERIVED this pass (case authored after the previous audit),SENSIBLE,"Cold-read PASS (full body read this pass): preconditions reachable and seeding stated where needed, steps executable in the order given, expected follows from the steps, no internal contradiction, every control traceable to the v1.6 spec or the captured design (anything unpinned is explicitly hedged), and pass/fail is observable.",YES — S13-R7;S13-R12 (YES),no Jira ticket exists for Filters (stated - never invented),YES — plain wording; no internal ids / spec anchors / Jira keys / VIU jargon in any tester-facing field; numbered preconditions+steps+expected 1..n; title 71 chars (<=80)
FLT-PSRCH-10,C38900,https://shopview.testrail.io/index.php?/cases/view/38900,Page Search Toolbar,One search box serves all Work Orders tabs and searches the tab you are on,74,KEEP,T1,,,S13-R11 + S13-R24: the Work Orders tabs SHARE one query and it searches only the active tab. Cross-tab leakage would be a real data-trust bug.,DERIVED this pass (case authored after the previous audit),SENSIBLE,"Cold-read PASS (full body read this pass): preconditions reachable and seeding stated where needed, steps executable in the order given, expected follows from the steps, no internal contradiction, every control traceable to the v1.6 spec or the captured design (anything unpinned is explicitly hedged), and pass/fail is observable.",YES — S13-R11;S13-R24 (YES),no Jira ticket exists for Filters (stated - never invented),YES — plain wording; no internal ids / spec anchors / Jira keys / VIU jargon in any tester-facing field; numbered preconditions+steps+expected 1..n; title 74 chars (<=80)
FLT-PSRCH-11,C38901,https://shopview.testrail.io/index.php?/cases/view/38901,Page Search Toolbar,Each Report tab and each Parts view keeps its own separate search,65,KEEP,T1,,,"The complement of PSRCH-10 — Parts views and Report tabs each keep a SEPARATE query (S13-R24). Opposite behaviour on a different surface, so not a duplicate.",DERIVED this pass (case authored after the previous audit),SENSIBLE,"Cold-read PASS (full body read this pass): preconditions reachable and seeding stated where needed, steps executable in the order given, expected follows from the steps, no internal contradiction, every control traceable to the v1.6 spec or the captured design (anything unpinned is explicitly hedged), and pass/fail is observable.",YES — S13-R24;S13-R11;S10-R4 (YES),no Jira ticket exists for Filters (stated - never invented),YES — plain wording; no internal ids / spec anchors / Jira keys / VIU jargon in any tester-facing field; numbered preconditions+steps+expected 1..n; title 65 chars (<=80)
FLT-PSRCH-12,C38902,https://shopview.testrail.io/index.php?/cases/view/38902,Page Search Toolbar,An old link carrying a top-search word no longer narrows the page list,70,KEEP,T2,,,"S14-R3 negative: an OLD link carrying a global-search parameter must no longer narrow the list. Guards the removal itself, which nothing else does.",DERIVED this pass (case authored after the previous audit),SENSIBLE,"Cold-read PASS (full body read this pass): preconditions reachable and seeding stated where needed, steps executable in the order given, expected follows from the steps, no internal contradiction, every control traceable to the v1.6 spec or the captured design (anything unpinned is explicitly hedged), and pass/fail is observable.",YES — S14-R3;S14-R2;S14-R1 (YES),no Jira ticket exists for Filters (stated - never invented),YES — plain wording; no internal ids / spec anchors / Jira keys / VIU jargon in any tester-facing field; numbered preconditions+steps+expected 1..n; title 70 chars (<=80)
FLT-PSRCH-13,C38903,https://shopview.testrail.io/index.php?/cases/view/38903,Page Search Toolbar,Collapsing the filter bar keeps an active search working,56,KEEP,T2,,,"S13-E1 edge case: collapsing the filter bar must not cancel an active search (the search lives in the toolbar row, the chips in the row below).",DERIVED this pass (case authored after the previous audit),SENSIBLE,"Cold-read PASS (full body read this pass): preconditions reachable and seeding stated where needed, steps executable in the order given, expected follows from the steps, no internal contradiction, every control traceable to the v1.6 spec or the captured design (anything unpinned is explicitly hedged), and pass/fail is observable.",YES — S13-E1 (YES),no Jira ticket exists for Filters (stated - never invented),YES — plain wording; no internal ids / spec anchors / Jira keys / VIU jargon in any tester-facing field; numbered preconditions+steps+expected 1..n; title 56 chars (<=80)
