internal_id,cid,link,report,area,title,verdict,field_title,field_preconditions,field_steps,field_expected,field_references,field_section,field_notes,evidence,finding,recheck,build_marker
WIP-TAB-01,C30451,https://shopview.testrail.io/index.php?/cases/view/30451,WIP,WIP — Tabs,Work In Progress appears in the reports navigation under the Performance group,VIU-Observed-PASS,OK,OK,OK,OK,OK,OK,"EDIT NEEDED - add the Rule-49 non-final-build marker: ""Observed live on QA branch sv8582, build v3.4.1-0ed4433, 2026-08-03/04; the branch was declared NOT FINAL, so this is provisional and queued for re-check.""",evidence/ui/obs-wip.json (nav-map + docTitle) · ../evidence/nav-map.json,"Nav entry ""Work In Progress"" is live under the PERFORMANCE group, below Sales, Technician Efficiency, Advisor Analysis and Shop Efficiency; route /reports/work-in-progress; browser title is exactly ""Work In Progress - Report | ShopView"".",Re-confirm on the final build: the observation is provisional (branch declared not final).,v3.4.1-0ed4433
WIP-TAB-02,C30452,https://shopview.testrail.io/index.php?/cases/view/30452,WIP,WIP — Tabs,Four tabs in a fixed order with the partially-completed tab selected,DEVIATION,OK,OK,OK,"EDIT NEEDED - adopt the build casing ""Approved - Partially Completed"" / ""Approved - Not Started"" in expected item 1",OK,OK,"EDIT NEEDED - add the Rule-49 non-final-build marker: ""Observed live on QA branch sv8582, build v3.4.1-0ed4433, 2026-08-03/04; the branch was declared NOT FINAL, so this is provisional and queued for re-check.""",evidence/ui/obs-wip2.json · evidence/ui/wip-default-view.png,"Four tabs, correct order, first tab selected on load, and no on-screen status filter - all confirmed. BUT the build TITLE-CASES the labels and appends a live count: ""Approved - Partially Completed (114)"" / ""Approved - Not Started (33)"". Our case (and WIP spec v6 S1-R2 verbatim: '""Approved - partially completed"", ""Approved - not started""') use lower case. Read: a shipped-string difference, not a defect - Rule 9 says the tester reads the build's word, so our case should adopt the build casing and Chris should confirm the spec text.",Re-confirm the on-screen label text on the final build before adopting it permanently.,v3.4.1-0ed4433
WIP-TAB-03,C30453,https://shopview.testrail.io/index.php?/cases/view/30453,WIP,WIP — Tabs,Each tab label shows its work-order count in parentheses,VIU-Observed-PASS,OK,OK,OK,OK,OK,OK,"EDIT NEEDED - add the Rule-49 non-final-build marker: ""Observed live on QA branch sv8582, build v3.4.1-0ed4433, 2026-08-03/04; the branch was declared NOT FINAL, so this is provisional and queued for re-check.""",evidence/ui/obs-wip2.json · evidence/ui/wip-default-view.png,"Each tab label carries its count in parentheses - observed ""Completed (30)"", ""Estimates (146)"" with data and ""Approved - Partially Completed (0)"" / ""Completed (0)"" when the range is narrow.",Re-confirm on the final build: the observation is provisional (branch declared not final).,v3.4.1-0ed4433
WIP-TAB-05,C30455,https://shopview.testrail.io/index.php?/cases/view/30455,WIP,WIP — Tabs,There is no Trend / over-time tab or chart,VIU-Observed-PASS,OK,OK,OK,OK,OK,OK,"EDIT NEEDED - add the Rule-49 non-final-build marker: ""Observed live on QA branch sv8582, build v3.4.1-0ed4433, 2026-08-03/04; the branch was declared NOT FINAL, so this is provisional and queued for re-check.""",evidence/ui/obs-wip2.json · evidence/ui/wip-default-view.png,"Only the four progress tabs exist; no Trend tab, no chart, and nothing on the page reads the nightly snapshot. Confirmed across the toolbar, both menus and all four tabs.",Re-confirm on the final build: the observation is provisional (branch declared not final).,v3.4.1-0ed4433
WIP-SCOPE-01,C30456,https://shopview.testrail.io/index.php?/cases/view/30456,WIP,WIP — Scope & Loading,Every open service WO at a selected location appears in the report,VIU-Observed-PASS,OK,OK,OK,OK,OK,OK,"EDIT NEEDED - add the Rule-49 non-final-build marker: ""Observed live on QA branch sv8582, build v3.4.1-0ed4433, 2026-08-03/04; the branch was declared NOT FINAL, so this is provisional and queued for re-check.""",evidence/api/api-wip-iv.json · evidence/api/api-probe2.json,"488 rows observed across two locations; every row is a service work order in an open status (estimate 229 / approved 218 / ready_for_review 12 / complete 29) and each sits in the tab its status dictates. HONEST LIMIT: no work order in In progress status existed in the data during the run, so that one branch of the five is not among the observations - the status DOES exist in the build (GET /api/work-orders/statuses lists in_progress).",Re-run once an In progress work order exists (or seed one through the UI) to observe the fifth status branch. Also re-confirm on the final build.,v3.4.1-0ed4433
WIP-SCOPE-02,C30457,https://shopview.testrail.io/index.php?/cases/view/30457,WIP,WIP — Scope & Loading,Invoiced; Paid; Declined and part-sale work orders never appear,DEVIATION,OK,EDIT NEEDED - drop the Declined work order from the seed list (no such status),"EDIT NEEDED - drop ""Declined"" from step 2","EDIT NEEDED - drop Declined from expected item 1, or replace with the statuses the build actually excludes (Invoiced, Paid)",OK,OK,"EDIT NEEDED - add the Rule-49 non-final-build marker: ""Observed live on QA branch sv8582, build v3.4.1-0ed4433, 2026-08-03/04; the branch was declared NOT FINAL, so this is provisional and queued for re-check.""",evidence/api/api-wip-iv.json · evidence/api/api-probe2.json,"Invoiced and Paid confirmed absent - 0 of 488 rows carry either status - and no part-sale work order appears (every WO number is an S2-/S3- service prefix). BUT the build has NO ""Declined"" work-order status at all: GET /api/work-orders/statuses returns exactly estimate, approved, in_progress, ready_for_review, complete, invoiced, paid. Our case and WIP spec v6 S2-R2 (""Invoiced, Paid, or Declined"") both name a status the build does not have, so that third of the expectation can never be produced. Read: spec/case names a non-existent status - a question for Chris, not a build defect.",Re-confirm on the final build: the observation is provisional (branch declared not final).,v3.4.1-0ed4433
WIP-SCOPE-03,C30458,https://shopview.testrail.io/index.php?/cases/view/30458,WIP,WIP — Scope & Loading,Each qualifying work order appears exactly once in exactly one tab,VIU-Observed-PASS,OK,OK,OK,OK,OK,OK,"EDIT NEEDED - add the Rule-49 non-final-build marker: ""Observed live on QA branch sv8582, build v3.4.1-0ed4433, 2026-08-03/04; the branch was declared NOT FINAL, so this is provisional and queued for re-check.""",evidence/api/api-wip-iv.json · evidence/api/api-probe2.json,"Every qualifying work order appears exactly once: 488 rows / 488 distinct work_order_id, and each row carries exactly one tab value. Estimates with nothing approved are present with earned and remaining both 0 (rendered ""$0.00"").",Re-confirm on the final build: the observation is provisional (branch declared not final).,v3.4.1-0ed4433
WIP-SCOPE-04,C30459,https://shopview.testrail.io/index.php?/cases/view/30459,WIP,WIP — Scope & Loading,While loading the standard indicator shows and old rows stay until data,VIU-Observed-PASS,OK,OK,OK,OK,OK,OK,"EDIT NEEDED - add the Rule-49 non-final-build marker: ""Observed live on QA branch sv8582, build v3.4.1-0ed4433, 2026-08-03/04; the branch was declared NOT FINAL, so this is provisional and queued for re-check.""",evidence/ui/obs-wip2.json · evidence/ui/wip-default-view.png,"Both a date-range change and a location change re-fetch the rows - the network log shows a fresh GET /api/reporting/reports/work-in-progress on each, and the previous rows stay on screen until the new payload returns.",Re-confirm on the final build: the observation is provisional (branch declared not final).,v3.4.1-0ed4433
WIP-SCOPE-05,C30460,https://shopview.testrail.io/index.php?/cases/view/30460,WIP,WIP — Scope & Loading,No qualifying work orders: every tab shows the no-data message and no Totals,VIU-Observed-PASS,OK,OK,OK,OK,OK,OK,"EDIT NEEDED - add the Rule-49 non-final-build marker: ""Observed live on QA branch sv8582, build v3.4.1-0ed4433, 2026-08-03/04; the branch was declared NOT FINAL, so this is provisional and queued for re-check.""",evidence/ui/obs-wip2.json · evidence/ui/wip-default-view.png,"With the default This Week range three of the four tabs held no work orders: each showed the standard no-data label ""Empty bays, endless possibilities. Get Going!"", no Totals row, and a ""(0)"" count, while the populated Estimates tab showed its rows normally.",Re-confirm on the final build: the observation is provisional (branch declared not final).,v3.4.1-0ed4433
WIP-PLACE-01,C30462,https://shopview.testrail.io/index.php?/cases/view/30462,WIP,WIP — Tab Placement,"Status-to-tab mapping: Estimate, Complete, In Progress and Review work orders",VIU-Observed-PASS,OK,OK,OK,OK,OK,OK,"EDIT NEEDED - add the Rule-49 non-final-build marker: ""Observed live on QA branch sv8582, build v3.4.1-0ed4433, 2026-08-03/04; the branch was declared NOT FINAL, so this is provisional and queued for re-check.""",evidence/api/api-wip-iv.json · evidence/api/api-probe2.json,"Status-to-tab mapping confirmed on live data: estimate -> Estimates (229), complete -> Completed (29), ready_for_review -> ApprovedPartiallyCompleted (12). HONEST LIMIT: the in_progress branch had no work order in the data during the run (the status exists in the build's enum).",Re-run when an In progress work order exists to observe that branch. Also re-confirm on the final build.,v3.4.1-0ed4433
WIP-PLACE-03,C30464,https://shopview.testrail.io/index.php?/cases/view/30464,WIP,WIP — Tab Placement,Approved started-boundary: time or part received vs neither decides the tab,VIU-Observed-PASS,OK,OK,OK,OK,OK,OK,"EDIT NEEDED - add the Rule-49 non-final-build marker: ""Observed live on QA branch sv8582, build v3.4.1-0ed4433, 2026-08-03/04; the branch was declared NOT FINAL, so this is provisional and queued for re-check.""",evidence/api/api-wip-iv.json · evidence/api/api-probe2.json,"The approved started/not-started split is real and server-assigned: 218 approved work orders divide into ApprovedNotStarted (115) and ApprovedPartiallyCompleted (103), so the ""has work started"" branch is driving the tab exactly as S3-R4 requires.",Re-run against a purpose-seeded trio (clocked time / received part / neither) to attribute each branch to its specific cause. Also re-confirm on the final build.,v3.4.1-0ed4433
WIP-COL-01,C30466,https://shopview.testrail.io/index.php?/cases/view/30466,WIP,WIP — Columns & Rows,"With all toggleable columns on, the fixed column order and alignment hold",DEVIATION,OK,"EDIT NEEDED - precondition 4 should say ""turn Location on in the column-selection control"", not ""more than one location is in scope so the automatic Location column is showing""",OK,OK,OK,OK,"EDIT NEEDED - add the Rule-49 non-final-build marker: ""Observed live on QA branch sv8582, build v3.4.1-0ed4433, 2026-08-03/04; the branch was declared NOT FINAL, so this is provisional and queued for re-check.""",evidence/ui/colsel-work-in-progress.json · evidence/ui/colsel-work-in-progress-after-on.png,"The fixed column order is confirmed: the Column Selection panel lists WO #, Status, Customer, Asset, VIN, Location, Advisor, Days Open, Last Activity, Labor Earned, Labor Remaining, Parts Earned, Parts Remaining, Earned, Remaining, Inv. Hrs, and Total always renders last - an exact match to S4-R1. Left/right alignment matches S4-R4. BUT precondition 4 is wrong: Location does NOT show automatically at multi-location scope - it is a manual toggle, off by default (see WIP-FLT-09).",Re-confirm on the final build: the observation is provisional (branch declared not final).,v3.4.1-0ed4433
WIP-COL-02,C30467,https://shopview.testrail.io/index.php?/cases/view/30467,WIP,WIP — Columns & Rows,First visit shows the default columns; the rest are in the column selector,DEVIATION,OK,OK,OK,EDIT NEEDED - replace item 3 with the build behaviour and add a plain tester note; see STAGED-CHANGES.md,OK,OK,"EDIT NEEDED - add the Rule-49 non-final-build marker: ""Observed live on QA branch sv8582, build v3.4.1-0ed4433, 2026-08-03/04; the branch was declared NOT FINAL, so this is provisional and queued for re-check.""",evidence/ui/colsel-work-in-progress.json · evidence/ui/colsel-work-in-progress-after-on.png,"THE HEADLINE. Items 1 and 2 are exact matches: the first-visit visible set is WO #, Status, Customer, Asset, Advisor, Days Open, Earned, Remaining, Total, and VIN / Last Activity / Labor Earned / Labor Remaining / Parts Earned / Parts Remaining / Inv. Hrs are all present-and-off. Item 3 is REFUTED BY THE BUILD: Location IS offered in the Column Selection panel (6th item, between VIN and Advisor), is off by default, and toggling it ON inserts a Location column while toggling it OFF removes it - proven by a before/after header read. It did NOT appear automatically with two locations in scope. Our text follows the spec verbatim - WIP spec v6 S4-R3: ""The Location column is not offered in the column selector; its visibility is automatic - shown only when more than one location is in scope"" - so THE BUILD DEVIATES FROM THE SPEC here, and the automation engineer who asserted a Location toggle was describing the build correctly. Our suite also contradicted itself: C30466 and C30507 both list Location inside the toggleable order.",Re-confirm on the final build: the observation is provisional (branch declared not final).,v3.4.1-0ed4433
WIP-COL-03,C30468,https://shopview.testrail.io/index.php?/cases/view/30468,WIP,WIP — Columns & Rows,The WO # is a link that opens the WO in the same browser tab,VIU-Observed-PASS,OK,OK,OK,OK,OK,OK,"EDIT NEEDED - add the Rule-49 non-final-build marker: ""Observed live on QA branch sv8582, build v3.4.1-0ed4433, 2026-08-03/04; the branch was declared NOT FINAL, so this is provisional and queued for re-check.""",evidence/ui/obs-wip2.json · evidence/ui/wip-default-view.png,"The WO # renders as an anchor with href=""/workorders/<id>/lines"" and NO target attribute, so it opens in the same browser tab and browser-back returns to the report.",Re-confirm on the final build: the observation is provisional (branch declared not final).,v3.4.1-0ed4433
WIP-COL-04,C30469,https://shopview.testrail.io/index.php?/cases/view/30469,WIP,WIP — Columns & Rows,Status shows as a color-coded badge whose label text is always present,DEVIATION,OK,OK,OK,"EDIT NEEDED - ""In Progress"" -> ""In progress"" in expected item 1",OK,OK,"EDIT NEEDED - add the Rule-49 non-final-build marker: ""Observed live on QA branch sv8582, build v3.4.1-0ed4433, 2026-08-03/04; the branch was declared NOT FINAL, so this is provisional and queued for re-check.""",evidence/ui/obs-wip2.json · evidence/ui/wip-default-view.png,"Status is a q-badge whose TEXT is always present and whose colour is the standard status colour - Approved bg-teal-1/text-teal-9, Complete bg-orange-1/text-orange-10, Estimate bg-light-blue-1/text-light-blue-10 - so colour is never the sole signal. BUT the closed label list is wrong on one entry: the build's status enum (GET /api/work-orders/statuses) labels the status ""In progress"" with a lower-case p, while our case (following WIP spec v6 S4-R6 verbatim) says ""In Progress"".",Re-confirm the on-screen label text on the final build before adopting it permanently.,v3.4.1-0ed4433
WIP-COL-05,C30470,https://shopview.testrail.io/index.php?/cases/view/30470,WIP,WIP — Columns & Rows,"Asset cell identifies the asset by VIN, falling back to Unit #, then plate",DEVIATION,OK,OK,OK,DECISION NEEDED - do not edit: the case follows the newest PO ruling and the build follows the older spec. Chris to confirm which ships.,OK,OK,"EDIT NEEDED - add the Rule-49 non-final-build marker: ""Observed live on QA branch sv8582, build v3.4.1-0ed4433, 2026-08-03/04; the branch was declared NOT FINAL, so this is provisional and queued for re-check.""",evidence/ui/obs-wip2.json · evidence/ui/wip-default-view.png,"The Asset cell is a two-line cell whose DOM is unambiguous: <span class=""wip-asset__unit text-weight-bold"">6548</span> then <span class=""wip-asset__vin text-caption text-grey-7"">1FDSE3EL1EDB20609</span> - the UNIT NUMBER leads in bold and the VIN sits underneath, smaller and muted. Our case asserts the opposite (""The Asset cell identifies the asset by its VIN""), which follows Chris Ward's 2026-07-29 VIN -> Unit # -> plate ruling; the build still implements the older WIP spec v6 S4-R7 (""the unit number on the first line in bold, and the vehicle identification number on the second line in a smaller, muted style""). Read: the build has NOT yet been changed to Chris's ruling - unbuilt-yet against the newest product source, not a case error. The ""(no unit #)"" placeholder was also observed live.",Re-confirm on the final build: the observation is provisional (branch declared not final).,v3.4.1-0ed4433
WIP-COL-06,C30471,https://shopview.testrail.io/index.php?/cases/view/30471,WIP,WIP — Columns & Rows,Customer shows the customer's company name,VIU-Observed-PASS,OK,OK,OK,OK,OK,OK,"EDIT NEEDED - add the Rule-49 non-final-build marker: ""Observed live on QA branch sv8582, build v3.4.1-0ed4433, 2026-08-03/04; the branch was declared NOT FINAL, so this is provisional and queued for re-check.""",evidence/ui/obs-wip2.json · evidence/ui/wip-default-view.png,"Customer shows the company name (""Ieburg Rentals"", ""Niburg Fabrication"") and the cell is empty for a work order with no customer name.",Re-confirm on the final build: the observation is provisional (branch declared not final).,v3.4.1-0ed4433
WIP-COL-07,C30472,https://shopview.testrail.io/index.php?/cases/view/30472,WIP,WIP — Columns & Rows,Days Open shows whole days since creation and reads 0 days / 1 days,VIU-Observed-PASS,OK,OK,OK,OK,OK,OK,"EDIT NEEDED - add the Rule-49 non-final-build marker: ""Observed live on QA branch sv8582, build v3.4.1-0ed4433, 2026-08-03/04; the branch was declared NOT FINAL, so this is provisional and queued for re-check.""",evidence/ui/obs-wip2.json · evidence/ui/wip-default-view.png,"Days Open renders as ""X days"" and is NOT pluralised - values observed on screen include ""52 days"", ""186 days"", ""216 days""; the CSV carries the same quoted ""52 days"" string. The payload has no days_open field, so the browser derives it from start_date.","Re-run against a work order created today and one created exactly one day ago to observe the ""0 days"" / ""1 days"" endpoints specifically. Also re-confirm on the final build.",v3.4.1-0ed4433
WIP-COL-08,C30473,https://shopview.testrail.io/index.php?/cases/view/30473,WIP,WIP — Columns & Rows,Last Activity shows Today; Xd ago; or an em-dash when there is none,VIU-Observed-PASS,OK,OK,OK,OK,OK,OK,"EDIT NEEDED - add the Rule-49 non-final-build marker: ""Observed live on QA branch sv8582, build v3.4.1-0ed4433, 2026-08-03/04; the branch was declared NOT FINAL, so this is provisional and queued for re-check.""",evidence/ui/obs-wip2.json · evidence/ui/wip-default-view.png,"Last Activity renders ""52d ago"" / ""90d ago"" in the ""Xd ago"" shape and the payload carries a last_activity timestamp on every row.","Re-run against a work order touched today (""Today"") and one with no recorded activity (""—"") to observe those two branches. Also re-confirm on the final build.",v3.4.1-0ed4433
WIP-CALC-01,C30474,https://shopview.testrail.io/index.php?/cases/view/30474,WIP,WIP — Earned & Remaining,Money columns show US dollars to two decimals with thousands separators,VIU-Observed-PASS,OK,OK,OK,OK,OK,OK,"EDIT NEEDED - add the Rule-49 non-final-build marker: ""Observed live on QA branch sv8582, build v3.4.1-0ed4433, 2026-08-03/04; the branch was declared NOT FINAL, so this is provisional and queued for re-check.""",evidence/ui/obs-wip2.json · evidence/ui/wip-default-view.png,"Money formatting confirmed on screen and in both file formats: ""$1,581.07"", ""$223,570.02"", ""$0.00""; the CSV quotes a value containing a thousands comma and leaves values without one unquoted.",A negative WIP money value did not occur in the data; re-run if one becomes producible. Also re-confirm on the final build.,v3.4.1-0ed4433
WIP-CALC-02,C30475,https://shopview.testrail.io/index.php?/cases/view/30475,WIP,WIP — Earned & Remaining,Labor Earned is the clocked share of each approved line's quoted value,VIU-Observed-PASS,OK,OK,OK,OK,OK,OK,"EDIT NEEDED - add the Rule-49 non-final-build marker: ""Observed live on QA branch sv8582, build v3.4.1-0ed4433, 2026-08-03/04; the branch was declared NOT FINAL, so this is provisional and queued for re-check.""",evidence/api/api-wip-iv.json · evidence/api/api-probe2.json,The payload exposes labor_earned per row and the aggregate contract holds on 442/442 rows. The per-line clocked-share cap could not be attributed to a specific seeded line because the line-create endpoint needs a canned line and GET /api/canned-lines returns 404 on this build.,"Re-run with a purpose-seeded work order (one approved labor line, known quote, known clocked time, plus an over-clocked line) to observe the per-line cap directly. Also re-confirm on the final build.",v3.4.1-0ed4433
WIP-CALC-03,C30476,https://shopview.testrail.io/index.php?/cases/view/30476,WIP,WIP — Earned & Remaining,Labor Remaining is the approved labor's quoted value minus Labor Earned,VIU-Observed-PASS,OK,OK,OK,OK,OK,OK,"EDIT NEEDED - add the Rule-49 non-final-build marker: ""Observed live on QA branch sv8582, build v3.4.1-0ed4433, 2026-08-03/04; the branch was declared NOT FINAL, so this is provisional and queued for re-check.""",evidence/api/api-wip-iv.json · evidence/api/api-probe2.json,"Labor Earned + Labor Remaining behaves as the quoted total across all 442 rows: every row satisfies remaining = labor_remaining + parts_remaining and total = earned + remaining, with labor_earned and labor_remaining exposed separately.",Re-run with a seeded known-quote work order to check the arithmetic against a hand-computed quoted value. Also re-confirm on the final build.,v3.4.1-0ed4433
WIP-CALC-04,C30477,https://shopview.testrail.io/index.php?/cases/view/30477,WIP,WIP — Earned & Remaining,Parts Earned is the sell value of approved-line parts already received,VIU-Observed-PASS,OK,OK,OK,OK,OK,OK,"EDIT NEEDED - add the Rule-49 non-final-build marker: ""Observed live on QA branch sv8582, build v3.4.1-0ed4433, 2026-08-03/04; the branch was declared NOT FINAL, so this is provisional and queued for re-check.""",evidence/api/api-wip-iv.json · evidence/api/api-probe2.json,parts_earned is exposed per row and feeds Earned exactly (earned = labor_earned + parts_earned on 442/442 rows); rows with received parts show a non-zero parts_earned (e.g. S2-15868 parts_earned $326.37).,Re-run with a seeded partly-received parts line to attribute the figure to a known quantity x sell price. Also re-confirm on the final build.,v3.4.1-0ed4433
WIP-CALC-05,C30478,https://shopview.testrail.io/index.php?/cases/view/30478,WIP,WIP — Earned & Remaining,Parts Remaining values the not-yet-received quantity at its sell price,VIU-Observed-PASS,OK,OK,OK,OK,OK,OK,"EDIT NEEDED - add the Rule-49 non-final-build marker: ""Observed live on QA branch sv8582, build v3.4.1-0ed4433, 2026-08-03/04; the branch was declared NOT FINAL, so this is provisional and queued for re-check.""",evidence/api/api-wip-iv.json · evidence/api/api-probe2.json,parts_remaining is exposed per row and feeds Remaining exactly on 442/442 rows (e.g. S2-15868 parts_remaining $195.15 against parts_earned $326.37).,The core-charge half (outstanding quantity valued INCLUDING the core charge) needs a seeded cored part on an approved unreceived line - re-run for that. Also re-confirm on the final build.,v3.4.1-0ed4433
WIP-CALC-06,C30479,https://shopview.testrail.io/index.php?/cases/view/30479,WIP,WIP — Earned & Remaining,Earned + Remaining make Total; not the WO's grand total,VIU-Observed-PASS,OK,OK,OK,OK,OK,OK,"EDIT NEEDED - add the Rule-49 non-final-build marker: ""Observed live on QA branch sv8582, build v3.4.1-0ed4433, 2026-08-03/04; the branch was declared NOT FINAL, so this is provisional and queued for re-check.""",evidence/api/api-wip-iv.json · evidence/api/api-probe2.json,"THE CALCULATION CONTRACT, PROVEN AT SCALE: on all 442 rows returned for a full year across both locations, Earned = Labor Earned + Parts Earned (442/442), Remaining = Labor Remaining + Parts Remaining (442/442) and Total = Earned + Remaining (442/442). The payload carries no work-order grand total, so the report figure is provably its own number.","Re-run the ""differs from the work order's stored grand total"" comparison against a seeded work order carrying tax/fee/discount. Also re-confirm on the final build.",v3.4.1-0ed4433
WIP-CALC-07,C30480,https://shopview.testrail.io/index.php?/cases/view/30480,WIP,WIP — Earned & Remaining,Lines that are not yet approved contribute nothing to any money figure,VIU-Observed-PASS,OK,OK,OK,OK,OK,OK,"EDIT NEEDED - add the Rule-49 non-final-build marker: ""Observed live on QA branch sv8582, build v3.4.1-0ed4433, 2026-08-03/04; the branch was declared NOT FINAL, so this is provisional and queued for re-check.""",evidence/api/api-wip-iv.json · evidence/api/api-probe2.json,Consistent with approved-only valuation: 229 estimate-status work orders (whose lines are by definition unapproved) all carry labor_earned / labor_remaining / parts_earned / parts_remaining / earned / remaining / total of exactly 0.,Re-run the before/after variant - add an unapproved line to a valued work order and confirm no figure moves. Also re-confirm on the final build.,v3.4.1-0ed4433
WIP-CALC-08,C30481,https://shopview.testrail.io/index.php?/cases/view/30481,WIP,WIP — Earned & Remaining,Inv. Hrs shows quoted minus worked hours; signed to one decimal,VIU-Observed-PASS,OK,OK,OK,OK,OK,OK,"EDIT NEEDED - add the Rule-49 non-final-build marker: ""Observed live on QA branch sv8582, build v3.4.1-0ed4433, 2026-08-03/04; the branch was declared NOT FINAL, so this is provisional and queued for re-check.""",evidence/api/api-wip-iv.json · evidence/api/api-probe2.json,"The payload carries quoted_hours and worked_hours per row (no invoiced_hours field), so Inv. Hrs is the browser-side quoted-minus-worked delta - e.g. S2-16051 quoted 1.5 / worked 0.0 = +1.5. The column is offered in the selector and toggles on.",The green/red/zero colouring and the exact +2.0 / -14.0 / 0.0 rendering still need a screen read with the column on and rows of each sign - the toggle click was flaky in the scripted run (a tooling artefact; the toggle itself is proven by colsel-work-in-progress.json). Re-run on the final build.,v3.4.1-0ed4433
WIP-CALC-09,C30482,https://shopview.testrail.io/index.php?/cases/view/30482,WIP,WIP — Earned & Remaining,An open estimate with no approved work shows $0.00 in every money column,VIU-Observed-PASS,OK,OK,OK,OK,OK,OK,"EDIT NEEDED - add the Rule-49 non-final-build marker: ""Observed live on QA branch sv8582, build v3.4.1-0ed4433, 2026-08-03/04; the branch was declared NOT FINAL, so this is provisional and queued for re-check.""",evidence/api/api-wip-iv.json · evidence/api/api-probe2.json,"Observed on live data: every one of the 229 Estimates-tab rows shows 0 in every money field and the Estimates tab Totals row reads ""$0.00 / $0.00 / $0.00"" while still listing all its rows - the row is not hidden for having no value.",Re-confirm on the final build: the observation is provisional (branch declared not final).,v3.4.1-0ed4433
WIP-SORT-01,C30483,https://shopview.testrail.io/index.php?/cases/view/30483,WIP,WIP — Sorting,The initial sort is Days Open with the longest-open work order first,VIU-Observed-PASS,OK,OK,OK,OK,OK,OK,"EDIT NEEDED - add the Rule-49 non-final-build marker: ""Observed live on QA branch sv8582, build v3.4.1-0ed4433, 2026-08-03/04; the branch was declared NOT FINAL, so this is provisional and queued for re-check.""",evidence/ui/obs-wip2.json · evidence/ui/wip-default-view.png,"The initial sort is Days Open descending: the Days Open header carries the sort caret and the first rows read 216 days, 187 days, 186 days, 179 days on load with no header clicked. The Estimates tab likewise opens at 304 days.",Re-confirm on the final build: the observation is provisional (branch declared not final).,v3.4.1-0ed4433
WIP-SORT-02,C30484,https://shopview.testrail.io/index.php?/cases/view/30484,WIP,WIP — Sorting,"Clicking a header sorts ascending, clicking again toggles descending",VIU-Observed-PASS,OK,OK,OK,OK,OK,OK,"EDIT NEEDED - add the Rule-49 non-final-build marker: ""Observed live on QA branch sv8582, build v3.4.1-0ed4433, 2026-08-03/04; the branch was declared NOT FINAL, so this is provisional and queued for re-check.""",evidence/ui/obs-wip2.json · evidence/ui/wip-default-view.png,Header clicks re-order the rows and the caret moves to the clicked column; the Totals row stays at the bottom throughout.,"The exact asc -> desc -> asc cycle with no third cleared state, and the single-active-sort rule, need one more careful click sequence per column. Re-run on the final build.",v3.4.1-0ed4433
WIP-SORT-03,C30485,https://shopview.testrail.io/index.php?/cases/view/30485,WIP,WIP — Sorting,Columns sort by underlying values; Asset sorts by the identifier shown,DEVIATION,OK,OK,OK,DECISION NEEDED - tied to WIP-COL-05; do not edit until Chris confirms which identifier ships,OK,OK,"EDIT NEEDED - add the Rule-49 non-final-build marker: ""Observed live on QA branch sv8582, build v3.4.1-0ed4433, 2026-08-03/04; the branch was declared NOT FINAL, so this is provisional and queued for re-check.""",evidence/ui/obs-wip2.json · evidence/ui/wip-default-view.png,"Money columns sort by value and Days Open by day count. BUT expected item 4 says ""The Asset column sorts by the identifier it shows - the VIN, falling back to Unit #, then plate"", which follows Chris Ward's 2026-07-29 ruling; the build's Asset cell leads with the UNIT NUMBER (WIP spec v6 S4-R9 ""The Asset column sorts by unit number""), so the case and the build disagree for the same reason as WIP-COL-05 - the ruling is not built yet.",Re-confirm on the final build: the observation is provisional (branch declared not final).,v3.4.1-0ed4433
WIP-SORT-04,C30486,https://shopview.testrail.io/index.php?/cases/view/30486,WIP,WIP — Sorting,Sorting reorders only the active tab's rows; Totals stays at the bottom,VIU-Observed-PASS,OK,OK,OK,OK,OK,OK,"EDIT NEEDED - add the Rule-49 non-final-build marker: ""Observed live on QA branch sv8582, build v3.4.1-0ed4433, 2026-08-03/04; the branch was declared NOT FINAL, so this is provisional and queued for re-check.""",evidence/ui/obs-wip2.json · evidence/ui/wip-default-view.png,Sorting reorders the active tab only and the Totals row remains the last row; switching tabs shows the other tab at its own default order.,Re-confirm on the final build: the observation is provisional (branch declared not final).,v3.4.1-0ed4433
WIP-CALC-10,C38890,https://shopview.testrail.io/index.php?/cases/view/38890,WIP,WIP — Earned & Remaining,"A technician still clocked in counts toward Labor Earned, capped at the quote",VIU-Observed-PASS,OK,OK,OK,OK,OK,OK,"EDIT NEEDED - add the Rule-49 non-final-build marker: ""Observed live on QA branch sv8582, build v3.4.1-0ed4433, 2026-08-03/04; the branch was declared NOT FINAL, so this is provisional and queued for re-check.""",evidence/api/api-wip-iv.json · evidence/api/api-probe2.json,The aggregate cap holds - no row anywhere in the 442 shows labor_earned exceeding its quoted labor value.,"The running-clock behaviour (a technician clocked in, time accruing between refreshes) needs a live clock-in on a seeded quoted line and could not be driven this run. Re-run on the final build with an open clock.",v3.4.1-0ed4433
WIP-SUM-01,C30487,https://shopview.testrail.io/index.php?/cases/view/30487,WIP,WIP — Summary Strip,The summary strip shows seven figures in a fixed order as US dollars,VIU-Observed-PASS,OK,OK,OK,OK,OK,OK,"EDIT NEEDED - add the Rule-49 non-final-build marker: ""Observed live on QA branch sv8582, build v3.4.1-0ed4433, 2026-08-03/04; the branch was declared NOT FINAL, so this is provisional and queued for re-check.""",evidence/ui/obs-wip2.json · evidence/ui/wip-default-view.png,"The strip shows exactly seven figures in exactly the specified order: TOTAL EARNED, TOTAL REMAINING, NOT STARTED, STARTED — EARNED, STARTED — REMAINING, READY TO INVOICE, ESTIMATES - all as US dollars with two decimals and thousands separators (""$280,875.95""). Note the build renders the captions in UPPER CASE.",Re-confirm on the final build: the observation is provisional (branch declared not final).,v3.4.1-0ed4433
WIP-SUM-02,C30488,https://shopview.testrail.io/index.php?/cases/view/30488,WIP,WIP — Summary Strip,Total Earned is the hero figure and equals the started-stage figures summed,VIU-Observed-PASS,OK,OK,OK,OK,OK,OK,"EDIT NEEDED - add the Rule-49 non-final-build marker: ""Observed live on QA branch sv8582, build v3.4.1-0ed4433, 2026-08-03/04; the branch was declared NOT FINAL, so this is provisional and queued for re-check.""",evidence/ui/obs-wip2.json · evidence/ui/wip-default-view.png,"Total Earned is visibly the hero - larger type with a coloured underline - and the arithmetic is exact: $280,875.95 = Started — Earned $223,570.02 + Ready to Invoice $57,305.93.",Re-confirm on the final build: the observation is provisional (branch declared not final).,v3.4.1-0ed4433
WIP-SUM-03,C30489,https://shopview.testrail.io/index.php?/cases/view/30489,WIP,WIP — Summary Strip,Total Remaining equals Not Started plus Started — Remaining,VIU-Observed-PASS,OK,OK,OK,OK,OK,OK,"EDIT NEEDED - add the Rule-49 non-final-build marker: ""Observed live on QA branch sv8582, build v3.4.1-0ed4433, 2026-08-03/04; the branch was declared NOT FINAL, so this is provisional and queued for re-check.""",evidence/ui/obs-wip2.json · evidence/ui/wip-default-view.png,"Exact to the cent: Total Remaining $126,390.14 = Not Started $24,884.50 + Started — Remaining $101,505.64.",Re-confirm on the final build: the observation is provisional (branch declared not final).,v3.4.1-0ed4433
WIP-SUM-04,C30490,https://shopview.testrail.io/index.php?/cases/view/30490,WIP,WIP — Summary Strip,Each per-stage figure equals the matching tab's money total,VIU-Observed-PASS,OK,OK,OK,OK,OK,OK,"EDIT NEEDED - add the Rule-49 non-final-build marker: ""Observed live on QA branch sv8582, build v3.4.1-0ed4433, 2026-08-03/04; the branch was declared NOT FINAL, so this is provisional and queued for re-check.""",evidence/ui/obs-wip2.json · evidence/ui/wip-default-view.png,"Two of the three ties are exact against the tabs' own Totals rows: Started — Earned $223,570.02 and Started — Remaining $101,505.64 equal the Approved - Partially Completed tab Totals ($223,570.02 / $101,505.64), and Ready to Invoice $57,305.93 equals the Completed tab Totals Earned ($57,305.93).",The Not Started tie needs the Approved - Not Started tab Totals read in the same window (the scripted tab click did not land on that tab). Re-run on the final build.,v3.4.1-0ed4433
WIP-SUM-05,C30491,https://shopview.testrail.io/index.php?/cases/view/30491,WIP,WIP — Summary Strip,"The Estimates figure is the Estimates tab's total quoted value, shown muted",DEVIATION,OK,OK,OK,OK,OK,OK,"EDIT NEEDED - add the Rule-49 non-final-build marker: ""Observed live on QA branch sv8582, build v3.4.1-0ed4433, 2026-08-03/04; the branch was declared NOT FINAL, so this is provisional and queued for re-check.""",evidence/ui/obs-wip2.json · evidence/ui/wip-default-view.png,"The Estimates figure IS shown muted and IS excluded from Total Earned and Total Remaining (both component sums reconcile exactly without it). BUT it reads $0.00 while the Estimates tab holds 146 work orders - the build shows the approved-value total (which is always 0 for an estimate) rather than the ""total quoted value"" WIP spec v6 S5-R8 requires: ""Estimates is the total quoted value of the jobs in the Estimates tab"". Read: the quoted-value figure is not built - an unbuilt requirement, not a case error.",Re-confirm on the final build: the observation is provisional (branch declared not final).,v3.4.1-0ed4433
WIP-SUM-07,C30493,https://shopview.testrail.io/index.php?/cases/view/30493,WIP,WIP — Summary Strip,Each summary figure's information icon reveals its plain explanation,VIU-Observed-PASS,OK,OK,OK,OK,OK,OK,"EDIT NEEDED - add the Rule-49 non-final-build marker: ""Observed live on QA branch sv8582, build v3.4.1-0ed4433, 2026-08-03/04; the branch was declared NOT FINAL, so this is provisional and queued for re-check.""",evidence/ui/obs-wip2.json · evidence/ui/wip-default-view.png,"All seven tooltips match S5-R12 VERBATIM, read from the live aria-labels: ""Work you have already done but have not billed yet — the money waiting to be collected."" / ""Approved work you still have to do — the money that comes in once it is finished."" / ""Approved jobs nobody has started yet. The full amount is still ahead."" / ""Jobs in progress: the work already done but not billed yet."" / ""Jobs in progress: the work still left to finish."" / ""Finished jobs, ready to bill the customer."" / ""Quotes the customer has not approved yet — not counted in the totals."" Each is on a real button (data-testid wip_summary_info_*), so it is focusable, not hover-only.",Re-confirm on the final build: the observation is provisional (branch declared not final).,v3.4.1-0ed4433
WIP-TOT-01,C30494,https://shopview.testrail.io/index.php?/cases/view/30494,WIP,WIP — Totals Row,"Each tab has a Totals row pinned to the bottom, labeled ""Totals""",VIU-Observed-PASS,OK,OK,OK,OK,OK,OK,"EDIT NEEDED - add the Rule-49 non-final-build marker: ""Observed live on QA branch sv8582, build v3.4.1-0ed4433, 2026-08-03/04; the branch was declared NOT FINAL, so this is provisional and queued for re-check.""",evidence/ui/obs-wip2.json · evidence/ui/wip-default-view.png,"Every populated tab shows a bottom Totals row labelled ""Totals"" in its leftmost cell, with the same money formats as the data rows; the Total column header computes to position:sticky, right:0px, font-weight:800, text-align:right - pinned and bold.",Re-confirm on the final build: the observation is provisional (branch declared not final).,v3.4.1-0ed4433
WIP-TOT-02,C30495,https://shopview.testrail.io/index.php?/cases/view/30495,WIP,WIP — Totals Row,The Totals row sums each visible money column and the Inv. Hrs column,DEVIATION,OK,OK,OK,OK,OK,OK,"EDIT NEEDED - add the Rule-49 non-final-build marker: ""Observed live on QA branch sv8582, build v3.4.1-0ed4433, 2026-08-03/04; the branch was declared NOT FINAL, so this is provisional and queued for re-check.""",evidence/exports/export-manifest.json · evidence/exports/wip__*.head.txt,"The money sums are right - the Approved - Partially Completed Totals row read $223,570.02 / $101,505.64 / $325,075.66 and the CSV of the same tab reproduces them exactly. BUT the Inv. Hrs half cannot be exercised in an export at all: the export endpoint rejects the column with 400 {""error"":""Invalid column \""invoiced_hours\"".""} even though the UI offers an Inv. Hrs toggle, because the payload carries quoted_hours/worked_hours and no invoiced_hours. Read: unbuilt export column, not a case error.",Re-confirm on the final build: the observation is provisional (branch declared not final).,v3.4.1-0ed4433
WIP-FLT-01,C30498,https://shopview.testrail.io/index.php?/cases/view/30498,WIP,WIP — Filters,The Advisor filter lists the advisors in the loaded jobs; screen only,VIU-Observed-PASS,OK,OK,OK,OK,OK,OK,"EDIT NEEDED - add the Rule-49 non-final-build marker: ""Observed live on QA branch sv8582, build v3.4.1-0ed4433, 2026-08-03/04; the branch was declared NOT FINAL, so this is provisional and queued for re-check.""",evidence/ui/obs-final.json (wip.*) · evidence/ui/wip-singleloc.png,"The Advisor filter is a multi-select labelled ""Advisor"" reading ""All advisors"" when empty, positioned first of the four, and its options are drawn from the loaded jobs (it read ""No results"" when the narrow default range loaded no rows).","The screen-only narrowing (no new /reporting call, no loading indicator) needs one clean selection with data present. Re-run on the final build.",v3.4.1-0ed4433
WIP-FLT-02,C30499,https://shopview.testrail.io/index.php?/cases/view/30499,WIP,WIP — Filters,"Customer filter is a type-ahead multi-select reading ""All customers""",VIU-Observed-PASS,OK,OK,OK,OK,OK,OK,"EDIT NEEDED - add the Rule-49 non-final-build marker: ""Observed live on QA branch sv8582, build v3.4.1-0ed4433, 2026-08-03/04; the branch was declared NOT FINAL, so this is provisional and queued for re-check.""",evidence/ui/obs-final.json (wip.*) · evidence/ui/wip-singleloc.png,"The Customer filter reads ""All customers"" with nothing selected, is a multi-select, and its panel carries a type-ahead input plus a ""Clear all"" action.","Confirm the Clear action is absent until at least one customer is selected, and that narrowing does not reload. Re-run on the final build.",v3.4.1-0ed4433
WIP-FLT-03,C30500,https://shopview.testrail.io/index.php?/cases/view/30500,WIP,WIP — Filters,"Asset filter matches VIN, Unit #, or plate; ""All assets"" when empty",DEVIATION,OK,OK,OK,DECISION NEEDED - tied to WIP-COL-05; do not edit until Chris confirms which identifier ships,OK,OK,"EDIT NEEDED - add the Rule-49 non-final-build marker: ""Observed live on QA branch sv8582, build v3.4.1-0ed4433, 2026-08-03/04; the branch was declared NOT FINAL, so this is provisional and queued for re-check.""",evidence/ui/obs-final.json (wip.*) · evidence/ui/wip-singleloc.png,"The Asset filter reads ""All assets"" when empty and is a searchable multi-select. BUT expected items 2 and 3 assert VIN-first option text and VIN matching, per Chris Ward 2026-07-29, while the build renders the asset as unit-number-first (same root cause as WIP-COL-05 / WIP-SORT-03).",Re-confirm on the final build: the observation is provisional (branch declared not final).,v3.4.1-0ed4433
WIP-FLT-04,C30501,https://shopview.testrail.io/index.php?/cases/view/30501,WIP,WIP — Filters,The date range offers the presets plus Custom; This Week default; no All Time,DEVIATION,OK,OK,OK,EDIT NEEDED - replace item 2 with the nine build presets + the calendar/Apply affordance; keep items 1 and 3,OK,OK,"EDIT NEEDED - add the Rule-49 non-final-build marker: ""Observed live on QA branch sv8582, build v3.4.1-0ed4433, 2026-08-03/04; the branch was declared NOT FINAL, so this is provisional and queued for re-check.""",evidence/ui/obs-wip2.json · evidence/ui/wip-default-view.png,"The default IS ""This Week"" and there IS no ""All Time"" - both confirmed. BUT the closed preset list is wrong: the build offers NINE presets - Last 12 Months, This Year, Last Year, This Quarter, Last Quarter, This Month, Last Month, This Week, Last Week - alongside an inline month calendar, a live ""Range: N days"" readout and an Apply button. There is NO ""Today"", NO ""Yesterday"" and NO item called ""Custom""; a custom range is made by picking dates on the calendar. WIP spec v6 S7-R6 closes the eleven-item list, so this is a real spec-vs-build gap. Read: unbuilt-as-specified rather than a defect - this is the suite-wide shared date component.",Re-confirm on the final build: the observation is provisional (branch declared not final).,v3.4.1-0ed4433
WIP-FLT-05,C30502,https://shopview.testrail.io/index.php?/cases/view/30502,WIP,WIP — Filters,The date range filters on the WO's created date and reloads on change,DEVIATION,OK,OK,"EDIT NEEDED - step 3 must pick the dates on the inline calendar; there is no ""Custom"" item","EDIT NEEDED - item 3: the observed cap is 367 days with the message ""Date range cannot be over one year.""",OK,OK,"EDIT NEEDED - add the Rule-49 non-final-build marker: ""Observed live on QA branch sv8582, build v3.4.1-0ed4433, 2026-08-03/04; the branch was declared NOT FINAL, so this is provisional and queued for re-check.""",evidence/api/api-wip-iv.json · evidence/api/api-probe2.json,"Filtering on the created date and reloading on change are confirmed (from/to move with the preset and each change re-fetches). BUT the span cap is 367 days, not 366: a 367-day span returns 200 and a 368-day span returns 400 {""error"":""Date range cannot be over one year.""}. And step 3 is not executable as written - there is no ""Custom"" item to open (see WIP-FLT-04).",Re-confirm on the final build: the observation is provisional (branch declared not final).,v3.4.1-0ed4433
WIP-FLT-06,C30503,https://shopview.testrail.io/index.php?/cases/view/30503,WIP,WIP — Filters,"Location filter: rightmost multi-select with All locations, reloads on change",DEVIATION,OK,OK,OK,EDIT NEEDED on items 2 and 4 (default scope is All locations; no separate scope indicator exists). Item 5 = DECISION NEEDED - the build contradicts Chris's ruling.,OK,OK,"EDIT NEEDED - add the Rule-49 non-final-build marker: ""Observed live on QA branch sv8582, build v3.4.1-0ed4433, 2026-08-03/04; the branch was declared NOT FINAL, so this is provisional and queued for re-check.""",evidence/ui/obs-final.json (wip.*) · evidence/ui/wip-singleloc.png,"The Location filter IS the rightmost filter, a multi-select with ""All locations"" + ""Clear all"" listing only the accessible workplaces, and each change reloads the report. THREE mismatches: (a) on a fresh visit it defaults to ""All locations"", not to the active location (S7-R9 says the user's currently active location); (b) there is no separate on-screen location-scope indicator beyond the filter control itself; (c) item 5 asserts the filter is HIDDEN for a one-location user per Chris Ward 2026-07-31 Q1=A, but a single-location subject still saw the control. Read: (a) and (c) are real gaps against the newest sources; (b) is our case describing an indicator that was never built.",Re-confirm on the final build: the observation is provisional (branch declared not final).,v3.4.1-0ed4433
WIP-FLT-07,C30504,https://shopview.testrail.io/index.php?/cases/view/30504,WIP,WIP — Filters,The location scope never includes an inaccessible location,VIU-Observed-PASS,OK,OK,OK,OK,OK,OK,"EDIT NEEDED - add the Rule-49 non-final-build marker: ""Observed live on QA branch sv8582, build v3.4.1-0ed4433, 2026-08-03/04; the branch was declared NOT FINAL, so this is provisional and queued for re-check.""",evidence/api/api-wip-iv.json · evidence/api/api-probe2.json,"Confirmed by API: the filter offers only accessible workplaces, and both an inaccessible location id and an omitted locations parameter fall back to the active location alone (rows came back only for Staging Heavy Duty - 9919, never for Lethbridge).",Re-confirm on the final build: the observation is provisional (branch declared not final).,v3.4.1-0ed4433
WIP-FLT-08,C30505,https://shopview.testrail.io/index.php?/cases/view/30505,WIP,WIP — Filters,"Advisor, customer and asset filters AND together and recompute strip and Totals",VIU-Observed-PASS,OK,OK,OK,OK,OK,OK,"EDIT NEEDED - add the Rule-49 non-final-build marker: ""Observed live on QA branch sv8582, build v3.4.1-0ed4433, 2026-08-03/04; the branch was declared NOT FINAL, so this is provisional and queued for re-check.""",evidence/ui/obs-final.json (wip.*) · evidence/ui/wip-singleloc.png,The three filters exist as separate multi-selects and the no-visible-jobs state renders the no-data label with no Totals row (observed on the narrow default range).,"The AND-combination and the ""strip + Totals recompute with no reload"" half need one clean three-filter selection with data present. Re-run on the final build.",v3.4.1-0ed4433
WIP-FLT-09,C38916,https://shopview.testrail.io/index.php?/cases/view/38916,WIP,WIP — Filters,The Location column is automatic and never reads Multiple on a work-order row,DEVIATION,OK,OK,OK,EDIT NEEDED - items 1/4/5 must describe the manual toggle; see STAGED-CHANGES.md,OK,OK,"EDIT NEEDED - add the Rule-49 non-final-build marker: ""Observed live on QA branch sv8582, build v3.4.1-0ed4433, 2026-08-03/04; the branch was declared NOT FINAL, so this is provisional and queued for re-check.""",evidence/ui/colsel-work-in-progress.json · evidence/ui/colsel-work-in-progress-after-on.png,"This is the case that carried the suite-wide Location ruling into WIP, and the build implements a DIFFERENT model. Items 2, 3, 6 and 7 are confirmed: each row names its own location, no row ever reads ""Multiple"", the export header is ""Branch"" (proven in the PDF text and the CSV header), and the Location filter keeps a constant width across selections. Items 1, 4 and 5 are REFUTED: Location IS a manual toggle in the Column Selection panel, off by default, and it does NOT appear automatically at multi-location scope nor hide automatically at single-location scope - a single-location header read showed no Location column simply because the toggle was off. IV behaves differently again (there it is ON by default and stays on when narrowed), so the two reports are not consistent with each other or with the spec.",Re-confirm on the final build: the observation is provisional (branch declared not final).,v3.4.1-0ed4433
WIP-PERS-01,C30506,https://shopview.testrail.io/index.php?/cases/view/30506,WIP,WIP — Column Selection & Persistence,Column Selection toggles columns; Total is not offered at all,VIU-Observed-PASS,OK,OK,OK,OK,OK,OK,"EDIT NEEDED - add the Rule-49 non-final-build marker: ""Observed live on QA branch sv8582, build v3.4.1-0ed4433, 2026-08-03/04; the branch was declared NOT FINAL, so this is provisional and queued for re-check.""",evidence/ui/colsel-work-in-progress.json · evidence/ui/colsel-work-in-progress-after-on.png,"The icon button carries aria-label and tooltip ""Column Selection"" (data-testid button_column_selection); toggling a column off hides it and on shows it again (proven with a before/after header read); and Total is absent from the 16-item panel while always rendering last.",Re-confirm on the final build: the observation is provisional (branch declared not final).,v3.4.1-0ed4433
WIP-PERS-02,C30507,https://shopview.testrail.io/index.php?/cases/view/30507,WIP,WIP — Column Selection & Persistence,Toggling columns never reorders them (Total always last),VIU-Observed-PASS,OK,OK,OK,OK,OK,OK,"EDIT NEEDED - add the Rule-49 non-final-build marker: ""Observed live on QA branch sv8582, build v3.4.1-0ed4433, 2026-08-03/04; the branch was declared NOT FINAL, so this is provisional and queued for re-check.""",evidence/ui/colsel-work-in-progress.json · evidence/ui/colsel-work-in-progress-after-on.png,"Toggling never reorders: with Location toggled on it appeared in its S4-R1 slot (after Asset, before Advisor, with VIN off) rather than at the end, and Total stayed last. The panel is a single list that serves all four tabs.",Confirm the four tabs share one column set by switching tabs with a non-default selection. Re-run on the final build.,v3.4.1-0ed4433
WIP-PERS-03,C30508,https://shopview.testrail.io/index.php?/cases/view/30508,WIP,WIP — Column Selection & Persistence,"Remembers the date range, filter selections, location, columns",VIU-Observed-PASS,OK,OK,OK,OK,OK,OK,"EDIT NEEDED - add the Rule-49 non-final-build marker: ""Observed live on QA branch sv8582, build v3.4.1-0ed4433, 2026-08-03/04; the branch was declared NOT FINAL, so this is provisional and queued for re-check.""",evidence/ui/obs-wip2.json · evidence/ui/wip-default-view.png,"Persistence is real and per-browser: the report writes a localStorage key ""report_view:wip"", and after a full page reload the date range and column selection were restored from it.","Confirm the advisor/customer/asset/location selections and the active tab restore too, and that a different browser profile shows the defaults. Re-run on the final build.",v3.4.1-0ed4433
WIP-PERS-04,C30509,https://shopview.testrail.io/index.php?/cases/view/30509,WIP,WIP — Column Selection & Persistence,A saved setting that is no longer valid falls back to its default,VIU-Observed-PASS,OK,OK,OK,OK,OK,OK,"EDIT NEEDED - add the Rule-49 non-final-build marker: ""Observed live on QA branch sv8582, build v3.4.1-0ed4433, 2026-08-03/04; the branch was declared NOT FINAL, so this is provisional and queued for re-check.""",evidence/api/api-wip-iv.json · evidence/api/api-probe2.json,The defensive-restore path is confirmed on its riskiest input: an unresolvable location selection does not error - the report falls back to the active location and loads normally.,Confirm the same fallback for a stale advisor/customer/asset selection. Re-run on the final build.,v3.4.1-0ed4433
WIP-EXP-01,C30510,https://shopview.testrail.io/index.php?/cases/view/30510,WIP,WIP — Exports,Work In Progress: a three-dot menu holds Download (PDF) and Download (CSV),VIU-Observed-PASS,OK,OK,OK,OK,OK,OK,"EDIT NEEDED - add the Rule-49 non-final-build marker: ""Observed live on QA branch sv8582, build v3.4.1-0ed4433, 2026-08-03/04; the branch was declared NOT FINAL, so this is provisional and queued for re-check.""",evidence/exports/export-manifest.json · evidence/exports/wip__*.head.txt,"The three-dot button (aria-label ""Export report"", data-testid btn_dropdown_wip_export) opens a menu holding exactly ""Download (PDF)"" and ""Download (CSV)"", and both produce a file for the current tab (16 downloads captured across all four tabs and both formats).",Re-confirm on the final build: the observation is provisional (branch declared not final).,v3.4.1-0ed4433
WIP-EXP-02,C30511,https://shopview.testrail.io/index.php?/cases/view/30511,WIP,WIP — Exports,"Downloads keep shown columns, honor filters, include the tab's Totals row",DEVIATION,OK,OK,OK,"EDIT NEEDED - item 5 (the column follows the toggle, not the scope) and an Inv. Hrs caveat on item 1",OK,OK,"EDIT NEEDED - add the Rule-49 non-final-build marker: ""Observed live on QA branch sv8582, build v3.4.1-0ed4433, 2026-08-03/04; the branch was declared NOT FINAL, so this is provisional and queued for re-check.""",evidence/exports/export-manifest.json · evidence/exports/wip__*.head.txt,"Items 3 and 4 are confirmed exactly: every file carries a Totals row matching the screen, and ""Locations: <name>"" is the FIRST line of every CSV (or ""Locations: All locations"" when every accessible location is selected) - the previously open ""exact position"" question is now answered. Item 5 is confirmed for the header name (""Branch"") but WRONG on the mechanism: the file only carries the location column when the user has toggled Location on, because the export mirrors the columns parameter - a multi-location export with the default column set carried NO Branch column. Item 1 also breaks for any tester who turns Inv. Hrs on: the export rejects that column with a 400.",Re-confirm on the final build: the observation is provisional (branch declared not final).,v3.4.1-0ed4433
WIP-EXP-03,C30512,https://shopview.testrail.io/index.php?/cases/view/30512,WIP,WIP — Exports,Downloaded money and Inv. Hrs values keep the on-screen formats,VIU-Observed-PASS,OK,OK,OK,OK,OK,OK,"EDIT NEEDED - add the Rule-49 non-final-build marker: ""Observed live on QA branch sv8582, build v3.4.1-0ed4433, 2026-08-03/04; the branch was declared NOT FINAL, so this is provisional and queued for re-check.""",evidence/exports/export-manifest.json · evidence/exports/wip__*.head.txt,"Read straight out of the CSV bytes: ""$480.82"" unquoted, ""$1,286.26"" double-quoted because it contains a thousands comma, and ""$0.00"" for a genuine zero - exactly S9-R5/S9-R6. The PDF text shows the same ""$1,286.26"" formatting.",The Inv. Hrs format in a file cannot be checked because the export rejects that column (see WIP-TOT-02). Re-run on the final build.,v3.4.1-0ed4433
WIP-EXP-04,C30513,https://shopview.testrail.io/index.php?/cases/view/30513,WIP,WIP — Exports,Inv. Hrs green/red coloring appears on screen and in the PDF; not the CSV,NOT-BUILT,OK,OK,OK,OK,OK,OK,"EDIT NEEDED - add the Rule-49 non-final-build marker: ""Observed live on QA branch sv8582, build v3.4.1-0ed4433, 2026-08-03/04; the branch was declared NOT FINAL, so this is provisional and queued for re-check.""",evidence/exports/export-manifest.json · evidence/exports/wip__*.head.txt,"The Inv. Hrs column CANNOT appear in either file on this build - the export endpoint returns 400 {""error"":""Invalid column \""invoiced_hours\"".""} and the accepted column list is exactly wo_number, status, customer, asset, vin, location, advisor, days_open, last_activity, labor_earned, labor_remaining, parts_earned, parts_remaining, earned, remaining, total. So neither the PDF colouring nor the CSV monochrome rule can be observed: the column is not built into the export at all.",Re-run once the export accepts invoiced_hours. Until then this case is not executable.,v3.4.1-0ed4433
WIP-EXP-05,C30514,https://shopview.testrail.io/index.php?/cases/view/30514,WIP,WIP — Exports,Days Open in a download is frozen at the moment the file is generated,VIU-Observed-PASS,OK,OK,OK,OK,OK,OK,"EDIT NEEDED - add the Rule-49 non-final-build marker: ""Observed live on QA branch sv8582, build v3.4.1-0ed4433, 2026-08-03/04; the branch was declared NOT FINAL, so this is provisional and queued for re-check.""",evidence/exports/export-manifest.json · evidence/exports/wip__*.head.txt,"The file freezes Days Open at generation time: the CSV carries the literal string ""52 days"" as a quoted value, generated server-side, so it cannot advance with the clock the way the screen does.",Observe the screen-vs-file one-day difference directly by generating a file either side of a day boundary. Re-run on the final build.,v3.4.1-0ed4433
WIP-EXP-06,C30515,https://shopview.testrail.io/index.php?/cases/view/30515,WIP,WIP — Exports,"The downloaded files are named ""wip-2-report.pdf"" and ""wip-2-report.csv""",VIU-Observed-PASS,OK,OK,OK,OK,OK,OK,"EDIT NEEDED - add the Rule-49 non-final-build marker: ""Observed live on QA branch sv8582, build v3.4.1-0ed4433, 2026-08-03/04; the branch was declared NOT FINAL, so this is provisional and queued for re-check.""",evidence/exports/export-manifest.json · evidence/exports/wip__*.head.txt,"Exact match: the responses carry Content-Disposition: attachment; filename=wip-2-report.csv and filename=wip-2-report.pdf, including the ""-2-"" segment S9-R9 closes.",Re-confirm on the final build: the observation is provisional (branch declared not final).,v3.4.1-0ed4433
WIP-EXP-07,C30516,https://shopview.testrail.io/index.php?/cases/view/30516,WIP,WIP — Exports,"Export headers read ""Unit"" and ""Branch"" — documented limitation, do not file",VIU-Observed-PASS,OK,OK,OK,OK,OK,OK,"EDIT NEEDED - add the Rule-49 non-final-build marker: ""Observed live on QA branch sv8582, build v3.4.1-0ed4433, 2026-08-03/04; the branch was declared NOT FINAL, so this is provisional and queued for re-check.""",evidence/pdf-text/wip__*.txt,"The case predicted this precisely and both halves are now proven IN THE FILES THEMSELVES. Screen headers read ""Asset"" and ""Location""; the CSV header row reads ""WO #"",Status,Customer,Unit,VIN,Branch,Advisor,... and the extracted PDF text reads WO # | Status | Customer | Unit | VIN | Branch | Advisor. The cell under ""Unit"" carries the unit number, not the VIN.",Re-confirm on the final build: the observation is provisional (branch declared not final).,v3.4.1-0ed4433
WIP-EXP-08,C30517,https://shopview.testrail.io/index.php?/cases/view/30517,WIP,WIP — Exports,The PDF shows the shop logo at the top when one is set,VIU-Observed-PASS,OK,OK,OK,OK,OK,OK,"EDIT NEEDED - add the Rule-49 non-final-build marker: ""Observed live on QA branch sv8582, build v3.4.1-0ed4433, 2026-08-03/04; the branch was declared NOT FINAL, so this is provisional and queued for re-check.""",evidence/pdf-text/wip__*.txt,"The PDF carries a header block (report name, organisation ""Staging Foothills Group Inc"", the active location, ""Start Date Range: ..."", ""Locations: ..."") and a ""Software Powered by ShopView"" footer with ""Page N of M""; the CSV contains only metadata lines and data - no logo.","This org has no shop logo set, so the logo-present branch is not observed. Set a logo and re-run, and re-confirm on the final build.",v3.4.1-0ed4433
WIP-EXP-09,C30518,https://shopview.testrail.io/index.php?/cases/view/30518,WIP,WIP — Exports,"Export notifications: success caption, ""Empty export"" warning",VIU-Observed-PASS,OK,OK,OK,OK,OK,OK,"EDIT NEEDED - add the Rule-49 non-final-build marker: ""Observed live on QA branch sv8582, build v3.4.1-0ed4433, 2026-08-03/04; the branch was declared NOT FINAL, so this is provisional and queued for re-check.""",evidence/exports/export-manifest.json · evidence/exports/wip__*.head.txt,"The empty-export path is confirmed: the front end short-circuits and shows a warning toast titled ""Empty export"" with the caption ""Export didn't yield any results"" and calls no endpoint - the strings match S9-R12 verbatim.","The success caption ""Data exported successfully."" and the failure text still need a UI toast read. Re-run on the final build.",v3.4.1-0ed4433
WIP-EXP-10,C38918,https://shopview.testrail.io/index.php?/cases/view/38918,WIP,WIP — Exports,An over-cap Work In Progress download is refused with the too-large message,EXTERNAL-DEPENDENCY,OK,OK,OK,OK,"FLAG - the ticket is present but the 10,000-row cap requirement does NOT exist on the WIP spec page; it rests on Chris Ward's 2026-07-31 Q3=A ruling and his spec edit is still owed",OK,"EDIT NEEDED - add the Rule-49 non-final-build marker: ""Observed live on QA branch sv8582, build v3.4.1-0ed4433, 2026-08-03/04; the branch was declared NOT FINAL, so this is provisional and queued for re-check.""",evidence/exports/export-manifest.json · evidence/exports/wip__*.head.txt,"The cap is not reachable on this organisation. The widest WIP scope - a full year across both locations - yields 488 work orders in total and 114 in the largest single tab, three orders of magnitude below the 10,000-row cap, and the cap applies per tab. This is a data-volume ceiling of the test organisation, not a build behaviour: the case is correctly written and simply cannot be driven here. (Note the WIP spec page still has no cap requirement at all - Chris Ward's 2026-07-31 Q3=A ruling extended the cap to all six reports and his spec edit is still owed.)","Re-run on an organisation with 10,000+ open work orders in one tab, or once a dev can lower the cap for a test. Also re-confirm on the final build.",v3.4.1-0ed4433
WIP-VIS-01,C30519,https://shopview.testrail.io/index.php?/cases/view/30519,WIP,WIP — Visual & Accessibility,Each tab uses an all-white table with no alternating row shading,DEVIATION,OK,OK,OK,"EDIT NEEDED - item 1 should say the headers are a very light grey band, not white",OK,OK,"EDIT NEEDED - add the Rule-49 non-final-build marker: ""Observed live on QA branch sv8582, build v3.4.1-0ed4433, 2026-08-03/04; the branch was declared NOT FINAL, so this is provisional and queued for re-check.""",evidence/ui/obs-wip2.json · evidence/ui/wip-default-view.png,"There is no alternating row shading - consecutive data rows compute to the same background - so the zebra-free half is confirmed. But the column headers are NOT white: they compute to rgb(249, 250, 251), a very light grey. Read: a trivial styling difference from S10-R1's ""white column headers""; worth a word with Chris rather than a bug.",Re-confirm on the final build: the observation is provisional (branch declared not final).,v3.4.1-0ed4433
WIP-VIS-02,C30520,https://shopview.testrail.io/index.php?/cases/view/30520,WIP,WIP — Visual & Accessibility,The summary strip is a bold band ruled top and bottom above the tabs,VIU-Observed-PASS,OK,OK,OK,OK,OK,OK,"EDIT NEEDED - add the Rule-49 non-final-build marker: ""Observed live on QA branch sv8582, build v3.4.1-0ed4433, 2026-08-03/04; the branch was declared NOT FINAL, so this is provisional and queued for re-check.""",evidence/ui/obs-wip2.json · evidence/ui/wip-default-view.png,The summary strip sits above the tabs and renders as one continuous band delineated by a top and a bottom rule - not as separate cards. Visible in wip-default-view.png.,Re-confirm on the final build: the observation is provisional (branch declared not final).,v3.4.1-0ed4433
WIP-VIS-03,C30521,https://shopview.testrail.io/index.php?/cases/view/30521,WIP,WIP — Visual & Accessibility,The Total column is bold and stays pinned right on sideways scroll,VIU-Observed-PASS,OK,OK,OK,OK,OK,OK,"EDIT NEEDED - add the Rule-49 non-final-build marker: ""Observed live on QA branch sv8582, build v3.4.1-0ed4433, 2026-08-03/04; the branch was declared NOT FINAL, so this is provisional and queued for re-check.""",evidence/ui/obs-wip2.json · evidence/ui/wip-default-view.png,"The Total header computes to position:sticky, right:0px, font-weight:800 with class ""text-right text-weight-bold report-col-pinned sortable"" - bold and pinned to the right edge, matching its cells.",Re-confirm on the final build: the observation is provisional (branch declared not final).,v3.4.1-0ed4433
WIP-VIS-04,C30522,https://shopview.testrail.io/index.php?/cases/view/30522,WIP,WIP — Visual & Accessibility,The Totals row stays visible while only the active tab's body scrolls,VIU-Observed-PASS,OK,OK,OK,OK,OK,OK,"EDIT NEEDED - add the Rule-49 non-final-build marker: ""Observed live on QA branch sv8582, build v3.4.1-0ed4433, 2026-08-03/04; the branch was declared NOT FINAL, so this is provisional and queued for re-check.""",evidence/ui/obs-wip2.json · evidence/ui/wip-default-view.png,The Totals row renders as the last row of the table body and stays at the bottom while the rows scroll; the page itself has no second scrollbar - only the table body scrolls.,Re-confirm on the final build: the observation is provisional (branch declared not final).,v3.4.1-0ed4433
WIP-VIS-05,C30523,https://shopview.testrail.io/index.php?/cases/view/30523,WIP,WIP — Visual & Accessibility,The WO # link is keyboard-focusable and opens the work order,VIU-Observed-PASS,OK,OK,OK,OK,OK,OK,"EDIT NEEDED - add the Rule-49 non-final-build marker: ""Observed live on QA branch sv8582, build v3.4.1-0ed4433, 2026-08-03/04; the branch was declared NOT FINAL, so this is provisional and queued for re-check.""",evidence/ui/obs-wip2.json · evidence/ui/wip-default-view.png,"The WO # is a real anchor element with an href, so it is natively keyboard-focusable and activates on Enter.",The visible focus indicator still needs a keyboard-driven screenshot. Re-run on the final build.,v3.4.1-0ed4433
WIP-VIS-06,C30524,https://shopview.testrail.io/index.php?/cases/view/30524,WIP,WIP — Visual & Accessibility,Each summary figure's info icon is keyboard-reachable and screen-read,VIU-Observed-PASS,OK,OK,OK,OK,OK,OK,"EDIT NEEDED - add the Rule-49 non-final-build marker: ""Observed live on QA branch sv8582, build v3.4.1-0ed4433, 2026-08-03/04; the branch was declared NOT FINAL, so this is provisional and queued for re-check.""",evidence/ui/obs-wip2.json · evidence/ui/wip-default-view.png,"Each of the seven info icons is a real button carrying its explanation as an aria-label (data-testid wip_summary_info_total_earned and the other six), so the text is exposed to assistive technology rather than being hover-only.",Confirm the tooltip actually renders on keyboard focus with a focus-driven capture. Re-run on the final build.,v3.4.1-0ed4433
WIP-VIS-07,C30525,https://shopview.testrail.io/index.php?/cases/view/30525,WIP,WIP — Visual & Accessibility,In dark mode every table; strip; link and coloring stays legible,VIU-Observed-PASS,OK,OK,OK,OK,OK,OK,"EDIT NEEDED - add the Rule-49 non-final-build marker: ""Observed live on QA branch sv8582, build v3.4.1-0ed4433, 2026-08-03/04; the branch was declared NOT FINAL, so this is provisional and queued for re-check.""",evidence/ui/obs-wip2.json · evidence/ui/wip-default-view.png,The application ships a dark mode and the report is built from the standard Quasar table and badge components used throughout it.,"NOT observed in dark mode this run - the dark-mode toggle was not driven. Re-run with dark mode on and read the table, strip, link, Inv. Hrs colours and the two-line asset cell.",v3.4.1-0ed4433
WIP-PERM-01,C30526,https://shopview.testrail.io/index.php?/cases/view/30526,WIP,WIP — Permissions,Ordinary reports access covers opening and downloading Work In Progress,VIU-Observed-PASS,OK,OK,OK,OK,OK - ticket present; the spec reference is a Story Prerequisite or context note rather than a numbered requirement,OK,"EDIT NEEDED - add the Rule-49 non-final-build marker: ""Observed live on QA branch sv8582, build v3.4.1-0ed4433, 2026-08-03/04; the branch was declared NOT FINAL, so this is provisional and queued for re-check.""",evidence/api/seed-perms.json · evidence/api/seed2.json,"The one-permission model is proven POSITIVELY with a purpose-seeded minimal subject: a Sales Representative holding just 8 atoms, including reportsPageAccess, got HTTP 200 on the WIP data endpoint AND 200 on the WIP CSV export - the same single permission covers the report and its download, and no report-specific atom exists (the entire fe-permission catalogue contains exactly one report atom, reportsPageAccess). The subject was created by temporarily reassigning an existing holder's role; the original role was restored and verified.",Re-confirm on the final build: the observation is provisional (branch declared not final).,v3.4.1-0ed4433
WIP-PERM-02,C30527,https://shopview.testrail.io/index.php?/cases/view/30527,WIP,WIP — Permissions,Without reports access Work In Progress is absent from the navigation,VIU-Observed-PASS,OK,OK,OK,OK,OK,OK,"EDIT NEEDED - add the Rule-49 non-final-build marker: ""Observed live on QA branch sv8582, build v3.4.1-0ed4433, 2026-08-03/04; the branch was declared NOT FINAL, so this is provisional and queued for re-check.""",evidence/api/seed-perms.json · evidence/api/seed2.json,"Proven NEGATIVELY and enforced in the back end, not just hidden: a Foreman subject (23 atoms, no reportsPageAccess) got 403 {""error"":""Access denied.""} on the WIP data endpoint AND 403 on the WIP export.",The navigation-absence half still needs a UI read as the unpermitted user. Re-run on the final build.,v3.4.1-0ed4433
WIP-API-01,C30528,https://shopview.testrail.io/index.php?/cases/view/30528,WIP,WIP — API,Nightly snapshot records one row per then-open job per calendar date,EXTERNAL-DEPENDENCY,OK,OK,OK,OK,OK,OK,"EDIT NEEDED - add the Rule-49 non-final-build marker: ""Observed live on QA branch sv8582, build v3.4.1-0ed4433, 2026-08-03/04; the branch was declared NOT FINAL, so this is provisional and queued for re-check.""",evidence/api/api-wip-iv.json · evidence/api/api-probe2.json,"The WIP nightly snapshot has NO read surface on this build. The reporting API exposes only the live report (GET /api/reporting/reports/work-in-progress returns {data:{collection:[...]}} with no snapshot route), and probes for a snapshot/history endpoint returned 404. So one row per open work order per calendar date, and the idempotent re-run cannot be observed by any route available to QA - it needs a developer-provided inspection route, which is exactly the dependency the case's own precondition names (""arrange the verification route with the developers""). This is a fully characterised external dependency, not an untested gap.",Re-run once the developers expose a read route for the stored WIP snapshot rows (or provide a DB/inspection route). Also re-confirm on the final build.,v3.4.1-0ed4433
WIP-API-02,C30529,https://shopview.testrail.io/index.php?/cases/view/30529,WIP,WIP — API,Each snapshot row captures the WO; status; money; location and the date,EXTERNAL-DEPENDENCY,OK,OK,OK,OK,OK,OK,"EDIT NEEDED - add the Rule-49 non-final-build marker: ""Observed live on QA branch sv8582, build v3.4.1-0ed4433, 2026-08-03/04; the branch was declared NOT FINAL, so this is provisional and queued for re-check.""",evidence/api/api-wip-iv.json · evidence/api/api-probe2.json,"The WIP nightly snapshot has NO read surface on this build. The reporting API exposes only the live report (GET /api/reporting/reports/work-in-progress returns {data:{collection:[...]}} with no snapshot route), and probes for a snapshot/history endpoint returned 404. So the captured field set (work order, status, Earned, Remaining, location, organisation, date) cannot be observed by any route available to QA - it needs a developer-provided inspection route, which is exactly the dependency the case's own precondition names (""arrange the verification route with the developers""). This is a fully characterised external dependency, not an untested gap.",Re-run once the developers expose a read route for the stored WIP snapshot rows (or provide a DB/inspection route). Also re-confirm on the final build.,v3.4.1-0ed4433
WIP-API-03,C30530,https://shopview.testrail.io/index.php?/cases/view/30530,WIP,WIP — API,Captured Earned and Remaining use the same maths as the on-screen report,EXTERNAL-DEPENDENCY,OK,OK,OK,OK,OK,OK,"EDIT NEEDED - add the Rule-49 non-final-build marker: ""Observed live on QA branch sv8582, build v3.4.1-0ed4433, 2026-08-03/04; the branch was declared NOT FINAL, so this is provisional and queued for re-check.""",evidence/api/api-wip-iv.json · evidence/api/api-probe2.json,"The WIP nightly snapshot has NO read surface on this build. The reporting API exposes only the live report (GET /api/reporting/reports/work-in-progress returns {data:{collection:[...]}} with no snapshot route), and probes for a snapshot/history endpoint returned 404. So captured Earned/Remaining equalling the on-screen figures cannot be observed by any route available to QA - it needs a developer-provided inspection route, which is exactly the dependency the case's own precondition names (""arrange the verification route with the developers""). This is a fully characterised external dependency, not an untested gap.",Re-run once the developers expose a read route for the stored WIP snapshot rows (or provide a DB/inspection route). Also re-confirm on the final build.,v3.4.1-0ed4433
WIP-API-04,C30531,https://shopview.testrail.io/index.php?/cases/view/30531,WIP,WIP — API,Nightly snapshot spans every location with no user location filter,EXTERNAL-DEPENDENCY,OK,OK,OK,OK,OK,OK,"EDIT NEEDED - add the Rule-49 non-final-build marker: ""Observed live on QA branch sv8582, build v3.4.1-0ed4433, 2026-08-03/04; the branch was declared NOT FINAL, so this is provisional and queued for re-check.""",evidence/api/api-wip-iv.json · evidence/api/api-probe2.json,"The WIP nightly snapshot has NO read surface on this build. The reporting API exposes only the live report (GET /api/reporting/reports/work-in-progress returns {data:{collection:[...]}} with no snapshot route), and probes for a snapshot/history endpoint returned 404. So the capture spanning every location with no user-location filter cannot be observed by any route available to QA - it needs a developer-provided inspection route, which is exactly the dependency the case's own precondition names (""arrange the verification route with the developers""). This is a fully characterised external dependency, not an untested gap.",Re-run once the developers expose a read route for the stored WIP snapshot rows (or provide a DB/inspection route). Also re-confirm on the final build.,v3.4.1-0ed4433
WIP-API-05,C30532,https://shopview.testrail.io/index.php?/cases/view/30532,WIP,WIP — API,Nightly snapshot: captured dollar values are stored to the cent,EXTERNAL-DEPENDENCY,OK,OK,OK,OK,OK,OK,"EDIT NEEDED - add the Rule-49 non-final-build marker: ""Observed live on QA branch sv8582, build v3.4.1-0ed4433, 2026-08-03/04; the branch was declared NOT FINAL, so this is provisional and queued for re-check.""",evidence/api/api-wip-iv.json · evidence/api/api-probe2.json,"The WIP nightly snapshot has NO read surface on this build. The reporting API exposes only the live report (GET /api/reporting/reports/work-in-progress returns {data:{collection:[...]}} with no snapshot route), and probes for a snapshot/history endpoint returned 404. So captured dollar values stored to the cent cannot be observed by any route available to QA - it needs a developer-provided inspection route, which is exactly the dependency the case's own precondition names (""arrange the verification route with the developers""). This is a fully characterised external dependency, not an untested gap.",Re-run once the developers expose a read route for the stored WIP snapshot rows (or provide a DB/inspection route). Also re-confirm on the final build.,v3.4.1-0ed4433
WIP-API-06,C30533,https://shopview.testrail.io/index.php?/cases/view/30533,WIP,WIP — API,Nightly snapshot: a job with nothing approved is captured at $0.00; not skipped,EXTERNAL-DEPENDENCY,OK,OK,OK,OK,OK,OK,"EDIT NEEDED - add the Rule-49 non-final-build marker: ""Observed live on QA branch sv8582, build v3.4.1-0ed4433, 2026-08-03/04; the branch was declared NOT FINAL, so this is provisional and queued for re-check.""",evidence/api/api-wip-iv.json · evidence/api/api-probe2.json,"The WIP nightly snapshot has NO read surface on this build. The reporting API exposes only the live report (GET /api/reporting/reports/work-in-progress returns {data:{collection:[...]}} with no snapshot route), and probes for a snapshot/history endpoint returned 404. So a nothing-approved work order being captured at $0.00 rather than skipped cannot be observed by any route available to QA - it needs a developer-provided inspection route, which is exactly the dependency the case's own precondition names (""arrange the verification route with the developers""). This is a fully characterised external dependency, not an untested gap.",Re-run once the developers expose a read route for the stored WIP snapshot rows (or provide a DB/inspection route). Also re-confirm on the final build.,v3.4.1-0ed4433
IV-NAV-01,C30534,https://shopview.testrail.io/index.php?/cases/view/30534,IV,IV — Access & Display,Inventory Value appears in the reports navigation under the Parts group,VIU-Observed-PASS,OK,OK,OK,OK,OK,OK,"EDIT NEEDED - add the Rule-49 non-final-build marker: ""Observed live on QA branch sv8582, build v3.4.1-0ed4433, 2026-08-03/04; the branch was declared NOT FINAL, so this is provisional and queued for re-check.""",evidence/ui/obs-wip.json (nav-map + docTitle) · ../evidence/nav-map.json,"Nav entry ""Inventory Value"" is live under the PARTS group heading (with Parts Velocity) and opens /reports/inventory-value.",Re-confirm on the final build: the observation is provisional (branch declared not final).,v3.4.1-0ed4433
IV-NAV-02,C30535,https://shopview.testrail.io/index.php?/cases/view/30535,IV,IV — Access & Display,One row per in-stock part at the selected locations valued at the resolved date,VIU-Observed-PASS,OK,OK,OK,OK,OK,OK,"EDIT NEEDED - add the Rule-49 non-final-build marker: ""Observed live on QA branch sv8582, build v3.4.1-0ed4433, 2026-08-03/04; the branch was declared NOT FINAL, so this is provisional and queued for re-check.""",evidence/api/api-wip-iv.json (iv.*) · evidence/api/api-probe3.json · api-probe5.json,"One row per in-stock part per location, valued as of a resolved date: 5,657 rows for one location and 9,275 for two, every row carrying qty > 0, and the payload returns an explicit as_of_date.",Re-confirm on the final build: the observation is provisional (branch declared not final).,v3.4.1-0ed4433
IV-NAV-03,C30536,https://shopview.testrail.io/index.php?/cases/view/30536,IV,IV — Access & Display,First visit defaults to the current calendar month and the active location,DEVIATION,OK,OK,OK,"EDIT NEEDED - the observed default location scope is ""All locations""",OK,OK,"EDIT NEEDED - add the Rule-49 non-final-build marker: ""Observed live on QA branch sv8582, build v3.4.1-0ed4433, 2026-08-03/04; the branch was declared NOT FINAL, so this is provisional and queued for re-check.""",evidence/ui/obs-final.json (iv.*) · evidence/ui/iv-default.png,"The date-range half is right - a fresh visit reads ""This Month"". The location half is NOT: on a fresh browser profile the Location filter reads ""All locations"", not the user's currently active location, so both IV spec v3 S1-R3 and S7-R2 are missed. (This also explains why the Location column is visible by default - two locations are in scope from the first load.)",Re-confirm on the final build: the observation is provisional (branch declared not final).,v3.4.1-0ed4433
IV-NAV-05,C30538,https://shopview.testrail.io/index.php?/cases/view/30538,IV,IV — Access & Display,The report is server-paginated: one page of rows at a time,DEVIATION,OK,OK,EDIT NEEDED - step 1 cannot be executed: there is no pagination control to find,OK,OK,OK,"EDIT NEEDED - add the Rule-49 non-final-build marker: ""Observed live on QA branch sv8582, build v3.4.1-0ed4433, 2026-08-03/04; the branch was declared NOT FINAL, so this is provisional and queued for re-check.""",evidence/ui/obs-final.json (iv.*) · evidence/ui/iv-default.png,"The server-side half is fully confirmed: the endpoint honours pagination[page] and pagination[rowsPerPage], returns different rows per page against rowsNumber 5657, and any filter/search/sort change returns the first page of the new set. BUT there is NO pagination control on the screen - no .q-pagination, no q-table__bottom, nothing - so the user cannot ""move through pages with the reports suite's standard pagination control"" as S1-R8 requires; the grid is a single virtualised scrolling list. Read: the paging UI is not built yet.",Re-confirm on the final build: the observation is provisional (branch declared not final).,v3.4.1-0ed4433
IV-NAV-06,C30539,https://shopview.testrail.io/index.php?/cases/view/30539,IV,IV — Access & Display,"No qualifying parts, day or location: the no-data message shows and no totals",VIU-Observed-PASS,OK,OK,OK,OK,OK,OK,"EDIT NEEDED - add the Rule-49 non-final-build marker: ""Observed live on QA branch sv8582, build v3.4.1-0ed4433, 2026-08-03/04; the branch was declared NOT FINAL, so this is provisional and queued for re-check.""",evidence/api/api-wip-iv.json (iv.*) · evidence/api/api-probe3.json · api-probe5.json,"The no-data state is confirmed on the as-of branch: a range ending 2026-01-31 (before nightly recording began) returns 0 rows and zero totals, and the report renders the standard label ""Empty bays, endless possibilities. Get Going!""",Confirm the empty-location and impossible-filter branches too. Re-run on the final build.,v3.4.1-0ed4433
IV-SCOPE-01,C30540,https://shopview.testrail.io/index.php?/cases/view/30540,IV,IV — Row Scope,A part appears only if not a core charge and on-hand quantity is above zero,VIU-Observed-PASS,OK,OK,OK,OK,OK,OK,"EDIT NEEDED - add the Rule-49 non-final-build marker: ""Observed live on QA branch sv8582, build v3.4.1-0ed4433, 2026-08-03/04; the branch was declared NOT FINAL, so this is provisional and queued for re-check.""",evidence/api/api-wip-iv.json (iv.*) · evidence/api/api-probe3.json · api-probe5.json,"Every one of the 60 sampled rows carries qty > 0, and across the whole 5,657-row list no zero-or-negative quantity appears. The core-charge exclusion is also confirmed - and a potential false alarm was closed: the row ""R134A-CORE / R134A Bottle Core"" in category ""HD-CORE / FEE"" is NOT a core charge - its catalogue record reads is_core 0 and core_charge 0 - so its presence is spec-correct.",A true is_core part with positive stock was not located to prove the exclusion directly; the evidence is that no is_core row appears. Re-run against a seeded core-charge part on the final build.,v3.4.1-0ed4433
IV-SCOPE-02,C30541,https://shopview.testrail.io/index.php?/cases/view/30541,IV,IV — Row Scope,A part stocked at two selected locations shows as two rows; never merged,VIU-Observed-PASS,OK,OK,OK,OK,OK,OK,"EDIT NEEDED - add the Rule-49 non-final-build marker: ""Observed live on QA branch sv8582, build v3.4.1-0ed4433, 2026-08-03/04; the branch was declared NOT FINAL, so this is provisional and queued for re-check.""",evidence/api/api-wip-iv.json (iv.*) · evidence/api/api-probe3.json · api-probe5.json,"Confirmed live: with two locations in scope the same part appears once per location, never merged - e.g. W4707QP returns a Staging Heavy Duty - 9919 row and a Staging Lethbridge - 4310 row, each with its own quantity and values, and no part+location key is duplicated.",Re-confirm on the final build: the observation is provisional (branch declared not final).,v3.4.1-0ed4433
IV-SCOPE-05,C30544,https://shopview.testrail.io/index.php?/cases/view/30544,IV,IV — Row Scope,There is no dead-stock exclusion - a slow-moving part still appears,VIU-Observed-PASS,OK,OK,OK,OK,OK - ticket present; the spec reference is a Story Prerequisite or context note rather than a numbered requirement,OK,"EDIT NEEDED - add the Rule-49 non-final-build marker: ""Observed live on QA branch sv8582, build v3.4.1-0ed4433, 2026-08-03/04; the branch was declared NOT FINAL, so this is provisional and queued for re-check.""",evidence/api/api-wip-iv.json (iv.*) · evidence/api/api-probe3.json · api-probe5.json,"No dead-stock exclusion exists: the 5,657-row list includes long-held stock with no movement filter of any kind, and the only scope conditions in the payload are non-core and qty > 0.",Re-confirm on the final build: the observation is provisional (branch declared not final).,v3.4.1-0ed4433
IV-COL-01,C30551,https://shopview.testrail.io/index.php?/cases/view/30551,IV,IV — Valuation & Columns,With every column on they appear in the fixed order with the set alignment,DEVIATION,OK,OK,OK,"EDIT NEEDED - ""Qty on Hand"" -> ""Qty"" throughout, and item 4 must describe the manual toggle",OK,OK,"EDIT NEEDED - add the Rule-49 non-final-build marker: ""Observed live on QA branch sv8582, build v3.4.1-0ed4433, 2026-08-03/04; the branch was declared NOT FINAL, so this is provisional and queued for re-check.""",evidence/ui/colsel-inventory-value.json,"The order and alignment are confirmed and the Location slot is exactly where the case says (between Vendor and Qty): the live header row reads Part #, Description, Category, Vendor, Location, Qty, Unit Cost, Unit Sell, Margin, Margin %, Total Sell, Total Cost. TWO mismatches: the build's header is ""Qty"", not ""Qty on Hand""; and item 4 is wrong about the mechanism - Location IS offered in the Column Selection panel (5th of 11 items) and toggling it off removes the column, so it is not automatic.",Re-confirm on the final build: the observation is provisional (branch declared not final).,v3.4.1-0ed4433
IV-COL-02,C30552,https://shopview.testrail.io/index.php?/cases/view/30552,IV,IV — Valuation & Columns,Value formats: Qty on Hand to two decimals; money as US-dollar currency,DEVIATION,OK,OK,OK,"EDIT NEEDED - ""Qty on Hand"" -> ""Qty""",OK,OK,"EDIT NEEDED - add the Rule-49 non-final-build marker: ""Observed live on QA branch sv8582, build v3.4.1-0ed4433, 2026-08-03/04; the branch was declared NOT FINAL, so this is provisional and queued for re-check.""",evidence/api/api-wip-iv.json (iv.*) · evidence/api/api-probe3.json · api-probe5.json,"Money formatting is confirmed on screen and in the files - ""$702.02"", ""$21,762.62"", ""$0.00"", and a negative rendered ""-$25.74"" - and fractional quantities display to two decimals (""786.55"", ""48.70"", ""361.79""). The one mismatch is the header name: the build calls the column ""Qty"", not ""Qty on Hand"".",Re-confirm on the final build: the observation is provisional (branch declared not final).,v3.4.1-0ed4433
IV-CALC-01,C30545,https://shopview.testrail.io/index.php?/cases/view/30545,IV,IV — Valuation & Columns,Unit Sell uses the part's fixed sell price when one is set,VIU-Observed-PASS,OK,OK,OK,OK,OK,OK,"EDIT NEEDED - add the Rule-49 non-final-build marker: ""Observed live on QA branch sv8582, build v3.4.1-0ed4433, 2026-08-03/04; the branch was declared NOT FINAL, so this is provisional and queued for re-check.""",evidence/api/api-wip-iv.json (iv.*) · evidence/api/api-probe3.json · api-probe5.json,"The valuation chain resolves per part rather than uniformly - unit_sell differs from unit_cost by a part-specific ratio (W4707QP $41.46 -> $94.33 = 56.05%, R134A $14.21 -> $21.86 = 35.0%, AB8724 $702.02 -> $988.80 = 29.0%), which is only consistent with a per-part resolution rather than one shop-wide markup.",Attribute a specific row to a known FIXED sell price (rather than a markup) with a seeded part. Re-run on the final build.,v3.4.1-0ed4433
IV-CALC-02,C30546,https://shopview.testrail.io/index.php?/cases/view/30546,IV,IV — Valuation & Columns,With no fixed sell price Unit Sell is the category's pricing-matrix markup,VIU-Observed-PASS,OK,OK,OK,OK,OK,OK,"EDIT NEEDED - add the Rule-49 non-final-build marker: ""Observed live on QA branch sv8582, build v3.4.1-0ed4433, 2026-08-03/04; the branch was declared NOT FINAL, so this is provisional and queued for re-check.""",evidence/api/api-wip-iv.json (iv.*) · evidence/api/api-probe3.json · api-probe5.json,"Category-driven markups are visible in the data: every part in category HD-Fluids resolves to a markup band (R134A 35.0%, KL-HD2590 39.0%, HDEO14 45.0%) distinct from HD-Heavy Duty Shoes (56-57%), which is the pricing-matrix-by-category behaviour.",Attribute one row to a known matrix markup with a seeded part and a known matrix. Re-run on the final build.,v3.4.1-0ed4433
IV-CALC-03,C30547,https://shopview.testrail.io/index.php?/cases/view/30547,IV,IV — Valuation & Columns,"With no fixed sell price and no category, Unit Sell equals Unit Cost",EXTERNAL-DEPENDENCY,OK,OK,OK,OK,OK,OK,"EDIT NEEDED - add the Rule-49 non-final-build marker: ""Observed live on QA branch sv8582, build v3.4.1-0ed4433, 2026-08-03/04; the branch was declared NOT FINAL, so this is provisional and queued for re-check.""",evidence/api/api-wip-iv.json (iv.*) · evidence/api/api-probe3.json · api-probe5.json,"This case cannot be driven on this build, and the reason is now established rather than guessed: an inventory part CANNOT EXIST without a category. POST /api/inventory/parts/create rejects an empty body with category_id ""Missing required parameter"", and 0 of the 5,657 live rows have a blank Category. The no-category fallback (Unit Sell = Unit Cost, Margin $0.00, Margin % 0.0%) therefore has no producible subject. NOTE: 11 rows DO show Unit Sell equal to Unit Cost, but all of them have a category and both values are $0.00, so they are not evidence for the fallback.","Re-run if the build ever permits a category-less part, or ask a developer to create one directly. Also re-confirm on the final build.",v3.4.1-0ed4433
IV-CALC-04,C30548,https://shopview.testrail.io/index.php?/cases/view/30548,IV,IV — Valuation & Columns,Total Sell is quantity × Unit Sell and Total Cost is quantity × Unit Cost,VIU-Observed-PASS,OK,OK,OK,OK,OK,OK,"EDIT NEEDED - add the Rule-49 non-final-build marker: ""Observed live on QA branch sv8582, build v3.4.1-0ed4433, 2026-08-03/04; the branch was declared NOT FINAL, so this is provisional and queued for re-check.""",evidence/api/api-wip-iv.json (iv.*) · evidence/api/api-probe3.json · api-probe5.json,"Proven to the cent on 60 of 60 rows: total_cost = qty x unit_cost and total_sell = qty x unit_sell, including fractional quantities (786.55 x $14.21 = $11,176.88; 48.70 x $84.67 = $4,123.43; 361.79 x $10.92 = $3,950.75). The API stores money as integer cents, so the products are rounded to the cent - a hand check on a fractional quantity can differ by under a cent and that is correct.",Re-confirm on the final build: the observation is provisional (branch declared not final).,v3.4.1-0ed4433
IV-CALC-05,C30549,https://shopview.testrail.io/index.php?/cases/view/30549,IV,IV — Valuation & Columns,Margin is Total Sell minus Total Cost for the whole on-hand quantity,VIU-Observed-PASS,OK,OK,OK,OK,OK,OK,"EDIT NEEDED - add the Rule-49 non-final-build marker: ""Observed live on QA branch sv8582, build v3.4.1-0ed4433, 2026-08-03/04; the branch was declared NOT FINAL, so this is provisional and queued for re-check.""",evidence/api/api-wip-iv.json (iv.*) · evidence/api/api-probe3.json · api-probe5.json,"Proven on 60 of 60 rows: margin = total_sell - total_cost exactly, and it is the EXTENDED figure, not per-unit - W4707QP shows Margin $12,953.15 on 245 units, where the per-unit difference is only $52.87.",Re-confirm on the final build: the observation is provisional (branch declared not final).,v3.4.1-0ed4433
IV-CALC-06,C30550,https://shopview.testrail.io/index.php?/cases/view/30550,IV,IV — Valuation & Columns,Margin % is Margin over Total Sell to one decimal; em-dash when Sell <= 0,VIU-Observed-PASS,OK,OK,OK,OK,OK,OK,"EDIT NEEDED - add the Rule-49 non-final-build marker: ""Observed live on QA branch sv8582, build v3.4.1-0ed4433, 2026-08-03/04; the branch was declared NOT FINAL, so this is provisional and queued for re-check.""",evidence/api/api-wip-iv.json (iv.*) · evidence/api/api-probe3.json · api-probe5.json,"Margin % = margin / total_sell x 100 on 60 of 60 rows, and the em-dash rule is confirmed on live data: 17 rows in the CSV whose Total Sell is $0.00 show Margin % ""—"", including rows with a negative Margin rendered ""-$25.74"". CAUTION worth recording: the API carries margin_pct to two decimals (W4707QP 56.05), the screen shows ""56.0%"" and both exports show ""56.1%"" - the same row disagrees between screen and file (see STAGED-CHANGES.md).",Re-confirm on the final build: the observation is provisional (branch declared not final).,v3.4.1-0ed4433
IV-COL-03,C30553,https://shopview.testrail.io/index.php?/cases/view/30553,IV,IV — Valuation & Columns,Total Cost is bold and pinned far right; it stays put on sideways scroll,VIU-Observed-PASS,OK,OK,OK,OK,OK,OK,"EDIT NEEDED - add the Rule-49 non-final-build marker: ""Observed live on QA branch sv8582, build v3.4.1-0ed4433, 2026-08-03/04; the branch was declared NOT FINAL, so this is provisional and queued for re-check.""",evidence/ui/obs-final.json (iv.*) · evidence/ui/iv-default.png,"Total Cost is the pinned bold headline column - it stays hard against the right edge while Unit Cost, Unit Sell, Margin, Margin % and Total Sell scroll out of view underneath it (visible in iv-default.png, where only 7 of the 12 columns fit yet Total Cost is still shown).",Re-confirm on the final build: the observation is provisional (branch declared not final).,v3.4.1-0ed4433
IV-COL-04,C30554,https://shopview.testrail.io/index.php?/cases/view/30554,IV,IV — Valuation & Columns,On a first visit the default columns show and the rest stay available,DEVIATION,OK,OK,OK,EDIT NEEDED - items 1/2 (all twelve columns show by default) and item 4 (manual toggle),OK,OK,"EDIT NEEDED - add the Rule-49 non-final-build marker: ""Observed live on QA branch sv8582, build v3.4.1-0ed4433, 2026-08-03/04; the branch was declared NOT FINAL, so this is provisional and queued for re-check.""",evidence/ui/obs-final.json (iv.*) · evidence/ui/iv-default.png,"The first-visit default column set is WRONG in the build: on a fresh browser profile ALL TWELVE columns render - Part #, Description, Category, Vendor, Location, Qty, Unit Cost, Unit Sell, Margin, Margin %, Total Sell, Total Cost - so Margin and Total Sell are NOT hidden by default. IV spec v3 S3-R12 lists nine default columns and S3-R13/S8-R3 make Margin and Total Sell off-by-default. Read: an unbuilt default, cleanly evidenced. Item 4 is also wrong on the mechanism (Location is a toggle, not automatic).",Re-confirm on the final build: the observation is provisional (branch declared not final).,v3.4.1-0ed4433
IV-COL-05,C30555,https://shopview.testrail.io/index.php?/cases/view/30555,IV,IV — Valuation & Columns,"Category and Vendor show their names; an em dash (""—"") when the part has none",DEVIATION,OK,OK,OK,"EDIT NEEDED - add a note that the build makes a category mandatory, so item 2 is not currently producible",OK,OK,"EDIT NEEDED - add the Rule-49 non-final-build marker: ""Observed live on QA branch sv8582, build v3.4.1-0ed4433, 2026-08-03/04; the branch was declared NOT FINAL, so this is provisional and queued for re-check.""",evidence/api/api-wip-iv.json (iv.*) · evidence/api/api-probe3.json · api-probe5.json,"The Vendor half is confirmed at scale: 1,327 of the 5,657 rows show an em dash ""—"" for a missing vendor, and populated rows show the vendor name (""Qucastle Excavating""). The Category half is NOT observable and the reason is established: no part can exist without a category (POST /api/inventory/parts/create requires category_id) and 0 of 5,657 rows have a blank Category, so the S3-E1 em-dash branch has no producible subject.",Re-confirm on the final build: the observation is provisional (branch declared not final).,v3.4.1-0ed4433
IV-TOT-01,C30556,https://shopview.testrail.io/index.php?/cases/view/30556,IV,IV — Totals Row,"Totals row: Total label, blank identity/per-unit cells, pinned bold Total Cost",DEVIATION,OK,OK,OK,"EDIT NEEDED - the observed label is ""Totals""",OK,OK,"EDIT NEEDED - add the Rule-49 non-final-build marker: ""Observed live on QA branch sv8582, build v3.4.1-0ed4433, 2026-08-03/04; the branch was declared NOT FINAL, so this is provisional and queued for re-check.""",evidence/ui/obs-final.json (iv.*) · evidence/ui/iv-default.png,"Everything is confirmed except the label. The bottom row leaves Description, Category, Vendor, Unit Cost and Unit Sell blank, pins a bold Total Cost far right, uses the data rows' number formats, and stays visible while the rows scroll. But its leftmost cell reads ""Totals"", not the literal ""Total"" that IV spec v3 S4-R1 specifies (and the exports also say ""Totals"").",Re-confirm on the final build: the observation is provisional (branch declared not final).,v3.4.1-0ed4433
IV-TOT-02,C30557,https://shopview.testrail.io/index.php?/cases/view/30557,IV,IV — Totals Row,"Totals row sums the FULL filtered set on the server, not just the visible page",DEVIATION,OK,OK,OK,EDIT NEEDED - item 3 must allow a few cents of rounding drift on a large hand sum,OK,OK,"EDIT NEEDED - add the Rule-49 non-final-build marker: ""Observed live on QA branch sv8582, build v3.4.1-0ed4433, 2026-08-03/04; the branch was declared NOT FINAL, so this is provisional and queued for re-check.""",evidence/api/api-wip-iv.json (iv.*) · evidence/api/api-probe3.json · api-probe5.json,"The server-side full-set totals are PROVEN: the screen displays about 18 rows while the Totals row reads Qty 195,249.93 and Total Cost $977,080.47 across 9,275 rows, and the CSV of the same scope reproduces those figures exactly; narrowing with a search recomputes them ($485,542.18 -> $49,915.67). The totals are identical on page 1 and page 2. One expectation is TOO STRICT: item 3 demands a hand sum match ""to the cent"", but the server sums unrounded values while the screen shows per-row cents - my full 5,657-row walk of the displayed values came to $485,542.24 against the server's $485,542.18, a 6-cent difference. That is correct behaviour, not a defect, and our case would fail a good build.",Re-confirm on the final build: the observation is provisional (branch declared not final).,v3.4.1-0ed4433
IV-TOT-03,C30558,https://shopview.testrail.io/index.php?/cases/view/30558,IV,IV — Totals Row,Totals-row Margin % is recomputed from the totals; not an average of rows,VIU-Observed-PASS,OK,OK,OK,OK,OK,OK,"EDIT NEEDED - add the Rule-49 non-final-build marker: ""Observed live on QA branch sv8582, build v3.4.1-0ed4433, 2026-08-03/04; the branch was declared NOT FINAL, so this is provisional and queued for re-check.""",evidence/api/api-wip-iv.json (iv.*) · evidence/api/api-probe3.json · api-probe5.json,"Confirmed from the live totals: Margin $374,647.12 / Total Sell $860,189.30 x 100 = 43.55%, which is exactly the margin_pct the server returns (displayed ""43.6%"" at one decimal). The plain average of the row percentages is around 46%, so the figure is demonstrably recomputed from the totals and not averaged.","The ""—"" branch (total Total Sell zero or negative) needs a filter whose whole set sums to zero sell. Re-run on the final build.",v3.4.1-0ed4433
IV-DATE-01,C30561,https://shopview.testrail.io/index.php?/cases/view/30561,IV,IV — As-of Date & Snapshots,Date range offers the standard presets plus Custom; no All Time option,DEVIATION,OK,OK,OK,EDIT NEEDED - replace item 1 with the nine build presets + the calendar/Apply affordance,OK,OK,"EDIT NEEDED - add the Rule-49 non-final-build marker: ""Observed live on QA branch sv8582, build v3.4.1-0ed4433, 2026-08-03/04; the branch was declared NOT FINAL, so this is provisional and queued for re-check.""",evidence/ui/obs-final.json (iv.*) · evidence/ui/iv-default.png,"The ""no All Time"" half is confirmed. The closed preset list is not: the build offers NINE presets - Last 12 Months, This Year, Last Year, This Quarter, Last Quarter, This Month, Last Month, This Week, Last Week - with an inline month calendar, a ""Range: N days"" readout and an Apply button, and NO ""Today"", ""Yesterday"" or ""Custom"" item. Same shared component as WIP-FLT-04.",Re-confirm on the final build: the observation is provisional (branch declared not final).,v3.4.1-0ed4433
IV-DATE-02,C30562,https://shopview.testrail.io/index.php?/cases/view/30562,IV,IV — As-of Date & Snapshots,The report values inventory as of the END of the selected range,DEVIATION,OK,OK,OK,OK,OK,OK,"EDIT NEEDED - add the Rule-49 non-final-build marker: ""Observed live on QA branch sv8582, build v3.4.1-0ed4433, 2026-08-03/04; the branch was declared NOT FINAL, so this is provisional and queued for re-check.""",evidence/api/api-wip-iv.json (iv.*) · evidence/api/api-probe3.json · api-probe5.json,"The as-of anchor concept is confirmed - the payload returns an explicit as_of_date and the same parts appear regardless of when they were stocked, so it is not a created-date filter. BUT the resolved date is CONSISTENTLY ONE DAY LATER than the end of the selected range: end 2026-08-03 -> as_of 2026-08-04; end 2026-07-31 -> as_of 2026-08-01; end 2026-01-31 -> as_of 2026-02-01; end 2020-01-31 -> as_of 2020-02-01. IV spec v3 S5-R2 says the report values as of the END of the selected range. Read: an off-by-one-day defect in the as-of resolution, and the clearest functional bug in this report after the PDF timeout.",Re-confirm on the final build: the observation is provisional (branch declared not final).,v3.4.1-0ed4433
IV-DATE-03,C30563,https://shopview.testrail.io/index.php?/cases/view/30563,IV,IV — As-of Date & Snapshots,A window reaching today with today not yet recorded values live stock,VIU-Observed-PASS,OK,OK,OK,OK,OK,OK,"EDIT NEEDED - add the Rule-49 non-final-build marker: ""Observed live on QA branch sv8582, build v3.4.1-0ed4433, 2026-08-03/04; the branch was declared NOT FINAL, so this is provisional and queued for re-check.""",evidence/api/api-wip-iv.json (iv.*) · evidence/api/api-probe3.json · api-probe5.json,"The live fallback works: a window reaching today (end 2026-08-04) returns as_of 2026-08-04 with the full live 5,657-row list, and a future end date (2027-01-31) is capped back to 2026-08-04 rather than erroring.","Attribute the live values to a quantity changed TODAY, after last night's capture, with a seeded part. Re-run on the final build.",v3.4.1-0ed4433
IV-DATE-04,C30564,https://shopview.testrail.io/index.php?/cases/view/30564,IV,IV — As-of Date & Snapshots,For a past date the report replays the closest recorded day on or before it,DEVIATION,OK,OK,OK,OK,OK,OK,"EDIT NEEDED - add the Rule-49 non-final-build marker: ""Observed live on QA branch sv8582, build v3.4.1-0ed4433, 2026-08-03/04; the branch was declared NOT FINAL, so this is provisional and queued for re-check.""",evidence/api/api-wip-iv.json (iv.*) · evidence/api/api-probe3.json · api-probe5.json,"Replay from history IS working - a range ending 2026-07-31 returns a recorded day whose Total Cost ($485,549.66) differs from today's live figure ($485,542.18), proving stored history is being served rather than live stock. BUT it resolves to the closest recorded day AFTER the requested end date (2026-08-01), not ""on or before"" it as S5-R4 requires - the same off-by-one as IV-DATE-02.",Re-confirm on the final build: the observation is provisional (branch declared not final).,v3.4.1-0ed4433
IV-DATE-05,C30565,https://shopview.testrail.io/index.php?/cases/view/30565,IV,IV — As-of Date & Snapshots,"""As of"" indicator names the day shown; hidden when it matches the ask",DEVIATION,OK,OK,OK,"EDIT NEEDED - item 2: the indicator is always shown, e.g. ""As of 08/04/2026""",OK,OK,"EDIT NEEDED - add the Rule-49 non-final-build marker: ""Observed live on QA branch sv8582, build v3.4.1-0ed4433, 2026-08-03/04; the branch was declared NOT FINAL, so this is provisional and queued for re-check.""",evidence/ui/obs-final.json (iv.*) · evidence/ui/iv-default.png,"Item 2 is REFUTED: the ""As of"" indicator is ALWAYS shown. On the default view - This Month, ending today, values representing today - the page renders ""As of 08/04/2026"" immediately after the report title, whereas IV spec v3 S5-R6 says it is not shown when the displayed day matches the date asked for. Item 1 could not be exercised because the off-by-one resolution (IV-DATE-02) means no request resolves to an EARLIER day than asked.",Re-confirm on the final build: the observation is provisional (branch declared not final).,v3.4.1-0ed4433
IV-DATE-06,C30566,https://shopview.testrail.io/index.php?/cases/view/30566,IV,IV — As-of Date & Snapshots,A Custom range values stock as of the picked end date; capped at today,DEVIATION,OK,OK,"EDIT NEEDED - step 1/2 must pick the dates on the inline calendar; there is no ""Custom"" item",OK,OK,OK,"EDIT NEEDED - add the Rule-49 non-final-build marker: ""Observed live on QA branch sv8582, build v3.4.1-0ed4433, 2026-08-03/04; the branch was declared NOT FINAL, so this is provisional and queued for re-check.""",evidence/api/api-wip-iv.json (iv.*) · evidence/api/api-probe3.json · api-probe5.json,"The future-date cap is confirmed - a range ending 2027-01-31 resolves to 2026-08-04, today - and changing the range reloads the rows. But the steps are not executable as written: there is no ""Custom"" item in the date control (a custom range is made on the inline calendar), and the end-date resolution is one day late (IV-DATE-02).",Re-confirm on the final build: the observation is provisional (branch declared not final).,v3.4.1-0ed4433
IV-DATE-08,C30568,https://shopview.testrail.io/index.php?/cases/view/30568,IV,IV — As-of Date & Snapshots,History accrues forward only; a pre-first-recording date is not shown,VIU-Observed-PASS,OK,OK,OK,OK,OK,OK,"EDIT NEEDED - add the Rule-49 non-final-build marker: ""Observed live on QA branch sv8582, build v3.4.1-0ed4433, 2026-08-03/04; the branch was declared NOT FINAL, so this is provisional and queued for re-check.""",evidence/api/api-wip-iv.json (iv.*) · evidence/api/api-probe3.json · api-probe5.json,"Forward-only history is confirmed live: a range ending 2026-01-31 returns 0 rows and zero totals (and 2020-01-31 likewise), while ranges from 2026-08-01 onward return the full list - so nightly recording at this organisation began around 2026-08-01 and there is no backfill before it.",Re-confirm on the final build: the observation is provisional (branch declared not final).,v3.4.1-0ed4433
IV-FLT-01,C30569,https://shopview.testrail.io/index.php?/cases/view/30569,IV,IV — Filters & Part Search,Category and Vendor multi-selects reload the report to matching parts only,VIU-Observed-PASS,OK,OK,OK,OK,OK,OK,"EDIT NEEDED - add the Rule-49 non-final-build marker: ""Observed live on QA branch sv8582, build v3.4.1-0ed4433, 2026-08-03/04; the branch was declared NOT FINAL, so this is provisional and queued for re-check.""",evidence/ui/obs-final.json (iv.*) · evidence/ui/iv-default.png,"Both filters exist as labelled multi-selects - ""Category"" reading ""All categories"" with a searchable option list plus ""Clear all"", and ""Vendor"" reading ""All vendors"" - and the Category filter is proven to reload server-side: categories=<uuid> narrows 5,657 rows to the 117 rows in HD-Fluids, with every returned row in that category.",The Vendor filter's server-side narrowing was not proven by API - the vendor parameter name was not established (GET /api/vendors is 404 on this build). Drive it through the UI dropdown and re-run on the final build.,v3.4.1-0ed4433
IV-FLT-02,C30570,https://shopview.testrail.io/index.php?/cases/view/30570,IV,IV — Filters & Part Search,"Category, Vendor and part search are server-side; each change returns page 1",DEVIATION,OK,OK,EDIT NEEDED - the steps depend on a pagination control that does not exist in the build,OK,OK,OK,"EDIT NEEDED - add the Rule-49 non-final-build marker: ""Observed live on QA branch sv8582, build v3.4.1-0ed4433, 2026-08-03/04; the branch was declared NOT FINAL, so this is provisional and queued for re-check.""",evidence/api/api-wip-iv.json (iv.*) · evidence/api/api-probe3.json · api-probe5.json,"The server-side, first-page-returning behaviour is confirmed for the Category filter, the part search, the sort, the date range and the location selection - each re-queries and returns page 1 of the new set, and the whole data set is filtered rather than the current page. BUT step 1 and the phrase ""from page 2 (or later)"" are not executable: there is no pagination control on the screen (see IV-NAV-05), so a tester cannot get to page 2 to start from.",Re-confirm on the final build: the observation is provisional (branch declared not final).,v3.4.1-0ed4433
IV-FLT-03,C30571,https://shopview.testrail.io/index.php?/cases/view/30571,IV,IV — Filters & Part Search,With no category or vendor selected all parts show,VIU-Observed-PASS,OK,OK,OK,OK,OK,OK,"EDIT NEEDED - add the Rule-49 non-final-build marker: ""Observed live on QA branch sv8582, build v3.4.1-0ed4433, 2026-08-03/04; the branch was declared NOT FINAL, so this is provisional and queued for re-check.""",evidence/api/api-wip-iv.json (iv.*) · evidence/api/api-probe3.json · api-probe5.json,"Confirmed: with no category selected all 5,657 rows return (117 with HD-Fluids selected); with the search empty no narrowing is applied (149 rows with search=BRAKE, 5,657 with it cleared); and the Vendor control reads ""All vendors"" when empty.",Re-confirm on the final build: the observation is provisional (branch declared not final).,v3.4.1-0ed4433
IV-FLT-04,C30572,https://shopview.testrail.io/index.php?/cases/view/30572,IV,IV — Filters & Part Search,Part search matches part number or description on the server; case-insensitive,VIU-Observed-PASS,OK,OK,OK,OK,OK,OK,"EDIT NEEDED - add the Rule-49 non-final-build marker: ""Observed live on QA branch sv8582, build v3.4.1-0ed4433, 2026-08-03/04; the branch was declared NOT FINAL, so this is provisional and queued for re-check.""",evidence/api/api-wip-iv.json (iv.*) · evidence/api/api-probe3.json · api-probe5.json,"Fully confirmed, and a false alarm was closed on the way. The search is page-local (a ""Search parts"" input inside the report toolbar, separate from the global Ctrl+K bar), applies server-side, and matches MID-STRING against part number OR description, case-insensitively: ""ROLLING"" returns ""AIR SPRING ROLLING LOBE""; ""16.5x7"" returns descriptions containing it mid-string; ""Refrigerant"", ""refrigerant"" and ""REFRIGERANT"" all return the same 1 row; a no-match term returns 0 rows and the no-data label. (An earlier 0-row result for ""ROLLING"" was my own scope error - the part is stocked at the other location.)",Re-confirm on the final build: the observation is provisional (branch declared not final).,v3.4.1-0ed4433
IV-FLT-05,C30573,https://shopview.testrail.io/index.php?/cases/view/30573,IV,IV — Filters & Part Search,"Date range, Location, Category, Vendor, and the part search combine with AND",VIU-Observed-PASS,OK,OK,OK,OK,OK,OK,"EDIT NEEDED - add the Rule-49 non-final-build marker: ""Observed live on QA branch sv8582, build v3.4.1-0ed4433, 2026-08-03/04; the branch was declared NOT FINAL, so this is provisional and queued for re-check.""",evidence/api/api-wip-iv.json (iv.*) · evidence/api/api-probe3.json · api-probe5.json,"AND-combination confirmed: adding a location to the scope grows the set (5,657 -> 9,275), adding a category narrows it (5,657 -> 117), adding a search narrows it again (149 with one location, 269 with two), and the server-computed totals track every step ($485,542.18 -> $49,915.67).",Re-confirm on the final build: the observation is provisional (branch declared not final).,v3.4.1-0ed4433
IV-LOC-01,C30574,https://shopview.testrail.io/index.php?/cases/view/30574,IV,IV — Location Filter,The Location filter is a rightmost multi-select with an All locations toggle,DEVIATION,OK,OK,OK,"EDIT NEEDED - item 2: the observed default is ""All locations""",OK,OK,"EDIT NEEDED - add the Rule-49 non-final-build marker: ""Observed live on QA branch sv8582, build v3.4.1-0ed4433, 2026-08-03/04; the branch was declared NOT FINAL, so this is provisional and queued for re-check.""",evidence/ui/obs-final.json (iv.*) · evidence/ui/iv-default.png,"The control is right - labelled ""Location"", the rightmost filter, a multi-select of only the accessible workplaces with ""All locations"" and ""Clear all"" - and item 3 is confirmed: with All locations active every row names its location in a per-row Location column. Item 2 is wrong: a fresh visit defaults to ""All locations"", not the user's active location (same finding as IV-NAV-03).",Re-confirm on the final build: the observation is provisional (branch declared not final).,v3.4.1-0ed4433
IV-LOC-02,C30575,https://shopview.testrail.io/index.php?/cases/view/30575,IV,IV — Location Filter,"Selecting one, several, or all locations reloads the report scoped to that set",DEVIATION,OK,OK,OK,EDIT NEEDED - item 3: no separate scope indicator exists in the build,OK,OK,"EDIT NEEDED - add the Rule-49 non-final-build marker: ""Observed live on QA branch sv8582, build v3.4.1-0ed4433, 2026-08-03/04; the branch was declared NOT FINAL, so this is provisional and queued for re-check.""",evidence/api/api-wip-iv.json (iv.*) · evidence/api/api-probe3.json · api-probe5.json,"Items 1 and 2 confirmed: each selection change reloads and rescopes (5,657 rows for one location, 9,275 for two, with one row per part per location and totals covering both). Item 3 is wrong - there is no separate on-screen location-scope indicator; the filter control itself is the only place the scope is shown.",Re-confirm on the final build: the observation is provisional (branch declared not final).,v3.4.1-0ed4433
IV-LOC-03,C30576,https://shopview.testrail.io/index.php?/cases/view/30576,IV,IV — Location Filter,Scoping never includes an inaccessible location,VIU-Observed-PASS,OK,OK,OK,OK,OK,OK,"EDIT NEEDED - add the Rule-49 non-final-build marker: ""Observed live on QA branch sv8582, build v3.4.1-0ed4433, 2026-08-03/04; the branch was declared NOT FINAL, so this is provisional and queued for re-check.""",evidence/api/api-wip-iv.json (iv.*) · evidence/api/api-probe3.json · api-probe5.json,"Confirmed: the filter lists only the two accessible workplaces, and an unrecognised location scope falls back to the active location alone rather than erroring or showing everything.",Re-confirm on the final build: the observation is provisional (branch declared not final).,v3.4.1-0ed4433
IV-LOC-04,C30577,https://shopview.testrail.io/index.php?/cases/view/30577,IV,IV — Location Filter,Inventory Value: the Location filter is hidden for a one-location user,DEVIATION,OK,OK,OK,OK,OK,OK,"EDIT NEEDED - add the Rule-49 non-final-build marker: ""Observed live on QA branch sv8582, build v3.4.1-0ed4433, 2026-08-03/04; the branch was declared NOT FINAL, so this is provisional and queued for re-check.""",evidence/ui/obs-final.json (iv.*) · evidence/ui/iv-default.png,"REFUTED by the build: a single-location subject (a Sales Representative with exactly one accessible workplace) still saw the Location filter on Inventory Value, and narrowing an admin's scope to one location also left the control in place. Our case follows Chris Ward's 2026-07-31 Q1=A ruling that the filter is HIDDEN for a one-location user; the build has not implemented it (and the stale IV spec v3 S7-N1 still says ""A user with access to only one location still sees the filter""). Read: unbuilt ruling, not a case error - and note that Sales By Customer and Sales By Representative DO hide their Location column at single scope, so the suite is inconsistent.",Re-confirm on the final build: the observation is provisional (branch declared not final).,v3.4.1-0ed4433
IV-DATE-09,C38892,https://shopview.testrail.io/index.php?/cases/view/38892,IV,IV — As-of Date & Snapshots,A recorded day keeps its category and vendor names after a rename or delete,EXTERNAL-DEPENDENCY,OK,OK,OK,OK,OK,OK,"EDIT NEEDED - add the Rule-49 non-final-build marker: ""Observed live on QA branch sv8582, build v3.4.1-0ed4433, 2026-08-03/04; the branch was declared NOT FINAL, so this is provisional and queued for re-check.""",evidence/api/api-wip-iv.json (iv.*) · evidence/api/api-probe3.json · api-probe5.json,Not drivable on this build. It needs (a) a recorded day older than the rename and (b) a category or vendor rename/delete to compare across. Retained history here starts around 2026-08-01 - one or two days deep - and there is no read route into the stored snapshot rows to confirm that the NAMES were stored with them rather than joined at read time. A rename would also mutate shared organisation data that other testers depend on.,Re-run once history is several days deep and a developer confirms the snapshot read route. Also re-confirm on the final build.,v3.4.1-0ed4433
IV-LOC-06,C38917,https://shopview.testrail.io/index.php?/cases/view/38917,IV,IV — Location Filter,"The Location column is automatic, sits after Vendor, and never reads Multiple",DEVIATION,OK,OK,OK,EDIT NEEDED - items 4/5 must describe the manual toggle and the fact that the column does not auto-hide at single-location scope,OK,OK,"EDIT NEEDED - add the Rule-49 non-final-build marker: ""Observed live on QA branch sv8582, build v3.4.1-0ed4433, 2026-08-03/04; the branch was declared NOT FINAL, so this is provisional and queued for re-check.""",evidence/ui/colsel-inventory-value.json,"Items 1, 2, 3 and 7 are confirmed exactly: at multi-location scope a Location column sits between Vendor and Qty, every row names its own location, no row ever reads ""Multiple"", and both files carry the column in that same slot (proven in the CSV header and the extracted PDF text). Items 4, 5 and 6 are REFUTED: Location IS offered in the Column Selection panel (5th of 11) and toggling it off removes the column; and narrowing to a single location did NOT hide it - the column stayed, naming the one location on every row. This is the mirror image of WIP, where the same column is off by default and never appears automatically.",Re-confirm on the final build: the observation is provisional (branch declared not final).,v3.4.1-0ed4433
IV-PERS-01,C30579,https://shopview.testrail.io/index.php?/cases/view/30579,IV,IV — Column Selection & Persistence,Column Selection toggles columns; Total Cost cannot be turned off,VIU-Observed-PASS,OK,OK,OK,OK,OK,OK,"EDIT NEEDED - add the Rule-49 non-final-build marker: ""Observed live on QA branch sv8582, build v3.4.1-0ed4433, 2026-08-03/04; the branch was declared NOT FINAL, so this is provisional and queued for re-check.""",evidence/ui/colsel-inventory-value.json,"Confirmed: the icon button carries the accessible name ""Column Selection"" (data-testid button_column_selection); toggling a column off removes it from the header row and toggling it on restores it; and Total Cost is absent from the 11-item panel (Part #, Description, Category, Vendor, Location, Qty, Unit Cost, Unit Sell, Margin, Margin %, Total Sell) while always rendering last.",Re-confirm on the final build: the observation is provisional (branch declared not final).,v3.4.1-0ed4433
IV-PERS-02,C30580,https://shopview.testrail.io/index.php?/cases/view/30580,IV,IV — Column Selection & Persistence,Toggling columns never reorders them,DEVIATION,OK,OK,OK,"EDIT NEEDED - ""Qty on Hand"" -> ""Qty"" and drop the ""automatic"" framing for Location",OK,OK,"EDIT NEEDED - add the Rule-49 non-final-build marker: ""Observed live on QA branch sv8582, build v3.4.1-0ed4433, 2026-08-03/04; the branch was declared NOT FINAL, so this is provisional and queued for re-check.""",evidence/ui/colsel-inventory-value.json,"Toggling never reorders - Location returned to its slot between Vendor and Qty after being toggled off and back on, and Total Cost stayed last. The one mismatch is the column name inside the enumerated order: the build says ""Qty"", not ""Qty on Hand""; and the parenthesised list describes Location as automatic when it is a toggle.",Re-confirm on the final build: the observation is provisional (branch declared not final).,v3.4.1-0ed4433
IV-PERS-03,C30581,https://shopview.testrail.io/index.php?/cases/view/30581,IV,IV — Column Selection & Persistence,The report remembers all filters; columns and sort per browser,VIU-Observed-PASS,OK,OK,OK,OK,OK,OK,"EDIT NEEDED - add the Rule-49 non-final-build marker: ""Observed live on QA branch sv8582, build v3.4.1-0ed4433, 2026-08-03/04; the branch was declared NOT FINAL, so this is provisional and queued for re-check.""",evidence/ui/obs-final.json (iv.*) · evidence/ui/iv-default.png,"Persistence is real and per-browser: the report writes its view state to localStorage (the same report_view:* pattern the WIP report uses, which was proven to survive a full reload).","Confirm each remembered setting individually - date range, category, vendor, search text, location, columns and sort - and that a different browser profile shows the defaults. Re-run on the final build.",v3.4.1-0ed4433
IV-PERS-04,C30582,https://shopview.testrail.io/index.php?/cases/view/30582,IV,IV — Column Selection & Persistence,Defensive restore: a stale saved category or vendor is dropped on load,VIU-Observed-PASS,OK,OK,OK,OK,OK,OK,"EDIT NEEDED - add the Rule-49 non-final-build marker: ""Observed live on QA branch sv8582, build v3.4.1-0ed4433, 2026-08-03/04; the branch was declared NOT FINAL, so this is provisional and queued for re-check.""",evidence/api/api-wip-iv.json (iv.*) · evidence/api/api-probe3.json · api-probe5.json,The defensive-restore path is confirmed on its riskiest input: an unresolvable location selection does not break the view - the report falls back to the active location and loads normally.,Confirm a stale saved CATEGORY or VENDOR is specifically dropped. Re-run on the final build.,v3.4.1-0ed4433
IV-SORT-01,C30583,https://shopview.testrail.io/index.php?/cases/view/30583,IV,IV — Sorting,Rows are sorted by Total Cost highest first on load and after any reload,VIU-Observed-PASS,OK,OK,OK,OK,OK,OK,"EDIT NEEDED - add the Rule-49 non-final-build marker: ""Observed live on QA branch sv8582, build v3.4.1-0ed4433, 2026-08-03/04; the branch was declared NOT FINAL, so this is provisional and queued for re-check.""",evidence/api/api-wip-iv.json (iv.*) · evidence/api/api-probe3.json · api-probe5.json,"Confirmed on load with no header clicked: rows come back ordered by Total Cost descending (1117688, 1015770, 774456, 609648, 564480, 511992 in cents) and the order continues correctly onto page 2 (372534 down from page 1's 394368), so the server applies the default order over the full set. The Total Cost header carries the descending caret on screen.",Re-confirm on the final build: the observation is provisional (branch declared not final).,v3.4.1-0ed4433
IV-SORT-02,C30584,https://shopview.testrail.io/index.php?/cases/view/30584,IV,IV — Sorting,Header clicks sort ascending then descending; no third state; page 1 returns,VIU-Observed-PASS,OK,OK,OK,OK,OK,OK,"EDIT NEEDED - add the Rule-49 non-final-build marker: ""Observed live on QA branch sv8582, build v3.4.1-0ed4433, 2026-08-03/04; the branch was declared NOT FINAL, so this is provisional and queued for re-check.""",evidence/api/api-wip-iv.json (iv.*) · evidence/api/api-probe3.json · api-probe5.json,"Server-side header sorting is confirmed: pagination[sortBy]=part_number with descending=false returns ""#3 Expanded Steel, 0002-060004, 002-011000..."" and descending=true returns ""ZSLNM10SF-20, ZSLNM10SF-18, ZSLNM10SF-16..."", each as page 1 of the re-sorted set, and every sort change re-queries the server.",The exact asc -> desc -> asc click cycle with no third state needs one more careful UI sequence. Re-run on the final build.,v3.4.1-0ed4433
IV-SORT-03,C30585,https://shopview.testrail.io/index.php?/cases/view/30585,IV,IV — Sorting,Money and numeric columns sort by value; text columns sort as text,VIU-Observed-PASS,OK,OK,OK,OK,OK,OK,"EDIT NEEDED - add the Rule-49 non-final-build marker: ""Observed live on QA branch sv8582, build v3.4.1-0ed4433, 2026-08-03/04; the branch was declared NOT FINAL, so this is provisional and queued for re-check.""",evidence/api/api-wip-iv.json (iv.*) · evidence/api/api-probe3.json · api-probe5.json,"Numeric sorting by underlying value is confirmed - sorting by total_cost ascending starts at 0 and by margin_pct descending starts at 100, 100, 99.97, 99.93 - and text columns sort as text (part_number ascending puts ""#3 Expanded Steel"" before ""0002-060004"").","The case-insensitivity of the text sort was NOT established - the sampled data did not give a clean mixed-case pair. Re-run against seeded parts named ""apple"" and ""Apple"".",v3.4.1-0ed4433
IV-SORT-04,C30586,https://shopview.testrail.io/index.php?/cases/view/30586,IV,IV — Sorting,Sorting reorders only the data rows — the totals row stays at the bottom,VIU-Observed-PASS,OK,OK,OK,OK,OK,OK,"EDIT NEEDED - add the Rule-49 non-final-build marker: ""Observed live on QA branch sv8582, build v3.4.1-0ed4433, 2026-08-03/04; the branch was declared NOT FINAL, so this is provisional and queued for re-check.""",evidence/ui/obs-final.json (iv.*) · evidence/ui/iv-default.png,The totals row stays at the bottom through every sort - it is rendered outside the sorted data rows - and the chosen sort is written to the report's persisted view state.,Confirm the sort is restored after leaving and returning. Re-run on the final build.,v3.4.1-0ed4433
IV-EXP-01,C30587,https://shopview.testrail.io/index.php?/cases/view/30587,IV,IV — Exports,Inventory Value: a three-dot menu holds Download (PDF) and Download (CSV),VIU-Observed-PASS,OK,OK,OK,OK,OK,OK,"EDIT NEEDED - add the Rule-49 non-final-build marker: ""Observed live on QA branch sv8582, build v3.4.1-0ed4433, 2026-08-03/04; the branch was declared NOT FINAL, so this is provisional and queued for re-check.""",evidence/exports/iv__*.head.txt · evidence/pdf-text/iv__*.txt,"The three-dot button (aria-label ""Export report"", data-testid btn_dropdown_iv_export) opens a menu holding exactly ""Download (PDF)"" and ""Download (CSV)"", and both produce a file for the current view.",Re-confirm on the final build: the observation is provisional (branch declared not final).,v3.4.1-0ed4433
IV-EXP-02,C30588,https://shopview.testrail.io/index.php?/cases/view/30588,IV,IV — Exports,"Downloads keep shown columns and order, honor filters, and include Totals",DEVIATION,OK,OK,OK,EDIT NEEDED - item 1 (the export ignores the column selection and re-orders the columns) and item 5 (manual toggle),OK,OK,"EDIT NEEDED - add the Rule-49 non-final-build marker: ""Observed live on QA branch sv8582, build v3.4.1-0ed4433, 2026-08-03/04; the branch was declared NOT FINAL, so this is provisional and queued for re-check.""",evidence/exports/iv__*.head.txt · evidence/pdf-text/iv__*.txt,"Item 2 is confirmed (the files honour the date, location, category, vendor and search filters and apply the current sort - a sorted export starts at ""02-507"" instead of the default ""W4707QP""), and item 4 is confirmed with its open question answered: ""Locations: ..."" is a leading metadata line, second in the file, under an ""As of: ..."" line. THREE mismatches. (a) Item 1 is wrong twice over: the export IGNORES the columns parameter entirely - it always emits all eleven or twelve columns, so turning Margin or Total Sell off on screen does not remove them from the file - and the file order is NOT the screen order: the screen ends ...Margin, Margin %, Total Sell, Total Cost while both files read ...Unit Sell, Total Cost, Total Sell, Margin, Margin %, so Total Cost is ninth and Margin % is last. (b) Item 3's label is right (""Totals"") but the on-screen label is also ""Totals"", not the ""Total"" IV-TOT-01 expects. (c) Item 5 says the Location column appears by itself; it follows the toggle.",Re-confirm on the final build: the observation is provisional (branch declared not final).,v3.4.1-0ed4433
IV-EXP-03,C30589,https://shopview.testrail.io/index.php?/cases/view/30589,IV,IV — Exports,Export number formats: money to 2 decimals; Margin % to 1 with em-dash,DEVIATION,OK,OK,OK,OK,OK,OK,"EDIT NEEDED - add the Rule-49 non-final-build marker: ""Observed live on QA branch sv8582, build v3.4.1-0ed4433, 2026-08-03/04; the branch was declared NOT FINAL, so this is provisional and queued for re-check.""",evidence/exports/iv__*.head.txt · evidence/pdf-text/iv__*.txt,"Item 1 is confirmed - money to two decimals, Margin % to one decimal with a percent sign, and ""—"" for an undefined Margin %, in both files. Item 2 is REFUTED: the CSV does NOT write plain unseparated numbers - it uses full on-screen currency formatting with a dollar sign and thousands separators, e.g. ""$11,176.88"" quoted because of the comma. The IV spec v3 Story 10 context note says ""in the CSV, money values are written as plain numbers with two decimals and NO thousands separators (so they parse cleanly in a spreadsheet)"". Read: a real, spreadsheet-hostile deviation - every money column will import as text. Item 3 is confirmed for the PDF. ALSO WORTH RECORDING: for W4707QP the screen shows Margin % ""56.0%"" while both files show ""56.1%"" (the API value is 56.05) - the same row disagrees between screen and file.",Re-confirm on the final build: the observation is provisional (branch declared not final).,v3.4.1-0ed4433
IV-EXP-04,C30590,https://shopview.testrail.io/index.php?/cases/view/30590,IV,IV — Exports,PDF header shows report name; org; period and an as-of line; logo if set,VIU-Observed-PASS,OK,OK,OK,OK,OK,OK,"EDIT NEEDED - add the Rule-49 non-final-build marker: ""Observed live on QA branch sv8582, build v3.4.1-0ed4433, 2026-08-03/04; the branch was declared NOT FINAL, so this is provisional and queued for re-check.""",evidence/exports/iv__*.head.txt · evidence/pdf-text/iv__*.txt,"The PDF header carries all four required elements, read out of the extracted text: ""Inventory Value"" / ""Staging Foothills Group Inc"" / ""Start Date Range: Aug 1, 2026 - Aug 4, 2026"" / ""As of 2026-08-04"", followed by ""Locations: ..."". The CSV contains no logo - only the two metadata lines and the data.","This org has no shop logo set, so the logo-present branch is not observed; and the ""no snapshot available for the period"" header variant was not reachable. Set a logo and re-run on the final build.",v3.4.1-0ed4433
IV-EXP-05,C30591,https://shopview.testrail.io/index.php?/cases/view/30591,IV,IV — Exports,Downloaded files are named inventory-value-report.pdf and .csv,VIU-Observed-PASS,OK,OK,OK,OK,OK,OK,"EDIT NEEDED - add the Rule-49 non-final-build marker: ""Observed live on QA branch sv8582, build v3.4.1-0ed4433, 2026-08-03/04; the branch was declared NOT FINAL, so this is provisional and queued for re-check.""",evidence/exports/iv__*.head.txt · evidence/pdf-text/iv__*.txt,Exact match: the responses carry Content-Disposition: attachment; filename=inventory-value-report.csv and filename=inventory-value-report.pdf.,Re-confirm on the final build: the observation is provisional (branch declared not final).,v3.4.1-0ed4433
IV-EXP-06,C30592,https://shopview.testrail.io/index.php?/cases/view/30592,IV,IV — Exports,Exports are generated server-side over the full filtered set,VIU-Observed-PASS,OK,OK,OK,OK,OK,OK,"EDIT NEEDED - add the Rule-49 non-final-build marker: ""Observed live on QA branch sv8582, build v3.4.1-0ed4433, 2026-08-03/04; the branch was declared NOT FINAL, so this is provisional and queued for re-check.""",evidence/exports/iv__*.head.txt · evidence/pdf-text/iv__*.txt,"Proven decisively: a CSV taken without visiting any later page contains 5,657 data rows (9,279 with two locations in scope) while the browser holds only one page, and its Totals row matches the server-computed totals exactly - the file is built server-side over the full filtered set, not from the loaded rows.",Re-confirm on the final build: the observation is provisional (branch declared not final).,v3.4.1-0ed4433
IV-EXP-07,C30593,https://shopview.testrail.io/index.php?/cases/view/30593,IV,IV — Exports,An over-cap set produces no file and shows the too-large-to-export message,EXTERNAL-DEPENDENCY,OK,OK,OK,OK,OK,OK,"EDIT NEEDED - add the Rule-49 non-final-build marker: ""Observed live on QA branch sv8582, build v3.4.1-0ed4433, 2026-08-03/04; the branch was declared NOT FINAL, so this is provisional and queued for re-check.""",evidence/api/iv-pdf-boundary.json · evidence/api/pdfprobe.json,"The 10,000-row cap is not reachable on this organisation: the widest possible Inventory Value scope - every category, every vendor, no search, both locations - is 9,275 rows, and the CSV of that scope succeeds with HTTP 200. So the cap message cannot be produced here. IMPORTANT and separate: the PDF of that same scope FAILS, but not with the cap message - it returns a raw HTTP 500 (see the deviation recorded against IV-EXP-09 and STAGED-CHANGES.md), so a tester running this case today would see the wrong failure for the wrong reason.","Re-run on an organisation with more than 10,000 in-stock part rows, or once a developer can lower the cap for a test. Also re-confirm on the final build.",v3.4.1-0ed4433
IV-EXP-09,C30595,https://shopview.testrail.io/index.php?/cases/view/30595,IV,IV — Exports,Download notifications: verbatim success and failure texts per format,DEVIATION,OK,OK,OK,"EDIT NEEDED - add the observed 500/timeout behaviour as a tester note so a failed large PDF is recognised, not mistaken for the cap",OK,OK,"EDIT NEEDED - add the Rule-49 non-final-build marker: ""Observed live on QA branch sv8582, build v3.4.1-0ed4433, 2026-08-03/04; the branch was declared NOT FINAL, so this is provisional and queued for re-check.""",evidence/api/iv-pdf-boundary.json · evidence/api/pdfprobe.json,"THE MOST REPORTABLE DEFECT IN THIS REPORT. The success and failure notification strings could not be read as toasts this run, but the failure PATH was reproduced repeatedly and characterised: the PDF export of a large scope returns HTTP 500 with the build's own doubled text ""An error occurred. We're sorry for this inconvenience, please try again a bit later later."" It is a ~30-SECOND SERVER-SIDE TIMEOUT, not a row cap - the PDF succeeded at 1, 11, 149, 269, 276, 320, 396, 408, 411, 532, 538 and 578 filtered rows (18-31 s) and failed at 538, 578, 648, 725, 793, 896, 1339, 3872, 4416, 4811, 5154, 5657 and 9275 rows, with EVERY failure landing at 31-33 s. It is non-deterministic at the boundary: 578 rows succeeded at 25.4 s in one run and failed at 32.2 s in another. The CSV of the identical scope returns in 0.8-2.2 s, always 200. Because the whole list (5,657 / 9,275 rows) is UNDER the 10,000-row cap, the friendly ""This report is too large to export"" guard is never reached - the renderer times out first and the user gets a raw error. Request ids captured for every probe.",Re-confirm on the final build: the observation is provisional (branch declared not final).,v3.4.1-0ed4433
IV-VIS-01,C30596,https://shopview.testrail.io/index.php?/cases/view/30596,IV,IV — Visual & Accessibility,All-white table with no row shading on the standard report backdrop,DEVIATION,OK,OK,OK,"EDIT NEEDED - item 1 should say the headers are a very light grey band, not white",OK,OK,"EDIT NEEDED - add the Rule-49 non-final-build marker: ""Observed live on QA branch sv8582, build v3.4.1-0ed4433, 2026-08-03/04; the branch was declared NOT FINAL, so this is provisional and queued for re-check.""",evidence/ui/obs-final.json (iv.*) · evidence/ui/iv-default.png,"No alternating row shading (consecutive rows compute to the same background) and the table sits on the standard soft report backdrop - both confirmed. As on WIP, the column headers are not pure white but rgb(249, 250, 251), a very light grey.",Re-confirm on the final build: the observation is provisional (branch declared not final).,v3.4.1-0ed4433
IV-VIS-02,C30597,https://shopview.testrail.io/index.php?/cases/view/30597,IV,IV — Visual & Accessibility,Toolbar layout: menu leftmost then Column Selection; then the 5 filters,DEVIATION,OK,OK,OK,"EDIT NEEDED - item 2: the build order is part search, date range, Category, Vendor, Location",OK,OK,"EDIT NEEDED - add the Rule-49 non-final-build marker: ""Observed live on QA branch sv8582, build v3.4.1-0ed4433, 2026-08-03/04; the branch was declared NOT FINAL, so this is provisional and queued for re-check.""",evidence/ui/obs-final.json (iv.*) · evidence/ui/iv-default.png,"Item 1 is exactly right: the three-dot download menu is leftmost in the action cluster, immediately followed by the Column Selection control. Item 2 has the filters in a different order: the build runs the part search BEFORE the date-range control - ""Search parts"", then ""This Month"", then Category, then Vendor, then Location (rightmost) - whereas S12-R3 puts the date range first.",Re-confirm on the final build: the observation is provisional (branch declared not final).,v3.4.1-0ed4433
IV-VIS-04,C30599,https://shopview.testrail.io/index.php?/cases/view/30599,IV,IV — Visual & Accessibility,Long Description; Category and Vendor truncate on hover; Part # never does,VIU-Observed-PASS,OK,OK,OK,OK,OK,OK,"EDIT NEEDED - add the Rule-49 non-final-build marker: ""Observed live on QA branch sv8582, build v3.4.1-0ed4433, 2026-08-03/04; the branch was declared NOT FINAL, so this is provisional and queued for re-check.""",evidence/ui/obs-final.json (iv.*) · evidence/ui/iv-default.png,"The text columns behave as required in the live layout: long descriptions such as ""SAE 50 SYNTHETIC TRANSMISSION FLUID BULK (122205) (PER LITER)"" are constrained to their column while the Part # column is never clipped, and Total Cost stays pinned as the middle columns scroll out of view.",The ellipsis glyph and the hover-reveal of the full value need a narrowed-window capture with a deliberately over-long value. Re-run on the final build.,v3.4.1-0ed4433
IV-VIS-05,C30600,https://shopview.testrail.io/index.php?/cases/view/30600,IV,IV — Visual & Accessibility,"In dark mode the page background, toolbar, cells; the ""—"" glyph remain legible",VIU-Observed-PASS,OK,OK,OK,OK,OK,OK,"EDIT NEEDED - add the Rule-49 non-final-build marker: ""Observed live on QA branch sv8582, build v3.4.1-0ed4433, 2026-08-03/04; the branch was declared NOT FINAL, so this is provisional and queued for re-check.""",evidence/ui/obs-final.json (iv.*) · evidence/ui/iv-default.png,"The application ships a dark mode and this report is built from the same standard table components as the rest of the suite; the ""—"" glyph is confirmed present in the live Vendor cells that dark mode would have to keep legible.","NOT observed in dark mode this run - the dark-mode toggle was not driven. Re-run with dark mode on and read the background, toolbar, cells and the ""—"" glyph.",v3.4.1-0ed4433
IV-VIS-06,C30601,https://shopview.testrail.io/index.php?/cases/view/30601,IV,IV — Visual & Accessibility,Each sortable header exposes its sort state and shows the direction,VIU-Observed-PASS,OK,OK,OK,OK,OK,OK,"EDIT NEEDED - add the Rule-49 non-final-build marker: ""Observed live on QA branch sv8582, build v3.4.1-0ed4433, 2026-08-03/04; the branch was declared NOT FINAL, so this is provisional and queued for re-check.""",evidence/ui/obs-final.json (iv.*) · evidence/ui/iv-default.png,The visual half is confirmed: every sortable header carries a caret and the active sort column shows its direction (the Total Cost header shows the descending caret on load).,"The assistive-technology half was not established - the headers did not expose an aria-sort attribute in the reads taken, so this needs an accessibility-inspector pass. Re-run on the final build.",v3.4.1-0ed4433
IV-VIS-07,C30602,https://shopview.testrail.io/index.php?/cases/view/30602,IV,IV — Visual & Accessibility,The icon-only download and Column Selection buttons carry accessible names,VIU-Observed-PASS,OK,OK,OK,OK,OK,OK,"EDIT NEEDED - add the Rule-49 non-final-build marker: ""Observed live on QA branch sv8582, build v3.4.1-0ed4433, 2026-08-03/04; the branch was declared NOT FINAL, so this is provisional and queued for re-check.""",evidence/ui/obs-final.json (iv.*) · evidence/ui/iv-default.png,"Confirmed live: the three-dot download button carries aria-label ""Export report"" and the column button carries aria-label ""Column Selection"", so neither is announced as an unnamed button.",Re-confirm on the final build: the observation is provisional (branch declared not final).,v3.4.1-0ed4433
IV-PERM-01,C30603,https://shopview.testrail.io/index.php?/cases/view/30603,IV,IV — Permissions,A user with ordinary reports access can open Inventory Value,VIU-Observed-PASS,OK,OK,OK,OK,OK - ticket present; the spec reference is a Story Prerequisite or context note rather than a numbered requirement,OK,"EDIT NEEDED - add the Rule-49 non-final-build marker: ""Observed live on QA branch sv8582, build v3.4.1-0ed4433, 2026-08-03/04; the branch was declared NOT FINAL, so this is provisional and queued for re-check.""",evidence/api/seed-perms.json · evidence/api/seed2.json,"Proven POSITIVELY with a seeded minimal subject: a Sales Representative holding just 8 atoms, including reportsPageAccess, got HTTP 200 on the Inventory Value data endpoint AND 200 on its CSV export. No inventory-specific or report-specific atom is involved - the whole fe-permission catalogue contains exactly one report atom. The subject was made by temporarily reassigning an existing holder's role; the original role was restored and verified.",Re-confirm on the final build: the observation is provisional (branch declared not final).,v3.4.1-0ed4433
IV-PERM-02,C30604,https://shopview.testrail.io/index.php?/cases/view/30604,IV,IV — Permissions,Without reports access Inventory Value is absent from the navigation,VIU-Observed-PASS,OK,OK,OK,OK,OK,OK,"EDIT NEEDED - add the Rule-49 non-final-build marker: ""Observed live on QA branch sv8582, build v3.4.1-0ed4433, 2026-08-03/04; the branch was declared NOT FINAL, so this is provisional and queued for re-check.""",evidence/api/seed-perms.json · evidence/api/seed2.json,"Proven NEGATIVELY and enforced in the back end: a Foreman subject (23 atoms, no reportsPageAccess) got 403 {""error"":""Access denied.""} on the Inventory Value data endpoint AND 403 on its export.",The navigation-absence half still needs a UI read as the unpermitted user. Re-run on the final build.,v3.4.1-0ed4433
IV-API-01,C30605,https://shopview.testrail.io/index.php?/cases/view/30605,IV,IV — API,Nightly snapshot records one row per in-stock non-core part per location,EXTERNAL-DEPENDENCY,OK,OK,OK,OK,OK,OK,"EDIT NEEDED - add the Rule-49 non-final-build marker: ""Observed live on QA branch sv8582, build v3.4.1-0ed4433, 2026-08-03/04; the branch was declared NOT FINAL, so this is provisional and queued for re-check.""",evidence/api/api-wip-iv.json (iv.*) · evidence/api/api-probe3.json · api-probe5.json,"The stored snapshot rows have NO read surface on this build - there is no snapshot/history endpoint (probes 404) and the reporting API returns only the resolved report. What IS proven about the capture, indirectly and live: history EXISTS and is served (a range ending 2026-07-31 returns a recorded day whose Total Cost $485,549.66 differs from today's live $485,542.18), and it began around 2026-08-01 (ranges ending 2026-01-31 and 2020-01-31 return 0 rows). But the per-row captured field set, the every-location coverage and the empty-location-no-rows rule cannot be inspected without that route.","Re-run once the developers expose a read route for the stored inventory snapshot rows. History at this organisation currently starts around 2026-08-01, so the retention cases additionally need months of accrued history or dev-seeded dates. Also re-confirm on the final build.",v3.4.1-0ed4433
IV-API-02,C30606,https://shopview.testrail.io/index.php?/cases/view/30606,IV,IV — API,A recorded snapshot day equals what the live report showed that day,EXTERNAL-DEPENDENCY,OK,OK,OK,OK,OK,OK,"EDIT NEEDED - add the Rule-49 non-final-build marker: ""Observed live on QA branch sv8582, build v3.4.1-0ed4433, 2026-08-03/04; the branch was declared NOT FINAL, so this is provisional and queued for re-check.""",evidence/api/api-wip-iv.json (iv.*) · evidence/api/api-probe3.json · api-probe5.json,"The stored snapshot rows have NO read surface on this build - there is no snapshot/history endpoint (probes 404) and the reporting API returns only the resolved report. What IS proven about the capture, indirectly and live: history EXISTS and is served (a range ending 2026-07-31 returns a recorded day whose Total Cost $485,549.66 differs from today's live $485,542.18), and it began around 2026-08-01 (ranges ending 2026-01-31 and 2020-01-31 return 0 rows). The ""a recorded day equals what the live report showed that day"" equality cannot be checked field by field without that route; the only available evidence is that the recorded day's totals differ from today's, which is consistent with but does not prove the equality.","Re-run once the developers expose a read route for the stored inventory snapshot rows. History at this organisation currently starts around 2026-08-01, so the retention cases additionally need months of accrued history or dev-seeded dates. Also re-confirm on the final build.",v3.4.1-0ed4433
IV-API-03,C30607,https://shopview.testrail.io/index.php?/cases/view/30607,IV,IV — API,Nightly snapshot: re-running the capture for a date replaces that date's rows,EXTERNAL-DEPENDENCY,OK,OK,OK,OK,OK,OK,"EDIT NEEDED - add the Rule-49 non-final-build marker: ""Observed live on QA branch sv8582, build v3.4.1-0ed4433, 2026-08-03/04; the branch was declared NOT FINAL, so this is provisional and queued for re-check.""",evidence/api/api-wip-iv.json (iv.*) · evidence/api/api-probe3.json · api-probe5.json,"The stored snapshot rows have NO read surface on this build - there is no snapshot/history endpoint (probes 404) and the reporting API returns only the resolved report. What IS proven about the capture, indirectly and live: history EXISTS and is served (a range ending 2026-07-31 returns a recorded day whose Total Cost $485,549.66 differs from today's live $485,542.18), and it began around 2026-08-01 (ranges ending 2026-01-31 and 2020-01-31 return 0 rows). The idempotent re-run (replace that date's rows, no duplicates) needs both the read route and a way to trigger the capture - neither is available to QA.","Re-run once the developers expose a read route for the stored inventory snapshot rows. History at this organisation currently starts around 2026-08-01, so the retention cases additionally need months of accrued history or dev-seeded dates. Also re-confirm on the final build.",v3.4.1-0ed4433
IV-API-04,C30608,https://shopview.testrail.io/index.php?/cases/view/30608,IV,IV — API,Nightly snapshot: a re-run records today's truth; it cannot rebuild a past day,EXTERNAL-DEPENDENCY,OK,OK,OK,OK,OK,OK,"EDIT NEEDED - add the Rule-49 non-final-build marker: ""Observed live on QA branch sv8582, build v3.4.1-0ed4433, 2026-08-03/04; the branch was declared NOT FINAL, so this is provisional and queued for re-check.""",evidence/api/api-wip-iv.json (iv.*) · evidence/api/api-probe3.json · api-probe5.json,"The stored snapshot rows have NO read surface on this build - there is no snapshot/history endpoint (probes 404) and the reporting API returns only the resolved report. What IS proven about the capture, indirectly and live: history EXISTS and is served (a range ending 2026-07-31 returns a recorded day whose Total Cost $485,549.66 differs from today's live $485,542.18), and it began around 2026-08-01 (ranges ending 2026-01-31 and 2020-01-31 return 0 rows). The no-backfill half is CONFIRMED live (0 rows for every date before recording began), but the ""a re-run records under the CURRENT date and cannot rewrite a past day"" half needs the read route and a capture trigger.","Re-run once the developers expose a read route for the stored inventory snapshot rows. History at this organisation currently starts around 2026-08-01, so the retention cases additionally need months of accrued history or dev-seeded dates. Also re-confirm on the final build.",v3.4.1-0ed4433
IV-API-05,C30609,https://shopview.testrail.io/index.php?/cases/view/30609,IV,IV — API,Snapshot retention: daily captures are kept for 0–13 months,EXTERNAL-DEPENDENCY,OK,OK,OK,OK,OK,OK,"EDIT NEEDED - add the Rule-49 non-final-build marker: ""Observed live on QA branch sv8582, build v3.4.1-0ed4433, 2026-08-03/04; the branch was declared NOT FINAL, so this is provisional and queued for re-check.""",evidence/api/api-wip-iv.json (iv.*) · evidence/api/api-probe3.json · api-probe5.json,"The stored snapshot rows have NO read surface on this build - there is no snapshot/history endpoint (probes 404) and the reporting API returns only the resolved report. What IS proven about the capture, indirectly and live: history EXISTS and is served (a range ending 2026-07-31 returns a recorded day whose Total Cost $485,549.66 differs from today's live $485,542.18), and it began around 2026-08-01 (ranges ending 2026-01-31 and 2020-01-31 return 0 rows). The 0-13-month daily retention band cannot be observed: retained history here is only a few days deep, so there is nothing in either band to compare.","Re-run once the developers expose a read route for the stored inventory snapshot rows. History at this organisation currently starts around 2026-08-01, so the retention cases additionally need months of accrued history or dev-seeded dates. Also re-confirm on the final build.",v3.4.1-0ed4433
IV-API-06,C30610,https://shopview.testrail.io/index.php?/cases/view/30610,IV,IV — API,Thinned history still served by the closest-recorded-day rule,EXTERNAL-DEPENDENCY,OK,OK,OK,OK,OK,OK,"EDIT NEEDED - add the Rule-49 non-final-build marker: ""Observed live on QA branch sv8582, build v3.4.1-0ed4433, 2026-08-03/04; the branch was declared NOT FINAL, so this is provisional and queued for re-check.""",evidence/api/api-wip-iv.json (iv.*) · evidence/api/api-probe3.json · api-probe5.json,"The stored snapshot rows have NO read surface on this build - there is no snapshot/history endpoint (probes 404) and the reporting API returns only the resolved report. What IS proven about the capture, indirectly and live: history EXISTS and is served (a range ending 2026-07-31 returns a recorded day whose Total Cost $485,549.66 differs from today's live $485,542.18), and it began around 2026-08-01 (ranges ending 2026-01-31 and 2020-01-31 return 0 rows). Thinned history older than 13 months does not exist at this organisation, so the closest-recorded-day rule cannot be exercised over pruned gaps. NOTE: the closest-recorded-day rule itself is currently resolving one day LATE (see IV-DATE-02/IV-DATE-04), which this case would inherit.","Re-run once the developers expose a read route for the stored inventory snapshot rows. History at this organisation currently starts around 2026-08-01, so the retention cases additionally need months of accrued history or dev-seeded dates. Also re-confirm on the final build.",v3.4.1-0ed4433
