internal_id,testrail_case_id,testrail_link,report,section,title,verdict,reason,merge_group,merge_survivor,sense_verdict,sense_reason,contradiction_group,contradiction_counterparts,contradiction_resolution,genuine_refs_ok,layman_runnable,layman_note,status_ledger,status_note,type,api_related
IV-API-01,C30605,https://shopview.testrail.io/index.php?/cases/view/30605,IV,IV — API,Nightly snapshot records one row per in-stock non-core part per location,KEEP,Capture-job data contract: one row per in-stock non-core part per location per day; a failure silently corrupts all history.,,,SENSIBLE,Honest hedge: precondition 3 names the dev-arranged inspection route rather than inventing an endpoint.,,,,Y,TECHNICAL,Needs backend/DB access; correctly placed in an API-titled section (Rule 4).,EXTERNAL-DEPENDENCY,,Functional,True
IV-API-02,C30606,https://shopview.testrail.io/index.php?/cases/view/30606,IV,IV — API,A recorded snapshot day equals what the live report showed that day,KEEP,The load-bearing equivalence contract: a recorded day equals what the live report showed that day.,,,SENSIBLE,Coherent multi-day sequence; scope and valuation reuse is stated.,,,,Y,TECHNICAL,Needs backend/DB access plus a two-day window; API section.,EXTERNAL-DEPENDENCY,,Functional,True
IV-API-03,C30607,https://shopview.testrail.io/index.php?/cases/view/30607,IV,IV — API,Nightly snapshot: re-running the capture for a date replaces that date's rows,WEAK-KEEP,Re-run idempotency is real but only observable with DB access and a dev-triggered re-run - low value for manual QA.,,,SENSIBLE,Steps are executable given the stated dev arrangement.,,,,Y,TECHNICAL,Needs dev to re-run the job; API section.,EXTERNAL-DEPENDENCY,,Functional,True
IV-API-05,C30609,https://shopview.testrail.io/index.php?/cases/view/30609,IV,IV — API,Snapshot retention: daily captures are kept for 0–13 months,WEAK-KEEP,"Retention/pruning is real but unverifiable without dev-aged history, and the 13-month band is owner-decided per the case's own note.",,,SENSIBLE,Precondition 1 hedges the seeding honestly.,,,,Y,TECHNICAL,Needs dev-seeded aged history; API section.,EXTERNAL-DEPENDENCY,,Functional,True
IV-API-06,C30610,https://shopview.testrail.io/index.php?/cases/view/30610,IV,IV — API,Thinned history still served by the closest-recorded-day rule,KEEP,"As-of resolution across the thinned-retention boundary - a distinct edge of the closest-recorded-day contract, not covered by IV-DATE-04.",,,SENSIBLE,Steps executable once aged history exists.,,,,Y,TECHNICAL,Needs dev-seeded aged history; API section.,EXTERNAL-DEPENDENCY,,Functional,True
IV-CALC-01,C30545,https://shopview.testrail.io/index.php?/cases/view/30545,IV,IV — Valuation & Columns,Unit Sell uses the part's fixed sell price when one is set,KEEP,"Calculation contract, step 1 of the sell-price fallback chain; a failure is a customer-facing valuation bug.",,,SENSIBLE,"Clear comparison, concrete pass criterion.",,,,Y,OK,,VIU-Observed-PASS,,Functional,False
IV-CALC-02,C30546,https://shopview.testrail.io/index.php?/cases/view/30546,IV,IV — Valuation & Columns,With no fixed sell price Unit Sell is the category's pricing-matrix markup,KEEP,"Calculation contract, step 2 of the fallback chain (category matrix markup).",,,SENSIBLE,Clear.,,,,Y,OK,,VIU-Observed-PASS,,Functional,False
IV-CALC-03,C30547,https://shopview.testrail.io/index.php?/cases/view/30547,IV,IV — Valuation & Columns,"With no fixed sell price and no category, Unit Sell equals Unit Cost",KEEP,"Calculation contract, step 3 of the fallback chain (the cost floor) - the branch that protects against a null-markup crash.",,,FIX-WORDING,"Precondition 2 asks for a part with ""NO category"" but the build cannot save one (POST /api/inventory/parts/create requires category_id; 0 of 5,657 rows blank). IV-COL-05 already carries the plain tester note for exactly this; this case does not. Add the same note.",,,,Y,OK,Reachable as written only if the product ever allows a category-less part.,EXTERNAL-DEPENDENCY,,Functional,False
IV-CALC-04,C30548,https://shopview.testrail.io/index.php?/cases/view/30548,IV,IV — Valuation & Columns,Total Sell is quantity × Unit Sell and Total Cost is quantity × Unit Cost,KEEP,Calculation contract: Total Sell/Total Cost = qty x unit.,,,SENSIBLE,Recomputable by hand; concrete.,,,,Y,OK,,VIU-Observed-PASS,,Functional,False
IV-CALC-05,C30549,https://shopview.testrail.io/index.php?/cases/view/30549,IV,IV — Valuation & Columns,Margin is Total Sell minus Total Cost for the whole on-hand quantity,KEEP,"Calculation contract: extended (not per-unit) margin, and step 3 explicitly guards the per-unit confusion.",,,SENSIBLE,Both halves recomputable.,,,,Y,OK,,VIU-Observed-PASS,,Functional,False
IV-CALC-06,C30550,https://shopview.testrail.io/index.php?/cases/view/30550,IV,IV — Valuation & Columns,Margin % is Margin over Total Sell to one decimal; em-dash when Sell <= 0,KEEP,Calculation contract plus the undefined-percentage branch.,,,SENSIBLE,"Worked example given (""39.7%""); the em-dash branch is hedged ""if one exists"".",,,,Y,OK,,VIU-Observed-PASS,,Functional,False
IV-COL-01,C30551,https://shopview.testrail.io/index.php?/cases/view/30551,IV,IV — Valuation & Columns,With every column on they appear in the fixed order with the set alignment,KEEP,Column order and alignment contract for the whole grid.,,,FIX-WORDING,"Expected 4 states Location appears ""when it is turned on"" in the column-selection control, but the live build was observed to place Location automatically by scope; the mechanism half of the sentence needs aligning to the observation. The closed list itself is fine - it is scope-conditioned and version-pinned (Rule 42 satisfied).",,,,Y,OK,,DEVIATION,,Functional,False
IV-COL-02,C30552,https://shopview.testrail.io/index.php?/cases/view/30552,IV,IV — Valuation & Columns,Value formats: Qty to two decimals; money as US-dollar currency,KEEP,Number/currency formatting contract including the negative and genuine-zero branches.,,,FIX-WORDING,"Title and expected 1 say ""Qty"" which matches the build, but the spec term ""Qty on Hand"" is still used in the refs anchor; the live header is ""Qty"". Reword nothing tester-facing; the deviation is the spec's, not the case's - state that in the notes.",,,,Y,OK,,DEVIATION,,Functional,False
IV-COL-03,C30553,https://shopview.testrail.io/index.php?/cases/view/30553,IV,IV — Valuation & Columns,Total Cost is bold and pinned far right; it stays put on sideways scroll,KEEP,Pinned/bold headline-column contract; a failure loses the report's headline number on scroll.,,,SENSIBLE,Executable in two steps.,,,,Y,OK,,VIU-Observed-PASS,,Functional,False
IV-COL-04,C30554,https://shopview.testrail.io/index.php?/cases/view/30554,IV,IV — Valuation & Columns,On a first visit the default columns show and the rest stay available,KEEP,First-visit default column set - the contract the build was observed to break (all 12 columns render).,,,FIX-WORDING,"Expected 4 has the same ""when it is turned on"" mechanism problem as IV-COL-01 against the observed automatic-by-scope behaviour.",,,,Y,OK,,DEVIATION,,Functional,False
IV-COL-05,C30555,https://shopview.testrail.io/index.php?/cases/view/30555,IV,IV — Valuation & Columns,"Category and Vendor show their names; an em dash (""—"") when the part has none",KEEP,"Empty-value rendering contract for two independent lookups (category, vendor).",,,SENSIBLE,Expected 4 already carries the plain tester note that the category half is not producible on this build - the honest pattern.,,,,Y,OK,,DEVIATION,,Functional,False
IV-DATE-01,C30561,https://shopview.testrail.io/index.php?/cases/view/30561,IV,IV — As-of Date & Snapshots,Date range offers the standard presets plus Custom; no All Time option,KEEP,"The preset list plus the deliberate absence of All Time - the build was observed to offer a different list, so this case earns its place.",,,FIX-WORDING,"Expected 1 closes the preset list with no version-pinned anchor in refs (refs is ""SV-8672 (specs/inventory-value.md Story 5 S5-R1...)"" - an unversioned path). Rule 42/F7: pin the spec version or write it scope-conditionally.",,,,Y,OK,,DEVIATION,,Functional,False
IV-DATE-02,C30562,https://shopview.testrail.io/index.php?/cases/view/30562,IV,IV — As-of Date & Snapshots,The report values inventory as of the END of the selected range,KEEP,"The as-of anchor semantics - the single most important behaviour of this report, and the build is one day off.",,,SENSIBLE,Clear and executable.,,,,Y,OK,,DEVIATION,,Functional,False
IV-DATE-03,C30563,https://shopview.testrail.io/index.php?/cases/view/30563,IV,IV — As-of Date & Snapshots,A window reaching today with today not yet recorded values live stock,KEEP,The live-fallback branch for today.,,,SENSIBLE,Preconditions state the normal daytime state honestly.,,,,Y,OK,,VIU-Observed-PASS,,Functional,False
IV-DATE-04,C30564,https://shopview.testrail.io/index.php?/cases/view/30564,IV,IV — As-of Date & Snapshots,For a past date the report replays the closest recorded day on or before it,KEEP,The closest-recorded-day-on-or-before contract; the observed off-by-one makes this load-bearing.,,,FIX-WORDING,"Step 1 says ""Select a Custom range"" but the build has no Custom item - the range is made on an inline calendar (IV-DATE-06 already says so). Align the step wording.",,,,Y,OK,,DEVIATION,,Functional,False
IV-DATE-05,C30565,https://shopview.testrail.io/index.php?/cases/view/30565,IV,IV — As-of Date & Snapshots,"""As of"" indicator names the day shown; hidden when it matches the ask",KEEP,"Two-branch contract for the As of indicator (shown on fallback, hidden when it matches).",,,SENSIBLE,Both branches drivable; the wording is hedged as VIU-confirm.,,,,Y,OK,,DEVIATION,,Functional,False
IV-DATE-06,C30566,https://shopview.testrail.io/index.php?/cases/view/30566,IV,IV — As-of Date & Snapshots,A Custom range values stock as of the picked end date; capped at today,KEEP,Custom-range picking plus the future-date cap.,,,SENSIBLE,"Step 1 already corrects itself in-line (""there is no separate Custom item to choose"") - a cold tester can follow it.",,,,Y,OK,,DEVIATION,,Functional,False
IV-DATE-08,C30568,https://shopview.testrail.io/index.php?/cases/view/30568,IV,IV — As-of Date & Snapshots,History accrues forward only; a pre-first-recording date is not shown,KEEP,"The forward-only history boundary, explicitly marked do-not-file.",,,SENSIBLE,"Two steps, clear pass.",,,,Y,OK,,VIU-Observed-PASS,,Functional,False
IV-DATE-09,C38892,https://shopview.testrail.io/index.php?/cases/view/38892,IV,IV — As-of Date & Snapshots,A recorded day keeps its category and vendor names after a rename or delete,KEEP,History-integrity contract: recorded rows survive a category/vendor rename or delete. A failure corrupts past reporting.,,,SENSIBLE,Executable once history is more than a day or two deep.,,,,Y,OK,Needs a recorded day older than the rename; not seedable today.,EXTERNAL-DEPENDENCY,,Functional,False
IV-EXP-01,C30587,https://shopview.testrail.io/index.php?/cases/view/30587,IV,IV — Exports,Inventory Value: a three-dot menu holds Download (PDF) and Download (CSV),KEEP,The export entry point and its two verbatim labels.,,,SENSIBLE,"Three steps, verbatim labels.",,,,Y,OK,,VIU-Observed-PASS,,Functional,False
IV-EXP-02,C30588,https://shopview.testrail.io/index.php?/cases/view/30588,IV,IV — Exports,"Downloads keep shown columns and order, honor filters, and include Totals",KEEP,The export-reflects-filters contract - the one export contract worth a case - plus the Totals row and the Locations line.,,,SENSIBLE,Expected 5 carries the plain tester note; the Locations-line placement is hedged as build-confirmed.,,,,Y,OK,,DEVIATION,,Functional,False
IV-EXP-03,C30589,https://shopview.testrail.io/index.php?/cases/view/30589,IV,IV — Exports,Export number formats: money to 2 decimals; Margin % to 1 with em-dash,KEEP,Export number-format contract; the build was observed to refute the CSV plain-number half.,,,SENSIBLE,Steps name the tool (a plain-text editor) so the check is concrete.,,,,Y,OK,,DEVIATION,,Functional,False
IV-EXP-04,C30590,https://shopview.testrail.io/index.php?/cases/view/30590,IV,IV — Exports,PDF header shows report name; org; period and an as-of line; logo if set,KEEP,PDF header contract (four elements) plus the CSV-never-has-a-logo negative.,,,SENSIBLE,Expected 4 pre-empts the PDF/CSV phrasing difference for the tester.,,,,Y,OK,,VIU-Observed-PASS,,Functional,False
IV-EXP-05,C30591,https://shopview.testrail.io/index.php?/cases/view/30591,IV,IV — Exports,Downloaded files are named inventory-value-report.pdf and .csv,KEEP,"Verbatim file names - closed list that IS the requirement, and the notes say so citing S10-R10 and the spec version.",,,SENSIBLE,Rule 42 satisfied: the closed list is the requirement and is version-pinned in refs.,,,,Y,OK,,VIU-Observed-PASS,,Functional,False
IV-EXP-06,C30592,https://shopview.testrail.io/index.php?/cases/view/30592,IV,IV — Exports,Exports are generated server-side over the full filtered set,KEEP,Server-side full-filtered-set export contract - a failure means customers export the wrong numbers.,,,SENSIBLE,"Step 1 pins the discriminating condition (from page 1, without visiting later pages).",,,,Y,OK,,VIU-Observed-PASS,,Functional,False
IV-EXP-07,C30593,https://shopview.testrail.io/index.php?/cases/view/30593,IV,IV — Exports,An over-cap set produces no file and shows the too-large-to-export message,KEEP,"The polite over-cap refusal, with its verbatim message - the negative half of the export contract.",,,SENSIBLE,Expected 4 carries the honest tester note that the cap is unreachable on this estate and distinguishes it from the timeout.,,,,Y,OK,,EXTERNAL-DEPENDENCY,,Negative,False
IV-EXP-09,C30595,https://shopview.testrail.io/index.php?/cases/view/30595,IV,IV — Exports,Download notifications: verbatim success and failure texts per format,KEEP,"Verbatim success and failure notification strings for both formats, including the deliberate case difference.",,,SENSIBLE,Precondition 3 gives a concrete way to force the failure (disconnect the network).,,,,Y,OK,,DEVIATION,,Negative,False
IV-EXP-10,C43548,https://shopview.testrail.io/index.php?/cases/view/43548,IV,IV — Exports,A large Inventory Value PDF fails instead of being refused politely,KEEP,Only case covering the ~30 s PDF timeout; distinct from IV-EXP-07 (cap message) and IV-EXP-09 (notification strings).,,,FIX-WORDING,"The expected result makes the DEFECT the pass condition: ""On the whole list the PDF does not download. After roughly half a minute a plain error appears"". On a fixed build a tester must mark this FAILED for correct behaviour. Restate the expected as the correct behaviour (a PDF, or the polite cap message) and carry the observed failure as a known-defect note citing the ticket.",,,,Y,OK,,DEVIATION,"The build fails to produce a large PDF (roughly 30 s timeout, HTTP 500). NOTE: the case text makes that failure the PASS condition, so as written it would read PASS - see the FIX-WORDING recommendation.",Functional,False
IV-FLT-01,C30569,https://shopview.testrail.io/index.php?/cases/view/30569,IV,IV — Filters & Part Search,Category and Vendor multi-selects reload the report to matching parts only,KEEP,The two multi-select filters and their server-side narrowing.,,,SENSIBLE,Labels verbatim; three steps.,,,,Y,OK,,VIU-Observed-PASS,,Functional,False
IV-FLT-02,C30570,https://shopview.testrail.io/index.php?/cases/view/30570,IV,IV — Filters & Part Search,"Category, Vendor and part search are server-side; each change returns page 1",KEEP,Server-side scope plus the return-to-first-page contract on every change.,,,FIX-WORDING,"Step 1 and expected 1 assume pages (""where the list starts""); the build has no page controls and loads on scroll (its own sibling IV-NAV-05 says so). Reword to ""the list jumps back to the top of the new set"".",,,,Y,OK,,DEVIATION,,Functional,False
IV-FLT-03,C30571,https://shopview.testrail.io/index.php?/cases/view/30571,IV,IV — Filters & Part Search,With no category or vendor selected all parts show,WEAK-KEEP,"The cleared-filter reset is real but is the null case of IV-FLT-01/IV-FLT-04; kept because ""clear"" is where filter bugs hide.",,,SENSIBLE,Three clear steps.,,,,Y,OK,,VIU-Observed-PASS,,Functional,False
IV-FLT-04,C30572,https://shopview.testrail.io/index.php?/cases/view/30572,IV,IV — Filters & Part Search,Part search matches part number or description on the server; case-insensitive,KEEP,"Search semantics contract: page-local field, part-number OR description, case-insensitive, server-side, no-match state.",,,SENSIBLE,Step 1 explicitly distinguishes the report toolbar from the global search bar.,,,,Y,OK,,VIU-Observed-PASS,,Functional,False
IV-FLT-05,C30573,https://shopview.testrail.io/index.php?/cases/view/30573,IV,IV — Filters & Part Search,"Date range, Location, Category, Vendor, and the part search combine with AND",KEEP,AND-combination contract across five filters plus the totals tracking.,,,SENSIBLE,Incremental steps with a check after each.,,,,Y,OK,,VIU-Observed-PASS,,Functional,False
IV-LOC-01,C30574,https://shopview.testrail.io/index.php?/cases/view/30574,IV,IV — Location Filter,The Location filter is a rightmost multi-select with an All locations toggle,KEEP,"Location control contract (label, position, multi-select, All locations toggle, first-visit default, per-row identification).",,,SENSIBLE,Item 3 is honestly hedged as build-confirmed rather than inventing a label.,,,,Y,OK,,DEVIATION,,Functional,False
IV-LOC-02,C30575,https://shopview.testrail.io/index.php?/cases/view/30575,IV,IV — Location Filter,"Selecting one, several, or all locations reloads the report scoped to that set",KEEP,Rescoping behaviour plus the on-screen scope indicator Chris Ward added 2026-07-29.,,,SENSIBLE,"Item 3 hedged. The build refutes item 3; ours follows the newest PO source, so the case stands and the build is the deviation (Rule 33).",,,,Y,OK,,DEVIATION,,Functional,False
IV-LOC-03,C30576,https://shopview.testrail.io/index.php?/cases/view/30576,IV,IV — Location Filter,Scoping never includes an inaccessible location,KEEP,Negative: an inaccessible location can never enter scope - a tenant-safety contract.,,,SENSIBLE,"Two steps, concrete.",,,,Y,OK,,VIU-Observed-PASS,,Negative,False
IV-LOC-04,C30577,https://shopview.testrail.io/index.php?/cases/view/30577,IV,IV — Location Filter,Inventory Value: the Location filter is hidden for a one-location user,KEEP,"PO-ruled hidden-filter behaviour for a one-location user; the build refutes it, so this case is earning its keep right now.",,,SENSIBLE,Precondition 1 tells the tester to create the single-location user and clean up.,,,,Y,OK,,DEVIATION,,Functional,False
IV-LOC-06,C38917,https://shopview.testrail.io/index.php?/cases/view/38917,IV,IV — Location Filter,The Location column sits after Vendor and never reads Multiple,KEEP,"Location column position, the never-Multiple invariant, and the export surface of the same requirement (Rule 40).",,,FIX-WORDING,"Expected 4 (""its visibility follows that toggle, not the location selection"") is the same mechanism claim the build refutes as IV-COL-01 expected 4; align both together. Expected 6 (filter keeps the same width) is cosmetic filler inside an otherwise load-bearing case - drop or split it.",,,,Y,OK,,DEVIATION,,Functional,False
IV-NAV-01,C30534,https://shopview.testrail.io/index.php?/cases/view/30534,IV,IV — Access & Display,Inventory Value appears in the reports navigation under the Parts group,KEEP,Navigation placement and the single-permission gate.,,,SENSIBLE,Three steps; group label hedged as VIU-confirm.,,,,Y,OK,,VIU-Observed-PASS,,Functional,False
IV-NAV-02,C30535,https://shopview.testrail.io/index.php?/cases/view/30535,IV,IV — Access & Display,One row per in-stock part at the selected locations valued at the resolved date,KEEP,The row model (one row per in-stock part per selected location) valued at the resolved date.,,,SENSIBLE,Clear.,,,,Y,OK,,VIU-Observed-PASS,,Functional,False
IV-NAV-03,C30536,https://shopview.testrail.io/index.php?/cases/view/30536,IV,IV — Access & Display,First visit defaults to the current calendar month and the active location,KEEP,First-visit defaults for date and location; the build breaks the location half.,,,SENSIBLE,Three steps on a fresh profile.,,,,Y,OK,,DEVIATION,,Functional,False
IV-NAV-05,C30538,https://shopview.testrail.io/index.php?/cases/view/30538,IV,IV — Access & Display,The report is server-paginated: one page of rows at a time,KEEP,Server pagination plus the return-to-first-page contract.,,,CONTRADICTION,"Intra-case: expected 1 says ""the user moves through pages with the reports suite's standard pagination control"" while expected 3 says ""on this build there are no numbered page controls - the rows load as you scroll"". Both cannot be true of the same build. Group CG-IV-PAGINATION. Winner: our live observation (Rule 33 tier 3) - no pagination control. Repair: state scroll-loading as the behaviour and carry the spec's pagination requirement as the recorded deviation, rather than asserting both.",CG-IV-PAGINATION,see sense_reason,aligned to the precedence winner (see sense_reason),Y,OK,,DEVIATION,,Functional,False
IV-NAV-06,C30539,https://shopview.testrail.io/index.php?/cases/view/30539,IV,IV — Access & Display,"No qualifying parts, day or location: the no-data message shows and no totals",KEEP,"The empty state across three independent causes, with the verbatim message and the no-totals assertion.",,,SENSIBLE,Precondition 2 enumerates the three producible causes.,,,,Y,OK,,VIU-Observed-PASS,,Negative,False
IV-PERM-01,C30603,https://shopview.testrail.io/index.php?/cases/view/30603,IV,IV — Permissions,A user with ordinary reports access can open Inventory Value,KEEP,"Permission allow side plus the explicit ""no report-specific permission"" assertion.",,,SENSIBLE,Expected 3 tells the tester what to do if the build disagrees - do not change the test.,,,,Y,OK,,VIU-Observed-PASS,,Functional,False
IV-PERM-02,C30604,https://shopview.testrail.io/index.php?/cases/view/30604,IV,IV — Permissions,Without reports access Inventory Value is absent from the navigation,KEEP,"Permission block side, verified as the role.",,,SENSIBLE,Two steps.,,,,Y,OK,,VIU-Observed-PASS,,Negative,False
IV-PERS-01,C30579,https://shopview.testrail.io/index.php?/cases/view/30579,IV,IV — Column Selection & Persistence,Column Selection toggles columns; Total Cost cannot be turned off,KEEP,Column-selection contract plus the Total Cost cannot-be-hidden invariant.,,,SENSIBLE,Verbatim tooltip; three steps.,,,,Y,OK,,VIU-Observed-PASS,,Functional,False
IV-PERS-02,C30580,https://shopview.testrail.io/index.php?/cases/view/30580,IV,IV — Column Selection & Persistence,Toggling columns never reorders them,WEAK-KEEP,Order-stability under toggling is a real invariant but largely re-asserts IV-COL-01's fixed order; kept because toggle-reorder bugs are common.,,,FIX-WORDING,"Same Location-mechanism phrase as IV-COL-01/IV-COL-04 (""when it is turned on in the column-selection control"") - align all three at once.",,,,Y,OK,,DEVIATION,,Functional,False
IV-PERS-03,C30581,https://shopview.testrail.io/index.php?/cases/view/30581,IV,IV — Column Selection & Persistence,The report remembers all filters; columns and sort per browser,KEEP,Persistence contract across seven settings plus the per-browser (not per-account) scope.,,,SENSIBLE,"Four steps; the cross-browser step is marked ""if practical"".",,,,Y,OK,,VIU-Observed-PASS,,Functional,False
IV-PERS-04,C30582,https://shopview.testrail.io/index.php?/cases/view/30582,IV,IV — Column Selection & Persistence,Defensive restore: a stale saved category or vendor is dropped on load,KEEP,Defensive restore: a stale saved selection must not break the view.,,,SENSIBLE,The 2026-07-28 repair already narrowed the expected to the path the steps drive.,,,,Y,OK,,VIU-Observed-PASS,,Negative,False
IV-SCOPE-01,C30540,https://shopview.testrail.io/index.php?/cases/view/30540,IV,IV — Row Scope,A part appears only if not a core charge and on-hand quantity is above zero,KEEP,"Row-scope contract on both conditions (non-core, qty above zero) including the totals exclusion.",,,SENSIBLE,"Preconditions seed all four part shapes; the negative one is hedged ""if producible"".",,,,Y,OK,,VIU-Observed-PASS,,Functional,False
IV-SCOPE-02,C30541,https://shopview.testrail.io/index.php?/cases/view/30541,IV,IV — Row Scope,A part stocked at two selected locations shows as two rows; never merged,KEEP,"One row per part per location, never merged - the documented v1 boundary.",,,SENSIBLE,Two steps.,,,,Y,OK,,VIU-Observed-PASS,,Functional,False
IV-SORT-01,C30583,https://shopview.testrail.io/index.php?/cases/view/30583,IV,IV — Sorting,Rows are sorted by Total Cost highest first on load and after any reload,KEEP,Default sort contract and its persistence across pages over the full server-side set.,,,SENSIBLE,"Two steps, values readable top-down.",,,,Y,OK,,VIU-Observed-PASS,,Functional,False
IV-SORT-02,C30584,https://shopview.testrail.io/index.php?/cases/view/30584,IV,IV — Sorting,Header clicks sort ascending then descending; no third state; page 1 returns,KEEP,"Sort toggle semantics: ascending then descending, no third state, one column at a time, page-1 return.",,,SENSIBLE,Four steps including the third-click probe.,,,,Y,OK,,VIU-Observed-PASS,,Functional,False
IV-SORT-03,C30585,https://shopview.testrail.io/index.php?/cases/view/30585,IV,IV — Sorting,Money and numeric columns sort by value; text columns sort as text,KEEP,"Sort-by-value vs sort-as-text contract - the classic ""1,100 sorts below 900"" bug.",,,SENSIBLE,"Concrete worked comparison ($900 vs $1,100).",,,,Y,OK,,VIU-Observed-PASS,,Functional,False
IV-TOT-01,C30556,https://shopview.testrail.io/index.php?/cases/view/30556,IV,IV — Totals Row,"Totals row: Totals label, blank identity/per-unit cells, pinned bold Total Cost",KEEP,"Totals-row anatomy: label, deliberately blank cells, pinned bold Total Cost, sticky on scroll.",,,CONTRADICTION,"Intra-case: expected 1 requires the label ""Totals"" while the case's own note says ""On screen the label is \""Total\"" (S4-R1) while the DOWNLOADED totals row is labeled \""Totals\"""". Group CG-IV-TOTALS-LABEL. The build shows ""Totals"". Resolution: assert the spec value S4-R1 (""Total"") in the expected so the observed ""Totals"" reads as the deviation it is, or get Chris to ratify ""Totals"" - currently the case cannot fail a build that breaks S4-R1.",CG-IV-TOTALS-LABEL,see sense_reason,aligned to the precedence winner (see sense_reason),Y,OK,,DEVIATION,,Functional,False
IV-TOT-02,C30557,https://shopview.testrail.io/index.php?/cases/view/30557,IV,IV — Totals Row,"Totals row sums the FULL filtered set on the server, not just the visible page",KEEP,Full-filtered-set server totals with a hand-summed cross-check - a money contract.,,,SENSIBLE,Step 3 gives the tester a hand-checkable subset.,,,,Y,OK,,DEVIATION,,Functional,False
IV-TOT-03,C30558,https://shopview.testrail.io/index.php?/cases/view/30558,IV,IV — Totals Row,Totals-row Margin % is recomputed from the totals; not an average of rows,KEEP,Recomputed-from-totals vs average-of-rows - a real and common aggregation bug.,,,SENSIBLE,"Step 3 explicitly makes the tester compute the wrong answer too, so the distinction is unmissable.",,,,Y,OK,,VIU-Observed-PASS,,Functional,False
IV-VIS-01,C30596,https://shopview.testrail.io/index.php?/cases/view/30596,IV,IV — Visual & Accessibility,All-white table with no row shading on the standard report backdrop,WEAK-KEEP,"Pure styling (white cells, no zebra striping); a failure is cosmetic only.",,,SENSIBLE,Three observation steps.,,,,Y,OK,,DEVIATION,,Functional,False
IV-VIS-02,C30597,https://shopview.testrail.io/index.php?/cases/view/30597,IV,IV — Visual & Accessibility,Toolbar layout: menu leftmost then Column Selection; then the 5 filters,WEAK-KEEP,"Toolbar control ordering - cosmetic, though it did catch a real ordering difference in the build.",,,SENSIBLE,Two reading steps.,,,,Y,OK,,DEVIATION,,Functional,False
IV-VIS-04,C30599,https://shopview.testrail.io/index.php?/cases/view/30599,IV,IV — Visual & Accessibility,Long Description; Category and Vendor truncate on hover; Part # never does,WEAK-KEEP,"Truncation and hover-reveal; cosmetic, and the Part #-never-truncates half is the only part with data consequence.",,,SENSIBLE,Step 1 tells the tester how to force the overflow.,,,,Y,OK,,VIU-Observed-PASS,,Functional,False
IV-VIS-05,C30600,https://shopview.testrail.io/index.php?/cases/view/30600,IV,IV — Visual & Accessibility,"In dark mode the page background, toolbar, cells; the ""—"" glyph remain legible",WEAK-KEEP,Dark-mode legibility; cosmetic and subjective.,,,FIX-WORDING,"Expected 2 ""all use dark-mode-legible colors"" has no pass criterion a tester can apply (F6). Name the concrete check instead - e.g. the em-dash glyph is visible against the dark cell background and the toolbar text is readable.",,,,Y,OK,,VIU-Observed-PASS,,Accessibility,False
IV-VIS-06,C30601,https://shopview.testrail.io/index.php?/cases/view/30601,IV,IV — Visual & Accessibility,Each sortable header exposes its sort state and shows the direction,WEAK-KEEP,Accessibility sort-state exposure; real but low-value for a manual pass.,,,SENSIBLE,Precondition 2 names the tool needed.,,,,Y,TOOL,"Needs a screen reader or the browser accessibility inspector, and the case sits in a non-API section - acceptable for an Accessibility-typed case but not layman-runnable.",VIU-Observed-PASS,,Accessibility,False
IV-VIS-07,C30602,https://shopview.testrail.io/index.php?/cases/view/30602,IV,IV — Visual & Accessibility,The icon-only download and Column Selection buttons carry accessible names,WEAK-KEEP,"Accessible names on the two icon-only buttons; low value, though it did pin the two real aria labels.",,,SENSIBLE,Two steps.,,,,Y,TOOL,Needs a screen reader or accessibility inspector.,VIU-Observed-PASS,,Accessibility,False
PV-API-01,C30388,https://shopview.testrail.io/index.php?/cases/view/30388,PV,PV — API,The report is server-paginated - the backend returns one page of rows at a time,KEEP,Server-pagination contract at scale (50-60k parts per org).,,,SENSIBLE,Precondition 2 names the devtools network tab.,,,,Y,TECHNICAL,"Needs the devtools network tab; correctly in a ""PV - API"" section (Rule 4).",VIU-Observed-PASS,,Functional,True
PV-API-02,C30389,https://shopview.testrail.io/index.php?/cases/view/30389,PV,PV — API,Each filter or search change re-queries the server and returns page one,KEEP,Every filter/search change re-queries the server and returns page one - the no-client-side-narrowing contract.,,,SENSIBLE,Seven controls enumerated in one step.,,,,Y,TECHNICAL,Devtools; API section.,VIU-Observed-PASS,,Functional,True
PV-API-03,C30390,https://shopview.testrail.io/index.php?/cases/view/30390,PV,PV — API,Header-click sorting re-queries the server; nulls first asc and last desc,KEEP,Server-side sort plus the null-placement semantic that must match screen and export.,,,SENSIBLE,Three steps.,,,,Y,TECHNICAL,Devtools; API section.,VIU-Observed-PASS,,Functional,True
PV-API-04,C30391,https://shopview.testrail.io/index.php?/cases/view/30391,PV,PV — API,The back end serves report data and export on ordinary reports access,KEEP,API-layer proof that the single reports permission is the only gate and any extra permission is inert.,,,SENSIBLE,Expected 4 tells the tester exactly what to do if the build disagrees.,,,,Y,TECHNICAL,Devtools; API section.,VIU-Observed-PASS,,Negative,True
PV-CALC-01,C30359,https://shopview.testrail.io/index.php?/cases/view/30359,PV,PV — Columns & Calculations,Units Sold for an inventory part is net stock movement,KEEP,Units Sold as net stock movement across three event types - a definitional money/inventory contract.,,,SENSIBLE,"Three seeded events, each with a re-read.",,,,Y,OK,"Heavy seeding (invoice, reversal, return on one part in one window).",VIU-Observed-PASS,,Functional,False
PV-CALC-02,C30360,https://shopview.testrail.io/index.php?/cases/view/30360,PV,PV — Columns & Calculations,"Special Order Units Sold = in-window request quantity, net of reversals",KEEP,"Special-order Units Sold basis (vendor request quantity, net of reversals, work-order-date window).",,,SENSIBLE,Clear sum to check against.,,,,Y,OK,Heavy seeding.,VIU-Observed-PASS,,Functional,False
PV-CALC-03,C30361,https://shopview.testrail.io/index.php?/cases/view/30361,PV,PV — Columns & Calculations,Units Returned counts initiated part returns and parts-sale credits,KEEP,Units Returned sources (return + parts-sale credit) and the current-state-not-snapshot rule.,,,SENSIBLE,Four steps each with a re-read; the cancellation step is the discriminator.,,,,Y,OK,Heavy seeding.,VIU-Observed-PASS,,Functional,False
PV-CALC-04,C30362,https://shopview.testrail.io/index.php?/cases/view/30362,PV,PV — Columns & Calculations,"Units Returned is windowed by initiation date, ignores invoice status",KEEP,"Units Returned windowing by initiation date, core-return exclusion, invoice-status independence, and the return-only row-axis rule.",,,SENSIBLE,Cross-window comparison is executable.,,,,Y,OK,Heavy seeding (cross-window sale/return pair).,VIU-Observed-PASS,,Functional,False
PV-CALC-05,C30363,https://shopview.testrail.io/index.php?/cases/view/30363,PV,PV — Columns & Calculations,"Sold (WO) counts Service work orders, Sold (Parts Sale) counts Parts",KEEP,The Sold (WO) / Sold (Parts Sale) split and its work-order-date windowing.,,,SENSIBLE,Step 3 drives the windowing half.,,,,Y,OK,,VIU-Observed-PASS,,Functional,False
PV-CALC-06,C30364,https://shopview.testrail.io/index.php?/cases/view/30364,PV,PV — Columns & Calculations,Demand counts each transaction once; a reversal neither adds nor subtracts,KEEP,Demand counts each event once regardless of quantity and is unaffected by reversals - subtle and easy to get wrong.,,,SENSIBLE,The 1-unit vs 10-unit contrast makes the rule unmistakable.,,,,Y,OK,,VIU-Observed-PASS,,Functional,False
PV-CALC-07,C30365,https://shopview.testrail.io/index.php?/cases/view/30365,PV,PV — Columns & Calculations,Last Sale is whole days since the most recent sale over all-time history,KEEP,"Last Sale: all-time lookback, location-scoped, format, and the reversal re-anchor from the tech plan.",,,SENSIBLE,"Expected 1 gives a worked example (""42 days even though the range is This Month"").",,,,Y,OK,,VIU-Observed-PASS,,Functional,False
PV-CALC-08,C30366,https://shopview.testrail.io/index.php?/cases/view/30366,PV,PV — Columns & Calculations,On Hand shows the row's own location stock,KEEP,On Hand per-location (never summed) plus Min/Max read-only.,,,SENSIBLE,Step 2 drives the read-only negative.,,,,Y,OK,,VIU-Observed-PASS,,Functional,False
PV-CALC-09,C30367,https://shopview.testrail.io/index.php?/cases/view/30367,PV,PV — Columns & Calculations,"Turns / Yr annualizes the sales rate, is 0.00 at zero stock, can be negative",KEEP,"Turns / Yr formula, zero-stock and negative branches - this case caught the live off-by-one window divisor.",,,SENSIBLE,Step 1 gives the arithmetic in full.,,,,Y,OK,,DEVIATION,,Functional,False
PV-CALC-10,C30368,https://shopview.testrail.io/index.php?/cases/view/30368,PV,PV — Columns & Calculations,"Revenue, Margin, Unit Cost, Sell Price and Margin % use the billed formulas",KEEP,Five profitability formulas plus the round-once-at-the-end rule - the report's core money contract.,,,SENSIBLE,Step 1 works every figure out for the tester.,,,,Y,OK,Heavy seeding (controlled sell/cost/quantity lines).,VIU-Observed-PASS,,Functional,False
PV-CALC-11,C30369,https://shopview.testrail.io/index.php?/cases/view/30369,PV,PV — Columns & Calculations,A reversed or voided sale is excluded from every billed-line column,KEEP,"Reversal exclusion across the whole billed-line family, with the known build-delta flagged.",,,SENSIBLE,Before/after comparison of a named column list.,,,,Y,OK,,VIU-Observed-PASS,,Functional,False
PV-CALC-12,C30370,https://shopview.testrail.io/index.php?/cases/view/30370,PV,PV — Columns & Calculations,Unit Cost / Sell Price and Margin % use independent null triggers,KEEP,Three independent null triggers and the valid mixed rows - protects a real class of false bug reports.,,,SENSIBLE,Three explicitly-shaped rows.,,,,Y,OK,Heavy seeding (credit revenue without billed quantity; $0-sell line).,VIU-Observed-PASS,,Functional,False
PV-CALC-13,C30371,https://shopview.testrail.io/index.php?/cases/view/30371,PV,PV — Columns & Calculations,Number formats match the spec per column; rounding is half away from zero,KEEP,Per-column number formats in ONE case (not twenty) plus the half-away-from-zero rounding tie.,,,SENSIBLE,The tie example (8.45 -> 8.5) is concrete.,,,,Y,OK,,VIU-Observed-PASS,,Functional,False
PV-CALC-14,C30372,https://shopview.testrail.io/index.php?/cases/view/30372,PV,PV — Columns & Calculations,Core parts are excluded from both the inventory and special-order result sets,KEEP,Core-part exclusion from both result sets - a negative that a whole family of totals depends on.,,,SENSIBLE,Two searches.,,,,Y,OK,,VIU-Observed-PASS,,Negative,False
PV-CALC-15,C30373,https://shopview.testrail.io/index.php?/cases/view/30373,PV,PV — Columns & Calculations,Movement and billed bases may differ; Sold (WO) + Sold (Parts Sale) = billed,KEEP,"The movement-vs-billed divergence declared correct, plus the Sold (WO)+Sold (Parts Sale)=billed identity.",,,SENSIBLE,"Three comparisons, each computable from the row.",,,,Y,OK,Heavy seeding (drop-ship or negative-stock billed sale).,VIU-Observed-PASS,,Functional,False
PV-CALC-16,C30374,https://shopview.testrail.io/index.php?/cases/view/30374,PV,PV — Columns & Calculations,"Window anchors: movement uses the event date, billed uses the WO date",KEEP,The two window anchors (movement event date vs work-order date) legitimately diverge - a definitional contract that prevents a whole class of false bug reports.,,,SENSIBLE,W1/W2 comparison is executable; step 3 drives the one-day floor.,,,,Y,OK,Heavy seeding (backdated work-order end date).,DEVIATION,,Functional,False
PV-COL-01,C30351,https://shopview.testrail.io/index.php?/cases/view/30351,PV,PV — Columns & Remembered View,Column picker lists all 20 columns and never offers the internal cost,KEEP,Column-picker completeness plus the negative that the internal on-hand cost is never selectable.,,,FIX-WORDING,"Expected 1 closes a 20-item list (""lists all 20 available columns ... Type, Part #, ..."") but refs cites the unversioned path ""specs/parts-velocity.md S4-R1"". Rule 42/F7: pin the spec version (PV v4 2026-07-29) so a future column addition re-checks this case.",,,,Y,OK,,VIU-Observed-PASS,,Functional,False
PV-COL-02,C30352,https://shopview.testrail.io/index.php?/cases/view/30352,PV,PV — Columns & Remembered View,First visit shows exactly the 14 default columns in the specified order,KEEP,First-visit default column set and the six hidden ones.,,,SENSIBLE,"Scope-conditioned (""With a single location in scope"") and version-pinned in refs - Rule 42 satisfied - and expected 3 pre-empts the Location column for the tester.",,,,Y,OK,,VIU-Observed-PASS,,Functional,False
PV-COL-03,C30353,https://shopview.testrail.io/index.php?/cases/view/30353,PV,PV — Columns & Remembered View,"A re-enabled column returns to its canonical slot, with no reload",KEEP,Canonical-order restoration on re-enable plus the no-reload re-render.,,,SENSIBLE,"Step 1 deliberately toggles in a non-canonical order, which is what makes the check meaningful.",,,,Y,OK,,VIU-Observed-PASS,,Functional,False
PV-COL-04,C30354,https://shopview.testrail.io/index.php?/cases/view/30354,PV,PV — Columns & Remembered View,Filters; columns and sort are remembered per browser before the first fetch,KEEP,Persistence applied BEFORE the first fetch (no flash-then-requery) and precedence over first-visit defaults.,,,SENSIBLE,"Three steps, all observable.",,,,Y,OK,,VIU-Observed-PASS,,Functional,False
PV-COL-05,C30355,https://shopview.testrail.io/index.php?/cases/view/30355,PV,PV — Columns & Remembered View,A saved value that is no longer valid falls back to that setting's default,KEEP,"Defensive restore of a stale saved view - and it caught a real build defect (blank date control, no request at all).",,,SENSIBLE,Precondition and note both name how to create the stale state.,,,,Y,OK,Needs browser-storage editing for the malformed-range half; the note admits it.,DEVIATION,,Negative,False
PV-COL-06,C30356,https://shopview.testrail.io/index.php?/cases/view/30356,PV,PV — Columns & Remembered View,A different user signing in on the same browser inherits the saved view,WEAK-KEEP,"Documented limitation (saved view is per browser, so a second user inherits it); accepted behaviour, low value, but privacy-adjacent so kept.",,,SENSIBLE,Two steps.,,,,Y,OK,,VIU-Observed-PASS,,Functional,False
PV-COL-08,C30358,https://shopview.testrail.io/index.php?/cases/view/30358,PV,PV — Columns & Remembered View,All 20 columns can be hidden; the empty selection is never restored,KEEP,The all-columns-hidden edge plus the rule that an empty selection is never restored.,,,SENSIBLE,Three steps including the export while empty.,,,,Y,OK,,DEVIATION,,Functional,False
PV-EXP-01,C30375,https://shopview.testrail.io/index.php?/cases/view/30375,PV,PV — Exports,The overflow button opens Download (PDF) then Download (CSV) in that order,KEEP,Export menu position and its two verbatim labels in order.,,,SENSIBLE,"Closed two-item list IS the requirement, version-pinned in refs and stated in the notes - Rule 42 satisfied.",,,,Y,OK,,VIU-Observed-PASS,,Functional,False
PV-EXP-02,C30376,https://shopview.testrail.io/index.php?/cases/view/30376,PV,PV — Exports,Both exports reflect the filters and search active at the time of export,KEEP,Export-reflects-filters contract plus the Locations line.,,,SENSIBLE,A distinctive filter mix is prescribed so the check cannot pass by accident.,,,,Y,OK,,VIU-Observed-PASS,,Functional,False
PV-EXP-03,C30377,https://shopview.testrail.io/index.php?/cases/view/30377,PV,PV — Exports,"Exports include only the enabled columns, in the canonical on-screen order",KEEP,"Export column set and canonical ordering, with the known build-delta flagged.",,,SENSIBLE,"Step 1 hides two and enables one, which is the discriminating combination.",,,,Y,OK,,VIU-Observed-PASS,,Functional,False
PV-EXP-04,C30378,https://shopview.testrail.io/index.php?/cases/view/30378,PV,PV — Exports,"Exports reflect the active sort, including Min/Max and null placement",KEEP,Export honours the active sort including null placement - the screen-vs-export parity contract.,,,SENSIBLE,Three exports compared.,,,,Y,OK,,VIU-Observed-PASS,,Functional,False
PV-EXP-05,C30379,https://shopview.testrail.io/index.php?/cases/view/30379,PV,PV — Exports,"PDF: filename, A3 landscape, title, text truncation, and the shop logo",KEEP,"PDF filename, page format, title, truncation rule and the logo fallback.",,,SENSIBLE,"Expected 5 was already repaired to a checkable statement rather than ""confirmed in the build"".",,,,Y,OK,,DEVIATION,,Functional,False
PV-EXP-06,C30380,https://shopview.testrail.io/index.php?/cases/view/30380,PV,PV — Exports,CSV is named velocity-report.csv and holds full untruncated text values,KEEP,CSV filename plus the deliberate CSV-vs-PDF text and Last Sale differences.,,,SENSIBLE,Three steps.,,,,Y,OK,,DEVIATION,,Functional,False
PV-EXP-07,C30381,https://shopview.testrail.io/index.php?/cases/view/30381,PV,PV — Exports,"Em-dash in both exports; Last Sale reads ""N days"" in the PDF",KEEP,"Em-dash rendering across all eight nullable fields in both files, plus the never-null columns.",,,FIX-WORDING,"Expected 3 (""In the PDF, Last Sale renders as 'N days'"") duplicates PV-EXP-06 (C30380) expected 3, which already contrasts the PDF wording with the CSV integer. Keep the assertion in one case only.",,,,Y,OK,,DEVIATION,,Functional,False
PV-EXP-08,C30382,https://shopview.testrail.io/index.php?/cases/view/30382,PV,PV — Exports,"PDF export alignment: Type centered, text left, numeric and money right",WEAK-KEEP,Export-only column alignment - cosmetic; kept because the deliberate screen-vs-export difference would otherwise be reported as a bug.,,,SENSIBLE,Expected 5 already scopes the alignment claims to the PDF.,,,,Y,OK,,VIU-Observed-PASS,,Functional,False
PV-EXP-10,C30384,https://shopview.testrail.io/index.php?/cases/view/30384,PV,PV — Exports,Export toasts: exact success texts; server or fallback error text on failure,KEEP,Verbatim success and failure toast strings including the deliberate casing mix.,,,SENSIBLE,Precondition 2 gives two concrete ways to force the failure.,,,,Y,OK,,DEVIATION,,Negative,False
PV-EXP-11,C38885,https://shopview.testrail.io/index.php?/cases/view/38885,PV,PV — Exports,An over-cap Parts Velocity export is refused with the too-large message,KEEP,"Over-cap refusal with its verbatim message - and it pinned the real 10,000-row cap live.",,,SENSIBLE,Four steps including the recovery.,,,,Y,OK,,VIU-Observed-PASS,,Negative,False
PV-EXP-12,C43547,https://shopview.testrail.io/index.php?/cases/view/43547,PV,PV — Exports,A large PDF download fails outright while the CSV of the same view works,KEEP,Only case covering the size-driven PDF renderer failure; distinct from PV-EXP-11 (the polite cap) and PV-EXP-10 (toast strings).,,,SENSIBLE,"Correctly framed: expected 2 states the CORRECT behaviour and calls the observed failure a failure - the opposite framing to its sibling IV-EXP-10, which is why IV-EXP-10 needs repair.",,,,Y,OK,,DEVIATION,The build fails the expected result: the PDF of a few-hundred-row view returns HTTP 500 while the CSV of the same scope succeeds.,Functional,False
PV-FILT-01,C30328,https://shopview.testrail.io/index.php?/cases/view/30328,PV,PV — Filters,"Type filter: single-select, first in row, three options, default Both; reloads",KEEP,"Type filter: position, single-select, closed option list, default, and the reload-per-selection behaviour.",,,SENSIBLE,Closed list version-pinned to PV v4 S2-R1 - Rule 42 satisfied.,,,,Y,OK,,VIU-Observed-PASS,,Functional,False
PV-FILT-03,C30330,https://shopview.testrail.io/index.php?/cases/view/30330,PV,PV — Filters,Date range selector offers exactly the eleven bounded options and no All Time,KEEP,"The date preset list and the deliberate absence of All Time; the build offers a different list, so this case is load-bearing now.",,,SENSIBLE,Closed list version-pinned to PV v4 S2-R2 and the notes say the closed list IS the requirement - Rule 42 satisfied.,,,,Y,OK,,DEVIATION,,Functional,False
PV-FILT-04,C30331,https://shopview.testrail.io/index.php?/cases/view/30331,PV,PV — Filters,A Custom date range needs valid dates and rejects a span over 366 days,KEEP,Custom-range validation plus the 366-day cap - a real server-side guard.,,,SENSIBLE,Four steps including both invalid shapes.,,,,Y,OK,,VIU-Observed-PASS,,Functional,False
PV-FILT-05,C30332,https://shopview.testrail.io/index.php?/cases/view/30332,PV,PV — Filters,Category and Vendor multi-select filters limit the table to matching parts,KEEP,Category and Vendor multi-select narrowing with a server reload each time.,,,SENSIBLE,Three steps.,,,,Y,OK,,VIU-Observed-PASS,,Functional,False
PV-FILT-06,C30333,https://shopview.testrail.io/index.php?/cases/view/30333,PV,PV — Filters,"Toolbar search matches part number or description, case-insensitively",KEEP,Search semantics plus the explicit negative that category and vendor names are NOT searched.,,,SENSIBLE,Step 1 distinguishes the report toolbar from the global search bar.,,,,Y,OK,,VIU-Observed-PASS,,Functional,False
PV-FILT-07,C30334,https://shopview.testrail.io/index.php?/cases/view/30334,PV,PV — Filters,All active filters combine with AND logic,KEEP,"AND-not-OR filter logic, proved by making the row disappear and come back.",,,SENSIBLE,The four-step appear/disappear/reappear sequence is the cleanest possible proof.,,,,Y,OK,,VIU-Observed-PASS,,Functional,False
PV-FILT-08,C30335,https://shopview.testrail.io/index.php?/cases/view/30335,PV,PV — Filters,The Bin multi-select limits the table to parts stocked in those bins,KEEP,Bin multi-select narrowing.,,,SENSIBLE,Two steps.,,,,Y,OK,,VIU-Observed-PASS,,Functional,False
PV-FILT-09,C30336,https://shopview.testrail.io/index.php?/cases/view/30336,PV,PV — Filters,Bin filter excludes special-order rows; Bin plus that Type is empty by design,KEEP,"Bin excludes special-order rows, and Bin plus Special Order is legitimately empty - prevents a false bug report.",,,SENSIBLE,Three steps.,,,,Y,OK,,VIU-Observed-PASS,,Negative,False
PV-FILT-10,C30337,https://shopview.testrail.io/index.php?/cases/view/30337,PV,PV — Filters,"Location filter is rightmost, defaults to the active location, accessible-only",KEEP,"Location filter contract (position, default, accessible-only scope, cascade, per-row identification, scope indicator).",,,SENSIBLE,Seven assertions but each is separately observable; items 6 and 7 are honestly hedged as build-confirmed.,,,,Y,OK,Needs a two-location user with activity at both.,DEVIATION,,Functional,False
PV-FILT-11,C30338,https://shopview.testrail.io/index.php?/cases/view/30338,PV,PV — Filters,Empty state shows the standard no-data message when no parts match the filters,KEEP,Empty state with its verbatim message.,,,SENSIBLE,Version-pinned; the closed string IS the requirement.,,,,Y,OK,,VIU-Observed-PASS,,Negative,False
PV-FILT-12,C30339,https://shopview.testrail.io/index.php?/cases/view/30339,PV,PV — Filters,Parts with no category; vendor or bin are excluded when that filter is on,KEEP,Three negatives: a part missing the filtered attribute drops out when that filter is on.,,,SENSIBLE,Step 1 establishes the baseline before each filter.,,,,Y,OK,Needs seeded parts missing each attribute; on this org no part can have a null category.,VIU-Observed-PASS,,Negative,False
PV-FILT-13,C30340,https://shopview.testrail.io/index.php?/cases/view/30340,PV,PV — Filters,Parts Velocity: the Location filter is hidden for a one-location user,KEEP,"PO-ruled hidden Location filter for a one-location user; the build refutes it, so the case is live-value right now.",,,SENSIBLE,"Two sign-ins, one observation each.",,,,Y,OK,Needs a one-location user; the note gives the seeding pattern.,DEVIATION,,Functional,False
PV-FILT-14,C38914,https://shopview.testrail.io/index.php?/cases/view/38914,PV,PV — Filters,"The Location column shows only with more than one location, leftmost before Type",KEEP,"Location column position, the ""Multiple"" merged-row value, picker exclusion, and the export surface of the same requirement (Rule 40).",,,FIX-WORDING,"Expected 6 (""The Location filter control keeps the same width whichever label it shows"") is cosmetic filler inside a load-bearing case - the same stray assertion as IV-LOC-06 expected 6. Split it out or drop it.",,,,Y,OK,Needs the same part stocked at two locations plus a two-location special-order part.,DEVIATION,,Functional,False
PV-NAV-01,C30322,https://shopview.testrail.io/index.php?/cases/view/30322,PV,PV — Access & Defaults,Parts Velocity appears under a new Parts section in the Reports navigation,KEEP,The new Parts navigation group and the report's entry within it.,,,SENSIBLE,Expected 2 explicitly tells the tester not to fail on the order of the two entries.,,,,Y,OK,,VIU-Observed-PASS,,Functional,False
PV-NAV-02,C30323,https://shopview.testrail.io/index.php?/cases/view/30323,PV,PV — Access & Defaults,First visit: date range defaults to This Year and data is fetched automatically,KEEP,"First-visit date default, automatic fetch, and the default Demand ranking.",,,SENSIBLE,Two steps on a cleared browser.,,,,Y,OK,,VIU-Observed-PASS,,Functional,False
PV-NAV-03,C30324,https://shopview.testrail.io/index.php?/cases/view/30324,PV,PV — Access & Defaults,A loading indicator shows and old rows are replaced only when data returns,WEAK-KEEP,"Loading indicator and the do-not-blank-out rule; largely cosmetic, but the replace-only-on-return half is a real UX contract.",,,SENSIBLE,Three steps.,,,,Y,OK,,VIU-Observed-PASS,,Functional,False
PV-PERM-01,C30325,https://shopview.testrail.io/index.php?/cases/view/30325,PV,PV — Permissions,A user with ordinary reports access can load the report and export it,KEEP,Permission allow side across both surfaces (open and export).,,,SENSIBLE,Expected 3 tells the tester what to do if the build disagrees.,,,,Y,OK,,VIU-Observed-PASS,,Functional,False
PV-PERM-02,C30326,https://shopview.testrail.io/index.php?/cases/view/30326,PV,PV — Permissions,Without the Manager or Office User role the report entry is not shown,KEEP,Section-level block: no Reports access means no entry at all.,,,SENSIBLE,Two steps.,,,,Y,OK,,VIU-Observed-PASS,,Negative,False
PV-PERM-03,C30327,https://shopview.testrail.io/index.php?/cases/view/30327,PV,PV — Permissions,Ordinary reports access alone opens Parts Velocity and its export,KEEP,Rescoped to the surviving assertion - an extra per-area report permission is inert. Load-bearing under the one-permission ruling.,,,SENSIBLE,Expected 4 spells out both the failure condition and the planned-change caveat.,,,,Y,OK,,VIU-Observed-PASS,,Negative,False
PV-PREC-01,C38924,https://shopview.testrail.io/index.php?/cases/view/38924,PV,PV — Columns & Calculations,Units Sold keeps an exact part-of-a-unit quantity and is never rounded off,KEEP,Fractional-quantity round-trip - the report-side half of the SV-8589 QuickBooks corruption defect. High-value money integrity.,,,SENSIBLE,The sign-out/sign-in step is what makes it a storage proof rather than a display check.,,,,Y,OK,,VIU-Observed-PASS,,Functional,False
PV-PREC-02,C38925,https://shopview.testrail.io/index.php?/cases/view/38925,PV,PV — API,QuickBooks amount for a part-of-a-unit sale is exact and never inflated,KEEP,"The QuickBooks half of the same money-integrity defect, end to end across two systems.",,,SENSIBLE,Step 1 makes the tester hand-compute the answer first.,,,,Y,EXTERNAL,"Needs a QuickBooks-connected company; correctly placed in a ""PV - API"" section (Rule 4).",EXTERNAL-DEPENDENCY,,Functional,True
PV-ROW-01,C30341,https://shopview.testrail.io/index.php?/cases/view/30341,PV,PV — Row Model,A part stocked at two selected locations shows as two per-location rows,KEEP,Per-location inventory rows with never-summed stock figures.,,,SENSIBLE,Two steps.,,,,Y,OK,Needs the same part stocked at two accessible locations.,VIU-Observed-PASS,,Functional,False
PV-ROW-02,C30342,https://shopview.testrail.io/index.php?/cases/view/30342,PV,PV — Row Model,A Special Order part is one merged row summed across selected locations,KEEP,"Special-order rows are merged and summed, with inventory-only columns em-dashed.",,,SENSIBLE,Step 3 gives the per-location cross-check.,,,,Y,OK,,VIU-Observed-PASS,,Functional,False
PV-ROW-03,C30343,https://shopview.testrail.io/index.php?/cases/view/30343,PV,PV — Row Model,"Rows load ranked by Demand descending, indicator on the Demand header",KEEP,"Default Demand-descending ranking, the mixed-type single list, the tie order, and the header indicator.",,,SENSIBLE,Four steps.,,,,Y,OK,,VIU-Observed-PASS,,Functional,False
PV-ROW-04,C30344,https://shopview.testrail.io/index.php?/cases/view/30344,PV,PV — Row Model,"A header click sorts ascending first, toggles, and places nulls by direction",KEEP,"On-screen sort semantics: first click ascending, toggle, null placement by direction, every column sortable.",,,SENSIBLE,Four steps.,,,,Y,OK,,VIU-Observed-PASS,,Functional,False
PV-ROW-05,C30345,https://shopview.testrail.io/index.php?/cases/view/30345,PV,PV — Row Model,"Sticky header, all-left alignment on screen, and plain-text Type values",WEAK-KEEP,"Sticky header plus all-left on-screen alignment; cosmetic, and the plain-text Type value is already asserted by PV-FILT-01 expected 5.",,,SENSIBLE,Three steps.,,,,Y,OK,,VIU-Observed-PASS,,Functional,False
PV-ROW-06,C30346,https://shopview.testrail.io/index.php?/cases/view/30346,PV,PV — Row Model,"Info icons sit on Units Sold, Demand and Turns/Yr with descriptions",KEEP,"Info icons: presence, three verbatim descriptions, focus exposure, no-sort-on-activate, and the closed set - one case where a lesser suite would have written six.",,,SENSIBLE,Closed set version-pinned to PV v4 S3-R6; the notes quote the requirement verbatim - Rule 42 satisfied.,,,,Y,OK,"Step 3 needs keyboard focus only, not a tool.",DEVIATION,,Functional,False
PV-ROW-07,C30347,https://shopview.testrail.io/index.php?/cases/view/30347,PV,PV — Row Model,Description; Category and Vendor truncate on hover; Part # never does,KEEP,"On-screen truncation, hover reveal, and the Part #-never-truncated rule; the build refutes truncation entirely.",,,FIX-WORDING,"Expected 4 (""The CSV export carries the full untruncated ... values"") duplicates PV-EXP-06 (C30380) expected 2. Keep it in the export case only.",,,,Y,OK,,DEVIATION,,Functional,False
PV-ROW-08,C30348,https://shopview.testrail.io/index.php?/cases/view/30348,PV,PV — Row Model,Em-dash only in nullable fields; counts and Revenue/Margin are never null,KEEP,"The consolidated null-rendering matrix, and uniquely the list of columns that are NEVER null (0.00 / 0 / $0.00 rather than a dash).",,,FIX-WORDING,"Expected 3 duplicates PV-CALC-12 (C30370) and expected 4 duplicates PV-EXP-07 (C30381) expected 1. Trim to the never-null assertion plus the special-order em-dash set, which is what only this case says.",,,,Y,OK,,VIU-Observed-PASS,,Functional,False
PV-ROW-09,C30349,https://shopview.testrail.io/index.php?/cases/view/30349,PV,PV — Row Model,"An inventory part drops out only with no movement, no stock and no revenue",KEEP,The row-inclusion rule (all three keep-criteria must fail) plus the revenue-only keep - a real exclusion contract.,,,SENSIBLE,Two searches against two deliberately-shaped parts.,,,,Y,OK,Part B needs a billed sale with no stock decrement.,VIU-Observed-PASS,,Negative,False
PV-VIS-01,C30385,https://shopview.testrail.io/index.php?/cases/view/30385,PV,PV — Visual Conformance,The report uses the standard two-tone layout,WEAK-KEEP,Two-tone layout and edge-to-edge table; purely cosmetic.,,,SENSIBLE,Two observation steps.,,,,Y,OK,,DEVIATION,,Functional,False
PV-VIS-02,C30386,https://shopview.testrail.io/index.php?/cases/view/30386,PV,PV — Visual Conformance,Toolbar and table detail styling matches the suite paddings and borders,WEAK-KEEP,Toolbar and table spacing detail; cosmetic and design-token owned.,,,SENSIBLE,Expected 5 is a model repair - it tells the tester explicitly that no measurement or tool is needed and who owns the exact figures.,,,,Y,OK,,DEVIATION,,Functional,False
PV-VIS-03,C30387,https://shopview.testrail.io/index.php?/cases/view/30387,PV,PV — Visual Conformance,Dark mode is supported and the grey info icon keeps 3:1 contrast in both,WEAK-KEEP,Dark mode plus info-icon legibility; cosmetic.,,,SENSIBLE,Expected 3 restates the 3:1 rule as a by-eye check and names the owner of the measurement - the right repair.,,,,Y,OK,,VIU-Observed-PASS,,Functional,False
SBC-API-01,C30190,https://shopview.testrail.io/index.php?/cases/view/30190,SBC,SBC — API,Asset and invoice rows are fetched on first expand; one call per customer,KEEP,Lazy drill-down plus the bounded expand-all fetch count - a real scale contract (an unbounded expand-all is a genuine outage risk).,,,SENSIBLE,Four steps including the collapse/re-expand probe.,,,,Y,TECHNICAL,Needs the browser network panel; correctly in an API-titled section.,VIU-Observed-PASS,,Functional,True
SBC-API-02,C30191,https://shopview.testrail.io/index.php?/cases/view/30191,SBC,SBC — API,Sorting is applied on the server and re-fetches the first page,KEEP,Server-side sort with re-pagination plus the unknown-sort-column safety negative.,,,SENSIBLE,Step 3 is explicitly marked optional and tool-dependent.,,,,Y,TECHNICAL,Network panel; API section.,VIU-Observed-PASS,,Functional,True
SBC-API-03,C30192,https://shopview.testrail.io/index.php?/cases/view/30192,SBC,SBC — API,The Customer type-ahead queries the server instead of loading every name,KEEP,Server-backed type-ahead (no full customer list downloaded) plus the all-customers-as-a-flag contract.,,,SENSIBLE,"The note tells the tester to establish the flag point by observing traffic, not by reading code.",,,,Y,TECHNICAL,Network panel; API section.,VIU-Observed-PASS,,Functional,True
SBC-API-04,C30193,https://shopview.testrail.io/index.php?/cases/view/30193,SBC,SBC — API,Customer rows are server-paginated; the totals row is server-computed,KEEP,Server pagination and server-computed totals that do not drift as you page.,,,SENSIBLE,Three steps.,,,,Y,TECHNICAL,Network panel; API section.,VIU-Observed-PASS,,Functional,True
SBC-API-05,C30194,https://shopview.testrail.io/index.php?/cases/view/30194,SBC,SBC — API,"Exports are server-generated and the 10,000-row cap is counted first",KEEP,"Exports server-generated from the active filters, and the cap counted against the file's own row count.",,,SENSIBLE,Second half hedged on environment availability.,,,,Y,TECHNICAL,Network panel; API section.,DEVIATION,,Functional,True
SBC-API-06,C43546,https://shopview.testrail.io/index.php?/cases/view/43546,SBC,SBC — API,The back end serves SBC report data and export on ordinary reports access,KEEP,"Back-end permission proof on BOTH surfaces in BOTH directions - the SBC twin of PV-API-04, previously uncovered.",,,SENSIBLE,"Six numbered steps, each with a response code to read, and expected 5 names the exact failure shape.",,,,Y,TECHNICAL,Network panel; API section.,VIU-Observed-PASS,Authored from a live observation that matched: 8-atom reportsPageAccess role 200 on data and export; Foreman 403 on both.,Functional,True
SBC-CALC-01,C30149,https://shopview.testrail.io/index.php?/cases/view/30149,SBC,SBC — Totals & Calculations,Financial columns run in the specified order with Subtotal and Margin rules,KEEP,"Financial column order plus the Subtotal and Margin formulas, including the deliberate Shop-Supplies asymmetry.",,,SENSIBLE,Closed list version-pinned to SBC v13 with Location explicitly excluded as an identifier column - Rule 42 satisfied.,,,,Y,OK,,VIU-Observed-PASS,,Functional,False
SBC-CALC-02,C30150,https://shopview.testrail.io/index.php?/cases/view/30150,SBC,SBC — Totals & Calculations,Margin % is Margin over Subtotal to one decimal; em dash when Subtotal <= 0,KEEP,"Margin % formula, the undefined branch, monochrome rendering, and that all three row levels use the same rule.",,,SENSIBLE,Step 1 has the tester recompute one by hand.,,,,Y,OK,,VIU-Observed-PASS,,Functional,False
SBC-CALC-03,C30151,https://shopview.testrail.io/index.php?/cases/view/30151,SBC,SBC — Totals & Calculations,Inv. Hrs heading is verbatim; value shows +green / -red / 0.0 on every row,KEEP,"Inv. Hrs verbatim heading, the signed formula, and the three colour states - a money-adjacent display contract.",,,SENSIBLE,Three seeded situations named in the precondition.,,,,Y,OK,Needs clocked time seeded; on this org every row reads 0.0 so the arithmetic is unexercisable.,DEVIATION,"DEVIATION confirmed live 2026-08-04 on v3.4.1-0ed4433: heading 'Inv. Hrs' is verbatim and the zero value renders '0.0', but hours_invoiced stays 0 for an invoice that billed 1.5 h of hourly labour, so the +/- legs cannot be produced. No longer blocked by SV-8821.",Functional,False
SBC-CALC-04,C30152,https://shopview.testrail.io/index.php?/cases/view/30152,SBC,SBC — Totals & Calculations,Inv. Hrs is never blank: no-labor rows and near-zero values both show 0.0,WEAK-KEEP,The never-blank edge cases are real but overlap SBC-CALC-03 (C30151) expected 5 (zero shows 0.0 in the default colour); it adds only the no-labor row and the rounds-to-zero case.,,,SENSIBLE,"Two steps, second one hedged on seedability.",,,,Y,OK,,VIU-Observed-PASS,,Negative,False
SBC-CALC-05,C30153,https://shopview.testrail.io/index.php?/cases/view/30153,SBC,SBC — Totals & Calculations,Invoice subtotals sum to their asset row and asset subtotals to the customer,KEEP,Hierarchical roll-up integrity (invoice to asset to customer) across every financial column - a load-bearing aggregation contract.,,,SENSIBLE,Hand-summing is prescribed explicitly.,,,,Y,OK,,VIU-Observed-PASS,,Functional,False
SBC-CALC-06,C30154,https://shopview.testrail.io/index.php?/cases/view/30154,SBC,SBC — Totals & Calculations,Subtotal is the rightmost column; pinned on scroll and bold everywhere,WEAK-KEEP,"Subtotal rightmost, pinned and bold - largely presentation, though losing the headline column on scroll would matter.",,,FIX-WORDING,"Expected 4 (""This holds regardless of permission, data, filters, or sort"") is an unbounded universal a tester cannot exhaust (F6). Either name the two or three variations to try, or drop it and let the other cases carry it.",,,,Y,OK,,VIU-Observed-PASS,,Functional,False
SBC-CALC-07,C30155,https://shopview.testrail.io/index.php?/cases/view/30155,SBC,SBC — Totals & Calculations,The totals row covers the whole filtered set; not just the current page,KEEP,Totals cover the whole filtered set and do not drift as you page - the on-screen half of the totals contract.,,,SENSIBLE,Three steps.,,,,Y,OK,,VIU-Observed-PASS,,Functional,False
SBC-COL-01,C30156,https://shopview.testrail.io/index.php?/cases/view/30156,SBC,SBC — Column Selector,Column selector is its own toolbar button with nine toggles all on,KEEP,"Column selector as its own control, its verbatim tooltip, the closed nine-toggle list, and the default-all-on state.",,,SENSIBLE,"Closed list version-pinned to SBC v13 S13-R4, and expected 5 pre-empts the Location confusion for the tester - Rule 42 satisfied.",,,,Y,OK,,VIU-Observed-PASS,,Functional,False
SBC-COL-02,C30157,https://shopview.testrail.io/index.php?/cases/view/30157,SBC,SBC — Column Selector,"Column toggles hide header+cells; Customer, Subtotal and chevron never in list",KEEP,"Toggling hides header and cells together, the three never-listed columns, and the all-off boundary.",,,SENSIBLE,Three steps including the boundary.,,,,Y,OK,,VIU-Observed-PASS,,Functional,False
SBC-CUST-01,C30112,https://shopview.testrail.io/index.php?/cases/view/30112,SBC,SBC — Customer Filter,"Customer filter sits between Product Type and Location, carries a search icon",WEAK-KEEP,"Filter position, search affordance and the before-typing state; mostly presentation.",,,SENSIBLE,Three steps.,,,,Y,OK,,VIU-Observed-PASS,,Functional,False
SBC-CUST-02,C30113,https://shopview.testrail.io/index.php?/cases/view/30113,SBC,SBC — Customer Filter,Typing in the Customer filter lists matching customers by contains match,KEEP,"Contains-not-starts-with matching, case-insensitivity, filter scoping and the selected checkmark.",,,SENSIBLE,"Step 1 prescribes a mid-name fragment in the wrong case, which is what makes it a real test.",,,,Y,OK,,VIU-Observed-PASS,,Functional,False
SBC-CUST-03,C30114,https://shopview.testrail.io/index.php?/cases/view/30114,SBC,SBC — Customer Filter,Pinned control toggles All customers and Clear all; clearing shows empty state,KEEP,"The pinned control's two states and the full post-clear state (message, zero totals, ""None"" label).",,,SENSIBLE,Three steps covering both directions of the toggle.,,,,Y,OK,,VIU-Observed-PASS,,Functional,False
SBC-CUST-04,C30115,https://shopview.testrail.io/index.php?/cases/view/30115,SBC,SBC — Customer Filter,First load starts in the all-customers state and the report shows every customer,KEEP,All-customers as an explicit state that automatically picks up newly-qualifying customers - a real and subtle contract.,,,SENSIBLE,Step 4 drives the auto-inclusion half.,,,,Y,OK,,VIU-Observed-PASS,,Functional,False
SBC-CUST-05,C30116,https://shopview.testrail.io/index.php?/cases/view/30116,SBC,SBC — Customer Filter,"Collapsed label reads None, the customer's name, or N selected",WEAK-KEEP,"Collapsed-label wording across three selection states plus the typing state; a label contract, low value.",,,SENSIBLE,Four steps.,,,,Y,OK,,VIU-Observed-PASS,,Functional,False
SBC-CUST-06,C30117,https://shopview.testrail.io/index.php?/cases/view/30117,SBC,SBC — Customer Filter,Changing the customer selection narrows the table and refreshes the totals,WEAK-KEEP,That the selection actually narrows the table and refreshes the totals; largely implied by SBC-CUST-02 and SBC-CALC-07.,,,SENSIBLE,Three steps.,,,,Y,OK,,VIU-Observed-PASS,,Functional,False
SBC-CUST-09,C30120,https://shopview.testrail.io/index.php?/cases/view/30120,SBC,SBC — Customer Filter,A subset customer selection reconciles on a filter change; kept if present,KEEP,Selection reconciliation across a filter change with three deliberately different customers - genuinely subtle and a real bug magnet.,,,SENSIBLE,The A/B/C setup makes all three outcomes checkable in one pass.,,,,Y,OK,,VIU-Observed-PASS,,Functional,False
SBC-DATE-01,C30102,https://shopview.testrail.io/index.php?/cases/view/30102,SBC,SBC — Date Range Filter,Date range picker offers eleven options in the specified order,KEEP,"The date preset list; the build offers a different set, so the case is load-bearing right now.",,,SENSIBLE,Closed list version-pinned to SBC v13 S2-R2 and the spec closes it itself - Rule 42 satisfied. NOTE: the VIU pass recommended trimming this case to the nine observed presets; that would align the case to the build against the CURRENT spec and must not be done without Chris Ward ratifying (Rule 33).,,,,Y,OK,,DEVIATION,,Functional,False
SBC-DATE-03,C30104,https://shopview.testrail.io/index.php?/cases/view/30104,SBC,SBC — Date Range Filter,Custom range opens a start/end date dialog and cannot exceed a 366-day span,KEEP,Custom-range picking plus the 366-day span guard.,,,CONTRADICTION,"Intra-case: step 1 says ""A month calendar is shown inside it, which is how a custom start and end date are picked on this build"", while expected 1 says ""Choosing \""Custom\"" opens a date-picker dialog for a start and end date"". Group CG-SBC-CUSTOM-RANGE. Winner: our live observation - there is no Custom item. Repair: restate expected 1 as the inline-calendar behaviour and record the missing Custom option as the deviation, instead of asserting both.",CG-SBC-CUSTOM-RANGE,see sense_reason,aligned to the precedence winner (see sense_reason),Y,OK,,DEVIATION,,Functional,False
SBC-DATE-04,C30105,https://shopview.testrail.io/index.php?/cases/view/30105,SBC,SBC — Date Range Filter,Changing the date range writes it into the page link for sharing,KEEP,"Shareable-link state - a distinct persistence surface from the saved view, and currently absent from the build.",,,SENSIBLE,"Step 3 uses a fresh profile, which is what separates the link from the saved view.",,,,Y,OK,,DEVIATION,,Functional,False
SBC-EMPTY-01,C30181,https://shopview.testrail.io/index.php?/cases/view/30181,SBC,SBC — Empty & Edge States,Empty state shows in the table body; toolbar interactive; kept selection returns,KEEP,"Empty state placement, toolbar remaining usable, chevron hidden, and the selection surviving - four distinct assertions about one state.",,,SENSIBLE,Five steps covering all three causes.,,,,Y,OK,,DEVIATION,,Functional,False
SBC-EMPTY-04,C30184,https://shopview.testrail.io/index.php?/cases/view/30184,SBC,SBC — Empty & Edge States,A failed data fetch shows the error toast which fades after 5 seconds,KEEP,Data-fetch failure toast with its verbatim text and its fade behaviour.,,,SENSIBLE,Two steps.,,,,Y,TOOL,Needs the browser offline mode (devtools) to force the failure.,VIU-Observed-PASS,,Negative,False
SBC-EXP-01,C30159,https://shopview.testrail.io/index.php?/cases/view/30159,SBC,SBC — Exports,The overflow menu holds exactly the four download items - no Print,KEEP,"Closed four-item export menu, its verbatim labels and order, and the PO-ruled absence of Print.",,,SENSIBLE,Closed list version-pinned to SBC v13 S14-R1/R2 + S15-R1/R2 - Rule 42 satisfied.,,,,Y,OK,,VIU-Observed-PASS,,Functional,False
SBC-EXP-02,C30160,https://shopview.testrail.io/index.php?/cases/view/30160,SBC,SBC — Exports,Download file names carry the version and the active date range,KEEP,File-name contract including the Summary/Expanded variant and the full range-token map.,,,SENSIBLE,Five steps across both formats and several ranges.,,,,Y,OK,,VIU-Observed-PASS,,Functional,False
SBC-EXP-03,C30161,https://shopview.testrail.io/index.php?/cases/view/30161,SBC,SBC — Exports,"Expanded View CSV: column order, blank-cell rules, and the Locations line",KEEP,"Expanded CSV column order, the per-level blank-cell rules, the ""Parts Sales"" asset row and the Locations line - a dense but genuinely distinct file contract.",,,SENSIBLE,Scope-conditioned for the Location column and version-pinned - Rule 42 satisfied.,,,,Y,OK,,VIU-Observed-PASS,,Functional,False
SBC-EXP-04,C30162,https://shopview.testrail.io/index.php?/cases/view/30162,SBC,SBC — Exports,CSV formats: Margin % plain; dates mm-dd-yyyy; currency plain; no color,KEEP,"CSV number, date and currency formatting - the build fails three of the four, so this case is doing real work.",,,SENSIBLE,"Two steps, read in a text editor.",,,,Y,OK,,DEVIATION,,Functional,False
SBC-EXP-05,C30163,https://shopview.testrail.io/index.php?/cases/view/30163,SBC,SBC — Exports,CSV and PDF hold exactly the customers matching the active filters and sort,KEEP,Export-reflects-filters-and-sort across both formats.,,,SENSIBLE,A deliberately specific filter mix is prescribed.,,,,Y,OK,,VIU-Observed-PASS,,Functional,False
SBC-EXP-06,C30164,https://shopview.testrail.io/index.php?/cases/view/30164,SBC,SBC — Exports,Each download item shows a loading state and its own export-failed toast,KEEP,Per-item loading isolation plus the two format-specific failure toasts.,,,SENSIBLE,Steps drive all four menu items.,,,,Y,TOOL,Needs the browser offline mode to force the failures.,VIU-Observed-PASS,,Negative,False
SBC-EXP-08,C30166,https://shopview.testrail.io/index.php?/cases/view/30166,SBC,SBC — Exports,"PDF page: A4 landscape, uniform margins, ShopView footer and page numbers",WEAK-KEEP,PDF page setup and footer; presentation only.,,,SENSIBLE,Expected 1 already tells the tester that uniform margins pass and the 25px figure is inspector-only - a good earlier repair.,,,,Y,OK,,VIU-Observed-PASS,,Functional,False
SBC-EXP-09,C30167,https://shopview.testrail.io/index.php?/cases/view/30167,SBC,SBC — Exports,"PDF header: title, organization, date range, Product Type and Locations lines",KEEP,"PDF header contract: title, organisation, date range in its own format, the Product Type filter summary and the Locations line.",,,SENSIBLE,Two steps; the deliberate header-vs-body date-format difference is marked do-not-file. The 2026-08-03 fix added the precise governing anchor S15-R14 so a change to it re-surfaces this case.,,,,Y,OK,"LEDGER FLAG: the VIU recorded PASS while noting ""the date-range end is off by one day"" in its own observation. An off-by-one date in the PDF header is a DEVIATION against expected 3, not a pass.",VIU-Observed-PASS,,Functional,False
SBC-EXP-10,C30168,https://shopview.testrail.io/index.php?/cases/view/30168,SBC,SBC — Exports,"PDF logo is embedded, scales without distortion",WEAK-KEEP,"Logo embedding and the fallback chain; presentation, though the embedded-not-network-loaded point is a real robustness assertion.",,,SENSIBLE,Three steps; the note admits the no-logo-at-all state may be unreachable.,,,,Y,OK,,VIU-Observed-PASS,,Functional,False
SBC-EXP-11,C30169,https://shopview.testrail.io/index.php?/cases/view/30169,SBC,SBC — Exports,Expanded View PDF body matches the CSV's columns and on-screen rules,KEEP,Expanded PDF body parity with the CSV plus the PDF-only colour and bold treatments.,,,SENSIBLE,"Step 2 hedges the colour check with ""if available"", so a tester without a picker is not blocked.",,,,Y,TOOL,Expected 6 names exact hex colours; only checkable with a colour picker (hedged in the step).,VIU-Observed-PASS,,Functional,False
SBC-EXP-14,C30172,https://shopview.testrail.io/index.php?/cases/view/30172,SBC,SBC — Exports,"An export over 10,000 data rows is refused with the too-large toast",KEEP,Export cap refusal across both formats plus the PO-ruled single suite-wide message.,,,SENSIBLE,Precondition 1 tells the tester what to do if the cap is unreachable on their estate.,,,,Y,OK,,DEVIATION,,Negative,False
SBC-EXP-15,C30173,https://shopview.testrail.io/index.php?/cases/view/30173,SBC,SBC — Exports,A no-match export still downloads headers and a zero totals row,KEEP,"A no-match export must still produce a file with headers and a zero totals row - the build produces no totals row, so this case is doing real work.",,,SENSIBLE,Two steps.,,,,Y,OK,,DEVIATION,,Functional,False
SBC-EXP-16,C38856,https://shopview.testrail.io/index.php?/cases/view/38856,SBC,SBC — Exports,Summary and Expanded View downloads exist for both PDF and CSV,KEEP,Summary vs Expanded variant contract and the Summary column list.,,,SENSIBLE,Scope-conditioned and version-pinned; expected 5 admits the Summary file has no Date column for Location to follow and says to confirm in the build.,,,,Y,OK,,VIU-Observed-PASS,,Functional,False
SBC-LBL-01,C30134,https://shopview.testrail.io/index.php?/cases/view/30134,SBC,SBC — Asset Labels,"Asset identified by VIN, falling back to Unit #, then plate",KEEP,The asset identifier chain Chris Ward ruled standard for every report - high-value and cross-cutting.,,,SENSIBLE,Four asset shapes seeded; items 4 and 5 honestly hedged as build-confirmed.,,,,Y,OK,Needs assets with each identifier missing in turn.,VIU-Observed-PASS,,Functional,False
SBC-LBL-04,C30137,https://shopview.testrail.io/index.php?/cases/view/30137,SBC,SBC — Asset Labels,Duplicate asset labels get stable (#1)/(#2) suffixes that survive reloads,WEAK-KEEP,"Duplicate-label suffixes; a real requirement but much rarer now the identifier is the VIN, and the mechanism was not found in the build.",,,SENSIBLE,Three steps including the reload that tests stability.,,,,Y,OK,,NOT-BUILT,,Functional,False
SBC-LINK-01,C30138,https://shopview.testrail.io/index.php?/cases/view/30138,SBC,SBC — Invoice Links & Navigation,The invoice number opens the invoice in the same browser tab,KEEP,Link-target contract for both invoice kinds plus same-tab behaviour - wrong-target bugs are real and common.,,,SENSIBLE,Two steps.,,,,Y,OK,,VIU-Observed-PASS,,Functional,False
SBC-LINK-02,C30139,https://shopview.testrail.io/index.php?/cases/view/30139,SBC,SBC — Invoice Links & Navigation,Browser back from an invoice restores filters; sort and columns; rows shut,KEEP,"Round-trip state restoration on browser back, with the deliberate expansion loss called out.",,,SENSIBLE,Three steps.,,,,Y,OK,,VIU-Observed-PASS,,Functional,False
SBC-LINK-03,C30140,https://shopview.testrail.io/index.php?/cases/view/30140,SBC,SBC — Invoice Links & Navigation,Customer name is plain text; the invoice link never turns visited-purple,WEAK-KEEP,Link styling and the never-visited-purple rule; cosmetic.,,,SENSIBLE,Two steps.,,,,Y,OK,,VIU-Observed-PASS,,Functional,False
SBC-LINK-04,C30141,https://shopview.testrail.io/index.php?/cases/view/30141,SBC,SBC — Invoice Links & Navigation,An invoice deleted after load shows the not-found state and back returns,WEAK-KEEP,Graceful degradation when the destination disappeared; largely the application's standard not-found behaviour rather than this report's own.,,,SENSIBLE,"Needs a second session to delete the invoice, which the precondition states.",,,,Y,OK,,VIU-Observed-PASS,,Negative,False
SBC-LOC-01,C30109,https://shopview.testrail.io/index.php?/cases/view/30109,SBC,SBC — Location Filter,"Location filter: rightmost, lists accessible locations, All locations on top",KEEP,Location filter anatomy plus the PO-ruled hidden filter for a one-location user.,,,SENSIBLE,Four steps; the one-location half folded in rather than authored as a near-duplicate.,,,,Y,OK,,VIU-Observed-PASS,,Functional,False
SBC-LOC-03,C30111,https://shopview.testrail.io/index.php?/cases/view/30111,SBC,SBC — Location Filter,Selecting locations scopes the data; All locations covers every accessible one,KEEP,Location scoping behaviour plus per-row identification and the on-screen scope indicator.,,,SENSIBLE,Four steps; items 4 and 5 hedged as build-confirmed.,,,,Y,OK,,VIU-Observed-PASS,,Functional,False
SBC-LOC-04,C38912,https://shopview.testrail.io/index.php?/cases/view/38912,SBC,SBC — Location Filter,The Location column shows only with more than one location; Multiple on totals,KEEP,"Location column visibility, the Multiple-on-aggregating-rows rule, exact-on-invoice-rows, picker exclusion, and all four export surfaces (Rule 40).",,,FIX-WORDING,"Expected 7 (""The Location filter control keeps the same width whichever label it shows"") is the same cosmetic filler as IV-LOC-06 expected 6 and PV-FILT-14 expected 6 - three cases carry an identical stray assertion. Split it into one styling case or drop it from all three.",,,,Y,OK,Needs a customer and an asset with invoices at two locations; none existed on this org.,VIU-Observed-PASS,,Functional,False
SBC-MOB-01,C30188,https://shopview.testrail.io/index.php?/cases/view/30188,SBC,SBC — Mobile,On a phone every toolbar control works on touch; the toolbar splits in two,KEEP,Mobile toolbar breakpoint behaviour and touch operability of every control.,,,SENSIBLE,Three steps with a concrete breakpoint.,,,,Y,OK,,VIU-Observed-PASS,,Functional,False
SBC-MOB-02,C30189,https://shopview.testrail.io/index.php?/cases/view/30189,SBC,SBC — Mobile,On touch the table scrolls sideways with Subtotal pinned and chevrons work,KEEP,"Mobile horizontal scroll with the pinned Subtotal, working chevrons and the link.",,,SENSIBLE,Three steps.,,,,Y,OK,,VIU-Observed-PASS,,Functional,False
SBC-NAV-01,C30096,https://shopview.testrail.io/index.php?/cases/view/30096,SBC,SBC — Access & Navigation,"Sales By Customer listed under Performance, below existing links; titles correct",KEEP,"Navigation placement, page and tab titles, plus the permission ruling; the build places it under a different group so the case is live-value.",,,SENSIBLE,Expected 5 tells the tester exactly what to report and what not to change.,,,,Y,OK,,DEVIATION,,Functional,False
SBC-PERM-01,C30098,https://shopview.testrail.io/index.php?/cases/view/30098,SBC,SBC — Permissions,Ordinary reports access opens Sales By Customer — no separate permission,KEEP,Permission allow side under the one-permission ruling.,,,SENSIBLE,Two steps.,,,,Y,OK,,VIU-Observed-PASS,,Functional,False
SBC-PERM-02,C30099,https://shopview.testrail.io/index.php?/cases/view/30099,SBC,SBC — Permissions,"Without reports access, Sales By Customer is not listed and cannot open",KEEP,Permission block side including the direct-link probe.,,,SENSIBLE,Two steps; precondition 2 tells the tester to capture the address first.,,,,Y,OK,,VIU-Observed-PASS,,Negative,False
SBC-PERM-03,C30100,https://shopview.testrail.io/index.php?/cases/view/30100,SBC,SBC — Permissions,Opening an invoice you lack permission for shows access-denied; back works,KEEP,Destination-permission negative - the report must not become a back door into an invoice.,,,SENSIBLE,Three steps.,,,,Y,OK,,VIU-Observed-PASS,,Negative,False
SBC-PERM-04,C30101,https://shopview.testrail.io/index.php?/cases/view/30101,SBC,SBC — Permissions,Location access enforced: no data from a location the user cannot access,KEEP,Location-access enforcement including the deliberate attempt to request an inaccessible location - a real tenant-safety contract.,,,SENSIBLE,Step 3 now names the two probe routes concretely after the 2026-07-28 repair.,,,,Y,OK,,VIU-Observed-PASS,,Negative,False
SBC-PERM-05,C39447,https://shopview.testrail.io/index.php?/cases/view/39447,SBC,SBC — Permissions,No Sales By Customer permission is offered in the role permission editor,KEEP,"The FE-hide half of Chris Ward's hidden-and-inert permission ruling - the only observable half, and correctly the only half authored.",,,SENSIBLE,Three steps; the notes state plainly why the inert back-end half gets no case.,,,,Y,OK,Metadata gap: this is the ONLY case in the suite with an empty api_related field - backfill it.,VIU-Observed-PASS,,Negative,
SBC-PERS-01,C30174,https://shopview.testrail.io/index.php?/cases/view/30174,SBC,SBC — Saved View & Persistence,Filters; sort and visible columns are restored on the next visit,KEEP,Saved-view restoration across six settings plus the no-default-flash requirement.,,,SENSIBLE,Three steps.,,,,Y,OK,,VIU-Observed-PASS,,Functional,False
SBC-PERS-02,C30175,https://shopview.testrail.io/index.php?/cases/view/30175,SBC,SBC — Saved View & Persistence,"Type-ahead search text, expansion state and scroll position are not saved",KEEP,What is deliberately NOT saved - prevents three separate false bug reports.,,,SENSIBLE,Three steps.,,,,Y,OK,,VIU-Observed-PASS,,Functional,False
SBC-PERS-03,C30176,https://shopview.testrail.io/index.php?/cases/view/30176,SBC,SBC — Saved View & Persistence,A saved value that is no longer valid is dropped and falls back to default,KEEP,Stale saved value discarded to default without an error.,,,SENSIBLE,The note admits which invalid-value classes are not provocable and says to record them as such.,,,,Y,OK,Needs an admin to remove a location assignment.,VIU-Observed-PASS,,Functional,False
SBC-PERS-04,C30177,https://shopview.testrail.io/index.php?/cases/view/30177,SBC,SBC — Saved View & Persistence,The saved view is specific to this report and does not affect any other report,WEAK-KEEP,"Per-report isolation of the saved view; low value, though a shared storage key would be a real bug.",,,SENSIBLE,Two steps.,,,,Y,OK,,VIU-Observed-PASS,,Functional,False
SBC-PERS-05,C30178,https://shopview.testrail.io/index.php?/cases/view/30178,SBC,SBC — Saved View & Persistence,With no saved view every setting uses its own default,KEEP,All six first-visit defaults in one case rather than six - the anti-slop packaging done right.,,,SENSIBLE,Two steps.,,,,Y,OK,,VIU-Observed-PASS,,Functional,False
SBC-PERS-06,C30179,https://shopview.testrail.io/index.php?/cases/view/30179,SBC,SBC — Saved View & Persistence,When a saved view and a page-link range clash the saved view wins,KEEP,"Saved view beats a page-link range - a precedence contract, currently unreachable because link state is not built.",,,SENSIBLE,Two steps.,,,,Y,OK,,DEVIATION,,Functional,False
SBC-PERS-07,C30180,https://shopview.testrail.io/index.php?/cases/view/30180,SBC,SBC — Saved View & Persistence,Customer filter restore: all-customers stays all; an id set is intersected,KEEP,Customer-filter restore semantics in both directions (flag state vs id set intersection).,,,SENSIBLE,Two clearly-labelled scenarios.,,,,Y,OK,,VIU-Observed-PASS,,Functional,False
SBC-SORT-01,C30142,https://shopview.testrail.io/index.php?/cases/view/30142,SBC,SBC — Sorting,"All columns sortable except chevron; text alphabetical, numbers by value",KEEP,Sortability matrix plus the sort-scope rule; it caught four non-sorting columns and a false sort arrow live.,,,SENSIBLE,Step 1 enumerates every header to click.,,,,Y,OK,,DEVIATION,,Functional,False
SBC-SORT-02,C30143,https://shopview.testrail.io/index.php?/cases/view/30143,SBC,SBC — Sorting,Default sort is Customer name ascending case-insensitive,KEEP,Default sort and its case-insensitivity.,,,SENSIBLE,"Precondition seeds mixed-case names, which is what makes the check real.",,,,Y,OK,,VIU-Observed-PASS,,Functional,False
SBC-SORT-03,C30144,https://shopview.testrail.io/index.php?/cases/view/30144,SBC,SBC — Sorting,Missing values sort to the bottom ascending and to the top descending,KEEP,Missing-value placement in both sort directions.,,,SENSIBLE,Two steps; the precondition tells the tester how to get an em-dash row.,,,,Y,OK,,VIU-Observed-PASS,,Functional,False
SBC-SORT-04,C30145,https://shopview.testrail.io/index.php?/cases/view/30145,SBC,SBC — Sorting,Sorting by Date orders customers by their most recent invoice date,KEEP,Date sort orders customers by their most recent invoice - a non-obvious semantic that would be easy to implement wrongly.,,,SENSIBLE,Step 2 has the tester expand to confirm the underlying dates.,,,,Y,OK,,VIU-Observed-PASS,,Functional,False
SBC-TREE-01,C30121,https://shopview.testrail.io/index.php?/cases/view/30121,SBC,SBC — Tree & Rows,Each customer gets one summary row with its invoice count in parentheses,KEEP,One summary row per customer with a filter-sensitive invoice count - the count-is-not-lifetime assertion is the valuable half.,,,FIX-WORDING,Expected 3 asserts colour #616161 at font-weight 600 and the note says to check it with dev tools. PV-VIS-02 and SBC-EXP-08 were already repaired to remove exactly this class of unmeasurable assertion; this case was missed. Apply the same repair.,,,,Y,TOOL,Expected 3 needs dev tools for colour and font weight.,VIU-Observed-PASS,,Functional,False
SBC-TREE-02,C30122,https://shopview.testrail.io/index.php?/cases/view/30122,SBC,SBC — Tree & Rows,A customer with no matching invoices in the current view is not shown,WEAK-KEEP,"No zero-value placeholder rows; a thin negative, but row-padding bugs do happen.",,,SENSIBLE,Two steps.,,,,Y,OK,,VIU-Observed-PASS,,Negative,False
SBC-TREE-03,C30123,https://shopview.testrail.io/index.php?/cases/view/30123,SBC,SBC — Tree & Rows,Expanding a customer reveals asset rows; chevrons toggle and are independent,KEEP,"Asset-row reveal, its anatomy, and the independence of every chevron - seven distinct assertions in one sitting.",,,SENSIBLE,"Three steps drive expansion, cross-customer independence and collapse.",,,,Y,OK,,VIU-Observed-PASS,,Functional,False
SBC-TREE-04,C30124,https://shopview.testrail.io/index.php?/cases/view/30124,SBC,SBC — Tree & Rows,Expanding an asset reveals its invoice rows with number link and date,KEEP,"Invoice-row reveal, its full column set and the body date format.",,,SENSIBLE,Two steps.,,,,Y,OK,,VIU-Observed-PASS,,Functional,False
SBC-TREE-05,C30125,https://shopview.testrail.io/index.php?/cases/view/30125,SBC,SBC — Tree & Rows,Invoices group into one asset row per vehicle record,KEEP,Grouping by vehicle record plus the legacy no-vehicle-id snapshot path - a real data-integrity contract.,,,SENSIBLE,The legacy path is honestly hedged as possibly dev-seeded.,,,,Y,OK,,VIU-Observed-PASS,,Functional,False
SBC-TREE-06,C30126,https://shopview.testrail.io/index.php?/cases/view/30126,SBC,SBC — Tree & Rows,Asset rows order A to Z with the Parts Sales bucket always last,KEEP,"Asset ordering, the Parts Sales bucket always last, and independence from the column sort.",,,SENSIBLE,Step 2 drives the sort-independence half.,,,,Y,OK,Needs a no-vehicle invoice; none existed on this org.,VIU-Observed-PASS,,Functional,False
SBC-TREE-08,C30128,https://shopview.testrail.io/index.php?/cases/view/30128,SBC,SBC — Tree & Rows,Header-row chevron expands or collapses every customer on the current page,KEEP,Expand-all/collapse-all including its verbatim tooltips and the page-scoped boundary.,,,SENSIBLE,Three steps covering both states.,,,,Y,OK,,VIU-Observed-PASS,,Functional,False
SBC-TREE-09,C30129,https://shopview.testrail.io/index.php?/cases/view/30129,SBC,SBC — Tree & Rows,Reload-causing changes collapse expansion; Customer filter typing does not,KEEP,Which changes collapse the tree and which do not - prevents a common false bug report.,,,SENSIBLE,Three steps; the typing-versus-refetch distinction is the point.,,,,Y,OK,,VIU-Observed-PASS,,Functional,False
SBC-TREE-10,C30130,https://shopview.testrail.io/index.php?/cases/view/30130,SBC,SBC — Tree & Rows,Edge: a single-invoice asset can still be expanded,WEAK-KEEP,Single-invoice expansion and a parts-only customer; both edges are largely covered by SBC-TREE-04 and SBC-TREE-06.,,,SENSIBLE,Two steps.,,,,Y,OK,,VIU-Observed-PASS,,Functional,False
SBC-TREE-11,C30131,https://shopview.testrail.io/index.php?/cases/view/30131,SBC,SBC — Tree & Rows,A service (S) invoice with no vehicle also lands in the Parts Sales bucket,WEAK-KEEP,The deliberate no-vehicle service-invoice edge; a real spec edge (S8-E3) but rare and currently unproducible.,,,SENSIBLE,The note tells the tester to record the seeding path tried.,,,,Y,OK,,NOT-BUILT,,Functional,False
SBC-TREE-12,C30132,https://shopview.testrail.io/index.php?/cases/view/30132,SBC,SBC — Tree & Rows,Reversed and voided invoices are excluded from every row; count and total,KEEP,"Reversed and voided invoices excluded from rows, counts AND totals - money integrity, and the strongest case in this area.",,,SENSIBLE,Before/after comparison across four steps.,,,,Y,OK,,VIU-Observed-PASS,,Negative,False
SBC-TREE-13,C30133,https://shopview.testrail.io/index.php?/cases/view/30133,SBC,SBC — Tree & Rows,Every row type renders the same columns in the same order,KEEP,Column parity across all four row types and the blank-cell positional integrity (no value drifting into the wrong column).,,,FIX-WORDING,"Expected 4 asserts font-weight 600/700 and step 3 says to use dev tools - the same unmeasurable class already repaired on PV-VIS-02 and SBC-EXP-08. Apply the same repair, keeping the column-parity assertions untouched.",,,,Y,TOOL,Expected 4 needs dev tools.,VIU-Observed-PASS,,Functional,False
SBC-TYPE-02,C30107,https://shopview.testrail.io/index.php?/cases/view/30107,SBC,SBC — Product Type Filter,Product Type: three options with Parts & Service default; S/P prefix filtering,KEEP,"Product Type option list, prefix-based filtering both ways, and the whole-invoice classification rule that prevents a false bug report.",,,SENSIBLE,Closed three-option list version-pinned to SBC v13 S3-R2 - Rule 42 satisfied.,,,,Y,OK,,VIU-Observed-PASS,,Functional,False
SBC-VIS-01,C30185,https://shopview.testrail.io/index.php?/cases/view/30185,SBC,SBC — Visual Conformance,Page and toolbar match the suite theme in padding; surface and alignment,WEAK-KEEP,Page and toolbar visual conformance; cosmetic and design-token owned.,,,FIX-WORDING,"The heaviest un-repaired pixel case in the suite: expected 2/4/5/6 assert 32px, 24px, 2rem, 1px and 24px values and step 1 says to inspect with dev tools. PV-VIS-02 (C30386) was repaired to a by-eye check naming design and engineering as the owner of the figures; this case was left as-is. Apply the same repair.",,,,Y,TOOL,Requires dev tools for five separate measurements.,VIU-Observed-PASS,,Functional,False
SBC-VIS-02,C30186,https://shopview.testrail.io/index.php?/cases/view/30186,SBC,SBC — Visual Conformance,Row surfaces alternate by tree level; header and totals rows stay white,WEAK-KEEP,"Row-surface striping by tree level; cosmetic, though it did find a real conformance gap.",,,SENSIBLE,Three steps.,,,,Y,TOOL,Backgrounds by hex value need dev tools.,DEVIATION,,Functional,False
SBC-VIS-03,C30187,https://shopview.testrail.io/index.php?/cases/view/30187,SBC,SBC — Visual Conformance,Dark mode darkens every surface while the PDF always renders light,KEEP,Dark-mode conformance plus the PDF-always-light contract; it found a genuine unreadable-text defect.,,,SENSIBLE,Two steps.,,,,Y,OK,,DEVIATION,,Functional,False
SBR-API-01,C30316,https://shopview.testrail.io/index.php?/cases/view/30316,SBR,SBR — API,A rep's invoice detail rows are fetched from the server only on the first expand,KEEP,Lazy per-rep drill-down plus per-rep detail pagination - a real scale contract.,,,SENSIBLE,Three steps.,,,,Y,TECHNICAL,Network panel; API section.,VIU-Observed-PASS,,Functional,True
SBR-API-02,C30317,https://shopview.testrail.io/index.php?/cases/view/30317,SBR,SBR — API,Sorting is performed server-side and returns the first page,KEEP,Server-side sort returning the first page already ordered.,,,SENSIBLE,Two steps.,,,,Y,TECHNICAL,Network panel; API section.,VIU-Observed-PASS,,Functional,True
SBR-API-03,C30318,https://shopview.testrail.io/index.php?/cases/view/30318,SBR,SBR — API,Grand totals are server-computed over the full filtered set,KEEP,"Grand totals computed server-side over the full filtered set, independent of what is expanded - a money contract.",,,SENSIBLE,Step 2 cross-checks against the Summary CSV.,,,,Y,TECHNICAL,Network panel; API section.,VIU-Observed-PASS,,Functional,True
SBR-API-04,C30319,https://shopview.testrail.io/index.php?/cases/view/30319,SBR,SBR — API,All four exports are generated server-side against the active filters and sort,KEEP,"All four exports server-generated against the active filters and sort, plus the never-a-partial-file guarantee.",,,SENSIBLE,"Three steps; the failure step is hedged ""if forceable"".",,,,Y,TECHNICAL,Network panel; API section.,VIU-Observed-PASS,,Functional,True
SBR-API-05,C30320,https://shopview.testrail.io/index.php?/cases/view/30320,SBR,SBR — API,"The Expanded View PDF's 10,000-row cap is enforced server-side BEFORE generation",KEEP,"The cap must refuse BEFORE generation - the distinction that separates a polite refusal from a timeout, which the build fails.",,,SENSIBLE,Two steps; the precondition says to mark Blocked with a reason if the cap is unreachable.,,,,Y,TECHNICAL,Network panel; API section.,DEVIATION,,Functional,True
SBR-API-06,C30321,https://shopview.testrail.io/index.php?/cases/view/30321,SBR,SBR — API,Deactivating a rep first runs a server pre-check returning the count,KEEP,"The deactivation pre-check runs first, returns the count, and commits nothing - a destructive-action safety contract.",,,SENSIBLE,Three steps ending in Cancel so nothing is committed.,,,,Y,TECHNICAL,"Network panel; API section. Blocked by the invoices/create HTTP 500 defect, not by an external dependency.",DEVIATION,"Re-driven LIVE 2026-08-04 on v3.4.1-0ed4433 after the QA lead closed SV-8821 as not reproducible; the invoicing seed works once a CONTACT is set, so this case was never blocked. See rulings-2026-08-04/RULING-1-THE-15-CASES.md.",Functional,True
SBR-ASGN-01,C30292,https://shopview.testrail.io/index.php?/cases/view/30292,SBR,SBR — Sales Rep Assignments Export,Report Name dropdown lists Sales Representative Assignments at the bottom,KEEP,"The Assignments export entry point, the hidden date picker and the verbatim dialog note.",,,SENSIBLE,Three steps; expected 4 tells the tester how to handle the pending rename.,,,,Y,OK,,NOT-BUILT,,Functional,False
SBR-ASGN-02,C30293,https://shopview.testrail.io/index.php?/cases/view/30293,SBR,SBR — Sales Rep Assignments Export,"Sales Representative Assignments CSV: file name, headers, success toast",KEEP,"Assignments CSV file name, toast, UTF-8 BOM and its three closed headers.",,,FIX-WORDING,"Expected 1 puts the hedge INSIDE the quoted file name: 'downloads as ""sales-representative-assignments.csv (the short form ""rep"" is gone from the file name - confirm the exact final file name in the build)""'. A cold tester cannot tell what the file name is meant to be. Move the parenthetical out of the quotes.",,,,Y,OK,,NOT-BUILT,,Functional,False
SBR-ASGN-03,C30294,https://shopview.testrail.io/index.php?/cases/view/30294,SBR,SBR — Sales Rep Assignments Export,"Assignments CSV: one row per assigned customer, sorted customer then rep",KEEP,"One row per assigned customer, no-rep customers excluded, and the two-key sort.",,,SENSIBLE,Four steps.,,,,Y,OK,,NOT-BUILT,,Functional,False
SBR-ASGN-04,C30295,https://shopview.testrail.io/index.php?/cases/view/30295,SBR,SBR — Sales Rep Assignments Export,"""Rep is active?"" tracks the staff-active status, not the toggle",KEEP,"""Rep is active?"" tracks staff-active status and NOT the sales-rep toggle - two independent flags, a genuine bug magnet.",,,SENSIBLE,The precondition arranges both crossed states explicitly and says to restore them.,,,,Y,OK,,NOT-BUILT,,Functional,False
SBR-ASGN-05,C30296,https://shopview.testrail.io/index.php?/cases/view/30296,SBR,SBR — Sales Rep Assignments Export,"A deleted rep record still exports one row from the stored name, marked No",KEEP,"A deleted rep still exports from the stored name, plus the name-drift integrity rule.",,,SENSIBLE,Three steps.,,,,Y,OK,,NOT-BUILT,,Functional,False
SBR-ASGN-06,C30297,https://shopview.testrail.io/index.php?/cases/view/30297,SBR,SBR — Sales Rep Assignments Export,Assignments export failure and nothing-to-export use the dialog's messages,KEEP,"Empty-export and generation-failure messages for this dialog, which deliberately differ from the suite's standard toasts.",,,SENSIBLE,The failure step is hedged with what to do if it is not forceable.,,,,Y,OK,,NOT-BUILT,,Negative,False
SBR-BADGE-01,C30226,https://shopview.testrail.io/index.php?/cases/view/30226,SBR,SBR — Payment Status Badge,Status badge between Customer and Inv. Hrs; every detail row shows mapped text,KEEP,"Badge position, unconditional rendering on detail rows, the full six-state mapping, and the never-colour-alone accessibility rule.",,,CONTRADICTION,"Expected 1 says ""The Status column sits between the Customer column and the Inv. Hrs column"", but SBR-EXP-04 (C30279) and SBR-COL-01 (C30265) both place the automatic Location column immediately AFTER Status (spec S21-R7, Chris Ward 2026-07-29) - so with more than one location in scope Status is NOT adjacent to Inv. Hrs. Group CG-SBR-STATUS-POSITION. Winner: S21-R7 (newest authoritative source). Repair: make expected 1 scope-conditional exactly as the sibling cases are. The VIU pass noticed the mismatch and rationalised it (""still true in the sense that Status precedes the metric block"") rather than repairing it.",CG-SBR-STATUS-POSITION,see sense_reason,aligned to the precedence winner (see sense_reason),Y,OK,,VIU-Observed-PASS,,Functional,False
SBR-BADGE-02,C30227,https://shopview.testrail.io/index.php?/cases/view/30227,SBR,SBR — Payment Status Badge,Badge colors use the canonical payment-status tokens in light and dark,WEAK-KEEP,Badge colour tokens and their consistency with the invoice list; cosmetic.,,,SENSIBLE,"Both modes compared against an existing app surface, which is a fair by-eye reference.",,,,Y,OK,,VIU-Observed-PASS,,Functional,False
SBR-CALC-01,C30229,https://shopview.testrail.io/index.php?/cases/view/30229,SBR,SBR — Inv. Hrs & Calculations,Inv. Hrs is hours invoiced minus hours worked; half-up to one decimal,KEEP,Inv. Hrs verbatim heading plus the billed-minus-worked formula and its rounding.,,,SENSIBLE,Two steps with a hand recalculation.,,,,Y,OK,Needs clocked time; every value is 0.0 on this org.,DEVIATION,"DEVIATION confirmed live 2026-08-04 on v3.4.1-0ed4433: heading 'Inv. Hrs' is verbatim and the zero value renders '0.0', but hours_invoiced stays 0 for an invoice that billed 1.5 h of hourly labour, so the +/- legs cannot be produced. No longer blocked by SV-8821.",Functional,False
SBR-CALC-02,C30230,https://shopview.testrail.io/index.php?/cases/view/30230,SBR,SBR — Inv. Hrs & Calculations,"Inv. Hrs: +green, -red, 0.0 default on every row; rollups from unrounded deltas",KEEP,The three colour states plus the round-the-unrounded-sum rollup rule - a real aggregation contract.,,,SENSIBLE,Four steps including the tiny-delta edge.,,,,Y,OK,,DEVIATION,"DEVIATION confirmed live 2026-08-04 on v3.4.1-0ed4433: heading 'Inv. Hrs' is verbatim and the zero value renders '0.0', but hours_invoiced stays 0 for an invoice that billed 1.5 h of hourly labour, so the +/- legs cannot be produced. No longer blocked by SV-8821.",Functional,False
SBR-CALC-03,C30231,https://shopview.testrail.io/index.php?/cases/view/30231,SBR,SBR — Inv. Hrs & Calculations,No-labor-no-time invoices show 0.0; clocked-unbilled work shows negative,KEEP,The worked-but-unbilled negative must not be suppressed to zero - the single most useful assertion in this area.,,,SENSIBLE,"Two rows, two reads.",,,,Y,OK,,DEVIATION,"DEVIATION confirmed live 2026-08-04 on v3.4.1-0ed4433: heading 'Inv. Hrs' is verbatim and the zero value renders '0.0', but hours_invoiced stays 0 for an invoice that billed 1.5 h of hourly labour, so the +/- legs cannot be produced. No longer blocked by SV-8821.",Negative,False
SBR-CALC-05,C30233,https://shopview.testrail.io/index.php?/cases/view/30233,SBR,SBR — Inv. Hrs & Calculations,Margin % to one decimal; em dash when Subtotal <= 0; recomputed on rollups,KEEP,"Margin % formula, the undefined branch, and recomputation on every rollup rather than averaging children.",,,SENSIBLE,Step 1 makes the tester recompute the summary value.,,,,Y,OK,,VIU-Observed-PASS,,Functional,False
SBR-CALC-06,C30234,https://shopview.testrail.io/index.php?/cases/view/30234,SBR,SBR — Inv. Hrs & Calculations,Money columns use the standardized labels and definitions,KEEP,"Money labels and definitions, including that SBR's Subtotal deliberately excludes shop supplies unlike SBC.",,,SENSIBLE,Closed label list version-pinned to SBR v15 S5-R2 with Location excluded as a non-money column - Rule 42 satisfied.,,,,Y,OK,,VIU-Observed-PASS,,Functional,False
SBR-CALC-07,C30235,https://shopview.testrail.io/index.php?/cases/view/30235,SBR,SBR — Inv. Hrs & Calculations,Negative dollar values render in accounting parentheses; money columns only,KEEP,"Accounting parentheses on money columns only, with Inv. Hrs and Margin % explicitly excluded - a formatter contract that is easy to over-apply.",,,SENSIBLE,Step 2 provides the contrast cells.,,,,Y,OK,No negative money value exists on this org.,NOT-BUILT,,Functional,False
SBR-CALC-08,C30236,https://shopview.testrail.io/index.php?/cases/view/30236,SBR,SBR — Inv. Hrs & Calculations,Half-up rounding at each precision; totals may differ by one last-decimal unit,KEEP,Half-up rounding and the deliberately-expected one-unit totals discrepancy - it prevents a false money-bug report.,,,SENSIBLE,The 2026-07-28 repair replaced an untypeable seeding hint with a workable one (sub-cent amounts from hours x rate).,,,,Y,OK,,VIU-Observed-PASS,,Functional,False
SBR-CALC-09,C38894,https://shopview.testrail.io/index.php?/cases/view/38894,SBR,SBR — Inv. Hrs & Calculations,A clock-record edit after invoicing updates Inv. Hrs; billed money stays put,KEEP,"A clock edit after invoicing moves the worked-hours side while the billed sell values stay put - high-value integrity, and it guards SBC too.",,,SENSIBLE,Three steps with a before/after read.,,,,Y,OK,Needs rights to edit clock records.,DEVIATION,"DEVIATION confirmed live 2026-08-04 on v3.4.1-0ed4433: heading 'Inv. Hrs' is verbatim and the zero value renders '0.0', but hours_invoiced stays 0 for an invoice that billed 1.5 h of hourly labour, so the +/- legs cannot be produced. No longer blocked by SV-8821.",Functional,False
SBR-COL-01,C30265,https://shopview.testrail.io/index.php?/cases/view/30265,SBR,SBR — Column Selector,Column selector: seven metric toggles; five always-on columns cannot be hidden,KEEP,"Seven toggles, five always-on columns, the all-hidden boundary, and the Location carve-out.",,,SENSIBLE,Closed lists version-pinned to SBR v15 S20-R2/R3 and expected 5 pre-empts the Location confusion - Rule 42 satisfied.,,,,Y,OK,,VIU-Observed-PASS,,Functional,False
SBR-COL-03,C30267,https://shopview.testrail.io/index.php?/cases/view/30267,SBR,SBR — Column Selector,Toggling a column applies at once to summary; detail and Totals rows,WEAK-KEEP,"That a toggle applies to summary, detail and totals rows at once; largely implied by SBR-COL-01.",,,SENSIBLE,Two steps.,,,,Y,OK,,VIU-Observed-PASS,,Functional,False
SBR-COL-04,C30268,https://shopview.testrail.io/index.php?/cases/view/30268,SBR,SBR — Column Selector,Column visibility never affects the exports,KEEP,Column visibility never affects the exports - a genuinely easy contract to break and a real customer-facing surprise if it does.,,,SENSIBLE,Two steps across all four files.,,,,Y,OK,,VIU-Observed-PASS,,Functional,False
SBR-COL-05,C30269,https://shopview.testrail.io/index.php?/cases/view/30269,SBR,SBR — Column Selector,Hiding the active sort column keeps the sort,WEAK-KEEP,"Hiding the active sort column keeps the sort; a narrow edge, though a plausible crash site.",,,SENSIBLE,Two steps.,,,,Y,OK,,VIU-Observed-PASS,,Functional,False
SBR-DATE-01,C30201,https://shopview.testrail.io/index.php?/cases/view/30201,SBR,SBR — Date Range Filter,Date range picker is in the toolbar and offers the standard presets plus Custom,KEEP,The preset list; the build offers a different set so the case is load-bearing.,,,SENSIBLE,"The note honestly flags that SBR's spec list omits ""Last Week"" where SBC's includes it - an intra-suite spec inconsistency, stated rather than silently reconciled.",,,,Y,OK,,DEVIATION,,Functional,False
SBR-DATE-02,C30202,https://shopview.testrail.io/index.php?/cases/view/30202,SBR,SBR — Date Range Filter,A Custom range uses the date-picker and holds a 366-day maximum span,KEEP,Custom-range picking plus the 366-day span cap.,,,SENSIBLE,Step 1 already describes the inline calendar.,,,,Y,OK,,DEVIATION,,Functional,False
SBR-DATE-04,C30204,https://shopview.testrail.io/index.php?/cases/view/30204,SBR,SBR — Date Range Filter,An invoice sits in the range by its own invoice date; endpoints included,KEEP,"Inclusive range endpoints against the invoice's own date, and the range reflected in both PDFs.",,,SENSIBLE,Three steps; the on-the-boundary invoices are the point.,,,,Y,OK,,VIU-Observed-PASS,,Functional,False
SBR-DEACT-02,C30253,https://shopview.testrail.io/index.php?/cases/view/30253,SBR,SBR — Staff Deactivation,"Deactivate dialog: counted pluralized headline, reassurance, focus trap",KEEP,"The destructive-action confirmation dialog: pre-commit, counted and pluralized headline, reassurance line, focus trap.",,,SENSIBLE,Three steps across two differently-shaped reps.,,,,Y,OK,"Blocked by the invoices/create HTTP 500 defect, not an external dependency.",DEVIATION,"Re-driven LIVE 2026-08-04 on v3.4.1-0ed4433 after the QA lead closed SV-8821 as not reproducible; the invoicing seed works once a CONTACT is set, so this case was never blocked. See rulings-2026-08-04/RULING-1-THE-15-CASES.md.",Functional,False
SBR-DEACT-03,C30254,https://shopview.testrail.io/index.php?/cases/view/30254,SBR,SBR — Staff Deactivation,Type-YES gate: auto-focus; case-insensitive match; Enter submits,KEEP,The type-YES gate including whitespace and case tolerance and the disabled-button tooltip - a real guard against accidental deactivation.,,,SENSIBLE,Step 3 walks four separate inputs.,,,,Y,OK,Blocked by the invoices/create HTTP 500 defect.,DEVIATION,"Re-driven LIVE 2026-08-04 on v3.4.1-0ed4433 after the QA lead closed SV-8821 as not reproducible; the invoicing seed works once a CONTACT is set, so this case was never blocked. See rulings-2026-08-04/RULING-1-THE-15-CASES.md.",Functional,False
SBR-DEACT-04,C30255,https://shopview.testrail.io/index.php?/cases/view/30255,SBR,SBR — Staff Deactivation,Cancel and X dismiss the Deactivate dialog; Escape and clicking outside do not,WEAK-KEEP,"Dismissal controls; largely house-rule behaviour, and expected 1's ""red outline"" is cosmetic. Kept because the PO ruled the Esc behaviour explicitly.",,,SENSIBLE,"Five steps, each with a status check.",,,,Y,OK,Blocked by the invoices/create HTTP 500 defect.,VIU-Observed-PASS,"Re-driven LIVE 2026-08-04 on v3.4.1-0ed4433 after the QA lead closed SV-8821 as not reproducible; the invoicing seed works once a CONTACT is set, so this case was never blocked. See rulings-2026-08-04/RULING-1-THE-15-CASES.md.",Functional,False
SBR-DEACT-05,C30256,https://shopview.testrail.io/index.php?/cases/view/30256,SBR,SBR — Staff Deactivation,"Valid submit locks the dialog, then deactivates keeping assignments",KEEP,In-flight lock plus the assignments-are-never-modified guarantee - the data-integrity heart of this flow.,,,SENSIBLE,Two steps; the note says to reactivate afterwards.,,,,Y,OK,Blocked by the invoices/create HTTP 500 defect.,VIU-Observed-PASS,"Re-driven LIVE 2026-08-04 on v3.4.1-0ed4433 after the QA lead closed SV-8821 as not reproducible; the invoicing seed works once a CONTACT is set, so this case was never blocked. See rulings-2026-08-04/RULING-1-THE-15-CASES.md.",Functional,False
SBR-DEACT-06,C30257,https://shopview.testrail.io/index.php?/cases/view/30257,SBR,SBR — Staff Deactivation,"After deactivation: toggle unchanged, CSV shows No, report credit intact",KEEP,"Post-deactivation state across three surfaces, and the two independent flags that drive different indicators.",,,SENSIBLE,Three steps.,,,,Y,OK,Blocked by the invoices/create HTTP 500 defect.,DEVIATION,"Re-driven LIVE 2026-08-04 on v3.4.1-0ed4433 after the QA lead closed SV-8821 as not reproducible; the invoicing seed works once a CONTACT is set, so this case was never blocked. See rulings-2026-08-04/RULING-1-THE-15-CASES.md.",Functional,False
SBR-DEACT-07,C30258,https://shopview.testrail.io/index.php?/cases/view/30258,SBR,SBR — Staff Deactivation,"No dialog: toggle off, no assignments, already inactive, or reactivation",KEEP,The four no-dialog branches - without this case the guard could fire on every toggle and nobody would notice.,,,SENSIBLE,Three steps over three deliberately-shaped staff members.,,,,Y,OK,Blocked by the invoices/create HTTP 500 defect.,DEVIATION,"Re-driven LIVE 2026-08-04 on v3.4.1-0ed4433 after the QA lead closed SV-8821 as not reproducible; the invoicing seed works once a CONTACT is set, so this case was never blocked. See rulings-2026-08-04/RULING-1-THE-15-CASES.md.",Negative,False
SBR-DEACT-08,C30259,https://shopview.testrail.io/index.php?/cases/view/30259,SBR,SBR — Staff Deactivation,A deactivation failure shows the error toast and leaves the status alone,KEEP,Failure toast with its verbatim shipped wording and the unchanged-status guarantee.,,,SENSIBLE,The known shipped typo is explicitly marked do-not-file.,,,,Y,OK,Blocked by the invoices/create HTTP 500 defect.,VIU-Observed-PASS,"Re-driven LIVE 2026-08-04 on v3.4.1-0ed4433 after the QA lead closed SV-8821 as not reproducible; the invoicing seed works once a CONTACT is set, so this case was never blocked. See rulings-2026-08-04/RULING-1-THE-15-CASES.md.",Negative,False
SBR-DEACT-09,C30260,https://shopview.testrail.io/index.php?/cases/view/30260,SBR,SBR — Staff Deactivation,"If the assignment pre-check fails, the warning dialog still opens",KEEP,"Pre-check failure must still open the dialog - the never-silently-deactivate fallback, the highest-risk branch in the flow.",,,SENSIBLE,Two steps; the precondition says to mark Blocked with a reason if the failure is not forceable.,,,,Y,OK,Blocked by the invoices/create HTTP 500 defect.,DEVIATION,"Re-driven LIVE 2026-08-04 on v3.4.1-0ed4433 after the QA lead closed SV-8821 as not reproducible; the invoicing seed works once a CONTACT is set, so this case was never blocked. See rulings-2026-08-04/RULING-1-THE-15-CASES.md.",Negative,False
SBR-EXP-01,C30276,https://shopview.testrail.io/index.php?/cases/view/30276,SBR,SBR — Exports,The ⋯ overflow menu lists exactly four download actions,KEEP,Closed four-action export menu and its position.,,,SENSIBLE,Closed list version-pinned to SBR v15 S14-R1 - Rule 42 satisfied.,,,,Y,OK,,VIU-Observed-PASS,,Functional,False
SBR-EXP-02,C30277,https://shopview.testrail.io/index.php?/cases/view/30277,SBR,SBR — Exports,"All four downloads respect filters, full result set, and active order",KEEP,"All four downloads honour every filter, the full result set regardless of expansion, the active order, the pinned Unassigned row, and the Locations line.",,,SENSIBLE,"Precondition 4 deliberately leaves a rep collapsed, which is what makes expected 2 a real test.",,,,Y,OK,,VIU-Observed-PASS,,Functional,False
SBR-EXP-03,C30278,https://shopview.testrail.io/index.php?/cases/view/30278,SBR,SBR — Exports,Summary PDF: one rolled-up row per rep with a recomputed grand totals row,KEEP,Summary PDF anatomy plus the recomputed grand totals row - a money contract in the file.,,,SENSIBLE,Scope-conditioned for Location and honest that the position needs build confirmation.,,,,Y,OK,,VIU-Observed-PASS,,Functional,False
SBR-EXP-04,C30279,https://shopview.testrail.io/index.php?/cases/view/30279,SBR,SBR — Exports,Expanded View PDF: one page-block per rep with its own totals; no grand,KEEP,"Expanded PDF page-block-per-rep structure, per-rep totals, and the explicit absence of a grand totals row.",,,SENSIBLE,Four steps; expected 6 is a negative that would otherwise never be checked.,,,,Y,OK,,VIU-Observed-PASS,,Functional,False
SBR-EXP-05,C30280,https://shopview.testrail.io/index.php?/cases/view/30280,SBR,SBR — Exports,Expanded View PDF truncates invoice numbers longer than 18 characters,WEAK-KEEP,"An 18-character invoice-number truncation rule; narrow, cosmetic and unproducible on real data shaped S-15826.",,,SENSIBLE,The note tells the tester to record it as Blocked with a reason rather than infer.,,,,Y,OK,,NOT-BUILT,,Functional,False
SBR-EXP-06,C30281,https://shopview.testrail.io/index.php?/cases/view/30281,SBR,SBR — Exports,"PDF footer on every page, default-logo fallback, and deterministic PDF filenames",KEEP,"Footer on every page, the default-logo fallback and the two deterministic PDF filenames.",,,SENSIBLE,"Closed filenames and footer string version-pinned to SBR v15 S14-R11/S14-R4 - Rule 42 satisfied. LEDGER FLAG: the VIU recorded PASS while its own observation reads ""sales-by-representative-<variant>-<range>.pdf"" - a range token the case's ""named exactly"" forbids. That is a DEVIATION, not a pass.",,,,Y,OK,,VIU-Observed-PASS,,Functional,False
SBR-EXP-07,C30282,https://shopview.testrail.io/index.php?/cases/view/30282,SBR,SBR — Exports,"PDFs render negative dollars in accounting parentheses, keep the (Inactive) tag",KEEP,Accounting parentheses in the PDF surface plus the no-(N)-count and the (Inactive) tag - the export half of a formatter contract (Rule 40).,,,SENSIBLE,Three steps.,,,,Y,OK,No negative money value and no inactive rep exist on this org.,NOT-BUILT,,Functional,False
SBR-EXP-08,C30283,https://shopview.testrail.io/index.php?/cases/view/30283,SBR,SBR — Exports,PDF body font steps down as the longest dollar value grows; no overflow,WEAK-KEEP,"PDF font step-down tiers; cosmetic and inspector-dependent, though the no-overflow guarantee is worth something.",,,SENSIBLE,The 2026-07-28 repair made the relative step-down the pass criterion and moved the px tiers into the notes.,,,,Y,TOOL,Exact sizes need a PDF inspector; the case says so.,VIU-Observed-PASS,,Functional,False
SBR-EXP-10,C30285,https://shopview.testrail.io/index.php?/cases/view/30285,SBR,SBR — Exports,"Summary CSV: file name, UTF-8 BOM, verbatim headers, one row per rep",KEEP,"Summary CSV file name, BOM, closed header list, row model and the distinct-customer de-duplication rule.",,,SENSIBLE,"Scope-conditioned and version-pinned, and the refs disclose that the spec's own header list lags S14-R20 - Rule 42 satisfied.",,,,Y,OK,,DEVIATION,,Functional,False
SBR-EXP-11,C30286,https://shopview.testrail.io/index.php?/cases/view/30286,SBR,SBR — Exports,"Expanded CSV: file name, verbatim headers, one row per invoice",KEEP,"Expanded CSV file name, BOM, closed header list and the one-row-per-invoice model, with the three-hours-columns build-delta flagged.",,,SENSIBLE,Scope-conditioned and version-pinned.,,,,Y,OK,,DEVIATION,,Functional,False
SBR-EXP-12,C30287,https://shopview.testrail.io/index.php?/cases/view/30287,SBR,SBR — Exports,"CSV cells: plain numbers, signed Inv. Hrs, empty Margin %, (Inactive)",KEEP,"CSV cell formatting: plain re-pivotable numbers, signed hours, empty undefined percentage, and the (Inactive) tag in the name.",,,SENSIBLE,"Step 1 insists on a text editor rather than a spreadsheet, which is what makes the check valid.",,,,Y,OK,,DEVIATION,,Functional,False
SBR-EXP-13,C30288,https://shopview.testrail.io/index.php?/cases/view/30288,SBR,SBR — Exports,The Unassigned row appears in all four downloads only when the toggle is on,KEEP,"The Unassigned row in all four downloads, in both toggle states - eight observations that would otherwise need eight cases.",,,SENSIBLE,Four steps.,,,,Y,OK,,VIU-Observed-PASS,,Functional,False
SBR-EXP-14,C30289,https://shopview.testrail.io/index.php?/cases/view/30289,SBR,SBR — Exports,A failed download shows the canonical error toast,KEEP,Download-failure toast with its verbatim shipped wording plus the never-a-malformed-file guarantee.,,,SENSIBLE,The known typo is marked do-not-correct.,,,,Y,TOOL,Needs a way to cut the network mid-download.,VIU-Observed-PASS,,Negative,False
SBR-EXP-15,C30290,https://shopview.testrail.io/index.php?/cases/view/30290,SBR,SBR — Exports,Over-cap Expanded View PDF is refused with the too-large message,KEEP,"Over-cap pre-generation refusal with the PO-ruled single message; the build returns HTTP 500 instead, so this case is load-bearing.",,,SENSIBLE,"The refs explicitly record that the asserted string deliberately differs from the SBR spec's own stale wording, citing Chris Ward's Q2 ruling - exactly the provenance Rule 25 wants.",,,,Y,OK,,DEVIATION,,Negative,False
SBR-EXP-16,C30291,https://shopview.testrail.io/index.php?/cases/view/30291,SBR,SBR — Exports,An empty-data export still generates with zeroed Summary PDF totals,KEEP,"Empty-data exports still generate, with the zeroed Summary totals row; the build omits the totals row, so this case is doing real work.",,,SENSIBLE,Two steps across four files.,,,,Y,OK,,DEVIATION,,Functional,False
SBR-LINK-01,C30247,https://shopview.testrail.io/index.php?/cases/view/30247,SBR,SBR — Links & Navigation,Detail-row invoice number and customer name links navigate in the current tab,KEEP,"Both link kinds navigate in the current tab to the right destination - and the customer name IS a link here, deliberately unlike SBC.",,,SENSIBLE,Three steps; the note names the deliberate cross-report difference.,,,,Y,OK,,VIU-Observed-PASS,,Functional,False
SBR-LINK-03,C30249,https://shopview.testrail.io/index.php?/cases/view/30249,SBR,SBR — Links & Navigation,Browser back from a drilldown restores expansion and scroll; no reload,KEEP,"Back from a drilldown restores expansion and scroll without a reload - deliberately different from a page reload, which does not.",,,SENSIBLE,Three steps; expected 3 states the contrast explicitly.,,,,Y,OK,,VIU-Observed-PASS,,Functional,False
SBR-LINK-04,C30250,https://shopview.testrail.io/index.php?/cases/view/30250,SBR,SBR — Links & Navigation,Invoice links use theme-primary; customer links use the body color,WEAK-KEEP,"Link colour, underline and focus treatment; cosmetic, though the visible focus indicator is an accessibility point.",,,SENSIBLE,Three steps across both modes.,,,,Y,OK,,VIU-Observed-PASS,,Functional,False
SBR-LINK-05,C30251,https://shopview.testrail.io/index.php?/cases/view/30251,SBR,SBR — Links & Navigation,An unavailable link destination shows the standard not-found state,WEAK-KEEP,"Unavailable destination degrades to the app's standard not-found state; a near-duplicate of SBC-LINK-04 (C30141) across reports, and largely framework behaviour.",,,SENSIBLE,"Two steps, the second hedged.",,,,Y,OK,,VIU-Observed-PASS,,Negative,False
SBR-LOC-01,C30213,https://shopview.testrail.io/index.php?/cases/view/30213,SBR,SBR — Location Filter,Location filter is the rightmost control with an All Locations option,WEAK-KEEP,Location filter anatomy; largely subsumed by SBR-LOC-03 and SBR-LOC-05.,,,SENSIBLE,Two steps.,,,,Y,OK,,VIU-Observed-PASS,,Functional,False
SBR-LOC-03,C30215,https://shopview.testrail.io/index.php?/cases/view/30215,SBR,SBR — Location Filter,Location selection cascades; an inaccessible location's data is never included,KEEP,Location cascade through every metric plus the inaccessible-location exclusion - a tenant-safety contract.,,,SENSIBLE,Four steps over a deliberately-shaped three-location setup.,,,,Y,OK,,VIU-Observed-PASS,,Functional,False
SBR-LOC-04,C30216,https://shopview.testrail.io/index.php?/cases/view/30216,SBR,SBR — Location Filter,Sales By Representative: Location filter hidden for a one-location user,KEEP,PO-ruled hidden Location filter for a one-location user; the build refutes it.,,,SENSIBLE,Two steps.,,,,Y,OK,,DEVIATION,,Negative,False
SBR-LOC-05,C38913,https://shopview.testrail.io/index.php?/cases/view/38913,SBR,SBR — Location Filter,The Location column shows only with more than one location; rep rows Multiple,KEEP,"Location column position, Multiple on spanning rep rows, exact on invoice rows, the Unassigned row rule, Subtotal still rightmost, and all four exports.",,,FIX-WORDING,"Expected 8 is the FOURTH copy of the same cosmetic filter-width assertion (with IV-LOC-06 exp 6, PV-FILT-14 exp 6, SBC-LOC-04 exp 7). Consolidate into one styling case or drop from all four.",,,,Y,OK,,VIU-Observed-PASS,,Functional,False
SBR-MOB-01,C30302,https://shopview.testrail.io/index.php?/cases/view/30302,SBR,SBR — Mobile,On a phone every toolbar control works on touch,KEEP,Mobile toolbar operability and the stacking behaviour at the breakpoint.,,,SENSIBLE,Three steps with a concrete width.,,,,Y,OK,,VIU-Observed-PASS,,Functional,False
SBR-MOB-02,C30303,https://shopview.testrail.io/index.php?/cases/view/30303,SBR,SBR — Mobile,On a phone the table scrolls sideways with Subtotal pinned outside it,KEEP,Mobile horizontal scroll with the pinned Subtotal plus the external totals bar outside the scroll container.,,,SENSIBLE,Three steps. The VIU note misread expected 1 as claiming Subtotal sits outside the table - it does not; expected 2 is about the totals bar.,,,,Y,OK,,VIU-Observed-PASS,,Functional,False
SBR-MOB-03,C30304,https://shopview.testrail.io/index.php?/cases/view/30304,SBR,SBR — Mobile,Touch targets are at least 44×44 px and touch users get no hover-only tooltips,KEEP,Minimum touch-target size and no hover-only tooltips on touch - it found a real accessibility gap (8 of 10 controls undersized).,,,SENSIBLE,Step 1 names the measuring tool.,,,,Y,TOOL,"Inherently needs a ruler/inspector to measure 44x44 - not layman-runnable, but unavoidable for this requirement.",DEVIATION,,Accessibility,False
SBR-NAV-01,C30195,https://shopview.testrail.io/index.php?/cases/view/30195,SBR,SBR — Access & Navigation,"Sales By Representative under Performance, below existing links; titles correct",KEEP,"Navigation placement, the full-word label, additive placement, and both titles.",,,SENSIBLE,"The 2026-07-28 repair points the additive check at production or a prior build, which is the only way a cold tester can make it.",,,,Y,OK,,VIU-Observed-PASS,,Functional,False
SBR-NAV-03,C30197,https://shopview.testrail.io/index.php?/cases/view/30197,SBR,SBR — Access & Navigation,The nav entry fits the full Sales By Representative label; no truncation,WEAK-KEEP,"The long label must not truncate; cosmetic, though it is the specified fix for a known layout problem.",,,SENSIBLE,Two steps.,,,,Y,OK,,VIU-Observed-PASS,,Functional,False
SBR-PERM-01,C30198,https://shopview.testrail.io/index.php?/cases/view/30198,SBR,SBR — Permissions,Sales By Representative is visible to anyone who sees another Performance report,KEEP,Group-level visibility of the entry.,,,SENSIBLE,"One step. METADATA CONTRADICTION: the note says ""Unlike SBC (dedicated per-report permission), SBR is gated at the Performance-group level"" - stale against Chris Ward's Q1/Q2 one-permission ruling, which SBC-PERM-01/SBC-PERM-05 now assert. Notes are not pushed to TestRail, so no tester sees it, but the internal record contradicts the ruling and should be corrected.",,,,Y,OK,,VIU-Observed-PASS,,Functional,False
SBR-PERM-02,C30199,https://shopview.testrail.io/index.php?/cases/view/30199,SBR,SBR — Permissions,"Without Reports access: no navigation, no export menu, no Export dialog",KEEP,"No reports access blocks navigation, the report, its export menu AND the Export dialog - three surfaces in one negative.",,,SENSIBLE,Three steps.,,,,Y,OK,,VIU-Observed-PASS,,Negative,False
SBR-PERM-03,C30200,https://shopview.testrail.io/index.php?/cases/view/30200,SBR,SBR — Permissions,Without staff-administration access the deactivation flow is unreachable,WEAK-KEEP,Staff-administration gating; this is the app's own staff-admin permission rather than anything this report owns - close to testing the framework.,,,SENSIBLE,One step.,,,,Y,OK,,VIU-Observed-PASS,,Negative,False
SBR-PERS-01,C30271,https://shopview.testrail.io/index.php?/cases/view/30271,SBR,SBR — Persistence,All filter and view settings are restored before the first data fetch,KEEP,Seven settings restored BEFORE the first fetch - the no-double-fetch contract.,,,SENSIBLE,Three steps.,,,,Y,OK,,VIU-Observed-PASS,,Functional,False
SBR-PERS-02,C30272,https://shopview.testrail.io/index.php?/cases/view/30272,SBR,SBR — Persistence,Expansion state and scroll position are not remembered and reset on reload,KEEP,"Expansion and scroll deliberately not remembered on reload - prevents a false bug report, and pairs with SBR-LINK-03's opposite behaviour on back.",,,SENSIBLE,Two steps.,,,,Y,OK,,VIU-Observed-PASS,,Functional,False
SBR-PERS-03,C30273,https://shopview.testrail.io/index.php?/cases/view/30273,SBR,SBR — Persistence,A stale saved value falls back to its default and never errors,KEEP,Stale saved value falls back without erroring or sending an invalid request.,,,SENSIBLE,The note says to record what could not be provoked.,,,,Y,OK,Needs an admin to remove a location assignment.,VIU-Observed-PASS,,Functional,False
SBR-PERS-04,C30274,https://shopview.testrail.io/index.php?/cases/view/30274,SBR,SBR — Persistence,First visit or cleared storage yields all defaults; no server-side profile,KEEP,All eight first-visit defaults plus the explicit no-server-side-profile assertion.,,,SENSIBLE,One step after clearing storage.,,,,Y,OK,,VIU-Observed-PASS,,Functional,False
SBR-PERS-05,C30275,https://shopview.testrail.io/index.php?/cases/view/30275,SBR,SBR — Persistence,The A to Z default is its own saved value,WEAK-KEEP,That the A-to-Z default is itself a saved value; a narrow edge largely covered by SBR-PERS-04 and SBR-SORT-02.,,,SENSIBLE,Two steps.,,,,Y,OK,,VIU-Observed-PASS,,Functional,False
SBR-ROW-01,C30217,https://shopview.testrail.io/index.php?/cases/view/30217,SBR,SBR — Rep Rows & Tree,A rep row appears only when the rep has a matching non-reversed invoice,KEEP,"The contributor gate - a rep row exists only for a matching non-reversed invoice, with no placeholder rows.",,,SENSIBLE,Three deliberately-shaped reps.,,,,Y,OK,,VIU-Observed-PASS,,Functional,False
SBR-ROW-02,C30218,https://shopview.testrail.io/index.php?/cases/view/30218,SBR,SBR — Rep Rows & Tree,"Row layout: 12 columns in order, blanks in position, bold summary rows",KEEP,"Column order, blanks held in position (a drifted row is a defect), and row typing by font weight rather than colour.",,,SENSIBLE,"Scope-conditioned for Location and version-pinned - Rule 42 satisfied. The build renders 13 columns because Location is in scope, which the case already allows for.",,,,Y,OK,,DEVIATION,,Functional,False
SBR-ROW-03,C30219,https://shopview.testrail.io/index.php?/cases/view/30219,SBR,SBR — Rep Rows & Tree,A toggled-off or deleted contributor still appears; tagged (Inactive),KEEP,A toggled-off or deleted contributor keeps its credit and its historical name - revenue must never silently disappear.,,,SENSIBLE,The note tells the tester to attempt seeding first and what to do if the deleted-record leg is impossible.,,,,Y,OK,,NOT-BUILT,,Functional,False
SBR-SORT-01,C30241,https://shopview.testrail.io/index.php?/cases/view/30241,SBR,SBR — Sorting,All eight financial columns are sortable,KEEP,"The sortability matrix - and it proved the SBC four-column sort gap does NOT reproduce here, which is exactly why per-report sort cases earn their keep.",,,SENSIBLE,Two steps enumerating every header.,,,,Y,OK,,VIU-Observed-PASS,,Functional,False
SBR-SORT-02,C30242,https://shopview.testrail.io/index.php?/cases/view/30242,SBR,SBR — Sorting,"Default order is plain A to Z by display name, case-insensitive",KEEP,"Default A-to-Z ordering plus the explicit no-active/inactive-tiers negative, which is the current build-delta target.",,,SENSIBLE,One step.,,,,Y,OK,,VIU-Observed-PASS,,Functional,False
SBR-SORT-03,C30243,https://shopview.testrail.io/index.php?/cases/view/30243,SBR,SBR — Sorting,First header click sorts ascending; second descending; no third state,KEEP,"Toggle semantics, no third state, and the deliberate absence of a header path back to A-to-Z.",,,SENSIBLE,Four steps; expected 4 pre-empts a tester hunting for a reset.,,,,Y,OK,,VIU-Observed-PASS,,Functional,False
SBR-SORT-04,C30244,https://shopview.testrail.io/index.php?/cases/view/30244,SBR,SBR — Sorting,Sorting reorders rep rows only; Unassigned stays pinned on top,KEEP,Sort scope (summary rows only) plus the Unassigned row staying pinned.,,,SENSIBLE,Two steps.,,,,Y,OK,,VIU-Observed-PASS,,Functional,False
SBR-SORT-05,C30245,https://shopview.testrail.io/index.php?/cases/view/30245,SBR,SBR — Sorting,Ties keep the A to Z order and an em-dash Margin % sorts as zero,KEEP,Tie-break order and the em-dash-sorts-as-zero rule - a distinct spec semantic.,,,SENSIBLE,Two steps.,,,,Y,OK,,VIU-Observed-PASS,,Functional,False
SBR-STAT-01,C30208,https://shopview.testrail.io/index.php?/cases/view/30208,SBR,SBR — Invoice Status Filter,Invoice Status offers exactly four options; All Statuses is the default,KEEP,Closed four-option status list and its default.,,,SENSIBLE,Version-pinned to SBR v15 S4-R2 - Rule 42 satisfied.,,,,Y,OK,,VIU-Observed-PASS,,Functional,False
SBR-STAT-02,C30209,https://shopview.testrail.io/index.php?/cases/view/30209,SBR,SBR — Invoice Status Filter,Status filtering matches on the mapped display value,KEEP,"The five-to-three payment mapping through the DISPLAY value, including the deposit-covered prepaid trap engineering itself flagged as bug-prone.",,,SENSIBLE,The precondition prescribes the realistic deposit seeding rather than a synthetic state.,,,,Y,OK,Needs the ability to take payments.,VIU-Observed-PASS,,Functional,False
SBR-STAT-04,C30211,https://shopview.testrail.io/index.php?/cases/view/30211,SBR,SBR — Invoice Status Filter,Filters compose: a rep appears only with an invoice matching ALL active filters,KEEP,"Filter composition - an invoice failing any single filter contributes nothing anywhere, checked at every level including the grand totals.",,,SENSIBLE,Three steps over four deliberately-shaped invoices.,,,,Y,OK,,VIU-Observed-PASS,,Functional,False
SBR-STAT-05,C30212,https://shopview.testrail.io/index.php?/cases/view/30212,SBR,SBR — Invoice Status Filter,"Money columns always show invoiced amounts, never the outstanding balance",KEEP,"Money columns always show invoiced amounts, never the outstanding balance - prevents a whole class of false money bug reports.",,,SENSIBLE,"One step, one read.",,,,Y,OK,,VIU-Observed-PASS,,Functional,False
SBR-STATE-01,C30298,https://shopview.testrail.io/index.php?/cases/view/30298,SBR,"SBR — Loading, Empty & Error States","Empty state: verbatim message, no grand Totals, toolbar stays interactive",KEEP,"Empty state with its verbatim message, no grand totals, the contributor-driven single message, and an interactive toolbar.",,,SENSIBLE,"Five assertions, four steps; step 3 hedged ""if checkable"".",,,,Y,OK,,DEVIATION,,Functional,False
SBR-STATE-03,C30300,https://shopview.testrail.io/index.php?/cases/view/30300,SBR,"SBR — Loading, Empty & Error States",Loading shows a centered spinner over the data area and hides the Totals,WEAK-KEEP,"Loading indicator behaviour; largely cosmetic, though the no-flash-of-blank-table half is a real contract.",,,SENSIBLE,Three steps.,,,,Y,TOOL,Needs throttling to observe reliably; the case says so.,VIU-Observed-PASS,,Functional,False
SBR-STATE-04,C30301,https://shopview.testrail.io/index.php?/cases/view/30301,SBR,"SBR — Loading, Empty & Error States",A load failure shows the inline could-not-load message with a Retry,KEEP,Inline could-not-load message with a Retry that re-runs the CURRENT request and does not clear the filters.,,,SENSIBLE,"Three steps; the note distinguishes an inline message from a toast, which is the assertion.",,,,Y,TOOL,Needs to cut the network.,DEVIATION,,Negative,False
SBR-TOT-01,C30237,https://shopview.testrail.io/index.php?/cases/view/30237,SBR,SBR — Subtotal & Totals,"Subtotal: rightmost, pinned right, bold everywhere; header row sticky on scroll",WEAK-KEEP,"Subtotal pinned, bold and two-axis sticky; presentation, though losing the headline column on scroll would matter.",,,SENSIBLE,Four steps.,,,,Y,OK,,VIU-Observed-PASS,,Functional,False
SBR-TOT-02,C30238,https://shopview.testrail.io/index.php?/cases/view/30238,SBR,SBR — Subtotal & Totals,Desktop Totals row merges the identifier columns and sticks to the bottom,KEEP,"The desktop Totals row: merged identifier cell, coverage of the full filtered set regardless of expansion, and the rounding rule.",,,SENSIBLE,Four steps including a cross-check against all matching invoices.,,,,Y,OK,,VIU-Observed-PASS,,Functional,False
SBR-TOT-03,C30239,https://shopview.testrail.io/index.php?/cases/view/30239,SBR,SBR — Subtotal & Totals,Mobile shows a simplified totals bar below the table; Subtotal at right,KEEP,The mobile totals bar must sit OUTSIDE the horizontal scroll container - it found a real gap where the totals scroll out of view sideways.,,,SENSIBLE,"Closed ""(no other metrics)"" phrase is the spec's own and version-pinned - Rule 42 satisfied.",,,,Y,OK,,DEVIATION,,Functional,False
SBR-TREE-05,C30221,https://shopview.testrail.io/index.php?/cases/view/30221,SBR,SBR — Rep Rows & Tree,Expanding a rep loads its invoices on demand with a row-level spinner,KEEP,On-demand expansion with a row-level indicator plus the detail-row anatomy.,,,SENSIBLE,Two steps.,,,,Y,OK,,VIU-Observed-PASS,,Functional,False
SBR-TREE-06,C30222,https://shopview.testrail.io/index.php?/cases/view/30222,SBR,SBR — Rep Rows & Tree,The header chevron expands every visible rep and its glyph tracks state,WEAK-KEEP,"Header chevron expand-all and its glyph; a near-duplicate of SBC-TREE-08 (C30128) across reports, minus the tooltip strings.",,,SENSIBLE,Three steps.,,,,Y,OK,,VIU-Observed-PASS,,Functional,False
SBR-TREE-07,C30223,https://shopview.testrail.io/index.php?/cases/view/30223,SBR,SBR — Rep Rows & Tree,Each invoice appears under exactly one rep or the Unassigned row,KEEP,Each invoice under exactly one rep and the counts reconciling - the guard against the known double-credit schema delta.,,,SENSIBLE,Two steps; the note names the schema delta to expect.,,,,Y,OK,,VIU-Observed-PASS,,Functional,False
SBR-TREE-08,C30224,https://shopview.testrail.io/index.php?/cases/view/30224,SBR,SBR — Rep Rows & Tree,"Expansion survives filter and sort changes within the session, resets on reload",KEEP,"Expansion survives filter and sort changes in-session but resets on reload, and a returning rep renders collapsed - deliberately different from SBC.",,,SENSIBLE,Three steps; the note names the cross-report difference.,,,,Y,OK,,VIU-Observed-PASS,,Functional,False
SBR-TREE-09,C30225,https://shopview.testrail.io/index.php?/cases/view/30225,SBR,SBR — Rep Rows & Tree,Detail rows run newest first with a numeric invoice-number tie-break,KEEP,Detail-row ordering with a NUMERIC tie-break and the P-before-S rule - a classic alphabetical-vs-numeric bug site.,,,SENSIBLE,The S999-before-S1000 example makes the rule unmistakable.,,,,Y,OK,,VIU-Observed-PASS,,Functional,False
SBR-TYPE-02,C30206,https://shopview.testrail.io/index.php?/cases/view/30206,SBR,SBR — Product Type Filter,"Product Type: three options, Parts & Service default, each option filters right",KEEP,"Closed three-option Product Type list, its default, and prefix filtering both ways.",,,SENSIBLE,Version-pinned to SBR v15 S3-R2 - Rule 42 satisfied.,,,,Y,OK,,VIU-Observed-PASS,,Functional,False
SBR-UNAS-01,C30261,https://shopview.testrail.io/index.php?/cases/view/30261,SBR,SBR — Show Unassigned,"Show Unassigned sits between the column selector and the date picker, off",KEEP,"Toggle position, off-by-default, and the off-state negative that unassigned invoices contribute to nothing.",,,SENSIBLE,Two steps.,,,,Y,OK,,VIU-Observed-PASS,,Functional,False
SBR-UNAS-02,C30262,https://shopview.testrail.io/index.php?/cases/view/30262,SBR,SBR — Show Unassigned,Show Unassigned adds one top-pinned Unassigned row that acts like a rep row,KEEP,"The Unassigned row behaves exactly like a rep row, stays pinned, and recomputes the grand totals - four distinct assertions.",,,SENSIBLE,Four steps.,,,,Y,OK,,VIU-Observed-PASS,,Functional,False
SBR-UNAS-04,C30264,https://shopview.testrail.io/index.php?/cases/view/30264,SBR,SBR — Show Unassigned,No empty Unassigned row is ever rendered,KEEP,"An empty Unassigned row is never rendered, in both toggle directions.",,,SENSIBLE,Two scenarios.,,,,Y,OK,,VIU-Observed-PASS,,Negative,False
SBR-VIS-01,C30305,https://shopview.testrail.io/index.php?/cases/view/30305,SBR,SBR — Visual Conformance & Accessibility,Layout: white toolbar; blue-grey page; separator; edge-to-edge white table,WEAK-KEEP,Layout conformance; cosmetic and design-token owned.,,,FIX-WORDING,"Expected 1 asserts 32px / 24px / 2rem paddings and pixel alignment - the same un-repaired class as SBC-VIS-01 (C30185), while PV-VIS-02 (C30386) was repaired to a by-eye check. Apply the PV-VIS-02 repair here too.",,,,Y,TOOL,Requires dev tools for the padding and alignment measurements.,VIU-Observed-PASS,,Functional,False
SBR-VIS-02,C30306,https://shopview.testrail.io/index.php?/cases/view/30306,SBR,SBR — Visual Conformance & Accessibility,"Dark mode: page, toolbar, table; Totals switch to dark equivalents",KEEP,Dark-mode conformance across every surface plus the PDF-always-light rule; it found the real black-on-near-black Totals defect.,,,SENSIBLE,Four steps.,,,,Y,OK,,DEVIATION,,Functional,False
SBR-VIS-03,C30307,https://shopview.testrail.io/index.php?/cases/view/30307,SBR,SBR — Visual Conformance & Accessibility,Every icon-only control carries its specified accessible name,KEEP,Five verbatim accessible names on icon-only controls - an accessibility contract with concrete strings.,,,SENSIBLE,Two steps.,,,,Y,TOOL,"Needs a screen reader or accessibility inspector. LEDGER FLAG: the VIU recorded PASS while its own observation lists different names (""Export report"" vs the specified ""Report actions""; ""Column Selection"" vs ""Show or hide columns""; ""Expand all representatives"" vs ""Expand all reps"") - at least three of five differ, so this is a DEVIATION, not a pass.",VIU-Observed-PASS,,Accessibility,False
SBR-VIS-04,C30308,https://shopview.testrail.io/index.php?/cases/view/30308,SBR,SBR — Visual Conformance & Accessibility,Chevrons and sortable headers are keyboard-operable and expose their state,KEEP,Keyboard operability and state exposure for chevrons and sortable headers - it found a real accessibility gap (no aria-expanded; headers not focusable).,,,SENSIBLE,Three steps.,,,,Y,TOOL,Needs a screen reader or accessibility inspector.,DEVIATION,,Accessibility,False
SBR-VIS-05,C30309,https://shopview.testrail.io/index.php?/cases/view/30309,SBR,SBR — Visual Conformance & Accessibility,The subdued grey of the (N) count and (Inactive) tag meets WCAG AA contrast,WEAK-KEEP,Subdued-grey legibility; cosmetic.,,,SENSIBLE,"The 2026-08-03 repair replaced ""measure the contrast ratio"" with a by-eye check and named the owner of the figure - the right pattern.",,,,Y,OK,,VIU-Observed-PASS,,Accessibility,False
SBR-WO-01,C30310,https://shopview.testrail.io/index.php?/cases/view/30310,SBR,SBR — Work Order Sales Rep,"Sales Representative selector shows on WO and Part Sale, not on imported",KEEP,"Where the Sales Representative selector appears and, importantly, where it must NOT (imported WO, History mode).",,,SENSIBLE,"Four steps, one per surface.",,,,Y,OK,,VIU-Observed-PASS,,Functional,False
SBR-WO-02,C30311,https://shopview.testrail.io/index.php?/cases/view/30311,SBR,SBR — Work Order Sales Rep,Selector offers only reps whose sales-representative toggle is on,KEEP,Only toggle-on staff are offered as reps - the eligibility gate for crediting revenue.,,,SENSIBLE,Three steps; the note gives the exact settings path.,,,,Y,OK,,VIU-Observed-PASS,,Functional,False
SBR-WO-03,C30312,https://shopview.testrail.io/index.php?/cases/view/30312,SBR,SBR — Work Order Sales Rep,A new WO opens with Sales Representative unassigned; a change saves at once,KEEP,Unassigned at creation plus save-on-change persistence with no explicit Save.,,,SENSIBLE,Three steps including a navigate-away-and-return.,,,,Y,OK,,VIU-Observed-PASS,,Functional,False
SBR-WO-04,C30313,https://shopview.testrail.io/index.php?/cases/view/30313,SBR,SBR — Work Order Sales Rep,The Sales Representative selector is read-only when Invoiced or Paid,KEEP,"The selector is read-only once Invoiced or Paid, with the Rule-24 tester note already present.",,,SENSIBLE,"Expected 4 is a textbook Rule-24 line: FE-blocked, API-possible, mark PASSED.",,,,Y,OK,,VIU-Observed-PASS,,Functional,False
SBR-WO-05,C30314,https://shopview.testrail.io/index.php?/cases/view/30314,SBR,SBR — Work Order Sales Rep,"Invoice credit snapshot: WO rep, else customer rep, else unassigned",KEEP,"The credit-snapshot chain (WO rep, else customer rep, else unassigned) and the no-retroactive-change rule - the single most important behaviour in this report.",,,SENSIBLE,Three seeded setups plus the retroactive probe.,,,,Y,OK,,DEVIATION,"Re-driven LIVE 2026-08-04 on v3.4.1-0ed4433 after the QA lead closed SV-8821 as not reproducible; the invoicing seed works once a CONTACT is set, so this case was never blocked. See rulings-2026-08-04/RULING-1-THE-15-CASES.md.",Functional,False
SBR-WO-06,C30315,https://shopview.testrail.io/index.php?/cases/view/30315,SBR,SBR — Work Order Sales Rep,"Customer record shows a ""Sales Representative"" row; ""Unassigned"" when none",KEEP,"Customer-record label, the Unassigned rendering, and an inactive bound rep still displayed but not re-selectable.",,,SENSIBLE,Three steps.,,,,Y,OK,,VIU-Observed-PASS,,Functional,False
TU-API-01,C30449,https://shopview.testrail.io/index.php?/cases/view/30449,TU,TU — API,The per-day breakdown is fetched only when a technician row is expanded,KEEP,Per-day rows fetched only on expand - a real scale contract.,,,SENSIBLE,Three steps.,,,,Y,TECHNICAL,Network panel; API section.,VIU-Observed-PASS,,Functional,True
TU-API-02,C30450,https://shopview.testrail.io/index.php?/cases/view/30450,TU,TU — API,Date-range and location changes trigger a fresh server load,KEEP,Which changes hit the server and which are on-screen only - four assertions that pin the whole interaction model.,,,SENSIBLE,Four steps.,,,,Y,TECHNICAL,Network panel; API section.,VIU-Observed-PASS,,Functional,True
TU-COL-01,C38859,https://shopview.testrail.io/index.php?/cases/view/38859,TU,TU — Visual & Accessibility,"Column Selection: Technician always on, the other five toggleable, remembered",KEEP,"Column selector anatomy, defaults, the Technician always-on rule, the Location carve-out, order stability and persistence - one case where the suite could have written eight.",,,SENSIBLE,"Eight assertions, seven steps; expected 2's exact wording is honestly left as build-confirmed.",,,,Y,TOOL,Step 2 needs an accessibility inspector or screen reader.,VIU-Observed-PASS,,Functional,False
TU-DAY-01,C30418,https://shopview.testrail.io/index.php?/cases/view/30418,TU,TU — Per-Day Breakdown,Each technician row has an accessible expand/collapse control,KEEP,The expand control's action-scoped accessible name plus keyboard operability and state exposure; it found the missing aria-expanded.,,,SENSIBLE,The 2026-07-29 repair removed angle-bracket placeholders that TestRail had swallowed as HTML - a real correction.,,,,Y,TOOL,Needs an accessibility inspector or screen reader.,DEVIATION,,Functional,False
TU-DAY-02,C30419,https://shopview.testrail.io/index.php?/cases/view/30419,TU,TU — Per-Day Breakdown,"Expanding shows one row per clocked day in date order, loaded on demand",KEEP,"One row per clocked day, in date order, loaded on expand, with per-day pooling across locations and no row for an unclocked day.",,,SENSIBLE,"The 2026-08-03 repair is the model Rule-4 fix: devtools removed from a UI section, the network assertion left where it belongs in TU-API-01, and expected 5 tells the tester plainly that no tools are needed.",,,,Y,OK,,VIU-Observed-PASS,,Functional,False
TU-DAY-03,C30420,https://shopview.testrail.io/index.php?/cases/view/30420,TU,TU — Per-Day Breakdown,Day rows use the same columns and formats as the technician rows,KEEP,"Day rows mirror the technician-row columns and formats, including their own per-location Est. Lost Labor valuation.",,,SENSIBLE,Three steps.,,,,Y,OK,,VIU-Observed-PASS,,Functional,False
TU-DAY-04,C30421,https://shopview.testrail.io/index.php?/cases/view/30421,TU,TU — Per-Day Breakdown,One control in the table header expands or collapses all technician rows,KEEP,"The expand-all control's location (header row, not the toolbar) plus its deliberately asymmetric semantics and accessible name.",,,SENSIBLE,Step 3's collapse-one-then-activate is what proves the asymmetry.,,,,Y,TOOL,The accessible-name half needs an inspector.,VIU-Observed-PASS,,Functional,False
TU-DAY-05,C30422,https://shopview.testrail.io/index.php?/cases/view/30422,TU,TU — Per-Day Breakdown,Expansion state is view-only: it resets on any reload and fresh visit,KEEP,"Expansion is view-only state - and crucially an on-screen filter change must NOT disturb it, unlike a reload.",,,SENSIBLE,Three steps drawing the distinction.,,,,Y,OK,,VIU-Observed-PASS,,Functional,False
TU-ELL-01,C30404,https://shopview.testrail.io/index.php?/cases/view/30404,TU,TU — Est. Lost Labor,Est. Lost Labor values internal hours at each location's default rate,KEEP,"Per-location rate valuation summed at full precision and rounded once - this report's central money contract, with a known build-delta flagged.",,,SENSIBLE,Step 1 prescribes the hand computation including the rounding order.,,,,Y,OK,Needs two rated locations with different rates.,VIU-Observed-PASS,,Functional,False
TU-ELL-02,C30405,https://shopview.testrail.io/index.php?/cases/view/30405,TU,TU — Est. Lost Labor,"Est. Lost Labor, when shown, is pinned right and bold with the info icon",KEEP,"Pinned bold column, the verbatim info-icon text on hover/focus/tap, no icon on any other header, and hideability.",,,SENSIBLE,Four steps; the known build-delta on the tooltip wording is flagged.,,,,Y,OK,,VIU-Observed-PASS,,Functional,False
TU-ELL-03,C30406,https://shopview.testrail.io/index.php?/cases/view/30406,TU,TU — Est. Lost Labor,"Zero internal hours - or a configured $0.00 rate - shows $0.00, never an em-dash",KEEP,"The $0.00-versus-em-dash semantic distinction (known rate with nothing to value, versus unknown rate) - subtle and easy to get wrong.",,,SENSIBLE,Expected 3 states the distinction in plain words.,,,,Y,OK,Needs a location rate set to exactly $0.00.,VIU-Observed-PASS,,Functional,False
TU-ELL-04,C30407,https://shopview.testrail.io/index.php?/cases/view/30407,TU,TU — Est. Lost Labor,Internal hours with no default labor rate anywhere show an em-dash,KEEP,The em-dash branch plus its assistive-technology label - the other half of the same semantic.,,,SENSIBLE,Two steps.,,,,Y,TOOL,Step 2 needs a screen reader; and no unrated location can exist on this org.,EXTERNAL-DEPENDENCY,,Functional,False
TU-ELL-05,C30408,https://shopview.testrail.io/index.php?/cases/view/30408,TU,TU — Est. Lost Labor,Internal hours split across rated and unrated locations show a part value,KEEP,"Partial valuation across rated and unrated locations, declared a known limitation - prevents a false bug report about hours not matching dollars.",,,SENSIBLE,Two steps with the arithmetic named.,,,,Y,OK,Needs an unrated location.,EXTERNAL-DEPENDENCY,,Functional,False
TU-EXP-01,C30434,https://shopview.testrail.io/index.php?/cases/view/30434,TU,TU — Exports,"Three-dot menu is leftmost, then Column Selection; three download options",KEEP,"Menu position, the Column Selection control after it, and the three download options; the build ships four, so this case is load-bearing.",,,SENSIBLE,Two steps.,,,,Y,OK,,DEVIATION,,Functional,False
TU-EXP-02,C30435,https://shopview.testrail.io/index.php?/cases/view/30435,TU,TU — Exports,The Summary PDF holds the technician rows plus the Summary,KEEP,Summary versus Expanded PDF content and the Title-Case filenames.,,,SENSIBLE,Two steps.,,,,Y,OK,,DEVIATION,,Functional,False
TU-EXP-03,C30436,https://shopview.testrail.io/index.php?/cases/view/30436,TU,TU — Exports,"The CSV is always summary-level, quotes comma-containing values",KEEP,"The CSV is always summary-level regardless of the menu choice, plus comma quoting - the build breaks the first half.",,,SENSIBLE,Three steps in a plain-text editor.,,,,Y,OK,,DEVIATION,,Functional,False
TU-EXP-04,C30437,https://shopview.testrail.io/index.php?/cases/view/30437,TU,TU — Exports,"Downloads cover only selected technicians, locations, and date range",KEEP,"Downloads scoped to the selected technicians, locations and range, mirroring the shown columns, with the Locations line and the automatic Location carve-out.",,,SENSIBLE,Five steps; expected 6 pre-empts the Location column for the tester.,,,,Y,OK,,DEVIATION,,Functional,False
TU-EXP-05,C30438,https://shopview.testrail.io/index.php?/cases/view/30438,TU,TU — Exports,Downloads always order rows Technician A to Z; the on-screen sort is ignored,KEEP,"Downloads always order A-to-Z and deliberately ignore the on-screen sort - explicitly unlike Parts Velocity, and the build breaks it.",,,SENSIBLE,The note names the deliberate cross-report difference.,,,,Y,OK,,DEVIATION,,Functional,False
TU-EXP-06,C30439,https://shopview.testrail.io/index.php?/cases/view/30439,TU,TU — Exports,"PDF logo: the uploaded logo, else the bundled ShopView logo; CSV never",KEEP,Logo resolution chain in both PDF views and the CSV-never-has-a-logo negative.,,,SENSIBLE,Three steps; the note says to restore the logo.,,,,Y,OK,,VIU-Observed-PASS,,Functional,False
TU-EXP-07,C30440,https://shopview.testrail.io/index.php?/cases/view/30440,TU,TU — Exports,Choosing a download with no technician selected is a silent no-op,KEEP,The specified silent no-op with no technician selected; the build downloads a file and raises a success toast instead - a real defect this case caught.,,,SENSIBLE,Three steps.,,,,Y,OK,,DEVIATION,,Negative,False
TU-EXP-08,C30441,https://shopview.testrail.io/index.php?/cases/view/30441,TU,TU — Exports,A starting download notifies; a failed one shows the failure message,KEEP,Two verbatim download notifications; the build's success text differs.,,,SENSIBLE,Closed strings pinned to the TU §7 table + spec version - Rule 42 satisfied.,,,,Y,OK,,DEVIATION,,Functional,False
TU-EXP-09,C38887,https://shopview.testrail.io/index.php?/cases/view/38887,TU,TU — Exports,An over-cap Technician Utilization export is refused with the too-large message,KEEP,Over-cap export refusal with the suite-wide message; the spec is silent so the case carries the engineering-plan cap and says so.,,,SENSIBLE,Four steps including recovery; the note flags the spec silence as a question for Chris.,,,,Y,OK,,VIU-Observed-PASS,,Negative,False
TU-HRS-02,C30401,https://shopview.testrail.io/index.php?/cases/view/30401,TU,TU — Hours & Utilization,"Headers in fixed order; Total, WO and Internal Hours show clocked hours (2 dp)",KEEP,"Header order plus the definitions of all three hours columns, the include-unrated-hours rule, and the rounding.",,,SENSIBLE,"Scope-conditioned for Location and version-pinned - Rule 42 satisfied. The build renders Location second rather than leftmost, which is a build deviation, not a case error.",,,,Y,OK,,DEVIATION,,Functional,False
TU-HRS-03,C30402,https://shopview.testrail.io/index.php?/cases/view/30402,TU,TU — Hours & Utilization,Utilization % is WO hours over total hours from unrounded values,KEEP,Utilization % computed from unrounded hours - a real precision contract with a tie example.,,,SENSIBLE,Step 1 prescribes the hand computation from unrounded values.,,,,Y,OK,,VIU-Observed-PASS,,Functional,False
TU-HRS-04,C30403,https://shopview.testrail.io/index.php?/cases/view/30403,TU,TU — Hours & Utilization,A technician with only internal hours shows 0.0% utilization,KEEP,"The internal-only 0.0% case, the never-above-100% invariant, and the honest statement that the undefined state is unreachable.",,,SENSIBLE,Two steps; expected 3 explains why a tester will never see the em-dash.,,,,Y,OK,,VIU-Observed-PASS,,Functional,False
TU-LINK-01,C30428,https://shopview.testrail.io/index.php?/cases/view/30428,TU,TU — Deep Links,Total Hours is a real link with a non-color affordance and keyboard access,KEEP,"Link affordance beyond colour, keyboard focus and activation, and that the Summary row's value is NOT a link - it found a real colour-only-at-rest defect.",,,SENSIBLE,Three steps.,,,,Y,OK,,DEVIATION,,Functional,False
TU-LINK-02,C30429,https://shopview.testrail.io/index.php?/cases/view/30429,TU,TU — Deep Links,The Total Hours link opens Timesheet Activities in the same tab,KEEP,The deep link carries the technician and the range into Timesheet Activities in the same tab - a navigation contract with real context to get wrong.,,,SENSIBLE,Three steps with a non-default range so the carry is provable.,,,,Y,OK,,VIU-Observed-PASS,,Functional,False
TU-LINK-03,C30430,https://shopview.testrail.io/index.php?/cases/view/30430,TU,TU — Deep Links,"Same range, single location, closed records: Total Hours matches Timesheet",KEEP,"The headline reconciliation guarantee between two reports, with the scope conditions under which a mismatch IS a defect stated explicitly.",,,SENSIBLE,"The 2026-07-28 repair corrected ""to the cent"" to ""to two decimals"" - the compared values are hours.",,,,Y,OK,,VIU-Observed-PASS,,Functional,False
TU-LINK-04,C30431,https://shopview.testrail.io/index.php?/cases/view/30431,TU,TU — Deep Links,Reconcile exception (a): an open clock is snapshotted at each load instant,KEEP,The open-clock snapshot exception - it stops a tester filing a defect over two reports loaded a minute apart.,,,SENSIBLE,Three steps including the reload that proves the snapshot.,,,,Y,OK,,VIU-Observed-PASS,,Functional,False
TU-LINK-05,C30432,https://shopview.testrail.io/index.php?/cases/view/30432,TU,TU — Deep Links,Reconciliation exception (b): the link passes no location,KEEP,"The link deliberately passes no location, so the drill-through can legitimately disagree - the second documented exception.",,,SENSIBLE,Three steps.,,,,Y,OK,Needs one technician clocked at two locations.,VIU-Observed-PASS,,Functional,False
TU-LINK-06,C30433,https://shopview.testrail.io/index.php?/cases/view/30433,TU,TU — Deep Links,A day row's Total Hours links to that technician's single-day timesheet,KEEP,A day row's link narrows to that single day - a distinct link target from the technician row's.,,,SENSIBLE,Two steps.,,,,Y,OK,,VIU-Observed-PASS,,Functional,False
TU-LOC-01,C30442,https://shopview.testrail.io/index.php?/cases/view/30442,TU,TU — Location Filter,The Location filter is the rightmost multi-select; All Locations = select-all,KEEP,"Location filter anatomy, the select-all semantics of ""All locations"", and per-row identification.",,,SENSIBLE,Four steps; expected 2 already carves out the one-location case.,,,,Y,OK,,DEVIATION,,Functional,False
TU-LOC-02,C30443,https://shopview.testrail.io/index.php?/cases/view/30443,TU,TU — Location Filter,Location changes reload with hours pooled into one row per technician,KEEP,Location changes reload (unlike the technician filter) and hours POOL into one row per technician - the row-model contract of this report.,,,SENSIBLE,Four steps.,,,,Y,OK,Needs one technician clocked at two locations.,VIU-Observed-PASS,,Functional,False
TU-LOC-03,C30444,https://shopview.testrail.io/index.php?/cases/view/30444,TU,TU — Location Filter,The saved location selection restores defensively; bad ones are dropped,KEEP,"Defensive restore of a saved location selection, including the empty-remainder fallback.",,,SENSIBLE,Two steps.,,,,Y,OK,Needs an admin to change location access.,VIU-Observed-PASS,,Negative,False
TU-LOC-05,C30446,https://shopview.testrail.io/index.php?/cases/view/30446,TU,TU — Location Filter,Technician Utilization: Location filter hidden for a one-location user,KEEP,PO-ruled hidden Location filter for a one-location user; the build refutes it.,,,SENSIBLE,Two steps.,,,,Y,OK,,DEVIATION,,Functional,False
TU-LOC-06,C38915,https://shopview.testrail.io/index.php?/cases/view/38915,TU,TU — Location Filter,The Location column shows only with more than one location; Summary row blank,KEEP,"Location column position, Multiple on spanning rows, per-day behaviour, the blank Summary cell, selector exclusion, and all three downloads.",,,FIX-WORDING,"Expected 8 is the FIFTH copy of the cosmetic filter-width assertion (with IV-LOC-06, PV-FILT-14, SBC-LOC-04, SBR-LOC-05). Consolidate into one styling case or drop from all five.",,,,Y,OK,,DEVIATION,,Functional,False
TU-NAV-01,C30392,https://shopview.testrail.io/index.php?/cases/view/30392,TU,TU — Access & Display,"Technician Utilization sits under Performance, below existing report links",KEEP,Navigation placement below the four named anchor reports.,,,SENSIBLE,Four steps.,,,,Y,OK,,VIU-Observed-PASS,,Functional,False
TU-NAV-02,C30393,https://shopview.testrail.io/index.php?/cases/view/30393,TU,TU — Access & Display,One row per technician who clocked time in the range at those locations,KEEP,Row inclusion: only technicians with clocked time in scope get a row.,,,SENSIBLE,Two steps over two deliberately-shaped technicians.,,,,Y,OK,,VIU-Observed-PASS,,Functional,False
TU-NAV-03,C30394,https://shopview.testrail.io/index.php?/cases/view/30394,TU,TU — Access & Display,First visit defaults to the This Month preset and the user's active location,KEEP,First-visit date and location defaults; the build defaults location to all locations instead.,,,SENSIBLE,Two steps on a fresh profile.,,,,Y,OK,,DEVIATION,,Functional,False
TU-NAV-04,C30395,https://shopview.testrail.io/index.php?/cases/view/30395,TU,TU — Access & Display,Changing the date range reloads the rows; a Custom range is capped at 366 days,KEEP,Range change reloads plus the 366-day cap.,,,SENSIBLE,Three steps.,,,,Y,OK,,VIU-Observed-PASS,,Functional,False
TU-NAV-05,C30396,https://shopview.testrail.io/index.php?/cases/view/30396,TU,TU — Access & Display,The loading indicator shows on load and reload; rows swap only on data,WEAK-KEEP,Loading indicator behaviour; a near-duplicate of PV-NAV-03 (C30324) and SBR-STATE-03 (C30300) across reports.,,,SENSIBLE,Three steps.,,,,Y,OK,,VIU-Observed-PASS,,Functional,False
TU-NAV-06,C30397,https://shopview.testrail.io/index.php?/cases/view/30397,TU,TU — Access & Display,All clock records are day-grouped and windowed in one report-level time zone,KEEP,"A single report-level time zone governing day grouping, the midnight split and the range boundary - the hardest and highest-value assertion in this report.",,,SENSIBLE,Three steps over three deliberately-shaped records.,,,,Y,OK,"Needs cross-midnight and boundary-straddling records, ideally in two time zones.",VIU-Observed-PASS,,Functional,False
TU-NAV-07,C30398,https://shopview.testrail.io/index.php?/cases/view/30398,TU,TU — Access & Display,Without reports access Technician Utilization is hidden,KEEP,Permission negative for the navigation entry.,,,SENSIBLE,Two steps.,,,,Y,OK,,VIU-Observed-PASS,,Negative,False
TU-NAV-08,C30399,https://shopview.testrail.io/index.php?/cases/view/30399,TU,TU — Access & Display,Standard no-data message when no time in scope or all technicians cleared,KEEP,"The no-data message from BOTH triggers plus the hidden Summary row, and the explicit statement that the copy is not differentiated.",,,SENSIBLE,Verbatim string pinned to TU §7 + spec version - Rule 42 satisfied.,,,,Y,OK,,VIU-Observed-PASS,,Negative,False
TU-SORT-01,C30409,https://shopview.testrail.io/index.php?/cases/view/30409,TU,TU — Sorting,On load rows sort by Technician A to Z with the ascending indicator,KEEP,"Default sort, its visual indicator, and the aria-sort exposure.",,,SENSIBLE,Three steps.,,,,Y,TOOL,Step 3 needs the accessibility tree.,VIU-Observed-PASS,,Functional,False
TU-SORT-02,C30410,https://shopview.testrail.io/index.php?/cases/view/30410,TU,TU — Sorting,"All six columns sort on screen: ascending first, toggling with no third state",KEEP,"All six columns sortable, the first-click-descending consequence of the default, no third state, client-side application, and the tie order.",,,SENSIBLE,Expected 1 is precise about why the first Technician click goes descending - exactly the kind of detail a cold tester needs.,,,,Y,OK,,VIU-Observed-PASS,,Functional,False
TU-SORT-03,C30411,https://shopview.testrail.io/index.php?/cases/view/30411,TU,TU — Sorting,A data reload resets the sort to Technician A to Z,KEEP,"A reload resets the sort and the sort is NOT persisted, unlike the other settings - a deliberate asymmetry worth pinning.",,,SENSIBLE,Three steps.,,,,Y,OK,,VIU-Observed-PASS,,Functional,False
TU-SORT-04,C30412,https://shopview.testrail.io/index.php?/cases/view/30412,TU,TU — Sorting,Sorting reorders only the technician rows,KEEP,Sort scope: Summary stays pinned and day rows keep date order rather than re-sorting.,,,SENSIBLE,Three steps.,,,,Y,OK,,VIU-Observed-PASS,,Functional,False
TU-SORT-05,C30413,https://shopview.testrail.io/index.php?/cases/view/30413,TU,TU — Sorting,Sorting Est. Lost Labor keeps em-dash rows last both ways; $0.00 sorts as 0,KEEP,Em-dash rows stay at the bottom in BOTH directions and $0.00 sorts as a number - a genuine null-ordering contract.,,,SENSIBLE,Three steps.,,,,Y,OK,"Needs an unrated location, which cannot exist on this org.",EXTERNAL-DEPENDENCY,,Functional,False
TU-SUM-01,C30414,https://shopview.testrail.io/index.php?/cases/view/30414,TU,TU — Summary,"A pinned Summary row labeled Summary sits at the bottom, stays visible on scroll",KEEP,"Summary row label, bottom pinning, format parity and the no-prefix rule.",,,SENSIBLE,Three steps.,,,,Y,OK,,VIU-Observed-PASS,,Functional,False
TU-SUM-02,C30415,https://shopview.testrail.io/index.php?/cases/view/30415,TU,TU — Summary,Summary totals visible technicians from unrounded hours; 0.01 drift expected,KEEP,"Summary totals over the VISIBLE technicians from unrounded hours, with the 0.01 eye-sum drift declared expected.",,,SENSIBLE,"The 2026-07-28 repair corrected ""a cent"" to 0.01 - the values are hours.",,,,Y,OK,,VIU-Observed-PASS,,Functional,False
TU-SUM-03,C30416,https://shopview.testrail.io/index.php?/cases/view/30416,TU,TU — Summary,Summary Utilization % is the weighted rate; not an average of the rows,KEEP,Weighted utilisation rather than an average of the row percentages - a classic and expensive aggregation bug.,,,SENSIBLE,The skewed 100%/0% seeding makes the two answers unmistakably different.,,,,Y,OK,,VIU-Observed-PASS,,Functional,False
TU-SUM-04,C30417,https://shopview.testrail.io/index.php?/cases/view/30417,TU,TU — Summary,Summary Est. Lost Labor sums rated contributions; em-dash only if all are,KEEP,"Summary Est. Lost Labor sums only the rated contributions, understates deliberately, and shows an em-dash only when every visible row is one.",,,SENSIBLE,Two steps; expected 2 states the deliberate understatement.,,,,Y,OK,Needs an unrated location.,VIU-Observed-PASS,,Functional,False
TU-TECH-01,C30423,https://shopview.testrail.io/index.php?/cases/view/30423,TU,TU — Technician Filter,Filter by Technician starts with every technician selected on a first visit,KEEP,"Filter label, the all-selected first-visit default, and multi-select.",,,SENSIBLE,Three steps.,,,,Y,OK,,DEVIATION,,Functional,False
TU-TECH-02,C30424,https://shopview.testrail.io/index.php?/cases/view/30424,TU,TU — Technician Filter,Deselecting a technician hides the row and recalculates the Summary,KEEP,Deselecting hides the row and recalculates the Summary with NO reload - the on-screen-only contract.,,,SENSIBLE,"The 2026-08-03 repair is the model Rule-4 fix: devtools removed, the network claim left in TU-API-02, and expected 5 says plainly that no tools are needed.",,,,Y,OK,,VIU-Observed-PASS,,Functional,False
TU-TECH-03,C30425,https://shopview.testrail.io/index.php?/cases/view/30425,TU,TU — Technician Filter,All technicians and Clear all controls set every technician on or off,KEEP,"Select-all / Clear-all plus the deselected-set tracking model, which decides how a newly-appearing technician behaves - genuinely subtle.",,,SENSIBLE,Four steps that walk the whole state machine.,,,,Y,OK,,DEVIATION,,Functional,False
TU-TECH-04,C30426,https://shopview.testrail.io/index.php?/cases/view/30426,TU,TU — Technician Filter,Previously deselected technicians stay deselected on the next visit,KEEP,The deselected set persists per browser and a newly-appearing technician is selected by default.,,,SENSIBLE,Three steps.,,,,Y,OK,,VIU-Observed-PASS,,Functional,False
TU-VIS-01,C30447,https://shopview.testrail.io/index.php?/cases/view/30447,TU,TU — Visual & Accessibility,All-white table with no row shading; toolbar controls in the fixed order,WEAK-KEEP,"All-white table and toolbar control order; cosmetic, though the v5 toolbar reorder gives it delta value right now.",,,SENSIBLE,Three steps; expected 3 states where the expand-all control is NOT.,,,,Y,OK,,VIU-Observed-PASS,,Functional,False
TU-VIS-02,C30448,https://shopview.testrail.io/index.php?/cases/view/30448,TU,TU — Visual & Accessibility,Dark mode keeps every report element legible,WEAK-KEEP,Dark-mode legibility across seven named elements; cosmetic.,,,SENSIBLE,"The 2026-08-03 repair replaced ""measure the contrast"" with a by-eye check and named the owner - the right pattern.",,,,Y,OK,,VIU-Observed-PASS,,Functional,False
WIP-API-01,C30528,https://shopview.testrail.io/index.php?/cases/view/30528,WIP,WIP — API,Nightly snapshot records one row per then-open job per calendar date,KEEP,"One row per open job per calendar date, next-day accumulation, and idempotent re-run - the capture contract all WIP history rests on.",,,SENSIBLE,Four steps; the note admits the re-run rule comes from the engineering plan because the spec is silent.,,,,Y,TECHNICAL,Needs backend/DB access; correctly in an API-titled section.,EXTERNAL-DEPENDENCY,,Functional,True
WIP-API-03,C30530,https://shopview.testrail.io/index.php?/cases/view/30530,WIP,WIP — API,Captured Earned and Remaining use the same maths as the on-screen report,KEEP,Captured Earned and Remaining equal the on-screen figures to the cent - the equivalence contract that makes history trustworthy.,,,SENSIBLE,Three steps across a capture boundary.,,,,Y,TECHNICAL,Needs backend/DB access.,EXTERNAL-DEPENDENCY,,Functional,True
WIP-API-04,C30531,https://shopview.testrail.io/index.php?/cases/view/30531,WIP,WIP — API,Nightly snapshot spans every location with no user location filter,KEEP,"The capture uses the report's scope conditions, spans every location with no user filter, and excludes the closed and part-sale kinds.",,,SENSIBLE,Three steps.,,,,Y,TECHNICAL,Needs backend/DB access.,EXTERNAL-DEPENDENCY,,Functional,True
WIP-API-06,C30533,https://shopview.testrail.io/index.php?/cases/view/30533,WIP,WIP — API,Nightly snapshot: a job with nothing approved is captured at $0.00; not skipped,KEEP,"A nothing-approved job is captured at $0.00 rather than skipped - the ""row silently disappears from history"" risk.",,,SENSIBLE,Two steps.,,,,Y,TECHNICAL,Needs backend/DB access.,EXTERNAL-DEPENDENCY,,Functional,True
WIP-CALC-01,C30474,https://shopview.testrail.io/index.php?/cases/view/30474,WIP,WIP — Earned & Remaining,Money columns show US dollars to two decimals with thousands separators,KEEP,Money formatting including the negative and genuine-zero branches.,,,SENSIBLE,Three steps.,,,,Y,OK,,VIU-Observed-PASS,,Functional,False
WIP-CALC-02,C30475,https://shopview.testrail.io/index.php?/cases/view/30475,WIP,WIP — Earned & Remaining,Labor Earned is the clocked share of each approved line's quoted value,KEEP,Labor Earned as the clocked share of the quoted value WITH the per-line cap - the central money semantic of this report.,,,SENSIBLE,"Two deliberately-shaped work orders, including an over-clocked one.",,,,Y,OK,,VIU-Observed-PASS,,Functional,False
WIP-CALC-03,C30476,https://shopview.testrail.io/index.php?/cases/view/30476,WIP,WIP — Earned & Remaining,Labor Remaining is the approved labor's quoted value minus Labor Earned,KEEP,The Labor Earned + Labor Remaining = quoted identity.,,,SENSIBLE,Three steps with the addition done by hand.,,,,Y,OK,,VIU-Observed-PASS,,Functional,False
WIP-CALC-04,C30477,https://shopview.testrail.io/index.php?/cases/view/30477,WIP,WIP — Earned & Remaining,Parts Earned is the sell value of approved-line parts already received,KEEP,Parts Earned counts only received quantity - the not-yet-received exclusion is the assertion.,,,SENSIBLE,Three steps.,,,,Y,OK,,VIU-Observed-PASS,,Functional,False
WIP-CALC-05,C30478,https://shopview.testrail.io/index.php?/cases/view/30478,WIP,WIP — Earned & Remaining,Parts Remaining values the not-yet-received quantity at its sell price,KEEP,Parts Remaining values outstanding quantity INCLUDING the core charge - an easy omission with real money consequences.,,,SENSIBLE,Three steps over two work orders.,,,,Y,OK,,VIU-Observed-PASS,,Functional,False
WIP-CALC-06,C30479,https://shopview.testrail.io/index.php?/cases/view/30479,WIP,WIP — Earned & Remaining,Earned + Remaining make Total; not the WO's grand total,KEEP,The three composition identities plus the explicit statement that Total is NOT the work order's grand total - prevents a recurring false defect.,,,SENSIBLE,Five steps ending in a comparison against the work order itself.,,,,Y,OK,,VIU-Observed-PASS,,Functional,False
WIP-CALC-07,C30480,https://shopview.testrail.io/index.php?/cases/view/30480,WIP,WIP — Earned & Remaining,Lines that are not yet approved contribute nothing to any money figure,KEEP,Unapproved lines contribute nothing - proved by adding lines and showing the figures do not move.,,,SENSIBLE,Three steps with a before/after read.,,,,Y,OK,,VIU-Observed-PASS,,Functional,False
WIP-CALC-08,C30481,https://shopview.testrail.io/index.php?/cases/view/30481,WIP,WIP — Earned & Remaining,Inv. Hrs shows quoted minus worked hours; signed to one decimal,KEEP,"Inv. Hrs signed formatting, colour direction, and the unsigned zero.",,,SENSIBLE,Three deliberately-shaped jobs.,,,,Y,OK,,VIU-Observed-PASS,,Functional,False
WIP-CALC-09,C30482,https://shopview.testrail.io/index.php?/cases/view/30482,WIP,WIP — Earned & Remaining,An open estimate with no approved work shows $0.00 in every money column,KEEP,Nothing-approved shows $0.00 in every money column AND the row still appears.,,,SENSIBLE,Two steps.,,,,Y,OK,,VIU-Observed-PASS,,Functional,False
WIP-CALC-10,C38890,https://shopview.testrail.io/index.php?/cases/view/38890,WIP,WIP — Earned & Remaining,"A technician still clocked in counts toward Labor Earned, capped at the quote",KEEP,"A running clock counts toward Labor Earned, still capped - an explicit regression guard against a known legacy defect that dropped open clock records.",,,SENSIBLE,Three steps; the note names the exact failure to catch.,,,,Y,OK,,VIU-Observed-PASS,,Functional,False
WIP-COL-01,C30466,https://shopview.testrail.io/index.php?/cases/view/30466,WIP,WIP — Columns & Rows,"With all toggleable columns on, the fixed column order and alignment hold",KEEP,Fixed column order and alignment across seventeen columns.,,,CONTRADICTION,"Precondition 4 says ""Location is turned ON in the column-selection control (it is off by default)"" while the case's own refs quote WIP v6 S4-R3: ""The Location column is not offered in the column selector; its visibility is automatic"". Group CG-WIP-LOCATION-COLUMN, shared with WIP-COL-02. Winner: S4-R3 (the current spec, and the model every other report's Location case follows). Repair: assert the automatic behaviour and record the selector-controlled build as the deviation.",CG-WIP-LOCATION-COLUMN,see sense_reason,aligned to the precedence winner (see sense_reason),Y,OK,,DEVIATION,,Functional,False
WIP-COL-02,C30467,https://shopview.testrail.io/index.php?/cases/view/30467,WIP,WIP — Columns & Rows,First visit shows the default columns; the rest are in the column selector,KEEP,First-visit default column set and which columns are available-but-off.,,,CONTRADICTION,"Expected 3 and 4 assert ""Location IS offered in the column-selection control ... does NOT appear on its own ... That is what the build does today"" - the exact opposite of WIP v6 S4-R3 cited in its own refs, and the opposite of the Location cases on all five other reports (IV-LOC-06, PV-FILT-14, SBC-LOC-04, SBR-LOC-05, TU-LOC-06). Group CG-WIP-LOCATION-COLUMN. Winner: S4-R3. The case as written CANNOT FAIL a build that breaks the current spec - it was aligned to the build instead, which inverts the Rule-33 precedence order.",CG-WIP-LOCATION-COLUMN,see sense_reason,aligned to the precedence winner (see sense_reason),Y,OK,,DEVIATION,,Functional,False
WIP-COL-03,C30468,https://shopview.testrail.io/index.php?/cases/view/30468,WIP,WIP — Columns & Rows,The WO # is a link that opens the WO in the same browser tab,KEEP,"The WO # link opens in the same tab - a 2026-07-21 behaviour change, so a real regression target.",,,SENSIBLE,Three steps; the note names the previous new-tab behaviour.,,,,Y,OK,,VIU-Observed-PASS,,Functional,False
WIP-COL-04,C30469,https://shopview.testrail.io/index.php?/cases/view/30469,WIP,WIP — Columns & Rows,Status shows as a color-coded badge whose label text is always present,KEEP,Status badge labels and the colour-is-never-the-sole-signal accessibility rule.,,,SENSIBLE,Closed five-label list version-pinned to WIP v6 S4-R6 - Rule 42 satisfied.,,,,Y,OK,,DEVIATION,,Functional,False
WIP-COL-05,C30470,https://shopview.testrail.io/index.php?/cases/view/30470,WIP,WIP — Columns & Rows,"Asset cell identifies the asset by VIN, falling back to Unit #, then plate",KEEP,"The asset identifier chain Chris Ward ruled standard, plus the plain non-vehicle serial-number note.",,,SENSIBLE,Three steps; expected 3 honestly asks the tester to record the second-line rendering rather than asserting it.,,,,Y,OK,,DEVIATION,,Functional,False
WIP-COL-06,C30471,https://shopview.testrail.io/index.php?/cases/view/30471,WIP,WIP — Columns & Rows,Customer shows the customer's company name,WEAK-KEEP,Customer column content plus the blank-when-absent branch; per-column display filler with one useful negative.,,,SENSIBLE,Two steps.,,,,Y,OK,,VIU-Observed-PASS,,Functional,False
WIP-COL-07,C30472,https://shopview.testrail.io/index.php?/cases/view/30472,WIP,WIP — Columns & Rows,Days Open shows whole days since creation and reads 0 days / 1 days,KEEP,"Days Open floor arithmetic AND the documented ""1 days"" non-pluralisation - the second half stops a recurring false bug report.",,,SENSIBLE,Three deliberately-aged work orders; expected 3 marks the grammar as correct.,,,,Y,OK,,VIU-Observed-PASS,,Functional,False
WIP-COL-08,C30473,https://shopview.testrail.io/index.php?/cases/view/30473,WIP,WIP — Columns & Rows,Last Activity shows Today; Xd ago; or an em-dash when there is none,WEAK-KEEP,"Last Activity's three renderings; per-column display, though the em-dash branch has some value.",,,SENSIBLE,Three steps.,,,,Y,OK,,VIU-Observed-PASS,,Functional,False
WIP-EXP-01,C30510,https://shopview.testrail.io/index.php?/cases/view/30510,WIP,WIP — Exports,Work In Progress: a three-dot menu holds Download (PDF) and Download (CSV),KEEP,"Export menu and its two verbatim labels, per tab.",,,SENSIBLE,Three steps.,,,,Y,OK,,VIU-Observed-PASS,,Functional,False
WIP-EXP-02,C30511,https://shopview.testrail.io/index.php?/cases/view/30511,WIP,WIP — Exports,"Downloads keep shown columns, honor filters, include the tab's Totals row",KEEP,"Exports mirror the shown columns, honour every filter, carry the tab's Totals row and the Locations line, with the Branch/Unit heading carve-out.",,,SENSIBLE,Expected 1's in-line exception (Inv. Hrs cannot be exported on this build) and expected 5's plain naming note are both honest disclosures a cold tester can act on.,,,,Y,OK,,DEVIATION,,Functional,False
WIP-EXP-03,C30512,https://shopview.testrail.io/index.php?/cases/view/30512,WIP,WIP — Exports,Downloaded money and Inv. Hrs values keep the on-screen formats,KEEP,Export number formats plus the CSV quote-only-when-it-contains-a-comma rule - a real parsing contract.,,,SENSIBLE,"Five steps; step 3 checks the unquoted case too, which is what makes it a rule and not a guess.",,,,Y,OK,,VIU-Observed-PASS,,Functional,False
WIP-EXP-04,C30513,https://shopview.testrail.io/index.php?/cases/view/30513,WIP,WIP — Exports,Inv. Hrs green/red coloring appears on screen and in the PDF; not the CSV,WEAK-KEEP,"Colour in the PDF and monochrome in the CSV; cosmetic, and the column cannot be exported at all on this build.",,,SENSIBLE,Two steps.,,,,Y,OK,,NOT-BUILT,,Functional,False
WIP-EXP-05,C30514,https://shopview.testrail.io/index.php?/cases/view/30514,WIP,WIP — Exports,Days Open in a download is frozen at the moment the file is generated,KEEP,"Days Open frozen at generation time, so a one-day difference from the screen is expected - prevents a false off-by-one report.",,,SENSIBLE,Three steps.,,,,Y,OK,,VIU-Observed-PASS,,Functional,False
WIP-EXP-06,C30515,https://shopview.testrail.io/index.php?/cases/view/30515,WIP,WIP — Exports,"The downloaded files are named ""wip-2-report.pdf"" and ""wip-2-report.csv""",KEEP,"Two verbatim file names including the odd ""-2-"" segment, explicitly marked do-not-file.",,,SENSIBLE,Closed names version-pinned to WIP v6 S9-R9 - Rule 42 satisfied.,,,,Y,OK,,VIU-Observed-PASS,,Functional,False
WIP-EXP-07,C30516,https://shopview.testrail.io/index.php?/cases/view/30516,WIP,WIP — Exports,"Export headers read ""Unit"" and ""Branch"" — documented limitation, do not file",KEEP,"The on-screen-versus-export header difference (Asset/Location becoming Unit/Branch), documented as expected.",,,SENSIBLE,Three steps; expected 4 asks the tester to record rather than assert the unpinned half.,,,,Y,OK,,VIU-Observed-PASS,,Functional,False
WIP-EXP-08,C30517,https://shopview.testrail.io/index.php?/cases/view/30517,WIP,WIP — Exports,The PDF shows the shop logo at the top when one is set,WEAK-KEEP,PDF logo plus the CSV-never negative; a near-duplicate of the logo cases on the other five reports.,,,SENSIBLE,Two steps.,,,,Y,OK,,VIU-Observed-PASS,,Functional,False
WIP-EXP-09,C30518,https://shopview.testrail.io/index.php?/cases/view/30518,WIP,WIP — Exports,"Export notifications: success caption, ""Empty export"" warning",KEEP,"Three verbatim export notifications across success, empty and failure.",,,SENSIBLE,"Three states, three steps; the failure step is hedged.",,,,Y,TOOL,The failure path needs the network cut.,VIU-Observed-PASS,,Functional,False
WIP-EXP-10,C38918,https://shopview.testrail.io/index.php?/cases/view/38918,WIP,WIP — Exports,An over-cap Work In Progress download is refused with the too-large message,KEEP,"Over-cap refusal with the PO-ruled suite-wide message, and the WIP spec's silence disclosed.",,,SENSIBLE,Expected 4 tells the tester plainly that the state is unreachable here and to record it.,,,,Y,OK,,EXTERNAL-DEPENDENCY,,Negative,False
WIP-FLT-01,C30498,https://shopview.testrail.io/index.php?/cases/view/30498,WIP,WIP — Filters,The Advisor filter lists the advisors in the loaded jobs; screen only,KEEP,Advisor filter is on-screen only with no reload - the interaction-model contract for this report's three narrowing filters.,,,SENSIBLE,Three steps.,,,,Y,OK,,VIU-Observed-PASS,,Functional,False
WIP-FLT-02,C30499,https://shopview.testrail.io/index.php?/cases/view/30499,WIP,WIP — Filters,"Customer filter is a type-ahead multi-select reading ""All customers""",KEEP,Customer type-ahead plus the rule that Clear appears only once something is selected.,,,SENSIBLE,Four steps.,,,,Y,OK,,VIU-Observed-PASS,,Functional,False
WIP-FLT-03,C30500,https://shopview.testrail.io/index.php?/cases/view/30500,WIP,WIP — Filters,"Asset filter matches VIN, Unit #, or plate; ""All assets"" when empty",KEEP,Asset filter option text and match fields follow the PO-ruled VIN chain; the build leads with the unit number.,,,SENSIBLE,Four steps; expected 5 carries the non-vehicle serial-number note.,,,,Y,OK,,DEVIATION,,Functional,False
WIP-FLT-04,C30501,https://shopview.testrail.io/index.php?/cases/view/30501,WIP,WIP — Filters,The date range offers the presets plus Custom; This Week default; no All Time,KEEP,"Preset list, the This Week default and the absence of All Time.",,,SENSIBLE,Two steps on a fresh visit.,,,,Y,OK,,DEVIATION,,Functional,False
WIP-FLT-05,C30502,https://shopview.testrail.io/index.php?/cases/view/30502,WIP,WIP — Filters,The date range filters on the WO's created date and reloads on change,KEEP,"Created-date filtering, reload on change, and the span cap.",,,SENSIBLE,"MODEL PATTERN: expected 3 states the SPEC value and expected 4 separately tells the tester the build is one day off, already known and with the product owner, and to record what they see. That is how IV-NAV-05, IV-EXP-10 and WIP-COL-02 should have been written.",,,,Y,OK,,DEVIATION,,Functional,False
WIP-FLT-06,C30503,https://shopview.testrail.io/index.php?/cases/view/30503,WIP,WIP — Filters,"Location filter: rightmost multi-select with All locations, reloads on change",KEEP,"Location filter anatomy, first-visit default, reload on change, the scope indicator, and the PO-ruled hidden filter for a one-location user.",,,SENSIBLE,Five steps.,,,,Y,OK,,DEVIATION,,Functional,False
WIP-FLT-07,C30504,https://shopview.testrail.io/index.php?/cases/view/30504,WIP,WIP — Filters,The location scope never includes an inaccessible location,KEEP,"An inaccessible location never enters scope, with two fallback paths - a tenant-safety contract.",,,SENSIBLE,Three steps.,,,,Y,OK,,VIU-Observed-PASS,,Negative,False
WIP-FLT-08,C30505,https://shopview.testrail.io/index.php?/cases/view/30505,WIP,WIP — Filters,"Advisor, customer and asset filters AND together and recompute strip and Totals",KEEP,"The three on-screen filters AND together and the strip and Totals recompute from the visible jobs, with the empty state.",,,SENSIBLE,"Three steps, incremental.",,,,Y,OK,,VIU-Observed-PASS,,Functional,False
WIP-FLT-09,C38916,https://shopview.testrail.io/index.php?/cases/view/38916,WIP,WIP — Filters,The Location column is automatic and never reads Multiple on a work-order row,KEEP,"The Location column model, the never-""Multiple"" invariant and the Branch export header.",,,CONTRADICTION,"Expected 1, 4 and 5 assert the SELECTOR-controlled model - ""Location is offered in the column-selection control ... The column does not appear or disappear on its own"" - which is the opposite of WIP v6 S7-R13/S4-R3 cited in its own refs (""automatic visibility - shown only when more than one location is in scope"") and the opposite of the Location cases on all five other reports. Group CG-WIP-LOCATION-COLUMN with WIP-COL-01 and WIP-COL-02. Winner by Rule 33: the spec. Resolution needs the QA lead's ruling because it reverses a previous pass's deliberate choice to follow the build.",CG-WIP-LOCATION-COLUMN with WIP-COL-01 and WIP-COL-02,see sense_reason,aligned to the precedence winner (see sense_reason),Y,OK,,DEVIATION,,Functional,False
WIP-PERM-01,C30526,https://shopview.testrail.io/index.php?/cases/view/30526,WIP,WIP — Permissions,Ordinary reports access covers opening and downloading Work In Progress,KEEP,Permission allow side across the report and its downloads.,,,SENSIBLE,Three steps; expected 3 says what to do if the build disagrees.,,,,Y,OK,,VIU-Observed-PASS,,Functional,False
WIP-PERM-02,C30527,https://shopview.testrail.io/index.php?/cases/view/30527,WIP,WIP — Permissions,Without reports access Work In Progress is absent from the navigation,KEEP,Permission block side.,,,SENSIBLE,Two steps; the note also asks for the direct-URL probe.,,,,Y,OK,,VIU-Observed-PASS,,Negative,False
WIP-PERS-01,C30506,https://shopview.testrail.io/index.php?/cases/view/30506,WIP,WIP — Column Selection & Persistence,Column Selection toggles columns; Total is not offered at all,KEEP,"Column-selection control, its verbatim tooltip, and the Total-cannot-be-hidden invariant.",,,SENSIBLE,Three steps.,,,,Y,OK,,VIU-Observed-PASS,,Functional,False
WIP-PERS-02,C30507,https://shopview.testrail.io/index.php?/cases/view/30507,WIP,WIP — Column Selection & Persistence,Toggling columns never reorders them (Total always last),WEAK-KEEP,Order stability under toggling plus the all-tabs-share-one-selection rule; the first half re-asserts WIP-COL-01's fixed order.,,,SENSIBLE,Three steps; the cross-tab check is the part only this case makes.,,,,Y,OK,,VIU-Observed-PASS,,Functional,False
WIP-PERS-03,C30508,https://shopview.testrail.io/index.php?/cases/view/30508,WIP,WIP — Column Selection & Persistence,"Remembers the date range, filter selections, location, columns",KEEP,"Persistence of seven settings plus the active tab, and the per-browser (not per-account) scope.",,,SENSIBLE,Four steps.,,,,Y,OK,,VIU-Observed-PASS,,Functional,False
WIP-PERS-04,C30509,https://shopview.testrail.io/index.php?/cases/view/30509,WIP,WIP — Column Selection & Persistence,A saved setting that is no longer valid falls back to its default,KEEP,Defensive restore of a stale saved setting.,,,SENSIBLE,Two steps.,,,,Y,OK,,VIU-Observed-PASS,,Negative,False
WIP-PLACE-01,C30462,https://shopview.testrail.io/index.php?/cases/view/30462,WIP,WIP — Tab Placement,"Status-to-tab mapping: Estimate, Complete, In Progress and Review work orders",KEEP,The status-to-tab mapping and the nowhere-else exclusivity.,,,SENSIBLE,"Four seeded work orders, one per status.",,,,Y,OK,,VIU-Observed-PASS,,Functional,False
WIP-PLACE-03,C30464,https://shopview.testrail.io/index.php?/cases/view/30464,WIP,WIP — Tab Placement,Approved started-boundary: time or part received vs neither decides the tab,KEEP,The started-boundary rule - clocked time OR a received part decides which Approved tab a job lands in. The subtlest placement rule in the report.,,,SENSIBLE,Three deliberately-shaped Approved work orders covering both started kinds and neither.,,,,Y,OK,,VIU-Observed-PASS,,Functional,False
WIP-SCOPE-01,C30456,https://shopview.testrail.io/index.php?/cases/view/30456,WIP,WIP — Scope & Loading,Every open service WO at a selected location appears in the report,KEEP,All five open statuses qualify - the inclusion half of the row-scope contract.,,,SENSIBLE,"Five seeded work orders, one per status.",,,,Y,OK,,VIU-Observed-PASS,,Functional,False
WIP-SCOPE-02,C30457,https://shopview.testrail.io/index.php?/cases/view/30457,WIP,WIP — Scope & Loading,Invoiced; Paid and part-sale work orders never appear,KEEP,"Invoiced, Paid and part-sale work orders excluded from rows, totals, the strip AND the download - a four-surface negative (Rule 40).",,,SENSIBLE,Four steps covering all four surfaces.,,,,Y,OK,,DEVIATION,,Negative,False
WIP-SCOPE-03,C30458,https://shopview.testrail.io/index.php?/cases/view/30458,WIP,WIP — Scope & Loading,Each qualifying work order appears exactly once in exactly one tab,KEEP,"Each qualifying job appears exactly once in exactly one tab, and a nothing-approved job still appears.",,,SENSIBLE,Three steps.,,,,Y,OK,,VIU-Observed-PASS,,Functional,False
WIP-SCOPE-04,C30459,https://shopview.testrail.io/index.php?/cases/view/30459,WIP,WIP — Scope & Loading,While loading the standard indicator shows and old rows stay until data,WEAK-KEEP,"Loading indicator behaviour; a near-duplicate of PV-NAV-03, TU-NAV-05 and SBR-STATE-03 across reports.",,,SENSIBLE,Two steps.,,,,Y,OK,,VIU-Observed-PASS,,Functional,False
WIP-SCOPE-05,C30460,https://shopview.testrail.io/index.php?/cases/view/30460,WIP,WIP — Scope & Loading,No qualifying work orders: every tab shows the no-data message and no Totals,KEEP,"The no-data state across all four tabs, the (0) counts, and the one-empty-tab-among-populated-tabs case.",,,SENSIBLE,Verbatim message; three steps covering both shapes of emptiness.,,,,Y,OK,,VIU-Observed-PASS,,Negative,False
WIP-SORT-01,C30483,https://shopview.testrail.io/index.php?/cases/view/30483,WIP,WIP — Sorting,The initial sort is Days Open with the longest-open work order first,KEEP,The initial Days Open descending sort - the report's opening priority order.,,,SENSIBLE,Two steps.,,,,Y,OK,,VIU-Observed-PASS,,Functional,False
WIP-SORT-02,C30484,https://shopview.testrail.io/index.php?/cases/view/30484,WIP,WIP — Sorting,"Clicking a header sorts ascending, clicking again toggles descending",KEEP,"Sort toggle semantics, no third state, and one column at a time.",,,SENSIBLE,Four steps including the third click.,,,,Y,OK,,VIU-Observed-PASS,,Functional,False
WIP-SORT-03,C30485,https://shopview.testrail.io/index.php?/cases/view/30485,WIP,WIP — Sorting,Columns sort by underlying values; Asset sorts by the identifier shown,KEEP,"Sort by underlying value versus text, and the Asset sort key following the PO-ruled identifier.",,,SENSIBLE,Five steps; the note admits the mixed-identifier sort key is unpinned.,,,,Y,OK,,DEVIATION,,Functional,False
WIP-SORT-04,C30486,https://shopview.testrail.io/index.php?/cases/view/30486,WIP,WIP — Sorting,Sorting reorders only the active tab's rows; Totals stays at the bottom,KEEP,Sort scope is the active tab only and the Totals row stays out of the sort.,,,SENSIBLE,Three steps.,,,,Y,OK,,VIU-Observed-PASS,,Functional,False
WIP-SUM-01,C30487,https://shopview.testrail.io/index.php?/cases/view/30487,WIP,WIP — Summary Strip,The summary strip shows seven figures in a fixed order as US dollars,KEEP,"The seven summary figures, their order and their currency format.",,,SENSIBLE,Closed list version-pinned to WIP v6 S5-R1 - Rule 42 satisfied.,,,,Y,OK,,VIU-Observed-PASS,,Functional,False
WIP-SUM-02,C30488,https://shopview.testrail.io/index.php?/cases/view/30488,WIP,WIP — Summary Strip,Total Earned is the hero figure and equals the started-stage figures summed,KEEP,Hero styling plus the Total Earned = Started-Earned + Ready to Invoice identity - a money contract.,,,SENSIBLE,Three steps with the addition done by hand.,,,,Y,OK,,VIU-Observed-PASS,,Functional,False
WIP-SUM-03,C30489,https://shopview.testrail.io/index.php?/cases/view/30489,WIP,WIP — Summary Strip,Total Remaining equals Not Started plus Started — Remaining,KEEP,The Total Remaining identity.,,,SENSIBLE,Two steps.,,,,Y,OK,,VIU-Observed-PASS,,Functional,False
WIP-SUM-04,C30490,https://shopview.testrail.io/index.php?/cases/view/30490,WIP,WIP — Summary Strip,Each per-stage figure equals the matching tab's money total,KEEP,"Each per-stage figure ties to its own tab's money total - the strip-versus-tab reconciliation, and the strongest case in this area.",,,SENSIBLE,"Three steps, one per tie; the note warns to drop the on-screen filters first.",,,,Y,OK,,VIU-Observed-PASS,,Functional,False
WIP-SUM-05,C30491,https://shopview.testrail.io/index.php?/cases/view/30491,WIP,WIP — Summary Strip,"The Estimates figure is the Estimates tab's total quoted value, shown muted",KEEP,"The Estimates figure is the quoted value, muted, and excluded from the two totals - it found a real $0.00 defect.",,,SENSIBLE,Three steps.,,,,Y,OK,,DEVIATION,,Functional,False
WIP-SUM-07,C30493,https://shopview.testrail.io/index.php?/cases/view/30493,WIP,WIP — Summary Strip,Each summary figure's information icon reveals its plain explanation,KEEP,Seven verbatim tooltip texts plus hover/focus/tap - one case where a lesser suite would have written fourteen.,,,SENSIBLE,Word-for-word comparison instructed explicitly.,,,,Y,OK,,VIU-Observed-PASS,,Functional,False
WIP-TAB-01,C30451,https://shopview.testrail.io/index.php?/cases/view/30451,WIP,WIP — Tabs,Work In Progress appears in the reports navigation under the Performance group,KEEP,Navigation placement and the verbatim browser page title.,,,SENSIBLE,Version-pinned closed title string - Rule 42 satisfied.,,,,Y,OK,,VIU-Observed-PASS,,Functional,False
WIP-TAB-02,C30452,https://shopview.testrail.io/index.php?/cases/view/30452,WIP,WIP — Tabs,Four tabs in a fixed order with the partially-completed tab selected,KEEP,"Four tabs, their order, the default tab, and the explicit absence of a status filter.",,,SENSIBLE,Closed list version-pinned to WIP v6 S1-R2 - Rule 42 satisfied.,,,,Y,OK,,DEVIATION,,Functional,False
WIP-TAB-05,C30455,https://shopview.testrail.io/index.php?/cases/view/30455,WIP,WIP — Tabs,There is no Trend / over-time tab or chart,WEAK-KEEP,"The deliberate absence of a Trend view; an absence-of-feature case, though it does guard against a premature surface reading the snapshot history.",,,SENSIBLE,Two steps.,,,,Y,OK,,VIU-Observed-PASS,,Functional,False
WIP-TOT-01,C30494,https://shopview.testrail.io/index.php?/cases/view/30494,WIP,WIP — Totals Row,"Each tab has a Totals row pinned to the bottom, labeled ""Totals""",KEEP,"A Totals row per tab, its label, and its pinned bold Total cell.",,,SENSIBLE,Three steps across every tab.,,,,Y,OK,,VIU-Observed-PASS,,Functional,False
WIP-TOT-02,C30495,https://shopview.testrail.io/index.php?/cases/view/30495,WIP,WIP — Totals Row,The Totals row sums each visible money column and the Inv. Hrs column,KEEP,The Totals row sums every visible money column and the Inv. Hrs column with its sign and colour.,,,SENSIBLE,Expected 4 tells the tester plainly that the Inv. Hrs total can only be checked on screen because the download is refused - an honest in-case disclosure.,,,,Y,OK,,DEVIATION,,Functional,False
WIP-VIS-01,C30519,https://shopview.testrail.io/index.php?/cases/view/30519,WIP,WIP — Visual & Accessibility,Each tab uses an all-white table with no alternating row shading,WEAK-KEEP,All-white table and no zebra striping; cosmetic.,,,SENSIBLE,Two steps.,,,,Y,OK,,DEVIATION,,Functional,False
WIP-VIS-02,C30520,https://shopview.testrail.io/index.php?/cases/view/30520,WIP,WIP — Visual & Accessibility,The summary strip is a bold band ruled top and bottom above the tabs,WEAK-KEEP,The summary strip renders as one ruled band rather than separate cards; cosmetic.,,,SENSIBLE,Two steps.,,,,Y,OK,,VIU-Observed-PASS,,Functional,False
WIP-VIS-03,C30521,https://shopview.testrail.io/index.php?/cases/view/30521,WIP,WIP — Visual & Accessibility,The Total column is bold and stays pinned right on sideways scroll,MERGE,The pinned bold Total column is already asserted by WIP-TOT-01 (C30494) expected 2; the survivor gains this case's horizontal-scroll line.,MG-WIP-TOTAL-PINNED,WIP-TOT-01 (C30494),SENSIBLE,Two steps.,,,,Y,OK,,VIU-Observed-PASS,,Functional,False
WIP-VIS-04,C30522,https://shopview.testrail.io/index.php?/cases/view/30522,WIP,WIP — Visual & Accessibility,The Totals row stays visible while only the active tab's body scrolls,WEAK-KEEP,Totals visible during vertical scroll and the no-second-scrollbar layout rule; cosmetic.,,,SENSIBLE,Two steps.,,,,Y,OK,,VIU-Observed-PASS,,Functional,False
WIP-VIS-05,C30523,https://shopview.testrail.io/index.php?/cases/view/30523,WIP,WIP — Visual & Accessibility,The WO # link is keyboard-focusable and opens the work order,WEAK-KEEP,"Keyboard focus and Enter on the WO # link. Close to testing the framework - a real anchor passes by construction - but it is exactly the check that catches a div-with-a-click-handler regression, so it is kept and flagged.",,,SENSIBLE,"Three steps, keyboard only.",,,,Y,OK,,VIU-Observed-PASS,,Accessibility,False
WIP-VIS-06,C30524,https://shopview.testrail.io/index.php?/cases/view/30524,WIP,WIP — Visual & Accessibility,Each summary figure's info icon is keyboard-reachable and screen-read,KEEP,"Info icons keyboard-reachable, revealed on focus not hover alone, and exposed to assistive technology - the same pattern that failed live on Sales By Representative.",,,SENSIBLE,Three steps.,,,,Y,TOOL,Needs a screen reader or accessibility inspector.,VIU-Observed-PASS,,Accessibility,False
WIP-VIS-07,C30525,https://shopview.testrail.io/index.php?/cases/view/30525,WIP,WIP — Visual & Accessibility,In dark mode every table; strip; link and coloring stays legible,WEAK-KEEP,Dark-mode legibility across five named elements; cosmetic.,,,SENSIBLE,Two steps.,,,,Y,OK,"VIU HONESTY FLAG: the recorded observation is an inference (""built from the standard Quasar table and badge components""), not an observation - Rule 12. Same shortfall as IV-VIS-05 (C30600).",VIU-Observed-PASS,,Accessibility,False
