group,foreign_case,author,section,case_verdict,unit_where,unit_verdict,strength,signature,missing_token,our_cases,why,assertion
37,C27260,Vladimir Tomovic,Test Cases > Reports,CANDIDATE GAP,custom_preconds,CANDIDATE GAP,STRONG,reporting logged,logged,,no case of ours contains 'logged' together with ['reporting'],Owner/admin logged in (reporting project storage state)
37,C27260,Vladimir Tomovic,Test Cases > Reports,CANDIDATE GAP,custom_preconds,CANDIDATE GAP,PHRASING,invoiced unpaid workplace,invoiced,,"no case of ours contains 'invoiced' together with ['unpaid', 'workplace']",One unpaid invoiced WO exists in the active workplace (seeded via API)
37,C27260,Vladimir Tomovic,Test Cases > Reports,CANDIDATE GAP,step2.content,CANDIDATE GAP,STRONG,customer render row,render,,"no case of ours contains 'render' together with ['customer', 'row']",Wait for the seeded customer row to render
37,C27260,Vladimir Tomovic,Test Cases > Reports,CANDIDATE GAP,step3.content,CANDIDATE GAP,STRONG,cell customer name,name,,"no case of ours contains 'name' together with ['cell', 'customer']",Click the customer-name cell
37,C27261,Vladimir Tomovic,Test Cases > Reports,CANDIDATE GAP,custom_preconds,CANDIDATE GAP,STRONG,reporting logged,logged,,no case of ours contains 'logged' together with ['reporting'],Owner/admin logged in (reporting project storage state)
37,C27261,Vladimir Tomovic,Test Cases > Reports,CANDIDATE GAP,custom_preconds,CANDIDATE GAP,PHRASING,invoiced unpaid workplace,invoiced,,"no case of ours contains 'invoiced' together with ['unpaid', 'workplace']",One unpaid invoiced WO exists in the active workplace (seeded via API)
37,C27261,Vladimir Tomovic,Test Cases > Reports,CANDIDATE GAP,step2.content,CANDIDATE GAP,PHRASING,aging bucket expand,aging,,"no case of ours contains 'aging' together with ['bucket', 'expand']",Expand the aging bucket holding the seeded invoice
37,C27262,Vladimir Tomovic,Test Cases > Reports,CANDIDATE GAP,custom_preconds,CANDIDATE GAP,STRONG,reporting logged,logged,,no case of ours contains 'logged' together with ['reporting'],Owner/admin logged in (reporting project storage state)
37,C27262,Vladimir Tomovic,Test Cases > Reports,CANDIDATE GAP,custom_preconds,CANDIDATE GAP,PHRASING,invoiced unpaid workplace,invoiced,,"no case of ours contains 'invoiced' together with ['unpaid', 'workplace']",One unpaid invoiced WO exists in the active workplace (seeded via API)
37,C27262,Vladimir Tomovic,Test Cases > Reports,CANDIDATE GAP,step1.content,CANDIDATE GAP,PHRASING,aging collection directly,aging,,"no case of ours contains 'aging' together with ['collection', 'directly']",Open the AR Aging Collection report directly
37,C27262,Vladimir Tomovic,Test Cases > Reports,CANDIDATE GAP,step2.content,CANDIDATE GAP,STRONG,customer expand row,row,,"no case of ours contains 'row' together with ['customer', 'expand']",Expand the seeded customer row
37,C27263,Vladimir Tomovic,Test Cases > Reports,CANDIDATE GAP,custom_preconds,CANDIDATE GAP,STRONG,reporting logged,logged,,no case of ours contains 'logged' together with ['reporting'],Admin logged in (reporting project storage state);
37,C27263,Vladimir Tomovic,Test Cases > Reports,CANDIDATE GAP,custom_preconds,CANDIDATE GAP,PHRASING,accepted delivery invoice,accepted,,"no case of ours contains 'accepted' together with ['delivery', 'invoice']",One unpaid accepted PO delivery (vendor invoice) exists (seeded via API)
37,C27263,Vladimir Tomovic,Test Cases > Reports,CANDIDATE GAP,step2.content,CANDIDATE GAP,PHRASING,expand holding invoice,expand,,"no case of ours contains 'expand' together with ['holding', 'invoice']",Expand the vendor row holding the seeded invoice
37,C27264,Vladimir Tomovic,Test Cases > Reports,CANDIDATE GAP,custom_preconds,CANDIDATE GAP,STRONG,reporting logged,logged,,no case of ours contains 'logged' together with ['reporting'],Admin logged in (reporting project storage state);
37,C27264,Vladimir Tomovic,Test Cases > Reports,CANDIDATE GAP,custom_preconds,CANDIDATE GAP,PHRASING,accepted delivery invoice,accepted,,"no case of ours contains 'accepted' together with ['delivery', 'invoice']",One unpaid accepted PO delivery (vendor invoice) exists (seeded via API)
37,C27264,Vladimir Tomovic,Test Cases > Reports,CANDIDATE GAP,step2.content,CANDIDATE GAP,PHRASING,aging bucket expand,aging,,"no case of ours contains 'aging' together with ['bucket', 'expand']",Expand the aging bucket holding the seeded invoice
37,C27265,Vladimir Tomovic,Test Cases > Reports,CANDIDATE GAP,custom_preconds,COVERED-BY,STRONG,logged,,C19247 C19248 C19249 C19250 C19251 C19252,all of ['logged'] co-occur in a case of ours,Logged in as admin/owner (Reports access);
37,C27265,Vladimir Tomovic,Test Cases > Reports,CANDIDATE GAP,custom_preconds,CANDIDATE GAP,STRONG,inventory workplace part,part,,"no case of ours contains 'part' together with ['inventory', 'workplace']",at least one inventory part exists at the active workplace (seeded via API)
37,C27265,Vladimir Tomovic,Test Cases > Reports,CANDIDATE GAP,step2.content,CANDIDATE GAP,PHRASING,finish inventory table,finish,,"no case of ours contains 'finish' together with ['inventory', 'table']",Wait for the inventory table to finish loading
37,C27267,Vladimir Tomovic,Test Cases > Reports,CANDIDATE GAP,custom_preconds,COVERED-BY,STRONG,logged,,C19247 C19248 C19249 C19250 C19251 C19252,all of ['logged'] co-occur in a case of ours,Logged in as admin/owner (Reports access;
37,C27267,Vladimir Tomovic,Test Cases > Reports,CANDIDATE GAP,custom_preconds,CANDIDATE GAP,PHRASING,regardless seeding segment,regardless,,"no case of ours contains 'regardless' together with ['seeding', 'segment']",No data seeding — the WIP report always returns 3 segments x 4 sub-rows regardless of org data
37,C27267,Vladimir Tomovic,Test Cases > Reports,CANDIDATE GAP,step1.content,CANDIDATE GAP,STRONG,progress work,work,,no case of ours contains 'work' together with ['progress'],Navigate to the Work In Progress report (reports/work-in-progress)
37,C27267,Vladimir Tomovic,Test Cases > Reports,CANDIDATE GAP,step2.content,CANDIDATE GAP,STRONG,expand segment first,first,,"no case of ours contains 'first' together with ['expand', 'segment']",Click the expand toggle on the first segment row
37,C27268,Vladimir Tomovic,Test Cases > Reports,CANDIDATE GAP,custom_preconds,COVERED-BY,STRONG,logged,,C19247 C19248 C19249 C19250 C19251 C19252,all of ['logged'] co-occur in a case of ours,Logged in as admin/owner (Reports access;
37,C27268,Vladimir Tomovic,Test Cases > Reports,CANDIDATE GAP,custom_preconds,CANDIDATE GAP,PHRASING,customer invoice invoiced,customer,,"no case of ours contains 'customer' together with ['invoice', 'invoiced']",at least one customer has an invoiced WO whose invoice was created within the last 3 months (seeded via API)
37,C27268,Vladimir Tomovic,Test Cases > Reports,CANDIDATE GAP,step1.content,CANDIDATE GAP,STRONG,sal follow,follow,,no case of ours contains 'follow' together with ['sal'],Navigate to the Sales Follow Up report (reports/sales-follow-up)
37,C27268,Vladimir Tomovic,Test Cases > Reports,CANDIDATE GAP,step2.content,CANDIDATE GAP,PHRASING,clear overlay table,clear,,"no case of ours contains 'clear' together with ['overlay', 'table']",Wait for the report table's loading overlay to clear
37,C29920,Vladimir Tomovic,Test Cases > Reports,CANDIDATE GAP,custom_preconds,CANDIDATE GAP,STRONG,reporting logged,logged,,no case of ours contains 'logged' together with ['reporting'],Owner/admin logged in (reporting project storage state)
37,C29920,Vladimir Tomovic,Test Cases > Reports,CANDIDATE GAP,custom_preconds,CANDIDATE GAP,PHRASING,invoiced paid workplace,invoiced,,"no case of ours contains 'invoiced' together with ['paid', 'workplace']","One invoiced + paid WO exists in the active workplace, paid within this_month (seeded via API)"
37,C29920,Vladimir Tomovic,Test Cases > Reports,CANDIDATE GAP,step1.content,CANDIDATE GAP,PHRASING,collected payment sal,collected,,"no case of ours contains 'collected' together with ['payment', 'sal']",Open the Sales Tax Collected report (default this_month range contains the seeded payment)
37,C29920,Vladimir Tomovic,Test Cases > Reports,CANDIDATE GAP,step2.content,CANDIDATE GAP,PHRASING,invoice link number,invoice,,"no case of ours contains 'invoice' together with ['link', 'number']",Locate the seeded WO's invoice-number link
37,C39448,Vladimir Tomovic,Test Cases > Reports,CANDIDATE GAP,custom_preconds,CANDIDATE GAP,PHRASING,differing invoic statuse,differing,,"no case of ours contains 'differing' together with ['invoic', 'statuse']",At least two invoices exist with differing statuses (e.g.
37,C39448,Vladimir Tomovic,Test Cases > Reports,CANDIDATE GAP,custom_preconds,CANDIDATE GAP,STRONG,paid partially range,range,,"no case of ours contains 'range' together with ['paid', 'partially']","one Paid, one Partially Paid) within the default date range."
37,C39448,Vladimir Tomovic,Test Cases > Reports,CANDIDATE GAP,step1.content,CANDIDATE GAP,PHRASING,sal tax,sal,,no case of ours contains 'sal' together with ['tax'],Navigate to the Sales Tax report (/reports/sales-tax).
37,C39448,Vladimir Tomovic,Test Cases > Reports,CANDIDATE GAP,step1.expected,CANDIDATE GAP,PHRASING,grid invoic statuse,grid,,"no case of ours contains 'grid' together with ['invoic', 'statuse']",The invoices grid loads with all statuses shown.
37,C39448,Vladimir Tomovic,Test Cases > Reports,CANDIDATE GAP,step2.content,CANDIDATE GAP,PHRASING,chip paid partially,chip,,"no case of ours contains 'chip' together with ['paid', 'partially']",Open the Status filter chip and select 'Partially Paid' only.
37,C39448,Vladimir Tomovic,Test Cases > Reports,CANDIDATE GAP,step2.expected,CANDIDATE GAP,PHRASING,invoic paid partially,invoic,,"no case of ours contains 'invoic' together with ['paid', 'partially']",only partially-paid invoices remain.
37,C39448,Vladimir Tomovic,Test Cases > Reports,CANDIDATE GAP,step3.content,CANDIDATE GAP,STRONG,rat tax see,see,,"no case of ours contains 'see' together with ['rat', 'tax']",Click 'See all tax rates'.
37,C39448,Vladimir Tomovic,Test Cases > Reports,CANDIDATE GAP,step3.expected,CANDIDATE GAP,PHRASING,paid partially rat,paid,,"no case of ours contains 'paid' together with ['partially', 'rat']",The All Tax Rates summary view opens reflecting the same Partially Paid status selection.
37,C39449,Vladimir Tomovic,Test Cases > Reports,CANDIDATE GAP,custom_preconds,CANDIDATE GAP,PHRASING,more preset spanning,more,,"no case of ours contains 'more' together with ['preset', 'spanning']",The logged-in user has timesheet entries spanning more than one date-range preset.
37,C39449,Vladimir Tomovic,Test Cases > Reports,CANDIDATE GAP,step1.expected,CANDIDATE GAP,STRONG,grid load range,load,,"no case of ours contains 'load' together with ['grid', 'range']",The timesheet grid loads for the default range.
37,C39449,Vladimir Tomovic,Test Cases > Reports,CANDIDATE GAP,step2.content,CANDIDATE GAP,STRONG,chip preset different,different,,"no case of ours contains 'different' together with ['chip', 'preset']",Change the date range chip to a different preset.
37,C39449,Vladimir Tomovic,Test Cases > Reports,CANDIDATE GAP,step2.expected,CANDIDATE GAP,STRONG,fetch grid new,new,,"no case of ours contains 'new' together with ['fetch', 'grid']",The grid re-fetches for the new range.
37,C39449,Vladimir Tomovic,Test Cases > Reports,CANDIDATE GAP,step3.content,CANDIDATE GAP,STRONG,choose fill custom,fill,,"no case of ours contains 'fill' together with ['choose', 'custom']",Choose Custom and fill only the start date.
37,C39449,Vladimir Tomovic,Test Cases > Reports,CANDIDATE GAP,step3.expected,CANDIDATE GAP,STRONG,fetch occur empty,empty,,"no case of ours contains 'empty' together with ['fetch', 'occur']",No re-fetch occurs while the end date is empty.
37,C175,Vladimir Tomovic,Test Cases > Reports > Technician Efficiency,CANDIDATE GAP,custom_preconds,CANDIDATE GAP,PHRASING,app base efficiency,app,,"no case of ours contains 'app' together with ['base', 'efficiency']",<li>App is navigated to page {{BASE_URL}}/reports/technician-efficiency</li>
37,C175,Vladimir Tomovic,Test Cases > Reports > Technician Efficiency,CANDIDATE GAP,custom_expected,CANDIDATE GAP,STRONG,foreman found enabled,enabled,,"no case of ours contains 'enabled' together with ['foreman', 'found']","<li><p>All staff members with 'Time Clock' enabled could be found on a list<br />//There should be all members from Staff page with Admin, Technician and Foreman role</p></li>"
37,C176,Vladimir Tomovic,Test Cases > Reports > Technician Efficiency,CANDIDATE GAP,custom_preconds,CANDIDATE GAP,PHRASING,app base efficiency,app,,"no case of ours contains 'app' together with ['base', 'efficiency']",<li>App is navigated to page {{BASE_URL}}/reports/technician-efficiency</li>
37,C176,Vladimir Tomovic,Test Cases > Reports > Technician Efficiency,CANDIDATE GAP,custom_steps,CANDIDATE GAP,STRONG,interval field dropdown,field,,"no case of ours contains 'field' together with ['interval', 'dropdown']",<li>Verify all the time intervals in the dropdown field</li>
37,C1779,Vladimir Tomovic,Test Cases > Reports > Technician Efficiency,COVERED-BY,custom_preconds,CANDIDATE GAP,PHRASING,invoiced single strong,invoiced,,"no case of ours contains 'invoiced' together with ['single', 'strong']",<li>A invoiced WO with <strong>single</strong> tech clocked in time on the line exists</li>
37,C1779,Vladimir Tomovic,Test Cases > Reports > Technician Efficiency,COVERED-BY,custom_preconds,CANDIDATE GAP,PHRASING,base efficiency navigated,base,,"no case of ours contains 'base' together with ['efficiency', 'navigated']",<li>User is navigated to the {{BASE_URL}}/reports/technician-efficiency</li>
37,C1779,Vladimir Tomovic,Test Cases > Reports > Technician Efficiency,COVERED-BY,custom_preconds,CANDIDATE GAP,PHRASING,$clockedhour $efficiency $hoursprofit,$clockedhour,,"no case of ours contains '$clockedhour' together with ['$efficiency', '$hoursprofit']",<p>Note:<br /><strong>$ClockedHours</strong> → tech's actual clocked hours on the line<br /><strong>$TechTime</strong> → tech's time defined on the Edit Line modal<br /><strong>$InvoicedTechHours</strong> → tech's allocated clocked hours<br /><strong>$HoursProfit</strong> → tech's profit hours<br /><strong>$Efficiency</strong> → tech's efficiency</p>
37,C1779,Vladimir Tomovic,Test Cases > Reports > Technician Efficiency,COVERED-BY,step1.content,CANDIDATE GAP,PHRASING,calculate proportion spend,calculate,,"no case of ours contains 'calculate' together with ['proportion', 'spend']",<li>Calculate proportion of the time spend on the line for the tech</li>
37,C1779,Vladimir Tomovic,Test Cases > Reports > Technician Efficiency,COVERED-BY,step1.expected,CANDIDATE GAP,PHRASING,$clockedhour $techproportion strong,$clockedhour,,"no case of ours contains '$clockedhour' together with ['$techproportion', 'strong']",<li><strong>$TechProportion</strong> = $ClockedHours / $ClockedHours </li>
37,C1779,Vladimir Tomovic,Test Cases > Reports > Technician Efficiency,COVERED-BY,step2.content,CANDIDATE GAP,PHRASING,$invoicedtechhour $techtime allocated,$invoicedtechhour,,"no case of ours contains '$invoicedtechhour' together with ['$techtime', 'allocated']",<li>Verify tech <strong>$InvoicedTechHours</strong> (allocated tech time is the <strong>same</strong> as <strong>$TechTime</strong> when only one tech is clocked into the line)</li>
37,C1779,Vladimir Tomovic,Test Cases > Reports > Technician Efficiency,COVERED-BY,step2.expected,CANDIDATE GAP,PHRASING,$invoicedtechhour $techproportion strong,$invoicedtechhour,,"no case of ours contains '$invoicedtechhour' together with ['$techproportion', 'strong']",<li><strong>$InvoicedTechHours</strong> = $TechProportion
37,C1779,Vladimir Tomovic,Test Cases > Reports > Technician Efficiency,COVERED-BY,step3.content,CANDIDATE GAP,PHRASING,efficiency strong tech,efficiency,,"no case of ours contains 'efficiency' together with ['strong', 'tech']",<li>Verify tech <strong>Efficiency</strong> for that WO line </li>
37,C1779,Vladimir Tomovic,Test Cases > Reports > Technician Efficiency,COVERED-BY,step3.expected,CANDIDATE GAP,PHRASING,$clockedhour $invoicedtechhour $techefficiency,$clockedhour,,"no case of ours contains '$clockedhour' together with ['$invoicedtechhour', '$techefficiency']",<li><strong>$TechEfficiency</strong> = ($InvoicedTechHours / $ClockedHours)
37,C1779,Vladimir Tomovic,Test Cases > Reports > Technician Efficiency,COVERED-BY,step4.content,CANDIDATE GAP,PHRASING,profit strong tech,profit,,"no case of ours contains 'profit' together with ['strong', 'tech']",<li>Verify tech <strong>Profit Hours</strong> for that WO line</li>
37,C1779,Vladimir Tomovic,Test Cases > Reports > Technician Efficiency,COVERED-BY,step4.expected,CANDIDATE GAP,PHRASING,$invoicedtechhour $techprofithour strong,$invoicedtechhour,,"no case of ours contains '$invoicedtechhour' together with ['$techprofithour', 'strong']",<li><strong>$TechProfitHours</strong> = $InvoicedTechHours
37,C1780,Vladimir Tomovic,Test Cases > Reports > Technician Efficiency,COVERED-BY,custom_preconds,CANDIDATE GAP,PHRASING,invoiced strong tech,invoiced,,"no case of ours contains 'invoiced' together with ['strong', 'tech']",<li>An invoiced WO with <strong>multiple</strong> tech clocked in times on the same line exists</li>
37,C1780,Vladimir Tomovic,Test Cases > Reports > Technician Efficiency,COVERED-BY,custom_preconds,CANDIDATE GAP,PHRASING,base efficiency navigated,base,,"no case of ours contains 'base' together with ['efficiency', 'navigated']",<li>User is navigated to the {{BASE_URL}}/reports/technician-efficiency</li>
37,C1780,Vladimir Tomovic,Test Cases > Reports > Technician Efficiency,COVERED-BY,custom_preconds,CANDIDATE GAP,PHRASING,$clockedhour $efficiency $hoursprofit,$clockedhour,,"no case of ours contains '$clockedhour' together with ['$efficiency', '$hoursprofit']",<p>Note:<br /><strong>$ClockedHours</strong> → tech's actual clocked hours on the line<br /><strong>$TechTime</strong> → tech's time defined on the <strong>Edit Line</strong> modal<br /><strong>$InvoicedTechHours</strong> → tech's allocated clocked hours<br /><strong>$HoursProfit</strong> → tech's profit hours<br /><strong>$Efficiency</strong> → tech's efficiency</p>
37,C1780,Vladimir Tomovic,Test Cases > Reports > Technician Efficiency,COVERED-BY,step1.content,CANDIDATE GAP,PHRASING,calculate proportion spend,calculate,,"no case of ours contains 'calculate' together with ['proportion', 'spend']",<li>Calculate proportion of the time spend on the line for all techs </li>
37,C1780,Vladimir Tomovic,Test Cases > Reports > Technician Efficiency,COVERED-BY,step1.expected,CANDIDATE GAP,PHRASING,$clockedhours1 $clockedhours2 $tech1proportion,$clockedhours1,,"no case of ours contains '$clockedhours1' together with ['$clockedhours2', '$tech1proportion']",<li><strong>$Tech1Proportion</strong> = $ClockedHours1 / ($ClockedHours1 + $ClockedHours2)</li>
37,C1780,Vladimir Tomovic,Test Cases > Reports > Technician Efficiency,COVERED-BY,step1.expected,CANDIDATE GAP,PHRASING,$clockedhours1 $clockedhours2 $tech2proportion,$clockedhours1,,"no case of ours contains '$clockedhours1' together with ['$clockedhours2', '$tech2proportion']",<li><strong>$Tech2Proportion</strong> = $ClockedHours2 / ($ClockedHours1 + $ClockedHours2)</li>
37,C1780,Vladimir Tomovic,Test Cases > Reports > Technician Efficiency,COVERED-BY,step2.content,CANDIDATE GAP,PHRASING,$invoicedtechhour $techtime allocated,$invoicedtechhour,,"no case of ours contains '$invoicedtechhour' together with ['$techtime', 'allocated']",<li>Verify tech <strong>$InvoicedTechHours</strong> (allocated tech time is <strong>different</strong> from <strong>$TechTime</strong> when multiple techs are clocked into the same line)</li>
37,C1780,Vladimir Tomovic,Test Cases > Reports > Technician Efficiency,COVERED-BY,step2.expected,CANDIDATE GAP,PHRASING,$invoicedtechhours1 $tech1proportion strong,$invoicedtechhours1,,"no case of ours contains '$invoicedtechhours1' together with ['$tech1proportion', 'strong']",<li><strong>$InvoicedTechHours1</strong> = $Tech1Proportion
37,C1780,Vladimir Tomovic,Test Cases > Reports > Technician Efficiency,COVERED-BY,step2.expected,CANDIDATE GAP,PHRASING,$invoicedtechhours2 $tech2proportion strong,$invoicedtechhours2,,"no case of ours contains '$invoicedtechhours2' together with ['$tech2proportion', 'strong']",<li><strong>$InvoicedTechHours2</strong> = $Tech2Proportion
37,C1780,Vladimir Tomovic,Test Cases > Reports > Technician Efficiency,COVERED-BY,step3.content,CANDIDATE GAP,PHRASING,efficiency strong tech,efficiency,,"no case of ours contains 'efficiency' together with ['strong', 'tech']",<li>Verify tech <strong>Efficiency</strong> for that WO line </li>
37,C1780,Vladimir Tomovic,Test Cases > Reports > Technician Efficiency,COVERED-BY,step3.expected,CANDIDATE GAP,PHRASING,$clockedhours1 $invoicedtech1hour $tech1efficiency,$clockedhours1,,"no case of ours contains '$clockedhours1' together with ['$invoicedtech1hour', '$tech1efficiency']",<li><strong>$Tech1Efficiency</strong> = ($InvoicedTech1Hours / $ClockedHours1)
37,C1780,Vladimir Tomovic,Test Cases > Reports > Technician Efficiency,COVERED-BY,step3.expected,CANDIDATE GAP,PHRASING,$clockedhours2 $invoicedtech2hour $tech2efficiency,$clockedhours2,,"no case of ours contains '$clockedhours2' together with ['$invoicedtech2hour', '$tech2efficiency']",<li><strong>$Tech2Efficiency</strong> = ($InvoicedTech2Hours / $ClockedHours2)
37,C1780,Vladimir Tomovic,Test Cases > Reports > Technician Efficiency,COVERED-BY,step4.content,CANDIDATE GAP,PHRASING,profit strong tech,profit,,"no case of ours contains 'profit' together with ['strong', 'tech']",<li>Verify tech <strong>Profit Hours</strong> for that WO line</li>
37,C1780,Vladimir Tomovic,Test Cases > Reports > Technician Efficiency,COVERED-BY,step4.expected,CANDIDATE GAP,PHRASING,$invoicedtechhours1 $tech1profithour strong,$invoicedtechhours1,,"no case of ours contains '$invoicedtechhours1' together with ['$tech1profithour', 'strong']",<li><strong>$Tech1ProfitHours</strong> = $InvoicedTechHours1
37,C1780,Vladimir Tomovic,Test Cases > Reports > Technician Efficiency,COVERED-BY,step4.expected,CANDIDATE GAP,PHRASING,$invoicedtechhours2 $tech2profithour strong,$invoicedtechhours2,,"no case of ours contains '$invoicedtechhours2' together with ['$tech2profithour', 'strong']",<li><strong>$Tech2ProfitHours</strong> = $InvoicedTechHours2
37,C1781,Vladimir Tomovic,Test Cases > Reports > Technician Efficiency,COVERED-BY,custom_preconds,CANDIDATE GAP,PHRASING,invoiced strong tech,invoiced,,"no case of ours contains 'invoiced' together with ['strong', 'tech']",<li>An <strong>invoiced</strong> WO with multiple tech clocked in times on the same line exists</li>
37,C1781,Vladimir Tomovic,Test Cases > Reports > Technician Efficiency,COVERED-BY,custom_preconds,CANDIDATE GAP,PHRASING,base efficiency navigated,base,,"no case of ours contains 'base' together with ['efficiency', 'navigated']",<li>User is navigated to the {{BASE_URL}}/reports/technician-efficiency</li>
37,C1798,Vladimir Tomovic,Test Cases > Reports > Technician Efficiency,COVERED-BY,custom_preconds,CANDIDATE GAP,PHRASING,invoiced strong tech,invoiced,,"no case of ours contains 'invoiced' together with ['strong', 'tech']",<li><strong>Multiple</strong> invoiced WOs with tech clocked in time exist</li>
37,C1798,Vladimir Tomovic,Test Cases > Reports > Technician Efficiency,COVERED-BY,custom_preconds,CANDIDATE GAP,PHRASING,base efficiency navigated,base,,"no case of ours contains 'base' together with ['efficiency', 'navigated']",<li>User is navigated to the {{BASE_URL}}/reports/technician-efficiency</li>
37,C1798,Vladimir Tomovic,Test Cases > Reports > Technician Efficiency,COVERED-BY,custom_preconds,CANDIDATE GAP,PHRASING,$clockedhour $efficiency $hoursprofit,$clockedhour,,"no case of ours contains '$clockedhour' together with ['$efficiency', '$hoursprofit']",<p>Note:<br /><strong>$ClockedHours</strong> → tech's actual clocked hours on the line<br /><strong>$TechTime</strong> → tech's time defined on the Edit Line modal<br /><strong>$InvoicedTechHours</strong> → tech's allocated clocked hours<br /><strong>$HoursProfit</strong> → tech's profit hours<br /><strong>$Efficiency</strong> → tech's efficiency</p>
37,C1798,Vladimir Tomovic,Test Cases > Reports > Technician Efficiency,COVERED-BY,step1.content,CANDIDATE GAP,PHRASING,$clockedhour strong summary,$clockedhour,,"no case of ours contains '$clockedhour' together with ['strong', 'summary']",<li>Verify tech summary <strong>$ClockedHours</strong></li>
37,C1798,Vladimir Tomovic,Test Cases > Reports > Technician Efficiency,COVERED-BY,step1.expected,CANDIDATE GAP,PHRASING,$clockedhour $clockedhourssum strong,$clockedhour,,"no case of ours contains '$clockedhour' together with ['$clockedhourssum', 'strong']",<li>Sum of all <strong>$ClockedHours</strong> per user is correct ($ClockedHoursSum)</li>
37,C1798,Vladimir Tomovic,Test Cases > Reports > Technician Efficiency,COVERED-BY,step2.content,CANDIDATE GAP,PHRASING,$invoicedtechhour strong summary,$invoicedtechhour,,"no case of ours contains '$invoicedtechhour' together with ['strong', 'summary']",<li>Verify tech summary for <strong>$InvoicedTechHours</strong> </li>
37,C1798,Vladimir Tomovic,Test Cases > Reports > Technician Efficiency,COVERED-BY,step2.expected,CANDIDATE GAP,PHRASING,$invoicedtechhour $invoicedtechhourssum strong,$invoicedtechhour,,"no case of ours contains '$invoicedtechhour' together with ['$invoicedtechhourssum', 'strong']",<li>Sum of all <strong>$InvoicedTechHours</strong> per user is correct ($InvoicedTechHoursSum)</li>
37,C1798,Vladimir Tomovic,Test Cases > Reports > Technician Efficiency,COVERED-BY,step3.content,CANDIDATE GAP,PHRASING,profit strong summary,profit,,"no case of ours contains 'profit' together with ['strong', 'summary']",<li>Verify tech summary for <strong>Profit Hours</strong></li>
37,C1798,Vladimir Tomovic,Test Cases > Reports > Technician Efficiency,COVERED-BY,step3.expected,CANDIDATE GAP,PHRASING,$profithourssum profit strong,$profithourssum,,"no case of ours contains '$profithourssum' together with ['profit', 'strong']",<li>Sum of all <strong>Profit Hours</strong> per user is correct ($ProfitHoursSum)</li>
37,C1798,Vladimir Tomovic,Test Cases > Reports > Technician Efficiency,COVERED-BY,step4.content,CANDIDATE GAP,PHRASING,efficiency strong summary,efficiency,,"no case of ours contains 'efficiency' together with ['strong', 'summary']",<li>Verify tech summary for <strong>Efficiency</strong></li>
37,C1798,Vladimir Tomovic,Test Cases > Reports > Technician Efficiency,COVERED-BY,step4.expected,CANDIDATE GAP,PHRASING,$clockedhourssum $invoicedtechhourssum efficiency,$clockedhourssum,,"no case of ours contains '$clockedhourssum' together with ['$invoicedtechhourssum', 'efficiency']",<li><p>Sum of all <strong>Efficiency</strong> per user is correct<br />($InvoicedTechHoursSum / $ClockedHoursSum)
37,C1799,Vladimir Tomovic,Test Cases > Reports > Technician Efficiency,COVERED-BY,custom_preconds,CANDIDATE GAP,PHRASING,invoiced strong tech,invoiced,,"no case of ours contains 'invoiced' together with ['strong', 'tech']",<li><strong>Multiple</strong> invoiced WOs with tech clocked in time exist</li>
37,C1799,Vladimir Tomovic,Test Cases > Reports > Technician Efficiency,COVERED-BY,custom_preconds,CANDIDATE GAP,PHRASING,base efficiency navigated,base,,"no case of ours contains 'base' together with ['efficiency', 'navigated']",<li>User is navigated to the {{BASE_URL}}/reports/technician-efficiency</li>
37,C1799,Vladimir Tomovic,Test Cases > Reports > Technician Efficiency,COVERED-BY,custom_preconds,CANDIDATE GAP,PHRASING,$clockedhour $efficiency $hoursprofit,$clockedhour,,"no case of ours contains '$clockedhour' together with ['$efficiency', '$hoursprofit']",<p>Note:<br /><strong>$ClockedHours</strong> → tech's actual clocked hours on the line<br /><strong>$TechTime</strong> → tech's time defined on the Edit Line modal<br /><strong>$InvoicedTechHours</strong> → tech's allocated clocked hours<br /><strong>$HoursProfit</strong> → tech's profit hours<br /><strong>$Efficiency</strong> → tech's efficiency</p>
37,C1799,Vladimir Tomovic,Test Cases > Reports > Technician Efficiency,COVERED-BY,step1.content,CANDIDATE GAP,PHRASING,$clockedhour strong tech,$clockedhour,,"no case of ours contains '$clockedhour' together with ['strong', 'tech']",<li>Verify total <strong>$ClockedHours</strong> for all techs</li>
37,C1799,Vladimir Tomovic,Test Cases > Reports > Technician Efficiency,COVERED-BY,step1.expected,CANDIDATE GAP,PHRASING,$clockedhour $clockedhourstotal strong,$clockedhour,,"no case of ours contains '$clockedhour' together with ['$clockedhourstotal', 'strong']",<li>Sum of all <strong>$ClockedHours</strong> for <strong>all users</strong> is correct ($ClockedHoursTotal)</li>
37,C1799,Vladimir Tomovic,Test Cases > Reports > Technician Efficiency,COVERED-BY,step2.content,CANDIDATE GAP,PHRASING,$invoicedtechhour strong tech,$invoicedtechhour,,"no case of ours contains '$invoicedtechhour' together with ['strong', 'tech']",<li>Verify total <strong>$InvoicedTechHours</strong> for all techs</li>
37,C1799,Vladimir Tomovic,Test Cases > Reports > Technician Efficiency,COVERED-BY,step2.expected,CANDIDATE GAP,PHRASING,$invoicedtechhour $invoicedtechhourstotal strong,$invoicedtechhour,,"no case of ours contains '$invoicedtechhour' together with ['$invoicedtechhourstotal', 'strong']",<li>Sum of all <strong>$InvoicedTechHours</strong> for <strong>all users</strong> is correct ($InvoicedTechHoursTotal)</li>
37,C1799,Vladimir Tomovic,Test Cases > Reports > Technician Efficiency,COVERED-BY,step3.content,CANDIDATE GAP,PHRASING,profit strong tech,profit,,"no case of ours contains 'profit' together with ['strong', 'tech']",<li>Verify total <strong>Profit Hours</strong> for all techs</li>
37,C1799,Vladimir Tomovic,Test Cases > Reports > Technician Efficiency,COVERED-BY,step3.expected,CANDIDATE GAP,PHRASING,$profithourstotal profit strong,$profithourstotal,,"no case of ours contains '$profithourstotal' together with ['profit', 'strong']",<li>Sum of all <strong>Profit Hours</strong> for <strong>all users</strong> is correct ($ProfitHoursTotal)</li>
37,C1799,Vladimir Tomovic,Test Cases > Reports > Technician Efficiency,COVERED-BY,step4.content,CANDIDATE GAP,PHRASING,efficiency strong tech,efficiency,,"no case of ours contains 'efficiency' together with ['strong', 'tech']",<li>Verify total <strong>Efficiency</strong> for all techs</li>
37,C1799,Vladimir Tomovic,Test Cases > Reports > Technician Efficiency,COVERED-BY,step4.expected,CANDIDATE GAP,PHRASING,$clockedhourstotal $invoicedtechhourstotal efficiency,$clockedhourstotal,,"no case of ours contains '$clockedhourstotal' together with ['$invoicedtechhourstotal', 'efficiency']",<li><p>Sum of all <strong>Efficiency</strong> for <strong>all users</strong> is correct<br />($InvoicedTechHoursTotal / $ClockedHoursTotal)
37,C1783,Vladimir Tomovic,Test Cases > Reports > Technician Efficiency,CANDIDATE GAP,custom_preconds,CANDIDATE GAP,STRONG,invoiced tim multiple,tim,,"no case of ours contains 'tim' together with ['invoiced', 'multiple']",<li>An invoiced WO with multiple clocked in times exists</li>
37,C1783,Vladimir Tomovic,Test Cases > Reports > Technician Efficiency,CANDIDATE GAP,custom_preconds,CANDIDATE GAP,PHRASING,base efficiency navigated,base,,"no case of ours contains 'base' together with ['efficiency', 'navigated']",<li>User is navigated to the {{BASE_URL}}/reports/technician-efficiency</li>
37,C1783,Vladimir Tomovic,Test Cases > Reports > Technician Efficiency,CANDIDATE GAP,step1.content,CANDIDATE GAP,PHRASING,corner dots strong,corner,,"no case of ours contains 'corner' together with ['dots', 'strong']",<li>Click on the <strong>menu</strong> (3 dots) in top right corner</li>
37,C1783,Vladimir Tomovic,Test Cases > Reports > Technician Efficiency,CANDIDATE GAP,step1.expected,COVERED-BY,STRONG,option dropdown list,,C19272,"all of ['option', 'dropdown', 'list'] co-occur in a case of ours",<li><p>A dropdown list with 2 options opens:</p>
37,C1783,Vladimir Tomovic,Test Cases > Reports > Technician Efficiency,CANDIDATE GAP,step1.expected,CANDIDATE GAP,PHRASING,strong summary,strong,,no case of ours contains 'strong' together with ['summary'],<li><strong>Download Summary</strong></li>
37,C1783,Vladimir Tomovic,Test Cases > Reports > Technician Efficiency,CANDIDATE GAP,step1.expected,CANDIDATE GAP,PHRASING,expanded strong,expanded,,no case of ours contains 'expanded' together with ['strong'],<li><strong>Download Expanded View</strong></li>
37,C1783,Vladimir Tomovic,Test Cases > Reports > Technician Efficiency,CANDIDATE GAP,step2.content,CANDIDATE GAP,PHRASING,strong summary,strong,,no case of ours contains 'strong' together with ['summary'],<li>Click on <strong>Download Summary</strong></li>
37,C1783,Vladimir Tomovic,Test Cases > Reports > Technician Efficiency,CANDIDATE GAP,step2.expected,CANDIDATE GAP,PHRASING,downloaded efficiency summary.pdf,downloaded,,"no case of ours contains 'downloaded' together with ['efficiency', 'summary.pdf']",<li>Technician-Efficiency-summary.pdf reports is downloaded</li>
37,C1783,Vladimir Tomovic,Test Cases > Reports > Technician Efficiency,CANDIDATE GAP,step3.content,CANDIDATE GAP,PHRASING,corner dots strong,corner,,"no case of ours contains 'corner' together with ['dots', 'strong']",<li>Click on the <strong>menu</strong> (3 dots) in top right corner</li>
37,C1783,Vladimir Tomovic,Test Cases > Reports > Technician Efficiency,CANDIDATE GAP,step3.expected,COVERED-BY,STRONG,option dropdown list,,C19272,"all of ['option', 'dropdown', 'list'] co-occur in a case of ours",<li><p>A dropdown list with 2 options opens:</p>
37,C1783,Vladimir Tomovic,Test Cases > Reports > Technician Efficiency,CANDIDATE GAP,step3.expected,CANDIDATE GAP,PHRASING,strong summary,strong,,no case of ours contains 'strong' together with ['summary'],<li><strong>Download Summary</strong></li>
37,C1783,Vladimir Tomovic,Test Cases > Reports > Technician Efficiency,CANDIDATE GAP,step3.expected,CANDIDATE GAP,PHRASING,expanded strong,expanded,,no case of ours contains 'expanded' together with ['strong'],<li><strong>Download Expanded View</strong></li>
37,C1783,Vladimir Tomovic,Test Cases > Reports > Technician Efficiency,CANDIDATE GAP,step4.content,CANDIDATE GAP,PHRASING,expanded strong,expanded,,no case of ours contains 'expanded' together with ['strong'],<li>Click on <strong>Download Expanded View</strong></li>
37,C1783,Vladimir Tomovic,Test Cases > Reports > Technician Efficiency,CANDIDATE GAP,step4.expected,CANDIDATE GAP,PHRASING,downloaded efficiency expandedview.pdf,downloaded,,"no case of ours contains 'downloaded' together with ['efficiency', 'expandedview.pdf']",<li>Technician-Efficiency-expandedView.pdf reports is downloaded</li>
37,C1784,Vladimir Tomovic,Test Cases > Reports > Technician Efficiency,CANDIDATE GAP,custom_preconds,CANDIDATE GAP,STRONG,invoiced tim multiple,tim,,"no case of ours contains 'tim' together with ['invoiced', 'multiple']",<li>An invoiced WO with multiple clocked in times exists</li>
37,C1784,Vladimir Tomovic,Test Cases > Reports > Technician Efficiency,CANDIDATE GAP,custom_preconds,CANDIDATE GAP,PHRASING,base efficiency navigated,base,,"no case of ours contains 'base' together with ['efficiency', 'navigated']",<li>User is navigated to the {{BASE_URL}}/reports/technician-efficiency</li>
37,C1784,Vladimir Tomovic,Test Cases > Reports > Technician Efficiency,CANDIDATE GAP,custom_preconds,CANDIDATE GAP,PHRASING,downloaded efficiency summary.pdf,downloaded,,"no case of ours contains 'downloaded' together with ['efficiency', 'summary.pdf']",<li>Technician-Efficiency-summary.pdf reports is downloaded</li>
37,C1784,Vladimir Tomovic,Test Cases > Reports > Technician Efficiency,CANDIDATE GAP,step1.content,CANDIDATE GAP,STRONG,strong summary data,data,,"no case of ours contains 'data' together with ['strong', 'summary']",<li>Verify data on the <strong>Summary</strong> report</li>
37,C1784,Vladimir Tomovic,Test Cases > Reports > Technician Efficiency,CANDIDATE GAP,step1.expected,CANDIDATE GAP,PHRASING,strong structure summary,strong,,"no case of ours contains 'strong' together with ['structure', 'summary']",<li><p>The <strong>Summary</strong> reports structure:</p>
37,C1784,Vladimir Tomovic,Test Cases > Reports > Technician Efficiency,CANDIDATE GAP,step1.expected,CANDIDATE GAP,PHRASING,corner left strong,corner,,"no case of ours contains 'corner' together with ['left', 'strong']",<li><p><strong>Location name</strong> is visible in top left corner</p>
37,C1784,Vladimir Tomovic,Test Cases > Reports > Technician Efficiency,CANDIDATE GAP,step1.expected,CANDIDATE GAP,STRONG,address strong location,location,,"no case of ours contains 'location' together with ['address', 'strong']",<li><strong>Location address</strong> is visible under Location name</li>
37,C1784,Vladimir Tomovic,Test Cases > Reports > Technician Efficiency,CANDIDATE GAP,step1.expected,CANDIDATE GAP,PHRASING,efficiency strong tech,efficiency,,"no case of ours contains 'efficiency' together with ['strong', 'tech']",<li><p>Report title <strong>Tech Efficiency</strong> is visible</p>
37,C1784,Vladimir Tomovic,Test Cases > Reports > Technician Efficiency,CANDIDATE GAP,step1.expected,CANDIDATE GAP,PHRASING,strong subtitle summary,strong,,"no case of ours contains 'strong' together with ['subtitle', 'summary']",<li><p>Report subtitle <strong>Summary</strong> is visible</p>
37,C1784,Vladimir Tomovic,Test Cases > Reports > Technician Efficiency,CANDIDATE GAP,step1.expected,CANDIDATE GAP,PHRASING,corner logo organization,corner,,"no case of ours contains 'corner' together with ['logo', 'organization']",<li>Organization <strong>logo</strong> is visible in top right corner </li>
37,C1784,Vladimir Tomovic,Test Cases > Reports > Technician Efficiency,CANDIDATE GAP,step1.expected,CANDIDATE GAP,PHRASING,invoice logo strong,invoice,,"no case of ours contains 'invoice' together with ['logo', 'strong']","<li><p><strong>Invoice Date Range</strong> is visible under logo (e.g., Invoice Date Range:"
37,C1784,Vladimir Tomovic,Test Cases > Reports > Technician Efficiency,CANDIDATE GAP,step1.expected,CANDIDATE GAP,PHRASING,bolded invoice label,bolded,,"no case of ours contains 'bolded' together with ['invoice', 'label']",<li>Invoice Date Range label fonts are bolded</li>
37,C1784,Vladimir Tomovic,Test Cases > Reports > Technician Efficiency,CANDIDATE GAP,step1.expected,CANDIDATE GAP,STRONG,previously dat showing,dat,,"no case of ours contains 'dat' together with ['previously', 'showing']",<li>Date range is showing dates that are previously selected in the date filter</li>
37,C1784,Vladimir Tomovic,Test Cases > Reports > Technician Efficiency,CANDIDATE GAP,step1.expected,CANDIDATE GAP,STRONG,strong table header,header,,"no case of ours contains 'header' together with ['strong', 'table']",<li><p>Table <strong>header</strong> is visible:</p>
37,C1784,Vladimir Tomovic,Test Cases > Reports > Technician Efficiency,CANDIDATE GAP,step1.expected,CANDIDATE GAP,PHRASING,background gray light,background,,"no case of ours contains 'background' together with ['gray', 'light']",<li>header has light gray background</li>
37,C1784,Vladimir Tomovic,Test Cases > Reports > Technician Efficiency,CANDIDATE GAP,step1.expected,CANDIDATE GAP,STRONG,bolded font header,font,,"no case of ours contains 'font' together with ['bolded', 'header']",<li>header fonts are bolded</li>
37,C1784,Vladimir Tomovic,Test Cases > Reports > Technician Efficiency,CANDIDATE GAP,step1.expected,CANDIDATE GAP,STRONG,contain header column,contain,C19256 C19257 C19258,"no case of ours contains 'contain' together with ['header', 'column']",<li><p>header contains columns:</p>
37,C1784,Vladimir Tomovic,Test Cases > Reports > Technician Efficiency,CANDIDATE GAP,step1.expected,CANDIDATE GAP,STRONG,invoiced tech hour,hour,,"no case of ours contains 'hour' together with ['invoiced', 'tech']",<li>Invoiced Tech Hours</li>
37,C1784,Vladimir Tomovic,Test Cases > Reports > Technician Efficiency,CANDIDATE GAP,step1.expected,CANDIDATE GAP,STRONG,strong table rows,rows,,"no case of ours contains 'rows' together with ['strong', 'table']",<li><p>Table <strong>rows</strong> are visible:</p>
37,C1784,Vladimir Tomovic,Test Cases > Reports > Technician Efficiency,CANDIDATE GAP,step1.expected,CANDIDATE GAP,PHRASING,gray light separated,gray,,"no case of ours contains 'gray' together with ['light', 'separated']",<li>each technician row is separated by a light gray line</li>
37,C1784,Vladimir Tomovic,Test Cases > Reports > Technician Efficiency,CANDIDATE GAP,step1.expected,CANDIDATE GAP,PHRASING,aka footer strong,aka,,"no case of ours contains 'aka' together with ['footer', 'strong']",<li><p>Table <strong>footer</strong> aka <strong>Totals</strong> is visible</p>
37,C1784,Vladimir Tomovic,Test Cases > Reports > Technician Efficiency,CANDIDATE GAP,step1.expected,CANDIDATE GAP,PHRASING,background footer gray,background,,"no case of ours contains 'background' together with ['footer', 'gray']",<li>footer has light gray background</li>
37,C1784,Vladimir Tomovic,Test Cases > Reports > Technician Efficiency,CANDIDATE GAP,step1.expected,CANDIDATE GAP,STRONG,bolded footer font,font,,"no case of ours contains 'font' together with ['bolded', 'footer']",<li>footer fonts are bolded</li>
37,C1784,Vladimir Tomovic,Test Cases > Reports > Technician Efficiency,CANDIDATE GAP,step1.expected,CANDIDATE GAP,PHRASING,gst number strong,gst,,"no case of ours contains 'gst' together with ['number', 'strong']",<li><p><strong>GST</strong> number and <strong>page</strong> numbers are not visible on the bottom of the page</p></li>
37,C1785,Vladimir Tomovic,Test Cases > Reports > Technician Efficiency,CANDIDATE GAP,custom_preconds,CANDIDATE GAP,STRONG,invoiced tim multiple,tim,,"no case of ours contains 'tim' together with ['invoiced', 'multiple']",<li>An invoiced WO with multiple clocked in times exists</li>
37,C1785,Vladimir Tomovic,Test Cases > Reports > Technician Efficiency,CANDIDATE GAP,custom_preconds,CANDIDATE GAP,PHRASING,base efficiency navigated,base,,"no case of ours contains 'base' together with ['efficiency', 'navigated']",<li>User is navigated to the {{BASE_URL}}/reports/technician-efficiency</li>
37,C1785,Vladimir Tomovic,Test Cases > Reports > Technician Efficiency,CANDIDATE GAP,custom_preconds,CANDIDATE GAP,PHRASING,downloaded efficiency expandedview.pdf,downloaded,,"no case of ours contains 'downloaded' together with ['efficiency', 'expandedview.pdf']",<li>Technician-Efficiency-expandedView.pdf reports is downloaded</li>
37,C1785,Vladimir Tomovic,Test Cases > Reports > Technician Efficiency,CANDIDATE GAP,step1.content,CANDIDATE GAP,STRONG,expandedview strong data,data,,"no case of ours contains 'data' together with ['expandedview', 'strong']",<li>Verify data on the <strong>ExpandedView</strong> report</li>
37,C1785,Vladimir Tomovic,Test Cases > Reports > Technician Efficiency,CANDIDATE GAP,step1.expected,CANDIDATE GAP,STRONG,company section full,full,,"no case of ours contains 'full' together with ['company', 'section']",<li>Each technician's section should start with the full company header on top.
37,C1785,Vladimir Tomovic,Test Cases > Reports > Technician Efficiency,CANDIDATE GAP,step1.expected,CANDIDATE GAP,STRONG,pag span first,first,,"no case of ours contains 'first' together with ['pag', 'span']","If a technician's report spans multiple pages, the header should appear only on the first page</li>"
37,C1785,Vladimir Tomovic,Test Cases > Reports > Technician Efficiency,CANDIDATE GAP,step1.expected,CANDIDATE GAP,PHRASING,expandedview strong structure,expandedview,,"no case of ours contains 'expandedview' together with ['strong', 'structure']",<li><p>The <strong>ExpandedView</strong> reports structure:</p>
37,C1785,Vladimir Tomovic,Test Cases > Reports > Technician Efficiency,CANDIDATE GAP,step1.expected,CANDIDATE GAP,PHRASING,corner left strong,corner,,"no case of ours contains 'corner' together with ['left', 'strong']",<li><p><strong>Location name</strong> is visible in top left corner</p>
37,C1785,Vladimir Tomovic,Test Cases > Reports > Technician Efficiency,CANDIDATE GAP,step1.expected,CANDIDATE GAP,STRONG,address strong location,location,,"no case of ours contains 'location' together with ['address', 'strong']",<li><strong>Location address</strong> is visible under Location name</li>
37,C1785,Vladimir Tomovic,Test Cases > Reports > Technician Efficiency,CANDIDATE GAP,step1.expected,CANDIDATE GAP,PHRASING,efficiency strong tech,efficiency,,"no case of ours contains 'efficiency' together with ['strong', 'tech']",<li><p>Report title <strong>Tech Efficiency</strong> is visible</p>
37,C1785,Vladimir Tomovic,Test Cases > Reports > Technician Efficiency,CANDIDATE GAP,step1.expected,CANDIDATE GAP,PHRASING,$technicianname strong subtitle,$technicianname,,"no case of ours contains '$technicianname' together with ['strong', 'subtitle']",<li><p>Report subtitle <strong>$TechnicianName</strong> is visible</p>
37,C1785,Vladimir Tomovic,Test Cases > Reports > Technician Efficiency,CANDIDATE GAP,step1.expected,CANDIDATE GAP,PHRASING,corner logo organization,corner,,"no case of ours contains 'corner' together with ['logo', 'organization']",<li>Organization <strong>logo</strong> is visible in top right corner </li>
37,C1785,Vladimir Tomovic,Test Cases > Reports > Technician Efficiency,CANDIDATE GAP,step1.expected,CANDIDATE GAP,PHRASING,invoice logo strong,invoice,,"no case of ours contains 'invoice' together with ['logo', 'strong']","<li><p><strong>Invoice Date Range</strong> is visible under logo (e.g., Invoice Date Range:"
37,C1785,Vladimir Tomovic,Test Cases > Reports > Technician Efficiency,CANDIDATE GAP,step1.expected,CANDIDATE GAP,PHRASING,bolded invoice label,bolded,,"no case of ours contains 'bolded' together with ['invoice', 'label']",<li>Invoice Date Range label fonts are bolded</li>
37,C1785,Vladimir Tomovic,Test Cases > Reports > Technician Efficiency,CANDIDATE GAP,step1.expected,CANDIDATE GAP,STRONG,previously dat showing,dat,,"no case of ours contains 'dat' together with ['previously', 'showing']",<li>Date range is showing dates that are previously selected in the date filter</li>
37,C1785,Vladimir Tomovic,Test Cases > Reports > Technician Efficiency,CANDIDATE GAP,step1.expected,CANDIDATE GAP,STRONG,strong table header,header,,"no case of ours contains 'header' together with ['strong', 'table']",<li><p>Table <strong>header</strong> is visible:</p>
37,C1785,Vladimir Tomovic,Test Cases > Reports > Technician Efficiency,CANDIDATE GAP,step1.expected,CANDIDATE GAP,PHRASING,background gray light,background,,"no case of ours contains 'background' together with ['gray', 'light']",<li>header has light gray background</li>
37,C1785,Vladimir Tomovic,Test Cases > Reports > Technician Efficiency,CANDIDATE GAP,step1.expected,CANDIDATE GAP,STRONG,bolded font header,font,,"no case of ours contains 'font' together with ['bolded', 'header']",<li>header fonts are bolded</li>
37,C1785,Vladimir Tomovic,Test Cases > Reports > Technician Efficiency,CANDIDATE GAP,step1.expected,CANDIDATE GAP,STRONG,contain header column,contain,C19256 C19257 C19258,"no case of ours contains 'contain' together with ['header', 'column']",<li><p>header contains columns:</p>
37,C1785,Vladimir Tomovic,Test Cases > Reports > Technician Efficiency,CANDIDATE GAP,step1.expected,CANDIDATE GAP,STRONG,invoiced tech hour,hour,,"no case of ours contains 'hour' together with ['invoiced', 'tech']",<li>Invoiced Tech Hours</li>
37,C1785,Vladimir Tomovic,Test Cases > Reports > Technician Efficiency,CANDIDATE GAP,step1.expected,CANDIDATE GAP,STRONG,strong table rows,rows,,"no case of ours contains 'rows' together with ['strong', 'table']",<li><p>Table <strong>rows</strong> are visible:</p>
37,C1785,Vladimir Tomovic,Test Cases > Reports > Technician Efficiency,CANDIDATE GAP,step1.expected,CANDIDATE GAP,PHRASING,gray light separated,gray,,"no case of ours contains 'gray' together with ['light', 'separated']",<li>each technician row is separated by a light gray line</li>
37,C1785,Vladimir Tomovic,Test Cases > Reports > Technician Efficiency,CANDIDATE GAP,step1.expected,CANDIDATE GAP,PHRASING,aka footer strong,aka,,"no case of ours contains 'aka' together with ['footer', 'strong']",<li><p>Table <strong>footer</strong> aka <strong>Totals</strong> is visible</p>
37,C1785,Vladimir Tomovic,Test Cases > Reports > Technician Efficiency,CANDIDATE GAP,step1.expected,CANDIDATE GAP,PHRASING,background footer gray,background,,"no case of ours contains 'background' together with ['footer', 'gray']",<li>footer has light gray background</li>
37,C1785,Vladimir Tomovic,Test Cases > Reports > Technician Efficiency,CANDIDATE GAP,step1.expected,CANDIDATE GAP,STRONG,bolded footer font,font,,"no case of ours contains 'font' together with ['bolded', 'footer']",<li>footer fonts are bolded</li>
37,C1785,Vladimir Tomovic,Test Cases > Reports > Technician Efficiency,CANDIDATE GAP,step1.expected,CANDIDATE GAP,PHRASING,gst number strong,gst,,"no case of ours contains 'gst' together with ['number', 'strong']",<li><strong>GST</strong> number and <strong>page</strong> numbers are not visible on the bottom of the page</li>
37,C1805,Vladimir Tomovic,Test Cases > Reports > Technician Efficiency,CONTRADICTS-OURS,custom_preconds,CANDIDATE GAP,STRONG,tech lin multiple,lin,,"no case of ours contains 'lin' together with ['tech', 'multiple']",<li>WO with multiple lines and techs clocked into those lines exist</li>
37,C1805,Vladimir Tomovic,Test Cases > Reports > Technician Efficiency,CONTRADICTS-OURS,custom_preconds,CANDIDATE GAP,PHRASING,estimate invoice statu,estimate,,"no case of ours contains 'estimate' together with ['invoice', 'statu']",<li>WO is in <strong>Complete</strong> or <strong>Estimate</strong> status ( <strong>Invoice</strong> is not created )</li>
37,C1805,Vladimir Tomovic,Test Cases > Reports > Technician Efficiency,CONTRADICTS-OURS,custom_preconds,CANDIDATE GAP,PHRASING,base efficiency navigated,base,,"no case of ours contains 'base' together with ['efficiency', 'navigated']",<li>User is navigated to the {{BASE_URL}}/reports/technician-efficiency</li>
37,C1805,Vladimir Tomovic,Test Cases > Reports > Technician Efficiency,CONTRADICTS-OURS,custom_preconds,COVERED-BY,STRONG,include filter set,,C19251,"all of ['include', 'filter', 'set'] co-occur in a case of ours",<li>Filters are set to include WO date</li>
37,C1805,Vladimir Tomovic,Test Cases > Reports > Technician Efficiency,CONTRADICTS-OURS,step1.expected,CONTRADICTS-OURS,STRONG,result tim visible,tim,C19270,"our case(s) share this topic AND carry a closed-list/negation marker, while never mentioning 'tim' - read both before ruling",<li>WO and clocked in times are not visible in the results</li>
37,C1805,Vladimir Tomovic,Test Cases > Reports > Technician Efficiency,CONTRADICTS-OURS,step2.content,CANDIDATE GAP,PHRASING,base efficiency existence,base,,"no case of ours contains 'base' together with ['efficiency', 'existence']",<li>Navigate back to the WO and create invoice and then navigate to the {{BASE_URL}}/reports/technician-efficiency and verify existence of that WO in the results</li>
37,C1805,Vladimir Tomovic,Test Cases > Reports > Technician Efficiency,CONTRADICTS-OURS,step2.expected,CONTRADICTS-OURS,STRONG,result tim now,tim,C19270,"our case(s) share this topic AND carry a closed-list/negation marker, while never mentioning 'tim' - read both before ruling",<li>WO and clocked in times are now visible in the results</li>
37,C1786,Vladimir Tomovic,Test Cases > Reports > Technician Efficiency,CANDIDATE GAP,custom_preconds,CANDIDATE GAP,STRONG,invoiced strong tim,tim,,"no case of ours contains 'tim' together with ['invoiced', 'strong']",<li>An <strong>invoiced</strong> WO with multiple clocked in times exists</li>
37,C1786,Vladimir Tomovic,Test Cases > Reports > Technician Efficiency,CANDIDATE GAP,custom_preconds,CANDIDATE GAP,PHRASING,base efficiency navigated,base,,"no case of ours contains 'base' together with ['efficiency', 'navigated']",<li>User is navigated to the {{BASE_URL}}/reports/technician-efficiency</li>
37,C1786,Vladimir Tomovic,Test Cases > Reports > Technician Efficiency,CANDIDATE GAP,step1.content,CANDIDATE GAP,PHRASING,invoiced issued paid,invoiced,,"no case of ours contains 'invoiced' together with ['issued', 'paid']",<li>Verify records exist for the issued WO (Invoiced/Paid)</li>
37,C1786,Vladimir Tomovic,Test Cases > Reports > Technician Efficiency,CANDIDATE GAP,step1.expected,CANDIDATE GAP,STRONG,efficiency strong record,record,,"no case of ours contains 'record' together with ['efficiency', 'strong']",<li>There are records for the WO under <strong>Technician Efficiency</strong></li>
37,C1786,Vladimir Tomovic,Test Cases > Reports > Technician Efficiency,CANDIDATE GAP,step2.content,CANDIDATE GAP,PHRASING,issued payment reverse,issued,,"no case of ours contains 'issued' together with ['payment', 'reverse']",<li>Reverse Payment and Verify records exist for the issued WO</li>
37,C1786,Vladimir Tomovic,Test Cases > Reports > Technician Efficiency,CANDIDATE GAP,step2.expected,CANDIDATE GAP,PHRASING,efficiency invoice longer,efficiency,,"no case of ours contains 'efficiency' together with ['invoice', 'longer']",<li>Tech Efficiency data is no longer visible for that WO/Invoice</li>
37,C1801,Vladimir Tomovic,Test Cases > Reports > Technician Efficiency,CANDIDATE GAP,custom_preconds,CANDIDATE GAP,STRONG,invoiced tim multiple,tim,,"no case of ours contains 'tim' together with ['invoiced', 'multiple']",<li>An invoiced WO with multiple clocked in times exists</li>
37,C1801,Vladimir Tomovic,Test Cases > Reports > Technician Efficiency,CANDIDATE GAP,custom_preconds,CANDIDATE GAP,PHRASING,base efficiency navigated,base,,"no case of ours contains 'base' together with ['efficiency', 'navigated']",<li>User is navigated to the {{BASE_URL}}/reports/technician-efficiency</li>
37,C1801,Vladimir Tomovic,Test Cases > Reports > Technician Efficiency,CANDIDATE GAP,step1.content,COVERED-BY,STRONG,filter date,,C19247 C19251,"all of ['filter', 'date'] co-occur in a case of ours",<li>Verify default date filter</li>
37,C1801,Vladimir Tomovic,Test Cases > Reports > Technician Efficiency,CANDIDATE GAP,step1.expected,CANDIDATE GAP,STRONG,strong filter month,filter,,"no case of ours contains 'filter' together with ['strong', 'month']",<li>Filter is set to <strong>This Month</strong></li>
37,C1801,Vladimir Tomovic,Test Cases > Reports > Technician Efficiency,CANDIDATE GAP,step2.content,CANDIDATE GAP,STRONG,strong option filter,option,,"no case of ours contains 'option' together with ['strong', 'filter']",<li>Click on <strong>Filter</strong> dropdown and verify dropdown options</li>
37,C1801,Vladimir Tomovic,Test Cases > Reports > Technician Efficiency,CANDIDATE GAP,step2.expected,CANDIDATE GAP,STRONG,following strong option,option,,"no case of ours contains 'option' together with ['following', 'strong']",<li><p>The following <strong>Filter</strong> dropdown options are present:</p>
37,C1801,Vladimir Tomovic,Test Cases > Reports > Technician Efficiency,CANDIDATE GAP,step3.content,CANDIDATE GAP,STRONG,filtered strong option,option,,"no case of ours contains 'option' together with ['filtered', 'strong']",<li>Click on each <strong>Filter</strong> dropdown option and verify filtered results</li>
37,C1801,Vladimir Tomovic,Test Cases > Reports > Technician Efficiency,CANDIDATE GAP,step3.expected,CANDIDATE GAP,STRONG,rang record selected,record,,"no case of ours contains 'record' together with ['rang', 'selected']",<li>Records are displayed only within selected date ranges</li>
37,C1802,Vladimir Tomovic,Test Cases > Reports > Technician Efficiency,CANDIDATE GAP,custom_preconds,CANDIDATE GAP,STRONG,invoiced tim multiple,tim,,"no case of ours contains 'tim' together with ['invoiced', 'multiple']",<li>An invoiced WO with multiple clocked in times exists</li>
37,C1802,Vladimir Tomovic,Test Cases > Reports > Technician Efficiency,CANDIDATE GAP,custom_preconds,CANDIDATE GAP,PHRASING,base efficiency navigated,base,,"no case of ours contains 'base' together with ['efficiency', 'navigated']",<li>User is navigated to the {{BASE_URL}}/reports/technician-efficiency</li>
37,C1802,Vladimir Tomovic,Test Cases > Reports > Technician Efficiency,CANDIDATE GAP,step1.content,CANDIDATE GAP,PHRASING,invoice link number,invoice,,"no case of ours contains 'invoice' together with ['link', 'number']",<li>Click on any link under <strong>Invoice Number</strong></li>
37,C1802,Vladimir Tomovic,Test Cases > Reports > Technician Efficiency,CANDIDATE GAP,step1.expected,CANDIDATE GAP,PHRASING,base url workorder,base,,"no case of ours contains 'base' together with ['url', 'workorder']",<li>User lands to {{BASE_URL}}/workorder/{{WO_ID}}/lines</li>
37,C1802,Vladimir Tomovic,Test Cases > Reports > Technician Efficiency,CANDIDATE GAP,step2.content,CANDIDATE GAP,PHRASING,base efficiency navigated,base,,"no case of ours contains 'base' together with ['efficiency', 'navigated']",<li>Navigated back to the {{BASE_URL}}/reports/technician-efficiency page</li>
37,C1802,Vladimir Tomovic,Test Cases > Reports > Technician Efficiency,CANDIDATE GAP,step2.content,CANDIDATE GAP,PHRASING,customer link strong,customer,,"no case of ours contains 'customer' together with ['link', 'strong']",<li>Click on any link under <strong>Customer</strong></li>
37,C1802,Vladimir Tomovic,Test Cases > Reports > Technician Efficiency,CANDIDATE GAP,step2.expected,CANDIDATE GAP,PHRASING,base customer url,base,,"no case of ours contains 'base' together with ['customer', 'url']",<li>User lands to {{BASE_URL}}/customers/{{CUSTOMER_ID}}/work-orders</li>
37,C1802,Vladimir Tomovic,Test Cases > Reports > Technician Efficiency,CANDIDATE GAP,step3.content,CANDIDATE GAP,PHRASING,base efficiency navigated,base,,"no case of ours contains 'base' together with ['efficiency', 'navigated']",<li>Navigated back to the {{BASE_URL}}/reports/technician-efficiency page</li>
37,C1802,Vladimir Tomovic,Test Cases > Reports > Technician Efficiency,CANDIDATE GAP,step3.content,CANDIDATE GAP,STRONG,link strong hour,hour,,"no case of ours contains 'hour' together with ['link', 'strong']",<li>Click on any link under <strong>Clocked Hours</strong></li>
37,C1802,Vladimir Tomovic,Test Cases > Reports > Technician Efficiency,CANDIDATE GAP,step3.expected,CANDIDATE GAP,PHRASING,base url workorder,base,,"no case of ours contains 'base' together with ['url', 'workorder']",<li>User lands to {{BASE_URL}}/workorder/{{WO_ID}}/timesheets</li>
37,C1802,Vladimir Tomovic,Test Cases > Reports > Technician Efficiency,CANDIDATE GAP,step4.content,CANDIDATE GAP,PHRASING,base efficiency navigated,base,,"no case of ours contains 'base' together with ['efficiency', 'navigated']",<li>Navigated back to the {{BASE_URL}}/reports/technician-efficiency page</li>
37,C1802,Vladimir Tomovic,Test Cases > Reports > Technician Efficiency,CANDIDATE GAP,step4.content,CANDIDATE GAP,PHRASING,invoiced link strong,invoiced,,"no case of ours contains 'invoiced' together with ['link', 'strong']",<li>Click on any link under <strong>Invoiced Tech Hours</strong></li>
37,C1802,Vladimir Tomovic,Test Cases > Reports > Technician Efficiency,CANDIDATE GAP,step4.expected,CANDIDATE GAP,PHRASING,base customer url,base,,"no case of ours contains 'base' together with ['customer', 'url']",<li>User lands to {{BASE_URL}}/customers/{{CUSTOMER_ID}}/lines</li>
37,C1802,Vladimir Tomovic,Test Cases > Reports > Technician Efficiency,CANDIDATE GAP,step4.expected,CANDIDATE GAP,STRONG,strong edit line,edit,,"no case of ours contains 'edit' together with ['strong', 'line']",<li><strong>Edit Line</strong> modal opens</li>
37,C1803,Vladimir Tomovic,Test Cases > Reports > Technician Efficiency,CANDIDATE GAP,custom_preconds,CANDIDATE GAP,STRONG,invoiced tim multiple,tim,,"no case of ours contains 'tim' together with ['invoiced', 'multiple']",<li>An invoiced WO with multiple clocked in times exists</li>
37,C1803,Vladimir Tomovic,Test Cases > Reports > Technician Efficiency,CANDIDATE GAP,custom_preconds,CANDIDATE GAP,PHRASING,base efficiency navigated,base,,"no case of ours contains 'base' together with ['efficiency', 'navigated']",<li>User is navigated to the {{BASE_URL}}/reports/technician-efficiency</li>
37,C1803,Vladimir Tomovic,Test Cases > Reports > Technician Efficiency,CANDIDATE GAP,step1.content,CANDIDATE GAP,STRONG,ordering line technician,line,,"no case of ours contains 'line' together with ['ordering', 'technician']",<li>Verify line ordering for the same WO under technician </li>
37,C1803,Vladimir Tomovic,Test Cases > Reports > Technician Efficiency,CANDIDATE GAP,step1.expected,COVERED-BY,STRONG,most recent work,,C19293 C19294,"all of ['most', 'recent', 'work'] co-occur in a case of ours",<li>The most recent work orders are at the top</li>
37,C1803,Vladimir Tomovic,Test Cases > Reports > Technician Efficiency,CANDIDATE GAP,step1.expected,CANDIDATE GAP,PHRASING,grouped highest lowest,grouped,,"no case of ours contains 'grouped' together with ['highest', 'lowest']",<li>Lines are ordered from <strong>lowest</strong> to <strong>highest</strong> grouped by work orders</li>
37,C1803,Vladimir Tomovic,Test Cases > Reports > Technician Efficiency,CANDIDATE GAP,step1.expected,CANDIDATE GAP,PHRASING,class line1 table,class,,"no case of ours contains 'class' together with ['line1', 'table']","<tr><td class=""table-data"">1</td><td class=""table-data"">wo2</td><td class=""table-data"">wo2_line1</td></tr>"
37,C1803,Vladimir Tomovic,Test Cases > Reports > Technician Efficiency,CANDIDATE GAP,step1.expected,CANDIDATE GAP,PHRASING,class line2 table,class,,"no case of ours contains 'class' together with ['line2', 'table']","<tr><td class=""table-data"">2</td><td class=""table-data"">wo2</td><td class=""table-data"">wo2_line2</td></tr>"
37,C1803,Vladimir Tomovic,Test Cases > Reports > Technician Efficiency,CANDIDATE GAP,step1.expected,CANDIDATE GAP,PHRASING,class line3 table,class,,"no case of ours contains 'class' together with ['line3', 'table']","<tr><td class=""table-data"">3</td><td class=""table-data"">wo2</td><td class=""table-data"">wo2_line3</td></tr>"
37,C1803,Vladimir Tomovic,Test Cases > Reports > Technician Efficiency,CANDIDATE GAP,step1.expected,CANDIDATE GAP,PHRASING,class line4 table,class,,"no case of ours contains 'class' together with ['line4', 'table']","<tr><td class=""table-data"">4</td><td class=""table-data"">wo2</td><td class=""table-data"">wo2_line4</td></tr>"
37,C1803,Vladimir Tomovic,Test Cases > Reports > Technician Efficiency,CANDIDATE GAP,step1.expected,CANDIDATE GAP,PHRASING,class line5 table,class,,"no case of ours contains 'class' together with ['line5', 'table']","<tr><td class=""table-data"">5</td><td class=""table-data"">wo2</td><td class=""table-data"">wo2_line5</td></tr>"
37,C1803,Vladimir Tomovic,Test Cases > Reports > Technician Efficiency,CANDIDATE GAP,step1.expected,CANDIDATE GAP,PHRASING,class line2 table,class,,"no case of ours contains 'class' together with ['line2', 'table']","<tr><td class=""table-data"">6</td><td class=""table-data"">wo1</td><td class=""table-data"">wo1_line2</td></tr>"
37,C1803,Vladimir Tomovic,Test Cases > Reports > Technician Efficiency,CANDIDATE GAP,step1.expected,CANDIDATE GAP,PHRASING,class line5 table,class,,"no case of ours contains 'class' together with ['line5', 'table']","<tr><td class=""table-data"">7</td><td class=""table-data"">wo1</td><td class=""table-data"">wo1_line5</td></tr>"
37,C1803,Vladimir Tomovic,Test Cases > Reports > Technician Efficiency,CANDIDATE GAP,step1.expected,CANDIDATE GAP,PHRASING,class line6 table,class,,"no case of ours contains 'class' together with ['line6', 'table']","<tr><td class=""table-data"">8</td><td class=""table-data"">wo1</td><td class=""table-data"">wo1_line6</td></tr>"
37,C1804,Vladimir Tomovic,Test Cases > Reports > Technician Efficiency,CANDIDATE GAP,custom_preconds,CANDIDATE GAP,STRONG,invoiced tim multiple,tim,,"no case of ours contains 'tim' together with ['invoiced', 'multiple']",<li>An invoiced WO with multiple clocked in times exists</li>
37,C1804,Vladimir Tomovic,Test Cases > Reports > Technician Efficiency,CANDIDATE GAP,custom_preconds,CANDIDATE GAP,PHRASING,base efficiency navigated,base,,"no case of ours contains 'base' together with ['efficiency', 'navigated']",<li>User is navigated to the {{BASE_URL}}/reports/technician-efficiency</li>
37,C1804,Vladimir Tomovic,Test Cases > Reports > Technician Efficiency,CANDIDATE GAP,step1.content,CANDIDATE GAP,STRONG,strong header hour,header,,"no case of ours contains 'header' together with ['strong', 'hour']",<li>Hover over <strong>Clocked Hours</strong> column header</li>
37,C1804,Vladimir Tomovic,Test Cases > Reports > Technician Efficiency,CANDIDATE GAP,step1.expected,CANDIDATE GAP,PHRASING,following invoiced number,following,,"no case of ours contains 'following' together with ['invoiced', 'number']",<li><p><strong>Clocked Hours</strong> tooltip is visible with the following message:<br /><strong>This is the total number of 'clocked hours' that the technician clocked in to the work order that have been invoiced within the date range that is selected.</strong></p></li>
37,C1804,Vladimir Tomovic,Test Cases > Reports > Technician Efficiency,CANDIDATE GAP,step1.expected,CANDIDATE GAP,PHRASING,alternative invoiced number,alternative,,"no case of ours contains 'alternative' together with ['invoiced', 'number']","<p>Alternative:<br />Total number of 'clocked hours' the technician has logged into the work order, which have been invoiced within the selected date range.</p>"
37,C1804,Vladimir Tomovic,Test Cases > Reports > Technician Efficiency,CANDIDATE GAP,step2.content,CANDIDATE GAP,PHRASING,invoiced strong tech,invoiced,,"no case of ours contains 'invoiced' together with ['strong', 'tech']",<li>Hover over <strong>Invoiced Tech Hours</strong> column header</li>
37,C1804,Vladimir Tomovic,Test Cases > Reports > Technician Efficiency,CANDIDATE GAP,step2.expected,CANDIDATE GAP,PHRASING,assigned following invoiced,assigned,,"no case of ours contains 'assigned' together with ['following', 'invoiced']",<li><p><strong>Invoiced Tech Hours</strong> tooltip is visible with the following message:<br /><strong>This is the total number of 'tech hours' that were assigned to lines on the work orders that have been invoiced within the date range that is selected.</strong></p></li>
37,C1804,Vladimir Tomovic,Test Cases > Reports > Technician Efficiency,CANDIDATE GAP,step2.expected,CANDIDATE GAP,PHRASING,alternative assigned invoiced,alternative,,"no case of ours contains 'alternative' together with ['assigned', 'invoiced']","<p>Alternative:<br />Total number of 'tech hours' assigned to work order lines, which have been invoiced within the selected date range.</p>"
37,C1804,Vladimir Tomovic,Test Cases > Reports > Technician Efficiency,CANDIDATE GAP,step3.content,CANDIDATE GAP,STRONG,profit strong header,header,,"no case of ours contains 'header' together with ['profit', 'strong']",<li>Hover over <strong>Hours Profit</strong> column header</li>
37,C1804,Vladimir Tomovic,Test Cases > Reports > Technician Efficiency,CANDIDATE GAP,step3.expected,CANDIDATE GAP,PHRASING,difference following invoiced,difference,,"no case of ours contains 'difference' together with ['following', 'invoiced']",<li><p><strong>Hours Profit</strong> tooltip is visible with the following message:<br /><strong>This is the total number of 'hours profit' that the difference of technician invoiced tech hours and technician clocked hours on the work order that have been invoiced within the date range that is selected.</strong></p></li>
37,C1804,Vladimir Tomovic,Test Cases > Reports > Technician Efficiency,CANDIDATE GAP,step3.expected,CANDIDATE GAP,PHRASING,actual alternative between,actual,,"no case of ours contains 'actual' together with ['alternative', 'between']",<p>Alternative:<br />Difference between the technician's invoiced hours and their actual clocked hours for work orders invoiced within the selected date range.</p>
37,C1804,Vladimir Tomovic,Test Cases > Reports > Technician Efficiency,CANDIDATE GAP,step4.content,CANDIDATE GAP,STRONG,efficiency strong header,header,,"no case of ours contains 'header' together with ['efficiency', 'strong']",<li>Hover over <strong>Efficiency</strong> column header</li>
37,C1804,Vladimir Tomovic,Test Cases > Reports > Technician Efficiency,CANDIDATE GAP,step4.expected,CANDIDATE GAP,PHRASING,associated based compared,associated,,"no case of ours contains 'associated' together with ['based', 'compared']","<li><p><strong>Efficiency</strong> tooltip is visible with the following message:<br /><strong>This is the technician efficiency based off of the hours that were clocked onto the lines compared to the tech hours that were associated with those lines on work orders that have been invoiced, within the date range that is selected."
37,C1804,Vladimir Tomovic,Test Cases > Reports > Technician Efficiency,CANDIDATE GAP,step4.expected,CANDIDATE GAP,PHRASING,divided efficiency invoiced,divided,,"no case of ours contains 'divided' together with ['efficiency', 'invoiced']",Efficiency = invoiced tech time divided by the clocked time (in %)</strong></p></li>
37,C1804,Vladimir Tomovic,Test Cases > Reports > Technician Efficiency,CANDIDATE GAP,step4.expected,CANDIDATE GAP,PHRASING,100 alternative assigned,100,,"no case of ours contains '100' together with ['alternative', 'assigned']","<p>Alternative:<br />Technician's efficiency based on the clocked hours versus the tech hours assigned to work order lines, which have been invoiced within the selected date range.<br />Efficiency = (Invoiced Tech Hours ÷ Clocked Hours) × 100</p>"
37,C1806,Vladimir Tomovic,Test Cases > Reports > Technician Efficiency,CANDIDATE GAP,custom_preconds,CANDIDATE GAP,STRONG,invoiced tim multiple,tim,,"no case of ours contains 'tim' together with ['invoiced', 'multiple']",<li>An invoiced WO with multiple clocked in times exists</li>
37,C1806,Vladimir Tomovic,Test Cases > Reports > Technician Efficiency,CANDIDATE GAP,custom_preconds,CANDIDATE GAP,PHRASING,base efficiency navigated,base,,"no case of ours contains 'base' together with ['efficiency', 'navigated']",<li>User is navigated to the {{BASE_URL}}/reports/technician-efficiency</li>
37,C1806,Vladimir Tomovic,Test Cases > Reports > Technician Efficiency,CANDIDATE GAP,step1.content,CANDIDATE GAP,PHRASING,arrow next strong,arrow,,"no case of ours contains 'arrow' together with ['next', 'strong']",<li>Click on arrow next to the <strong>Technician</strong> column header</li>
37,C1806,Vladimir Tomovic,Test Cases > Reports > Technician Efficiency,CANDIDATE GAP,step1.expected,CANDIDATE GAP,STRONG,expanded table rows,rows,,"no case of ours contains 'rows' together with ['expanded', 'table']",<li>All table rows are expanded</li>
37,C1806,Vladimir Tomovic,Test Cases > Reports > Technician Efficiency,CANDIDATE GAP,step2.content,CANDIDATE GAP,STRONG,scroll way back,back,,"no case of ours contains 'back' together with ['scroll', 'way']",<li>Scroll all the way to the bottom and back to the top</li>
37,C1806,Vladimir Tomovic,Test Cases > Reports > Technician Efficiency,CANDIDATE GAP,step2.expected,CANDIDATE GAP,PHRASING,between footer moving,between,,"no case of ours contains 'between' together with ['footer', 'moving']",<li>The scroll is moving between the table header and table footer</li>
37,C1807,Vladimir Tomovic,Test Cases > Reports > Technician Efficiency,CANDIDATE GAP,custom_preconds,CANDIDATE GAP,STRONG,invoiced tim multiple,tim,,"no case of ours contains 'tim' together with ['invoiced', 'multiple']",<li>An invoiced WO with multiple clocked in times exists</li>
37,C1807,Vladimir Tomovic,Test Cases > Reports > Technician Efficiency,CANDIDATE GAP,custom_preconds,CANDIDATE GAP,PHRASING,base efficiency navigated,base,,"no case of ours contains 'base' together with ['efficiency', 'navigated']",<li>User is navigated to the {{BASE_URL}}/reports/technician-efficiency</li>
37,C1807,Vladimir Tomovic,Test Cases > Reports > Technician Efficiency,CANDIDATE GAP,step1.content,CANDIDATE GAP,STRONG,arrow next header,header,,"no case of ours contains 'header' together with ['arrow', 'next']",<li>Click the arrow next to the Technician column header</li>
37,C1807,Vladimir Tomovic,Test Cases > Reports > Technician Efficiency,CANDIDATE GAP,step1.expected,CANDIDATE GAP,PHRASING,expanded strong table,expanded,,"no case of ours contains 'expanded' together with ['strong', 'table']",<li>All table rows are <strong>expanded</strong></li>
37,C1807,Vladimir Tomovic,Test Cases > Reports > Technician Efficiency,CANDIDATE GAP,step2.content,CANDIDATE GAP,STRONG,arrow next header,header,,"no case of ours contains 'header' together with ['arrow', 'next']",<li>Click the arrow next to the Technician column header again</li>
37,C1807,Vladimir Tomovic,Test Cases > Reports > Technician Efficiency,CANDIDATE GAP,step2.expected,CANDIDATE GAP,PHRASING,collapsed strong table,collapsed,,"no case of ours contains 'collapsed' together with ['strong', 'table']",<li>All table rows are <strong>collapsed</strong></li>
37,C1808,Vladimir Tomovic,Test Cases > Reports > Technician Efficiency,CANDIDATE GAP,custom_preconds,CANDIDATE GAP,STRONG,invoiced tim multiple,tim,,"no case of ours contains 'tim' together with ['invoiced', 'multiple']",<li>An invoiced WO with multiple clocked in times exists</li>
37,C1808,Vladimir Tomovic,Test Cases > Reports > Technician Efficiency,CANDIDATE GAP,custom_preconds,CANDIDATE GAP,PHRASING,base efficiency navigated,base,,"no case of ours contains 'base' together with ['efficiency', 'navigated']",<li>User is navigated to the {{BASE_URL}}/reports/technician-efficiency</li>
37,C1808,Vladimir Tomovic,Test Cases > Reports > Technician Efficiency,CANDIDATE GAP,step1.content,CANDIDATE GAP,STRONG,arrow next name,name,,"no case of ours contains 'name' together with ['arrow', 'next']",<li>Click the arrow next to technician name</li>
37,C1808,Vladimir Tomovic,Test Cases > Reports > Technician Efficiency,CANDIDATE GAP,step1.expected,CANDIDATE GAP,STRONG,expanded strong selected,selected,,"no case of ours contains 'selected' together with ['expanded', 'strong']",<li>Row for selected technician is <strong>expanded</strong></li>
37,C1808,Vladimir Tomovic,Test Cases > Reports > Technician Efficiency,CANDIDATE GAP,step1.expected,CANDIDATE GAP,STRONG,tech record visible,record,,"no case of ours contains 'record' together with ['tech', 'visible']",<li>All tech records are visible</li>
37,C1808,Vladimir Tomovic,Test Cases > Reports > Technician Efficiency,CANDIDATE GAP,step2.content,CANDIDATE GAP,STRONG,arrow next name,name,,"no case of ours contains 'name' together with ['arrow', 'next']",<li>Click the arrow next to the same technician's name again</li>
37,C1808,Vladimir Tomovic,Test Cases > Reports > Technician Efficiency,CANDIDATE GAP,step2.expected,CANDIDATE GAP,STRONG,collapsed strong selected,selected,,"no case of ours contains 'selected' together with ['collapsed', 'strong']",<li>Row for selected technician is <strong>collapsed</strong></li>
37,C1808,Vladimir Tomovic,Test Cases > Reports > Technician Efficiency,CANDIDATE GAP,step2.expected,CANDIDATE GAP,STRONG,strong tech record,record,,"no case of ours contains 'record' together with ['strong', 'tech']",<li>Tech records are <strong>not</strong> visible</li>
37,C1809,Vladimir Tomovic,Test Cases > Reports > Technician Efficiency,CANDIDATE GAP,custom_preconds,CANDIDATE GAP,STRONG,invoiced tim multiple,tim,,"no case of ours contains 'tim' together with ['invoiced', 'multiple']",<li>An invoiced WO with multiple clocked in times exists</li>
37,C1809,Vladimir Tomovic,Test Cases > Reports > Technician Efficiency,CANDIDATE GAP,custom_preconds,CANDIDATE GAP,PHRASING,base efficiency navigated,base,,"no case of ours contains 'base' together with ['efficiency', 'navigated']",<li>User is navigated to the {{BASE_URL}}/reports/technician-efficiency</li>
37,C1809,Vladimir Tomovic,Test Cases > Reports > Technician Efficiency,CANDIDATE GAP,step1.content,CANDIDATE GAP,STRONG,strong header hour,header,,"no case of ours contains 'header' together with ['strong', 'hour']",<li>Click on <strong>Clocked Hours</strong> column header</li>
37,C1809,Vladimir Tomovic,Test Cases > Reports > Technician Efficiency,CANDIDATE GAP,step1.expected,CANDIDATE GAP,PHRASING,highest lowest strong,highest,,"no case of ours contains 'highest' together with ['lowest', 'strong']",<li>The technician <strong>Clocked Hours</strong> are sorted from <strong>lowest</strong> to <strong>highest</strong></li>
37,C1809,Vladimir Tomovic,Test Cases > Reports > Technician Efficiency,CANDIDATE GAP,step2.content,CANDIDATE GAP,STRONG,strong header hour,header,,"no case of ours contains 'header' together with ['strong', 'hour']",<li>Click on <strong>Clocked Hours</strong> column header once again</li>
37,C1809,Vladimir Tomovic,Test Cases > Reports > Technician Efficiency,CANDIDATE GAP,step2.expected,CANDIDATE GAP,PHRASING,highest lowest strong,highest,,"no case of ours contains 'highest' together with ['lowest', 'strong']",<li>The technician <strong>Clocked Hours</strong> are sorted from <strong>highest</strong> to <strong>lowest</strong></li>
37,C1809,Vladimir Tomovic,Test Cases > Reports > Technician Efficiency,CANDIDATE GAP,step3.content,CANDIDATE GAP,PHRASING,invoiced strong tech,invoiced,,"no case of ours contains 'invoiced' together with ['strong', 'tech']",<li>Click on <strong>Invoiced Tech Hours</strong> column header</li>
37,C1809,Vladimir Tomovic,Test Cases > Reports > Technician Efficiency,CANDIDATE GAP,step3.expected,CANDIDATE GAP,PHRASING,highest invoiced lowest,highest,,"no case of ours contains 'highest' together with ['invoiced', 'lowest']",<li>The technician <strong>Invoiced Tech Hours</strong> are sorted from <strong>lowest</strong> to <strong>highest</strong></li>
37,C1809,Vladimir Tomovic,Test Cases > Reports > Technician Efficiency,CANDIDATE GAP,step4.content,CANDIDATE GAP,PHRASING,invoiced strong tech,invoiced,,"no case of ours contains 'invoiced' together with ['strong', 'tech']",<li>Click on <strong>Invoiced Tech Hours</strong> column header once again</li>
37,C1809,Vladimir Tomovic,Test Cases > Reports > Technician Efficiency,CANDIDATE GAP,step4.expected,CANDIDATE GAP,PHRASING,highest invoiced lowest,highest,,"no case of ours contains 'highest' together with ['invoiced', 'lowest']",<li>The technician <strong>Invoiced Tech Hours</strong> are sorted from <strong>highest</strong> to <strong>lowest</strong></li>
37,C1809,Vladimir Tomovic,Test Cases > Reports > Technician Efficiency,CANDIDATE GAP,step5.content,CANDIDATE GAP,STRONG,profit strong header,header,,"no case of ours contains 'header' together with ['profit', 'strong']",<li>Click on <strong>Hours Profit</strong> column header</li>
37,C1809,Vladimir Tomovic,Test Cases > Reports > Technician Efficiency,CANDIDATE GAP,step5.expected,CANDIDATE GAP,PHRASING,highest lowest profit,highest,,"no case of ours contains 'highest' together with ['lowest', 'profit']",<li>The technician <strong>Hours Profit</strong> are sorted from <strong>lowest</strong> to <strong>highest</strong></li>
37,C1809,Vladimir Tomovic,Test Cases > Reports > Technician Efficiency,CANDIDATE GAP,step6.content,CANDIDATE GAP,STRONG,profit strong header,header,,"no case of ours contains 'header' together with ['profit', 'strong']",<li>Click on <strong>Hours Profit</strong> column header once again</li>
37,C1809,Vladimir Tomovic,Test Cases > Reports > Technician Efficiency,CANDIDATE GAP,step6.expected,CANDIDATE GAP,PHRASING,highest lowest profit,highest,,"no case of ours contains 'highest' together with ['lowest', 'profit']",<li>The technician <strong>Hours Profit</strong> are sorted from <strong>lowest</strong> to <strong>highest</strong></li>
37,C1809,Vladimir Tomovic,Test Cases > Reports > Technician Efficiency,CANDIDATE GAP,step7.content,CANDIDATE GAP,STRONG,efficiency strong header,header,,"no case of ours contains 'header' together with ['efficiency', 'strong']",<li>Click on <strong>Efficiency</strong> column header</li>
37,C1809,Vladimir Tomovic,Test Cases > Reports > Technician Efficiency,CANDIDATE GAP,step7.expected,CANDIDATE GAP,PHRASING,efficiency highest lowest,efficiency,,"no case of ours contains 'efficiency' together with ['highest', 'lowest']",<li>The technician <strong>Efficiency</strong> are sorted from <strong>lowest</strong> to <strong>highest</strong></li>
37,C1809,Vladimir Tomovic,Test Cases > Reports > Technician Efficiency,CANDIDATE GAP,step8.content,CANDIDATE GAP,STRONG,efficiency strong header,header,,"no case of ours contains 'header' together with ['efficiency', 'strong']",<li>Click on <strong>Efficiency</strong> column header once again</li>
37,C1809,Vladimir Tomovic,Test Cases > Reports > Technician Efficiency,CANDIDATE GAP,step8.expected,CANDIDATE GAP,PHRASING,efficiency highest lowest,efficiency,,"no case of ours contains 'efficiency' together with ['highest', 'lowest']",<li>The technician <strong>Efficiency</strong> are sorted from <strong>lowest</strong> to <strong>highest</strong></li>
37,C19296,Vladimir Tomovic,Test Cases > Reports > Technician Efficiency,CONTRADICTS-OURS,custom_preconds,CANDIDATE GAP,STRONG,efficiency navigated technician,technician,,"no case of ours contains 'technician' together with ['efficiency', 'navigated']",User is navigated to /reports/technician-efficiency.
37,C19296,Vladimir Tomovic,Test Cases > Reports > Technician Efficiency,CONTRADICTS-OURS,custom_preconds,CANDIDATE GAP,STRONG,correctly load filter,load,,"no case of ours contains 'load' together with ['correctly', 'filter']",Data loads correctly for default time filter (This Month).
37,C19296,Vladimir Tomovic,Test Cases > Reports > Technician Efficiency,CONTRADICTS-OURS,step1.content,CONTRADICTS-OURS,STRONG,filter right dropdown,right,C19266,"our case(s) share this topic AND carry a closed-list/negation marker, while never mentioning 'right' - read both before ruling",Open the Date Filter dropdown (top right)
37,C19296,Vladimir Tomovic,Test Cases > Reports > Technician Efficiency,CONTRADICTS-OURS,step1.expected,CANDIDATE GAP,STRONG,interval option showing,option,,"no case of ours contains 'option' together with ['interval', 'showing']",Date filter dropdown opens showing time interval options
37,C19296,Vladimir Tomovic,Test Cases > Reports > Technician Efficiency,CONTRADICTS-OURS,step2.content,CANDIDATE GAP,STRONG,correctly load month,load,,"no case of ours contains 'load' together with ['correctly', 'month']","Select ""This Month"" and observe data loads correctly"
37,C19296,Vladimir Tomovic,Test Cases > Reports > Technician Efficiency,CONTRADICTS-OURS,step2.expected,CANDIDATE GAP,STRONG,load successfully filter,load,,"no case of ours contains 'load' together with ['successfully', 'filter']",Report data loads successfully for This Month filter
37,C19296,Vladimir Tomovic,Test Cases > Reports > Technician Efficiency,CONTRADICTS-OURS,step3.content,CONTRADICTS-OURS,STRONG,custom filter date,custom,C19251,"our case(s) share this topic AND carry a closed-list/negation marker, while never mentioning 'custom' - read both before ruling","Open the Date Filter again and select ""Custom"""
37,C19296,Vladimir Tomovic,Test Cases > Reports > Technician Efficiency,CONTRADICTS-OURS,step3.expected,CANDIDATE GAP,STRONG,picker custom range,custom,,"no case of ours contains 'custom' together with ['picker', 'range']",Custom date range picker appears
37,C19296,Vladimir Tomovic,Test Cases > Reports > Technician Efficiency,CONTRADICTS-OURS,step4.content,CANDIDATE GAP,STRONG,apply choose current,current,,"no case of ours contains 'current' together with ['apply', 'choose']",Choose a start and end date within the current month and click Apply
37,C19296,Vladimir Tomovic,Test Cases > Reports > Technician Efficiency,CONTRADICTS-OURS,step4.expected,CANDIDATE GAP,STRONG,correctly custom load,custom,,"no case of ours contains 'custom' together with ['correctly', 'load']",The report should load data correctly for the selected custom date range without errors.
37,C19297,Vladimir Tomovic,Test Cases > Reports > Technician Efficiency,CONTRADICTS-OURS,custom_preconds,CANDIDATE GAP,STRONG,efficiency navigated technician,technician,,"no case of ours contains 'technician' together with ['efficiency', 'navigated']",User is navigated to /reports/technician-efficiency.
37,C19297,Vladimir Tomovic,Test Cases > Reports > Technician Efficiency,CONTRADICTS-OURS,custom_preconds,CANDIDATE GAP,PHRASING,invoiced tech wos,invoiced,,"no case of ours contains 'invoiced' together with ['tech', 'wos']",Invoiced WOs with tech clocked-in time exist for multiple dates.
37,C19297,Vladimir Tomovic,Test Cases > Reports > Technician Efficiency,CONTRADICTS-OURS,step1.content,CONTRADICTS-OURS,STRONG,filter dropdown date,filter,C19268,"our case(s) share this topic AND carry a closed-list/negation marker, while never mentioning 'filter' - read both before ruling",Open the Date Filter dropdown
37,C19297,Vladimir Tomovic,Test Cases > Reports > Technician Efficiency,CONTRADICTS-OURS,step1.expected,CANDIDATE GAP,STRONG,interval option showing,option,,"no case of ours contains 'option' together with ['interval', 'showing']",Date filter dropdown opens showing time interval options
37,C19297,Vladimir Tomovic,Test Cases > Reports > Technician Efficiency,CONTRADICTS-OURS,step2.content,CANDIDATE GAP,PHRASING,day pick single,day,,"no case of ours contains 'day' together with ['pick', 'single']","Select a single day (e.g., ""Today"" or pick a specific date via Custom)"
37,C19297,Vladimir Tomovic,Test Cases > Reports > Technician Efficiency,CONTRADICTS-OURS,step2.expected,CANDIDATE GAP,STRONG,day single filter,filter,,"no case of ours contains 'filter' together with ['day', 'single']",Single day is selected as the filter
37,C19297,Vladimir Tomovic,Test Cases > Reports > Technician Efficiency,CONTRADICTS-OURS,step3.content,CANDIDATE GAP,STRONG,apply expanded filter,filter,,"no case of ours contains 'filter' together with ['apply', 'expanded']",Apply the filter and observe the Date column in the expanded technician rows
37,C19297,Vladimir Tomovic,Test Cases > Reports > Technician Efficiency,CONTRADICTS-OURS,step3.expected,CANDIDATE GAP,STRONG,day single selected,selected,,"no case of ours contains 'selected' together with ['day', 'single']",The report should display data only for the selected single day.
37,C19297,Vladimir Tomovic,Test Cases > Reports > Technician Efficiency,CONTRADICTS-OURS,step3.expected,COVERED-BY,STRONG,rows column date,,C19247,"all of ['rows', 'column', 'date'] co-occur in a case of ours",All rows in the Date column should show the same date.
37,C19298,Vladimir Tomovic,Test Cases > Reports > Technician Efficiency,CONTRADICTS-OURS,custom_preconds,CANDIDATE GAP,STRONG,efficiency navigated technician,technician,,"no case of ours contains 'technician' together with ['efficiency', 'navigated']",User is navigated to /reports/technician-efficiency.
37,C19298,Vladimir Tomovic,Test Cases > Reports > Technician Efficiency,CONTRADICTS-OURS,step1.content,CONTRADICTS-OURS,STRONG,filter right dropdown,right,C19266,"our case(s) share this topic AND carry a closed-list/negation marker, while never mentioning 'right' - read both before ruling",Open the Date Filter dropdown (top right)
37,C19298,Vladimir Tomovic,Test Cases > Reports > Technician Efficiency,CONTRADICTS-OURS,step1.expected,CANDIDATE GAP,STRONG,interval option custom,option,,"no case of ours contains 'option' together with ['interval', 'custom']",Date filter dropdown opens showing time interval options including Custom
37,C19298,Vladimir Tomovic,Test Cases > Reports > Technician Efficiency,CONTRADICTS-OURS,step2.expected,CANDIDATE GAP,PHRASING,allowing dialog picker,allowing,,"no case of ours contains 'allowing' together with ['dialog', 'picker']",A date range dialog/picker opens allowing the user to select a custom start and end date
37,C19298,Vladimir Tomovic,Test Cases > Reports > Technician Efficiency,CONTRADICTS-OURS,step3.content,CANDIDATE GAP,STRONG,input interactive custom,custom,,"no case of ours contains 'custom' together with ['input', 'interactive']",Verify the custom date range inputs are visible and interactive
37,C19298,Vladimir Tomovic,Test Cases > Reports > Technician Efficiency,CONTRADICTS-OURS,step3.expected,CANDIDATE GAP,STRONG,input field end,field,,"no case of ours contains 'field' together with ['input', 'end']",Start date and end date input fields are visible.
37,C19298,Vladimir Tomovic,Test Cases > Reports > Technician Efficiency,CONTRADICTS-OURS,step3.expected,CANDIDATE GAP,STRONG,apply submit available,available,,"no case of ours contains 'available' together with ['apply', 'submit']",An Apply/Submit button is available to confirm the selection.
37,C177,Vladimir Tomovic,Test Cases > Reports > Billing Efficiency,CANDIDATE GAP,custom_preconds,CANDIDATE GAP,PHRASING,app base billing,app,,"no case of ours contains 'app' together with ['base', 'billing']",<li>App is navigated to page {{BASE_URL}}/reports/billing-efficiency</li>
37,C177,Vladimir Tomovic,Test Cases > Reports > Billing Efficiency,CANDIDATE GAP,custom_steps,CANDIDATE GAP,STRONG,table column visible,column,,"no case of ours contains 'column' together with ['table', 'visible']",<li>Verify all visible columns in table</li>
37,C177,Vladimir Tomovic,Test Cases > Reports > Billing Efficiency,CANDIDATE GAP,custom_expected,CANDIDATE GAP,STRONG,hpur total clocked,total,,"no case of ours contains 'total' together with ['hpur', 'clocked']",<li>Total clocked hpurs</li>
37,C177,Vladimir Tomovic,Test Cases > Reports > Billing Efficiency,CANDIDATE GAP,custom_expected,CANDIDATE GAP,STRONG,invoiced total hour,total,,"no case of ours contains 'total' together with ['invoiced', 'hour']",<li>Total invoiced hours</li>
37,C179,Vladimir Tomovic,Test Cases > Reports > Billing Efficiency,CANDIDATE GAP,custom_preconds,CANDIDATE GAP,PHRASING,app base billing,app,,"no case of ours contains 'app' together with ['base', 'billing']",<li>App is navigated to page {{BASE_URL}}/reports/billing-efficiency</li>
37,C179,Vladimir Tomovic,Test Cases > Reports > Billing Efficiency,CANDIDATE GAP,custom_steps,CANDIDATE GAP,STRONG,interval field dropdown,field,,"no case of ours contains 'field' together with ['interval', 'dropdown']",<li>Verify all the time intervals in the dropdown field</li>
37,C178,Vladimir Tomovic,Test Cases > Reports > Billing Efficiency,CANDIDATE GAP,custom_preconds,CANDIDATE GAP,PHRASING,app base billing,app,,"no case of ours contains 'app' together with ['base', 'billing']",<li>App is navigated to page {{BASE_URL}}/reports/billing-efficiency</li>
37,C178,Vladimir Tomovic,Test Cases > Reports > Billing Efficiency,CANDIDATE GAP,custom_preconds,CANDIDATE GAP,PHRASING,billable invoiced organization,billable,,"no case of ours contains 'billable' together with ['invoiced', 'organization']",<li><p>Users organization has billable staff members <br />with clocked and invoiced work</p></li>
37,C178,Vladimir Tomovic,Test Cases > Reports > Billing Efficiency,CANDIDATE GAP,custom_steps,CANDIDATE GAP,STRONG,interval field dropdown,field,,"no case of ours contains 'field' together with ['interval', 'dropdown']",<li>Verify all the time intervals in the dropdown field</li>
37,C178,Vladimir Tomovic,Test Cases > Reports > Billing Efficiency,CANDIDATE GAP,step1.content,CANDIDATE GAP,STRONG,interval pick custom,custom,,"no case of ours contains 'custom' together with ['interval', 'pick']",<li>Click on time intervals dropdown field and pick custom interval</li>
37,C178,Vladimir Tomovic,Test Cases > Reports > Billing Efficiency,CANDIDATE GAP,step1.expected,CANDIDATE GAP,STRONG,dialog range date,range,,"no case of ours contains 'range' together with ['dialog', 'date']",<li>Select Date Range dialog opens</li>
37,C178,Vladimir Tomovic,Test Cases > Reports > Billing Efficiency,CANDIDATE GAP,step2.content,COVERED-BY,STRONG,set date,,C19247 C19251 C19252 C19253 C19254 C19256,"all of ['set', 'date'] co-occur in a case of ours",<li>Set start date</li>
37,C178,Vladimir Tomovic,Test Cases > Reports > Billing Efficiency,CANDIDATE GAP,step2.content,COVERED-BY,STRONG,end set date,,C19252 C19253 C19268,"all of ['end', 'set', 'date'] co-occur in a case of ours",<li>Set end date</li>
37,C178,Vladimir Tomovic,Test Cases > Reports > Billing Efficiency,CANDIDATE GAP,step3.expected,CANDIDATE GAP,PHRASING,billable billing calculat,billable,,"no case of ours contains 'billable' together with ['billing', 'calculat']","<li>The billing efficiency report calculates the total number of hours invoiced in the time period, compared to the total number of hours clocked for ‘Billable’ staff members.</li>"
37,C211,Vladimir Tomovic,Test Cases > Reports > Billing Efficiency,CANDIDATE GAP,custom_preconds,CANDIDATE GAP,PHRASING,app base billing,app,,"no case of ours contains 'app' together with ['base', 'billing']",<li>App is navigated to page {{BASE_URL}}/reports/billing-efficiency </li>
37,C211,Vladimir Tomovic,Test Cases > Reports > Billing Efficiency,CANDIDATE GAP,custom_preconds,CANDIDATE GAP,STRONG,bilable organization non,non,,"no case of ours contains 'non' together with ['bilable', 'organization']",<li>Users organization only has non bilable staff members</li>
37,C211,Vladimir Tomovic,Test Cases > Reports > Billing Efficiency,CANDIDATE GAP,custom_steps,CANDIDATE GAP,STRONG,interval field dropdown,field,,"no case of ours contains 'field' together with ['interval', 'dropdown']",<li>Verify all the time intervals in the dropdown field</li>
37,C211,Vladimir Tomovic,Test Cases > Reports > Billing Efficiency,CANDIDATE GAP,step1.content,CANDIDATE GAP,STRONG,billing interval data,data,,"no case of ours contains 'data' together with ['billing', 'interval']",<li>Set time interval in which there is billing data</li>
37,C181,Vladimir Tomovic,Test Cases > Reports > Timesheets,CANDIDATE GAP,custom_preconds,CANDIDATE GAP,PHRASING,app base navigated,app,,"no case of ours contains 'app' together with ['base', 'navigated']",<li>App is navigated to page {{BASE_URL}}/reports/payroll-timesheet</li>
37,C181,Vladimir Tomovic,Test Cases > Reports > Timesheets,CANDIDATE GAP,custom_steps,CANDIDATE GAP,STRONG,interval field dropdown,field,,"no case of ours contains 'field' together with ['interval', 'dropdown']",<li>Verify all the time intervals in the dropdown field</li>
37,C315,Vladimir Tomovic,Test Cases > Reports > Timesheet Activities,CANDIDATE GAP,custom_preconds,CANDIDATE GAP,PHRASING,exceed having punch,exceed,,"no case of ours contains 'exceed' together with ['having', 'punch']","<li>For the location, there is an active Work Order (WO) with at least one line having a time punch that exceeds 24 hours</li>"
37,C315,Vladimir Tomovic,Test Cases > Reports > Timesheet Activities,CANDIDATE GAP,step1.content,COVERED-BY,STRONG,activity timesheet,,C19247 C19248 C19249 C19250 C19251 C19252,"all of ['activity', 'timesheet'] co-occur in a case of ours",<li>Navigate to the 'Timesheet Activities' page</li>
37,C315,Vladimir Tomovic,Test Cases > Reports > Timesheet Activities,CANDIDATE GAP,step1.content,CANDIDATE GAP,PHRASING,associated identify punch,associated,,"no case of ours contains 'associated' together with ['identify', 'punch']",<li>Identify the time punch record(s) associated with the WO</li>
37,C315,Vladimir Tomovic,Test Cases > Reports > Timesheet Activities,CANDIDATE GAP,step1.expected,CANDIDATE GAP,STRONG,day punch record,record,,"no case of ours contains 'record' together with ['day', 'punch']",<li>The 'Timesheet Activities' page displays records for the time punch on the day it started</li>
37,C315,Vladimir Tomovic,Test Cases > Reports > Timesheet Activities,CANDIDATE GAP,step1.expected,CANDIDATE GAP,PHRASING,days exceeding never,days,,"no case of ours contains 'days' together with ['exceeding', 'never']",<li>Time punch records are split over at least 2 days and never exceeding 24 hours</li>
37,C1011,Vladimir Tomovic,Test Cases > Reports > Timesheet Activities,CONTRADICTS-OURS,custom_preconds,CANDIDATE GAP,PHRASING,base navigated punch,base,,"no case of ours contains 'base' together with ['navigated', 'punch']",<li>User is navigated to the {{BASE_URL}}/reports/punch-clock-activities</li>
37,C1011,Vladimir Tomovic,Test Cases > Reports > Timesheet Activities,CONTRADICTS-OURS,step1.content,CANDIDATE GAP,STRONG,ordering filter activity,filter,,"no case of ours contains 'filter' together with ['ordering', 'activity']",<li>Verify default filters and default activities ordering</li>
37,C1011,Vladimir Tomovic,Test Cases > Reports > Timesheet Activities,CONTRADICTS-OURS,step1.expected,CONTRADICTS-OURS,STRONG,filter staff set,staff,C19251,"our case(s) share this topic AND carry a closed-list/negation marker, while never mentioning 'staff' - read both before ruling",<li>By default 'Filter By Staff' is not set</li>
37,C1011,Vladimir Tomovic,Test Cases > Reports > Timesheet Activities,CONTRADICTS-OURS,step1.expected,CANDIDATE GAP,STRONG,interval filter month,filter,,"no case of ours contains 'filter' together with ['interval', 'month']",<li>By default time interval filter is set to 'This Month'</li>
37,C1011,Vladimir Tomovic,Test Cases > Reports > Timesheet Activities,CONTRADICTS-OURS,step1.expected,CANDIDATE GAP,STRONG,newest oldest bottom,bottom,,"no case of ours contains 'bottom' together with ['newest', 'oldest']","<li>Activities are sorted from newest date, with the most recent time, at the top, to oldest, with the oldest time, at the bottom (column 'Date' + column 'Clock In')</li>"
37,C1011,Vladimir Tomovic,Test Cases > Reports > Timesheet Activities,CONTRADICTS-OURS,step2.content,CANDIDATE GAP,STRONG,interval ordering option,option,,"no case of ours contains 'option' together with ['interval', 'ordering']",<li>For each time filter interval option verify activities ordering</li>
37,C1011,Vladimir Tomovic,Test Cases > Reports > Timesheet Activities,CONTRADICTS-OURS,step2.expected,CANDIDATE GAP,STRONG,newest oldest bottom,bottom,,"no case of ours contains 'bottom' together with ['newest', 'oldest']","<li>Activities are sorted from newest date, with the most recent time, at the top, to oldest, with the oldest time, at the bottom (column 'Date' + column 'Clock In')</li>"
37,C1011,Vladimir Tomovic,Test Cases > Reports > Timesheet Activities,CONTRADICTS-OURS,step3.content,CANDIDATE GAP,STRONG,ordering pick member,member,,"no case of ours contains 'member' together with ['ordering', 'pick']",<li>Pick staff member in 'Filter By Staff' and verify activities ordering</li>
37,C1011,Vladimir Tomovic,Test Cases > Reports > Timesheet Activities,CONTRADICTS-OURS,step3.expected,CANDIDATE GAP,STRONG,newest oldest bottom,bottom,,"no case of ours contains 'bottom' together with ['newest', 'oldest']","<li>Activities are sorted from newest date, with the most recent time, at the top, to oldest, with the oldest time, at the bottom (column 'Date' + column 'Clock In')</li>"
37,C1011,Vladimir Tomovic,Test Cases > Reports > Timesheet Activities,CONTRADICTS-OURS,step4.content,CANDIDATE GAP,STRONG,interval ordering option,option,,"no case of ours contains 'option' together with ['interval', 'ordering']",<li>For the selected staff member verify activities ordering for each time filter interval option </li>
37,C1011,Vladimir Tomovic,Test Cases > Reports > Timesheet Activities,CONTRADICTS-OURS,step4.content,CANDIDATE GAP,PHRASING,filtered improved interval,filtered,,"no case of ours contains 'filtered' together with ['improved', 'interval']",<strong>Currently time interval should be filtered before staff member...this will be improved in the future</strong></p>
37,C1011,Vladimir Tomovic,Test Cases > Reports > Timesheet Activities,CONTRADICTS-OURS,step4.expected,CANDIDATE GAP,STRONG,newest oldest bottom,bottom,,"no case of ours contains 'bottom' together with ['newest', 'oldest']","<li>Activities are sorted from newest date, with the most recent time, at the top, to oldest, with the oldest time, at the bottom (column 'Date' + column 'Clock In')</li>"
37,C1328,Vladimir Tomovic,Test Cases > Reports > Timesheet Activities,CONTRADICTS-OURS,custom_preconds,CANDIDATE GAP,PHRASING,base navigated punch,base,,"no case of ours contains 'base' together with ['navigated', 'punch']",<li>User is navigated to the {{BASE_URL}}/reports/punch-clock-activities </li>
37,C1328,Vladimir Tomovic,Test Cases > Reports > Timesheet Activities,CONTRADICTS-OURS,step1.content,CANDIDATE GAP,STRONG,corner right new,right,,"no case of ours contains 'right' together with ['corner', 'new']",<li>Click on 'New' button in top right corner</li>
37,C1328,Vladimir Tomovic,Test Cases > Reports > Timesheet Activities,CONTRADICTS-OURS,step1.expected,COVERED-BY,STRONG,new modal time,,C19267 C19271,"all of ['new', 'modal', 'time'] co-occur in a case of ours",<li>'New Timesheet Clock Time' modal opens</li>
37,C1328,Vladimir Tomovic,Test Cases > Reports > Timesheet Activities,CONTRADICTS-OURS,step2.expected,COVERED-BY,STRONG,dropdown work order,,C19267 C19272,"all of ['dropdown', 'work', 'order'] co-occur in a case of ours",<li>'Work Order' dropdown is present</li>
37,C1328,Vladimir Tomovic,Test Cases > Reports > Timesheet Activities,CONTRADICTS-OURS,step2.expected,COVERED-BY,STRONG,field date,,C19267 C19268 C19269 C19274 C19275,"all of ['field', 'date'] co-occur in a case of ours",<li>'Start' date field is present</li>
37,C1328,Vladimir Tomovic,Test Cases > Reports > Timesheet Activities,CONTRADICTS-OURS,step2.expected,COVERED-BY,STRONG,field end date,,C19267 C19268 C19274 C19275,"all of ['field', 'end', 'date'] co-occur in a case of ours",<li>'End' date field is present</li>
37,C1328,Vladimir Tomovic,Test Cases > Reports > Timesheet Activities,CONTRADICTS-OURS,step3.content,CANDIDATE GAP,STRONG,mandatory populate create,create,,"no case of ours contains 'create' together with ['mandatory', 'populate']",<li>Populate all mandatory fields and click 'Create'</li>
37,C1328,Vladimir Tomovic,Test Cases > Reports > Timesheet Activities,CONTRADICTS-OURS,step3.expected,COVERED-BY,STRONG,close new modal,,C19271,"all of ['close', 'new', 'modal'] co-occur in a case of ours",<li>'New Timesheet Clock Time' modal closes</li>
37,C1328,Vladimir Tomovic,Test Cases > Reports > Timesheet Activities,CONTRADICTS-OURS,step3.expected,CANDIDATE GAP,STRONG,strong successful creation,creation,,"no case of ours contains 'creation' together with ['strong', 'successful']",<li>'Creation/change was successful' message appears <strong>(No error message upon creation)</strong></li>
37,C1328,Vladimir Tomovic,Test Cases > Reports > Timesheet Activities,CONTRADICTS-OURS,step4.content,COVERED-BY,STRONG,new list time,,C19268 C19271,"all of ['new', 'list', 'time'] co-occur in a case of ours",<li>Verify new entry of clock-in time on the 'Timesheet Activities' list</li>
37,C1328,Vladimir Tomovic,Test Cases > Reports > Timesheet Activities,CONTRADICTS-OURS,step4.expected,CANDIDATE GAP,STRONG,new list visible,new,C19249 C19250 C19291,"no case of ours contains 'new' together with ['list', 'visible']",<li>New clock-in time is visible on the 'Timesheet Activities' list</li>
37,C1328,Vladimir Tomovic,Test Cases > Reports > Timesheet Activities,CONTRADICTS-OURS,step5.content,CANDIDATE GAP,STRONG,added tim tab,tim,,"no case of ours contains 'tim' together with ['added', 'tab']",<li>Navigate to WO's 'Timesheets' tab a verify clock-in times on the line it was added</li>
37,C1328,Vladimir Tomovic,Test Cases > Reports > Timesheet Activities,CONTRADICTS-OURS,step5.expected,CONTRADICTS-OURS,STRONG,line new time,line,C19268 C19270 C19271,"our case(s) share this topic AND carry a closed-list/negation marker, while never mentioning 'line' - read both before ruling",<li>A new clock-in time is present on the line</li>
37,C1328,Vladimir Tomovic,Test Cases > Reports > Timesheet Activities,CONTRADICTS-OURS,step6.content,CANDIDATE GAP,STRONG,lin tim tab,lin,,"no case of ours contains 'lin' together with ['tim', 'tab']",<li>Navigate to the WO's 'Lines' tab and verify clock-in times</li>
37,C1328,Vladimir Tomovic,Test Cases > Reports > Timesheet Activities,CONTRADICTS-OURS,step6.expected,CANDIDATE GAP,PHRASING,actual added estimate,actual,,"no case of ours contains 'actual' together with ['added', 'estimate']",<li>A new clock-in time is added to the 'Progress' and 'Actual/Estimate'</li>
37,C1328,Vladimir Tomovic,Test Cases > Reports > Timesheet Activities,CONTRADICTS-OURS,step6.expected,CANDIDATE GAP,PHRASING,actual estimate match,actual,,"no case of ours contains 'actual' together with ['estimate', 'match']",<li><strong>Actual</strong> time (Actual/Estimate) on the line match the total time per line on 'Timesheets' tab</li>
37,C1338,Vladimir Tomovic,Test Cases > Reports > Timesheet Activities,CANDIDATE GAP,title,CANDIDATE GAP,STRONG,ends minute create,create,,"no case of ours contains 'create' together with ['ends', 'minute']",Create activity that starts and ends in same minute
37,C1339,Vladimir Tomovic,Test Cases > Reports > Timesheet Activities,CANDIDATE GAP,custom_preconds,CANDIDATE GAP,PHRASING,base navigated punch,base,,"no case of ours contains 'base' together with ['navigated', 'punch']",<li>User is navigated to the {{BASE_URL}}/reports/punch-clock-activities</li>
37,C1339,Vladimir Tomovic,Test Cases > Reports > Timesheet Activities,CANDIDATE GAP,step1.content,CANDIDATE GAP,STRONG,pick edit button,edit,,"no case of ours contains 'edit' together with ['pick', 'button']",<li>Pick timesheet activity and click edit button</li>
37,C1339,Vladimir Tomovic,Test Cases > Reports > Timesheet Activities,CANDIDATE GAP,step1.expected,CANDIDATE GAP,STRONG,dialog edit activity,edit,,"no case of ours contains 'edit' together with ['dialog', 'activity']",<li>Edit timesheet activity dialog opens</li>
37,C1339,Vladimir Tomovic,Test Cases > Reports > Timesheet Activities,CANDIDATE GAP,step2.content,CANDIDATE GAP,PHRASING,make minute sure,make,,"no case of ours contains 'make' together with ['minute', 'sure']",<li><p>Make sure that Start time and End time are the same (same minute)</p></li>
37,C1339,Vladimir Tomovic,Test Cases > Reports > Timesheet Activities,CANDIDATE GAP,step3.content,CANDIDATE GAP,STRONG,minute change end,change,,"no case of ours contains 'change' together with ['minute', 'end']",<li>Change end time to +1 minute</li>
37,C1339,Vladimir Tomovic,Test Cases > Reports > Timesheet Activities,CANDIDATE GAP,step3.expected,CANDIDATE GAP,STRONG,punch saved successfully,saved,,"no case of ours contains 'saved' together with ['punch', 'successfully']",<li>Time punch is saved successfully.</li>
37,C1730,Vladimir Tomovic,Test Cases > Reports > Timesheet Activities,CANDIDATE GAP,custom_preconds,CANDIDATE GAP,STRONG,tech lin time,lin,,"no case of ours contains 'lin' together with ['tech', 'time']",<li>Tech user has clock-in time on all lines</li>
37,C1730,Vladimir Tomovic,Test Cases > Reports > Timesheet Activities,CANDIDATE GAP,custom_preconds,CANDIDATE GAP,PHRASING,base navigated punch,base,,"no case of ours contains 'base' together with ['navigated', 'punch']",<li>User is navigated to the {{BASE_URL}}/reports/punch-clock-activities</li>
37,C1730,Vladimir Tomovic,Test Cases > Reports > Timesheet Activities,CANDIDATE GAP,step1.content,CANDIDATE GAP,STRONG,corner right new,right,,"no case of ours contains 'right' together with ['corner', 'new']",<li>Click on 'New' button in top right corner</li>
37,C1730,Vladimir Tomovic,Test Cases > Reports > Timesheet Activities,CANDIDATE GAP,step1.expected,COVERED-BY,STRONG,new modal time,,C19267 C19271,"all of ['new', 'modal', 'time'] co-occur in a case of ours",<li>'New Timesheet Clock Time' modal opens</li>
37,C1730,Vladimir Tomovic,Test Cases > Reports > Timesheet Activities,CANDIDATE GAP,step2.content,CANDIDATE GAP,PHRASING,mandatory populate privileg,mandatory,,"no case of ours contains 'mandatory' together with ['populate', 'privileg']",<li>Populate all mandatory fields and click 'Create' (Use staff member with Tech privileges)</li>
37,C1730,Vladimir Tomovic,Test Cases > Reports > Timesheet Activities,CANDIDATE GAP,step2.expected,COVERED-BY,STRONG,close new modal,,C19271,"all of ['close', 'new', 'modal'] co-occur in a case of ours",<li>'New Timesheet Clock Time' modal closes</li>
37,C1730,Vladimir Tomovic,Test Cases > Reports > Timesheet Activities,CANDIDATE GAP,step2.expected,CANDIDATE GAP,STRONG,strong successful creation,creation,,"no case of ours contains 'creation' together with ['strong', 'successful']",<li>'Creation/change was successful' message appears <strong>(No error message upon creation)</strong></li>
37,C1730,Vladimir Tomovic,Test Cases > Reports > Timesheet Activities,CANDIDATE GAP,step3.content,COVERED-BY,STRONG,new list time,,C19268 C19271,"all of ['new', 'list', 'time'] co-occur in a case of ours",<li>Verify new entry of clock-in time on the 'Timesheet Activities' list</li>
37,C1730,Vladimir Tomovic,Test Cases > Reports > Timesheet Activities,CANDIDATE GAP,step3.expected,CANDIDATE GAP,STRONG,new list visible,new,C19249 C19250 C19291,"no case of ours contains 'new' together with ['list', 'visible']",<li>New clock-in time is visible on the 'Timesheet Activities' list</li>
37,C1730,Vladimir Tomovic,Test Cases > Reports > Timesheet Activities,CANDIDATE GAP,step4.content,CANDIDATE GAP,STRONG,added tim tab,tim,,"no case of ours contains 'tim' together with ['added', 'tab']",<li>Navigate to WO's 'Timesheets' tab a verify clock-in times on the line it was added</li>
37,C1730,Vladimir Tomovic,Test Cases > Reports > Timesheet Activities,CANDIDATE GAP,step4.expected,CANDIDATE GAP,STRONG,previou together record,record,,"no case of ours contains 'record' together with ['previou', 'together']",<li>A new clock-in time is present together with previous time records for the same line</li>
37,C1730,Vladimir Tomovic,Test Cases > Reports > Timesheet Activities,CANDIDATE GAP,step5.content,CANDIDATE GAP,STRONG,lin tim tab,lin,,"no case of ours contains 'lin' together with ['tim', 'tab']",<li>Navigate to the WO's 'Lines' tab and verify clock-in times</li>
37,C1730,Vladimir Tomovic,Test Cases > Reports > Timesheet Activities,CANDIDATE GAP,step5.expected,CANDIDATE GAP,PHRASING,actual added estimate,actual,,"no case of ours contains 'actual' together with ['added', 'estimate']",<li>A new clock-in time is added to the 'Progress' and 'Actual/Estimate'</li>
37,C1730,Vladimir Tomovic,Test Cases > Reports > Timesheet Activities,CANDIDATE GAP,step5.expected,CANDIDATE GAP,PHRASING,actual estimate match,actual,,"no case of ours contains 'actual' together with ['estimate', 'match']",<li><strong>Actual</strong> time (Actual/Estimate) on the line match the total time per line on 'Timesheets' tab</li>
37,C1731,Vladimir Tomovic,Test Cases > Reports > Timesheet Activities,CONTRADICTS-OURS,custom_preconds,CONTRADICTS-OURS,STRONG,lin time clock,lin,C19270 C19278,"our case(s) share this topic AND carry a closed-list/negation marker, while never mentioning 'lin' - read both before ruling",<li>Admin user has clock-in time on all lines</li>
37,C1731,Vladimir Tomovic,Test Cases > Reports > Timesheet Activities,CONTRADICTS-OURS,custom_preconds,CANDIDATE GAP,PHRASING,base navigated punch,base,,"no case of ours contains 'base' together with ['navigated', 'punch']",<li>User is navigated to the {{BASE_URL}}/reports/punch-clock-activities</li>
37,C1731,Vladimir Tomovic,Test Cases > Reports > Timesheet Activities,CONTRADICTS-OURS,step1.content,CANDIDATE GAP,STRONG,corner strong right,right,,"no case of ours contains 'right' together with ['corner', 'strong']",<li>Click on <strong>New</strong> button in top right corner</li>
37,C1731,Vladimir Tomovic,Test Cases > Reports > Timesheet Activities,CONTRADICTS-OURS,step1.expected,CANDIDATE GAP,STRONG,strong new modal,new,,"no case of ours contains 'new' together with ['strong', 'modal']",<li><strong>New Timesheet Clock Time</strong> modal opens</li>
37,C1731,Vladimir Tomovic,Test Cases > Reports > Timesheet Activities,CONTRADICTS-OURS,step2.content,CANDIDATE GAP,PHRASING,mandatory populate privileg,mandatory,,"no case of ours contains 'mandatory' together with ['populate', 'privileg']",<li>Populate all mandatory fields and click <strong>Create</strong> (Use staff member with Admin privileges)</li>
37,C1731,Vladimir Tomovic,Test Cases > Reports > Timesheet Activities,CONTRADICTS-OURS,step2.expected,CANDIDATE GAP,STRONG,strong close new,close,,"no case of ours contains 'close' together with ['strong', 'new']",<li><strong>New Timesheet Clock Time</strong> modal closes</li>
37,C1731,Vladimir Tomovic,Test Cases > Reports > Timesheet Activities,CONTRADICTS-OURS,step2.expected,CANDIDATE GAP,STRONG,strong successful creation,creation,,"no case of ours contains 'creation' together with ['strong', 'successful']",<li><strong>Creation/change was successful</strong> message appears (no error message upon creation)</li>
37,C1731,Vladimir Tomovic,Test Cases > Reports > Timesheet Activities,CONTRADICTS-OURS,step3.content,CANDIDATE GAP,STRONG,strong new list,new,,"no case of ours contains 'new' together with ['strong', 'list']",<li>Verify new entry of clock-in time on the <strong>Timesheet Activities</strong> list</li>
37,C1731,Vladimir Tomovic,Test Cases > Reports > Timesheet Activities,CONTRADICTS-OURS,step3.expected,CANDIDATE GAP,STRONG,strong new list,new,,"no case of ours contains 'new' together with ['strong', 'list']",<li>New clock-in time is visible on the <strong>Timesheet Activities</strong> list</li>
37,C1731,Vladimir Tomovic,Test Cases > Reports > Timesheet Activities,CONTRADICTS-OURS,step4.content,CANDIDATE GAP,STRONG,added strong tim,tim,,"no case of ours contains 'tim' together with ['added', 'strong']",<li>Navigate to WO's <strong>Timesheets</strong> tab a verify clock-in times on the line it was added</li>
37,C1731,Vladimir Tomovic,Test Cases > Reports > Timesheet Activities,CONTRADICTS-OURS,step4.expected,CANDIDATE GAP,STRONG,previou together record,record,,"no case of ours contains 'record' together with ['previou', 'together']",<li>A new clock-in time is present together with previous time records for the same line</li>
37,C1731,Vladimir Tomovic,Test Cases > Reports > Timesheet Activities,CONTRADICTS-OURS,step5.content,CANDIDATE GAP,STRONG,strong lin tim,lin,,"no case of ours contains 'lin' together with ['strong', 'tim']",<li>Navigate to the WO's <strong>Lines</strong> tab and verify clock-in times</li>
37,C1731,Vladimir Tomovic,Test Cases > Reports > Timesheet Activities,CONTRADICTS-OURS,step5.expected,CANDIDATE GAP,PHRASING,actual added estimate,actual,,"no case of ours contains 'actual' together with ['added', 'estimate']",<li>A new clock-in time is added to the <strong>Progress</strong> and <strong>Actual/Estimate</strong></li>
37,C1731,Vladimir Tomovic,Test Cases > Reports > Timesheet Activities,CONTRADICTS-OURS,step5.expected,CANDIDATE GAP,PHRASING,actual estimate match,actual,,"no case of ours contains 'actual' together with ['estimate', 'match']",<li><strong>Actual</strong> time (Actual/Estimate) on the line match the total time per line on <strong>Timesheets</strong> tab</li>
37,C1788,Vladimir Tomovic,Test Cases > Reports > Timesheet Activities,CANDIDATE GAP,custom_preconds,CANDIDATE GAP,STRONG,punch strong line,line,,"no case of ours contains 'line' together with ['punch', 'strong']",<li>WO exists with <strong>admin</strong> user time punches on the line</li>
37,C1788,Vladimir Tomovic,Test Cases > Reports > Timesheet Activities,CANDIDATE GAP,custom_preconds,CANDIDATE GAP,PHRASING,base navigated punch,base,,"no case of ours contains 'base' together with ['navigated', 'punch']",<li>User is navigated to the {{BASE_URL}}/reports/punch-clock-activities</li>
37,C1788,Vladimir Tomovic,Test Cases > Reports > Timesheet Activities,CANDIDATE GAP,step1.content,CANDIDATE GAP,STRONG,already assigned create,create,,"no case of ours contains 'create' together with ['already', 'assigned']",<li>Create a new timesheet activity for a user who is already assigned to the line</li>
37,C1788,Vladimir Tomovic,Test Cases > Reports > Timesheet Activities,CANDIDATE GAP,step1.content,COVERED-BY,STRONG,tab line timesheet,,C19285 C19286 C19287 C19293,"all of ['tab', 'line', 'timesheet'] co-occur in a case of ours",<li>Verify WO line and WO timesheets tab</li>
37,C1788,Vladimir Tomovic,Test Cases > Reports > Timesheet Activities,CANDIDATE GAP,step1.expected,COVERED-BY,STRONG,created new activity,,C19268 C19269 C19271,"all of ['created', 'new', 'activity'] co-occur in a case of ours",<li>A new timesheet activity is created</li>
37,C1788,Vladimir Tomovic,Test Cases > Reports > Timesheet Activities,CANDIDATE GAP,step1.expected,CANDIDATE GAP,STRONG,mentioned punch multiple,multiple,,"no case of ours contains 'multiple' together with ['mentioned', 'punch']",<li>Multiple time punches exist on the line for the mentioned user</li>
37,C1788,Vladimir Tomovic,Test Cases > Reports > Timesheet Activities,CANDIDATE GAP,step2.content,CANDIDATE GAP,PHRASING,base punch url,base,,"no case of ours contains 'base' together with ['punch', 'url']",<li>Navigate back to the {{BASE_URL}}/reports/punch-clock-activities</li>
37,C1788,Vladimir Tomovic,Test Cases > Reports > Timesheet Activities,CANDIDATE GAP,step2.content,CANDIDATE GAP,STRONG,already punch create,create,,"no case of ours contains 'create' together with ['already', 'punch']",<li>Create a new timesheet activity for a user who already has time punches on the line</li>
37,C1788,Vladimir Tomovic,Test Cases > Reports > Timesheet Activities,CANDIDATE GAP,step2.content,COVERED-BY,STRONG,tab line timesheet,,C19285 C19286 C19287 C19293,"all of ['tab', 'line', 'timesheet'] co-occur in a case of ours",<li>Verify WO line and WO timesheets tab</li>
37,C1788,Vladimir Tomovic,Test Cases > Reports > Timesheet Activities,CANDIDATE GAP,step2.expected,COVERED-BY,STRONG,created new activity,,C19268 C19269 C19271,"all of ['created', 'new', 'activity'] co-occur in a case of ours",<li>A new timesheet activity is created</li>
37,C1788,Vladimir Tomovic,Test Cases > Reports > Timesheet Activities,CANDIDATE GAP,step2.expected,CANDIDATE GAP,STRONG,mentioned punch multiple,multiple,,"no case of ours contains 'multiple' together with ['mentioned', 'punch']",<li>Multiple time punches exist on the line for the mentioned user</li>
37,C1788,Vladimir Tomovic,Test Cases > Reports > Timesheet Activities,CANDIDATE GAP,step3.content,CANDIDATE GAP,PHRASING,foreman process rol,foreman,,"no case of ours contains 'foreman' together with ['process', 'rol']","<li>Repeat the process for all user roles (Tech, Foreman...)</li>"
37,C182,Vladimir Tomovic,Test Cases > Reports > Timesheet Activities,CANDIDATE GAP,custom_preconds,CANDIDATE GAP,PHRASING,app base navigated,app,,"no case of ours contains 'app' together with ['base', 'navigated']",<li>App is navigated to page {{BASE_URL}}/reports/punch-clock-activities</li>
37,C182,Vladimir Tomovic,Test Cases > Reports > Timesheet Activities,CANDIDATE GAP,custom_steps,CANDIDATE GAP,STRONG,table column visible,column,,"no case of ours contains 'column' together with ['table', 'visible']",<li>Verify all visible columns in table</li>
37,C182,Vladimir Tomovic,Test Cases > Reports > Timesheet Activities,CANDIDATE GAP,custom_expected,CANDIDATE GAP,STRONG,modify date time,date,,"no case of ours contains 'date' together with ['modify', 'time']",<li>Modify Date/Time</li>
37,C182,Vladimir Tomovic,Test Cases > Reports > Timesheet Activities,CANDIDATE GAP,custom_expected,CANDIDATE GAP,STRONG,summed bottom valu,bottom,,"no case of ours contains 'bottom' together with ['summed', 'valu']",<p>At he bottom there is Totals column with summed up values</p>
37,C183,Vladimir Tomovic,Test Cases > Reports > Timesheet Activities,CANDIDATE GAP,custom_preconds,CANDIDATE GAP,PHRASING,app base navigated,app,,"no case of ours contains 'app' together with ['base', 'navigated']",<li>App is navigated to page {{BASE_URL}}/reports/punch-clock-activities</li>
37,C183,Vladimir Tomovic,Test Cases > Reports > Timesheet Activities,CANDIDATE GAP,custom_steps,CANDIDATE GAP,STRONG,interval field dropdown,field,,"no case of ours contains 'field' together with ['interval', 'dropdown']",<li>Verify all the time intervals in the dropdown field</li>
37,C184,Vladimir Tomovic,Test Cases > Reports > Timesheet Activities,CANDIDATE GAP,custom_preconds,CANDIDATE GAP,PHRASING,app base navigated,app,,"no case of ours contains 'app' together with ['base', 'navigated']",<li>App is navigated to page {{BASE_URL}}/reports/punch-clock-activities</li>
37,C184,Vladimir Tomovic,Test Cases > Reports > Timesheet Activities,CANDIDATE GAP,custom_steps,CANDIDATE GAP,STRONG,pick employee filter,employee,,"no case of ours contains 'employee' together with ['pick', 'filter']",<li>Click on Filter by staff dropdown and pick employee</li>
37,C185,Vladimir Tomovic,Test Cases > Reports > Timesheet Activities,COVERED-BY,custom_preconds,CANDIDATE GAP,PHRASING,app base navigated,app,,"no case of ours contains 'app' together with ['base', 'navigated']",<li>App is navigated to page {{BASE_URL}}/reports/punch-clock-activities</li>
37,C186,Vladimir Tomovic,Test Cases > Reports > Timesheet Activities,CANDIDATE GAP,custom_preconds,CANDIDATE GAP,PHRASING,app base navigated,app,,"no case of ours contains 'app' together with ['base', 'navigated']",<li>App is navigated to page {{BASE_URL}}/reports/punch-clock-activities</li>
37,C186,Vladimir Tomovic,Test Cases > Reports > Timesheet Activities,CANDIDATE GAP,custom_expected,CANDIDATE GAP,STRONG,.csv downloading file,file,,"no case of ours contains 'file' together with ['.csv', 'downloading']",<li>.csv file starts downloading</li>
37,C287,Vladimir Tomovic,Test Cases > Reports > Timesheet Activities,CANDIDATE GAP,custom_preconds,CANDIDATE GAP,STRONG,location multiple department,location,,"no case of ours contains 'location' together with ['multiple', 'department']",<li>There is same department in multiple locations (A and B)</li>
37,C287,Vladimir Tomovic,Test Cases > Reports > Timesheet Activities,CANDIDATE GAP,custom_preconds,CANDIDATE GAP,STRONG,punched location department,location,,"no case of ours contains 'location' together with ['punched', 'department']",<li>Technician punched in time for department in location A</li>
37,C287,Vladimir Tomovic,Test Cases > Reports > Timesheet Activities,CANDIDATE GAP,custom_preconds,CANDIDATE GAP,STRONG,location account logged,account,C19279,"no case of ours contains 'account' together with ['location', 'logged']",<li>User is logged in with admin account on location B</li>
37,C287,Vladimir Tomovic,Test Cases > Reports > Timesheet Activities,CANDIDATE GAP,custom_steps,CANDIDATE GAP,PHRASING,finding punch try,finding,,"no case of ours contains 'finding' together with ['punch', 'try']",<li>Try finding time punches from technician on location A</li>
37,C287,Vladimir Tomovic,Test Cases > Reports > Timesheet Activities,CANDIDATE GAP,custom_expected,CANDIDATE GAP,STRONG,punch location visible,location,,"no case of ours contains 'location' together with ['punch', 'visible']",<li>No time punches are visible on location B</li>
37,C1992,Vladimir Tomovic,Test Cases > Reports > Timesheet Activities,CANDIDATE GAP,custom_preconds,CANDIDATE GAP,STRONG,chrome strong using,using,,"no case of ours contains 'using' together with ['chrome', 'strong']",<li>User is logged in as Admin using <strong>Chrome</strong></li>
37,C1992,Vladimir Tomovic,Test Cases > Reports > Timesheet Activities,CANDIDATE GAP,step1.content,CANDIDATE GAP,PHRASING,assign strong tech,assign,,"no case of ours contains 'assign' together with ['strong', 'tech']",<li>Create new WO and assign <strong>Tech</strong> to one of the line</li>
37,C1992,Vladimir Tomovic,Test Cases > Reports > Timesheet Activities,CANDIDATE GAP,step1.expected,CANDIDATE GAP,STRONG,assigned tech lin,lin,,"no case of ours contains 'lin' together with ['assigned', 'tech']",<li>WO is created and tech is assigned to one of the lines</li>
37,C1992,Vladimir Tomovic,Test Cases > Reports > Timesheet Activities,CANDIDATE GAP,step2.content,CANDIDATE GAP,PHRASING,chrome edge etc,chrome,,"no case of ours contains 'chrome' together with ['edge', 'etc']","<li>Open any browser <strong>other than</strong> Chrome (Edge, Firefox, Opera, etc."
37,C1992,Vladimir Tomovic,Test Cases > Reports > Timesheet Activities,CANDIDATE GAP,step2.content,CANDIDATE GAP,PHRASING,login strong tech,login,,"no case of ours contains 'login' together with ['strong', 'tech']",) and login as <strong>Tech</strong></li>
37,C1992,Vladimir Tomovic,Test Cases > Reports > Timesheet Activities,CANDIDATE GAP,step2.content,CANDIDATE GAP,STRONG,previously created,created,,no case of ours contains 'created' together with ['previously'],<li>Navigate to the previously created WO</li>
37,C1992,Vladimir Tomovic,Test Cases > Reports > Timesheet Activities,CANDIDATE GAP,step2.expected,CANDIDATE GAP,PHRASING,chrome strong tech,chrome,,"no case of ours contains 'chrome' together with ['strong', 'tech']",<li>User is logged in as a <strong>Tech</strong> using any browser other than Chrome</li>
37,C1992,Vladimir Tomovic,Test Cases > Reports > Timesheet Activities,CANDIDATE GAP,step2.expected,CANDIDATE GAP,STRONG,navigated previously created,created,,"no case of ours contains 'created' together with ['navigated', 'previously']",<li>User is navigated to the previously created WO</li>
37,C1992,Vladimir Tomovic,Test Cases > Reports > Timesheet Activities,CANDIDATE GAP,step3.content,CANDIDATE GAP,STRONG,chrome strong back,back,,"no case of ours contains 'back' together with ['chrome', 'strong']",<li>Go back to the <strong>Chrome</strong> browser where <strong>Admin</strong> user is logged in and change any data on the line (on <strong>Edit Line</strong> modal)</li>
37,C1992,Vladimir Tomovic,Test Cases > Reports > Timesheet Activities,CANDIDATE GAP,step3.expected,CANDIDATE GAP,STRONG,edited strong successfully,successfully,,"no case of ours contains 'successfully' together with ['edited', 'strong']",<li>Line is successfully <strong>edited</strong></li>
37,C1992,Vladimir Tomovic,Test Cases > Reports > Timesheet Activities,CANDIDATE GAP,step4.content,CANDIDATE GAP,PHRASING,edited previously strong,edited,,"no case of ours contains 'edited' together with ['previously', 'strong']",<li>Go back to the other browser where <strong>Tech</strong> user is logged in and click <strong>Start</strong> on the previously edited line</li>
37,C1992,Vladimir Tomovic,Test Cases > Reports > Timesheet Activities,CANDIDATE GAP,step4.expected,CANDIDATE GAP,STRONG,strong started successfully,started,,"no case of ours contains 'started' together with ['strong', 'successfully']",<li>Line is successfully <strong>started</strong></li>
37,C1992,Vladimir Tomovic,Test Cases > Reports > Timesheet Activities,CANDIDATE GAP,step5.content,CANDIDATE GAP,STRONG,chrome strong back,back,,"no case of ours contains 'back' together with ['chrome', 'strong']",<li><p>Go back to the <strong>Chrome</strong> browser where <strong>Admin</strong> user is logged and verify:</p>
37,C1992,Vladimir Tomovic,Test Cases > Reports > Timesheet Activities,CANDIDATE GAP,step5.content,CANDIDATE GAP,PHRASING,actual estimate progress,actual,,"no case of ours contains 'actual' together with ['estimate', 'progress']",<li><strong>Progress bar</strong> and <strong>Actual/Estimate</strong> time</li>
37,C1992,Vladimir Tomovic,Test Cases > Reports > Timesheet Activities,CANDIDATE GAP,step5.content,CANDIDATE GAP,STRONG,strong tab timesheet,tab,,"no case of ours contains 'tab' together with ['strong', 'timesheet']",<li><strong>Timesheets</strong> tab</li>
37,C1992,Vladimir Tomovic,Test Cases > Reports > Timesheet Activities,CANDIDATE GAP,step5.content,CANDIDATE GAP,STRONG,strong activity timesheet,activity,,"no case of ours contains 'activity' together with ['strong', 'timesheet']",<li><strong>Timesheets Activities</strong> page</li>
37,C1992,Vladimir Tomovic,Test Cases > Reports > Timesheet Activities,CANDIDATE GAP,step5.content,CANDIDATE GAP,STRONG,strong export filter,export,,"no case of ours contains 'export' together with ['strong', 'filter']",<li>Timesheets Activities <strong>export</strong> with filter set to <strong>Today</strong></li>
37,C1992,Vladimir Tomovic,Test Cases > Reports > Timesheet Activities,CANDIDATE GAP,step5.expected,CANDIDATE GAP,PHRASING,actual estimate progress,actual,,"no case of ours contains 'actual' together with ['estimate', 'progress']",<li><strong>Progress bar</strong> and <strong>Actual/Estimate</strong> time on the line reflect data on the Timesheets tab</li>
37,C1992,Vladimir Tomovic,Test Cases > Reports > Timesheet Activities,CANDIDATE GAP,step5.expected,CANDIDATE GAP,PHRASING,recorded strong timestamp,recorded,,"no case of ours contains 'recorded' together with ['strong', 'timestamp']",<li>There is one recorded with <strong>Start Date</strong> timestamp and <strong>Active</strong> badge for <strong>End Time</strong> on the Timesheets tab</li>
37,C1992,Vladimir Tomovic,Test Cases > Reports > Timesheet Activities,CANDIDATE GAP,step5.expected,CANDIDATE GAP,STRONG,strong record current,record,,"no case of ours contains 'record' together with ['strong', 'current']",<li>There are no record for the current WO and line in the <strong>Timesheets Activities</strong> page</li>
37,C1992,Vladimir Tomovic,Test Cases > Reports > Timesheet Activities,CANDIDATE GAP,step5.expected,CANDIDATE GAP,STRONG,export file current,current,C19295,"no case of ours contains 'current' together with ['export', 'file']",<li>There is no data for the the current WO and line in the export file</li>
37,C1992,Vladimir Tomovic,Test Cases > Reports > Timesheet Activities,CANDIDATE GAP,step6.content,CANDIDATE GAP,STRONG,strong tech back,back,,"no case of ours contains 'back' together with ['strong', 'tech']",<li>Go back to the other browser where <strong>Tech</strong> user is logged in and click <strong>Stop</strong> on the line tech was working</li>
37,C1992,Vladimir Tomovic,Test Cases > Reports > Timesheet Activities,CANDIDATE GAP,step6.expected,CANDIDATE GAP,STRONG,stopped strong successfully,successfully,,"no case of ours contains 'successfully' together with ['stopped', 'strong']",<li>Line is successfully <strong>stopped</strong></li>
37,C1992,Vladimir Tomovic,Test Cases > Reports > Timesheet Activities,CANDIDATE GAP,step7.content,CANDIDATE GAP,STRONG,chrome strong back,back,,"no case of ours contains 'back' together with ['chrome', 'strong']",<li><p>Go back to the <strong>Chrome</strong> browser where <strong>Admin</strong> user is logged and verify:</p>
37,C1992,Vladimir Tomovic,Test Cases > Reports > Timesheet Activities,CANDIDATE GAP,step7.content,CANDIDATE GAP,PHRASING,actual estimate progress,actual,,"no case of ours contains 'actual' together with ['estimate', 'progress']",<li><strong>Progress bar</strong> and <strong>Actual/Estimate</strong> time</li>
37,C1992,Vladimir Tomovic,Test Cases > Reports > Timesheet Activities,CANDIDATE GAP,step7.content,CANDIDATE GAP,STRONG,strong tab timesheet,tab,,"no case of ours contains 'tab' together with ['strong', 'timesheet']",<li><strong>Timesheets</strong> tab</li>
37,C1992,Vladimir Tomovic,Test Cases > Reports > Timesheet Activities,CANDIDATE GAP,step7.content,CANDIDATE GAP,STRONG,strong activity timesheet,activity,,"no case of ours contains 'activity' together with ['strong', 'timesheet']",<li><strong>Timesheets Activities</strong> page</li>
37,C1992,Vladimir Tomovic,Test Cases > Reports > Timesheet Activities,CANDIDATE GAP,step7.content,CANDIDATE GAP,STRONG,strong export filter,export,,"no case of ours contains 'export' together with ['strong', 'filter']",<li>Timesheets Activities <strong>export</strong> with filter set to <strong>Today</strong></li>
37,C1992,Vladimir Tomovic,Test Cases > Reports > Timesheet Activities,CANDIDATE GAP,step7.expected,CANDIDATE GAP,PHRASING,actual estimate progress,actual,,"no case of ours contains 'actual' together with ['estimate', 'progress']",<li><strong>Progress bar</strong> and <strong>Actual/Estimate</strong> time on the line reflect data on the Timesheets tab</li>
37,C1992,Vladimir Tomovic,Test Cases > Reports > Timesheet Activities,CANDIDATE GAP,step7.expected,CANDIDATE GAP,PHRASING,recorded strong timestamp,recorded,,"no case of ours contains 'recorded' together with ['strong', 'timestamp']",<li>There is one recorded with <strong>Start Date</strong> timestamp and <strong>End Time</strong> timestamp on the Timesheets tab</li>
37,C1992,Vladimir Tomovic,Test Cases > Reports > Timesheet Activities,CANDIDATE GAP,step7.expected,CANDIDATE GAP,STRONG,match strong record,record,,"no case of ours contains 'record' together with ['match', 'strong']",<li>There are one record for the current WO and line in the <strong>Timesheets Activities</strong> page that matches Timesheets tab data</li>
37,C1992,Vladimir Tomovic,Test Cases > Reports > Timesheet Activities,CANDIDATE GAP,step7.expected,CANDIDATE GAP,STRONG,match export file,export,,"no case of ours contains 'export' together with ['match', 'file']",<li>There is one record for the the current WO and line in the export file that matches Timesheets tab data</li>
37,C187,Vladimir Tomovic,Test Cases > Reports > Advisor Analysis,COVERED-BY,custom_preconds,CANDIDATE GAP,PHRASING,app base navigated,app,,"no case of ours contains 'app' together with ['base', 'navigated']",<li>App is navigated to page {{BASE_URL}}/reports/work-in-progress</li>
37,C188,Vladimir Tomovic,Test Cases > Reports > Advisor Analysis,COVERED-BY,custom_preconds,CANDIDATE GAP,PHRASING,app base navigated,app,,"no case of ours contains 'app' together with ['base', 'navigated']",<li>App is navigated to page {{BASE_URL}}/reports/work-in-progress</li>
37,C189,Vladimir Tomovic,Test Cases > Reports > Advisor Analysis,COVERED-BY,custom_preconds,CANDIDATE GAP,PHRASING,app base navigated,app,,"no case of ours contains 'app' together with ['base', 'navigated']",<li>App is navigated to page {{BASE_URL}}/reports/work-in-progress</li>
37,C190,Vladimir Tomovic,Test Cases > Reports > Advisor Analysis,CANDIDATE GAP,custom_preconds,CANDIDATE GAP,PHRASING,analysi app base,analysi,,"no case of ours contains 'analysi' together with ['app', 'base']",<li>App is navigated to page {{BASE_URL}}/reports/service-advisor-analysis</li>
37,C190,Vladimir Tomovic,Test Cases > Reports > Advisor Analysis,CANDIDATE GAP,custom_steps,CANDIDATE GAP,STRONG,table column visible,column,,"no case of ours contains 'column' together with ['table', 'visible']",<ul><li>Verify all visible columns in the table</li></ul>
37,C190,Vladimir Tomovic,Test Cases > Reports > Advisor Analysis,CANDIDATE GAP,custom_expected,CANDIDATE GAP,PHRASING,billing cost customer,billing,,"no case of ours contains 'billing' together with ['cost', 'customer']","<ul><li>Date</li><li>Invoice</li><li>Customer</li><li>Advisor</li><li>Days Open</li><li>Lines</li><li>Hrs Worked</li><li id=""isPasted"">Hrs Invoiced</li><li>Hrs Profit</li><li>Billing Efficiency</li><li>ELR</li><li>Parts Cost</li><li>Parts Invoice</li><li>Parts Profit</li><li>Parts Margin</li><li>Total Profit</li><li>Total Margin</li><li>Subtotal</li></ul>"
37,C190,Vladimir Tomovic,Test Cases > Reports > Advisor Analysis,CANDIDATE GAP,step1.content,CANDIDATE GAP,STRONG,table column visible,column,,"no case of ours contains 'column' together with ['table', 'visible']",<ul><li>Verify all visible columns in the table</li></ul>
37,C190,Vladimir Tomovic,Test Cases > Reports > Advisor Analysis,CANDIDATE GAP,step1.expected,CANDIDATE GAP,PHRASING,1036123 12345 2025,1036123,,"no case of ours contains '1036123' together with ['12345', '2025']","<ul id=""isPasted""><li>Date (e.g., <strong>Nov 21 2025</strong>)</li><li>Invoice (e.g., <strong>S3-12345</strong>)</li><li>Customer (e.g., <strong>1036123 AB LTD O/A HYDR...</strong>) → Max:"
37,C190,Vladimir Tomovic,Test Cases > Reports > Advisor Analysis,CANDIDATE GAP,step1.expected,CANDIDATE GAP,PHRASING,char color glavi,char,,"no case of ours contains 'char' together with ['color', 'glavi']","<strong>23</strong> chars</li><li>Advisor (e.g., <strong>Nebojsa Glavi..</strong><span style='color:"
37,C190,Vladimir Tomovic,Test Cases > Reports > Advisor Analysis,CANDIDATE GAP,step1.expected,CANDIDATE GAP,PHRASING,nunito sans serif,nunito,,"no case of ours contains 'nunito' together with ['sans', 'serif']","""Nunito Sans"", sans-serif;"
37,C190,Vladimir Tomovic,Test Cases > Reports > Advisor Analysis,CANDIDATE GAP,step1.expected,CANDIDATE GAP,STRONG,ligatur variant font,font,,"no case of ours contains 'font' together with ['ligatur', 'variant']",font-variant-ligatures:
37,C190,Vladimir Tomovic,Test Cases > Reports > Advisor Analysis,CANDIDATE GAP,step1.expected,CANDIDATE GAP,STRONG,caps variant font,font,,"no case of ours contains 'font' together with ['caps', 'variant']",font-variant-caps:
37,C190,Vladimir Tomovic,Test Cases > Reports > Advisor Analysis,CANDIDATE GAP,step1.expected,CANDIDATE GAP,PHRASING,stroke text webkit,stroke,,"no case of ours contains 'stroke' together with ['text', 'webkit']",webkit-text-stroke-width:
37,C190,Vladimir Tomovic,Test Cases > Reports > Advisor Analysis,CANDIDATE GAP,step1.expected,CANDIDATE GAP,PHRASING,245 247 250,245,,"no case of ours contains '245' together with ['247', '250']","rgb(245, 247, 250);"
37,C190,Vladimir Tomovic,Test Cases > Reports > Advisor Analysis,CANDIDATE GAP,step1.expected,CANDIDATE GAP,PHRASING,decoration text thickness,decoration,,"no case of ours contains 'decoration' together with ['text', 'thickness']",text-decoration-thickness:
37,C190,Vladimir Tomovic,Test Cases > Reports > Advisor Analysis,CANDIDATE GAP,step1.expected,CANDIDATE GAP,STRONG,decoration text style,style,,"no case of ours contains 'style' together with ['decoration', 'text']",text-decoration-style:
37,C190,Vladimir Tomovic,Test Cases > Reports > Advisor Analysis,CANDIDATE GAP,step1.expected,CANDIDATE GAP,PHRASING,color decoration text,color,,"no case of ours contains 'color' together with ['decoration', 'text']",text-decoration-color:
37,C190,Vladimir Tomovic,Test Cases > Reports > Advisor Analysis,CANDIDATE GAP,step1.expected,CANDIDATE GAP,PHRASING,max none span,max,,"no case of ours contains 'max' together with ['none', 'span']",none'><strong>.</strong>) </span>→ Max:
37,C190,Vladimir Tomovic,Test Cases > Reports > Advisor Analysis,CANDIDATE GAP,step1.expected,CANDIDATE GAP,PHRASING,$0.00 $142.59 $33.33,$0.00,,"no case of ours contains '$0.00' together with ['$142.59', '$33.33']","<strong>13</strong> chars</li><li>Days Open (e.g., <strong>2</strong>,<strong> </strong><strong>0</strong>)</li><li>Lines (e.g., <strong id=""isPasted"">1</strong>,<strong id=""isPasted""> 0</strong>)</li><li>Hrs Worked (e.g., <strong>2.34, 0.00</strong>)</li><li>Hrs Invoiced (e.g., <strong id=""isPasted"">2.34, 0.00</strong>)</li><li>Hrs Profit (e.g., <strong id=""isPasted"">2.34, 0.00</strong>)</li><li>"
37,C190,Vladimir Tomovic,Test Cases > Reports > Advisor Analysis,CANDIDATE GAP,step1.expected,CANDIDATE GAP,PHRASING,$0.00 $80.97 invoice,$0.00,,"no case of ours contains '$0.00' together with ['$80.97', 'invoice']","pre"" id=""isPasted"">)</span></li><li>Parts Invoice (e.g., <strong>$80.97</strong><strong id=""isPasted"">, $0.00</strong><span style=""white-space:"
37,C190,Vladimir Tomovic,Test Cases > Reports > Advisor Analysis,CANDIDATE GAP,step1.expected,CANDIDATE GAP,PHRASING,$0.00 $80.97 ispasted,$0.00,,"no case of ours contains '$0.00' together with ['$80.97', 'ispasted']","pre"">)</span></li><li>Parts Profit (e.g., <strong id=""isPasted"">$80.97</strong><strong>, $0.00</strong><span style=""white-space:"
37,C190,Vladimir Tomovic,Test Cases > Reports > Advisor Analysis,CANDIDATE GAP,step1.expected,CANDIDATE GAP,PHRASING,$0.00 $142.59 7.33%,$0.00,,"no case of ours contains '$0.00' together with ['$142.59', '7.33%']","pre"">)</span></li><li>Parts Margin ( e.g., <strong>7.33%, N/A</strong>)</li><li>Total Profit (e.g., <strong id=""isPasted"">$142.59, $0.00</strong><span style=""white-space:"
37,C190,Vladimir Tomovic,Test Cases > Reports > Advisor Analysis,CANDIDATE GAP,step1.expected,CANDIDATE GAP,PHRASING,$0.00 $142.59 27.73%,$0.00,,"no case of ours contains '$0.00' together with ['$142.59', '27.73%']","pre"">)</span></li><li>Total Margin ( e.g., <strong>27.73%,</strong><strong> N/A</strong>)</li><li>Subtotal (e.g., <strong id=""isPasted"">$142.59, $0.00</strong><span style=""white-space:"
37,C191,Vladimir Tomovic,Test Cases > Reports > Advisor Analysis,CANDIDATE GAP,custom_preconds,CANDIDATE GAP,PHRASING,analysi app base,analysi,,"no case of ours contains 'analysi' together with ['app', 'base']",<li>App is navigated to page {{BASE_URL}}/reports/service-advisor-analysis</li>
37,C191,Vladimir Tomovic,Test Cases > Reports > Advisor Analysis,CANDIDATE GAP,custom_steps,CANDIDATE GAP,STRONG,interval field dropdown,field,,"no case of ours contains 'field' together with ['interval', 'dropdown']",<li>Verify all the time intervals in the dropdown field</li>
37,C191,Vladimir Tomovic,Test Cases > Reports > Advisor Analysis,CANDIDATE GAP,step1.expected,CANDIDATE GAP,PHRASING,interval ispasted strong,interval,,"no case of ours contains 'interval' together with ['ispasted', 'strong']","<ul><li><strong>Filter By Advisor</strong> exists</li><li><strong>Time interval filter</strong> exists:</li></ul><ul id=""isPasted""><ul style=""list-style-type:"
37,C191,Vladimir Tomovic,Test Cases > Reports > Advisor Analysis,CANDIDATE GAP,step1.expected,CANDIDATE GAP,PHRASING,disc quarter strong,disc,,"no case of ours contains 'disc' together with ['quarter', 'strong']","disc""><li>Today</li><li>Yesterday</li><li>This Week</li><li>Last Week</li><li>This Month → <strong>Default</strong></li><li>Last Month</li><li>This Year</li><li>Last Year</li><li>This Quarter</li><li>Last Quarter</li><li>Custom</li></ul></ul><p><br></p>"
37,C192,Vladimir Tomovic,Test Cases > Reports > Advisor Analysis,CANDIDATE GAP,custom_preconds,CANDIDATE GAP,PHRASING,analysi app base,analysi,,"no case of ours contains 'analysi' together with ['app', 'base']",<li>App is navigated to page {{BASE_URL}}/reports/service-advisor-analysis</li>
37,C192,Vladimir Tomovic,Test Cases > Reports > Advisor Analysis,CANDIDATE GAP,custom_steps,CANDIDATE GAP,STRONG,pick strong advisor,advisor,,"no case of ours contains 'advisor' together with ['pick', 'strong']",<ul><li>Click on <strong>Filter By Advisor</strong> dropdown and pick advisor</li></ul>
37,C281,Vladimir Tomovic,Test Cases > Reports > Advisor Analysis,CANDIDATE GAP,custom_preconds,CANDIDATE GAP,PHRASING,analysi app base,analysi,,"no case of ours contains 'analysi' together with ['app', 'base']",<li>App is navigated to page {{BASE_URL}}/reports/service-advisor-analysis</li>
37,C281,Vladimir Tomovic,Test Cases > Reports > Advisor Analysis,CANDIDATE GAP,custom_steps,CANDIDATE GAP,PHRASING,summary table whole,summary,,"no case of ours contains 'summary' together with ['table', 'whole']",<li>Verify Totals summary for whole table</li>
37,C281,Vladimir Tomovic,Test Cases > Reports > Advisor Analysis,CANDIDATE GAP,custom_expected,CANDIDATE GAP,STRONG,except valu total,valu,,"no case of ours contains 'valu' together with ['except', 'total']",<li><p>There are total values for all columns except for:
37,C281,Vladimir Tomovic,Test Cases > Reports > Advisor Analysis,CANDIDATE GAP,custom_expected,CANDIDATE GAP,PHRASING,customer invoice number,customer,,"no case of ours contains 'customer' together with ['invoice', 'number']","<br />Date, Invoice NUmber, Customer, Service Advisor</p></li>"
37,C281,Vladimir Tomovic,Test Cases > Reports > Advisor Analysis,CANDIDATE GAP,step1.content,CANDIDATE GAP,PHRASING,100 billing corresponding,100,,"no case of ours contains '100' together with ['billing', 'corresponding']","<ul><li>Verify Totals summary for entire table (on the bottom of the table)</li></ul><p>Note:</p><ul><li id=""isPasted"">All totals are calculated as the sum of the corresponding row values except:<ul><li>Parts Margin → (<strong>Total Parts Profit / Total Parts Invoiced)*100</strong></li><li>Total Margin → (<strong>Total Profit / Subtotal)*100</strong></li><li>Billing Efficiency → <strong>(Total Hou"
37,C281,Vladimir Tomovic,Test Cases > Reports > Advisor Analysis,CANDIDATE GAP,step1.expected,CANDIDATE GAP,PHRASING,customer except invoice,customer,,"no case of ours contains 'customer' together with ['except', 'invoice']",<ul><li>There are total values for all columns except for:<ul><li>Date</li><li>Invoice Number</li><li>Customer</li><li>Advisor</li></ul></li></ul>
37,C281,Vladimir Tomovic,Test Cases > Reports > Advisor Analysis,CANDIDATE GAP,step2.content,CANDIDATE GAP,STRONG,margin style change,style,,"no case of ours contains 'style' together with ['margin', 'change']","<ul><li>Change date range and verify if totals are correct for selected range<ul><li style=""margin:"
37,C281,Vladimir Tomovic,Test Cases > Reports > Advisor Analysis,CANDIDATE GAP,step2.content,CANDIDATE GAP,STRONG,optical sizing font,font,,"no case of ours contains 'font' together with ['optical', 'sizing']",font-optical-sizing:
37,C281,Vladimir Tomovic,Test Cases > Reports > Advisor Analysis,CANDIDATE GAP,step2.content,CANDIDATE GAP,STRONG,adjust size font,font,,"no case of ours contains 'font' together with ['adjust', 'size']",font-size-adjust:
37,C281,Vladimir Tomovic,Test Cases > Reports > Advisor Analysis,CANDIDATE GAP,step2.content,CANDIDATE GAP,STRONG,feature setting font,font,,"no case of ours contains 'font' together with ['feature', 'setting']",font-feature-settings:
37,C281,Vladimir Tomovic,Test Cases > Reports > Advisor Analysis,CANDIDATE GAP,step2.content,CANDIDATE GAP,STRONG,setting variation font,font,,"no case of ours contains 'font' together with ['setting', 'variation']",font-variation-settings:
37,C281,Vladimir Tomovic,Test Cases > Reports > Advisor Analysis,CANDIDATE GAP,step2.content,CANDIDATE GAP,STRONG,type style list,style,,"no case of ours contains 'style' together with ['type', 'list']",list-style-type:
37,C281,Vladimir Tomovic,Test Cases > Reports > Advisor Analysis,CANDIDATE GAP,step2.content,CANDIDATE GAP,PHRASING,disc ispasted margin,disc,,"no case of ours contains 'disc' together with ['ispasted', 'margin']","disc"" id=""isPasted"">Today</li><li style=""margin:"
37,C281,Vladimir Tomovic,Test Cases > Reports > Advisor Analysis,CANDIDATE GAP,step2.content,CANDIDATE GAP,STRONG,optical sizing font,font,,"no case of ours contains 'font' together with ['optical', 'sizing']",font-optical-sizing:
37,C281,Vladimir Tomovic,Test Cases > Reports > Advisor Analysis,CANDIDATE GAP,step2.content,CANDIDATE GAP,STRONG,adjust size font,font,,"no case of ours contains 'font' together with ['adjust', 'size']",font-size-adjust:
37,C281,Vladimir Tomovic,Test Cases > Reports > Advisor Analysis,CANDIDATE GAP,step2.content,CANDIDATE GAP,STRONG,feature setting font,font,,"no case of ours contains 'font' together with ['feature', 'setting']",font-feature-settings:
37,C281,Vladimir Tomovic,Test Cases > Reports > Advisor Analysis,CANDIDATE GAP,step2.content,CANDIDATE GAP,STRONG,setting variation font,font,,"no case of ours contains 'font' together with ['setting', 'variation']",font-variation-settings:
37,C281,Vladimir Tomovic,Test Cases > Reports > Advisor Analysis,CANDIDATE GAP,step2.content,CANDIDATE GAP,STRONG,type style list,style,,"no case of ours contains 'style' together with ['type', 'list']",list-style-type:
37,C281,Vladimir Tomovic,Test Cases > Reports > Advisor Analysis,CANDIDATE GAP,step2.content,CANDIDATE GAP,PHRASING,disc margin yesterday,disc,,"no case of ours contains 'disc' together with ['margin', 'yesterday']","disc"">Yesterday</li><li style=""margin:"
37,C281,Vladimir Tomovic,Test Cases > Reports > Advisor Analysis,CANDIDATE GAP,step2.content,CANDIDATE GAP,STRONG,optical sizing font,font,,"no case of ours contains 'font' together with ['optical', 'sizing']",font-optical-sizing:
37,C281,Vladimir Tomovic,Test Cases > Reports > Advisor Analysis,CANDIDATE GAP,step2.content,CANDIDATE GAP,STRONG,adjust size font,font,,"no case of ours contains 'font' together with ['adjust', 'size']",font-size-adjust:
37,C281,Vladimir Tomovic,Test Cases > Reports > Advisor Analysis,CANDIDATE GAP,step2.content,CANDIDATE GAP,STRONG,feature setting font,font,,"no case of ours contains 'font' together with ['feature', 'setting']",font-feature-settings:
37,C281,Vladimir Tomovic,Test Cases > Reports > Advisor Analysis,CANDIDATE GAP,step2.content,CANDIDATE GAP,STRONG,setting variation font,font,,"no case of ours contains 'font' together with ['setting', 'variation']",font-variation-settings:
37,C281,Vladimir Tomovic,Test Cases > Reports > Advisor Analysis,CANDIDATE GAP,step2.content,CANDIDATE GAP,STRONG,type style list,style,,"no case of ours contains 'style' together with ['type', 'list']",list-style-type:
37,C281,Vladimir Tomovic,Test Cases > Reports > Advisor Analysis,CANDIDATE GAP,step2.content,CANDIDATE GAP,STRONG,disc margin style,style,,"no case of ours contains 'style' together with ['disc', 'margin']","disc"">This Week</li><li style=""margin:"
37,C281,Vladimir Tomovic,Test Cases > Reports > Advisor Analysis,CANDIDATE GAP,step2.content,CANDIDATE GAP,STRONG,optical sizing font,font,,"no case of ours contains 'font' together with ['optical', 'sizing']",font-optical-sizing:
37,C281,Vladimir Tomovic,Test Cases > Reports > Advisor Analysis,CANDIDATE GAP,step2.content,CANDIDATE GAP,STRONG,adjust size font,font,,"no case of ours contains 'font' together with ['adjust', 'size']",font-size-adjust:
37,C281,Vladimir Tomovic,Test Cases > Reports > Advisor Analysis,CANDIDATE GAP,step2.content,CANDIDATE GAP,STRONG,feature setting font,font,,"no case of ours contains 'font' together with ['feature', 'setting']",font-feature-settings:
37,C281,Vladimir Tomovic,Test Cases > Reports > Advisor Analysis,CANDIDATE GAP,step2.content,CANDIDATE GAP,STRONG,setting variation font,font,,"no case of ours contains 'font' together with ['setting', 'variation']",font-variation-settings:
37,C281,Vladimir Tomovic,Test Cases > Reports > Advisor Analysis,CANDIDATE GAP,step2.content,CANDIDATE GAP,STRONG,type style list,style,,"no case of ours contains 'style' together with ['type', 'list']",list-style-type:
37,C281,Vladimir Tomovic,Test Cases > Reports > Advisor Analysis,CANDIDATE GAP,step2.content,CANDIDATE GAP,STRONG,disc margin last,last,,"no case of ours contains 'last' together with ['disc', 'margin']","disc"">Last Week</li><li style=""margin:"
37,C281,Vladimir Tomovic,Test Cases > Reports > Advisor Analysis,CANDIDATE GAP,step2.content,CANDIDATE GAP,STRONG,optical sizing font,font,,"no case of ours contains 'font' together with ['optical', 'sizing']",font-optical-sizing:
37,C281,Vladimir Tomovic,Test Cases > Reports > Advisor Analysis,CANDIDATE GAP,step2.content,CANDIDATE GAP,STRONG,adjust size font,font,,"no case of ours contains 'font' together with ['adjust', 'size']",font-size-adjust:
37,C281,Vladimir Tomovic,Test Cases > Reports > Advisor Analysis,CANDIDATE GAP,step2.content,CANDIDATE GAP,STRONG,feature setting font,font,,"no case of ours contains 'font' together with ['feature', 'setting']",font-feature-settings:
37,C281,Vladimir Tomovic,Test Cases > Reports > Advisor Analysis,CANDIDATE GAP,step2.content,CANDIDATE GAP,STRONG,setting variation font,font,,"no case of ours contains 'font' together with ['setting', 'variation']",font-variation-settings:
37,C281,Vladimir Tomovic,Test Cases > Reports > Advisor Analysis,CANDIDATE GAP,step2.content,CANDIDATE GAP,STRONG,type style list,style,,"no case of ours contains 'style' together with ['type', 'list']",list-style-type:
37,C281,Vladimir Tomovic,Test Cases > Reports > Advisor Analysis,CANDIDATE GAP,step2.content,CANDIDATE GAP,STRONG,disc margin style,style,,"no case of ours contains 'style' together with ['disc', 'margin']","disc"">This Month</li><li style=""margin:"
37,C281,Vladimir Tomovic,Test Cases > Reports > Advisor Analysis,CANDIDATE GAP,step2.content,CANDIDATE GAP,STRONG,optical sizing font,font,,"no case of ours contains 'font' together with ['optical', 'sizing']",font-optical-sizing:
37,C281,Vladimir Tomovic,Test Cases > Reports > Advisor Analysis,CANDIDATE GAP,step2.content,CANDIDATE GAP,STRONG,adjust size font,font,,"no case of ours contains 'font' together with ['adjust', 'size']",font-size-adjust:
37,C281,Vladimir Tomovic,Test Cases > Reports > Advisor Analysis,CANDIDATE GAP,step2.content,CANDIDATE GAP,STRONG,feature setting font,font,,"no case of ours contains 'font' together with ['feature', 'setting']",font-feature-settings:
37,C281,Vladimir Tomovic,Test Cases > Reports > Advisor Analysis,CANDIDATE GAP,step2.content,CANDIDATE GAP,STRONG,setting variation font,font,,"no case of ours contains 'font' together with ['setting', 'variation']",font-variation-settings:
37,C281,Vladimir Tomovic,Test Cases > Reports > Advisor Analysis,CANDIDATE GAP,step2.content,CANDIDATE GAP,STRONG,type style list,style,,"no case of ours contains 'style' together with ['type', 'list']",list-style-type:
37,C281,Vladimir Tomovic,Test Cases > Reports > Advisor Analysis,CANDIDATE GAP,step2.content,CANDIDATE GAP,STRONG,disc margin last,last,,"no case of ours contains 'last' together with ['disc', 'margin']","disc"">Last Month</li><li style=""margin:"
37,C281,Vladimir Tomovic,Test Cases > Reports > Advisor Analysis,CANDIDATE GAP,step2.content,CANDIDATE GAP,STRONG,optical sizing font,font,,"no case of ours contains 'font' together with ['optical', 'sizing']",font-optical-sizing:
37,C281,Vladimir Tomovic,Test Cases > Reports > Advisor Analysis,CANDIDATE GAP,step2.content,CANDIDATE GAP,STRONG,adjust size font,font,,"no case of ours contains 'font' together with ['adjust', 'size']",font-size-adjust:
37,C281,Vladimir Tomovic,Test Cases > Reports > Advisor Analysis,CANDIDATE GAP,step2.content,CANDIDATE GAP,STRONG,feature setting font,font,,"no case of ours contains 'font' together with ['feature', 'setting']",font-feature-settings:
37,C281,Vladimir Tomovic,Test Cases > Reports > Advisor Analysis,CANDIDATE GAP,step2.content,CANDIDATE GAP,STRONG,setting variation font,font,,"no case of ours contains 'font' together with ['setting', 'variation']",font-variation-settings:
37,C281,Vladimir Tomovic,Test Cases > Reports > Advisor Analysis,CANDIDATE GAP,step2.content,CANDIDATE GAP,STRONG,type style list,style,,"no case of ours contains 'style' together with ['type', 'list']",list-style-type:
37,C281,Vladimir Tomovic,Test Cases > Reports > Advisor Analysis,CANDIDATE GAP,step2.content,CANDIDATE GAP,PHRASING,disc margin year,disc,,"no case of ours contains 'disc' together with ['margin', 'year']","disc"">This Year</li><li style=""margin:"
37,C281,Vladimir Tomovic,Test Cases > Reports > Advisor Analysis,CANDIDATE GAP,step2.content,CANDIDATE GAP,STRONG,optical sizing font,font,,"no case of ours contains 'font' together with ['optical', 'sizing']",font-optical-sizing:
37,C281,Vladimir Tomovic,Test Cases > Reports > Advisor Analysis,CANDIDATE GAP,step2.content,CANDIDATE GAP,STRONG,adjust size font,font,,"no case of ours contains 'font' together with ['adjust', 'size']",font-size-adjust:
37,C281,Vladimir Tomovic,Test Cases > Reports > Advisor Analysis,CANDIDATE GAP,step2.content,CANDIDATE GAP,STRONG,feature setting font,font,,"no case of ours contains 'font' together with ['feature', 'setting']",font-feature-settings:
37,C281,Vladimir Tomovic,Test Cases > Reports > Advisor Analysis,CANDIDATE GAP,step2.content,CANDIDATE GAP,STRONG,setting variation font,font,,"no case of ours contains 'font' together with ['setting', 'variation']",font-variation-settings:
37,C281,Vladimir Tomovic,Test Cases > Reports > Advisor Analysis,CANDIDATE GAP,step2.content,CANDIDATE GAP,STRONG,type style list,style,,"no case of ours contains 'style' together with ['type', 'list']",list-style-type:
37,C281,Vladimir Tomovic,Test Cases > Reports > Advisor Analysis,CANDIDATE GAP,step2.content,CANDIDATE GAP,PHRASING,disc margin year,disc,,"no case of ours contains 'disc' together with ['margin', 'year']","disc"">Last Year</li><li style=""margin:"
37,C281,Vladimir Tomovic,Test Cases > Reports > Advisor Analysis,CANDIDATE GAP,step2.content,CANDIDATE GAP,STRONG,optical sizing font,font,,"no case of ours contains 'font' together with ['optical', 'sizing']",font-optical-sizing:
37,C281,Vladimir Tomovic,Test Cases > Reports > Advisor Analysis,CANDIDATE GAP,step2.content,CANDIDATE GAP,STRONG,adjust size font,font,,"no case of ours contains 'font' together with ['adjust', 'size']",font-size-adjust:
37,C281,Vladimir Tomovic,Test Cases > Reports > Advisor Analysis,CANDIDATE GAP,step2.content,CANDIDATE GAP,STRONG,feature setting font,font,,"no case of ours contains 'font' together with ['feature', 'setting']",font-feature-settings:
37,C281,Vladimir Tomovic,Test Cases > Reports > Advisor Analysis,CANDIDATE GAP,step2.content,CANDIDATE GAP,STRONG,setting variation font,font,,"no case of ours contains 'font' together with ['setting', 'variation']",font-variation-settings:
37,C281,Vladimir Tomovic,Test Cases > Reports > Advisor Analysis,CANDIDATE GAP,step2.content,CANDIDATE GAP,STRONG,type style list,style,,"no case of ours contains 'style' together with ['type', 'list']",list-style-type:
37,C281,Vladimir Tomovic,Test Cases > Reports > Advisor Analysis,CANDIDATE GAP,step2.content,CANDIDATE GAP,PHRASING,disc margin quarter,disc,,"no case of ours contains 'disc' together with ['margin', 'quarter']","disc"">This Quarter</li><li style=""margin:"
37,C281,Vladimir Tomovic,Test Cases > Reports > Advisor Analysis,CANDIDATE GAP,step2.content,CANDIDATE GAP,STRONG,optical sizing font,font,,"no case of ours contains 'font' together with ['optical', 'sizing']",font-optical-sizing:
37,C281,Vladimir Tomovic,Test Cases > Reports > Advisor Analysis,CANDIDATE GAP,step2.content,CANDIDATE GAP,STRONG,adjust size font,font,,"no case of ours contains 'font' together with ['adjust', 'size']",font-size-adjust:
37,C281,Vladimir Tomovic,Test Cases > Reports > Advisor Analysis,CANDIDATE GAP,step2.content,CANDIDATE GAP,STRONG,feature setting font,font,,"no case of ours contains 'font' together with ['feature', 'setting']",font-feature-settings:
37,C281,Vladimir Tomovic,Test Cases > Reports > Advisor Analysis,CANDIDATE GAP,step2.content,CANDIDATE GAP,STRONG,setting variation font,font,,"no case of ours contains 'font' together with ['setting', 'variation']",font-variation-settings:
37,C281,Vladimir Tomovic,Test Cases > Reports > Advisor Analysis,CANDIDATE GAP,step2.content,CANDIDATE GAP,STRONG,type style list,style,,"no case of ours contains 'style' together with ['type', 'list']",list-style-type:
37,C281,Vladimir Tomovic,Test Cases > Reports > Advisor Analysis,CANDIDATE GAP,step2.content,CANDIDATE GAP,PHRASING,disc margin quarter,disc,,"no case of ours contains 'disc' together with ['margin', 'quarter']","disc"">Last Quarter</li><li style=""margin:"
37,C281,Vladimir Tomovic,Test Cases > Reports > Advisor Analysis,CANDIDATE GAP,step2.content,CANDIDATE GAP,STRONG,optical sizing font,font,,"no case of ours contains 'font' together with ['optical', 'sizing']",font-optical-sizing:
37,C281,Vladimir Tomovic,Test Cases > Reports > Advisor Analysis,CANDIDATE GAP,step2.content,CANDIDATE GAP,STRONG,adjust size font,font,,"no case of ours contains 'font' together with ['adjust', 'size']",font-size-adjust:
37,C281,Vladimir Tomovic,Test Cases > Reports > Advisor Analysis,CANDIDATE GAP,step2.content,CANDIDATE GAP,STRONG,feature setting font,font,,"no case of ours contains 'font' together with ['feature', 'setting']",font-feature-settings:
37,C281,Vladimir Tomovic,Test Cases > Reports > Advisor Analysis,CANDIDATE GAP,step2.content,CANDIDATE GAP,STRONG,setting variation font,font,,"no case of ours contains 'font' together with ['setting', 'variation']",font-variation-settings:
37,C281,Vladimir Tomovic,Test Cases > Reports > Advisor Analysis,CANDIDATE GAP,step2.content,CANDIDATE GAP,STRONG,type style list,style,,"no case of ours contains 'style' together with ['type', 'list']",list-style-type:
37,C281,Vladimir Tomovic,Test Cases > Reports > Advisor Analysis,CANDIDATE GAP,step2.expected,CANDIDATE GAP,STRONG,total correct selected,total,C19274,"no case of ours contains 'total' together with ['correct', 'selected']",<ul><li>Totals are correct for selected date range</li></ul>
37,C281,Vladimir Tomovic,Test Cases > Reports > Advisor Analysis,CANDIDATE GAP,step3.content,CANDIDATE GAP,PHRASING,following margin rang,following,,"no case of ours contains 'following' together with ['margin', 'rang']","<ul><li>Filter by any Advisor and all of the following date ranges:<ul><li style=""margin:"
37,C281,Vladimir Tomovic,Test Cases > Reports > Advisor Analysis,CANDIDATE GAP,step3.content,CANDIDATE GAP,STRONG,optical sizing font,font,,"no case of ours contains 'font' together with ['optical', 'sizing']",font-optical-sizing:
37,C281,Vladimir Tomovic,Test Cases > Reports > Advisor Analysis,CANDIDATE GAP,step3.content,CANDIDATE GAP,STRONG,adjust size font,font,,"no case of ours contains 'font' together with ['adjust', 'size']",font-size-adjust:
37,C281,Vladimir Tomovic,Test Cases > Reports > Advisor Analysis,CANDIDATE GAP,step3.content,CANDIDATE GAP,STRONG,feature setting font,font,,"no case of ours contains 'font' together with ['feature', 'setting']",font-feature-settings:
37,C281,Vladimir Tomovic,Test Cases > Reports > Advisor Analysis,CANDIDATE GAP,step3.content,CANDIDATE GAP,STRONG,setting variation font,font,,"no case of ours contains 'font' together with ['setting', 'variation']",font-variation-settings:
37,C281,Vladimir Tomovic,Test Cases > Reports > Advisor Analysis,CANDIDATE GAP,step3.content,CANDIDATE GAP,STRONG,type style list,style,,"no case of ours contains 'style' together with ['type', 'list']",list-style-type:
37,C281,Vladimir Tomovic,Test Cases > Reports > Advisor Analysis,CANDIDATE GAP,step3.content,CANDIDATE GAP,PHRASING,disc ispasted margin,disc,,"no case of ours contains 'disc' together with ['ispasted', 'margin']","disc"" id=""isPasted"">Today</li><li style=""margin:"
37,C281,Vladimir Tomovic,Test Cases > Reports > Advisor Analysis,CANDIDATE GAP,step3.content,CANDIDATE GAP,STRONG,optical sizing font,font,,"no case of ours contains 'font' together with ['optical', 'sizing']",font-optical-sizing:
37,C281,Vladimir Tomovic,Test Cases > Reports > Advisor Analysis,CANDIDATE GAP,step3.content,CANDIDATE GAP,STRONG,adjust size font,font,,"no case of ours contains 'font' together with ['adjust', 'size']",font-size-adjust:
37,C281,Vladimir Tomovic,Test Cases > Reports > Advisor Analysis,CANDIDATE GAP,step3.content,CANDIDATE GAP,STRONG,feature setting font,font,,"no case of ours contains 'font' together with ['feature', 'setting']",font-feature-settings:
37,C281,Vladimir Tomovic,Test Cases > Reports > Advisor Analysis,CANDIDATE GAP,step3.content,CANDIDATE GAP,STRONG,setting variation font,font,,"no case of ours contains 'font' together with ['setting', 'variation']",font-variation-settings:
37,C281,Vladimir Tomovic,Test Cases > Reports > Advisor Analysis,CANDIDATE GAP,step3.content,CANDIDATE GAP,STRONG,type style list,style,,"no case of ours contains 'style' together with ['type', 'list']",list-style-type:
37,C281,Vladimir Tomovic,Test Cases > Reports > Advisor Analysis,CANDIDATE GAP,step3.content,CANDIDATE GAP,PHRASING,disc margin yesterday,disc,,"no case of ours contains 'disc' together with ['margin', 'yesterday']","disc"">Yesterday</li><li style=""margin:"
37,C281,Vladimir Tomovic,Test Cases > Reports > Advisor Analysis,CANDIDATE GAP,step3.content,CANDIDATE GAP,STRONG,optical sizing font,font,,"no case of ours contains 'font' together with ['optical', 'sizing']",font-optical-sizing:
37,C281,Vladimir Tomovic,Test Cases > Reports > Advisor Analysis,CANDIDATE GAP,step3.content,CANDIDATE GAP,STRONG,adjust size font,font,,"no case of ours contains 'font' together with ['adjust', 'size']",font-size-adjust:
37,C281,Vladimir Tomovic,Test Cases > Reports > Advisor Analysis,CANDIDATE GAP,step3.content,CANDIDATE GAP,STRONG,feature setting font,font,,"no case of ours contains 'font' together with ['feature', 'setting']",font-feature-settings:
37,C281,Vladimir Tomovic,Test Cases > Reports > Advisor Analysis,CANDIDATE GAP,step3.content,CANDIDATE GAP,STRONG,setting variation font,font,,"no case of ours contains 'font' together with ['setting', 'variation']",font-variation-settings:
37,C281,Vladimir Tomovic,Test Cases > Reports > Advisor Analysis,CANDIDATE GAP,step3.content,CANDIDATE GAP,STRONG,type style list,style,,"no case of ours contains 'style' together with ['type', 'list']",list-style-type:
37,C281,Vladimir Tomovic,Test Cases > Reports > Advisor Analysis,CANDIDATE GAP,step3.content,CANDIDATE GAP,STRONG,disc margin style,style,,"no case of ours contains 'style' together with ['disc', 'margin']","disc"">This Week</li><li style=""margin:"
37,C281,Vladimir Tomovic,Test Cases > Reports > Advisor Analysis,CANDIDATE GAP,step3.content,CANDIDATE GAP,STRONG,optical sizing font,font,,"no case of ours contains 'font' together with ['optical', 'sizing']",font-optical-sizing:
37,C281,Vladimir Tomovic,Test Cases > Reports > Advisor Analysis,CANDIDATE GAP,step3.content,CANDIDATE GAP,STRONG,adjust size font,font,,"no case of ours contains 'font' together with ['adjust', 'size']",font-size-adjust:
37,C281,Vladimir Tomovic,Test Cases > Reports > Advisor Analysis,CANDIDATE GAP,step3.content,CANDIDATE GAP,STRONG,feature setting font,font,,"no case of ours contains 'font' together with ['feature', 'setting']",font-feature-settings:
37,C281,Vladimir Tomovic,Test Cases > Reports > Advisor Analysis,CANDIDATE GAP,step3.content,CANDIDATE GAP,STRONG,setting variation font,font,,"no case of ours contains 'font' together with ['setting', 'variation']",font-variation-settings:
37,C281,Vladimir Tomovic,Test Cases > Reports > Advisor Analysis,CANDIDATE GAP,step3.content,CANDIDATE GAP,STRONG,type style list,style,,"no case of ours contains 'style' together with ['type', 'list']",list-style-type:
37,C281,Vladimir Tomovic,Test Cases > Reports > Advisor Analysis,CANDIDATE GAP,step3.content,CANDIDATE GAP,STRONG,disc margin last,last,,"no case of ours contains 'last' together with ['disc', 'margin']","disc"">Last Week</li><li style=""margin:"
37,C281,Vladimir Tomovic,Test Cases > Reports > Advisor Analysis,CANDIDATE GAP,step3.content,CANDIDATE GAP,STRONG,optical sizing font,font,,"no case of ours contains 'font' together with ['optical', 'sizing']",font-optical-sizing:
37,C281,Vladimir Tomovic,Test Cases > Reports > Advisor Analysis,CANDIDATE GAP,step3.content,CANDIDATE GAP,STRONG,adjust size font,font,,"no case of ours contains 'font' together with ['adjust', 'size']",font-size-adjust:
37,C281,Vladimir Tomovic,Test Cases > Reports > Advisor Analysis,CANDIDATE GAP,step3.content,CANDIDATE GAP,STRONG,feature setting font,font,,"no case of ours contains 'font' together with ['feature', 'setting']",font-feature-settings:
37,C281,Vladimir Tomovic,Test Cases > Reports > Advisor Analysis,CANDIDATE GAP,step3.content,CANDIDATE GAP,STRONG,setting variation font,font,,"no case of ours contains 'font' together with ['setting', 'variation']",font-variation-settings:
37,C281,Vladimir Tomovic,Test Cases > Reports > Advisor Analysis,CANDIDATE GAP,step3.content,CANDIDATE GAP,STRONG,type style list,style,,"no case of ours contains 'style' together with ['type', 'list']",list-style-type:
37,C281,Vladimir Tomovic,Test Cases > Reports > Advisor Analysis,CANDIDATE GAP,step3.content,CANDIDATE GAP,STRONG,disc margin style,style,,"no case of ours contains 'style' together with ['disc', 'margin']","disc"">This Month</li><li style=""margin:"
37,C281,Vladimir Tomovic,Test Cases > Reports > Advisor Analysis,CANDIDATE GAP,step3.content,CANDIDATE GAP,STRONG,optical sizing font,font,,"no case of ours contains 'font' together with ['optical', 'sizing']",font-optical-sizing:
37,C281,Vladimir Tomovic,Test Cases > Reports > Advisor Analysis,CANDIDATE GAP,step3.content,CANDIDATE GAP,STRONG,adjust size font,font,,"no case of ours contains 'font' together with ['adjust', 'size']",font-size-adjust:
37,C281,Vladimir Tomovic,Test Cases > Reports > Advisor Analysis,CANDIDATE GAP,step3.content,CANDIDATE GAP,STRONG,feature setting font,font,,"no case of ours contains 'font' together with ['feature', 'setting']",font-feature-settings:
37,C281,Vladimir Tomovic,Test Cases > Reports > Advisor Analysis,CANDIDATE GAP,step3.content,CANDIDATE GAP,STRONG,setting variation font,font,,"no case of ours contains 'font' together with ['setting', 'variation']",font-variation-settings:
37,C281,Vladimir Tomovic,Test Cases > Reports > Advisor Analysis,CANDIDATE GAP,step3.content,CANDIDATE GAP,STRONG,type style list,style,,"no case of ours contains 'style' together with ['type', 'list']",list-style-type:
37,C281,Vladimir Tomovic,Test Cases > Reports > Advisor Analysis,CANDIDATE GAP,step3.content,CANDIDATE GAP,STRONG,disc margin last,last,,"no case of ours contains 'last' together with ['disc', 'margin']","disc"">Last Month</li><li style=""margin:"
37,C281,Vladimir Tomovic,Test Cases > Reports > Advisor Analysis,CANDIDATE GAP,step3.content,CANDIDATE GAP,STRONG,optical sizing font,font,,"no case of ours contains 'font' together with ['optical', 'sizing']",font-optical-sizing:
37,C281,Vladimir Tomovic,Test Cases > Reports > Advisor Analysis,CANDIDATE GAP,step3.content,CANDIDATE GAP,STRONG,adjust size font,font,,"no case of ours contains 'font' together with ['adjust', 'size']",font-size-adjust:
37,C281,Vladimir Tomovic,Test Cases > Reports > Advisor Analysis,CANDIDATE GAP,step3.content,CANDIDATE GAP,STRONG,feature setting font,font,,"no case of ours contains 'font' together with ['feature', 'setting']",font-feature-settings:
37,C281,Vladimir Tomovic,Test Cases > Reports > Advisor Analysis,CANDIDATE GAP,step3.content,CANDIDATE GAP,STRONG,setting variation font,font,,"no case of ours contains 'font' together with ['setting', 'variation']",font-variation-settings:
37,C281,Vladimir Tomovic,Test Cases > Reports > Advisor Analysis,CANDIDATE GAP,step3.content,CANDIDATE GAP,STRONG,type style list,style,,"no case of ours contains 'style' together with ['type', 'list']",list-style-type:
37,C281,Vladimir Tomovic,Test Cases > Reports > Advisor Analysis,CANDIDATE GAP,step3.content,CANDIDATE GAP,PHRASING,disc margin year,disc,,"no case of ours contains 'disc' together with ['margin', 'year']","disc"">This Year</li><li style=""margin:"
37,C281,Vladimir Tomovic,Test Cases > Reports > Advisor Analysis,CANDIDATE GAP,step3.content,CANDIDATE GAP,STRONG,optical sizing font,font,,"no case of ours contains 'font' together with ['optical', 'sizing']",font-optical-sizing:
37,C281,Vladimir Tomovic,Test Cases > Reports > Advisor Analysis,CANDIDATE GAP,step3.content,CANDIDATE GAP,STRONG,adjust size font,font,,"no case of ours contains 'font' together with ['adjust', 'size']",font-size-adjust:
37,C281,Vladimir Tomovic,Test Cases > Reports > Advisor Analysis,CANDIDATE GAP,step3.content,CANDIDATE GAP,STRONG,feature setting font,font,,"no case of ours contains 'font' together with ['feature', 'setting']",font-feature-settings:
37,C281,Vladimir Tomovic,Test Cases > Reports > Advisor Analysis,CANDIDATE GAP,step3.content,CANDIDATE GAP,STRONG,setting variation font,font,,"no case of ours contains 'font' together with ['setting', 'variation']",font-variation-settings:
37,C281,Vladimir Tomovic,Test Cases > Reports > Advisor Analysis,CANDIDATE GAP,step3.content,CANDIDATE GAP,STRONG,type style list,style,,"no case of ours contains 'style' together with ['type', 'list']",list-style-type:
37,C281,Vladimir Tomovic,Test Cases > Reports > Advisor Analysis,CANDIDATE GAP,step3.content,CANDIDATE GAP,PHRASING,disc margin year,disc,,"no case of ours contains 'disc' together with ['margin', 'year']","disc"">Last Year</li><li style=""margin:"
37,C281,Vladimir Tomovic,Test Cases > Reports > Advisor Analysis,CANDIDATE GAP,step3.content,CANDIDATE GAP,STRONG,optical sizing font,font,,"no case of ours contains 'font' together with ['optical', 'sizing']",font-optical-sizing:
37,C281,Vladimir Tomovic,Test Cases > Reports > Advisor Analysis,CANDIDATE GAP,step3.content,CANDIDATE GAP,STRONG,adjust size font,font,,"no case of ours contains 'font' together with ['adjust', 'size']",font-size-adjust:
37,C281,Vladimir Tomovic,Test Cases > Reports > Advisor Analysis,CANDIDATE GAP,step3.content,CANDIDATE GAP,STRONG,feature setting font,font,,"no case of ours contains 'font' together with ['feature', 'setting']",font-feature-settings:
37,C281,Vladimir Tomovic,Test Cases > Reports > Advisor Analysis,CANDIDATE GAP,step3.content,CANDIDATE GAP,STRONG,setting variation font,font,,"no case of ours contains 'font' together with ['setting', 'variation']",font-variation-settings:
37,C281,Vladimir Tomovic,Test Cases > Reports > Advisor Analysis,CANDIDATE GAP,step3.content,CANDIDATE GAP,STRONG,type style list,style,,"no case of ours contains 'style' together with ['type', 'list']",list-style-type:
37,C281,Vladimir Tomovic,Test Cases > Reports > Advisor Analysis,CANDIDATE GAP,step3.content,CANDIDATE GAP,PHRASING,disc margin quarter,disc,,"no case of ours contains 'disc' together with ['margin', 'quarter']","disc"">This Quarter</li><li style=""margin:"
37,C281,Vladimir Tomovic,Test Cases > Reports > Advisor Analysis,CANDIDATE GAP,step3.content,CANDIDATE GAP,STRONG,optical sizing font,font,,"no case of ours contains 'font' together with ['optical', 'sizing']",font-optical-sizing:
37,C281,Vladimir Tomovic,Test Cases > Reports > Advisor Analysis,CANDIDATE GAP,step3.content,CANDIDATE GAP,STRONG,adjust size font,font,,"no case of ours contains 'font' together with ['adjust', 'size']",font-size-adjust:
37,C281,Vladimir Tomovic,Test Cases > Reports > Advisor Analysis,CANDIDATE GAP,step3.content,CANDIDATE GAP,STRONG,feature setting font,font,,"no case of ours contains 'font' together with ['feature', 'setting']",font-feature-settings:
37,C281,Vladimir Tomovic,Test Cases > Reports > Advisor Analysis,CANDIDATE GAP,step3.content,CANDIDATE GAP,STRONG,setting variation font,font,,"no case of ours contains 'font' together with ['setting', 'variation']",font-variation-settings:
37,C281,Vladimir Tomovic,Test Cases > Reports > Advisor Analysis,CANDIDATE GAP,step3.content,CANDIDATE GAP,STRONG,type style list,style,,"no case of ours contains 'style' together with ['type', 'list']",list-style-type:
37,C281,Vladimir Tomovic,Test Cases > Reports > Advisor Analysis,CANDIDATE GAP,step3.content,CANDIDATE GAP,PHRASING,disc margin quarter,disc,,"no case of ours contains 'disc' together with ['margin', 'quarter']","disc"">Last Quarter</li><li style=""margin:"
37,C281,Vladimir Tomovic,Test Cases > Reports > Advisor Analysis,CANDIDATE GAP,step3.content,CANDIDATE GAP,STRONG,optical sizing font,font,,"no case of ours contains 'font' together with ['optical', 'sizing']",font-optical-sizing:
37,C281,Vladimir Tomovic,Test Cases > Reports > Advisor Analysis,CANDIDATE GAP,step3.content,CANDIDATE GAP,STRONG,adjust size font,font,,"no case of ours contains 'font' together with ['adjust', 'size']",font-size-adjust:
37,C281,Vladimir Tomovic,Test Cases > Reports > Advisor Analysis,CANDIDATE GAP,step3.content,CANDIDATE GAP,STRONG,feature setting font,font,,"no case of ours contains 'font' together with ['feature', 'setting']",font-feature-settings:
37,C281,Vladimir Tomovic,Test Cases > Reports > Advisor Analysis,CANDIDATE GAP,step3.content,CANDIDATE GAP,STRONG,setting variation font,font,,"no case of ours contains 'font' together with ['setting', 'variation']",font-variation-settings:
37,C281,Vladimir Tomovic,Test Cases > Reports > Advisor Analysis,CANDIDATE GAP,step3.content,CANDIDATE GAP,STRONG,type style list,style,,"no case of ours contains 'style' together with ['type', 'list']",list-style-type:
37,C281,Vladimir Tomovic,Test Cases > Reports > Advisor Analysis,CANDIDATE GAP,step3.expected,CANDIDATE GAP,STRONG,advisor total correct,advisor,C19248,"no case of ours contains 'advisor' together with ['total', 'correct']",<ul><li>Totals are correct for selected Advisor</li></ul>
37,C27259,Vladimir Tomovic,Test Cases > Reports > Advisor Analysis,CANDIDATE GAP,custom_preconds,CANDIDATE GAP,PHRASING,assigned dated invoiced,assigned,,"no case of ours contains 'assigned' together with ['dated', 'invoiced']","<p>Owner/admin logged in (reports project storage state)<br />An invoiced WO with a Service Advisor assigned exists in the active workplace, dated within this_month (seeded via API)</p>"
37,C27259,Vladimir Tomovic,Test Cases > Reports > Advisor Analysis,CANDIDATE GAP,step1.content,CANDIDATE GAP,STRONG,analysi advisor contain,advisor,,"no case of ours contains 'advisor' together with ['analysi', 'contain']",<p>Open the Service Advisor Analysis report (default this_month range contains the seeded WO)</p>
37,C27259,Vladimir Tomovic,Test Cases > Reports > Advisor Analysis,CANDIDATE GAP,step2.content,CANDIDATE GAP,STRONG,finish table loading,loading,,"no case of ours contains 'loading' together with ['finish', 'table']",<p>Wait for the table to finish loading</p>
37,C27259,Vladimir Tomovic,Test Cases > Reports > Advisor Analysis,CANDIDATE GAP,step3.content,CANDIDATE GAP,PHRASING,cell invoice number,cell,,"no case of ours contains 'cell' together with ['invoice', 'number']",<p>Click the seeded row's invoice cell (service_advisor_cell_invoice_number_&lt;woId&gt;)</p>
37,C193,Vladimir Tomovic,Test Cases > Reports > Sales,CANDIDATE GAP,custom_preconds,CANDIDATE GAP,PHRASING,app base navigated,app,,"no case of ours contains 'app' together with ['base', 'navigated']",<li>App is navigated to page {{BASE_URL}}/reports/sales</li>
37,C193,Vladimir Tomovic,Test Cases > Reports > Sales,CANDIDATE GAP,custom_steps,CANDIDATE GAP,STRONG,table column visible,column,,"no case of ours contains 'column' together with ['table', 'visible']",<li>Verify all visible columns i table</li>
37,C193,Vladimir Tomovic,Test Cases > Reports > Sales,CANDIDATE GAP,custom_expected,CANDIDATE GAP,STRONG,invoiced total hour,total,,"no case of ours contains 'total' together with ['invoiced', 'hour']",<li>Total Invoiced Hours</li>
37,C193,Vladimir Tomovic,Test Cases > Reports > Sales,CANDIDATE GAP,custom_expected,CANDIDATE GAP,STRONG,invoiced labour total,total,,"no case of ours contains 'total' together with ['invoiced', 'labour']",<li>Total Labour Invoiced</li>
37,C193,Vladimir Tomovic,Test Cases > Reports > Sales,CANDIDATE GAP,custom_expected,CANDIDATE GAP,STRONG,invoiced part total,part,,"no case of ours contains 'part' together with ['invoiced', 'total']",<li>Total Parts Invoiced</li>
37,C194,Vladimir Tomovic,Test Cases > Reports > Sales,CANDIDATE GAP,custom_preconds,CANDIDATE GAP,PHRASING,app base navigated,app,,"no case of ours contains 'app' together with ['base', 'navigated']",<li>App is navigated to page {{BASE_URL}}/reports/sales</li>
37,C194,Vladimir Tomovic,Test Cases > Reports > Sales,CANDIDATE GAP,custom_steps,CANDIDATE GAP,STRONG,interval field dropdown,field,,"no case of ours contains 'field' together with ['interval', 'dropdown']",<li>Verify all the time intervals in the dropdown field</li>
37,C194,Vladimir Tomovic,Test Cases > Reports > Sales,CANDIDATE GAP,step1.content,CANDIDATE GAP,STRONG,interval field dropdown,field,,"no case of ours contains 'field' together with ['interval', 'dropdown']",<li>Verify all the time intervals in the dropdown field</li>
37,C194,Vladimir Tomovic,Test Cases > Reports > Sales,CANDIDATE GAP,step2.expected,CANDIDATE GAP,STRONG,dialog manually end,end,,"no case of ours contains 'end' together with ['dialog', 'manually']",<li>Dialog opens with start and end date that should be set manually</li>
37,C194,Vladimir Tomovic,Test Cases > Reports > Sales,CANDIDATE GAP,step3.content,COVERED-BY,STRONG,end set date,,C19252 C19253 C19268,"all of ['end', 'set', 'date'] co-occur in a case of ours",<li>Set start and end date</li>
37,C194,Vladimir Tomovic,Test Cases > Reports > Sales,CANDIDATE GAP,step3.expected,CANDIDATE GAP,STRONG,filled rage dat,dat,,"no case of ours contains 'dat' together with ['filled', 'rage']",<li>All shown results are in the rage of dates that were filled in.</li>
37,C1941,Vladimir Tomovic,Test Cases > Reports > Sales,CANDIDATE GAP,custom_preconds,CANDIDATE GAP,PHRASING,app base navigated,app,,"no case of ours contains 'app' together with ['base', 'navigated']",<li>App is navigated to page {{BASE_URL}}/reports/sales</li>
37,C1941,Vladimir Tomovic,Test Cases > Reports > Sales,CANDIDATE GAP,custom_steps,CANDIDATE GAP,STRONG,interval field dropdown,field,,"no case of ours contains 'field' together with ['interval', 'dropdown']",<li>Verify all the time intervals in the dropdown field</li>
37,C1941,Vladimir Tomovic,Test Cases > Reports > Sales,CANDIDATE GAP,step1.content,CANDIDATE GAP,STRONG,interval field dropdown,field,,"no case of ours contains 'field' together with ['interval', 'dropdown']",<li>Verify all the time intervals in the dropdown field</li>
37,C1941,Vladimir Tomovic,Test Cases > Reports > Sales,CANDIDATE GAP,step2.expected,CANDIDATE GAP,STRONG,described frame result,result,,"no case of ours contains 'result' together with ['described', 'frame']",<li>All results are in described time frame</li>
37,C195,Vladimir Tomovic,Test Cases > Reports > Sales,CANDIDATE GAP,custom_preconds,CANDIDATE GAP,PHRASING,app base navigated,app,,"no case of ours contains 'app' together with ['base', 'navigated']",<li>App is navigated to page {{BASE_URL}}/reports/sales-follow-up</li>
37,C195,Vladimir Tomovic,Test Cases > Reports > Sales,CANDIDATE GAP,custom_steps,CANDIDATE GAP,STRONG,table column visible,column,,"no case of ours contains 'column' together with ['table', 'visible']",<li>Verify all visible columns i table</li>
37,C195,Vladimir Tomovic,Test Cases > Reports > Sales,CANDIDATE GAP,custom_expected,CANDIDATE GAP,STRONG,number work order,work,,"no case of ours contains 'work' together with ['number', 'order']",<li>Number of Work Orders</li>
37,C196,Vladimir Tomovic,Test Cases > Reports > Sales,CANDIDATE GAP,custom_preconds,CANDIDATE GAP,PHRASING,app base navigated,app,,"no case of ours contains 'app' together with ['base', 'navigated']",<li>App is navigated to page {{BASE_URL}}/reports/sales-follow-up</li>
37,C196,Vladimir Tomovic,Test Cases > Reports > Sales,CANDIDATE GAP,custom_steps,CANDIDATE GAP,STRONG,visit valu field,valu,,"no case of ours contains 'valu' together with ['visit', 'field']","<li>Verify all the values in the ""Visits"" dropdown field</li>"
37,C196,Vladimir Tomovic,Test Cases > Reports > Sales,CANDIDATE GAP,custom_expected,CANDIDATE GAP,STRONG,visit last month,last,,"no case of ours contains 'last' together with ['visit', 'month']",<li>Visits in last 3 months</li>
37,C196,Vladimir Tomovic,Test Cases > Reports > Sales,CANDIDATE GAP,custom_expected,CANDIDATE GAP,STRONG,visit last month,last,,"no case of ours contains 'last' together with ['visit', 'month']",<li>Visits in last 6 months</li>
37,C196,Vladimir Tomovic,Test Cases > Reports > Sales,CANDIDATE GAP,custom_expected,CANDIDATE GAP,STRONG,visit last month,last,,"no case of ours contains 'last' together with ['visit', 'month']",<li>Visits in last 12 months</li>
37,C197,Vladimir Tomovic,Test Cases > Reports > Sales,COVERED-BY,custom_preconds,CANDIDATE GAP,PHRASING,app base navigated,app,,"no case of ours contains 'app' together with ['base', 'navigated']",<li>App is navigated to page {{BASE_URL}}/reports/sales-follow-up</li>
37,C197,Vladimir Tomovic,Test Cases > Reports > Sales,COVERED-BY,custom_expected,CANDIDATE GAP,PHRASING,contact down drop,contact,,"no case of ours contains 'contact' together with ['down', 'drop']",<li>List of contacts drops down</li>
37,C282,Vladimir Tomovic,Test Cases > Reports > Sales,CANDIDATE GAP,custom_preconds,CANDIDATE GAP,PHRASING,app base navigated,app,,"no case of ours contains 'app' together with ['base', 'navigated']",<li>App is navigated to page {{BASE_URL}}/reports/sales</li>
37,C282,Vladimir Tomovic,Test Cases > Reports > Sales,CANDIDATE GAP,custom_steps,CANDIDATE GAP,PHRASING,summary table whole,summary,,"no case of ours contains 'summary' together with ['table', 'whole']",<li>Verify Totals summary for whole table</li>
37,C282,Vladimir Tomovic,Test Cases > Reports > Sales,CANDIDATE GAP,custom_expected,CANDIDATE GAP,STRONG,except valu total,valu,,"no case of ours contains 'valu' together with ['except', 'total']",<li><p>There are total values for all columns except for:
37,C282,Vladimir Tomovic,Test Cases > Reports > Sales,CANDIDATE GAP,custom_expected,CANDIDATE GAP,PHRASING,customer invoice number,customer,,"no case of ours contains 'customer' together with ['invoice', 'number']","<br />Date, Invoice NUmber, Customer, Service Advisor</p></li>"
37,C282,Vladimir Tomovic,Test Cases > Reports > Sales,CANDIDATE GAP,step1.content,CANDIDATE GAP,PHRASING,entire summary table,entire,,"no case of ours contains 'entire' together with ['summary', 'table']",<li>Verify Totals summary for entire table (on the bottom of the table)</li>
37,C282,Vladimir Tomovic,Test Cases > Reports > Sales,CANDIDATE GAP,step1.expected,CANDIDATE GAP,STRONG,except valu total,valu,,"no case of ours contains 'valu' together with ['except', 'total']",<li><p>There are total values for all columns except for:
37,C282,Vladimir Tomovic,Test Cases > Reports > Sales,CANDIDATE GAP,step1.expected,CANDIDATE GAP,STRONG,invoice number date,date,,"no case of ours contains 'date' together with ['invoice', 'number']",<br />Invoice Date<br />Invoice Number</p></li>
37,C282,Vladimir Tomovic,Test Cases > Reports > Sales,CANDIDATE GAP,step2.content,CANDIDATE GAP,STRONG,change total correct,change,C19248,"no case of ours contains 'change' together with ['total', 'correct']",<li>Change date range and verify id totals are correct for selected range</li>
37,C282,Vladimir Tomovic,Test Cases > Reports > Sales,CANDIDATE GAP,step2.expected,CANDIDATE GAP,STRONG,total correct selected,total,C19274,"no case of ours contains 'total' together with ['correct', 'selected']",<li>Totals are correct for selected date range</li>
37,C2356,Vladimir Tomovic,Test Cases > Reports > IBS Management,CANDIDATE GAP,step1.content,CANDIDATE GAP,PHRASING,base batch transaction,base,,"no case of ours contains 'base' together with ['batch', 'transaction']",<li>Navigate to {{BASE_URL}}/reports/batch-transactions page</li>
37,C2356,Vladimir Tomovic,Test Cases > Reports > IBS Management,CANDIDATE GAP,step1.expected,CANDIDATE GAP,PHRASING,following nam tabs,following,,"no case of ours contains 'following' together with ['nam', 'tabs']",<li><p>Tabs are displayed with the following names:</p>
37,C2356,Vladimir Tomovic,Test Cases > Reports > IBS Management,CANDIDATE GAP,step1.expected,CANDIDATE GAP,STRONG,ready send active,active,,"no case of ours contains 'active' together with ['ready', 'send']",<li>Ready To Send (default/active)</li>
37,C2356,Vladimir Tomovic,Test Cases > Reports > IBS Management,CANDIDATE GAP,step2.content,CANDIDATE GAP,PHRASING,sent strong switch,sent,,"no case of ours contains 'sent' together with ['strong', 'switch']",<li>Switch to <strong>Sent</strong> tab</li>
37,C2356,Vladimir Tomovic,Test Cases > Reports > IBS Management,CANDIDATE GAP,step2.expected,CANDIDATE GAP,PHRASING,becom sent strong,becom,,"no case of ours contains 'becom' together with ['sent', 'strong']",<li><strong>Sent</strong> becomes the active tab.
37,C2356,Vladimir Tomovic,Test Cases > Reports > IBS Management,CANDIDATE GAP,step2.expected,CANDIDATE GAP,STRONG,content table available,available,,"no case of ours contains 'available' together with ['content', 'table']",Its content loads (table headers + data if available) </li>
37,C2356,Vladimir Tomovic,Test Cases > Reports > IBS Management,CANDIDATE GAP,step2.expected,CANDIDATE GAP,STRONG,tabs remain visible,remain,,"no case of ours contains 'remain' together with ['tabs', 'visible']",<li>Other tabs remain visible</li>
37,C2356,Vladimir Tomovic,Test Cases > Reports > IBS Management,CANDIDATE GAP,step3.content,CANDIDATE GAP,PHRASING,payment strong switch,payment,,"no case of ours contains 'payment' together with ['strong', 'switch']",<li>Switch to <strong>Payments</strong> tab</li>
37,C2356,Vladimir Tomovic,Test Cases > Reports > IBS Management,CANDIDATE GAP,step3.expected,CANDIDATE GAP,PHRASING,becom payment strong,becom,,"no case of ours contains 'becom' together with ['payment', 'strong']",<li><strong>Payments</strong> becomes the active tab.
37,C2356,Vladimir Tomovic,Test Cases > Reports > IBS Management,CANDIDATE GAP,step3.expected,CANDIDATE GAP,STRONG,content table available,available,,"no case of ours contains 'available' together with ['content', 'table']",Its content loads (table headers + data if available)</li>
37,C2356,Vladimir Tomovic,Test Cases > Reports > IBS Management,CANDIDATE GAP,step3.expected,CANDIDATE GAP,STRONG,tabs remain visible,remain,,"no case of ours contains 'remain' together with ['tabs', 'visible']",<li>Other tabs remain visible</li>
37,C2356,Vladimir Tomovic,Test Cases > Reports > IBS Management,CANDIDATE GAP,step4.content,CANDIDATE GAP,PHRASING,ready send strong,ready,,"no case of ours contains 'ready' together with ['send', 'strong']",<li>Return to <strong>Ready To Send</strong></li>
37,C2356,Vladimir Tomovic,Test Cases > Reports > IBS Management,CANDIDATE GAP,step4.expected,CANDIDATE GAP,PHRASING,becom ready send,becom,,"no case of ours contains 'becom' together with ['ready', 'send']",<li><strong>Ready To Send</strong> becomes the active tab.
37,C2356,Vladimir Tomovic,Test Cases > Reports > IBS Management,CANDIDATE GAP,step4.expected,CANDIDATE GAP,STRONG,content table available,available,,"no case of ours contains 'available' together with ['content', 'table']",Its content loads (table headers + data if available)</li>
37,C2356,Vladimir Tomovic,Test Cases > Reports > IBS Management,CANDIDATE GAP,step4.expected,CANDIDATE GAP,STRONG,tabs remain visible,remain,,"no case of ours contains 'remain' together with ['tabs', 'visible']",<li>Other tabs remain visible</li>
37,C198,Vladimir Tomovic,Test Cases > Reports > IBS Management > Batch transactions - Ready to Send,CANDIDATE GAP,custom_preconds,CANDIDATE GAP,PHRASING,app base batch,app,,"no case of ours contains 'app' together with ['base', 'batch']",<li>App is navigated to page {{BASE_URL}}/reports/batch-transactions</li>
37,C198,Vladimir Tomovic,Test Cases > Reports > IBS Management > Batch transactions - Ready to Send,CANDIDATE GAP,custom_steps,CANDIDATE GAP,STRONG,table column visible,column,,"no case of ours contains 'column' together with ['table', 'visible']",<li>Verify all visible columns in table</li>
37,C198,Vladimir Tomovic,Test Cases > Reports > IBS Management > Batch transactions - Ready to Send,CANDIDATE GAP,custom_expected,CANDIDATE GAP,STRONG,checkbox dot menu,dot,,"no case of ours contains 'dot' together with ['checkbox', 'menu']",<li>Checkboxes (with 3-dot menu)</li>
37,C199,Vladimir Tomovic,Test Cases > Reports > IBS Management > Batch transactions - Ready to Send,CANDIDATE GAP,custom_preconds,CANDIDATE GAP,PHRASING,app base batch,app,,"no case of ours contains 'app' together with ['base', 'batch']",<li>App is navigated to page {{BASE_URL}}/reports/batch-transactions</li>
37,C199,Vladimir Tomovic,Test Cases > Reports > IBS Management > Batch transactions - Ready to Send,CANDIDATE GAP,step1.content,CANDIDATE GAP,PHRASING,checkbox corner left,checkbox,,"no case of ours contains 'checkbox' together with ['corner', 'left']",<li>Select first checkbox in top left corner</li>
37,C199,Vladimir Tomovic,Test Cases > Reports > IBS Management > Batch transactions - Ready to Send,CANDIDATE GAP,step1.expected,CANDIDATE GAP,PHRASING,below box checked,below,,"no case of ours contains 'below' together with ['box', 'checked']",<li>All the boxes below are checked</li>
37,C199,Vladimir Tomovic,Test Cases > Reports > IBS Management > Batch transactions - Ready to Send,CANDIDATE GAP,step2.expected,CANDIDATE GAP,STRONG,.csv downloaded file,file,,"no case of ours contains 'file' together with ['.csv', 'downloaded']",<li>.csv file is downloaded</li>
37,C199,Vladimir Tomovic,Test Cases > Reports > IBS Management > Batch transactions - Ready to Send,CANDIDATE GAP,step2.expected,CANDIDATE GAP,STRONG,longer exported rows,exported,,"no case of ours contains 'exported' together with ['longer', 'rows']",<li>The rows from the list are exported and are no longer on the list</li>
37,C200,Vladimir Tomovic,Test Cases > Reports > IBS Management > Batch transactions - Sent,CANDIDATE GAP,custom_preconds,CANDIDATE GAP,PHRASING,app base batch,app,,"no case of ours contains 'app' together with ['base', 'batch']",<li>App is navigated to page {{BASE_URL}}/reports/batch-transactions</li>
37,C200,Vladimir Tomovic,Test Cases > Reports > IBS Management > Batch transactions - Sent,CANDIDATE GAP,custom_steps,CANDIDATE GAP,STRONG,sent strong tab,tab,,"no case of ours contains 'tab' together with ['sent', 'strong']",<li>Click on <strong>Sent</strong> tab</li>
37,C200,Vladimir Tomovic,Test Cases > Reports > IBS Management > Batch transactions - Sent,CANDIDATE GAP,custom_steps,CANDIDATE GAP,STRONG,table column visible,column,,"no case of ours contains 'column' together with ['table', 'visible']",<li>Verify all visible columns in table</li>
37,C200,Vladimir Tomovic,Test Cases > Reports > IBS Management > Batch transactions - Sent,CANDIDATE GAP,custom_expected,CANDIDATE GAP,STRONG,checkbox dot menu,dot,,"no case of ours contains 'dot' together with ['checkbox', 'menu']",<li>Checkboxes (with 3-dot menu)</li>
37,C201,Vladimir Tomovic,Test Cases > Reports > IBS Management > Batch transactions - Sent,CANDIDATE GAP,custom_preconds,CANDIDATE GAP,PHRASING,app base batch,app,,"no case of ours contains 'app' together with ['base', 'batch']",<li>App is navigated to page {{BASE_URL}}/batch-transactions</li>
37,C201,Vladimir Tomovic,Test Cases > Reports > IBS Management > Batch transactions - Sent,CANDIDATE GAP,custom_preconds,CANDIDATE GAP,PHRASING,corner left sent,corner,,"no case of ours contains 'corner' together with ['left', 'sent']",<li>Sent option in the top left corner is selected</li>
37,C201,Vladimir Tomovic,Test Cases > Reports > IBS Management > Batch transactions - Sent,CANDIDATE GAP,step1.content,CANDIDATE GAP,PHRASING,checkbox corner expand,checkbox,,"no case of ours contains 'checkbox' together with ['corner', 'expand']",<li>Select first checkbox in top left corner and expand it</li>
37,C201,Vladimir Tomovic,Test Cases > Reports > IBS Management > Batch transactions - Sent,CANDIDATE GAP,step1.expected,CANDIDATE GAP,PHRASING,below box checked,below,,"no case of ours contains 'below' together with ['box', 'checked']",<li>All the boxes from the expanded rows below are checked</li>
37,C201,Vladimir Tomovic,Test Cases > Reports > IBS Management > Batch transactions - Sent,CANDIDATE GAP,step2.expected,CANDIDATE GAP,PHRASING,batch dialog payment,batch,,"no case of ours contains 'batch' together with ['dialog', 'payment']",<li>New Batch Payment dialog opens</li>
37,C201,Vladimir Tomovic,Test Cases > Reports > IBS Management > Batch transactions - Sent,CANDIDATE GAP,step3.content,CANDIDATE GAP,STRONG,method payment set,set,,"no case of ours contains 'set' together with ['method', 'payment']",<li>Set payment Method</li>
37,C201,Vladimir Tomovic,Test Cases > Reports > IBS Management > Batch transactions - Sent,CANDIDATE GAP,step3.content,CANDIDATE GAP,STRONG,number reference set,set,,"no case of ours contains 'set' together with ['number', 'reference']",<li>Set Reference number</li>
37,C201,Vladimir Tomovic,Test Cases > Reports > IBS Management > Batch transactions - Sent,CANDIDATE GAP,step3.expected,CANDIDATE GAP,STRONG,day trying message,message,,"no case of ours contains 'message' together with ['day', 'trying']",<li>When trying to select that day again there is message over it:
37,C201,Vladimir Tomovic,Test Cases > Reports > IBS Management > Batch transactions - Sent,CANDIDATE GAP,step3.expected,CANDIDATE GAP,PHRASING,batch changed paid,batch,,"no case of ours contains 'batch' together with ['changed', 'paid']",<li>Status of the batch changed to Paid</li>
37,C201,Vladimir Tomovic,Test Cases > Reports > IBS Management > Batch transactions - Sent,CANDIDATE GAP,step4.content,CANDIDATE GAP,PHRASING,batch payed transaction,batch,,"no case of ours contains 'batch' together with ['payed', 'transaction']",<li><p>Navigate to WO that is payed via Batch Transaction</p></li>
37,C201,Vladimir Tomovic,Test Cases > Reports > IBS Management > Batch transactions - Sent,CANDIDATE GAP,step4.expected,CANDIDATE GAP,PHRASING,batch ibs transaction,batch,,"no case of ours contains 'batch' together with ['ibs', 'transaction']",<li><p>IBS batch transaction is visible</p></li>
37,C201,Vladimir Tomovic,Test Cases > Reports > IBS Management > Batch transactions - Sent,CANDIDATE GAP,step4.expected,CANDIDATE GAP,PHRASING,hidden reverse transaction,hidden,,"no case of ours contains 'hidden' together with ['reverse', 'transaction']",<li><p>Reverse button is hidden for this transaction</p></li>
37,C202,Vladimir Tomovic,Test Cases > Reports > IBS Management > Batch transactions - Payments,CANDIDATE GAP,custom_preconds,CANDIDATE GAP,PHRASING,app base batch,app,,"no case of ours contains 'app' together with ['base', 'batch']",<li>App is navigated to page {{BASE_URL}}/batch-transactions</li>
37,C202,Vladimir Tomovic,Test Cases > Reports > IBS Management > Batch transactions - Payments,CANDIDATE GAP,custom_steps,CANDIDATE GAP,PHRASING,corner left payment,corner,,"no case of ours contains 'corner' together with ['left', 'payment']",<li>Click on Payments option from the menu in the top left corner</li>
37,C202,Vladimir Tomovic,Test Cases > Reports > IBS Management > Batch transactions - Payments,CANDIDATE GAP,custom_steps,CANDIDATE GAP,STRONG,table column visible,column,,"no case of ours contains 'column' together with ['table', 'visible']",<li>Verify all visible columns in table</li>
37,C202,Vladimir Tomovic,Test Cases > Reports > IBS Management > Batch transactions - Payments,CANDIDATE GAP,step1.content,CANDIDATE GAP,STRONG,payment strong tab,tab,,"no case of ours contains 'tab' together with ['payment', 'strong']",<li>Click on <strong>Payments</strong> tab</li>
37,C202,Vladimir Tomovic,Test Cases > Reports > IBS Management > Batch transactions - Payments,CANDIDATE GAP,step1.content,CANDIDATE GAP,STRONG,table column visible,column,,"no case of ours contains 'column' together with ['table', 'visible']",<li>Verify all visible columns in table</li>
37,C202,Vladimir Tomovic,Test Cases > Reports > IBS Management > Batch transactions - Payments,CANDIDATE GAP,step2.content,CANDIDATE GAP,STRONG,single list row,list,,"no case of ours contains 'list' together with ['single', 'row']",<li>Click on the single row from the list</li>
37,C202,Vladimir Tomovic,Test Cases > Reports > IBS Management > Batch transactions - Payments,CANDIDATE GAP,step2.expected,CANDIDATE GAP,STRONG,collapsed rows,rows,,no case of ours contains 'rows' together with ['collapsed'],<li>Rows are collapsed by default</li>
37,C202,Vladimir Tomovic,Test Cases > Reports > IBS Management > Batch transactions - Payments,CANDIDATE GAP,step2.expected,CANDIDATE GAP,PHRASING,every expand payment,every,,"no case of ours contains 'every' together with ['expand', 'payment']","<li>After click, row expands and every single payment is visible</li>"
37,C203,Vladimir Tomovic,Test Cases > Reports > Export reports,CANDIDATE GAP,custom_preconds,CANDIDATE GAP,PHRASING,app base navigated,app,,"no case of ours contains 'app' together with ['base', 'navigated']",<li>App is navigated to page {{BASE_URL}}/reports</li>
37,C203,Vladimir Tomovic,Test Cases > Reports > Export reports,CANDIDATE GAP,custom_steps,CANDIDATE GAP,STRONG,link section export,export,,"no case of ours contains 'export' together with ['link', 'section']",<li>Click on Reports link in EXPORT section (menu on the right side)</li>
37,C203,Vladimir Tomovic,Test Cases > Reports > Export reports,CANDIDATE GAP,step1.content,CANDIDATE GAP,STRONG,link section export,export,,"no case of ours contains 'export' together with ['link', 'section']",<li>Click on Reports link in EXPORT section (menu on the right side)</li>
37,C204,Vladimir Tomovic,Test Cases > Reports > Export reports,CONTRADICTS-OURS,custom_preconds,CANDIDATE GAP,PHRASING,app base navigated,app,,"no case of ours contains 'app' together with ['base', 'navigated']",App is navigated to page {{BASE_URL}}/reports
37,C204,Vladimir Tomovic,Test Cases > Reports > Export reports,CONTRADICTS-OURS,custom_steps,CANDIDATE GAP,STRONG,link section export,export,,"no case of ours contains 'export' together with ['link', 'section']",Click on Reports link in EXPORT section (menu on the right side)
37,C204,Vladimir Tomovic,Test Cases > Reports > Export reports,CONTRADICTS-OURS,step1.content,CANDIDATE GAP,STRONG,link section export,export,,"no case of ours contains 'export' together with ['link', 'section']",Click on Reports link in EXPORT section (menu on the right side)
37,C204,Vladimir Tomovic,Test Cases > Reports > Export reports,CONTRADICTS-OURS,step2.content,CONTRADICTS-OURS,STRONG,name empty set,name,C19268 C19270,"our case(s) share this topic AND carry a closed-list/negation marker, while never mentioning 'name' - read both before ruling",Report Name is set to be empty
37,C204,Vladimir Tomovic,Test Cases > Reports > Export reports,CONTRADICTS-OURS,step2.expected,CANDIDATE GAP,STRONG,required name field,required,C19274,"no case of ours contains 'required' together with ['name', 'field']",Report Name is a required field
37,C205,Vladimir Tomovic,Test Cases > Reports > Export reports,CONTRADICTS-OURS,custom_preconds,CANDIDATE GAP,PHRASING,app base navigated,app,,"no case of ours contains 'app' together with ['base', 'navigated']",App is navigated to page {{BASE_URL}}/reports
37,C205,Vladimir Tomovic,Test Cases > Reports > Export reports,CONTRADICTS-OURS,custom_steps,CANDIDATE GAP,STRONG,link section export,export,,"no case of ours contains 'export' together with ['link', 'section']",Click on Reports link in EXPORT section (menu on the right side)
37,C205,Vladimir Tomovic,Test Cases > Reports > Export reports,CONTRADICTS-OURS,step1.content,CANDIDATE GAP,STRONG,link section export,export,,"no case of ours contains 'export' together with ['link', 'section']",Click on Reports link in EXPORT section (menu on the right side)
37,C205,Vladimir Tomovic,Test Cases > Reports > Export reports,CONTRADICTS-OURS,step2.content,CONTRADICTS-OURS,STRONG,empty range set,empty,C19251 C19253,"our case(s) share this topic AND carry a closed-list/negation marker, while never mentioning 'empty' - read both before ruling",Set Date Range to be empty
37,C205,Vladimir Tomovic,Test Cases > Reports > Export reports,CONTRADICTS-OURS,step2.expected,CONTRADICTS-OURS,STRONG,required field range,range,C19269,"our case(s) share this topic AND carry a closed-list/negation marker, while never mentioning 'range' - read both before ruling",Date Range is a required field
37,C206,Vladimir Tomovic,Test Cases > Reports > Export reports,CANDIDATE GAP,custom_preconds,CANDIDATE GAP,PHRASING,app base navigated,app,,"no case of ours contains 'app' together with ['base', 'navigated']",<li>App is navigated to page {{BASE_URL}}/reports</li>
37,C206,Vladimir Tomovic,Test Cases > Reports > Export reports,CANDIDATE GAP,custom_steps,CANDIDATE GAP,STRONG,link section export,export,,"no case of ours contains 'export' together with ['link', 'section']",<li>Click on Reports link in EXPORT section (menu on the right side)</li>
37,C206,Vladimir Tomovic,Test Cases > Reports > Export reports,CANDIDATE GAP,step1.content,CANDIDATE GAP,STRONG,link section export,export,,"no case of ours contains 'export' together with ['link', 'section']",<li>Click on Reports link in EXPORT section (menu on the right side)</li>
37,C206,Vladimir Tomovic,Test Cases > Reports > Export reports,CANDIDATE GAP,step2.content,CANDIDATE GAP,STRONG,doesn record range,record,,"no case of ours contains 'record' together with ['doesn', 'range']",<li>Select Date Range for the date that doesn't have records</li>
37,C206,Vladimir Tomovic,Test Cases > Reports > Export reports,CANDIDATE GAP,step2.expected,CANDIDATE GAP,STRONG,didnt yield export,export,,"no case of ours contains 'export' together with ['didnt', 'yield']",'Export didnt yield any results'</li>
37,C1329,Vladimir Tomovic,Test Cases > Reports > Export reports,CANDIDATE GAP,custom_preconds,CANDIDATE GAP,PHRASING,base navigated punch,base,,"no case of ours contains 'base' together with ['navigated', 'punch']",<li>User is navigated to the {{BASE_URL}}/reports/punch-clock-activities</li>
37,C1329,Vladimir Tomovic,Test Cases > Reports > Export reports,CANDIDATE GAP,step1.content,CANDIDATE GAP,STRONG,left side tab,side,,"no case of ours contains 'side' together with ['left', 'tab']",<li>Click on 'Reports' tab on the left side of the screen</li>
37,C1329,Vladimir Tomovic,Test Cases > Reports > Export reports,CANDIDATE GAP,step2.content,CANDIDATE GAP,STRONG,payroll name dropdown,name,,"no case of ours contains 'name' together with ['payroll', 'dropdown']",<li>From the 'Report Name' dropdown select 'Payroll Timesheet'</li>
37,C1329,Vladimir Tomovic,Test Cases > Reports > Export reports,CANDIDATE GAP,step2.content,CANDIDATE GAP,PHRASING,1st 28th pick,1st,,"no case of ours contains '1st' together with ['28th', 'pick']","<li>From the 'Date Range' dropdown select 'Custom' and pick 'Start' and 'End' date (e.g., September 1st to 28th )</li>"
37,C1329,Vladimir Tomovic,Test Cases > Reports > Export reports,CANDIDATE GAP,step2.expected,CANDIDATE GAP,STRONG,payroll option selected,option,,"no case of ours contains 'option' together with ['payroll', 'selected']",<li>'Payroll Timesheet' option is selected</li>
37,C1329,Vladimir Tomovic,Test Cases > Reports > Export reports,CANDIDATE GAP,step2.expected,CANDIDATE GAP,STRONG,specified dat option,dat,,"no case of ours contains 'dat' together with ['specified', 'option']",<li>'Custom' option is selected with specified 'Start' and 'End' dates</li>
37,C1329,Vladimir Tomovic,Test Cases > Reports > Export reports,CANDIDATE GAP,step2.expected,CANDIDATE GAP,STRONG,csv downloaded file,file,,"no case of ours contains 'file' together with ['csv', 'downloaded']",<li>CSV file is downloaded</li>
37,C1329,Vladimir Tomovic,Test Cases > Reports > Export reports,CANDIDATE GAP,step3.content,CANDIDATE GAP,STRONG,csv file data,file,,"no case of ours contains 'file' together with ['csv', 'data']",<li>Open CSV file and verify its data</li>
37,C1329,Vladimir Tomovic,Test Cases > Reports > Export reports,CANDIDATE GAP,step3.expected,CANDIDATE GAP,STRONG,following column visible,column,,"no case of ours contains 'column' together with ['following', 'visible']",<li><p>Following columns are visible:</p>
37,C1329,Vladimir Tomovic,Test Cases > Reports > Export reports,CANDIDATE GAP,step3.expected,CANDIDATE GAP,STRONG,grouped name employee,name,,"no case of ours contains 'name' together with ['grouped', 'employee']",<li>Employee Name (data is grouped by Employee Name)</li>
37,C1329,Vladimir Tomovic,Test Cases > Reports > Export reports,CANDIDATE GAP,step3.expected,CANDIDATE GAP,PHRASING,format newest oldest,format,,"no case of ours contains 'format' together with ['newest', 'oldest']",<li>Date (dates are sorted from the oldest to the newest per employee with <strong>yyyy-mm-dd</strong> format)</li>
37,C1329,Vladimir Tomovic,Test Cases > Reports > Export reports,CANDIDATE GAP,step3.expected,CANDIDATE GAP,STRONG,$employeename strong employee,employee,,"no case of ours contains 'employee' together with ['$employeename', 'strong']",<li><strong>Total for $employeeName</strong> row is present for each employee</li>
37,C1329,Vladimir Tomovic,Test Cases > Reports > Export reports,CANDIDATE GAP,step3.expected,COVERED-BY,STRONG,internal name employee,,C19248,"all of ['internal', 'name', 'employee'] co-occur in a case of ours",<tr><th>Employee Name</th><th>Date</th><th>Total Hours</th><th>WO Hours</th><th>Internal Hours</th></tr>
37,C1329,Vladimir Tomovic,Test Cases > Reports > Export reports,CANDIDATE GAP,step3.expected,CANDIDATE GAP,PHRASING,$employeename class table,$employeename,,"no case of ours contains '$employeename' together with ['class', 'table']","<tr><td class=""table-data"">$employeeName</td class=""table-data""><td class=""table-data""></td class=""table-data""><td class=""table-data""></td class=""table-data""><td class=""table-data""></td class=""table-data""><td class=""table-data""></td class=""table-data""></tr>"
37,C1329,Vladimir Tomovic,Test Cases > Reports > Export reports,CANDIDATE GAP,step3.expected,CANDIDATE GAP,PHRASING,2024 class table,2024,,"no case of ours contains '2024' together with ['class', 'table']","<tr><td class=""table-data""></td class=""table-data""><td class=""table-data"">2024-09-01</td class=""table-data""><td class=""table-data"">1</td class=""table-data""><td class=""table-data"">1</td class=""table-data""><td class=""table-data"">0</td class=""table-data""></tr>"
37,C1329,Vladimir Tomovic,Test Cases > Reports > Export reports,CANDIDATE GAP,step3.expected,CANDIDATE GAP,PHRASING,2024 class table,2024,,"no case of ours contains '2024' together with ['class', 'table']","<tr><td class=""table-data""></td class=""table-data""><td class=""table-data"">2024-09-15</td class=""table-data""><td class=""table-data"">2</td class=""table-data""><td class=""table-data"">0</td class=""table-data""><td class=""table-data"">2</td class=""table-data""></tr>"
37,C1329,Vladimir Tomovic,Test Cases > Reports > Export reports,CANDIDATE GAP,step3.expected,CANDIDATE GAP,PHRASING,2024 class table,2024,,"no case of ours contains '2024' together with ['class', 'table']","<tr><td class=""table-data""></td class=""table-data""><td class=""table-data"">2024-09-28</td class=""table-data""><td class=""table-data"">3</td class=""table-data""><td class=""table-data"">3</td class=""table-data""><td class=""table-data"">0</td class=""table-data""></tr>"
37,C1329,Vladimir Tomovic,Test Cases > Reports > Export reports,CANDIDATE GAP,step3.expected,CANDIDATE GAP,PHRASING,$employeename class table,$employeename,,"no case of ours contains '$employeename' together with ['class', 'table']","<tr><td class=""table-data"">Total for $employeeName</td class=""table-data""><td class=""table-data""></td class=""table-data""><td class=""table-data"">6</td class=""table-data""><td class=""table-data"">4</td class=""table-data""><td class=""table-data"">2</td class=""table-data""></tr>"
37,C1329,Vladimir Tomovic,Test Cases > Reports > Export reports,CANDIDATE GAP,step4.content,CANDIDATE GAP,STRONG,csv file option,file,,"no case of ours contains 'file' together with ['csv', 'option']",<li>Download CSV file for each 'Date Range' dropdown option and verify its data</li>
37,C1329,Vladimir Tomovic,Test Cases > Reports > Export reports,CANDIDATE GAP,step4.expected,CANDIDATE GAP,PHRASING,csv format grouping,csv,,"no case of ours contains 'csv' together with ['format', 'grouping']","<li>CSV file has same columns with same formats, grouping, and sorting</li>"
37,C1771,Vladimir Tomovic,Test Cases > Reports > Export reports,CANDIDATE GAP,step1.content,CANDIDATE GAP,STRONG,strong side menu,side,,"no case of ours contains 'side' together with ['strong', 'menu']",<li>Click on <strong>Reports</strong> on the side menu</li>
37,C1771,Vladimir Tomovic,Test Cases > Reports > Export reports,CANDIDATE GAP,step1.expected,CANDIDATE GAP,STRONG,strong export modal,export,,"no case of ours contains 'export' together with ['strong', 'modal']",<li><strong>Export Report</strong> modal opens</li>
37,C1771,Vladimir Tomovic,Test Cases > Reports > Export reports,CANDIDATE GAP,step2.content,CANDIDATE GAP,STRONG,journal strong name,name,,"no case of ours contains 'name' together with ['journal', 'strong']",<li>Under <strong>Report Name</strong> dropdown select <strong>Journal Entry</strong></li>
37,C1771,Vladimir Tomovic,Test Cases > Reports > Export reports,CANDIDATE GAP,step2.content,CANDIDATE GAP,STRONG,strong range date,range,,"no case of ours contains 'range' together with ['strong', 'date']",<li>Under <strong>Date Range</strong> select any range</li>
37,C1771,Vladimir Tomovic,Test Cases > Reports > Export reports,CANDIDATE GAP,step2.expected,CANDIDATE GAP,STRONG,journal selected entry,selected,,"no case of ours contains 'selected' together with ['journal', 'entry']",<li>Journal Entry is selected</li>
37,C1771,Vladimir Tomovic,Test Cases > Reports > Export reports,CANDIDATE GAP,step2.expected,COVERED-BY,STRONG,selected range date,,C19249 C19250 C19253,"all of ['selected', 'range', 'date'] co-occur in a case of ours",<li>Date range is selected</li>
37,C1771,Vladimir Tomovic,Test Cases > Reports > Export reports,CANDIDATE GAP,step3.expected,CANDIDATE GAP,STRONG,strong export close,export,,"no case of ours contains 'export' together with ['strong', 'close']",<li><strong>Export Report</strong> modal closes</li>
37,C1771,Vladimir Tomovic,Test Cases > Reports > Export reports,CANDIDATE GAP,step3.expected,CANDIDATE GAP,PHRASING,downloaded entry.csv journal,downloaded,,"no case of ours contains 'downloaded' together with ['entry.csv', 'journal']",<li>File is successfully downloaded as <strong>journal_entry.csv</strong></li>
37,C1771,Vladimir Tomovic,Test Cases > Reports > Export reports,CANDIDATE GAP,step3.expected,CANDIDATE GAP,STRONG,corner bottom message,bottom,,"no case of ours contains 'bottom' together with ['corner', 'message']",<li>Success message appears in the bottom right corner:
37,C1771,Vladimir Tomovic,Test Cases > Reports > Export reports,CANDIDATE GAP,step3.expected,CANDIDATE GAP,STRONG,strong exported successfully,exported,,"no case of ours contains 'exported' together with ['strong', 'successfully']",<strong>Data exported successfully.</strong></li>
37,C1772,Vladimir Tomovic,Test Cases > Reports > Export reports,CONTRADICTS-OURS,step1.content,CANDIDATE GAP,STRONG,journal strong option,option,,"no case of ours contains 'option' together with ['journal', 'strong']",<li>Verify <strong>Date Range</strong> dropdown options for <strong>Journal Entry</strong></li>
37,C1772,Vladimir Tomovic,Test Cases > Reports > Export reports,CONTRADICTS-OURS,step1.expected,CONTRADICTS-OURS,STRONG,option range date,option,C19251 C19253 C19273,"our case(s) share this topic AND carry a closed-list/negation marker, while never mentioning 'option' - read both before ruling",<p>Date Range options are:</p>
37,C1772,Vladimir Tomovic,Test Cases > Reports > Export reports,CONTRADICTS-OURS,step2.content,CANDIDATE GAP,STRONG,pick strong custom,custom,,"no case of ours contains 'custom' together with ['pick', 'strong']",<li>Select <strong>Custom</strong> range and pick any <strong>Start</strong> and <strong>End</strong> date</li>
37,C1772,Vladimir Tomovic,Test Cases > Reports > Export reports,CONTRADICTS-OURS,step2.content,CANDIDATE GAP,STRONG,journal strong export,export,,"no case of ours contains 'export' together with ['journal', 'strong']",<li>Download export file and verify <strong>Journal Date</strong> column values are within selected range</li>
37,C1772,Vladimir Tomovic,Test Cases > Reports > Export reports,CONTRADICTS-OURS,step2.expected,CANDIDATE GAP,STRONG,journal strong valu,valu,,"no case of ours contains 'valu' together with ['journal', 'strong']",<li><strong>Journal Date</strong> values are within selected range</li>
37,C1772,Vladimir Tomovic,Test Cases > Reports > Export reports,CONTRADICTS-OURS,step3.content,CANDIDATE GAP,STRONG,strong option dropdown,option,,"no case of ours contains 'option' together with ['strong', 'dropdown']",<li>Repeat <strong>Step 2</strong> for all other <strong>Date Range</strong> dropdown options</li>
37,C1772,Vladimir Tomovic,Test Cases > Reports > Export reports,CONTRADICTS-OURS,step3.expected,CANDIDATE GAP,STRONG,journal strong valu,valu,,"no case of ours contains 'valu' together with ['journal', 'strong']",<li><strong>Journal Date</strong> values are within selected range</li>
37,C1773,Vladimir Tomovic,Test Cases > Reports > Export reports,CANDIDATE GAP,custom_preconds,CANDIDATE GAP,PHRASING,downloaded journal strong,downloaded,,"no case of ours contains 'downloaded' together with ['journal', 'strong']",<li><strong>Journal Entry</strong> report is downloaded</li>
37,C1773,Vladimir Tomovic,Test Cases > Reports > Export reports,CANDIDATE GAP,step1.content,CANDIDATE GAP,PHRASING,journal strong structure,journal,,"no case of ours contains 'journal' together with ['strong', 'structure']",<li>Verify <strong>Journal Entry</strong> report column structure</li>
37,C1773,Vladimir Tomovic,Test Cases > Reports > Export reports,CANDIDATE GAP,step1.expected,CANDIDATE GAP,PHRASING,$sequencenumber journal strong,$sequencenumber,,"no case of ours contains '$sequencenumber' together with ['journal', 'strong']",<li>Journal No ( <strong>SV-$sequenceNumber</strong> )</li>
37,C1773,Vladimir Tomovic,Test Cases > Reports > Export reports,CANDIDATE GAP,step1.expected,CANDIDATE GAP,STRONG,happened journal action,action,,"no case of ours contains 'action' together with ['happened', 'journal']",<li>Journal Date (Date on which action happened
37,C1773,Vladimir Tomovic,Test Cases > Reports > Export reports,CANDIDATE GAP,step1.expected,CANDIDATE GAP,STRONG,invoiced reversed action,action,,"no case of ours contains 'action' together with ['invoiced', 'reversed']",actions are invoiced or reversed)</li>
37,C1773,Vladimir Tomovic,Test Cases > Reports > Export reports,CANDIDATE GAP,step1.expected,CANDIDATE GAP,PHRASING,depending inventory special,depending,,"no case of ours contains 'depending' together with ['inventory', 'special']",<li>Account (Inventory or Special depending on action)</li>
37,C1773,Vladimir Tomovic,Test Cases > Reports > Export reports,CANDIDATE GAP,step1.expected,CANDIDATE GAP,STRONG,amount journal total,total,,"no case of ours contains 'total' together with ['amount', 'journal']",<li>Amount (Total value of the journal entry)</li>
37,C1773,Vladimir Tomovic,Test Cases > Reports > Export reports,CANDIDATE GAP,step1.expected,CANDIDATE GAP,PHRASING,description strong todo,description,,"no case of ours contains 'description' together with ['strong', 'todo']",<li>Description ( <strong>TODO</strong> )</li>
37,C1773,Vladimir Tomovic,Test Cases > Reports > Export reports,CANDIDATE GAP,step1.expected,CANDIDATE GAP,STRONG,class shop location,location,,"no case of ours contains 'location' together with ['class', 'shop']",<li>Class (Shop location)</li>
37,C1773,Vladimir Tomovic,Test Cases > Reports > Export reports,CANDIDATE GAP,step1.expected,CANDIDATE GAP,STRONG,adjustment false alway,alway,,"no case of ours contains 'alway' together with ['adjustment', 'false']",<li>Is Adjustment (Always set to FALSE)</li>
37,C1773,Vladimir Tomovic,Test Cases > Reports > Export reports,CANDIDATE GAP,step1.expected,CANDIDATE GAP,PHRASING,decrease inventory invoicing,decrease,,"no case of ours contains 'decrease' together with ['inventory', 'invoicing']",<li>invoicing a WO with an inventory part on it (action-inventory decrease)</li>
37,C1773,Vladimir Tomovic,Test Cases > Reports > Export reports,CANDIDATE GAP,step1.expected,CANDIDATE GAP,PHRASING,increase inventory reversing,increase,,"no case of ours contains 'increase' together with ['inventory', 'reversing']",<li>reversing a WO with a inventory part on it (action-inventory increase)</li>
37,C1773,Vladimir Tomovic,Test Cases > Reports > Export reports,CANDIDATE GAP,step1.expected,CANDIDATE GAP,PHRASING,cost counting cycle,cost,,"no case of ours contains 'cost' together with ['counting', 'cycle']",<li>cycle counting down the qty or cost (action-inventory decrease)</li>
37,C1773,Vladimir Tomovic,Test Cases > Reports > Export reports,CANDIDATE GAP,step1.expected,CANDIDATE GAP,PHRASING,cost counting cycle,cost,,"no case of ours contains 'cost' together with ['counting', 'cycle']",<li>cycle counting up the qty or cost (action-inventory increase)</li>
37,C1773,Vladimir Tomovic,Test Cases > Reports > Export reports,CANDIDATE GAP,step1.expected,CANDIDATE GAP,PHRASING,decrease inventory transferring,decrease,,"no case of ours contains 'decrease' together with ['inventory', 'transferring']",<li>transferring to another location (action-inventory decrease)</li>
37,C1773,Vladimir Tomovic,Test Cases > Reports > Export reports,CANDIDATE GAP,step1.expected,CANDIDATE GAP,PHRASING,increase inventory receiving,increase,,"no case of ours contains 'increase' together with ['inventory', 'receiving']",<li>receiving inventory from another location (action-inventory increase)</li>
37,C1774,Vladimir Tomovic,Test Cases > Reports > Export reports,CANDIDATE GAP,custom_preconds,CANDIDATE GAP,PHRASING,inventory invoice invoiced,inventory,,"no case of ours contains 'inventory' together with ['invoice', 'invoiced']",<li>An Invoice with an Inventory part is Invoiced</li>
37,C1774,Vladimir Tomovic,Test Cases > Reports > Export reports,CANDIDATE GAP,step1.content,CANDIDATE GAP,STRONG,journal strong data,data,,"no case of ours contains 'data' together with ['journal', 'strong']",<li>Download <strong>Journal Entry</strong> and verify its data</li>
37,C1774,Vladimir Tomovic,Test Cases > Reports > Export reports,CANDIDATE GAP,step1.expected,CANDIDATE GAP,PHRASING,increased journal strong,increased,,"no case of ours contains 'increased' together with ['journal', 'strong']",<li><p><strong>Journal No</strong> is increased by 1 and there are 2 entries for the same Journal No:</p>
37,C1774,Vladimir Tomovic,Test Cases > Reports > Export reports,CANDIDATE GAP,step1.expected,CANDIDATE GAP,PHRASING,invoice journal strong,invoice,,"no case of ours contains 'invoice' together with ['journal', 'strong']",<li><strong>Journal Date</strong> is same as Invoice date (same for both entries)</li>
37,C1774,Vladimir Tomovic,Test Cases > Reports > Export reports,CANDIDATE GAP,step1.expected,CANDIDATE GAP,PHRASING,inventory special strong,inventory,,"no case of ours contains 'inventory' together with ['special', 'strong']",<li><strong>Account</strong> is present as Inventory and Special</li>
37,C1774,Vladimir Tomovic,Test Cases > Reports > Export reports,CANDIDATE GAP,step1.expected,CANDIDATE GAP,STRONG,inventory strong negative,negative,,"no case of ours contains 'negative' together with ['inventory', 'strong']",<li>has <strong>negative</strong> value for Inventory account</li>
37,C1774,Vladimir Tomovic,Test Cases > Reports > Export reports,CANDIDATE GAP,step1.expected,CANDIDATE GAP,PHRASING,positive special strong,positive,,"no case of ours contains 'positive' together with ['special', 'strong']",<li>has <strong>positive</strong> value for Special account</li>
37,C1774,Vladimir Tomovic,Test Cases > Reports > Export reports,CANDIDATE GAP,step1.expected,CANDIDATE GAP,STRONG,decrease inventory account,account,,"no case of ours contains 'account' together with ['decrease', 'inventory']",<li><p>for Inventory account:<br />Inventory Decrease;
37,C1774,Vladimir Tomovic,Test Cases > Reports > Export reports,CANDIDATE GAP,step1.expected,CANDIDATE GAP,PHRASING,$customername strong type,$customername,,"no case of ours contains '$customername' together with ['strong', 'type']",<strong>$CustomerName</strong>;Type:
37,C1774,Vladimir Tomovic,Test Cases > Reports > Export reports,CANDIDATE GAP,step1.expected,CANDIDATE GAP,PHRASING,$actiondate $actiontime strong,$actiondate,,"no case of ours contains '$actiondate' together with ['$actiontime', 'strong']",<strong>$ActionTime</strong> <strong>$ActionDate</strong></p></li>
37,C1774,Vladimir Tomovic,Test Cases > Reports > Export reports,CANDIDATE GAP,step1.expected,CANDIDATE GAP,PHRASING,decrease inventory special,decrease,,"no case of ours contains 'decrease' together with ['inventory', 'special']",<li><p>for Special account:<br />Inventory Decrease;
37,C1774,Vladimir Tomovic,Test Cases > Reports > Export reports,CANDIDATE GAP,step1.expected,CANDIDATE GAP,PHRASING,$customername strong type,$customername,,"no case of ours contains '$customername' together with ['strong', 'type']",<strong>$CustomerName</strong>;Type:
37,C1774,Vladimir Tomovic,Test Cases > Reports > Export reports,CANDIDATE GAP,step1.expected,CANDIDATE GAP,PHRASING,$actiondate $actiontime strong,$actiondate,,"no case of ours contains '$actiondate' together with ['$actiontime', 'strong']",<strong>$ActionTime</strong> <strong>$ActionDate</strong></p></li>
37,C1774,Vladimir Tomovic,Test Cases > Reports > Export reports,CANDIDATE GAP,step1.expected,CANDIDATE GAP,STRONG,$shoplocation strong location,location,,"no case of ours contains 'location' together with ['$shoplocation', 'strong']",<li><strong>Location</strong> is visible ( <strong>$ShopLocation</strong> for both entries )</li>
37,C1774,Vladimir Tomovic,Test Cases > Reports > Export reports,CANDIDATE GAP,step1.expected,CANDIDATE GAP,PHRASING,$shoplocation class strong,$shoplocation,,"no case of ours contains '$shoplocation' together with ['class', 'strong']",<li><strong>Class</strong> is visible ( <strong>$ShopLocation</strong> for both entries ) </li>
37,C1774,Vladimir Tomovic,Test Cases > Reports > Export reports,CANDIDATE GAP,step1.expected,CANDIDATE GAP,PHRASING,adjustment false strong,adjustment,,"no case of ours contains 'adjustment' together with ['false', 'strong']",<li><strong>Is Adjustment</strong> is visible ( <strong>FALSE</strong> for both entries )</li>
37,C1775,Vladimir Tomovic,Test Cases > Reports > Export reports,CANDIDATE GAP,custom_preconds,CANDIDATE GAP,PHRASING,inventory invoice reversed,inventory,,"no case of ours contains 'inventory' together with ['invoice', 'reversed']",<li>An Invoice with an Inventory part is Reversed</li>
37,C1775,Vladimir Tomovic,Test Cases > Reports > Export reports,CANDIDATE GAP,step1.content,CANDIDATE GAP,STRONG,journal strong data,data,,"no case of ours contains 'data' together with ['journal', 'strong']",<li>Download <strong>Journal Entry</strong> and verify its data</li>
37,C1775,Vladimir Tomovic,Test Cases > Reports > Export reports,CANDIDATE GAP,step1.expected,CANDIDATE GAP,PHRASING,increased journal strong,increased,,"no case of ours contains 'increased' together with ['journal', 'strong']",<li><p><strong>Journal No</strong> is increased by 1 and there are 2 entries for the same Journal No:</p>
37,C1775,Vladimir Tomovic,Test Cases > Reports > Export reports,CANDIDATE GAP,step1.expected,CANDIDATE GAP,PHRASING,invoice journal strong,invoice,,"no case of ours contains 'invoice' together with ['journal', 'strong']",<li><strong>Journal Date</strong> is same as Invoice date (same for both entries)</li>
37,C1775,Vladimir Tomovic,Test Cases > Reports > Export reports,CANDIDATE GAP,step1.expected,CANDIDATE GAP,PHRASING,inventory special strong,inventory,,"no case of ours contains 'inventory' together with ['special', 'strong']",<li><strong>Account</strong> is present as Inventory and Special</li>
37,C1775,Vladimir Tomovic,Test Cases > Reports > Export reports,CANDIDATE GAP,step1.expected,CANDIDATE GAP,PHRASING,inventory positive strong,inventory,,"no case of ours contains 'inventory' together with ['positive', 'strong']",<li>has <strong>positive</strong> value for Inventory account</li>
37,C1775,Vladimir Tomovic,Test Cases > Reports > Export reports,CANDIDATE GAP,step1.expected,CANDIDATE GAP,STRONG,special strong negative,negative,,"no case of ours contains 'negative' together with ['special', 'strong']",<li>has <strong>negative</strong> value for Special account</li>
37,C1775,Vladimir Tomovic,Test Cases > Reports > Export reports,CANDIDATE GAP,step1.expected,CANDIDATE GAP,STRONG,increase inventory account,account,,"no case of ours contains 'account' together with ['increase', 'inventory']",<li><p>for Inventory account:<br />Inventory Increase;
37,C1775,Vladimir Tomovic,Test Cases > Reports > Export reports,CANDIDATE GAP,step1.expected,CANDIDATE GAP,PHRASING,$customername strong type,$customername,,"no case of ours contains '$customername' together with ['strong', 'type']",<strong>$CustomerName</strong>;Type:
37,C1775,Vladimir Tomovic,Test Cases > Reports > Export reports,CANDIDATE GAP,step1.expected,CANDIDATE GAP,STRONG,$actionuser strong nbsp,nbsp,,"no case of ours contains 'nbsp' together with ['$actionuser', 'strong']",User:&nbsp;&nbsp;<strong>$ActionUser</strong>;
37,C1775,Vladimir Tomovic,Test Cases > Reports > Export reports,CANDIDATE GAP,step1.expected,CANDIDATE GAP,PHRASING,$actiondate $actiontime strong,$actiondate,,"no case of ours contains '$actiondate' together with ['$actiontime', 'strong']",<strong>$ActionTime</strong> <strong>$ActionDate</strong></p></li>
37,C1775,Vladimir Tomovic,Test Cases > Reports > Export reports,CANDIDATE GAP,step1.expected,CANDIDATE GAP,PHRASING,increase inventory special,increase,,"no case of ours contains 'increase' together with ['inventory', 'special']",<li><p>for Special account:<br />Inventory Increase;
37,C1775,Vladimir Tomovic,Test Cases > Reports > Export reports,CANDIDATE GAP,step1.expected,CANDIDATE GAP,PHRASING,$customername strong type,$customername,,"no case of ours contains '$customername' together with ['strong', 'type']",<strong>$CustomerName</strong>;Type:
37,C1775,Vladimir Tomovic,Test Cases > Reports > Export reports,CANDIDATE GAP,step1.expected,CANDIDATE GAP,STRONG,$actionuser strong nbsp,nbsp,,"no case of ours contains 'nbsp' together with ['$actionuser', 'strong']",User:&nbsp;&nbsp;<strong>$ActionUser</strong>;
37,C1775,Vladimir Tomovic,Test Cases > Reports > Export reports,CANDIDATE GAP,step1.expected,CANDIDATE GAP,PHRASING,$actiondate $actiontime strong,$actiondate,,"no case of ours contains '$actiondate' together with ['$actiontime', 'strong']",<strong>$ActionTime</strong> <strong>$ActionDate</strong></p></li>
37,C1775,Vladimir Tomovic,Test Cases > Reports > Export reports,CANDIDATE GAP,step1.expected,CANDIDATE GAP,STRONG,$shoplocation strong location,location,,"no case of ours contains 'location' together with ['$shoplocation', 'strong']",<li><strong>Location</strong> is visible ( <strong>$ShopLocation</strong> for both entries )</li>
37,C1775,Vladimir Tomovic,Test Cases > Reports > Export reports,CANDIDATE GAP,step1.expected,CANDIDATE GAP,PHRASING,$shoplocation class strong,$shoplocation,,"no case of ours contains '$shoplocation' together with ['class', 'strong']",<li><strong>Class</strong> is visible ( <strong>$ShopLocation</strong> for both entries ) </li>
37,C1775,Vladimir Tomovic,Test Cases > Reports > Export reports,CANDIDATE GAP,step1.expected,CANDIDATE GAP,PHRASING,adjustment false strong,adjustment,,"no case of ours contains 'adjustment' together with ['false', 'strong']",<li><strong>Is Adjustment</strong> is visible ( <strong>FALSE</strong> for both entries )</li>
37,C1776,Vladimir Tomovic,Test Cases > Reports > Export reports,CANDIDATE GAP,step1.content,CANDIDATE GAP,PHRASING,increase inventory manually,increase,,"no case of ours contains 'increase' together with ['inventory', 'manually']",<li>Manually Increase the Quantity for the Inventory Part</li>
37,C1776,Vladimir Tomovic,Test Cases > Reports > Export reports,CANDIDATE GAP,step1.content,CANDIDATE GAP,STRONG,journal strong data,data,,"no case of ours contains 'data' together with ['journal', 'strong']",<li>Download <strong>Journal Entry</strong> and verify its data</li>
37,C1776,Vladimir Tomovic,Test Cases > Reports > Export reports,CANDIDATE GAP,step1.expected,CANDIDATE GAP,PHRASING,increased journal strong,increased,,"no case of ours contains 'increased' together with ['journal', 'strong']",<li><p><strong>Journal No</strong> is increased by 1 and there are 2 entries for the same Journal No:</p>
37,C1776,Vladimir Tomovic,Test Cases > Reports > Export reports,CANDIDATE GAP,step1.expected,CANDIDATE GAP,STRONG,journal strong performed,performed,,"no case of ours contains 'performed' together with ['journal', 'strong']",<li><strong>Journal Date</strong> is the date when this action was performed (same for both entries)</li>
37,C1776,Vladimir Tomovic,Test Cases > Reports > Export reports,CANDIDATE GAP,step1.expected,CANDIDATE GAP,PHRASING,inventory special strong,inventory,,"no case of ours contains 'inventory' together with ['special', 'strong']",<li><strong>Account</strong> is present as Inventory and Special</li>
37,C1776,Vladimir Tomovic,Test Cases > Reports > Export reports,CANDIDATE GAP,step1.expected,CANDIDATE GAP,PHRASING,inventory positive strong,inventory,,"no case of ours contains 'inventory' together with ['positive', 'strong']",<li>has <strong>positive</strong> value for Inventory account</li>
37,C1776,Vladimir Tomovic,Test Cases > Reports > Export reports,CANDIDATE GAP,step1.expected,CANDIDATE GAP,STRONG,special strong negative,negative,,"no case of ours contains 'negative' together with ['special', 'strong']",<li>has <strong>negative</strong> value for Special account</li>
37,C1776,Vladimir Tomovic,Test Cases > Reports > Export reports,CANDIDATE GAP,step1.expected,CANDIDATE GAP,STRONG,increase inventory account,account,,"no case of ours contains 'account' together with ['increase', 'inventory']",<li><p>for Inventory account:<br />Inventory Increase;
37,C1776,Vladimir Tomovic,Test Cases > Reports > Export reports,CANDIDATE GAP,step1.expected,CANDIDATE GAP,PHRASING,$actionuser $partid strong,$actionuser,,"no case of ours contains '$actionuser' together with ['$partid', 'strong']",<strong>$PartID</strong> User:&nbsp;&nbsp;<strong>$ActionUser</strong>;
37,C1776,Vladimir Tomovic,Test Cases > Reports > Export reports,CANDIDATE GAP,step1.expected,CANDIDATE GAP,PHRASING,$actiondate $actiontime strong,$actiondate,,"no case of ours contains '$actiondate' together with ['$actiontime', 'strong']",<strong>$ActionTime</strong> <strong>$ActionDate</strong></p></li>
37,C1776,Vladimir Tomovic,Test Cases > Reports > Export reports,CANDIDATE GAP,step1.expected,CANDIDATE GAP,PHRASING,increase inventory special,increase,,"no case of ours contains 'increase' together with ['inventory', 'special']",<li><p>for Special account:<br />Inventory Increase;
37,C1776,Vladimir Tomovic,Test Cases > Reports > Export reports,CANDIDATE GAP,step1.expected,CANDIDATE GAP,PHRASING,$actionuser $partid strong,$actionuser,,"no case of ours contains '$actionuser' together with ['$partid', 'strong']",<strong>$PartID</strong> User:&nbsp;&nbsp;<strong>$ActionUser</strong>;
37,C1776,Vladimir Tomovic,Test Cases > Reports > Export reports,CANDIDATE GAP,step1.expected,CANDIDATE GAP,PHRASING,$actiondate $actiontime strong,$actiondate,,"no case of ours contains '$actiondate' together with ['$actiontime', 'strong']",<strong>$ActionTime</strong> <strong>$ActionDate</strong></p></li>
37,C1776,Vladimir Tomovic,Test Cases > Reports > Export reports,CANDIDATE GAP,step1.expected,CANDIDATE GAP,STRONG,$shoplocation strong location,location,,"no case of ours contains 'location' together with ['$shoplocation', 'strong']",<li><strong>Location</strong> is visible ( <strong>$ShopLocation</strong> for both entries )</li>
37,C1776,Vladimir Tomovic,Test Cases > Reports > Export reports,CANDIDATE GAP,step1.expected,CANDIDATE GAP,PHRASING,$shoplocation class strong,$shoplocation,,"no case of ours contains '$shoplocation' together with ['class', 'strong']",<li><strong>Class</strong> is visible ( <strong>$ShopLocation</strong> for both entries ) </li>
37,C1776,Vladimir Tomovic,Test Cases > Reports > Export reports,CANDIDATE GAP,step1.expected,CANDIDATE GAP,PHRASING,adjustment false strong,adjustment,,"no case of ours contains 'adjustment' together with ['false', 'strong']",<li><strong>Is Adjustment</strong> is visible ( <strong>FALSE</strong> for both entries )</li>
37,C1776,Vladimir Tomovic,Test Cases > Reports > Export reports,CANDIDATE GAP,step2.content,CANDIDATE GAP,PHRASING,cost increase inventory,cost,,"no case of ours contains 'cost' together with ['increase', 'inventory']",<li>Manually Increase the Cost for the Inventory Part</li>
37,C1776,Vladimir Tomovic,Test Cases > Reports > Export reports,CANDIDATE GAP,step2.content,CANDIDATE GAP,STRONG,journal strong data,data,,"no case of ours contains 'data' together with ['journal', 'strong']",<li>Download <strong>Journal Entry</strong> and verify its data</li>
37,C1776,Vladimir Tomovic,Test Cases > Reports > Export reports,CANDIDATE GAP,step2.expected,CANDIDATE GAP,PHRASING,increased journal strong,increased,,"no case of ours contains 'increased' together with ['journal', 'strong']",<li><p><strong>Journal No</strong> is increased by 1 and there are 2 entries for the same Journal No:</p>
37,C1776,Vladimir Tomovic,Test Cases > Reports > Export reports,CANDIDATE GAP,step2.expected,CANDIDATE GAP,STRONG,journal strong performed,performed,,"no case of ours contains 'performed' together with ['journal', 'strong']",<li><strong>Journal Date</strong> is the date when this action was performed (same for both entries)</li>
37,C1776,Vladimir Tomovic,Test Cases > Reports > Export reports,CANDIDATE GAP,step2.expected,CANDIDATE GAP,PHRASING,inventory special strong,inventory,,"no case of ours contains 'inventory' together with ['special', 'strong']",<li><strong>Account</strong> is present as Inventory and Special</li>
37,C1776,Vladimir Tomovic,Test Cases > Reports > Export reports,CANDIDATE GAP,step2.expected,CANDIDATE GAP,PHRASING,inventory positive strong,inventory,,"no case of ours contains 'inventory' together with ['positive', 'strong']",<li>has <strong>positive</strong> value for Inventory account</li>
37,C1776,Vladimir Tomovic,Test Cases > Reports > Export reports,CANDIDATE GAP,step2.expected,CANDIDATE GAP,STRONG,special strong negative,negative,,"no case of ours contains 'negative' together with ['special', 'strong']",<li>has <strong>negative</strong> value for Special account</li>
37,C1776,Vladimir Tomovic,Test Cases > Reports > Export reports,CANDIDATE GAP,step2.expected,CANDIDATE GAP,STRONG,increase inventory account,account,,"no case of ours contains 'account' together with ['increase', 'inventory']",<li><p>for Inventory account:<br />Inventory Increase;
37,C1776,Vladimir Tomovic,Test Cases > Reports > Export reports,CANDIDATE GAP,step2.expected,CANDIDATE GAP,PHRASING,$actionuser $partid strong,$actionuser,,"no case of ours contains '$actionuser' together with ['$partid', 'strong']",<strong>$PartID</strong> User:&nbsp;&nbsp;<strong>$ActionUser</strong>;
37,C1776,Vladimir Tomovic,Test Cases > Reports > Export reports,CANDIDATE GAP,step2.expected,CANDIDATE GAP,PHRASING,$actiondate $actiontime strong,$actiondate,,"no case of ours contains '$actiondate' together with ['$actiontime', 'strong']",<strong>$ActionTime</strong> <strong>$ActionDate</strong></p></li>
37,C1776,Vladimir Tomovic,Test Cases > Reports > Export reports,CANDIDATE GAP,step2.expected,CANDIDATE GAP,PHRASING,increase inventory special,increase,,"no case of ours contains 'increase' together with ['inventory', 'special']",<li><p>for Special account:<br />Inventory Increase;
37,C1776,Vladimir Tomovic,Test Cases > Reports > Export reports,CANDIDATE GAP,step2.expected,CANDIDATE GAP,PHRASING,$actionuser $partid strong,$actionuser,,"no case of ours contains '$actionuser' together with ['$partid', 'strong']",<strong>$PartID</strong> User:&nbsp;&nbsp;<strong>$ActionUser</strong>;
37,C1776,Vladimir Tomovic,Test Cases > Reports > Export reports,CANDIDATE GAP,step2.expected,CANDIDATE GAP,PHRASING,$actiondate $actiontime strong,$actiondate,,"no case of ours contains '$actiondate' together with ['$actiontime', 'strong']",<strong>$ActionTime</strong> <strong>$ActionDate</strong></p></li>
37,C1776,Vladimir Tomovic,Test Cases > Reports > Export reports,CANDIDATE GAP,step2.expected,CANDIDATE GAP,STRONG,$shoplocation strong location,location,,"no case of ours contains 'location' together with ['$shoplocation', 'strong']",<li><strong>Location</strong> is visible ( <strong>$ShopLocation</strong> for both entries )</li>
37,C1776,Vladimir Tomovic,Test Cases > Reports > Export reports,CANDIDATE GAP,step2.expected,CANDIDATE GAP,PHRASING,$shoplocation class strong,$shoplocation,,"no case of ours contains '$shoplocation' together with ['class', 'strong']",<li><strong>Class</strong> is visible ( <strong>$ShopLocation</strong> for both entries ) </li>
37,C1776,Vladimir Tomovic,Test Cases > Reports > Export reports,CANDIDATE GAP,step2.expected,CANDIDATE GAP,PHRASING,adjustment false strong,adjustment,,"no case of ours contains 'adjustment' together with ['false', 'strong']",<li><strong>Is Adjustment</strong> is visible ( <strong>FALSE</strong> for both entries )</li>
37,C1777,Vladimir Tomovic,Test Cases > Reports > Export reports,CANDIDATE GAP,step1.content,CANDIDATE GAP,PHRASING,decrease inventory manually,decrease,,"no case of ours contains 'decrease' together with ['inventory', 'manually']",<li>Manually decrease Quantity for the Inventory Part</li>
37,C1777,Vladimir Tomovic,Test Cases > Reports > Export reports,CANDIDATE GAP,step1.content,CANDIDATE GAP,STRONG,journal strong data,data,,"no case of ours contains 'data' together with ['journal', 'strong']",<li>Download <strong>Journal Entry</strong> and verify its data</li>
37,C1777,Vladimir Tomovic,Test Cases > Reports > Export reports,CANDIDATE GAP,step1.expected,CANDIDATE GAP,PHRASING,increased journal strong,increased,,"no case of ours contains 'increased' together with ['journal', 'strong']",<li><p><strong>Journal No</strong> is increased by 1 and there are 2 entries for the same Journal No:</p>
37,C1777,Vladimir Tomovic,Test Cases > Reports > Export reports,CANDIDATE GAP,step1.expected,CANDIDATE GAP,STRONG,journal strong performed,performed,,"no case of ours contains 'performed' together with ['journal', 'strong']",<li><strong>Journal Date</strong> is the date when this action was performed (same for both entries)</li>
37,C1777,Vladimir Tomovic,Test Cases > Reports > Export reports,CANDIDATE GAP,step1.expected,CANDIDATE GAP,PHRASING,inventory special strong,inventory,,"no case of ours contains 'inventory' together with ['special', 'strong']",<li><strong>Account</strong> is present as Inventory and Special</li>
37,C1777,Vladimir Tomovic,Test Cases > Reports > Export reports,CANDIDATE GAP,step1.expected,CANDIDATE GAP,STRONG,inventory strong negative,negative,,"no case of ours contains 'negative' together with ['inventory', 'strong']",<li>has <strong>negative</strong> value for Inventory account</li>
37,C1777,Vladimir Tomovic,Test Cases > Reports > Export reports,CANDIDATE GAP,step1.expected,CANDIDATE GAP,PHRASING,positive special strong,positive,,"no case of ours contains 'positive' together with ['special', 'strong']",<li>has <strong>positive</strong> value for Special account</li>
37,C1777,Vladimir Tomovic,Test Cases > Reports > Export reports,CANDIDATE GAP,step1.expected,CANDIDATE GAP,STRONG,decrease inventory account,account,,"no case of ours contains 'account' together with ['decrease', 'inventory']",<li><p>for Inventory account:<br />Inventory Decrease;
37,C1777,Vladimir Tomovic,Test Cases > Reports > Export reports,CANDIDATE GAP,step1.expected,CANDIDATE GAP,PHRASING,$actionuser $partid strong,$actionuser,,"no case of ours contains '$actionuser' together with ['$partid', 'strong']",<strong>$PartID</strong> User:&nbsp;&nbsp;<strong>$ActionUser</strong>;
37,C1777,Vladimir Tomovic,Test Cases > Reports > Export reports,CANDIDATE GAP,step1.expected,CANDIDATE GAP,PHRASING,$actiondate $actiontime strong,$actiondate,,"no case of ours contains '$actiondate' together with ['$actiontime', 'strong']",<strong>$ActionTime</strong> <strong>$ActionDate</strong></p></li>
37,C1777,Vladimir Tomovic,Test Cases > Reports > Export reports,CANDIDATE GAP,step1.expected,CANDIDATE GAP,PHRASING,decrease inventory special,decrease,,"no case of ours contains 'decrease' together with ['inventory', 'special']",<li><p>for Special account:<br />Inventory Decrease;
37,C1777,Vladimir Tomovic,Test Cases > Reports > Export reports,CANDIDATE GAP,step1.expected,CANDIDATE GAP,PHRASING,$actionuser $partid strong,$actionuser,,"no case of ours contains '$actionuser' together with ['$partid', 'strong']",<strong>$PartID</strong> User:&nbsp;&nbsp;<strong>$ActionUser</strong>;
37,C1777,Vladimir Tomovic,Test Cases > Reports > Export reports,CANDIDATE GAP,step1.expected,CANDIDATE GAP,PHRASING,$actiondate $actiontime strong,$actiondate,,"no case of ours contains '$actiondate' together with ['$actiontime', 'strong']",<strong>$ActionTime</strong> <strong>$ActionDate</strong></p></li>
37,C1777,Vladimir Tomovic,Test Cases > Reports > Export reports,CANDIDATE GAP,step1.expected,CANDIDATE GAP,STRONG,$shoplocation strong location,location,,"no case of ours contains 'location' together with ['$shoplocation', 'strong']",<li><strong>Location</strong> is visible ( <strong>$ShopLocation</strong> for both entries )</li>
37,C1777,Vladimir Tomovic,Test Cases > Reports > Export reports,CANDIDATE GAP,step1.expected,CANDIDATE GAP,PHRASING,$shoplocation class strong,$shoplocation,,"no case of ours contains '$shoplocation' together with ['class', 'strong']",<li><strong>Class</strong> is visible ( <strong>$ShopLocation</strong> for both entries ) </li>
37,C1777,Vladimir Tomovic,Test Cases > Reports > Export reports,CANDIDATE GAP,step1.expected,CANDIDATE GAP,PHRASING,adjustment false strong,adjustment,,"no case of ours contains 'adjustment' together with ['false', 'strong']",<li><strong>Is Adjustment</strong> is visible ( <strong>FALSE</strong> for both entries )</li>
37,C1777,Vladimir Tomovic,Test Cases > Reports > Export reports,CANDIDATE GAP,step2.content,CANDIDATE GAP,PHRASING,cost decrease inventory,cost,,"no case of ours contains 'cost' together with ['decrease', 'inventory']",<li>Manually decrease Cost for the Inventory Part</li>
37,C1777,Vladimir Tomovic,Test Cases > Reports > Export reports,CANDIDATE GAP,step2.content,CANDIDATE GAP,STRONG,journal strong data,data,,"no case of ours contains 'data' together with ['journal', 'strong']",<li>Download <strong>Journal Entry</strong> and verify its data</li>
37,C1777,Vladimir Tomovic,Test Cases > Reports > Export reports,CANDIDATE GAP,step2.expected,CANDIDATE GAP,PHRASING,increased journal strong,increased,,"no case of ours contains 'increased' together with ['journal', 'strong']",<li><p><strong>Journal No</strong> is increased by 1 and there are 2 entries for the same Journal No:</p>
37,C1777,Vladimir Tomovic,Test Cases > Reports > Export reports,CANDIDATE GAP,step2.expected,CANDIDATE GAP,STRONG,journal strong performed,performed,,"no case of ours contains 'performed' together with ['journal', 'strong']",<li><strong>Journal Date</strong> is the date when this action was performed (same for both entries)</li>
37,C1777,Vladimir Tomovic,Test Cases > Reports > Export reports,CANDIDATE GAP,step2.expected,CANDIDATE GAP,PHRASING,inventory special strong,inventory,,"no case of ours contains 'inventory' together with ['special', 'strong']",<li><strong>Account</strong> is present as Inventory and Special</li>
37,C1777,Vladimir Tomovic,Test Cases > Reports > Export reports,CANDIDATE GAP,step2.expected,CANDIDATE GAP,STRONG,inventory strong negative,negative,,"no case of ours contains 'negative' together with ['inventory', 'strong']",<li>has <strong>negative</strong> value for Inventory account</li>
37,C1777,Vladimir Tomovic,Test Cases > Reports > Export reports,CANDIDATE GAP,step2.expected,CANDIDATE GAP,PHRASING,positive special strong,positive,,"no case of ours contains 'positive' together with ['special', 'strong']",<li>has <strong>positive</strong> value for Special account</li>
37,C1777,Vladimir Tomovic,Test Cases > Reports > Export reports,CANDIDATE GAP,step2.expected,CANDIDATE GAP,STRONG,decrease inventory account,account,,"no case of ours contains 'account' together with ['decrease', 'inventory']",<li><p>for Inventory account:<br />Inventory Decrease;
37,C1777,Vladimir Tomovic,Test Cases > Reports > Export reports,CANDIDATE GAP,step2.expected,CANDIDATE GAP,PHRASING,$actionuser $partid strong,$actionuser,,"no case of ours contains '$actionuser' together with ['$partid', 'strong']",<strong>$PartID</strong> User:&nbsp;&nbsp;<strong>$ActionUser</strong>;
37,C1777,Vladimir Tomovic,Test Cases > Reports > Export reports,CANDIDATE GAP,step2.expected,CANDIDATE GAP,PHRASING,$actiondate $actiontime strong,$actiondate,,"no case of ours contains '$actiondate' together with ['$actiontime', 'strong']",<strong>$ActionTime</strong> <strong>$ActionDate</strong></p></li>
37,C1777,Vladimir Tomovic,Test Cases > Reports > Export reports,CANDIDATE GAP,step2.expected,CANDIDATE GAP,PHRASING,decrease inventory special,decrease,,"no case of ours contains 'decrease' together with ['inventory', 'special']",<li><p>for Special account:<br />Inventory Decrease;
37,C1777,Vladimir Tomovic,Test Cases > Reports > Export reports,CANDIDATE GAP,step2.expected,CANDIDATE GAP,PHRASING,$actionuser $partid strong,$actionuser,,"no case of ours contains '$actionuser' together with ['$partid', 'strong']",<strong>$PartID</strong> User:&nbsp;&nbsp;<strong>$ActionUser</strong>;
37,C1777,Vladimir Tomovic,Test Cases > Reports > Export reports,CANDIDATE GAP,step2.expected,CANDIDATE GAP,PHRASING,$actiondate $actiontime strong,$actiondate,,"no case of ours contains '$actiondate' together with ['$actiontime', 'strong']",<strong>$ActionTime</strong> <strong>$ActionDate</strong></p></li>
37,C1777,Vladimir Tomovic,Test Cases > Reports > Export reports,CANDIDATE GAP,step2.expected,CANDIDATE GAP,STRONG,$shoplocation strong location,location,,"no case of ours contains 'location' together with ['$shoplocation', 'strong']",<li><strong>Location</strong> is visible ( <strong>$ShopLocation</strong> for both entries )</li>
37,C1777,Vladimir Tomovic,Test Cases > Reports > Export reports,CANDIDATE GAP,step2.expected,CANDIDATE GAP,PHRASING,$shoplocation class strong,$shoplocation,,"no case of ours contains '$shoplocation' together with ['class', 'strong']",<li><strong>Class</strong> is visible ( <strong>$ShopLocation</strong> for both entries ) </li>
37,C1777,Vladimir Tomovic,Test Cases > Reports > Export reports,CANDIDATE GAP,step2.expected,CANDIDATE GAP,PHRASING,adjustment false strong,adjustment,,"no case of ours contains 'adjustment' together with ['false', 'strong']",<li><strong>Is Adjustment</strong> is visible ( <strong>FALSE</strong> for both entries )</li>
37,C1778,Vladimir Tomovic,Test Cases > Reports > Export reports,CANDIDATE GAP,custom_preconds,CANDIDATE GAP,STRONG,inventory part created,part,,"no case of ours contains 'part' together with ['inventory', 'created']",<li>A new Inventory Part is created</li>
37,C1778,Vladimir Tomovic,Test Cases > Reports > Export reports,CANDIDATE GAP,step1.content,CANDIDATE GAP,STRONG,journal strong data,data,,"no case of ours contains 'data' together with ['journal', 'strong']",<li>Download <strong>Journal Entry</strong> and verify its data</li>
37,C1778,Vladimir Tomovic,Test Cases > Reports > Export reports,CANDIDATE GAP,step1.expected,CANDIDATE GAP,PHRASING,increased journal strong,increased,,"no case of ours contains 'increased' together with ['journal', 'strong']",<li><p><strong>Journal No</strong> is increased by 1 and there are 2 entries for the same Journal No:</p>
37,C1778,Vladimir Tomovic,Test Cases > Reports > Export reports,CANDIDATE GAP,step1.expected,CANDIDATE GAP,STRONG,journal strong performed,performed,,"no case of ours contains 'performed' together with ['journal', 'strong']",<li><strong>Journal Date</strong> is the date when this action was performed (same for both entries)</li>
37,C1778,Vladimir Tomovic,Test Cases > Reports > Export reports,CANDIDATE GAP,step1.expected,CANDIDATE GAP,PHRASING,inventory special strong,inventory,,"no case of ours contains 'inventory' together with ['special', 'strong']",<li><strong>Account</strong> is present as Inventory and Special</li>
37,C1778,Vladimir Tomovic,Test Cases > Reports > Export reports,CANDIDATE GAP,step1.expected,CANDIDATE GAP,PHRASING,inventory positive strong,inventory,,"no case of ours contains 'inventory' together with ['positive', 'strong']",<li>has <strong>positive</strong> value for Inventory account</li>
37,C1778,Vladimir Tomovic,Test Cases > Reports > Export reports,CANDIDATE GAP,step1.expected,CANDIDATE GAP,STRONG,special strong negative,negative,,"no case of ours contains 'negative' together with ['special', 'strong']",<li>has <strong>negative</strong> value for Special account</li>
37,C1778,Vladimir Tomovic,Test Cases > Reports > Export reports,CANDIDATE GAP,step1.expected,CANDIDATE GAP,STRONG,increase inventory account,account,,"no case of ours contains 'account' together with ['increase', 'inventory']",<li><p>for Inventory account:<br />Inventory Increase;
37,C1778,Vladimir Tomovic,Test Cases > Reports > Export reports,CANDIDATE GAP,step1.expected,CANDIDATE GAP,PHRASING,$actionuser $partid strong,$actionuser,,"no case of ours contains '$actionuser' together with ['$partid', 'strong']",<strong>$PartID</strong> User:&nbsp;&nbsp;<strong>$ActionUser</strong>;
37,C1778,Vladimir Tomovic,Test Cases > Reports > Export reports,CANDIDATE GAP,step1.expected,CANDIDATE GAP,PHRASING,$actiondate $actiontime strong,$actiondate,,"no case of ours contains '$actiondate' together with ['$actiontime', 'strong']",<strong>$ActionTime</strong> <strong>$ActionDate</strong></p></li>
37,C1778,Vladimir Tomovic,Test Cases > Reports > Export reports,CANDIDATE GAP,step1.expected,CANDIDATE GAP,PHRASING,increase inventory special,increase,,"no case of ours contains 'increase' together with ['inventory', 'special']",<li><p>for Special account:<br />Inventory Increase;
37,C1778,Vladimir Tomovic,Test Cases > Reports > Export reports,CANDIDATE GAP,step1.expected,CANDIDATE GAP,PHRASING,$actionuser $partid strong,$actionuser,,"no case of ours contains '$actionuser' together with ['$partid', 'strong']",<strong>$PartID</strong> User:&nbsp;&nbsp;<strong>$ActionUser</strong>;
37,C1778,Vladimir Tomovic,Test Cases > Reports > Export reports,CANDIDATE GAP,step1.expected,CANDIDATE GAP,PHRASING,$actiondate $actiontime strong,$actiondate,,"no case of ours contains '$actiondate' together with ['$actiontime', 'strong']",<strong>$ActionTime</strong> <strong>$ActionDate</strong></p></li>
37,C1778,Vladimir Tomovic,Test Cases > Reports > Export reports,CANDIDATE GAP,step1.expected,CANDIDATE GAP,STRONG,$shoplocation strong location,location,,"no case of ours contains 'location' together with ['$shoplocation', 'strong']",<li><strong>Location</strong> is visible ( <strong>$ShopLocation</strong> for both entries )</li>
37,C1778,Vladimir Tomovic,Test Cases > Reports > Export reports,CANDIDATE GAP,step1.expected,CANDIDATE GAP,PHRASING,$shoplocation class strong,$shoplocation,,"no case of ours contains '$shoplocation' together with ['class', 'strong']",<li><strong>Class</strong> is visible ( <strong>$ShopLocation</strong> for both entries ) </li>
37,C1778,Vladimir Tomovic,Test Cases > Reports > Export reports,CANDIDATE GAP,step1.expected,CANDIDATE GAP,PHRASING,adjustment false strong,adjustment,,"no case of ours contains 'adjustment' together with ['false', 'strong']",<li><strong>Is Adjustment</strong> is visible ( <strong>FALSE</strong> for both entries )</li>
37,C1955,Vladimir Tomovic,Test Cases > Reports > Export reports,CANDIDATE GAP,custom_preconds,CANDIDATE GAP,PHRASING,base navigated punch,base,,"no case of ours contains 'base' together with ['navigated', 'punch']",User is navigated to {{BASE_URL}}/reports/punch-clock-activities
37,C1955,Vladimir Tomovic,Test Cases > Reports > Export reports,CANDIDATE GAP,step1.content,CANDIDATE GAP,STRONG,random window list,list,,"no case of ours contains 'list' together with ['random', 'window']",Select random time window from the list
37,C1955,Vladimir Tomovic,Test Cases > Reports > Export reports,CANDIDATE GAP,step2.content,CANDIDATE GAP,PHRASING,payroll punch window,payroll,,"no case of ours contains 'payroll' together with ['punch', 'window']",Set same time window on reports/punch-clock-activities as it was for Payroll Timesheet report
37,C1955,Vladimir Tomovic,Test Cases > Reports > Export reports,CANDIDATE GAP,step2.expected,CANDIDATE GAP,STRONG,belong window selected,selected,,"no case of ours contains 'selected' together with ['belong', 'window']",All entries on page belong to selected time window
37,C1955,Vladimir Tomovic,Test Cases > Reports > Export reports,CANDIDATE GAP,step3.content,CANDIDATE GAP,STRONG,compare payroll exported,exported,,"no case of ours contains 'exported' together with ['compare', 'payroll']",Compare all entries on exported report Payroll Timesheet and Timesheet Activities page
37,C2055,Vladimir Tomovic,Test Cases > Reports > Export reports,CANDIDATE GAP,custom_preconds,CANDIDATE GAP,PHRASING,specific tax vendor,specific,,"no case of ours contains 'specific' together with ['tax', 'vendor']",<li>User has WO with parts from vendor with specific tax</li>
37,C2055,Vladimir Tomovic,Test Cases > Reports > Export reports,CANDIDATE GAP,custom_steps,CANDIDATE GAP,STRONG,bill vendor export,export,,"no case of ours contains 'export' together with ['bill', 'vendor']",<li>Export vendor bill report</li>
37,C2055,Vladimir Tomovic,Test Cases > Reports > Export reports,CANDIDATE GAP,custom_expected,CANDIDATE GAP,STRONG,mentioned tax part,part,,"no case of ours contains 'part' together with ['mentioned', 'tax']",<li>Tax for part for mentioned WO is correct</li>
37,C2056,Vladimir Tomovic,Test Cases > Reports > Export reports,CANDIDATE GAP,custom_preconds,CANDIDATE GAP,PHRASING,specific tax vendor,specific,,"no case of ours contains 'specific' together with ['tax', 'vendor']",<li>User has WO with parts from vendor with specific tax</li>
37,C2056,Vladimir Tomovic,Test Cases > Reports > Export reports,CANDIDATE GAP,custom_steps,CANDIDATE GAP,STRONG,bill vendor export,export,,"no case of ours contains 'export' together with ['bill', 'vendor']",<li>Export vendor bill report</li>
37,C2056,Vladimir Tomovic,Test Cases > Reports > Export reports,CANDIDATE GAP,custom_expected,CANDIDATE GAP,STRONG,mentioned tax part,part,,"no case of ours contains 'part' together with ['mentioned', 'tax']",<li>Tax for part for mentioned WO is correct</li>
37,C2056,Vladimir Tomovic,Test Cases > Reports > Export reports,CANDIDATE GAP,custom_expected,CANDIDATE GAP,STRONG,amoiunt payed total,total,,"no case of ours contains 'total' together with ['amoiunt', 'payed']",<li>Total payed amoiunt is correct </li>
37,C2056,Vladimir Tomovic,Test Cases > Reports > Export reports,CANDIDATE GAP,custom_expected,CANDIDATE GAP,PHRASING,form invoice match,form,,"no case of ours contains 'form' together with ['invoice', 'match']",<li>All values match with invoice form WO</li>
38,C175,Vladimir Tomovic,Test Cases > Reports > Technician Efficiency,COVERED-BY,custom_preconds,CANDIDATE GAP,PHRASING,app base efficiency,app,,"no case of ours contains 'app' together with ['base', 'efficiency']",<li>App is navigated to page {{BASE_URL}}/reports/technician-efficiency</li>
38,C175,Vladimir Tomovic,Test Cases > Reports > Technician Efficiency,COVERED-BY,custom_expected,CANDIDATE GAP,PHRASING,clock enabled foreman,clock,,"no case of ours contains 'clock' together with ['enabled', 'foreman']","<li><p>All staff members with 'Time Clock' enabled could be found on a list<br />//There should be all members from Staff page with Admin, Technician and Foreman role</p></li>"
38,C176,Vladimir Tomovic,Test Cases > Reports > Technician Efficiency,COVERED-BY,custom_preconds,CANDIDATE GAP,PHRASING,app base efficiency,app,,"no case of ours contains 'app' together with ['base', 'efficiency']",<li>App is navigated to page {{BASE_URL}}/reports/technician-efficiency</li>
38,C176,Vladimir Tomovic,Test Cases > Reports > Technician Efficiency,COVERED-BY,custom_steps,CANDIDATE GAP,PHRASING,dropdown field interval,dropdown,,"no case of ours contains 'dropdown' together with ['field', 'interval']",<li>Verify all the time intervals in the dropdown field</li>
38,C1779,Vladimir Tomovic,Test Cases > Reports > Technician Efficiency,COVERED-BY,custom_preconds,CANDIDATE GAP,PHRASING,clocked exist invoiced,clocked,,"no case of ours contains 'clocked' together with ['exist', 'invoiced']",<li>A invoiced WO with <strong>single</strong> tech clocked in time on the line exists</li>
38,C1779,Vladimir Tomovic,Test Cases > Reports > Technician Efficiency,COVERED-BY,custom_preconds,CANDIDATE GAP,PHRASING,base efficiency navigated,base,,"no case of ours contains 'base' together with ['efficiency', 'navigated']",<li>User is navigated to the {{BASE_URL}}/reports/technician-efficiency</li>
38,C1779,Vladimir Tomovic,Test Cases > Reports > Technician Efficiency,COVERED-BY,custom_preconds,CANDIDATE GAP,PHRASING,$clockedhour $efficiency $hoursprofit,$clockedhour,,"no case of ours contains '$clockedhour' together with ['$efficiency', '$hoursprofit']",<p>Note:<br /><strong>$ClockedHours</strong> → tech's actual clocked hours on the line<br /><strong>$TechTime</strong> → tech's time defined on the Edit Line modal<br /><strong>$InvoicedTechHours</strong> → tech's allocated clocked hours<br /><strong>$HoursProfit</strong> → tech's profit hours<br /><strong>$Efficiency</strong> → tech's efficiency</p>
38,C1779,Vladimir Tomovic,Test Cases > Reports > Technician Efficiency,COVERED-BY,step1.content,CANDIDATE GAP,PHRASING,calculate line proportion,calculate,,"no case of ours contains 'calculate' together with ['line', 'proportion']",<li>Calculate proportion of the time spend on the line for the tech</li>
38,C1779,Vladimir Tomovic,Test Cases > Reports > Technician Efficiency,COVERED-BY,step1.expected,CANDIDATE GAP,PHRASING,$clockedhour $techproportion strong,$clockedhour,,"no case of ours contains '$clockedhour' together with ['$techproportion', 'strong']",<li><strong>$TechProportion</strong> = $ClockedHours / $ClockedHours </li>
38,C1779,Vladimir Tomovic,Test Cases > Reports > Technician Efficiency,COVERED-BY,step2.content,CANDIDATE GAP,PHRASING,$invoicedtechhour $techtime allocated,$invoicedtechhour,,"no case of ours contains '$invoicedtechhour' together with ['$techtime', 'allocated']",<li>Verify tech <strong>$InvoicedTechHours</strong> (allocated tech time is the <strong>same</strong> as <strong>$TechTime</strong> when only one tech is clocked into the line)</li>
38,C1779,Vladimir Tomovic,Test Cases > Reports > Technician Efficiency,COVERED-BY,step2.expected,CANDIDATE GAP,PHRASING,$invoicedtechhour $techproportion strong,$invoicedtechhour,,"no case of ours contains '$invoicedtechhour' together with ['$techproportion', 'strong']",<li><strong>$InvoicedTechHours</strong> = $TechProportion
38,C1779,Vladimir Tomovic,Test Cases > Reports > Technician Efficiency,COVERED-BY,step3.content,CANDIDATE GAP,PHRASING,efficiency line strong,efficiency,,"no case of ours contains 'efficiency' together with ['line', 'strong']",<li>Verify tech <strong>Efficiency</strong> for that WO line </li>
38,C1779,Vladimir Tomovic,Test Cases > Reports > Technician Efficiency,COVERED-BY,step3.expected,CANDIDATE GAP,PHRASING,$clockedhour $invoicedtechhour $techefficiency,$clockedhour,,"no case of ours contains '$clockedhour' together with ['$invoicedtechhour', '$techefficiency']",<li><strong>$TechEfficiency</strong> = ($InvoicedTechHours / $ClockedHours)
38,C1779,Vladimir Tomovic,Test Cases > Reports > Technician Efficiency,COVERED-BY,step4.content,CANDIDATE GAP,PHRASING,hour line profit,hour,,"no case of ours contains 'hour' together with ['line', 'profit']",<li>Verify tech <strong>Profit Hours</strong> for that WO line</li>
38,C1779,Vladimir Tomovic,Test Cases > Reports > Technician Efficiency,COVERED-BY,step4.expected,CANDIDATE GAP,PHRASING,$invoicedtechhour $techprofithour strong,$invoicedtechhour,,"no case of ours contains '$invoicedtechhour' together with ['$techprofithour', 'strong']",<li><strong>$TechProfitHours</strong> = $InvoicedTechHours
38,C1780,Vladimir Tomovic,Test Cases > Reports > Technician Efficiency,COVERED-BY,custom_preconds,CANDIDATE GAP,PHRASING,clocked exist invoiced,clocked,,"no case of ours contains 'clocked' together with ['exist', 'invoiced']",<li>An invoiced WO with <strong>multiple</strong> tech clocked in times on the same line exists</li>
38,C1780,Vladimir Tomovic,Test Cases > Reports > Technician Efficiency,COVERED-BY,custom_preconds,CANDIDATE GAP,PHRASING,base efficiency navigated,base,,"no case of ours contains 'base' together with ['efficiency', 'navigated']",<li>User is navigated to the {{BASE_URL}}/reports/technician-efficiency</li>
38,C1780,Vladimir Tomovic,Test Cases > Reports > Technician Efficiency,COVERED-BY,custom_preconds,CANDIDATE GAP,PHRASING,$clockedhour $efficiency $hoursprofit,$clockedhour,,"no case of ours contains '$clockedhour' together with ['$efficiency', '$hoursprofit']",<p>Note:<br /><strong>$ClockedHours</strong> → tech's actual clocked hours on the line<br /><strong>$TechTime</strong> → tech's time defined on the <strong>Edit Line</strong> modal<br /><strong>$InvoicedTechHours</strong> → tech's allocated clocked hours<br /><strong>$HoursProfit</strong> → tech's profit hours<br /><strong>$Efficiency</strong> → tech's efficiency</p>
38,C1780,Vladimir Tomovic,Test Cases > Reports > Technician Efficiency,COVERED-BY,step1.content,CANDIDATE GAP,PHRASING,calculate line proportion,calculate,,"no case of ours contains 'calculate' together with ['line', 'proportion']",<li>Calculate proportion of the time spend on the line for all techs </li>
38,C1780,Vladimir Tomovic,Test Cases > Reports > Technician Efficiency,COVERED-BY,step1.expected,CANDIDATE GAP,PHRASING,$clockedhours1 $clockedhours2 $tech1proportion,$clockedhours1,,"no case of ours contains '$clockedhours1' together with ['$clockedhours2', '$tech1proportion']",<li><strong>$Tech1Proportion</strong> = $ClockedHours1 / ($ClockedHours1 + $ClockedHours2)</li>
38,C1780,Vladimir Tomovic,Test Cases > Reports > Technician Efficiency,COVERED-BY,step1.expected,CANDIDATE GAP,PHRASING,$clockedhours1 $clockedhours2 $tech2proportion,$clockedhours1,,"no case of ours contains '$clockedhours1' together with ['$clockedhours2', '$tech2proportion']",<li><strong>$Tech2Proportion</strong> = $ClockedHours2 / ($ClockedHours1 + $ClockedHours2)</li>
38,C1780,Vladimir Tomovic,Test Cases > Reports > Technician Efficiency,COVERED-BY,step2.content,CANDIDATE GAP,PHRASING,$invoicedtechhour $techtime allocated,$invoicedtechhour,,"no case of ours contains '$invoicedtechhour' together with ['$techtime', 'allocated']",<li>Verify tech <strong>$InvoicedTechHours</strong> (allocated tech time is <strong>different</strong> from <strong>$TechTime</strong> when multiple techs are clocked into the same line)</li>
38,C1780,Vladimir Tomovic,Test Cases > Reports > Technician Efficiency,COVERED-BY,step2.expected,CANDIDATE GAP,PHRASING,$invoicedtechhours1 $tech1proportion strong,$invoicedtechhours1,,"no case of ours contains '$invoicedtechhours1' together with ['$tech1proportion', 'strong']",<li><strong>$InvoicedTechHours1</strong> = $Tech1Proportion
38,C1780,Vladimir Tomovic,Test Cases > Reports > Technician Efficiency,COVERED-BY,step2.expected,CANDIDATE GAP,PHRASING,$invoicedtechhours2 $tech2proportion strong,$invoicedtechhours2,,"no case of ours contains '$invoicedtechhours2' together with ['$tech2proportion', 'strong']",<li><strong>$InvoicedTechHours2</strong> = $Tech2Proportion
38,C1780,Vladimir Tomovic,Test Cases > Reports > Technician Efficiency,COVERED-BY,step3.content,CANDIDATE GAP,PHRASING,efficiency line strong,efficiency,,"no case of ours contains 'efficiency' together with ['line', 'strong']",<li>Verify tech <strong>Efficiency</strong> for that WO line </li>
38,C1780,Vladimir Tomovic,Test Cases > Reports > Technician Efficiency,COVERED-BY,step3.expected,CANDIDATE GAP,PHRASING,$clockedhours1 $invoicedtech1hour $tech1efficiency,$clockedhours1,,"no case of ours contains '$clockedhours1' together with ['$invoicedtech1hour', '$tech1efficiency']",<li><strong>$Tech1Efficiency</strong> = ($InvoicedTech1Hours / $ClockedHours1)
38,C1780,Vladimir Tomovic,Test Cases > Reports > Technician Efficiency,COVERED-BY,step3.expected,CANDIDATE GAP,PHRASING,$clockedhours2 $invoicedtech2hour $tech2efficiency,$clockedhours2,,"no case of ours contains '$clockedhours2' together with ['$invoicedtech2hour', '$tech2efficiency']",<li><strong>$Tech2Efficiency</strong> = ($InvoicedTech2Hours / $ClockedHours2)
38,C1780,Vladimir Tomovic,Test Cases > Reports > Technician Efficiency,COVERED-BY,step4.content,CANDIDATE GAP,PHRASING,hour line profit,hour,,"no case of ours contains 'hour' together with ['line', 'profit']",<li>Verify tech <strong>Profit Hours</strong> for that WO line</li>
38,C1780,Vladimir Tomovic,Test Cases > Reports > Technician Efficiency,COVERED-BY,step4.expected,CANDIDATE GAP,PHRASING,$invoicedtechhours1 $tech1profithour strong,$invoicedtechhours1,,"no case of ours contains '$invoicedtechhours1' together with ['$tech1profithour', 'strong']",<li><strong>$Tech1ProfitHours</strong> = $InvoicedTechHours1
38,C1780,Vladimir Tomovic,Test Cases > Reports > Technician Efficiency,COVERED-BY,step4.expected,CANDIDATE GAP,PHRASING,$invoicedtechhours2 $tech2profithour strong,$invoicedtechhours2,,"no case of ours contains '$invoicedtechhours2' together with ['$tech2profithour', 'strong']",<li><strong>$Tech2ProfitHours</strong> = $InvoicedTechHours2
38,C1781,Vladimir Tomovic,Test Cases > Reports > Technician Efficiency,COVERED-BY,custom_preconds,CANDIDATE GAP,PHRASING,clocked exist invoiced,clocked,,"no case of ours contains 'clocked' together with ['exist', 'invoiced']",<li>An <strong>invoiced</strong> WO with multiple tech clocked in times on the same line exists</li>
38,C1781,Vladimir Tomovic,Test Cases > Reports > Technician Efficiency,COVERED-BY,custom_preconds,CANDIDATE GAP,PHRASING,base efficiency navigated,base,,"no case of ours contains 'base' together with ['efficiency', 'navigated']",<li>User is navigated to the {{BASE_URL}}/reports/technician-efficiency</li>
38,C1798,Vladimir Tomovic,Test Cases > Reports > Technician Efficiency,COVERED-BY,custom_preconds,CANDIDATE GAP,PHRASING,clocked exist invoiced,clocked,,"no case of ours contains 'clocked' together with ['exist', 'invoiced']",<li><strong>Multiple</strong> invoiced WOs with tech clocked in time exist</li>
38,C1798,Vladimir Tomovic,Test Cases > Reports > Technician Efficiency,COVERED-BY,custom_preconds,CANDIDATE GAP,PHRASING,base efficiency navigated,base,,"no case of ours contains 'base' together with ['efficiency', 'navigated']",<li>User is navigated to the {{BASE_URL}}/reports/technician-efficiency</li>
38,C1798,Vladimir Tomovic,Test Cases > Reports > Technician Efficiency,COVERED-BY,custom_preconds,CANDIDATE GAP,PHRASING,$clockedhour $efficiency $hoursprofit,$clockedhour,,"no case of ours contains '$clockedhour' together with ['$efficiency', '$hoursprofit']",<p>Note:<br /><strong>$ClockedHours</strong> → tech's actual clocked hours on the line<br /><strong>$TechTime</strong> → tech's time defined on the Edit Line modal<br /><strong>$InvoicedTechHours</strong> → tech's allocated clocked hours<br /><strong>$HoursProfit</strong> → tech's profit hours<br /><strong>$Efficiency</strong> → tech's efficiency</p>
38,C1798,Vladimir Tomovic,Test Cases > Reports > Technician Efficiency,COVERED-BY,step1.content,CANDIDATE GAP,PHRASING,$clockedhour strong summary,$clockedhour,,"no case of ours contains '$clockedhour' together with ['strong', 'summary']",<li>Verify tech summary <strong>$ClockedHours</strong></li>
38,C1798,Vladimir Tomovic,Test Cases > Reports > Technician Efficiency,COVERED-BY,step1.expected,CANDIDATE GAP,PHRASING,$clockedhour $clockedhourssum correct,$clockedhour,,"no case of ours contains '$clockedhour' together with ['$clockedhourssum', 'correct']",<li>Sum of all <strong>$ClockedHours</strong> per user is correct ($ClockedHoursSum)</li>
38,C1798,Vladimir Tomovic,Test Cases > Reports > Technician Efficiency,COVERED-BY,step2.content,CANDIDATE GAP,PHRASING,$invoicedtechhour strong summary,$invoicedtechhour,,"no case of ours contains '$invoicedtechhour' together with ['strong', 'summary']",<li>Verify tech summary for <strong>$InvoicedTechHours</strong> </li>
38,C1798,Vladimir Tomovic,Test Cases > Reports > Technician Efficiency,COVERED-BY,step2.expected,CANDIDATE GAP,PHRASING,$invoicedtechhour $invoicedtechhourssum correct,$invoicedtechhour,,"no case of ours contains '$invoicedtechhour' together with ['$invoicedtechhourssum', 'correct']",<li>Sum of all <strong>$InvoicedTechHours</strong> per user is correct ($InvoicedTechHoursSum)</li>
38,C1798,Vladimir Tomovic,Test Cases > Reports > Technician Efficiency,COVERED-BY,step3.content,CANDIDATE GAP,PHRASING,hour profit strong,hour,,"no case of ours contains 'hour' together with ['profit', 'strong']",<li>Verify tech summary for <strong>Profit Hours</strong></li>
38,C1798,Vladimir Tomovic,Test Cases > Reports > Technician Efficiency,COVERED-BY,step3.expected,CANDIDATE GAP,PHRASING,$profithourssum correct hour,$profithourssum,,"no case of ours contains '$profithourssum' together with ['correct', 'hour']",<li>Sum of all <strong>Profit Hours</strong> per user is correct ($ProfitHoursSum)</li>
38,C1798,Vladimir Tomovic,Test Cases > Reports > Technician Efficiency,COVERED-BY,step4.content,CANDIDATE GAP,PHRASING,efficiency strong summary,efficiency,,"no case of ours contains 'efficiency' together with ['strong', 'summary']",<li>Verify tech summary for <strong>Efficiency</strong></li>
38,C1798,Vladimir Tomovic,Test Cases > Reports > Technician Efficiency,COVERED-BY,step4.expected,CANDIDATE GAP,PHRASING,$clockedhourssum $invoicedtechhourssum correct,$clockedhourssum,,"no case of ours contains '$clockedhourssum' together with ['$invoicedtechhourssum', 'correct']",<li><p>Sum of all <strong>Efficiency</strong> per user is correct<br />($InvoicedTechHoursSum / $ClockedHoursSum)
38,C1799,Vladimir Tomovic,Test Cases > Reports > Technician Efficiency,COVERED-BY,custom_preconds,CANDIDATE GAP,PHRASING,clocked exist invoiced,clocked,,"no case of ours contains 'clocked' together with ['exist', 'invoiced']",<li><strong>Multiple</strong> invoiced WOs with tech clocked in time exist</li>
38,C1799,Vladimir Tomovic,Test Cases > Reports > Technician Efficiency,COVERED-BY,custom_preconds,CANDIDATE GAP,PHRASING,base efficiency navigated,base,,"no case of ours contains 'base' together with ['efficiency', 'navigated']",<li>User is navigated to the {{BASE_URL}}/reports/technician-efficiency</li>
38,C1799,Vladimir Tomovic,Test Cases > Reports > Technician Efficiency,COVERED-BY,custom_preconds,CANDIDATE GAP,PHRASING,$clockedhour $efficiency $hoursprofit,$clockedhour,,"no case of ours contains '$clockedhour' together with ['$efficiency', '$hoursprofit']",<p>Note:<br /><strong>$ClockedHours</strong> → tech's actual clocked hours on the line<br /><strong>$TechTime</strong> → tech's time defined on the Edit Line modal<br /><strong>$InvoicedTechHours</strong> → tech's allocated clocked hours<br /><strong>$HoursProfit</strong> → tech's profit hours<br /><strong>$Efficiency</strong> → tech's efficiency</p>
38,C1799,Vladimir Tomovic,Test Cases > Reports > Technician Efficiency,COVERED-BY,step1.content,CANDIDATE GAP,PHRASING,$clockedhour strong tech,$clockedhour,,"no case of ours contains '$clockedhour' together with ['strong', 'tech']",<li>Verify total <strong>$ClockedHours</strong> for all techs</li>
38,C1799,Vladimir Tomovic,Test Cases > Reports > Technician Efficiency,COVERED-BY,step1.expected,CANDIDATE GAP,PHRASING,$clockedhour $clockedhourstotal correct,$clockedhour,,"no case of ours contains '$clockedhour' together with ['$clockedhourstotal', 'correct']",<li>Sum of all <strong>$ClockedHours</strong> for <strong>all users</strong> is correct ($ClockedHoursTotal)</li>
38,C1799,Vladimir Tomovic,Test Cases > Reports > Technician Efficiency,COVERED-BY,step2.content,CANDIDATE GAP,PHRASING,$invoicedtechhour strong tech,$invoicedtechhour,,"no case of ours contains '$invoicedtechhour' together with ['strong', 'tech']",<li>Verify total <strong>$InvoicedTechHours</strong> for all techs</li>
38,C1799,Vladimir Tomovic,Test Cases > Reports > Technician Efficiency,COVERED-BY,step2.expected,CANDIDATE GAP,PHRASING,$invoicedtechhour $invoicedtechhourstotal correct,$invoicedtechhour,,"no case of ours contains '$invoicedtechhour' together with ['$invoicedtechhourstotal', 'correct']",<li>Sum of all <strong>$InvoicedTechHours</strong> for <strong>all users</strong> is correct ($InvoicedTechHoursTotal)</li>
38,C1799,Vladimir Tomovic,Test Cases > Reports > Technician Efficiency,COVERED-BY,step3.content,CANDIDATE GAP,PHRASING,hour profit strong,hour,,"no case of ours contains 'hour' together with ['profit', 'strong']",<li>Verify total <strong>Profit Hours</strong> for all techs</li>
38,C1799,Vladimir Tomovic,Test Cases > Reports > Technician Efficiency,COVERED-BY,step3.expected,CANDIDATE GAP,PHRASING,$profithourstotal correct hour,$profithourstotal,,"no case of ours contains '$profithourstotal' together with ['correct', 'hour']",<li>Sum of all <strong>Profit Hours</strong> for <strong>all users</strong> is correct ($ProfitHoursTotal)</li>
38,C1799,Vladimir Tomovic,Test Cases > Reports > Technician Efficiency,COVERED-BY,step4.content,CANDIDATE GAP,PHRASING,efficiency strong tech,efficiency,,"no case of ours contains 'efficiency' together with ['strong', 'tech']",<li>Verify total <strong>Efficiency</strong> for all techs</li>
38,C1799,Vladimir Tomovic,Test Cases > Reports > Technician Efficiency,COVERED-BY,step4.expected,CANDIDATE GAP,PHRASING,$clockedhourstotal $invoicedtechhourstotal correct,$clockedhourstotal,,"no case of ours contains '$clockedhourstotal' together with ['$invoicedtechhourstotal', 'correct']",<li><p>Sum of all <strong>Efficiency</strong> for <strong>all users</strong> is correct<br />($InvoicedTechHoursTotal / $ClockedHoursTotal)
38,C1783,Vladimir Tomovic,Test Cases > Reports > Technician Efficiency,COVERED-BY,custom_preconds,CANDIDATE GAP,PHRASING,clocked exist invoiced,clocked,,"no case of ours contains 'clocked' together with ['exist', 'invoiced']",<li>An invoiced WO with multiple clocked in times exists</li>
38,C1783,Vladimir Tomovic,Test Cases > Reports > Technician Efficiency,COVERED-BY,custom_preconds,CANDIDATE GAP,PHRASING,base efficiency navigated,base,,"no case of ours contains 'base' together with ['efficiency', 'navigated']",<li>User is navigated to the {{BASE_URL}}/reports/technician-efficiency</li>
38,C1783,Vladimir Tomovic,Test Cases > Reports > Technician Efficiency,COVERED-BY,step1.content,CANDIDATE GAP,PHRASING,corner dots menu,corner,,"no case of ours contains 'corner' together with ['dots', 'menu']",<li>Click on the <strong>menu</strong> (3 dots) in top right corner</li>
38,C1783,Vladimir Tomovic,Test Cases > Reports > Technician Efficiency,COVERED-BY,step1.expected,CANDIDATE GAP,PHRASING,dropdown list option,dropdown,,"no case of ours contains 'dropdown' together with ['list', 'option']",<li><p>A dropdown list with 2 options opens:</p>
38,C1783,Vladimir Tomovic,Test Cases > Reports > Technician Efficiency,COVERED-BY,step1.expected,CANDIDATE GAP,PHRASING,strong summary,strong,,no case of ours contains 'strong' together with ['summary'],<li><strong>Download Summary</strong></li>
38,C1783,Vladimir Tomovic,Test Cases > Reports > Technician Efficiency,COVERED-BY,step1.expected,CANDIDATE GAP,PHRASING,expanded strong,expanded,,no case of ours contains 'expanded' together with ['strong'],<li><strong>Download Expanded View</strong></li>
38,C1783,Vladimir Tomovic,Test Cases > Reports > Technician Efficiency,COVERED-BY,step2.content,CANDIDATE GAP,PHRASING,strong summary,strong,,no case of ours contains 'strong' together with ['summary'],<li>Click on <strong>Download Summary</strong></li>
38,C1783,Vladimir Tomovic,Test Cases > Reports > Technician Efficiency,COVERED-BY,step2.expected,CANDIDATE GAP,PHRASING,downloaded efficiency summary.pdf,downloaded,,"no case of ours contains 'downloaded' together with ['efficiency', 'summary.pdf']",<li>Technician-Efficiency-summary.pdf reports is downloaded</li>
38,C1783,Vladimir Tomovic,Test Cases > Reports > Technician Efficiency,COVERED-BY,step3.content,CANDIDATE GAP,PHRASING,corner dots menu,corner,,"no case of ours contains 'corner' together with ['dots', 'menu']",<li>Click on the <strong>menu</strong> (3 dots) in top right corner</li>
38,C1783,Vladimir Tomovic,Test Cases > Reports > Technician Efficiency,COVERED-BY,step3.expected,CANDIDATE GAP,PHRASING,dropdown list option,dropdown,,"no case of ours contains 'dropdown' together with ['list', 'option']",<li><p>A dropdown list with 2 options opens:</p>
38,C1783,Vladimir Tomovic,Test Cases > Reports > Technician Efficiency,COVERED-BY,step3.expected,CANDIDATE GAP,PHRASING,strong summary,strong,,no case of ours contains 'strong' together with ['summary'],<li><strong>Download Summary</strong></li>
38,C1783,Vladimir Tomovic,Test Cases > Reports > Technician Efficiency,COVERED-BY,step3.expected,CANDIDATE GAP,PHRASING,expanded strong,expanded,,no case of ours contains 'expanded' together with ['strong'],<li><strong>Download Expanded View</strong></li>
38,C1783,Vladimir Tomovic,Test Cases > Reports > Technician Efficiency,COVERED-BY,step4.content,CANDIDATE GAP,PHRASING,expanded strong,expanded,,no case of ours contains 'expanded' together with ['strong'],<li>Click on <strong>Download Expanded View</strong></li>
38,C1783,Vladimir Tomovic,Test Cases > Reports > Technician Efficiency,COVERED-BY,step4.expected,CANDIDATE GAP,PHRASING,downloaded efficiency expandedview.pdf,downloaded,,"no case of ours contains 'downloaded' together with ['efficiency', 'expandedview.pdf']",<li>Technician-Efficiency-expandedView.pdf reports is downloaded</li>
38,C1784,Vladimir Tomovic,Test Cases > Reports > Technician Efficiency,COVERED-BY,custom_preconds,CANDIDATE GAP,PHRASING,clocked exist invoiced,clocked,,"no case of ours contains 'clocked' together with ['exist', 'invoiced']",<li>An invoiced WO with multiple clocked in times exists</li>
38,C1784,Vladimir Tomovic,Test Cases > Reports > Technician Efficiency,COVERED-BY,custom_preconds,CANDIDATE GAP,PHRASING,base efficiency navigated,base,,"no case of ours contains 'base' together with ['efficiency', 'navigated']",<li>User is navigated to the {{BASE_URL}}/reports/technician-efficiency</li>
38,C1784,Vladimir Tomovic,Test Cases > Reports > Technician Efficiency,COVERED-BY,custom_preconds,CANDIDATE GAP,PHRASING,downloaded efficiency summary.pdf,downloaded,,"no case of ours contains 'downloaded' together with ['efficiency', 'summary.pdf']",<li>Technician-Efficiency-summary.pdf reports is downloaded</li>
38,C1784,Vladimir Tomovic,Test Cases > Reports > Technician Efficiency,COVERED-BY,step1.content,CANDIDATE GAP,PHRASING,data strong summary,data,,"no case of ours contains 'data' together with ['strong', 'summary']",<li>Verify data on the <strong>Summary</strong> report</li>
38,C1784,Vladimir Tomovic,Test Cases > Reports > Technician Efficiency,COVERED-BY,step1.expected,CANDIDATE GAP,PHRASING,strong structure summary,strong,,"no case of ours contains 'strong' together with ['structure', 'summary']",<li><p>The <strong>Summary</strong> reports structure:</p>
38,C1784,Vladimir Tomovic,Test Cases > Reports > Technician Efficiency,COVERED-BY,step1.expected,CANDIDATE GAP,PHRASING,corner left location,corner,,"no case of ours contains 'corner' together with ['left', 'location']",<li><p><strong>Location name</strong> is visible in top left corner</p>
38,C1784,Vladimir Tomovic,Test Cases > Reports > Technician Efficiency,COVERED-BY,step1.expected,CANDIDATE GAP,PHRASING,address location name,address,,"no case of ours contains 'address' together with ['location', 'name']",<li><strong>Location address</strong> is visible under Location name</li>
38,C1784,Vladimir Tomovic,Test Cases > Reports > Technician Efficiency,COVERED-BY,step1.expected,CANDIDATE GAP,PHRASING,efficiency strong tech,efficiency,,"no case of ours contains 'efficiency' together with ['strong', 'tech']",<li><p>Report title <strong>Tech Efficiency</strong> is visible</p>
38,C1784,Vladimir Tomovic,Test Cases > Reports > Technician Efficiency,COVERED-BY,step1.expected,CANDIDATE GAP,PHRASING,strong subtitle summary,strong,,"no case of ours contains 'strong' together with ['subtitle', 'summary']",<li><p>Report subtitle <strong>Summary</strong> is visible</p>
38,C1784,Vladimir Tomovic,Test Cases > Reports > Technician Efficiency,COVERED-BY,step1.expected,CANDIDATE GAP,PHRASING,corner logo organization,corner,,"no case of ours contains 'corner' together with ['logo', 'organization']",<li>Organization <strong>logo</strong> is visible in top right corner </li>
38,C1784,Vladimir Tomovic,Test Cases > Reports > Technician Efficiency,COVERED-BY,step1.expected,CANDIDATE GAP,PHRASING,date e.g invoice,date,,"no case of ours contains 'date' together with ['e.g', 'invoice']","<li><p><strong>Invoice Date Range</strong> is visible under logo (e.g., Invoice Date Range:"
38,C1784,Vladimir Tomovic,Test Cases > Reports > Technician Efficiency,COVERED-BY,step1.expected,CANDIDATE GAP,PHRASING,bolded date font,bolded,,"no case of ours contains 'bolded' together with ['date', 'font']",<li>Invoice Date Range label fonts are bolded</li>
38,C1784,Vladimir Tomovic,Test Cases > Reports > Technician Efficiency,COVERED-BY,step1.expected,CANDIDATE GAP,PHRASING,dat date filter,dat,,"no case of ours contains 'dat' together with ['date', 'filter']",<li>Date range is showing dates that are previously selected in the date filter</li>
38,C1784,Vladimir Tomovic,Test Cases > Reports > Technician Efficiency,COVERED-BY,step1.expected,CANDIDATE GAP,PHRASING,header strong table,header,,"no case of ours contains 'header' together with ['strong', 'table']",<li><p>Table <strong>header</strong> is visible:</p>
38,C1784,Vladimir Tomovic,Test Cases > Reports > Technician Efficiency,COVERED-BY,step1.expected,CANDIDATE GAP,PHRASING,background gray header,background,,"no case of ours contains 'background' together with ['gray', 'header']",<li>header has light gray background</li>
38,C1784,Vladimir Tomovic,Test Cases > Reports > Technician Efficiency,COVERED-BY,step1.expected,CANDIDATE GAP,PHRASING,bolded font header,bolded,,"no case of ours contains 'bolded' together with ['font', 'header']",<li>header fonts are bolded</li>
38,C1784,Vladimir Tomovic,Test Cases > Reports > Technician Efficiency,COVERED-BY,step1.expected,CANDIDATE GAP,PHRASING,column contain header,column,,"no case of ours contains 'column' together with ['contain', 'header']",<li><p>header contains columns:</p>
38,C1784,Vladimir Tomovic,Test Cases > Reports > Technician Efficiency,COVERED-BY,step1.expected,CANDIDATE GAP,PHRASING,hour invoiced tech,hour,,"no case of ours contains 'hour' together with ['invoiced', 'tech']",<li>Invoiced Tech Hours</li>
38,C1784,Vladimir Tomovic,Test Cases > Reports > Technician Efficiency,COVERED-BY,step1.expected,CANDIDATE GAP,PHRASING,rows strong table,rows,,"no case of ours contains 'rows' together with ['strong', 'table']",<li><p>Table <strong>rows</strong> are visible:</p>
38,C1784,Vladimir Tomovic,Test Cases > Reports > Technician Efficiency,COVERED-BY,step1.expected,CANDIDATE GAP,PHRASING,gray light line,gray,,"no case of ours contains 'gray' together with ['light', 'line']",<li>each technician row is separated by a light gray line</li>
38,C1784,Vladimir Tomovic,Test Cases > Reports > Technician Efficiency,COVERED-BY,step1.expected,CANDIDATE GAP,PHRASING,aka footer strong,aka,,"no case of ours contains 'aka' together with ['footer', 'strong']",<li><p>Table <strong>footer</strong> aka <strong>Totals</strong> is visible</p>
38,C1784,Vladimir Tomovic,Test Cases > Reports > Technician Efficiency,COVERED-BY,step1.expected,CANDIDATE GAP,PHRASING,background footer gray,background,,"no case of ours contains 'background' together with ['footer', 'gray']",<li>footer has light gray background</li>
38,C1784,Vladimir Tomovic,Test Cases > Reports > Technician Efficiency,COVERED-BY,step1.expected,CANDIDATE GAP,PHRASING,bolded font footer,bolded,,"no case of ours contains 'bolded' together with ['font', 'footer']",<li>footer fonts are bolded</li>
38,C1784,Vladimir Tomovic,Test Cases > Reports > Technician Efficiency,COVERED-BY,step1.expected,CANDIDATE GAP,PHRASING,bottom gst number,bottom,,"no case of ours contains 'bottom' together with ['gst', 'number']",<li><p><strong>GST</strong> number and <strong>page</strong> numbers are not visible on the bottom of the page</p></li>
38,C1785,Vladimir Tomovic,Test Cases > Reports > Technician Efficiency,COVERED-BY,custom_preconds,CANDIDATE GAP,PHRASING,clocked exist invoiced,clocked,,"no case of ours contains 'clocked' together with ['exist', 'invoiced']",<li>An invoiced WO with multiple clocked in times exists</li>
38,C1785,Vladimir Tomovic,Test Cases > Reports > Technician Efficiency,COVERED-BY,custom_preconds,CANDIDATE GAP,PHRASING,base efficiency navigated,base,,"no case of ours contains 'base' together with ['efficiency', 'navigated']",<li>User is navigated to the {{BASE_URL}}/reports/technician-efficiency</li>
38,C1785,Vladimir Tomovic,Test Cases > Reports > Technician Efficiency,COVERED-BY,custom_preconds,CANDIDATE GAP,PHRASING,downloaded efficiency expandedview.pdf,downloaded,,"no case of ours contains 'downloaded' together with ['efficiency', 'expandedview.pdf']",<li>Technician-Efficiency-expandedView.pdf reports is downloaded</li>
38,C1785,Vladimir Tomovic,Test Cases > Reports > Technician Efficiency,COVERED-BY,step1.content,CANDIDATE GAP,PHRASING,data expandedview strong,data,,"no case of ours contains 'data' together with ['expandedview', 'strong']",<li>Verify data on the <strong>ExpandedView</strong> report</li>
38,C1785,Vladimir Tomovic,Test Cases > Reports > Technician Efficiency,COVERED-BY,step1.expected,CANDIDATE GAP,PHRASING,company full header,company,,"no case of ours contains 'company' together with ['full', 'header']",<li>Each technician's section should start with the full company header on top.
38,C1785,Vladimir Tomovic,Test Cases > Reports > Technician Efficiency,COVERED-BY,step1.expected,CANDIDATE GAP,PHRASING,first header multiple,first,,"no case of ours contains 'first' together with ['header', 'multiple']","If a technician's report spans multiple pages, the header should appear only on the first page</li>"
38,C1785,Vladimir Tomovic,Test Cases > Reports > Technician Efficiency,COVERED-BY,step1.expected,CANDIDATE GAP,PHRASING,expandedview strong structure,expandedview,,"no case of ours contains 'expandedview' together with ['strong', 'structure']",<li><p>The <strong>ExpandedView</strong> reports structure:</p>
38,C1785,Vladimir Tomovic,Test Cases > Reports > Technician Efficiency,COVERED-BY,step1.expected,CANDIDATE GAP,PHRASING,corner left location,corner,,"no case of ours contains 'corner' together with ['left', 'location']",<li><p><strong>Location name</strong> is visible in top left corner</p>
38,C1785,Vladimir Tomovic,Test Cases > Reports > Technician Efficiency,COVERED-BY,step1.expected,CANDIDATE GAP,PHRASING,address location name,address,,"no case of ours contains 'address' together with ['location', 'name']",<li><strong>Location address</strong> is visible under Location name</li>
38,C1785,Vladimir Tomovic,Test Cases > Reports > Technician Efficiency,COVERED-BY,step1.expected,CANDIDATE GAP,PHRASING,efficiency strong tech,efficiency,,"no case of ours contains 'efficiency' together with ['strong', 'tech']",<li><p>Report title <strong>Tech Efficiency</strong> is visible</p>
38,C1785,Vladimir Tomovic,Test Cases > Reports > Technician Efficiency,COVERED-BY,step1.expected,CANDIDATE GAP,PHRASING,$technicianname strong subtitle,$technicianname,,"no case of ours contains '$technicianname' together with ['strong', 'subtitle']",<li><p>Report subtitle <strong>$TechnicianName</strong> is visible</p>
38,C1785,Vladimir Tomovic,Test Cases > Reports > Technician Efficiency,COVERED-BY,step1.expected,CANDIDATE GAP,PHRASING,corner logo organization,corner,,"no case of ours contains 'corner' together with ['logo', 'organization']",<li>Organization <strong>logo</strong> is visible in top right corner </li>
38,C1785,Vladimir Tomovic,Test Cases > Reports > Technician Efficiency,COVERED-BY,step1.expected,CANDIDATE GAP,PHRASING,date e.g invoice,date,,"no case of ours contains 'date' together with ['e.g', 'invoice']","<li><p><strong>Invoice Date Range</strong> is visible under logo (e.g., Invoice Date Range:"
38,C1785,Vladimir Tomovic,Test Cases > Reports > Technician Efficiency,COVERED-BY,step1.expected,CANDIDATE GAP,PHRASING,bolded date font,bolded,,"no case of ours contains 'bolded' together with ['date', 'font']",<li>Invoice Date Range label fonts are bolded</li>
38,C1785,Vladimir Tomovic,Test Cases > Reports > Technician Efficiency,COVERED-BY,step1.expected,CANDIDATE GAP,PHRASING,dat date filter,dat,,"no case of ours contains 'dat' together with ['date', 'filter']",<li>Date range is showing dates that are previously selected in the date filter</li>
38,C1785,Vladimir Tomovic,Test Cases > Reports > Technician Efficiency,COVERED-BY,step1.expected,CANDIDATE GAP,PHRASING,header strong table,header,,"no case of ours contains 'header' together with ['strong', 'table']",<li><p>Table <strong>header</strong> is visible:</p>
38,C1785,Vladimir Tomovic,Test Cases > Reports > Technician Efficiency,COVERED-BY,step1.expected,CANDIDATE GAP,PHRASING,background gray header,background,,"no case of ours contains 'background' together with ['gray', 'header']",<li>header has light gray background</li>
38,C1785,Vladimir Tomovic,Test Cases > Reports > Technician Efficiency,COVERED-BY,step1.expected,CANDIDATE GAP,PHRASING,bolded font header,bolded,,"no case of ours contains 'bolded' together with ['font', 'header']",<li>header fonts are bolded</li>
38,C1785,Vladimir Tomovic,Test Cases > Reports > Technician Efficiency,COVERED-BY,step1.expected,CANDIDATE GAP,PHRASING,column contain header,column,,"no case of ours contains 'column' together with ['contain', 'header']",<li><p>header contains columns:</p>
38,C1785,Vladimir Tomovic,Test Cases > Reports > Technician Efficiency,COVERED-BY,step1.expected,CANDIDATE GAP,PHRASING,hour invoiced tech,hour,,"no case of ours contains 'hour' together with ['invoiced', 'tech']",<li>Invoiced Tech Hours</li>
38,C1785,Vladimir Tomovic,Test Cases > Reports > Technician Efficiency,COVERED-BY,step1.expected,CANDIDATE GAP,PHRASING,rows strong table,rows,,"no case of ours contains 'rows' together with ['strong', 'table']",<li><p>Table <strong>rows</strong> are visible:</p>
38,C1785,Vladimir Tomovic,Test Cases > Reports > Technician Efficiency,COVERED-BY,step1.expected,CANDIDATE GAP,PHRASING,gray light line,gray,,"no case of ours contains 'gray' together with ['light', 'line']",<li>each technician row is separated by a light gray line</li>
38,C1785,Vladimir Tomovic,Test Cases > Reports > Technician Efficiency,COVERED-BY,step1.expected,CANDIDATE GAP,PHRASING,aka footer strong,aka,,"no case of ours contains 'aka' together with ['footer', 'strong']",<li><p>Table <strong>footer</strong> aka <strong>Totals</strong> is visible</p>
38,C1785,Vladimir Tomovic,Test Cases > Reports > Technician Efficiency,COVERED-BY,step1.expected,CANDIDATE GAP,PHRASING,background footer gray,background,,"no case of ours contains 'background' together with ['footer', 'gray']",<li>footer has light gray background</li>
38,C1785,Vladimir Tomovic,Test Cases > Reports > Technician Efficiency,COVERED-BY,step1.expected,CANDIDATE GAP,PHRASING,bolded font footer,bolded,,"no case of ours contains 'bolded' together with ['font', 'footer']",<li>footer fonts are bolded</li>
38,C1785,Vladimir Tomovic,Test Cases > Reports > Technician Efficiency,COVERED-BY,step1.expected,CANDIDATE GAP,PHRASING,bottom gst number,bottom,,"no case of ours contains 'bottom' together with ['gst', 'number']",<li><strong>GST</strong> number and <strong>page</strong> numbers are not visible on the bottom of the page</li>
38,C1805,Vladimir Tomovic,Test Cases > Reports > Technician Efficiency,COVERED-BY,custom_preconds,CANDIDATE GAP,PHRASING,clocked exist lin,clocked,,"no case of ours contains 'clocked' together with ['exist', 'lin']",<li>WO with multiple lines and techs clocked into those lines exist</li>
38,C1805,Vladimir Tomovic,Test Cases > Reports > Technician Efficiency,COVERED-BY,custom_preconds,CANDIDATE GAP,PHRASING,complete created estimate,complete,,"no case of ours contains 'complete' together with ['created', 'estimate']",<li>WO is in <strong>Complete</strong> or <strong>Estimate</strong> status ( <strong>Invoice</strong> is not created )</li>
38,C1805,Vladimir Tomovic,Test Cases > Reports > Technician Efficiency,COVERED-BY,custom_preconds,CANDIDATE GAP,PHRASING,base efficiency navigated,base,,"no case of ours contains 'base' together with ['efficiency', 'navigated']",<li>User is navigated to the {{BASE_URL}}/reports/technician-efficiency</li>
38,C1805,Vladimir Tomovic,Test Cases > Reports > Technician Efficiency,COVERED-BY,custom_preconds,CANDIDATE GAP,PHRASING,date filter include,date,,"no case of ours contains 'date' together with ['filter', 'include']",<li>Filters are set to include WO date</li>
38,C1805,Vladimir Tomovic,Test Cases > Reports > Technician Efficiency,COVERED-BY,step1.expected,CANDIDATE GAP,PHRASING,clocked result tim,clocked,,"no case of ours contains 'clocked' together with ['result', 'tim']",<li>WO and clocked in times are not visible in the results</li>
38,C1805,Vladimir Tomovic,Test Cases > Reports > Technician Efficiency,COVERED-BY,step2.content,CANDIDATE GAP,PHRASING,back base create,back,,"no case of ours contains 'back' together with ['base', 'create']",<li>Navigate back to the WO and create invoice and then navigate to the {{BASE_URL}}/reports/technician-efficiency and verify existence of that WO in the results</li>
38,C1805,Vladimir Tomovic,Test Cases > Reports > Technician Efficiency,COVERED-BY,step2.expected,CANDIDATE GAP,PHRASING,clocked now result,clocked,,"no case of ours contains 'clocked' together with ['now', 'result']",<li>WO and clocked in times are now visible in the results</li>
38,C1786,Vladimir Tomovic,Test Cases > Reports > Technician Efficiency,COVERED-BY,custom_preconds,CANDIDATE GAP,PHRASING,clocked exist invoiced,clocked,,"no case of ours contains 'clocked' together with ['exist', 'invoiced']",<li>An <strong>invoiced</strong> WO with multiple clocked in times exists</li>
38,C1786,Vladimir Tomovic,Test Cases > Reports > Technician Efficiency,COVERED-BY,custom_preconds,CANDIDATE GAP,PHRASING,base efficiency navigated,base,,"no case of ours contains 'base' together with ['efficiency', 'navigated']",<li>User is navigated to the {{BASE_URL}}/reports/technician-efficiency</li>
38,C1786,Vladimir Tomovic,Test Cases > Reports > Technician Efficiency,COVERED-BY,step1.content,CANDIDATE GAP,PHRASING,exist invoiced issued,exist,,"no case of ours contains 'exist' together with ['invoiced', 'issued']",<li>Verify records exist for the issued WO (Invoiced/Paid)</li>
38,C1786,Vladimir Tomovic,Test Cases > Reports > Technician Efficiency,COVERED-BY,step1.expected,CANDIDATE GAP,PHRASING,efficiency record strong,efficiency,,"no case of ours contains 'efficiency' together with ['record', 'strong']",<li>There are records for the WO under <strong>Technician Efficiency</strong></li>
38,C1786,Vladimir Tomovic,Test Cases > Reports > Technician Efficiency,COVERED-BY,step2.content,CANDIDATE GAP,PHRASING,exist issued payment,exist,,"no case of ours contains 'exist' together with ['issued', 'payment']",<li>Reverse Payment and Verify records exist for the issued WO</li>
38,C1786,Vladimir Tomovic,Test Cases > Reports > Technician Efficiency,COVERED-BY,step2.expected,CANDIDATE GAP,PHRASING,data efficiency invoice,data,,"no case of ours contains 'data' together with ['efficiency', 'invoice']",<li>Tech Efficiency data is no longer visible for that WO/Invoice</li>
38,C1801,Vladimir Tomovic,Test Cases > Reports > Technician Efficiency,COVERED-BY,custom_preconds,CANDIDATE GAP,PHRASING,clocked exist invoiced,clocked,,"no case of ours contains 'clocked' together with ['exist', 'invoiced']",<li>An invoiced WO with multiple clocked in times exists</li>
38,C1801,Vladimir Tomovic,Test Cases > Reports > Technician Efficiency,COVERED-BY,custom_preconds,CANDIDATE GAP,PHRASING,base efficiency navigated,base,,"no case of ours contains 'base' together with ['efficiency', 'navigated']",<li>User is navigated to the {{BASE_URL}}/reports/technician-efficiency</li>
38,C1801,Vladimir Tomovic,Test Cases > Reports > Technician Efficiency,COVERED-BY,step1.content,CANDIDATE GAP,PHRASING,date filter,date,,no case of ours contains 'date' together with ['filter'],<li>Verify default date filter</li>
38,C1801,Vladimir Tomovic,Test Cases > Reports > Technician Efficiency,COVERED-BY,step1.expected,CANDIDATE GAP,PHRASING,filter month set,filter,,"no case of ours contains 'filter' together with ['month', 'set']",<li>Filter is set to <strong>This Month</strong></li>
38,C1801,Vladimir Tomovic,Test Cases > Reports > Technician Efficiency,COVERED-BY,step2.content,CANDIDATE GAP,PHRASING,dropdown filter option,dropdown,,"no case of ours contains 'dropdown' together with ['filter', 'option']",<li>Click on <strong>Filter</strong> dropdown and verify dropdown options</li>
38,C1801,Vladimir Tomovic,Test Cases > Reports > Technician Efficiency,COVERED-BY,step2.expected,CANDIDATE GAP,PHRASING,dropdown filter following,dropdown,,"no case of ours contains 'dropdown' together with ['filter', 'following']",<li><p>The following <strong>Filter</strong> dropdown options are present:</p>
38,C1801,Vladimir Tomovic,Test Cases > Reports > Technician Efficiency,COVERED-BY,step3.content,CANDIDATE GAP,PHRASING,dropdown filter filtered,dropdown,,"no case of ours contains 'dropdown' together with ['filter', 'filtered']",<li>Click on each <strong>Filter</strong> dropdown option and verify filtered results</li>
38,C1801,Vladimir Tomovic,Test Cases > Reports > Technician Efficiency,COVERED-BY,step3.expected,CANDIDATE GAP,PHRASING,date rang record,date,,"no case of ours contains 'date' together with ['rang', 'record']",<li>Records are displayed only within selected date ranges</li>
38,C1802,Vladimir Tomovic,Test Cases > Reports > Technician Efficiency,COVERED-BY,custom_preconds,CANDIDATE GAP,PHRASING,clocked exist invoiced,clocked,,"no case of ours contains 'clocked' together with ['exist', 'invoiced']",<li>An invoiced WO with multiple clocked in times exists</li>
38,C1802,Vladimir Tomovic,Test Cases > Reports > Technician Efficiency,COVERED-BY,custom_preconds,CANDIDATE GAP,PHRASING,base efficiency navigated,base,,"no case of ours contains 'base' together with ['efficiency', 'navigated']",<li>User is navigated to the {{BASE_URL}}/reports/technician-efficiency</li>
38,C1802,Vladimir Tomovic,Test Cases > Reports > Technician Efficiency,COVERED-BY,step1.content,CANDIDATE GAP,PHRASING,invoice link number,invoice,,"no case of ours contains 'invoice' together with ['link', 'number']",<li>Click on any link under <strong>Invoice Number</strong></li>
38,C1802,Vladimir Tomovic,Test Cases > Reports > Technician Efficiency,COVERED-BY,step1.expected,CANDIDATE GAP,PHRASING,base lin url,base,,"no case of ours contains 'base' together with ['lin', 'url']",<li>User lands to {{BASE_URL}}/workorder/{{WO_ID}}/lines</li>
38,C1802,Vladimir Tomovic,Test Cases > Reports > Technician Efficiency,COVERED-BY,step2.content,CANDIDATE GAP,PHRASING,back base efficiency,back,,"no case of ours contains 'back' together with ['base', 'efficiency']",<li>Navigated back to the {{BASE_URL}}/reports/technician-efficiency page</li>
38,C1802,Vladimir Tomovic,Test Cases > Reports > Technician Efficiency,COVERED-BY,step2.content,CANDIDATE GAP,PHRASING,customer link strong,customer,,"no case of ours contains 'customer' together with ['link', 'strong']",<li>Click on any link under <strong>Customer</strong></li>
38,C1802,Vladimir Tomovic,Test Cases > Reports > Technician Efficiency,COVERED-BY,step2.expected,CANDIDATE GAP,PHRASING,base customer order,base,,"no case of ours contains 'base' together with ['customer', 'order']",<li>User lands to {{BASE_URL}}/customers/{{CUSTOMER_ID}}/work-orders</li>
38,C1802,Vladimir Tomovic,Test Cases > Reports > Technician Efficiency,COVERED-BY,step3.content,CANDIDATE GAP,PHRASING,back base efficiency,back,,"no case of ours contains 'back' together with ['base', 'efficiency']",<li>Navigated back to the {{BASE_URL}}/reports/technician-efficiency page</li>
38,C1802,Vladimir Tomovic,Test Cases > Reports > Technician Efficiency,COVERED-BY,step3.content,CANDIDATE GAP,PHRASING,clocked hour link,clocked,,"no case of ours contains 'clocked' together with ['hour', 'link']",<li>Click on any link under <strong>Clocked Hours</strong></li>
38,C1802,Vladimir Tomovic,Test Cases > Reports > Technician Efficiency,COVERED-BY,step3.expected,CANDIDATE GAP,PHRASING,base timesheet url,base,,"no case of ours contains 'base' together with ['timesheet', 'url']",<li>User lands to {{BASE_URL}}/workorder/{{WO_ID}}/timesheets</li>
38,C1802,Vladimir Tomovic,Test Cases > Reports > Technician Efficiency,COVERED-BY,step4.content,CANDIDATE GAP,PHRASING,back base efficiency,back,,"no case of ours contains 'back' together with ['base', 'efficiency']",<li>Navigated back to the {{BASE_URL}}/reports/technician-efficiency page</li>
38,C1802,Vladimir Tomovic,Test Cases > Reports > Technician Efficiency,COVERED-BY,step4.content,CANDIDATE GAP,PHRASING,hour invoiced link,hour,,"no case of ours contains 'hour' together with ['invoiced', 'link']",<li>Click on any link under <strong>Invoiced Tech Hours</strong></li>
38,C1802,Vladimir Tomovic,Test Cases > Reports > Technician Efficiency,COVERED-BY,step4.expected,CANDIDATE GAP,PHRASING,base customer lin,base,,"no case of ours contains 'base' together with ['customer', 'lin']",<li>User lands to {{BASE_URL}}/customers/{{CUSTOMER_ID}}/lines</li>
38,C1802,Vladimir Tomovic,Test Cases > Reports > Technician Efficiency,COVERED-BY,step4.expected,CANDIDATE GAP,PHRASING,edit line modal,edit,,"no case of ours contains 'edit' together with ['line', 'modal']",<li><strong>Edit Line</strong> modal opens</li>
38,C1803,Vladimir Tomovic,Test Cases > Reports > Technician Efficiency,COVERED-BY,custom_preconds,CANDIDATE GAP,PHRASING,clocked exist invoiced,clocked,,"no case of ours contains 'clocked' together with ['exist', 'invoiced']",<li>An invoiced WO with multiple clocked in times exists</li>
38,C1803,Vladimir Tomovic,Test Cases > Reports > Technician Efficiency,COVERED-BY,custom_preconds,CANDIDATE GAP,PHRASING,base efficiency navigated,base,,"no case of ours contains 'base' together with ['efficiency', 'navigated']",<li>User is navigated to the {{BASE_URL}}/reports/technician-efficiency</li>
38,C1803,Vladimir Tomovic,Test Cases > Reports > Technician Efficiency,COVERED-BY,step1.content,CANDIDATE GAP,PHRASING,line ordering technician,line,,"no case of ours contains 'line' together with ['ordering', 'technician']",<li>Verify line ordering for the same WO under technician </li>
38,C1803,Vladimir Tomovic,Test Cases > Reports > Technician Efficiency,COVERED-BY,step1.expected,CANDIDATE GAP,PHRASING,most order recent,most,,"no case of ours contains 'most' together with ['order', 'recent']",<li>The most recent work orders are at the top</li>
38,C1803,Vladimir Tomovic,Test Cases > Reports > Technician Efficiency,COVERED-BY,step1.expected,CANDIDATE GAP,PHRASING,grouped highest lin,grouped,,"no case of ours contains 'grouped' together with ['highest', 'lin']",<li>Lines are ordered from <strong>lowest</strong> to <strong>highest</strong> grouped by work orders</li>
38,C1803,Vladimir Tomovic,Test Cases > Reports > Technician Efficiency,COVERED-BY,step1.expected,CANDIDATE GAP,PHRASING,class data line1,class,,"no case of ours contains 'class' together with ['data', 'line1']","<tr><td class=""table-data"">1</td><td class=""table-data"">wo2</td><td class=""table-data"">wo2_line1</td></tr>"
38,C1803,Vladimir Tomovic,Test Cases > Reports > Technician Efficiency,COVERED-BY,step1.expected,CANDIDATE GAP,PHRASING,class data line2,class,,"no case of ours contains 'class' together with ['data', 'line2']","<tr><td class=""table-data"">2</td><td class=""table-data"">wo2</td><td class=""table-data"">wo2_line2</td></tr>"
38,C1803,Vladimir Tomovic,Test Cases > Reports > Technician Efficiency,COVERED-BY,step1.expected,CANDIDATE GAP,PHRASING,class data line3,class,,"no case of ours contains 'class' together with ['data', 'line3']","<tr><td class=""table-data"">3</td><td class=""table-data"">wo2</td><td class=""table-data"">wo2_line3</td></tr>"
38,C1803,Vladimir Tomovic,Test Cases > Reports > Technician Efficiency,COVERED-BY,step1.expected,CANDIDATE GAP,PHRASING,class data line4,class,,"no case of ours contains 'class' together with ['data', 'line4']","<tr><td class=""table-data"">4</td><td class=""table-data"">wo2</td><td class=""table-data"">wo2_line4</td></tr>"
38,C1803,Vladimir Tomovic,Test Cases > Reports > Technician Efficiency,COVERED-BY,step1.expected,CANDIDATE GAP,PHRASING,class data line5,class,,"no case of ours contains 'class' together with ['data', 'line5']","<tr><td class=""table-data"">5</td><td class=""table-data"">wo2</td><td class=""table-data"">wo2_line5</td></tr>"
38,C1803,Vladimir Tomovic,Test Cases > Reports > Technician Efficiency,COVERED-BY,step1.expected,CANDIDATE GAP,PHRASING,class data line2,class,,"no case of ours contains 'class' together with ['data', 'line2']","<tr><td class=""table-data"">6</td><td class=""table-data"">wo1</td><td class=""table-data"">wo1_line2</td></tr>"
38,C1803,Vladimir Tomovic,Test Cases > Reports > Technician Efficiency,COVERED-BY,step1.expected,CANDIDATE GAP,PHRASING,class data line5,class,,"no case of ours contains 'class' together with ['data', 'line5']","<tr><td class=""table-data"">7</td><td class=""table-data"">wo1</td><td class=""table-data"">wo1_line5</td></tr>"
38,C1803,Vladimir Tomovic,Test Cases > Reports > Technician Efficiency,COVERED-BY,step1.expected,CANDIDATE GAP,PHRASING,class data line6,class,,"no case of ours contains 'class' together with ['data', 'line6']","<tr><td class=""table-data"">8</td><td class=""table-data"">wo1</td><td class=""table-data"">wo1_line6</td></tr>"
38,C1804,Vladimir Tomovic,Test Cases > Reports > Technician Efficiency,COVERED-BY,custom_preconds,CANDIDATE GAP,PHRASING,clocked exist invoiced,clocked,,"no case of ours contains 'clocked' together with ['exist', 'invoiced']",<li>An invoiced WO with multiple clocked in times exists</li>
38,C1804,Vladimir Tomovic,Test Cases > Reports > Technician Efficiency,COVERED-BY,custom_preconds,CANDIDATE GAP,PHRASING,base efficiency navigated,base,,"no case of ours contains 'base' together with ['efficiency', 'navigated']",<li>User is navigated to the {{BASE_URL}}/reports/technician-efficiency</li>
38,C1804,Vladimir Tomovic,Test Cases > Reports > Technician Efficiency,COVERED-BY,step1.content,CANDIDATE GAP,PHRASING,clocked column header,clocked,,"no case of ours contains 'clocked' together with ['column', 'header']",<li>Hover over <strong>Clocked Hours</strong> column header</li>
38,C1804,Vladimir Tomovic,Test Cases > Reports > Technician Efficiency,COVERED-BY,step1.expected,CANDIDATE GAP,PHRASING,clocked date following,clocked,,"no case of ours contains 'clocked' together with ['date', 'following']",<li><p><strong>Clocked Hours</strong> tooltip is visible with the following message:<br /><strong>This is the total number of 'clocked hours' that the technician clocked in to the work order that have been invoiced within the date range that is selected.</strong></p></li>
38,C1804,Vladimir Tomovic,Test Cases > Reports > Technician Efficiency,COVERED-BY,step1.expected,CANDIDATE GAP,PHRASING,alternative clocked date,alternative,,"no case of ours contains 'alternative' together with ['clocked', 'date']","<p>Alternative:<br />Total number of 'clocked hours' the technician has logged into the work order, which have been invoiced within the selected date range.</p>"
38,C1804,Vladimir Tomovic,Test Cases > Reports > Technician Efficiency,COVERED-BY,step2.content,CANDIDATE GAP,PHRASING,column header hour,column,,"no case of ours contains 'column' together with ['header', 'hour']",<li>Hover over <strong>Invoiced Tech Hours</strong> column header</li>
38,C1804,Vladimir Tomovic,Test Cases > Reports > Technician Efficiency,COVERED-BY,step2.expected,CANDIDATE GAP,PHRASING,assigned date following,assigned,,"no case of ours contains 'assigned' together with ['date', 'following']",<li><p><strong>Invoiced Tech Hours</strong> tooltip is visible with the following message:<br /><strong>This is the total number of 'tech hours' that were assigned to lines on the work orders that have been invoiced within the date range that is selected.</strong></p></li>
38,C1804,Vladimir Tomovic,Test Cases > Reports > Technician Efficiency,COVERED-BY,step2.expected,CANDIDATE GAP,PHRASING,alternative assigned date,alternative,,"no case of ours contains 'alternative' together with ['assigned', 'date']","<p>Alternative:<br />Total number of 'tech hours' assigned to work order lines, which have been invoiced within the selected date range.</p>"
38,C1804,Vladimir Tomovic,Test Cases > Reports > Technician Efficiency,COVERED-BY,step3.content,CANDIDATE GAP,PHRASING,column header hour,column,,"no case of ours contains 'column' together with ['header', 'hour']",<li>Hover over <strong>Hours Profit</strong> column header</li>
38,C1804,Vladimir Tomovic,Test Cases > Reports > Technician Efficiency,COVERED-BY,step3.expected,CANDIDATE GAP,PHRASING,clocked date difference,clocked,,"no case of ours contains 'clocked' together with ['date', 'difference']",<li><p><strong>Hours Profit</strong> tooltip is visible with the following message:<br /><strong>This is the total number of 'hours profit' that the difference of technician invoiced tech hours and technician clocked hours on the work order that have been invoiced within the date range that is selected.</strong></p></li>
38,C1804,Vladimir Tomovic,Test Cases > Reports > Technician Efficiency,COVERED-BY,step3.expected,CANDIDATE GAP,PHRASING,actual alternative between,actual,,"no case of ours contains 'actual' together with ['alternative', 'between']",<p>Alternative:<br />Difference between the technician's invoiced hours and their actual clocked hours for work orders invoiced within the selected date range.</p>
38,C1804,Vladimir Tomovic,Test Cases > Reports > Technician Efficiency,COVERED-BY,step4.content,CANDIDATE GAP,PHRASING,column efficiency header,column,,"no case of ours contains 'column' together with ['efficiency', 'header']",<li>Hover over <strong>Efficiency</strong> column header</li>
38,C1804,Vladimir Tomovic,Test Cases > Reports > Technician Efficiency,COVERED-BY,step4.expected,CANDIDATE GAP,PHRASING,associated based clocked,associated,,"no case of ours contains 'associated' together with ['based', 'clocked']","<li><p><strong>Efficiency</strong> tooltip is visible with the following message:<br /><strong>This is the technician efficiency based off of the hours that were clocked onto the lines compared to the tech hours that were associated with those lines on work orders that have been invoiced, within the date range that is selected."
38,C1804,Vladimir Tomovic,Test Cases > Reports > Technician Efficiency,COVERED-BY,step4.expected,CANDIDATE GAP,PHRASING,clocked divided efficiency,clocked,,"no case of ours contains 'clocked' together with ['divided', 'efficiency']",Efficiency = invoiced tech time divided by the clocked time (in %)</strong></p></li>
38,C1804,Vladimir Tomovic,Test Cases > Reports > Technician Efficiency,COVERED-BY,step4.expected,CANDIDATE GAP,PHRASING,100 alternative assigned,100,,"no case of ours contains '100' together with ['alternative', 'assigned']","<p>Alternative:<br />Technician's efficiency based on the clocked hours versus the tech hours assigned to work order lines, which have been invoiced within the selected date range.<br />Efficiency = (Invoiced Tech Hours ÷ Clocked Hours) × 100</p>"
38,C1806,Vladimir Tomovic,Test Cases > Reports > Technician Efficiency,COVERED-BY,custom_preconds,CANDIDATE GAP,PHRASING,clocked exist invoiced,clocked,,"no case of ours contains 'clocked' together with ['exist', 'invoiced']",<li>An invoiced WO with multiple clocked in times exists</li>
38,C1806,Vladimir Tomovic,Test Cases > Reports > Technician Efficiency,COVERED-BY,custom_preconds,CANDIDATE GAP,PHRASING,base efficiency navigated,base,,"no case of ours contains 'base' together with ['efficiency', 'navigated']",<li>User is navigated to the {{BASE_URL}}/reports/technician-efficiency</li>
38,C1806,Vladimir Tomovic,Test Cases > Reports > Technician Efficiency,COVERED-BY,step1.content,CANDIDATE GAP,PHRASING,arrow column header,arrow,,"no case of ours contains 'arrow' together with ['column', 'header']",<li>Click on arrow next to the <strong>Technician</strong> column header</li>
38,C1806,Vladimir Tomovic,Test Cases > Reports > Technician Efficiency,COVERED-BY,step1.expected,CANDIDATE GAP,PHRASING,expanded rows table,expanded,,"no case of ours contains 'expanded' together with ['rows', 'table']",<li>All table rows are expanded</li>
38,C1806,Vladimir Tomovic,Test Cases > Reports > Technician Efficiency,COVERED-BY,step2.content,CANDIDATE GAP,PHRASING,back bottom scroll,back,,"no case of ours contains 'back' together with ['bottom', 'scroll']",<li>Scroll all the way to the bottom and back to the top</li>
38,C1806,Vladimir Tomovic,Test Cases > Reports > Technician Efficiency,COVERED-BY,step2.expected,CANDIDATE GAP,PHRASING,between footer header,between,,"no case of ours contains 'between' together with ['footer', 'header']",<li>The scroll is moving between the table header and table footer</li>
38,C1807,Vladimir Tomovic,Test Cases > Reports > Technician Efficiency,COVERED-BY,custom_preconds,CANDIDATE GAP,PHRASING,clocked exist invoiced,clocked,,"no case of ours contains 'clocked' together with ['exist', 'invoiced']",<li>An invoiced WO with multiple clocked in times exists</li>
38,C1807,Vladimir Tomovic,Test Cases > Reports > Technician Efficiency,COVERED-BY,custom_preconds,CANDIDATE GAP,PHRASING,base efficiency navigated,base,,"no case of ours contains 'base' together with ['efficiency', 'navigated']",<li>User is navigated to the {{BASE_URL}}/reports/technician-efficiency</li>
38,C1807,Vladimir Tomovic,Test Cases > Reports > Technician Efficiency,COVERED-BY,step1.content,CANDIDATE GAP,PHRASING,arrow column header,arrow,,"no case of ours contains 'arrow' together with ['column', 'header']",<li>Click the arrow next to the Technician column header</li>
38,C1807,Vladimir Tomovic,Test Cases > Reports > Technician Efficiency,COVERED-BY,step1.expected,CANDIDATE GAP,PHRASING,expanded rows strong,expanded,,"no case of ours contains 'expanded' together with ['rows', 'strong']",<li>All table rows are <strong>expanded</strong></li>
38,C1807,Vladimir Tomovic,Test Cases > Reports > Technician Efficiency,COVERED-BY,step2.content,CANDIDATE GAP,PHRASING,arrow column header,arrow,,"no case of ours contains 'arrow' together with ['column', 'header']",<li>Click the arrow next to the Technician column header again</li>
38,C1807,Vladimir Tomovic,Test Cases > Reports > Technician Efficiency,COVERED-BY,step2.expected,CANDIDATE GAP,PHRASING,collapsed rows strong,collapsed,,"no case of ours contains 'collapsed' together with ['rows', 'strong']",<li>All table rows are <strong>collapsed</strong></li>
38,C1808,Vladimir Tomovic,Test Cases > Reports > Technician Efficiency,COVERED-BY,custom_preconds,CANDIDATE GAP,PHRASING,clocked exist invoiced,clocked,,"no case of ours contains 'clocked' together with ['exist', 'invoiced']",<li>An invoiced WO with multiple clocked in times exists</li>
38,C1808,Vladimir Tomovic,Test Cases > Reports > Technician Efficiency,COVERED-BY,custom_preconds,CANDIDATE GAP,PHRASING,base efficiency navigated,base,,"no case of ours contains 'base' together with ['efficiency', 'navigated']",<li>User is navigated to the {{BASE_URL}}/reports/technician-efficiency</li>
38,C1808,Vladimir Tomovic,Test Cases > Reports > Technician Efficiency,COVERED-BY,step1.content,CANDIDATE GAP,PHRASING,arrow name next,arrow,,"no case of ours contains 'arrow' together with ['name', 'next']",<li>Click the arrow next to technician name</li>
38,C1808,Vladimir Tomovic,Test Cases > Reports > Technician Efficiency,COVERED-BY,step1.expected,CANDIDATE GAP,PHRASING,expanded row selected,expanded,,"no case of ours contains 'expanded' together with ['row', 'selected']",<li>Row for selected technician is <strong>expanded</strong></li>
38,C1808,Vladimir Tomovic,Test Cases > Reports > Technician Efficiency,COVERED-BY,step1.expected,CANDIDATE GAP,PHRASING,record tech visible,record,,"no case of ours contains 'record' together with ['tech', 'visible']",<li>All tech records are visible</li>
38,C1808,Vladimir Tomovic,Test Cases > Reports > Technician Efficiency,COVERED-BY,step2.content,CANDIDATE GAP,PHRASING,arrow name next,arrow,,"no case of ours contains 'arrow' together with ['name', 'next']",<li>Click the arrow next to the same technician's name again</li>
38,C1808,Vladimir Tomovic,Test Cases > Reports > Technician Efficiency,COVERED-BY,step2.expected,CANDIDATE GAP,PHRASING,collapsed row selected,collapsed,,"no case of ours contains 'collapsed' together with ['row', 'selected']",<li>Row for selected technician is <strong>collapsed</strong></li>
38,C1808,Vladimir Tomovic,Test Cases > Reports > Technician Efficiency,COVERED-BY,step2.expected,CANDIDATE GAP,PHRASING,record strong tech,record,,"no case of ours contains 'record' together with ['strong', 'tech']",<li>Tech records are <strong>not</strong> visible</li>
38,C1809,Vladimir Tomovic,Test Cases > Reports > Technician Efficiency,COVERED-BY,custom_preconds,CANDIDATE GAP,PHRASING,clocked exist invoiced,clocked,,"no case of ours contains 'clocked' together with ['exist', 'invoiced']",<li>An invoiced WO with multiple clocked in times exists</li>
38,C1809,Vladimir Tomovic,Test Cases > Reports > Technician Efficiency,COVERED-BY,custom_preconds,CANDIDATE GAP,PHRASING,base efficiency navigated,base,,"no case of ours contains 'base' together with ['efficiency', 'navigated']",<li>User is navigated to the {{BASE_URL}}/reports/technician-efficiency</li>
38,C1809,Vladimir Tomovic,Test Cases > Reports > Technician Efficiency,COVERED-BY,step1.content,CANDIDATE GAP,PHRASING,clocked column header,clocked,,"no case of ours contains 'clocked' together with ['column', 'header']",<li>Click on <strong>Clocked Hours</strong> column header</li>
38,C1809,Vladimir Tomovic,Test Cases > Reports > Technician Efficiency,COVERED-BY,step1.expected,CANDIDATE GAP,PHRASING,clocked highest hour,clocked,,"no case of ours contains 'clocked' together with ['highest', 'hour']",<li>The technician <strong>Clocked Hours</strong> are sorted from <strong>lowest</strong> to <strong>highest</strong></li>
38,C1809,Vladimir Tomovic,Test Cases > Reports > Technician Efficiency,COVERED-BY,step2.content,CANDIDATE GAP,PHRASING,clocked column header,clocked,,"no case of ours contains 'clocked' together with ['column', 'header']",<li>Click on <strong>Clocked Hours</strong> column header once again</li>
38,C1809,Vladimir Tomovic,Test Cases > Reports > Technician Efficiency,COVERED-BY,step2.expected,CANDIDATE GAP,PHRASING,clocked highest hour,clocked,,"no case of ours contains 'clocked' together with ['highest', 'hour']",<li>The technician <strong>Clocked Hours</strong> are sorted from <strong>highest</strong> to <strong>lowest</strong></li>
38,C1809,Vladimir Tomovic,Test Cases > Reports > Technician Efficiency,COVERED-BY,step3.content,CANDIDATE GAP,PHRASING,column header hour,column,,"no case of ours contains 'column' together with ['header', 'hour']",<li>Click on <strong>Invoiced Tech Hours</strong> column header</li>
38,C1809,Vladimir Tomovic,Test Cases > Reports > Technician Efficiency,COVERED-BY,step3.expected,CANDIDATE GAP,PHRASING,highest hour invoiced,highest,,"no case of ours contains 'highest' together with ['hour', 'invoiced']",<li>The technician <strong>Invoiced Tech Hours</strong> are sorted from <strong>lowest</strong> to <strong>highest</strong></li>
38,C1809,Vladimir Tomovic,Test Cases > Reports > Technician Efficiency,COVERED-BY,step4.content,CANDIDATE GAP,PHRASING,column header hour,column,,"no case of ours contains 'column' together with ['header', 'hour']",<li>Click on <strong>Invoiced Tech Hours</strong> column header once again</li>
38,C1809,Vladimir Tomovic,Test Cases > Reports > Technician Efficiency,COVERED-BY,step4.expected,CANDIDATE GAP,PHRASING,highest hour invoiced,highest,,"no case of ours contains 'highest' together with ['hour', 'invoiced']",<li>The technician <strong>Invoiced Tech Hours</strong> are sorted from <strong>highest</strong> to <strong>lowest</strong></li>
38,C1809,Vladimir Tomovic,Test Cases > Reports > Technician Efficiency,COVERED-BY,step5.content,CANDIDATE GAP,PHRASING,column header hour,column,,"no case of ours contains 'column' together with ['header', 'hour']",<li>Click on <strong>Hours Profit</strong> column header</li>
38,C1809,Vladimir Tomovic,Test Cases > Reports > Technician Efficiency,COVERED-BY,step5.expected,CANDIDATE GAP,PHRASING,highest hour lowest,highest,,"no case of ours contains 'highest' together with ['hour', 'lowest']",<li>The technician <strong>Hours Profit</strong> are sorted from <strong>lowest</strong> to <strong>highest</strong></li>
38,C1809,Vladimir Tomovic,Test Cases > Reports > Technician Efficiency,COVERED-BY,step6.content,CANDIDATE GAP,PHRASING,column header hour,column,,"no case of ours contains 'column' together with ['header', 'hour']",<li>Click on <strong>Hours Profit</strong> column header once again</li>
38,C1809,Vladimir Tomovic,Test Cases > Reports > Technician Efficiency,COVERED-BY,step6.expected,CANDIDATE GAP,PHRASING,highest hour lowest,highest,,"no case of ours contains 'highest' together with ['hour', 'lowest']",<li>The technician <strong>Hours Profit</strong> are sorted from <strong>lowest</strong> to <strong>highest</strong></li>
38,C1809,Vladimir Tomovic,Test Cases > Reports > Technician Efficiency,COVERED-BY,step7.content,CANDIDATE GAP,PHRASING,column efficiency header,column,,"no case of ours contains 'column' together with ['efficiency', 'header']",<li>Click on <strong>Efficiency</strong> column header</li>
38,C1809,Vladimir Tomovic,Test Cases > Reports > Technician Efficiency,COVERED-BY,step7.expected,CANDIDATE GAP,PHRASING,efficiency highest lowest,efficiency,,"no case of ours contains 'efficiency' together with ['highest', 'lowest']",<li>The technician <strong>Efficiency</strong> are sorted from <strong>lowest</strong> to <strong>highest</strong></li>
38,C1809,Vladimir Tomovic,Test Cases > Reports > Technician Efficiency,COVERED-BY,step8.content,CANDIDATE GAP,PHRASING,column efficiency header,column,,"no case of ours contains 'column' together with ['efficiency', 'header']",<li>Click on <strong>Efficiency</strong> column header once again</li>
38,C1809,Vladimir Tomovic,Test Cases > Reports > Technician Efficiency,COVERED-BY,step8.expected,CANDIDATE GAP,PHRASING,efficiency highest lowest,efficiency,,"no case of ours contains 'efficiency' together with ['highest', 'lowest']",<li>The technician <strong>Efficiency</strong> are sorted from <strong>lowest</strong> to <strong>highest</strong></li>
38,C19296,Vladimir Tomovic,Test Cases > Reports > Technician Efficiency,COVERED-BY,custom_preconds,CANDIDATE GAP,PHRASING,efficiency navigated technician,efficiency,,"no case of ours contains 'efficiency' together with ['navigated', 'technician']",User is navigated to /reports/technician-efficiency.
38,C19296,Vladimir Tomovic,Test Cases > Reports > Technician Efficiency,COVERED-BY,custom_preconds,CANDIDATE GAP,PHRASING,correctly data filter,correctly,,"no case of ours contains 'correctly' together with ['data', 'filter']",Data loads correctly for default time filter (This Month).
38,C19296,Vladimir Tomovic,Test Cases > Reports > Technician Efficiency,COVERED-BY,step1.content,CANDIDATE GAP,PHRASING,date dropdown filter,date,,"no case of ours contains 'date' together with ['dropdown', 'filter']",Open the Date Filter dropdown (top right)
38,C19296,Vladimir Tomovic,Test Cases > Reports > Technician Efficiency,COVERED-BY,step1.expected,CANDIDATE GAP,PHRASING,date dropdown filter,date,,"no case of ours contains 'date' together with ['dropdown', 'filter']",Date filter dropdown opens showing time interval options
38,C19296,Vladimir Tomovic,Test Cases > Reports > Technician Efficiency,COVERED-BY,step2.content,CANDIDATE GAP,PHRASING,correctly data load,correctly,,"no case of ours contains 'correctly' together with ['data', 'load']","Select ""This Month"" and observe data loads correctly"
38,C19296,Vladimir Tomovic,Test Cases > Reports > Technician Efficiency,COVERED-BY,step2.expected,CANDIDATE GAP,PHRASING,data filter load,data,,"no case of ours contains 'data' together with ['filter', 'load']",Report data loads successfully for This Month filter
38,C19296,Vladimir Tomovic,Test Cases > Reports > Technician Efficiency,COVERED-BY,step3.content,CANDIDATE GAP,PHRASING,custom date filter,custom,,"no case of ours contains 'custom' together with ['date', 'filter']","Open the Date Filter again and select ""Custom"""
38,C19296,Vladimir Tomovic,Test Cases > Reports > Technician Efficiency,COVERED-BY,step3.expected,CANDIDATE GAP,PHRASING,custom date picker,custom,,"no case of ours contains 'custom' together with ['date', 'picker']",Custom date range picker appears
38,C19296,Vladimir Tomovic,Test Cases > Reports > Technician Efficiency,COVERED-BY,step4.content,CANDIDATE GAP,PHRASING,apply choose current,apply,,"no case of ours contains 'apply' together with ['choose', 'current']",Choose a start and end date within the current month and click Apply
38,C19296,Vladimir Tomovic,Test Cases > Reports > Technician Efficiency,COVERED-BY,step4.expected,CANDIDATE GAP,PHRASING,correctly custom data,correctly,,"no case of ours contains 'correctly' together with ['custom', 'data']",The report should load data correctly for the selected custom date range without errors.
38,C19297,Vladimir Tomovic,Test Cases > Reports > Technician Efficiency,COVERED-BY,custom_preconds,CANDIDATE GAP,PHRASING,efficiency navigated technician,efficiency,,"no case of ours contains 'efficiency' together with ['navigated', 'technician']",User is navigated to /reports/technician-efficiency.
38,C19297,Vladimir Tomovic,Test Cases > Reports > Technician Efficiency,COVERED-BY,custom_preconds,CANDIDATE GAP,PHRASING,clocked dat exist,clocked,,"no case of ours contains 'clocked' together with ['dat', 'exist']",Invoiced WOs with tech clocked-in time exist for multiple dates.
38,C19297,Vladimir Tomovic,Test Cases > Reports > Technician Efficiency,COVERED-BY,step1.content,CANDIDATE GAP,PHRASING,date dropdown filter,date,,"no case of ours contains 'date' together with ['dropdown', 'filter']",Open the Date Filter dropdown
38,C19297,Vladimir Tomovic,Test Cases > Reports > Technician Efficiency,COVERED-BY,step1.expected,CANDIDATE GAP,PHRASING,date dropdown filter,date,,"no case of ours contains 'date' together with ['dropdown', 'filter']",Date filter dropdown opens showing time interval options
38,C19297,Vladimir Tomovic,Test Cases > Reports > Technician Efficiency,COVERED-BY,step2.content,CANDIDATE GAP,PHRASING,custom date day,custom,,"no case of ours contains 'custom' together with ['date', 'day']","Select a single day (e.g., ""Today"" or pick a specific date via Custom)"
38,C19297,Vladimir Tomovic,Test Cases > Reports > Technician Efficiency,COVERED-BY,step2.expected,CANDIDATE GAP,PHRASING,day filter selected,day,,"no case of ours contains 'day' together with ['filter', 'selected']",Single day is selected as the filter
38,C19297,Vladimir Tomovic,Test Cases > Reports > Technician Efficiency,COVERED-BY,step3.content,CANDIDATE GAP,PHRASING,apply column date,apply,,"no case of ours contains 'apply' together with ['column', 'date']",Apply the filter and observe the Date column in the expanded technician rows
38,C19297,Vladimir Tomovic,Test Cases > Reports > Technician Efficiency,COVERED-BY,step3.expected,CANDIDATE GAP,PHRASING,data day selected,data,,"no case of ours contains 'data' together with ['day', 'selected']",The report should display data only for the selected single day.
38,C19297,Vladimir Tomovic,Test Cases > Reports > Technician Efficiency,COVERED-BY,step3.expected,CANDIDATE GAP,PHRASING,column date rows,column,,"no case of ours contains 'column' together with ['date', 'rows']",All rows in the Date column should show the same date.
38,C19298,Vladimir Tomovic,Test Cases > Reports > Technician Efficiency,COVERED-BY,custom_preconds,CANDIDATE GAP,PHRASING,efficiency navigated technician,efficiency,,"no case of ours contains 'efficiency' together with ['navigated', 'technician']",User is navigated to /reports/technician-efficiency.
38,C19298,Vladimir Tomovic,Test Cases > Reports > Technician Efficiency,COVERED-BY,step1.content,CANDIDATE GAP,PHRASING,date dropdown filter,date,,"no case of ours contains 'date' together with ['dropdown', 'filter']",Open the Date Filter dropdown (top right)
38,C19298,Vladimir Tomovic,Test Cases > Reports > Technician Efficiency,COVERED-BY,step1.expected,CANDIDATE GAP,PHRASING,custom date dropdown,custom,,"no case of ours contains 'custom' together with ['date', 'dropdown']",Date filter dropdown opens showing time interval options including Custom
38,C19298,Vladimir Tomovic,Test Cases > Reports > Technician Efficiency,COVERED-BY,step2.expected,CANDIDATE GAP,PHRASING,allowing custom date,allowing,,"no case of ours contains 'allowing' together with ['custom', 'date']",A date range dialog/picker opens allowing the user to select a custom start and end date
38,C19298,Vladimir Tomovic,Test Cases > Reports > Technician Efficiency,COVERED-BY,step3.content,CANDIDATE GAP,PHRASING,custom date input,custom,,"no case of ours contains 'custom' together with ['date', 'input']",Verify the custom date range inputs are visible and interactive
38,C19298,Vladimir Tomovic,Test Cases > Reports > Technician Efficiency,COVERED-BY,step3.expected,CANDIDATE GAP,PHRASING,date end field,date,,"no case of ours contains 'date' together with ['end', 'field']",Start date and end date input fields are visible.
38,C19298,Vladimir Tomovic,Test Cases > Reports > Technician Efficiency,COVERED-BY,step3.expected,CANDIDATE GAP,PHRASING,apply available button,apply,,"no case of ours contains 'apply' together with ['available', 'button']",An Apply/Submit button is available to confirm the selection.
39,C187,Vladimir Tomovic,Test Cases > Reports > Advisor Analysis,COVERED-BY,custom_preconds,CANDIDATE GAP,PHRASING,app base navigated,app,,"no case of ours contains 'app' together with ['base', 'navigated']",<li>App is navigated to page {{BASE_URL}}/reports/work-in-progress</li>
39,C188,Vladimir Tomovic,Test Cases > Reports > Advisor Analysis,COVERED-BY,custom_preconds,CANDIDATE GAP,PHRASING,app base navigated,app,,"no case of ours contains 'app' together with ['base', 'navigated']",<li>App is navigated to page {{BASE_URL}}/reports/work-in-progress</li>
39,C189,Vladimir Tomovic,Test Cases > Reports > Advisor Analysis,COVERED-BY,custom_preconds,CANDIDATE GAP,PHRASING,app base navigated,app,,"no case of ours contains 'app' together with ['base', 'navigated']",<li>App is navigated to page {{BASE_URL}}/reports/work-in-progress</li>
39,C190,Vladimir Tomovic,Test Cases > Reports > Advisor Analysis,COVERED-BY,custom_preconds,CANDIDATE GAP,PHRASING,advisor analysi app,advisor,,"no case of ours contains 'advisor' together with ['analysi', 'app']",<li>App is navigated to page {{BASE_URL}}/reports/service-advisor-analysis</li>
39,C190,Vladimir Tomovic,Test Cases > Reports > Advisor Analysis,COVERED-BY,custom_steps,CANDIDATE GAP,PHRASING,column table visible,column,,"no case of ours contains 'column' together with ['table', 'visible']",<ul><li>Verify all visible columns in the table</li></ul>
39,C190,Vladimir Tomovic,Test Cases > Reports > Advisor Analysis,COVERED-BY,custom_expected,CANDIDATE GAP,PHRASING,advisor billing cost,advisor,,"no case of ours contains 'advisor' together with ['billing', 'cost']","<ul><li>Date</li><li>Invoice</li><li>Customer</li><li>Advisor</li><li>Days Open</li><li>Lines</li><li>Hrs Worked</li><li id=""isPasted"">Hrs Invoiced</li><li>Hrs Profit</li><li>Billing Efficiency</li><li>ELR</li><li>Parts Cost</li><li>Parts Invoice</li><li>Parts Profit</li><li>Parts Margin</li><li>Total Profit</li><li>Total Margin</li><li>Subtotal</li></ul>"
39,C190,Vladimir Tomovic,Test Cases > Reports > Advisor Analysis,COVERED-BY,step1.content,CANDIDATE GAP,PHRASING,column table visible,column,,"no case of ours contains 'column' together with ['table', 'visible']",<ul><li>Verify all visible columns in the table</li></ul>
39,C190,Vladimir Tomovic,Test Cases > Reports > Advisor Analysis,COVERED-BY,step1.expected,CANDIDATE GAP,PHRASING,1036123 12345 2025,1036123,,"no case of ours contains '1036123' together with ['12345', '2025']","<ul id=""isPasted""><li>Date (e.g., <strong>Nov 21 2025</strong>)</li><li>Invoice (e.g., <strong>S3-12345</strong>)</li><li>Customer (e.g., <strong>1036123 AB LTD O/A HYDR...</strong>) → Max:"
39,C190,Vladimir Tomovic,Test Cases > Reports > Advisor Analysis,COVERED-BY,step1.expected,CANDIDATE GAP,PHRASING,advisor char color,advisor,,"no case of ours contains 'advisor' together with ['char', 'color']","<strong>23</strong> chars</li><li>Advisor (e.g., <strong>Nebojsa Glavi..</strong><span style='color:"
39,C190,Vladimir Tomovic,Test Cases > Reports > Advisor Analysis,COVERED-BY,step1.expected,CANDIDATE GAP,PHRASING,nunito sans serif,nunito,,"no case of ours contains 'nunito' together with ['sans', 'serif']","""Nunito Sans"", sans-serif;"
39,C190,Vladimir Tomovic,Test Cases > Reports > Advisor Analysis,COVERED-BY,step1.expected,CANDIDATE GAP,PHRASING,font ligatur variant,font,,"no case of ours contains 'font' together with ['ligatur', 'variant']",font-variant-ligatures:
39,C190,Vladimir Tomovic,Test Cases > Reports > Advisor Analysis,COVERED-BY,step1.expected,CANDIDATE GAP,PHRASING,caps font variant,caps,,"no case of ours contains 'caps' together with ['font', 'variant']",font-variant-caps:
39,C190,Vladimir Tomovic,Test Cases > Reports > Advisor Analysis,COVERED-BY,step1.expected,CANDIDATE GAP,PHRASING,stroke text webkit,stroke,,"no case of ours contains 'stroke' together with ['text', 'webkit']",webkit-text-stroke-width:
39,C190,Vladimir Tomovic,Test Cases > Reports > Advisor Analysis,COVERED-BY,step1.expected,CANDIDATE GAP,PHRASING,245 247 250,245,,"no case of ours contains '245' together with ['247', '250']","rgb(245, 247, 250);"
39,C190,Vladimir Tomovic,Test Cases > Reports > Advisor Analysis,COVERED-BY,step1.expected,CANDIDATE GAP,PHRASING,decoration text thickness,decoration,,"no case of ours contains 'decoration' together with ['text', 'thickness']",text-decoration-thickness:
39,C190,Vladimir Tomovic,Test Cases > Reports > Advisor Analysis,COVERED-BY,step1.expected,CANDIDATE GAP,PHRASING,decoration style text,decoration,,"no case of ours contains 'decoration' together with ['style', 'text']",text-decoration-style:
39,C190,Vladimir Tomovic,Test Cases > Reports > Advisor Analysis,COVERED-BY,step1.expected,CANDIDATE GAP,PHRASING,color decoration text,color,,"no case of ours contains 'color' together with ['decoration', 'text']",text-decoration-color:
39,C190,Vladimir Tomovic,Test Cases > Reports > Advisor Analysis,COVERED-BY,step1.expected,CANDIDATE GAP,PHRASING,max none span,max,,"no case of ours contains 'max' together with ['none', 'span']",none'><strong>.</strong>) </span>→ Max:
39,C190,Vladimir Tomovic,Test Cases > Reports > Advisor Analysis,COVERED-BY,step1.expected,CANDIDATE GAP,PHRASING,$0.00 $142.59 $33.33,$0.00,,"no case of ours contains '$0.00' together with ['$142.59', '$33.33']","<strong>13</strong> chars</li><li>Days Open (e.g., <strong>2</strong>,<strong> </strong><strong>0</strong>)</li><li>Lines (e.g., <strong id=""isPasted"">1</strong>,<strong id=""isPasted""> 0</strong>)</li><li>Hrs Worked (e.g., <strong>2.34, 0.00</strong>)</li><li>Hrs Invoiced (e.g., <strong id=""isPasted"">2.34, 0.00</strong>)</li><li>Hrs Profit (e.g., <strong id=""isPasted"">2.34, 0.00</strong>)</li><li>"
39,C190,Vladimir Tomovic,Test Cases > Reports > Advisor Analysis,COVERED-BY,step1.expected,CANDIDATE GAP,PHRASING,$0.00 $80.97 e.g,$0.00,,"no case of ours contains '$0.00' together with ['$80.97', 'e.g']","pre"" id=""isPasted"">)</span></li><li>Parts Invoice (e.g., <strong>$80.97</strong><strong id=""isPasted"">, $0.00</strong><span style=""white-space:"
39,C190,Vladimir Tomovic,Test Cases > Reports > Advisor Analysis,COVERED-BY,step1.expected,CANDIDATE GAP,PHRASING,$0.00 $80.97 e.g,$0.00,,"no case of ours contains '$0.00' together with ['$80.97', 'e.g']","pre"">)</span></li><li>Parts Profit (e.g., <strong id=""isPasted"">$80.97</strong><strong>, $0.00</strong><span style=""white-space:"
39,C190,Vladimir Tomovic,Test Cases > Reports > Advisor Analysis,COVERED-BY,step1.expected,CANDIDATE GAP,PHRASING,$0.00 $142.59 7.33%,$0.00,,"no case of ours contains '$0.00' together with ['$142.59', '7.33%']","pre"">)</span></li><li>Parts Margin ( e.g., <strong>7.33%, N/A</strong>)</li><li>Total Profit (e.g., <strong id=""isPasted"">$142.59, $0.00</strong><span style=""white-space:"
39,C190,Vladimir Tomovic,Test Cases > Reports > Advisor Analysis,COVERED-BY,step1.expected,CANDIDATE GAP,PHRASING,$0.00 $142.59 27.73%,$0.00,,"no case of ours contains '$0.00' together with ['$142.59', '27.73%']","pre"">)</span></li><li>Total Margin ( e.g., <strong>27.73%,</strong><strong> N/A</strong>)</li><li>Subtotal (e.g., <strong id=""isPasted"">$142.59, $0.00</strong><span style=""white-space:"
39,C191,Vladimir Tomovic,Test Cases > Reports > Advisor Analysis,COVERED-BY,custom_preconds,CANDIDATE GAP,PHRASING,advisor analysi app,advisor,,"no case of ours contains 'advisor' together with ['analysi', 'app']",<li>App is navigated to page {{BASE_URL}}/reports/service-advisor-analysis</li>
39,C191,Vladimir Tomovic,Test Cases > Reports > Advisor Analysis,COVERED-BY,custom_steps,CANDIDATE GAP,PHRASING,dropdown field interval,dropdown,,"no case of ours contains 'dropdown' together with ['field', 'interval']",<li>Verify all the time intervals in the dropdown field</li>
39,C191,Vladimir Tomovic,Test Cases > Reports > Advisor Analysis,COVERED-BY,step1.expected,CANDIDATE GAP,PHRASING,advisor exist filter,advisor,,"no case of ours contains 'advisor' together with ['exist', 'filter']","<ul><li><strong>Filter By Advisor</strong> exists</li><li><strong>Time interval filter</strong> exists:</li></ul><ul id=""isPasted""><ul style=""list-style-type:"
39,C191,Vladimir Tomovic,Test Cases > Reports > Advisor Analysis,COVERED-BY,step1.expected,CANDIDATE GAP,PHRASING,custom disc last,custom,,"no case of ours contains 'custom' together with ['disc', 'last']","disc""><li>Today</li><li>Yesterday</li><li>This Week</li><li>Last Week</li><li>This Month → <strong>Default</strong></li><li>Last Month</li><li>This Year</li><li>Last Year</li><li>This Quarter</li><li>Last Quarter</li><li>Custom</li></ul></ul><p><br></p>"
39,C192,Vladimir Tomovic,Test Cases > Reports > Advisor Analysis,COVERED-BY,custom_preconds,CANDIDATE GAP,PHRASING,advisor analysi app,advisor,,"no case of ours contains 'advisor' together with ['analysi', 'app']",<li>App is navigated to page {{BASE_URL}}/reports/service-advisor-analysis</li>
39,C192,Vladimir Tomovic,Test Cases > Reports > Advisor Analysis,COVERED-BY,custom_steps,CANDIDATE GAP,PHRASING,advisor dropdown filter,advisor,,"no case of ours contains 'advisor' together with ['dropdown', 'filter']",<ul><li>Click on <strong>Filter By Advisor</strong> dropdown and pick advisor</li></ul>
39,C281,Vladimir Tomovic,Test Cases > Reports > Advisor Analysis,COVERED-BY,custom_preconds,CANDIDATE GAP,PHRASING,advisor analysi app,advisor,,"no case of ours contains 'advisor' together with ['analysi', 'app']",<li>App is navigated to page {{BASE_URL}}/reports/service-advisor-analysis</li>
39,C281,Vladimir Tomovic,Test Cases > Reports > Advisor Analysis,COVERED-BY,custom_steps,CANDIDATE GAP,PHRASING,summary table total,summary,,"no case of ours contains 'summary' together with ['table', 'total']",<li>Verify Totals summary for whole table</li>
39,C281,Vladimir Tomovic,Test Cases > Reports > Advisor Analysis,COVERED-BY,custom_expected,CANDIDATE GAP,PHRASING,column except total,column,,"no case of ours contains 'column' together with ['except', 'total']",<li><p>There are total values for all columns except for:
39,C281,Vladimir Tomovic,Test Cases > Reports > Advisor Analysis,COVERED-BY,custom_expected,CANDIDATE GAP,PHRASING,advisor customer date,advisor,,"no case of ours contains 'advisor' together with ['customer', 'date']","<br />Date, Invoice NUmber, Customer, Service Advisor</p></li>"
39,C281,Vladimir Tomovic,Test Cases > Reports > Advisor Analysis,COVERED-BY,step1.content,CANDIDATE GAP,PHRASING,100 billing bottom,100,,"no case of ours contains '100' together with ['billing', 'bottom']","<ul><li>Verify Totals summary for entire table (on the bottom of the table)</li></ul><p>Note:</p><ul><li id=""isPasted"">All totals are calculated as the sum of the corresponding row values except:<ul><li>Parts Margin → (<strong>Total Parts Profit / Total Parts Invoiced)*100</strong></li><li>Total Margin → (<strong>Total Profit / Subtotal)*100</strong></li><li>Billing Efficiency → <strong>(Total Hou"
39,C281,Vladimir Tomovic,Test Cases > Reports > Advisor Analysis,COVERED-BY,step1.expected,CANDIDATE GAP,PHRASING,advisor column customer,advisor,,"no case of ours contains 'advisor' together with ['column', 'customer']",<ul><li>There are total values for all columns except for:<ul><li>Date</li><li>Invoice Number</li><li>Customer</li><li>Advisor</li></ul></li></ul>
39,C281,Vladimir Tomovic,Test Cases > Reports > Advisor Analysis,COVERED-BY,step2.content,CANDIDATE GAP,PHRASING,change correct date,change,,"no case of ours contains 'change' together with ['correct', 'date']","<ul><li>Change date range and verify if totals are correct for selected range<ul><li style=""margin:"
39,C281,Vladimir Tomovic,Test Cases > Reports > Advisor Analysis,COVERED-BY,step2.content,CANDIDATE GAP,PHRASING,font optical sizing,font,,"no case of ours contains 'font' together with ['optical', 'sizing']",font-optical-sizing:
39,C281,Vladimir Tomovic,Test Cases > Reports > Advisor Analysis,COVERED-BY,step2.content,CANDIDATE GAP,PHRASING,adjust font size,adjust,,"no case of ours contains 'adjust' together with ['font', 'size']",font-size-adjust:
39,C281,Vladimir Tomovic,Test Cases > Reports > Advisor Analysis,COVERED-BY,step2.content,CANDIDATE GAP,PHRASING,feature font setting,feature,,"no case of ours contains 'feature' together with ['font', 'setting']",font-feature-settings:
39,C281,Vladimir Tomovic,Test Cases > Reports > Advisor Analysis,COVERED-BY,step2.content,CANDIDATE GAP,PHRASING,font setting variation,font,,"no case of ours contains 'font' together with ['setting', 'variation']",font-variation-settings:
39,C281,Vladimir Tomovic,Test Cases > Reports > Advisor Analysis,COVERED-BY,step2.content,CANDIDATE GAP,PHRASING,list style type,list,,"no case of ours contains 'list' together with ['style', 'type']",list-style-type:
39,C281,Vladimir Tomovic,Test Cases > Reports > Advisor Analysis,COVERED-BY,step2.content,CANDIDATE GAP,PHRASING,disc ispasted margin,disc,,"no case of ours contains 'disc' together with ['ispasted', 'margin']","disc"" id=""isPasted"">Today</li><li style=""margin:"
39,C281,Vladimir Tomovic,Test Cases > Reports > Advisor Analysis,COVERED-BY,step2.content,CANDIDATE GAP,PHRASING,font optical sizing,font,,"no case of ours contains 'font' together with ['optical', 'sizing']",font-optical-sizing:
39,C281,Vladimir Tomovic,Test Cases > Reports > Advisor Analysis,COVERED-BY,step2.content,CANDIDATE GAP,PHRASING,adjust font size,adjust,,"no case of ours contains 'adjust' together with ['font', 'size']",font-size-adjust:
39,C281,Vladimir Tomovic,Test Cases > Reports > Advisor Analysis,COVERED-BY,step2.content,CANDIDATE GAP,PHRASING,feature font setting,feature,,"no case of ours contains 'feature' together with ['font', 'setting']",font-feature-settings:
39,C281,Vladimir Tomovic,Test Cases > Reports > Advisor Analysis,COVERED-BY,step2.content,CANDIDATE GAP,PHRASING,font setting variation,font,,"no case of ours contains 'font' together with ['setting', 'variation']",font-variation-settings:
39,C281,Vladimir Tomovic,Test Cases > Reports > Advisor Analysis,COVERED-BY,step2.content,CANDIDATE GAP,PHRASING,list style type,list,,"no case of ours contains 'list' together with ['style', 'type']",list-style-type:
39,C281,Vladimir Tomovic,Test Cases > Reports > Advisor Analysis,COVERED-BY,step2.content,CANDIDATE GAP,PHRASING,disc margin style,disc,,"no case of ours contains 'disc' together with ['margin', 'style']","disc"">Yesterday</li><li style=""margin:"
39,C281,Vladimir Tomovic,Test Cases > Reports > Advisor Analysis,COVERED-BY,step2.content,CANDIDATE GAP,PHRASING,font optical sizing,font,,"no case of ours contains 'font' together with ['optical', 'sizing']",font-optical-sizing:
39,C281,Vladimir Tomovic,Test Cases > Reports > Advisor Analysis,COVERED-BY,step2.content,CANDIDATE GAP,PHRASING,adjust font size,adjust,,"no case of ours contains 'adjust' together with ['font', 'size']",font-size-adjust:
39,C281,Vladimir Tomovic,Test Cases > Reports > Advisor Analysis,COVERED-BY,step2.content,CANDIDATE GAP,PHRASING,feature font setting,feature,,"no case of ours contains 'feature' together with ['font', 'setting']",font-feature-settings:
39,C281,Vladimir Tomovic,Test Cases > Reports > Advisor Analysis,COVERED-BY,step2.content,CANDIDATE GAP,PHRASING,font setting variation,font,,"no case of ours contains 'font' together with ['setting', 'variation']",font-variation-settings:
39,C281,Vladimir Tomovic,Test Cases > Reports > Advisor Analysis,COVERED-BY,step2.content,CANDIDATE GAP,PHRASING,list style type,list,,"no case of ours contains 'list' together with ['style', 'type']",list-style-type:
39,C281,Vladimir Tomovic,Test Cases > Reports > Advisor Analysis,COVERED-BY,step2.content,CANDIDATE GAP,PHRASING,disc margin style,disc,,"no case of ours contains 'disc' together with ['margin', 'style']","disc"">This Week</li><li style=""margin:"
39,C281,Vladimir Tomovic,Test Cases > Reports > Advisor Analysis,COVERED-BY,step2.content,CANDIDATE GAP,PHRASING,font optical sizing,font,,"no case of ours contains 'font' together with ['optical', 'sizing']",font-optical-sizing:
39,C281,Vladimir Tomovic,Test Cases > Reports > Advisor Analysis,COVERED-BY,step2.content,CANDIDATE GAP,PHRASING,adjust font size,adjust,,"no case of ours contains 'adjust' together with ['font', 'size']",font-size-adjust:
39,C281,Vladimir Tomovic,Test Cases > Reports > Advisor Analysis,COVERED-BY,step2.content,CANDIDATE GAP,PHRASING,feature font setting,feature,,"no case of ours contains 'feature' together with ['font', 'setting']",font-feature-settings:
39,C281,Vladimir Tomovic,Test Cases > Reports > Advisor Analysis,COVERED-BY,step2.content,CANDIDATE GAP,PHRASING,font setting variation,font,,"no case of ours contains 'font' together with ['setting', 'variation']",font-variation-settings:
39,C281,Vladimir Tomovic,Test Cases > Reports > Advisor Analysis,COVERED-BY,step2.content,CANDIDATE GAP,PHRASING,list style type,list,,"no case of ours contains 'list' together with ['style', 'type']",list-style-type:
39,C281,Vladimir Tomovic,Test Cases > Reports > Advisor Analysis,COVERED-BY,step2.content,CANDIDATE GAP,PHRASING,disc last margin,disc,,"no case of ours contains 'disc' together with ['last', 'margin']","disc"">Last Week</li><li style=""margin:"
39,C281,Vladimir Tomovic,Test Cases > Reports > Advisor Analysis,COVERED-BY,step2.content,CANDIDATE GAP,PHRASING,font optical sizing,font,,"no case of ours contains 'font' together with ['optical', 'sizing']",font-optical-sizing:
39,C281,Vladimir Tomovic,Test Cases > Reports > Advisor Analysis,COVERED-BY,step2.content,CANDIDATE GAP,PHRASING,adjust font size,adjust,,"no case of ours contains 'adjust' together with ['font', 'size']",font-size-adjust:
39,C281,Vladimir Tomovic,Test Cases > Reports > Advisor Analysis,COVERED-BY,step2.content,CANDIDATE GAP,PHRASING,feature font setting,feature,,"no case of ours contains 'feature' together with ['font', 'setting']",font-feature-settings:
39,C281,Vladimir Tomovic,Test Cases > Reports > Advisor Analysis,COVERED-BY,step2.content,CANDIDATE GAP,PHRASING,font setting variation,font,,"no case of ours contains 'font' together with ['setting', 'variation']",font-variation-settings:
39,C281,Vladimir Tomovic,Test Cases > Reports > Advisor Analysis,COVERED-BY,step2.content,CANDIDATE GAP,PHRASING,list style type,list,,"no case of ours contains 'list' together with ['style', 'type']",list-style-type:
39,C281,Vladimir Tomovic,Test Cases > Reports > Advisor Analysis,COVERED-BY,step2.content,CANDIDATE GAP,PHRASING,disc margin month,disc,,"no case of ours contains 'disc' together with ['margin', 'month']","disc"">This Month</li><li style=""margin:"
39,C281,Vladimir Tomovic,Test Cases > Reports > Advisor Analysis,COVERED-BY,step2.content,CANDIDATE GAP,PHRASING,font optical sizing,font,,"no case of ours contains 'font' together with ['optical', 'sizing']",font-optical-sizing:
39,C281,Vladimir Tomovic,Test Cases > Reports > Advisor Analysis,COVERED-BY,step2.content,CANDIDATE GAP,PHRASING,adjust font size,adjust,,"no case of ours contains 'adjust' together with ['font', 'size']",font-size-adjust:
39,C281,Vladimir Tomovic,Test Cases > Reports > Advisor Analysis,COVERED-BY,step2.content,CANDIDATE GAP,PHRASING,feature font setting,feature,,"no case of ours contains 'feature' together with ['font', 'setting']",font-feature-settings:
39,C281,Vladimir Tomovic,Test Cases > Reports > Advisor Analysis,COVERED-BY,step2.content,CANDIDATE GAP,PHRASING,font setting variation,font,,"no case of ours contains 'font' together with ['setting', 'variation']",font-variation-settings:
39,C281,Vladimir Tomovic,Test Cases > Reports > Advisor Analysis,COVERED-BY,step2.content,CANDIDATE GAP,PHRASING,list style type,list,,"no case of ours contains 'list' together with ['style', 'type']",list-style-type:
39,C281,Vladimir Tomovic,Test Cases > Reports > Advisor Analysis,COVERED-BY,step2.content,CANDIDATE GAP,PHRASING,disc last margin,disc,,"no case of ours contains 'disc' together with ['last', 'margin']","disc"">Last Month</li><li style=""margin:"
39,C281,Vladimir Tomovic,Test Cases > Reports > Advisor Analysis,COVERED-BY,step2.content,CANDIDATE GAP,PHRASING,font optical sizing,font,,"no case of ours contains 'font' together with ['optical', 'sizing']",font-optical-sizing:
39,C281,Vladimir Tomovic,Test Cases > Reports > Advisor Analysis,COVERED-BY,step2.content,CANDIDATE GAP,PHRASING,adjust font size,adjust,,"no case of ours contains 'adjust' together with ['font', 'size']",font-size-adjust:
39,C281,Vladimir Tomovic,Test Cases > Reports > Advisor Analysis,COVERED-BY,step2.content,CANDIDATE GAP,PHRASING,feature font setting,feature,,"no case of ours contains 'feature' together with ['font', 'setting']",font-feature-settings:
39,C281,Vladimir Tomovic,Test Cases > Reports > Advisor Analysis,COVERED-BY,step2.content,CANDIDATE GAP,PHRASING,font setting variation,font,,"no case of ours contains 'font' together with ['setting', 'variation']",font-variation-settings:
39,C281,Vladimir Tomovic,Test Cases > Reports > Advisor Analysis,COVERED-BY,step2.content,CANDIDATE GAP,PHRASING,list style type,list,,"no case of ours contains 'list' together with ['style', 'type']",list-style-type:
39,C281,Vladimir Tomovic,Test Cases > Reports > Advisor Analysis,COVERED-BY,step2.content,CANDIDATE GAP,PHRASING,disc margin style,disc,,"no case of ours contains 'disc' together with ['margin', 'style']","disc"">This Year</li><li style=""margin:"
39,C281,Vladimir Tomovic,Test Cases > Reports > Advisor Analysis,COVERED-BY,step2.content,CANDIDATE GAP,PHRASING,font optical sizing,font,,"no case of ours contains 'font' together with ['optical', 'sizing']",font-optical-sizing:
39,C281,Vladimir Tomovic,Test Cases > Reports > Advisor Analysis,COVERED-BY,step2.content,CANDIDATE GAP,PHRASING,adjust font size,adjust,,"no case of ours contains 'adjust' together with ['font', 'size']",font-size-adjust:
39,C281,Vladimir Tomovic,Test Cases > Reports > Advisor Analysis,COVERED-BY,step2.content,CANDIDATE GAP,PHRASING,feature font setting,feature,,"no case of ours contains 'feature' together with ['font', 'setting']",font-feature-settings:
39,C281,Vladimir Tomovic,Test Cases > Reports > Advisor Analysis,COVERED-BY,step2.content,CANDIDATE GAP,PHRASING,font setting variation,font,,"no case of ours contains 'font' together with ['setting', 'variation']",font-variation-settings:
39,C281,Vladimir Tomovic,Test Cases > Reports > Advisor Analysis,COVERED-BY,step2.content,CANDIDATE GAP,PHRASING,list style type,list,,"no case of ours contains 'list' together with ['style', 'type']",list-style-type:
39,C281,Vladimir Tomovic,Test Cases > Reports > Advisor Analysis,COVERED-BY,step2.content,CANDIDATE GAP,PHRASING,disc last margin,disc,,"no case of ours contains 'disc' together with ['last', 'margin']","disc"">Last Year</li><li style=""margin:"
39,C281,Vladimir Tomovic,Test Cases > Reports > Advisor Analysis,COVERED-BY,step2.content,CANDIDATE GAP,PHRASING,font optical sizing,font,,"no case of ours contains 'font' together with ['optical', 'sizing']",font-optical-sizing:
39,C281,Vladimir Tomovic,Test Cases > Reports > Advisor Analysis,COVERED-BY,step2.content,CANDIDATE GAP,PHRASING,adjust font size,adjust,,"no case of ours contains 'adjust' together with ['font', 'size']",font-size-adjust:
39,C281,Vladimir Tomovic,Test Cases > Reports > Advisor Analysis,COVERED-BY,step2.content,CANDIDATE GAP,PHRASING,feature font setting,feature,,"no case of ours contains 'feature' together with ['font', 'setting']",font-feature-settings:
39,C281,Vladimir Tomovic,Test Cases > Reports > Advisor Analysis,COVERED-BY,step2.content,CANDIDATE GAP,PHRASING,font setting variation,font,,"no case of ours contains 'font' together with ['setting', 'variation']",font-variation-settings:
39,C281,Vladimir Tomovic,Test Cases > Reports > Advisor Analysis,COVERED-BY,step2.content,CANDIDATE GAP,PHRASING,list style type,list,,"no case of ours contains 'list' together with ['style', 'type']",list-style-type:
39,C281,Vladimir Tomovic,Test Cases > Reports > Advisor Analysis,COVERED-BY,step2.content,CANDIDATE GAP,PHRASING,disc margin quarter,disc,,"no case of ours contains 'disc' together with ['margin', 'quarter']","disc"">This Quarter</li><li style=""margin:"
39,C281,Vladimir Tomovic,Test Cases > Reports > Advisor Analysis,COVERED-BY,step2.content,CANDIDATE GAP,PHRASING,font optical sizing,font,,"no case of ours contains 'font' together with ['optical', 'sizing']",font-optical-sizing:
39,C281,Vladimir Tomovic,Test Cases > Reports > Advisor Analysis,COVERED-BY,step2.content,CANDIDATE GAP,PHRASING,adjust font size,adjust,,"no case of ours contains 'adjust' together with ['font', 'size']",font-size-adjust:
39,C281,Vladimir Tomovic,Test Cases > Reports > Advisor Analysis,COVERED-BY,step2.content,CANDIDATE GAP,PHRASING,feature font setting,feature,,"no case of ours contains 'feature' together with ['font', 'setting']",font-feature-settings:
39,C281,Vladimir Tomovic,Test Cases > Reports > Advisor Analysis,COVERED-BY,step2.content,CANDIDATE GAP,PHRASING,font setting variation,font,,"no case of ours contains 'font' together with ['setting', 'variation']",font-variation-settings:
39,C281,Vladimir Tomovic,Test Cases > Reports > Advisor Analysis,COVERED-BY,step2.content,CANDIDATE GAP,PHRASING,list style type,list,,"no case of ours contains 'list' together with ['style', 'type']",list-style-type:
39,C281,Vladimir Tomovic,Test Cases > Reports > Advisor Analysis,COVERED-BY,step2.content,CANDIDATE GAP,PHRASING,disc last margin,disc,,"no case of ours contains 'disc' together with ['last', 'margin']","disc"">Last Quarter</li><li style=""margin:"
39,C281,Vladimir Tomovic,Test Cases > Reports > Advisor Analysis,COVERED-BY,step2.content,CANDIDATE GAP,PHRASING,font optical sizing,font,,"no case of ours contains 'font' together with ['optical', 'sizing']",font-optical-sizing:
39,C281,Vladimir Tomovic,Test Cases > Reports > Advisor Analysis,COVERED-BY,step2.content,CANDIDATE GAP,PHRASING,adjust font size,adjust,,"no case of ours contains 'adjust' together with ['font', 'size']",font-size-adjust:
39,C281,Vladimir Tomovic,Test Cases > Reports > Advisor Analysis,COVERED-BY,step2.content,CANDIDATE GAP,PHRASING,feature font setting,feature,,"no case of ours contains 'feature' together with ['font', 'setting']",font-feature-settings:
39,C281,Vladimir Tomovic,Test Cases > Reports > Advisor Analysis,COVERED-BY,step2.content,CANDIDATE GAP,PHRASING,font setting variation,font,,"no case of ours contains 'font' together with ['setting', 'variation']",font-variation-settings:
39,C281,Vladimir Tomovic,Test Cases > Reports > Advisor Analysis,COVERED-BY,step2.content,CANDIDATE GAP,PHRASING,list style type,list,,"no case of ours contains 'list' together with ['style', 'type']",list-style-type:
39,C281,Vladimir Tomovic,Test Cases > Reports > Advisor Analysis,COVERED-BY,step2.expected,CANDIDATE GAP,PHRASING,correct date range,correct,,"no case of ours contains 'correct' together with ['date', 'range']",<ul><li>Totals are correct for selected date range</li></ul>
39,C281,Vladimir Tomovic,Test Cases > Reports > Advisor Analysis,COVERED-BY,step3.content,CANDIDATE GAP,PHRASING,advisor date filter,advisor,,"no case of ours contains 'advisor' together with ['date', 'filter']","<ul><li>Filter by any Advisor and all of the following date ranges:<ul><li style=""margin:"
39,C281,Vladimir Tomovic,Test Cases > Reports > Advisor Analysis,COVERED-BY,step3.content,CANDIDATE GAP,PHRASING,font optical sizing,font,,"no case of ours contains 'font' together with ['optical', 'sizing']",font-optical-sizing:
39,C281,Vladimir Tomovic,Test Cases > Reports > Advisor Analysis,COVERED-BY,step3.content,CANDIDATE GAP,PHRASING,adjust font size,adjust,,"no case of ours contains 'adjust' together with ['font', 'size']",font-size-adjust:
39,C281,Vladimir Tomovic,Test Cases > Reports > Advisor Analysis,COVERED-BY,step3.content,CANDIDATE GAP,PHRASING,feature font setting,feature,,"no case of ours contains 'feature' together with ['font', 'setting']",font-feature-settings:
39,C281,Vladimir Tomovic,Test Cases > Reports > Advisor Analysis,COVERED-BY,step3.content,CANDIDATE GAP,PHRASING,font setting variation,font,,"no case of ours contains 'font' together with ['setting', 'variation']",font-variation-settings:
39,C281,Vladimir Tomovic,Test Cases > Reports > Advisor Analysis,COVERED-BY,step3.content,CANDIDATE GAP,PHRASING,list style type,list,,"no case of ours contains 'list' together with ['style', 'type']",list-style-type:
39,C281,Vladimir Tomovic,Test Cases > Reports > Advisor Analysis,COVERED-BY,step3.content,CANDIDATE GAP,PHRASING,disc ispasted margin,disc,,"no case of ours contains 'disc' together with ['ispasted', 'margin']","disc"" id=""isPasted"">Today</li><li style=""margin:"
39,C281,Vladimir Tomovic,Test Cases > Reports > Advisor Analysis,COVERED-BY,step3.content,CANDIDATE GAP,PHRASING,font optical sizing,font,,"no case of ours contains 'font' together with ['optical', 'sizing']",font-optical-sizing:
39,C281,Vladimir Tomovic,Test Cases > Reports > Advisor Analysis,COVERED-BY,step3.content,CANDIDATE GAP,PHRASING,adjust font size,adjust,,"no case of ours contains 'adjust' together with ['font', 'size']",font-size-adjust:
39,C281,Vladimir Tomovic,Test Cases > Reports > Advisor Analysis,COVERED-BY,step3.content,CANDIDATE GAP,PHRASING,feature font setting,feature,,"no case of ours contains 'feature' together with ['font', 'setting']",font-feature-settings:
39,C281,Vladimir Tomovic,Test Cases > Reports > Advisor Analysis,COVERED-BY,step3.content,CANDIDATE GAP,PHRASING,font setting variation,font,,"no case of ours contains 'font' together with ['setting', 'variation']",font-variation-settings:
39,C281,Vladimir Tomovic,Test Cases > Reports > Advisor Analysis,COVERED-BY,step3.content,CANDIDATE GAP,PHRASING,list style type,list,,"no case of ours contains 'list' together with ['style', 'type']",list-style-type:
39,C281,Vladimir Tomovic,Test Cases > Reports > Advisor Analysis,COVERED-BY,step3.content,CANDIDATE GAP,PHRASING,disc margin style,disc,,"no case of ours contains 'disc' together with ['margin', 'style']","disc"">Yesterday</li><li style=""margin:"
39,C281,Vladimir Tomovic,Test Cases > Reports > Advisor Analysis,COVERED-BY,step3.content,CANDIDATE GAP,PHRASING,font optical sizing,font,,"no case of ours contains 'font' together with ['optical', 'sizing']",font-optical-sizing:
39,C281,Vladimir Tomovic,Test Cases > Reports > Advisor Analysis,COVERED-BY,step3.content,CANDIDATE GAP,PHRASING,adjust font size,adjust,,"no case of ours contains 'adjust' together with ['font', 'size']",font-size-adjust:
39,C281,Vladimir Tomovic,Test Cases > Reports > Advisor Analysis,COVERED-BY,step3.content,CANDIDATE GAP,PHRASING,feature font setting,feature,,"no case of ours contains 'feature' together with ['font', 'setting']",font-feature-settings:
39,C281,Vladimir Tomovic,Test Cases > Reports > Advisor Analysis,COVERED-BY,step3.content,CANDIDATE GAP,PHRASING,font setting variation,font,,"no case of ours contains 'font' together with ['setting', 'variation']",font-variation-settings:
39,C281,Vladimir Tomovic,Test Cases > Reports > Advisor Analysis,COVERED-BY,step3.content,CANDIDATE GAP,PHRASING,list style type,list,,"no case of ours contains 'list' together with ['style', 'type']",list-style-type:
39,C281,Vladimir Tomovic,Test Cases > Reports > Advisor Analysis,COVERED-BY,step3.content,CANDIDATE GAP,PHRASING,disc margin style,disc,,"no case of ours contains 'disc' together with ['margin', 'style']","disc"">This Week</li><li style=""margin:"
39,C281,Vladimir Tomovic,Test Cases > Reports > Advisor Analysis,COVERED-BY,step3.content,CANDIDATE GAP,PHRASING,font optical sizing,font,,"no case of ours contains 'font' together with ['optical', 'sizing']",font-optical-sizing:
39,C281,Vladimir Tomovic,Test Cases > Reports > Advisor Analysis,COVERED-BY,step3.content,CANDIDATE GAP,PHRASING,adjust font size,adjust,,"no case of ours contains 'adjust' together with ['font', 'size']",font-size-adjust:
39,C281,Vladimir Tomovic,Test Cases > Reports > Advisor Analysis,COVERED-BY,step3.content,CANDIDATE GAP,PHRASING,feature font setting,feature,,"no case of ours contains 'feature' together with ['font', 'setting']",font-feature-settings:
39,C281,Vladimir Tomovic,Test Cases > Reports > Advisor Analysis,COVERED-BY,step3.content,CANDIDATE GAP,PHRASING,font setting variation,font,,"no case of ours contains 'font' together with ['setting', 'variation']",font-variation-settings:
39,C281,Vladimir Tomovic,Test Cases > Reports > Advisor Analysis,COVERED-BY,step3.content,CANDIDATE GAP,PHRASING,list style type,list,,"no case of ours contains 'list' together with ['style', 'type']",list-style-type:
39,C281,Vladimir Tomovic,Test Cases > Reports > Advisor Analysis,COVERED-BY,step3.content,CANDIDATE GAP,PHRASING,disc last margin,disc,,"no case of ours contains 'disc' together with ['last', 'margin']","disc"">Last Week</li><li style=""margin:"
39,C281,Vladimir Tomovic,Test Cases > Reports > Advisor Analysis,COVERED-BY,step3.content,CANDIDATE GAP,PHRASING,font optical sizing,font,,"no case of ours contains 'font' together with ['optical', 'sizing']",font-optical-sizing:
39,C281,Vladimir Tomovic,Test Cases > Reports > Advisor Analysis,COVERED-BY,step3.content,CANDIDATE GAP,PHRASING,adjust font size,adjust,,"no case of ours contains 'adjust' together with ['font', 'size']",font-size-adjust:
39,C281,Vladimir Tomovic,Test Cases > Reports > Advisor Analysis,COVERED-BY,step3.content,CANDIDATE GAP,PHRASING,feature font setting,feature,,"no case of ours contains 'feature' together with ['font', 'setting']",font-feature-settings:
39,C281,Vladimir Tomovic,Test Cases > Reports > Advisor Analysis,COVERED-BY,step3.content,CANDIDATE GAP,PHRASING,font setting variation,font,,"no case of ours contains 'font' together with ['setting', 'variation']",font-variation-settings:
39,C281,Vladimir Tomovic,Test Cases > Reports > Advisor Analysis,COVERED-BY,step3.content,CANDIDATE GAP,PHRASING,list style type,list,,"no case of ours contains 'list' together with ['style', 'type']",list-style-type:
39,C281,Vladimir Tomovic,Test Cases > Reports > Advisor Analysis,COVERED-BY,step3.content,CANDIDATE GAP,PHRASING,disc margin month,disc,,"no case of ours contains 'disc' together with ['margin', 'month']","disc"">This Month</li><li style=""margin:"
39,C281,Vladimir Tomovic,Test Cases > Reports > Advisor Analysis,COVERED-BY,step3.content,CANDIDATE GAP,PHRASING,font optical sizing,font,,"no case of ours contains 'font' together with ['optical', 'sizing']",font-optical-sizing:
39,C281,Vladimir Tomovic,Test Cases > Reports > Advisor Analysis,COVERED-BY,step3.content,CANDIDATE GAP,PHRASING,adjust font size,adjust,,"no case of ours contains 'adjust' together with ['font', 'size']",font-size-adjust:
39,C281,Vladimir Tomovic,Test Cases > Reports > Advisor Analysis,COVERED-BY,step3.content,CANDIDATE GAP,PHRASING,feature font setting,feature,,"no case of ours contains 'feature' together with ['font', 'setting']",font-feature-settings:
39,C281,Vladimir Tomovic,Test Cases > Reports > Advisor Analysis,COVERED-BY,step3.content,CANDIDATE GAP,PHRASING,font setting variation,font,,"no case of ours contains 'font' together with ['setting', 'variation']",font-variation-settings:
39,C281,Vladimir Tomovic,Test Cases > Reports > Advisor Analysis,COVERED-BY,step3.content,CANDIDATE GAP,PHRASING,list style type,list,,"no case of ours contains 'list' together with ['style', 'type']",list-style-type:
39,C281,Vladimir Tomovic,Test Cases > Reports > Advisor Analysis,COVERED-BY,step3.content,CANDIDATE GAP,PHRASING,disc last margin,disc,,"no case of ours contains 'disc' together with ['last', 'margin']","disc"">Last Month</li><li style=""margin:"
39,C281,Vladimir Tomovic,Test Cases > Reports > Advisor Analysis,COVERED-BY,step3.content,CANDIDATE GAP,PHRASING,font optical sizing,font,,"no case of ours contains 'font' together with ['optical', 'sizing']",font-optical-sizing:
39,C281,Vladimir Tomovic,Test Cases > Reports > Advisor Analysis,COVERED-BY,step3.content,CANDIDATE GAP,PHRASING,adjust font size,adjust,,"no case of ours contains 'adjust' together with ['font', 'size']",font-size-adjust:
39,C281,Vladimir Tomovic,Test Cases > Reports > Advisor Analysis,COVERED-BY,step3.content,CANDIDATE GAP,PHRASING,feature font setting,feature,,"no case of ours contains 'feature' together with ['font', 'setting']",font-feature-settings:
39,C281,Vladimir Tomovic,Test Cases > Reports > Advisor Analysis,COVERED-BY,step3.content,CANDIDATE GAP,PHRASING,font setting variation,font,,"no case of ours contains 'font' together with ['setting', 'variation']",font-variation-settings:
39,C281,Vladimir Tomovic,Test Cases > Reports > Advisor Analysis,COVERED-BY,step3.content,CANDIDATE GAP,PHRASING,list style type,list,,"no case of ours contains 'list' together with ['style', 'type']",list-style-type:
39,C281,Vladimir Tomovic,Test Cases > Reports > Advisor Analysis,COVERED-BY,step3.content,CANDIDATE GAP,PHRASING,disc margin style,disc,,"no case of ours contains 'disc' together with ['margin', 'style']","disc"">This Year</li><li style=""margin:"
39,C281,Vladimir Tomovic,Test Cases > Reports > Advisor Analysis,COVERED-BY,step3.content,CANDIDATE GAP,PHRASING,font optical sizing,font,,"no case of ours contains 'font' together with ['optical', 'sizing']",font-optical-sizing:
39,C281,Vladimir Tomovic,Test Cases > Reports > Advisor Analysis,COVERED-BY,step3.content,CANDIDATE GAP,PHRASING,adjust font size,adjust,,"no case of ours contains 'adjust' together with ['font', 'size']",font-size-adjust:
39,C281,Vladimir Tomovic,Test Cases > Reports > Advisor Analysis,COVERED-BY,step3.content,CANDIDATE GAP,PHRASING,feature font setting,feature,,"no case of ours contains 'feature' together with ['font', 'setting']",font-feature-settings:
39,C281,Vladimir Tomovic,Test Cases > Reports > Advisor Analysis,COVERED-BY,step3.content,CANDIDATE GAP,PHRASING,font setting variation,font,,"no case of ours contains 'font' together with ['setting', 'variation']",font-variation-settings:
39,C281,Vladimir Tomovic,Test Cases > Reports > Advisor Analysis,COVERED-BY,step3.content,CANDIDATE GAP,PHRASING,list style type,list,,"no case of ours contains 'list' together with ['style', 'type']",list-style-type:
39,C281,Vladimir Tomovic,Test Cases > Reports > Advisor Analysis,COVERED-BY,step3.content,CANDIDATE GAP,PHRASING,disc last margin,disc,,"no case of ours contains 'disc' together with ['last', 'margin']","disc"">Last Year</li><li style=""margin:"
39,C281,Vladimir Tomovic,Test Cases > Reports > Advisor Analysis,COVERED-BY,step3.content,CANDIDATE GAP,PHRASING,font optical sizing,font,,"no case of ours contains 'font' together with ['optical', 'sizing']",font-optical-sizing:
39,C281,Vladimir Tomovic,Test Cases > Reports > Advisor Analysis,COVERED-BY,step3.content,CANDIDATE GAP,PHRASING,adjust font size,adjust,,"no case of ours contains 'adjust' together with ['font', 'size']",font-size-adjust:
39,C281,Vladimir Tomovic,Test Cases > Reports > Advisor Analysis,COVERED-BY,step3.content,CANDIDATE GAP,PHRASING,feature font setting,feature,,"no case of ours contains 'feature' together with ['font', 'setting']",font-feature-settings:
39,C281,Vladimir Tomovic,Test Cases > Reports > Advisor Analysis,COVERED-BY,step3.content,CANDIDATE GAP,PHRASING,font setting variation,font,,"no case of ours contains 'font' together with ['setting', 'variation']",font-variation-settings:
39,C281,Vladimir Tomovic,Test Cases > Reports > Advisor Analysis,COVERED-BY,step3.content,CANDIDATE GAP,PHRASING,list style type,list,,"no case of ours contains 'list' together with ['style', 'type']",list-style-type:
39,C281,Vladimir Tomovic,Test Cases > Reports > Advisor Analysis,COVERED-BY,step3.content,CANDIDATE GAP,PHRASING,disc margin quarter,disc,,"no case of ours contains 'disc' together with ['margin', 'quarter']","disc"">This Quarter</li><li style=""margin:"
39,C281,Vladimir Tomovic,Test Cases > Reports > Advisor Analysis,COVERED-BY,step3.content,CANDIDATE GAP,PHRASING,font optical sizing,font,,"no case of ours contains 'font' together with ['optical', 'sizing']",font-optical-sizing:
39,C281,Vladimir Tomovic,Test Cases > Reports > Advisor Analysis,COVERED-BY,step3.content,CANDIDATE GAP,PHRASING,adjust font size,adjust,,"no case of ours contains 'adjust' together with ['font', 'size']",font-size-adjust:
39,C281,Vladimir Tomovic,Test Cases > Reports > Advisor Analysis,COVERED-BY,step3.content,CANDIDATE GAP,PHRASING,feature font setting,feature,,"no case of ours contains 'feature' together with ['font', 'setting']",font-feature-settings:
39,C281,Vladimir Tomovic,Test Cases > Reports > Advisor Analysis,COVERED-BY,step3.content,CANDIDATE GAP,PHRASING,font setting variation,font,,"no case of ours contains 'font' together with ['setting', 'variation']",font-variation-settings:
39,C281,Vladimir Tomovic,Test Cases > Reports > Advisor Analysis,COVERED-BY,step3.content,CANDIDATE GAP,PHRASING,list style type,list,,"no case of ours contains 'list' together with ['style', 'type']",list-style-type:
39,C281,Vladimir Tomovic,Test Cases > Reports > Advisor Analysis,COVERED-BY,step3.content,CANDIDATE GAP,PHRASING,disc last margin,disc,,"no case of ours contains 'disc' together with ['last', 'margin']","disc"">Last Quarter</li><li style=""margin:"
39,C281,Vladimir Tomovic,Test Cases > Reports > Advisor Analysis,COVERED-BY,step3.content,CANDIDATE GAP,PHRASING,font optical sizing,font,,"no case of ours contains 'font' together with ['optical', 'sizing']",font-optical-sizing:
39,C281,Vladimir Tomovic,Test Cases > Reports > Advisor Analysis,COVERED-BY,step3.content,CANDIDATE GAP,PHRASING,adjust font size,adjust,,"no case of ours contains 'adjust' together with ['font', 'size']",font-size-adjust:
39,C281,Vladimir Tomovic,Test Cases > Reports > Advisor Analysis,COVERED-BY,step3.content,CANDIDATE GAP,PHRASING,feature font setting,feature,,"no case of ours contains 'feature' together with ['font', 'setting']",font-feature-settings:
39,C281,Vladimir Tomovic,Test Cases > Reports > Advisor Analysis,COVERED-BY,step3.content,CANDIDATE GAP,PHRASING,font setting variation,font,,"no case of ours contains 'font' together with ['setting', 'variation']",font-variation-settings:
39,C281,Vladimir Tomovic,Test Cases > Reports > Advisor Analysis,COVERED-BY,step3.content,CANDIDATE GAP,PHRASING,list style type,list,,"no case of ours contains 'list' together with ['style', 'type']",list-style-type:
39,C281,Vladimir Tomovic,Test Cases > Reports > Advisor Analysis,COVERED-BY,step3.expected,CANDIDATE GAP,PHRASING,advisor correct selected,advisor,,"no case of ours contains 'advisor' together with ['correct', 'selected']",<ul><li>Totals are correct for selected Advisor</li></ul>
39,C27259,Vladimir Tomovic,Test Cases > Reports > Advisor Analysis,COVERED-BY,custom_preconds,CANDIDATE GAP,PHRASING,active advisor assigned,active,,"no case of ours contains 'active' together with ['advisor', 'assigned']","<p>Owner/admin logged in (reports project storage state)<br />An invoiced WO with a Service Advisor assigned exists in the active workplace, dated within this_month (seeded via API)</p>"
39,C27259,Vladimir Tomovic,Test Cases > Reports > Advisor Analysis,COVERED-BY,step1.content,CANDIDATE GAP,PHRASING,advisor analysi contain,advisor,,"no case of ours contains 'advisor' together with ['analysi', 'contain']",<p>Open the Service Advisor Analysis report (default this_month range contains the seeded WO)</p>
39,C27259,Vladimir Tomovic,Test Cases > Reports > Advisor Analysis,COVERED-BY,step2.content,CANDIDATE GAP,PHRASING,finish loading table,finish,,"no case of ours contains 'finish' together with ['loading', 'table']",<p>Wait for the table to finish loading</p>
39,C27259,Vladimir Tomovic,Test Cases > Reports > Advisor Analysis,COVERED-BY,step3.content,CANDIDATE GAP,PHRASING,advisor cell invoice,advisor,,"no case of ours contains 'advisor' together with ['cell', 'invoice']",<p>Click the seeded row's invoice cell (service_advisor_cell_invoice_number_&lt;woId&gt;)</p>
59,C315,Vladimir Tomovic,Test Cases > Reports > Timesheet Activities,CANDIDATE GAP,custom_preconds,CANDIDATE GAP,PHRASING,exceed having punch,exceed,,"no case of ours contains 'exceed' together with ['having', 'punch']","<li>For the location, there is an active Work Order (WO) with at least one line having a time punch that exceeds 24 hours</li>"
59,C315,Vladimir Tomovic,Test Cases > Reports > Timesheet Activities,CANDIDATE GAP,step1.content,COVERED-BY,STRONG,activity timesheet,,C19247 C19248 C19249 C19250 C19251 C19252,"all of ['activity', 'timesheet'] co-occur in a case of ours",<li>Navigate to the 'Timesheet Activities' page</li>
59,C315,Vladimir Tomovic,Test Cases > Reports > Timesheet Activities,CANDIDATE GAP,step1.content,CANDIDATE GAP,PHRASING,associated identify punch,associated,,"no case of ours contains 'associated' together with ['identify', 'punch']",<li>Identify the time punch record(s) associated with the WO</li>
59,C315,Vladimir Tomovic,Test Cases > Reports > Timesheet Activities,CANDIDATE GAP,step1.expected,CANDIDATE GAP,STRONG,day punch record,record,,"no case of ours contains 'record' together with ['day', 'punch']",<li>The 'Timesheet Activities' page displays records for the time punch on the day it started</li>
59,C315,Vladimir Tomovic,Test Cases > Reports > Timesheet Activities,CANDIDATE GAP,step1.expected,CANDIDATE GAP,PHRASING,days exceeding never,days,,"no case of ours contains 'days' together with ['exceeding', 'never']",<li>Time punch records are split over at least 2 days and never exceeding 24 hours</li>
59,C1011,Vladimir Tomovic,Test Cases > Reports > Timesheet Activities,CONTRADICTS-OURS,custom_preconds,CANDIDATE GAP,PHRASING,base navigated punch,base,,"no case of ours contains 'base' together with ['navigated', 'punch']",<li>User is navigated to the {{BASE_URL}}/reports/punch-clock-activities</li>
59,C1011,Vladimir Tomovic,Test Cases > Reports > Timesheet Activities,CONTRADICTS-OURS,step1.content,CANDIDATE GAP,STRONG,ordering filter activity,filter,,"no case of ours contains 'filter' together with ['ordering', 'activity']",<li>Verify default filters and default activities ordering</li>
59,C1011,Vladimir Tomovic,Test Cases > Reports > Timesheet Activities,CONTRADICTS-OURS,step1.expected,CONTRADICTS-OURS,STRONG,filter staff set,staff,C19251,"our case(s) share this topic AND carry a closed-list/negation marker, while never mentioning 'staff' - read both before ruling",<li>By default 'Filter By Staff' is not set</li>
59,C1011,Vladimir Tomovic,Test Cases > Reports > Timesheet Activities,CONTRADICTS-OURS,step1.expected,CANDIDATE GAP,STRONG,interval filter month,filter,,"no case of ours contains 'filter' together with ['interval', 'month']",<li>By default time interval filter is set to 'This Month'</li>
59,C1011,Vladimir Tomovic,Test Cases > Reports > Timesheet Activities,CONTRADICTS-OURS,step1.expected,CANDIDATE GAP,STRONG,newest oldest bottom,bottom,,"no case of ours contains 'bottom' together with ['newest', 'oldest']","<li>Activities are sorted from newest date, with the most recent time, at the top, to oldest, with the oldest time, at the bottom (column 'Date' + column 'Clock In')</li>"
59,C1011,Vladimir Tomovic,Test Cases > Reports > Timesheet Activities,CONTRADICTS-OURS,step2.content,CANDIDATE GAP,STRONG,interval ordering option,option,,"no case of ours contains 'option' together with ['interval', 'ordering']",<li>For each time filter interval option verify activities ordering</li>
59,C1011,Vladimir Tomovic,Test Cases > Reports > Timesheet Activities,CONTRADICTS-OURS,step2.expected,CANDIDATE GAP,STRONG,newest oldest bottom,bottom,,"no case of ours contains 'bottom' together with ['newest', 'oldest']","<li>Activities are sorted from newest date, with the most recent time, at the top, to oldest, with the oldest time, at the bottom (column 'Date' + column 'Clock In')</li>"
59,C1011,Vladimir Tomovic,Test Cases > Reports > Timesheet Activities,CONTRADICTS-OURS,step3.content,CANDIDATE GAP,STRONG,ordering pick member,member,,"no case of ours contains 'member' together with ['ordering', 'pick']",<li>Pick staff member in 'Filter By Staff' and verify activities ordering</li>
59,C1011,Vladimir Tomovic,Test Cases > Reports > Timesheet Activities,CONTRADICTS-OURS,step3.expected,CANDIDATE GAP,STRONG,newest oldest bottom,bottom,,"no case of ours contains 'bottom' together with ['newest', 'oldest']","<li>Activities are sorted from newest date, with the most recent time, at the top, to oldest, with the oldest time, at the bottom (column 'Date' + column 'Clock In')</li>"
59,C1011,Vladimir Tomovic,Test Cases > Reports > Timesheet Activities,CONTRADICTS-OURS,step4.content,CANDIDATE GAP,STRONG,interval ordering option,option,,"no case of ours contains 'option' together with ['interval', 'ordering']",<li>For the selected staff member verify activities ordering for each time filter interval option </li>
59,C1011,Vladimir Tomovic,Test Cases > Reports > Timesheet Activities,CONTRADICTS-OURS,step4.content,CANDIDATE GAP,PHRASING,filtered improved interval,filtered,,"no case of ours contains 'filtered' together with ['improved', 'interval']",<strong>Currently time interval should be filtered before staff member...this will be improved in the future</strong></p>
59,C1011,Vladimir Tomovic,Test Cases > Reports > Timesheet Activities,CONTRADICTS-OURS,step4.expected,CANDIDATE GAP,STRONG,newest oldest bottom,bottom,,"no case of ours contains 'bottom' together with ['newest', 'oldest']","<li>Activities are sorted from newest date, with the most recent time, at the top, to oldest, with the oldest time, at the bottom (column 'Date' + column 'Clock In')</li>"
59,C1328,Vladimir Tomovic,Test Cases > Reports > Timesheet Activities,CONTRADICTS-OURS,custom_preconds,CANDIDATE GAP,PHRASING,base navigated punch,base,,"no case of ours contains 'base' together with ['navigated', 'punch']",<li>User is navigated to the {{BASE_URL}}/reports/punch-clock-activities </li>
59,C1328,Vladimir Tomovic,Test Cases > Reports > Timesheet Activities,CONTRADICTS-OURS,step1.content,CANDIDATE GAP,STRONG,corner right new,right,,"no case of ours contains 'right' together with ['corner', 'new']",<li>Click on 'New' button in top right corner</li>
59,C1328,Vladimir Tomovic,Test Cases > Reports > Timesheet Activities,CONTRADICTS-OURS,step1.expected,COVERED-BY,STRONG,new modal time,,C19267 C19271,"all of ['new', 'modal', 'time'] co-occur in a case of ours",<li>'New Timesheet Clock Time' modal opens</li>
59,C1328,Vladimir Tomovic,Test Cases > Reports > Timesheet Activities,CONTRADICTS-OURS,step2.expected,COVERED-BY,STRONG,dropdown work order,,C19267 C19272,"all of ['dropdown', 'work', 'order'] co-occur in a case of ours",<li>'Work Order' dropdown is present</li>
59,C1328,Vladimir Tomovic,Test Cases > Reports > Timesheet Activities,CONTRADICTS-OURS,step2.expected,COVERED-BY,STRONG,field date,,C19267 C19268 C19269 C19274 C19275,"all of ['field', 'date'] co-occur in a case of ours",<li>'Start' date field is present</li>
59,C1328,Vladimir Tomovic,Test Cases > Reports > Timesheet Activities,CONTRADICTS-OURS,step2.expected,COVERED-BY,STRONG,field end date,,C19267 C19268 C19274 C19275,"all of ['field', 'end', 'date'] co-occur in a case of ours",<li>'End' date field is present</li>
59,C1328,Vladimir Tomovic,Test Cases > Reports > Timesheet Activities,CONTRADICTS-OURS,step3.content,CANDIDATE GAP,STRONG,mandatory populate create,create,,"no case of ours contains 'create' together with ['mandatory', 'populate']",<li>Populate all mandatory fields and click 'Create'</li>
59,C1328,Vladimir Tomovic,Test Cases > Reports > Timesheet Activities,CONTRADICTS-OURS,step3.expected,COVERED-BY,STRONG,close new modal,,C19271,"all of ['close', 'new', 'modal'] co-occur in a case of ours",<li>'New Timesheet Clock Time' modal closes</li>
59,C1328,Vladimir Tomovic,Test Cases > Reports > Timesheet Activities,CONTRADICTS-OURS,step3.expected,CANDIDATE GAP,STRONG,strong successful creation,creation,,"no case of ours contains 'creation' together with ['strong', 'successful']",<li>'Creation/change was successful' message appears <strong>(No error message upon creation)</strong></li>
59,C1328,Vladimir Tomovic,Test Cases > Reports > Timesheet Activities,CONTRADICTS-OURS,step4.content,COVERED-BY,STRONG,new list time,,C19268 C19271,"all of ['new', 'list', 'time'] co-occur in a case of ours",<li>Verify new entry of clock-in time on the 'Timesheet Activities' list</li>
59,C1328,Vladimir Tomovic,Test Cases > Reports > Timesheet Activities,CONTRADICTS-OURS,step4.expected,CANDIDATE GAP,STRONG,new list visible,new,C19249 C19250 C19291,"no case of ours contains 'new' together with ['list', 'visible']",<li>New clock-in time is visible on the 'Timesheet Activities' list</li>
59,C1328,Vladimir Tomovic,Test Cases > Reports > Timesheet Activities,CONTRADICTS-OURS,step5.content,CANDIDATE GAP,STRONG,added tim tab,tim,,"no case of ours contains 'tim' together with ['added', 'tab']",<li>Navigate to WO's 'Timesheets' tab a verify clock-in times on the line it was added</li>
59,C1328,Vladimir Tomovic,Test Cases > Reports > Timesheet Activities,CONTRADICTS-OURS,step5.expected,CONTRADICTS-OURS,STRONG,line new time,line,C19268 C19270 C19271,"our case(s) share this topic AND carry a closed-list/negation marker, while never mentioning 'line' - read both before ruling",<li>A new clock-in time is present on the line</li>
59,C1328,Vladimir Tomovic,Test Cases > Reports > Timesheet Activities,CONTRADICTS-OURS,step6.content,CANDIDATE GAP,STRONG,lin tim tab,lin,,"no case of ours contains 'lin' together with ['tim', 'tab']",<li>Navigate to the WO's 'Lines' tab and verify clock-in times</li>
59,C1328,Vladimir Tomovic,Test Cases > Reports > Timesheet Activities,CONTRADICTS-OURS,step6.expected,CANDIDATE GAP,PHRASING,actual added estimate,actual,,"no case of ours contains 'actual' together with ['added', 'estimate']",<li>A new clock-in time is added to the 'Progress' and 'Actual/Estimate'</li>
59,C1328,Vladimir Tomovic,Test Cases > Reports > Timesheet Activities,CONTRADICTS-OURS,step6.expected,CANDIDATE GAP,PHRASING,actual estimate match,actual,,"no case of ours contains 'actual' together with ['estimate', 'match']",<li><strong>Actual</strong> time (Actual/Estimate) on the line match the total time per line on 'Timesheets' tab</li>
59,C1338,Vladimir Tomovic,Test Cases > Reports > Timesheet Activities,CANDIDATE GAP,title,CANDIDATE GAP,STRONG,ends minute create,create,,"no case of ours contains 'create' together with ['ends', 'minute']",Create activity that starts and ends in same minute
59,C1339,Vladimir Tomovic,Test Cases > Reports > Timesheet Activities,CANDIDATE GAP,custom_preconds,CANDIDATE GAP,PHRASING,base navigated punch,base,,"no case of ours contains 'base' together with ['navigated', 'punch']",<li>User is navigated to the {{BASE_URL}}/reports/punch-clock-activities</li>
59,C1339,Vladimir Tomovic,Test Cases > Reports > Timesheet Activities,CANDIDATE GAP,step1.content,CANDIDATE GAP,STRONG,pick edit button,edit,,"no case of ours contains 'edit' together with ['pick', 'button']",<li>Pick timesheet activity and click edit button</li>
59,C1339,Vladimir Tomovic,Test Cases > Reports > Timesheet Activities,CANDIDATE GAP,step1.expected,CANDIDATE GAP,STRONG,dialog edit activity,edit,,"no case of ours contains 'edit' together with ['dialog', 'activity']",<li>Edit timesheet activity dialog opens</li>
59,C1339,Vladimir Tomovic,Test Cases > Reports > Timesheet Activities,CANDIDATE GAP,step2.content,CANDIDATE GAP,PHRASING,make minute sure,make,,"no case of ours contains 'make' together with ['minute', 'sure']",<li><p>Make sure that Start time and End time are the same (same minute)</p></li>
59,C1339,Vladimir Tomovic,Test Cases > Reports > Timesheet Activities,CANDIDATE GAP,step3.content,CANDIDATE GAP,STRONG,minute change end,change,,"no case of ours contains 'change' together with ['minute', 'end']",<li>Change end time to +1 minute</li>
59,C1339,Vladimir Tomovic,Test Cases > Reports > Timesheet Activities,CANDIDATE GAP,step3.expected,CANDIDATE GAP,STRONG,punch saved successfully,saved,,"no case of ours contains 'saved' together with ['punch', 'successfully']",<li>Time punch is saved successfully.</li>
59,C1730,Vladimir Tomovic,Test Cases > Reports > Timesheet Activities,CANDIDATE GAP,custom_preconds,CANDIDATE GAP,STRONG,tech lin time,lin,,"no case of ours contains 'lin' together with ['tech', 'time']",<li>Tech user has clock-in time on all lines</li>
59,C1730,Vladimir Tomovic,Test Cases > Reports > Timesheet Activities,CANDIDATE GAP,custom_preconds,CANDIDATE GAP,PHRASING,base navigated punch,base,,"no case of ours contains 'base' together with ['navigated', 'punch']",<li>User is navigated to the {{BASE_URL}}/reports/punch-clock-activities</li>
59,C1730,Vladimir Tomovic,Test Cases > Reports > Timesheet Activities,CANDIDATE GAP,step1.content,CANDIDATE GAP,STRONG,corner right new,right,,"no case of ours contains 'right' together with ['corner', 'new']",<li>Click on 'New' button in top right corner</li>
59,C1730,Vladimir Tomovic,Test Cases > Reports > Timesheet Activities,CANDIDATE GAP,step1.expected,COVERED-BY,STRONG,new modal time,,C19267 C19271,"all of ['new', 'modal', 'time'] co-occur in a case of ours",<li>'New Timesheet Clock Time' modal opens</li>
59,C1730,Vladimir Tomovic,Test Cases > Reports > Timesheet Activities,CANDIDATE GAP,step2.content,CANDIDATE GAP,PHRASING,mandatory populate privileg,mandatory,,"no case of ours contains 'mandatory' together with ['populate', 'privileg']",<li>Populate all mandatory fields and click 'Create' (Use staff member with Tech privileges)</li>
59,C1730,Vladimir Tomovic,Test Cases > Reports > Timesheet Activities,CANDIDATE GAP,step2.expected,COVERED-BY,STRONG,close new modal,,C19271,"all of ['close', 'new', 'modal'] co-occur in a case of ours",<li>'New Timesheet Clock Time' modal closes</li>
59,C1730,Vladimir Tomovic,Test Cases > Reports > Timesheet Activities,CANDIDATE GAP,step2.expected,CANDIDATE GAP,STRONG,strong successful creation,creation,,"no case of ours contains 'creation' together with ['strong', 'successful']",<li>'Creation/change was successful' message appears <strong>(No error message upon creation)</strong></li>
59,C1730,Vladimir Tomovic,Test Cases > Reports > Timesheet Activities,CANDIDATE GAP,step3.content,COVERED-BY,STRONG,new list time,,C19268 C19271,"all of ['new', 'list', 'time'] co-occur in a case of ours",<li>Verify new entry of clock-in time on the 'Timesheet Activities' list</li>
59,C1730,Vladimir Tomovic,Test Cases > Reports > Timesheet Activities,CANDIDATE GAP,step3.expected,CANDIDATE GAP,STRONG,new list visible,new,C19249 C19250 C19291,"no case of ours contains 'new' together with ['list', 'visible']",<li>New clock-in time is visible on the 'Timesheet Activities' list</li>
59,C1730,Vladimir Tomovic,Test Cases > Reports > Timesheet Activities,CANDIDATE GAP,step4.content,CANDIDATE GAP,STRONG,added tim tab,tim,,"no case of ours contains 'tim' together with ['added', 'tab']",<li>Navigate to WO's 'Timesheets' tab a verify clock-in times on the line it was added</li>
59,C1730,Vladimir Tomovic,Test Cases > Reports > Timesheet Activities,CANDIDATE GAP,step4.expected,CANDIDATE GAP,STRONG,previou together record,record,,"no case of ours contains 'record' together with ['previou', 'together']",<li>A new clock-in time is present together with previous time records for the same line</li>
59,C1730,Vladimir Tomovic,Test Cases > Reports > Timesheet Activities,CANDIDATE GAP,step5.content,CANDIDATE GAP,STRONG,lin tim tab,lin,,"no case of ours contains 'lin' together with ['tim', 'tab']",<li>Navigate to the WO's 'Lines' tab and verify clock-in times</li>
59,C1730,Vladimir Tomovic,Test Cases > Reports > Timesheet Activities,CANDIDATE GAP,step5.expected,CANDIDATE GAP,PHRASING,actual added estimate,actual,,"no case of ours contains 'actual' together with ['added', 'estimate']",<li>A new clock-in time is added to the 'Progress' and 'Actual/Estimate'</li>
59,C1730,Vladimir Tomovic,Test Cases > Reports > Timesheet Activities,CANDIDATE GAP,step5.expected,CANDIDATE GAP,PHRASING,actual estimate match,actual,,"no case of ours contains 'actual' together with ['estimate', 'match']",<li><strong>Actual</strong> time (Actual/Estimate) on the line match the total time per line on 'Timesheets' tab</li>
59,C1731,Vladimir Tomovic,Test Cases > Reports > Timesheet Activities,CONTRADICTS-OURS,custom_preconds,CONTRADICTS-OURS,STRONG,lin time clock,lin,C19270 C19278,"our case(s) share this topic AND carry a closed-list/negation marker, while never mentioning 'lin' - read both before ruling",<li>Admin user has clock-in time on all lines</li>
59,C1731,Vladimir Tomovic,Test Cases > Reports > Timesheet Activities,CONTRADICTS-OURS,custom_preconds,CANDIDATE GAP,PHRASING,base navigated punch,base,,"no case of ours contains 'base' together with ['navigated', 'punch']",<li>User is navigated to the {{BASE_URL}}/reports/punch-clock-activities</li>
59,C1731,Vladimir Tomovic,Test Cases > Reports > Timesheet Activities,CONTRADICTS-OURS,step1.content,CANDIDATE GAP,STRONG,corner strong right,right,,"no case of ours contains 'right' together with ['corner', 'strong']",<li>Click on <strong>New</strong> button in top right corner</li>
59,C1731,Vladimir Tomovic,Test Cases > Reports > Timesheet Activities,CONTRADICTS-OURS,step1.expected,CANDIDATE GAP,STRONG,strong new modal,new,,"no case of ours contains 'new' together with ['strong', 'modal']",<li><strong>New Timesheet Clock Time</strong> modal opens</li>
59,C1731,Vladimir Tomovic,Test Cases > Reports > Timesheet Activities,CONTRADICTS-OURS,step2.content,CANDIDATE GAP,PHRASING,mandatory populate privileg,mandatory,,"no case of ours contains 'mandatory' together with ['populate', 'privileg']",<li>Populate all mandatory fields and click <strong>Create</strong> (Use staff member with Admin privileges)</li>
59,C1731,Vladimir Tomovic,Test Cases > Reports > Timesheet Activities,CONTRADICTS-OURS,step2.expected,CANDIDATE GAP,STRONG,strong close new,close,,"no case of ours contains 'close' together with ['strong', 'new']",<li><strong>New Timesheet Clock Time</strong> modal closes</li>
59,C1731,Vladimir Tomovic,Test Cases > Reports > Timesheet Activities,CONTRADICTS-OURS,step2.expected,CANDIDATE GAP,STRONG,strong successful creation,creation,,"no case of ours contains 'creation' together with ['strong', 'successful']",<li><strong>Creation/change was successful</strong> message appears (no error message upon creation)</li>
59,C1731,Vladimir Tomovic,Test Cases > Reports > Timesheet Activities,CONTRADICTS-OURS,step3.content,CANDIDATE GAP,STRONG,strong new list,new,,"no case of ours contains 'new' together with ['strong', 'list']",<li>Verify new entry of clock-in time on the <strong>Timesheet Activities</strong> list</li>
59,C1731,Vladimir Tomovic,Test Cases > Reports > Timesheet Activities,CONTRADICTS-OURS,step3.expected,CANDIDATE GAP,STRONG,strong new list,new,,"no case of ours contains 'new' together with ['strong', 'list']",<li>New clock-in time is visible on the <strong>Timesheet Activities</strong> list</li>
59,C1731,Vladimir Tomovic,Test Cases > Reports > Timesheet Activities,CONTRADICTS-OURS,step4.content,CANDIDATE GAP,STRONG,added strong tim,tim,,"no case of ours contains 'tim' together with ['added', 'strong']",<li>Navigate to WO's <strong>Timesheets</strong> tab a verify clock-in times on the line it was added</li>
59,C1731,Vladimir Tomovic,Test Cases > Reports > Timesheet Activities,CONTRADICTS-OURS,step4.expected,CANDIDATE GAP,STRONG,previou together record,record,,"no case of ours contains 'record' together with ['previou', 'together']",<li>A new clock-in time is present together with previous time records for the same line</li>
59,C1731,Vladimir Tomovic,Test Cases > Reports > Timesheet Activities,CONTRADICTS-OURS,step5.content,CANDIDATE GAP,STRONG,strong lin tim,lin,,"no case of ours contains 'lin' together with ['strong', 'tim']",<li>Navigate to the WO's <strong>Lines</strong> tab and verify clock-in times</li>
59,C1731,Vladimir Tomovic,Test Cases > Reports > Timesheet Activities,CONTRADICTS-OURS,step5.expected,CANDIDATE GAP,PHRASING,actual added estimate,actual,,"no case of ours contains 'actual' together with ['added', 'estimate']",<li>A new clock-in time is added to the <strong>Progress</strong> and <strong>Actual/Estimate</strong></li>
59,C1731,Vladimir Tomovic,Test Cases > Reports > Timesheet Activities,CONTRADICTS-OURS,step5.expected,CANDIDATE GAP,PHRASING,actual estimate match,actual,,"no case of ours contains 'actual' together with ['estimate', 'match']",<li><strong>Actual</strong> time (Actual/Estimate) on the line match the total time per line on <strong>Timesheets</strong> tab</li>
59,C1788,Vladimir Tomovic,Test Cases > Reports > Timesheet Activities,CANDIDATE GAP,custom_preconds,CANDIDATE GAP,STRONG,punch strong line,line,,"no case of ours contains 'line' together with ['punch', 'strong']",<li>WO exists with <strong>admin</strong> user time punches on the line</li>
59,C1788,Vladimir Tomovic,Test Cases > Reports > Timesheet Activities,CANDIDATE GAP,custom_preconds,CANDIDATE GAP,PHRASING,base navigated punch,base,,"no case of ours contains 'base' together with ['navigated', 'punch']",<li>User is navigated to the {{BASE_URL}}/reports/punch-clock-activities</li>
59,C1788,Vladimir Tomovic,Test Cases > Reports > Timesheet Activities,CANDIDATE GAP,step1.content,CANDIDATE GAP,STRONG,already assigned create,create,,"no case of ours contains 'create' together with ['already', 'assigned']",<li>Create a new timesheet activity for a user who is already assigned to the line</li>
59,C1788,Vladimir Tomovic,Test Cases > Reports > Timesheet Activities,CANDIDATE GAP,step1.content,COVERED-BY,STRONG,tab line timesheet,,C19285 C19286 C19287 C19293,"all of ['tab', 'line', 'timesheet'] co-occur in a case of ours",<li>Verify WO line and WO timesheets tab</li>
59,C1788,Vladimir Tomovic,Test Cases > Reports > Timesheet Activities,CANDIDATE GAP,step1.expected,COVERED-BY,STRONG,created new activity,,C19268 C19269 C19271,"all of ['created', 'new', 'activity'] co-occur in a case of ours",<li>A new timesheet activity is created</li>
59,C1788,Vladimir Tomovic,Test Cases > Reports > Timesheet Activities,CANDIDATE GAP,step1.expected,CANDIDATE GAP,STRONG,mentioned punch multiple,multiple,,"no case of ours contains 'multiple' together with ['mentioned', 'punch']",<li>Multiple time punches exist on the line for the mentioned user</li>
59,C1788,Vladimir Tomovic,Test Cases > Reports > Timesheet Activities,CANDIDATE GAP,step2.content,CANDIDATE GAP,PHRASING,base punch url,base,,"no case of ours contains 'base' together with ['punch', 'url']",<li>Navigate back to the {{BASE_URL}}/reports/punch-clock-activities</li>
59,C1788,Vladimir Tomovic,Test Cases > Reports > Timesheet Activities,CANDIDATE GAP,step2.content,CANDIDATE GAP,STRONG,already punch create,create,,"no case of ours contains 'create' together with ['already', 'punch']",<li>Create a new timesheet activity for a user who already has time punches on the line</li>
59,C1788,Vladimir Tomovic,Test Cases > Reports > Timesheet Activities,CANDIDATE GAP,step2.content,COVERED-BY,STRONG,tab line timesheet,,C19285 C19286 C19287 C19293,"all of ['tab', 'line', 'timesheet'] co-occur in a case of ours",<li>Verify WO line and WO timesheets tab</li>
59,C1788,Vladimir Tomovic,Test Cases > Reports > Timesheet Activities,CANDIDATE GAP,step2.expected,COVERED-BY,STRONG,created new activity,,C19268 C19269 C19271,"all of ['created', 'new', 'activity'] co-occur in a case of ours",<li>A new timesheet activity is created</li>
59,C1788,Vladimir Tomovic,Test Cases > Reports > Timesheet Activities,CANDIDATE GAP,step2.expected,CANDIDATE GAP,STRONG,mentioned punch multiple,multiple,,"no case of ours contains 'multiple' together with ['mentioned', 'punch']",<li>Multiple time punches exist on the line for the mentioned user</li>
59,C1788,Vladimir Tomovic,Test Cases > Reports > Timesheet Activities,CANDIDATE GAP,step3.content,CANDIDATE GAP,PHRASING,foreman process rol,foreman,,"no case of ours contains 'foreman' together with ['process', 'rol']","<li>Repeat the process for all user roles (Tech, Foreman...)</li>"
59,C182,Vladimir Tomovic,Test Cases > Reports > Timesheet Activities,CANDIDATE GAP,custom_preconds,CANDIDATE GAP,PHRASING,app base navigated,app,,"no case of ours contains 'app' together with ['base', 'navigated']",<li>App is navigated to page {{BASE_URL}}/reports/punch-clock-activities</li>
59,C182,Vladimir Tomovic,Test Cases > Reports > Timesheet Activities,CANDIDATE GAP,custom_steps,CANDIDATE GAP,STRONG,table column visible,column,,"no case of ours contains 'column' together with ['table', 'visible']",<li>Verify all visible columns in table</li>
59,C182,Vladimir Tomovic,Test Cases > Reports > Timesheet Activities,CANDIDATE GAP,custom_expected,CANDIDATE GAP,STRONG,modify date time,date,,"no case of ours contains 'date' together with ['modify', 'time']",<li>Modify Date/Time</li>
59,C182,Vladimir Tomovic,Test Cases > Reports > Timesheet Activities,CANDIDATE GAP,custom_expected,CANDIDATE GAP,STRONG,summed bottom valu,bottom,,"no case of ours contains 'bottom' together with ['summed', 'valu']",<p>At he bottom there is Totals column with summed up values</p>
59,C183,Vladimir Tomovic,Test Cases > Reports > Timesheet Activities,CANDIDATE GAP,custom_preconds,CANDIDATE GAP,PHRASING,app base navigated,app,,"no case of ours contains 'app' together with ['base', 'navigated']",<li>App is navigated to page {{BASE_URL}}/reports/punch-clock-activities</li>
59,C183,Vladimir Tomovic,Test Cases > Reports > Timesheet Activities,CANDIDATE GAP,custom_steps,CANDIDATE GAP,STRONG,interval field dropdown,field,,"no case of ours contains 'field' together with ['interval', 'dropdown']",<li>Verify all the time intervals in the dropdown field</li>
59,C184,Vladimir Tomovic,Test Cases > Reports > Timesheet Activities,CANDIDATE GAP,custom_preconds,CANDIDATE GAP,PHRASING,app base navigated,app,,"no case of ours contains 'app' together with ['base', 'navigated']",<li>App is navigated to page {{BASE_URL}}/reports/punch-clock-activities</li>
59,C184,Vladimir Tomovic,Test Cases > Reports > Timesheet Activities,CANDIDATE GAP,custom_steps,CANDIDATE GAP,STRONG,pick employee filter,employee,,"no case of ours contains 'employee' together with ['pick', 'filter']",<li>Click on Filter by staff dropdown and pick employee</li>
59,C185,Vladimir Tomovic,Test Cases > Reports > Timesheet Activities,COVERED-BY,custom_preconds,CANDIDATE GAP,PHRASING,app base navigated,app,,"no case of ours contains 'app' together with ['base', 'navigated']",<li>App is navigated to page {{BASE_URL}}/reports/punch-clock-activities</li>
59,C186,Vladimir Tomovic,Test Cases > Reports > Timesheet Activities,CANDIDATE GAP,custom_preconds,CANDIDATE GAP,PHRASING,app base navigated,app,,"no case of ours contains 'app' together with ['base', 'navigated']",<li>App is navigated to page {{BASE_URL}}/reports/punch-clock-activities</li>
59,C186,Vladimir Tomovic,Test Cases > Reports > Timesheet Activities,CANDIDATE GAP,custom_expected,CANDIDATE GAP,STRONG,.csv downloading file,file,,"no case of ours contains 'file' together with ['.csv', 'downloading']",<li>.csv file starts downloading</li>
59,C287,Vladimir Tomovic,Test Cases > Reports > Timesheet Activities,CANDIDATE GAP,custom_preconds,CANDIDATE GAP,STRONG,location multiple department,location,,"no case of ours contains 'location' together with ['multiple', 'department']",<li>There is same department in multiple locations (A and B)</li>
59,C287,Vladimir Tomovic,Test Cases > Reports > Timesheet Activities,CANDIDATE GAP,custom_preconds,CANDIDATE GAP,STRONG,punched location department,location,,"no case of ours contains 'location' together with ['punched', 'department']",<li>Technician punched in time for department in location A</li>
59,C287,Vladimir Tomovic,Test Cases > Reports > Timesheet Activities,CANDIDATE GAP,custom_preconds,CANDIDATE GAP,STRONG,location account logged,account,C19279,"no case of ours contains 'account' together with ['location', 'logged']",<li>User is logged in with admin account on location B</li>
59,C287,Vladimir Tomovic,Test Cases > Reports > Timesheet Activities,CANDIDATE GAP,custom_steps,CANDIDATE GAP,PHRASING,finding punch try,finding,,"no case of ours contains 'finding' together with ['punch', 'try']",<li>Try finding time punches from technician on location A</li>
59,C287,Vladimir Tomovic,Test Cases > Reports > Timesheet Activities,CANDIDATE GAP,custom_expected,CANDIDATE GAP,STRONG,punch location visible,location,,"no case of ours contains 'location' together with ['punch', 'visible']",<li>No time punches are visible on location B</li>
59,C1992,Vladimir Tomovic,Test Cases > Reports > Timesheet Activities,CANDIDATE GAP,custom_preconds,CANDIDATE GAP,STRONG,chrome strong using,using,,"no case of ours contains 'using' together with ['chrome', 'strong']",<li>User is logged in as Admin using <strong>Chrome</strong></li>
59,C1992,Vladimir Tomovic,Test Cases > Reports > Timesheet Activities,CANDIDATE GAP,step1.content,CANDIDATE GAP,PHRASING,assign strong tech,assign,,"no case of ours contains 'assign' together with ['strong', 'tech']",<li>Create new WO and assign <strong>Tech</strong> to one of the line</li>
59,C1992,Vladimir Tomovic,Test Cases > Reports > Timesheet Activities,CANDIDATE GAP,step1.expected,CANDIDATE GAP,STRONG,assigned tech lin,lin,,"no case of ours contains 'lin' together with ['assigned', 'tech']",<li>WO is created and tech is assigned to one of the lines</li>
59,C1992,Vladimir Tomovic,Test Cases > Reports > Timesheet Activities,CANDIDATE GAP,step2.content,CANDIDATE GAP,PHRASING,chrome edge etc,chrome,,"no case of ours contains 'chrome' together with ['edge', 'etc']","<li>Open any browser <strong>other than</strong> Chrome (Edge, Firefox, Opera, etc."
59,C1992,Vladimir Tomovic,Test Cases > Reports > Timesheet Activities,CANDIDATE GAP,step2.content,CANDIDATE GAP,PHRASING,login strong tech,login,,"no case of ours contains 'login' together with ['strong', 'tech']",) and login as <strong>Tech</strong></li>
59,C1992,Vladimir Tomovic,Test Cases > Reports > Timesheet Activities,CANDIDATE GAP,step2.content,CANDIDATE GAP,STRONG,previously created,created,,no case of ours contains 'created' together with ['previously'],<li>Navigate to the previously created WO</li>
59,C1992,Vladimir Tomovic,Test Cases > Reports > Timesheet Activities,CANDIDATE GAP,step2.expected,CANDIDATE GAP,PHRASING,chrome strong tech,chrome,,"no case of ours contains 'chrome' together with ['strong', 'tech']",<li>User is logged in as a <strong>Tech</strong> using any browser other than Chrome</li>
59,C1992,Vladimir Tomovic,Test Cases > Reports > Timesheet Activities,CANDIDATE GAP,step2.expected,CANDIDATE GAP,STRONG,navigated previously created,created,,"no case of ours contains 'created' together with ['navigated', 'previously']",<li>User is navigated to the previously created WO</li>
59,C1992,Vladimir Tomovic,Test Cases > Reports > Timesheet Activities,CANDIDATE GAP,step3.content,CANDIDATE GAP,STRONG,chrome strong back,back,,"no case of ours contains 'back' together with ['chrome', 'strong']",<li>Go back to the <strong>Chrome</strong> browser where <strong>Admin</strong> user is logged in and change any data on the line (on <strong>Edit Line</strong> modal)</li>
59,C1992,Vladimir Tomovic,Test Cases > Reports > Timesheet Activities,CANDIDATE GAP,step3.expected,CANDIDATE GAP,STRONG,edited strong successfully,successfully,,"no case of ours contains 'successfully' together with ['edited', 'strong']",<li>Line is successfully <strong>edited</strong></li>
59,C1992,Vladimir Tomovic,Test Cases > Reports > Timesheet Activities,CANDIDATE GAP,step4.content,CANDIDATE GAP,PHRASING,edited previously strong,edited,,"no case of ours contains 'edited' together with ['previously', 'strong']",<li>Go back to the other browser where <strong>Tech</strong> user is logged in and click <strong>Start</strong> on the previously edited line</li>
59,C1992,Vladimir Tomovic,Test Cases > Reports > Timesheet Activities,CANDIDATE GAP,step4.expected,CANDIDATE GAP,STRONG,strong started successfully,started,,"no case of ours contains 'started' together with ['strong', 'successfully']",<li>Line is successfully <strong>started</strong></li>
59,C1992,Vladimir Tomovic,Test Cases > Reports > Timesheet Activities,CANDIDATE GAP,step5.content,CANDIDATE GAP,STRONG,chrome strong back,back,,"no case of ours contains 'back' together with ['chrome', 'strong']",<li><p>Go back to the <strong>Chrome</strong> browser where <strong>Admin</strong> user is logged and verify:</p>
59,C1992,Vladimir Tomovic,Test Cases > Reports > Timesheet Activities,CANDIDATE GAP,step5.content,CANDIDATE GAP,PHRASING,actual estimate progress,actual,,"no case of ours contains 'actual' together with ['estimate', 'progress']",<li><strong>Progress bar</strong> and <strong>Actual/Estimate</strong> time</li>
59,C1992,Vladimir Tomovic,Test Cases > Reports > Timesheet Activities,CANDIDATE GAP,step5.content,CANDIDATE GAP,STRONG,strong tab timesheet,tab,,"no case of ours contains 'tab' together with ['strong', 'timesheet']",<li><strong>Timesheets</strong> tab</li>
59,C1992,Vladimir Tomovic,Test Cases > Reports > Timesheet Activities,CANDIDATE GAP,step5.content,CANDIDATE GAP,STRONG,strong activity timesheet,activity,,"no case of ours contains 'activity' together with ['strong', 'timesheet']",<li><strong>Timesheets Activities</strong> page</li>
59,C1992,Vladimir Tomovic,Test Cases > Reports > Timesheet Activities,CANDIDATE GAP,step5.content,CANDIDATE GAP,STRONG,strong export filter,export,,"no case of ours contains 'export' together with ['strong', 'filter']",<li>Timesheets Activities <strong>export</strong> with filter set to <strong>Today</strong></li>
59,C1992,Vladimir Tomovic,Test Cases > Reports > Timesheet Activities,CANDIDATE GAP,step5.expected,CANDIDATE GAP,PHRASING,actual estimate progress,actual,,"no case of ours contains 'actual' together with ['estimate', 'progress']",<li><strong>Progress bar</strong> and <strong>Actual/Estimate</strong> time on the line reflect data on the Timesheets tab</li>
59,C1992,Vladimir Tomovic,Test Cases > Reports > Timesheet Activities,CANDIDATE GAP,step5.expected,CANDIDATE GAP,PHRASING,recorded strong timestamp,recorded,,"no case of ours contains 'recorded' together with ['strong', 'timestamp']",<li>There is one recorded with <strong>Start Date</strong> timestamp and <strong>Active</strong> badge for <strong>End Time</strong> on the Timesheets tab</li>
59,C1992,Vladimir Tomovic,Test Cases > Reports > Timesheet Activities,CANDIDATE GAP,step5.expected,CANDIDATE GAP,STRONG,strong record current,record,,"no case of ours contains 'record' together with ['strong', 'current']",<li>There are no record for the current WO and line in the <strong>Timesheets Activities</strong> page</li>
59,C1992,Vladimir Tomovic,Test Cases > Reports > Timesheet Activities,CANDIDATE GAP,step5.expected,CANDIDATE GAP,STRONG,export file current,current,C19295,"no case of ours contains 'current' together with ['export', 'file']",<li>There is no data for the the current WO and line in the export file</li>
59,C1992,Vladimir Tomovic,Test Cases > Reports > Timesheet Activities,CANDIDATE GAP,step6.content,CANDIDATE GAP,STRONG,strong tech back,back,,"no case of ours contains 'back' together with ['strong', 'tech']",<li>Go back to the other browser where <strong>Tech</strong> user is logged in and click <strong>Stop</strong> on the line tech was working</li>
59,C1992,Vladimir Tomovic,Test Cases > Reports > Timesheet Activities,CANDIDATE GAP,step6.expected,CANDIDATE GAP,STRONG,stopped strong successfully,successfully,,"no case of ours contains 'successfully' together with ['stopped', 'strong']",<li>Line is successfully <strong>stopped</strong></li>
59,C1992,Vladimir Tomovic,Test Cases > Reports > Timesheet Activities,CANDIDATE GAP,step7.content,CANDIDATE GAP,STRONG,chrome strong back,back,,"no case of ours contains 'back' together with ['chrome', 'strong']",<li><p>Go back to the <strong>Chrome</strong> browser where <strong>Admin</strong> user is logged and verify:</p>
59,C1992,Vladimir Tomovic,Test Cases > Reports > Timesheet Activities,CANDIDATE GAP,step7.content,CANDIDATE GAP,PHRASING,actual estimate progress,actual,,"no case of ours contains 'actual' together with ['estimate', 'progress']",<li><strong>Progress bar</strong> and <strong>Actual/Estimate</strong> time</li>
59,C1992,Vladimir Tomovic,Test Cases > Reports > Timesheet Activities,CANDIDATE GAP,step7.content,CANDIDATE GAP,STRONG,strong tab timesheet,tab,,"no case of ours contains 'tab' together with ['strong', 'timesheet']",<li><strong>Timesheets</strong> tab</li>
59,C1992,Vladimir Tomovic,Test Cases > Reports > Timesheet Activities,CANDIDATE GAP,step7.content,CANDIDATE GAP,STRONG,strong activity timesheet,activity,,"no case of ours contains 'activity' together with ['strong', 'timesheet']",<li><strong>Timesheets Activities</strong> page</li>
59,C1992,Vladimir Tomovic,Test Cases > Reports > Timesheet Activities,CANDIDATE GAP,step7.content,CANDIDATE GAP,STRONG,strong export filter,export,,"no case of ours contains 'export' together with ['strong', 'filter']",<li>Timesheets Activities <strong>export</strong> with filter set to <strong>Today</strong></li>
59,C1992,Vladimir Tomovic,Test Cases > Reports > Timesheet Activities,CANDIDATE GAP,step7.expected,CANDIDATE GAP,PHRASING,actual estimate progress,actual,,"no case of ours contains 'actual' together with ['estimate', 'progress']",<li><strong>Progress bar</strong> and <strong>Actual/Estimate</strong> time on the line reflect data on the Timesheets tab</li>
59,C1992,Vladimir Tomovic,Test Cases > Reports > Timesheet Activities,CANDIDATE GAP,step7.expected,CANDIDATE GAP,PHRASING,recorded strong timestamp,recorded,,"no case of ours contains 'recorded' together with ['strong', 'timestamp']",<li>There is one recorded with <strong>Start Date</strong> timestamp and <strong>End Time</strong> timestamp on the Timesheets tab</li>
59,C1992,Vladimir Tomovic,Test Cases > Reports > Timesheet Activities,CANDIDATE GAP,step7.expected,CANDIDATE GAP,STRONG,match strong record,record,,"no case of ours contains 'record' together with ['match', 'strong']",<li>There are one record for the current WO and line in the <strong>Timesheets Activities</strong> page that matches Timesheets tab data</li>
59,C1992,Vladimir Tomovic,Test Cases > Reports > Timesheet Activities,CANDIDATE GAP,step7.expected,CANDIDATE GAP,STRONG,match export file,export,,"no case of ours contains 'export' together with ['match', 'file']",<li>There is one record for the the current WO and line in the export file that matches Timesheets tab data</li>
27,C100,Vladimir Tomovic,Test Cases > Parts > Inventory,COVERED-BY,custom_preconds,CANDIDATE GAP,PHRASING,base inventory part,base,,"no case of ours contains 'base' together with ['inventory', 'part']",{{BASE_URL}}/parts/inventory</li>
27,C100,Vladimir Tomovic,Test Cases > Parts > Inventory,COVERED-BY,step1.content,CANDIDATE GAP,PHRASING,field filter manufacturer,field,,"no case of ours contains 'field' together with ['filter', 'manufacturer']",<li>Click on Filter by manufacturer field</li>
27,C100,Vladimir Tomovic,Test Cases > Parts > Inventory,COVERED-BY,step1.expected,CANDIDATE GAP,PHRASING,down drop list,down,,"no case of ours contains 'down' together with ['drop', 'list']",<li>List of manufacturers drops down</li>
27,C100,Vladimir Tomovic,Test Cases > Parts > Inventory,COVERED-BY,step2.expected,CANDIDATE GAP,PHRASING,manufacturer part selected,manufacturer,,"no case of ours contains 'manufacturer' together with ['part', 'selected']",<li>Only parts from selected manufacturer are shown</li>
27,C1720,Vladimir Tomovic,Test Cases > Parts > Inventory,COVERED-BY,custom_preconds,CANDIDATE GAP,PHRASING,base inventory part,base,,"no case of ours contains 'base' together with ['inventory', 'part']",{{BASE_URL}}/parts/inventory</li>
27,C1720,Vladimir Tomovic,Test Cases > Parts > Inventory,COVERED-BY,step1.content,CANDIDATE GAP,PHRASING,column required visible,column,,"no case of ours contains 'column' together with ['required', 'visible']",<li>Verify all required columns are visible</li>
27,C1720,Vladimir Tomovic,Test Cases > Parts > Inventory,COVERED-BY,step1.expected,CANDIDATE GAP,PHRASING,category column manufacturer,category,,"no case of ours contains 'category' together with ['column', 'manufacturer']","<li><p>columns:<br /> partNumber, category, manufacturer, vendor."
27,C1720,Vladimir Tomovic,Test Cases > Parts > Inventory,COVERED-BY,step1.expected,CANDIDATE GAP,PHRASING,averagecost core countgroup,averagecost,,"no case of ours contains 'averagecost' together with ['core', 'countgroup']","gridLocation, averageCost, core, sellPrice, size, quantity, min, max, lastCountDate, countGroup</p></li>"
27,C101,Vladimir Tomovic,Test Cases > Parts > Inventory,COVERED-BY,custom_preconds,CANDIDATE GAP,PHRASING,base inventory part,base,,"no case of ours contains 'base' together with ['inventory', 'part']",{{BASE_URL}}/parts/inventory</li>
27,C101,Vladimir Tomovic,Test Cases > Parts > Inventory,COVERED-BY,step1.content,CANDIDATE GAP,PHRASING,category field filter,category,,"no case of ours contains 'category' together with ['field', 'filter']",<li>Click on Filter by Category field</li>
27,C101,Vladimir Tomovic,Test Cases > Parts > Inventory,COVERED-BY,step1.expected,CANDIDATE GAP,PHRASING,category down drop,category,,"no case of ours contains 'category' together with ['down', 'drop']",<li>List of categories drops down</li>
27,C101,Vladimir Tomovic,Test Cases > Parts > Inventory,COVERED-BY,step2.expected,CANDIDATE GAP,PHRASING,category part selected,category,,"no case of ours contains 'category' together with ['part', 'selected']",<li>Only parts from selected category are shown</li>
27,C102,Vladimir Tomovic,Test Cases > Parts > Inventory,COVERED-BY,custom_preconds,CANDIDATE GAP,PHRASING,base inventory part,base,,"no case of ours contains 'base' together with ['inventory', 'part']",{{BASE_URL}}/parts/inventory</li>
27,C102,Vladimir Tomovic,Test Cases > Parts > Inventory,COVERED-BY,step1.content,CANDIDATE GAP,PHRASING,field filter supply,field,,"no case of ours contains 'field' together with ['filter', 'supply']",<li>Click on Filter by Supply field</li>
27,C102,Vladimir Tomovic,Test Cases > Parts > Inventory,COVERED-BY,step1.expected,CANDIDATE GAP,PHRASING,category down drop,category,,"no case of ours contains 'category' together with ['down', 'drop']",<li><p>List with 4 categories drops down:<br />All categories<br />Under-supplied<br />Well-supplied<br />Over-supplied</p></li>
27,C102,Vladimir Tomovic,Test Cases > Parts > Inventory,COVERED-BY,step4.content,CANDIDATE GAP,PHRASING,pick supplied well,pick,,"no case of ours contains 'pick' together with ['supplied', 'well']",<li>Pick Well-supplied</li>
27,C102,Vladimir Tomovic,Test Cases > Parts > Inventory,COVERED-BY,step4.expected,CANDIDATE GAP,PHRASING,item supplied well,item,,"no case of ours contains 'item' together with ['supplied', 'well']",<li>Well-supplied items shown</li>
27,C103,Vladimir Tomovic,Test Cases > Parts > Inventory,COVERED-BY,custom_preconds,CANDIDATE GAP,PHRASING,base inventory part,base,,"no case of ours contains 'base' together with ['inventory', 'part']",{{BASE_URL}}/parts/inventory</li>
27,C103,Vladimir Tomovic,Test Cases > Parts > Inventory,COVERED-BY,custom_preconds,CANDIDATE GAP,PHRASING,column filter off,column,,"no case of ours contains 'column' together with ['filter', 'off']",<li>All toggles in Show Columns filter are set to OFF state</li>
27,C103,Vladimir Tomovic,Test Cases > Parts > Inventory,COVERED-BY,step1.content,CANDIDATE GAP,PHRASING,option part set,option,,"no case of ours contains 'option' together with ['part', 'set']",<li>Set Part option to on</li>
27,C103,Vladimir Tomovic,Test Cases > Parts > Inventory,COVERED-BY,step5.content,CANDIDATE GAP,PHRASING,grid location set,grid,,"no case of ours contains 'grid' together with ['location', 'set']",<li>Set Grid location to on</li>
27,C103,Vladimir Tomovic,Test Cases > Parts > Inventory,COVERED-BY,step6.content,CANDIDATE GAP,PHRASING,average cost set,average,,"no case of ours contains 'average' together with ['cost', 'set']",<li>Set Average cost to on</li>
27,C103,Vladimir Tomovic,Test Cases > Parts > Inventory,COVERED-BY,step8.content,CANDIDATE GAP,PHRASING,price sell set,price,,"no case of ours contains 'price' together with ['sell', 'set']",<li>Set Sell Price to on</li>
27,C104,Vladimir Tomovic,Test Cases > Parts > Inventory,COVERED-BY,custom_preconds,CANDIDATE GAP,PHRASING,base inventory part,base,,"no case of ours contains 'base' together with ['inventory', 'part']",{{BASE_URL}}/parts/inventory</li>
27,C104,Vladimir Tomovic,Test Cases > Parts > Inventory,COVERED-BY,step1.content,CANDIDATE GAP,PHRASING,button inventory new,button,,"no case of ours contains 'button' together with ['inventory', 'new']",<li>Click on New Inventory Part button</li>
27,C104,Vladimir Tomovic,Test Cases > Parts > Inventory,COVERED-BY,step1.expected,CANDIDATE GAP,PHRASING,dialog inventory new,dialog,,"no case of ours contains 'dialog' together with ['inventory', 'new']",<li>New Inventory Part dialog opens</li>
27,C104,Vladimir Tomovic,Test Cases > Parts > Inventory,COVERED-BY,step2.expected,CANDIDATE GAP,PHRASING,added inventory new,added,,"no case of ours contains 'added' together with ['inventory', 'new']",<li>New Inventory part added</li>
27,C105,Vladimir Tomovic,Test Cases > Parts > Inventory,COVERED-BY,custom_preconds,CANDIDATE GAP,PHRASING,base inventory part,base,,"no case of ours contains 'base' together with ['inventory', 'part']",{{BASE_URL}}/parts/inventory</li>
27,C105,Vladimir Tomovic,Test Cases > Parts > Inventory,COVERED-BY,step1.content,CANDIDATE GAP,PHRASING,button inventory new,button,,"no case of ours contains 'button' together with ['inventory', 'new']",<li>Click on New Inventory Part button</li>
27,C105,Vladimir Tomovic,Test Cases > Parts > Inventory,COVERED-BY,step1.expected,CANDIDATE GAP,PHRASING,dialog inventory new,dialog,,"no case of ours contains 'dialog' together with ['inventory', 'new']",<li>New Inventory Part dialog opens</li>
27,C105,Vladimir Tomovic,Test Cases > Parts > Inventory,COVERED-BY,step2.content,CANDIDATE GAP,PHRASING,catalog field mandatory,catalog,,"no case of ours contains 'catalog' together with ['field', 'mandatory']",<li>Verify that field Catalog part is mandatory</li>
27,C105,Vladimir Tomovic,Test Cases > Parts > Inventory,COVERED-BY,step2.expected,CANDIDATE GAP,PHRASING,error message set,error,,"no case of ours contains 'error' together with ['message', 'set']","<li>If not set, error message on FE:"
27,C105,Vladimir Tomovic,Test Cases > Parts > Inventory,COVERED-BY,step2.expected,CANDIDATE GAP,PHRASING,catalog field part,catalog,,"no case of ours contains 'catalog' together with ['field', 'part']",Catalog part is a required field</li>
27,C105,Vladimir Tomovic,Test Cases > Parts > Inventory,COVERED-BY,step3.content,CANDIDATE GAP,PHRASING,field mandatory vendor,field,,"no case of ours contains 'field' together with ['mandatory', 'vendor']",<li>Verify that field Vendor is mandatory</li>
27,C105,Vladimir Tomovic,Test Cases > Parts > Inventory,COVERED-BY,step3.expected,CANDIDATE GAP,PHRASING,2877 field longer,2877,,"no case of ours contains '2877' together with ['field', 'longer']",<li><strong>Since v0.13 this is no longer a mandatory field [SV-2877]</strong></li>
27,C105,Vladimir Tomovic,Test Cases > Parts > Inventory,COVERED-BY,step3.expected,CANDIDATE GAP,PHRASING,error message set,error,,"no case of ours contains 'error' together with ['message', 'set']","<p>// If not set, Error message on FE:"
27,C105,Vladimir Tomovic,Test Cases > Parts > Inventory,COVERED-BY,step3.expected,CANDIDATE GAP,PHRASING,field required vendor,field,,"no case of ours contains 'field' together with ['required', 'vendor']",Vendor is a required field</p>
27,C106,Vladimir Tomovic,Test Cases > Parts > Inventory,COVERED-BY,custom_preconds,CANDIDATE GAP,PHRASING,base inventory part,base,,"no case of ours contains 'base' together with ['inventory', 'part']",{{BASE_URL}}/parts/inventory</li>
27,C106,Vladimir Tomovic,Test Cases > Parts > Inventory,COVERED-BY,step1.content,CANDIDATE GAP,PHRASING,button inventory new,button,,"no case of ours contains 'button' together with ['inventory', 'new']",<li>Click on New Inventory Part button</li>
27,C106,Vladimir Tomovic,Test Cases > Parts > Inventory,COVERED-BY,step1.expected,CANDIDATE GAP,PHRASING,dialog inventory new,dialog,,"no case of ours contains 'dialog' together with ['inventory', 'new']",<li>New Inventory Part dialog opens</li>
27,C106,Vladimir Tomovic,Test Cases > Parts > Inventory,COVERED-BY,step2.content,CANDIDATE GAP,PHRASING,button close dialog,button,,"no case of ours contains 'button' together with ['close', 'dialog']","<li>Click ""x"" button to close dialog</li>"
27,C107,Vladimir Tomovic,Test Cases > Parts > Inventory,COVERED-BY,custom_preconds,CANDIDATE GAP,PHRASING,base inventory part,base,,"no case of ours contains 'base' together with ['inventory', 'part']",{{BASE_URL}}/parts/inventory</li>
27,C107,Vladimir Tomovic,Test Cases > Parts > Inventory,COVERED-BY,step1.content,CANDIDATE GAP,PHRASING,existing inventory part,existing,,"no case of ours contains 'existing' together with ['inventory', 'part']",<li>Click on existing inventory part from the table</li>
27,C107,Vladimir Tomovic,Test Cases > Parts > Inventory,COVERED-BY,step1.expected,CANDIDATE GAP,PHRASING,dialog edit inventory,dialog,,"no case of ours contains 'dialog' together with ['edit', 'inventory']",<li>Edit Inventory Part dialog is opened</li>
27,C107,Vladimir Tomovic,Test Cases > Parts > Inventory,COVERED-BY,step2.content,CANDIDATE GAP,PHRASING,dialog edit field,dialog,,"no case of ours contains 'dialog' together with ['edit', 'field']",<li>Edit fields from dialog</li>
27,C107,Vladimir Tomovic,Test Cases > Parts > Inventory,COVERED-BY,step2.expected,CANDIDATE GAP,PHRASING,info inventory part,info,,"no case of ours contains 'info' together with ['inventory', 'part']",<li>Updated info is visible on inventory part</li>
27,C108,Vladimir Tomovic,Test Cases > Parts > Inventory,COVERED-BY,custom_preconds,CANDIDATE GAP,PHRASING,base inventory part,base,,"no case of ours contains 'base' together with ['inventory', 'part']",{{BASE_URL}}/parts/inventory</li>
27,C108,Vladimir Tomovic,Test Cases > Parts > Inventory,COVERED-BY,step1.content,CANDIDATE GAP,PHRASING,existing inventory part,existing,,"no case of ours contains 'existing' together with ['inventory', 'part']",<li>Click on existing inventory part from the table</li>
27,C108,Vladimir Tomovic,Test Cases > Parts > Inventory,COVERED-BY,step1.expected,CANDIDATE GAP,PHRASING,dialog edit inventory,dialog,,"no case of ours contains 'dialog' together with ['edit', 'inventory']",<li>Edit Inventory Part dialog is opened</li>
27,C108,Vladimir Tomovic,Test Cases > Parts > Inventory,COVERED-BY,step2.expected,CANDIDATE GAP,PHRASING,cancel delete deletion,cancel,,"no case of ours contains 'cancel' together with ['delete', 'deletion']",<li><p>Confirm deletion modal pops up with options<br />Delete<br />Cancel</p></li>
27,C108,Vladimir Tomovic,Test Cases > Parts > Inventory,COVERED-BY,step4.expected,CANDIDATE GAP,PHRASING,cancel delete deletion,cancel,,"no case of ours contains 'cancel' together with ['delete', 'deletion']",<li><p>Confirm deletion modal pops up with options<br />Delete<br />Cancel</p></li>
27,C108,Vladimir Tomovic,Test Cases > Parts > Inventory,COVERED-BY,step5.expected,CANDIDATE GAP,PHRASING,deleted inventory part,deleted,,"no case of ours contains 'deleted' together with ['inventory', 'part']",<li>Inventory Part deleted</li>
27,C338,Vladimir Tomovic,Test Cases > Parts > Inventory,COVERED-BY,custom_preconds,CANDIDATE GAP,PHRASING,base inventory navigated,base,,"no case of ours contains 'base' together with ['inventory', 'navigated']",<li>User is navigated to the {{BASE_URL}}/parts/inventory page</li>
27,C338,Vladimir Tomovic,Test Cases > Parts > Inventory,COVERED-BY,step1.content,CANDIDATE GAP,PHRASING,dots inventory menu,dots,,"no case of ours contains 'dots' together with ['inventory', 'menu']",<li>Click on Inventory menu (3 dots)</li>
27,C338,Vladimir Tomovic,Test Cases > Parts > Inventory,COVERED-BY,step1.expected,CANDIDATE GAP,PHRASING,count cycle new,count,,"no case of ours contains 'count' together with ['cycle', 'new']",<li>New option ' Cycle count' is visible</li>
27,C338,Vladimir Tomovic,Test Cases > Parts > Inventory,COVERED-BY,step2.expected,CANDIDATE GAP,PHRASING,close dropdown inventory,close,,"no case of ours contains 'close' together with ['dropdown', 'inventory']",<li>Inventory menu (dropdown) closes</li>
27,C338,Vladimir Tomovic,Test Cases > Parts > Inventory,COVERED-BY,step2.expected,CANDIDATE GAP,PHRASING,button inventory longer,button,,"no case of ours contains 'button' together with ['inventory', 'longer']",<li>'New Inventory Part' button is no longer visible</li>
27,C338,Vladimir Tomovic,Test Cases > Parts > Inventory,COVERED-BY,step2.expected,CANDIDATE GAP,PHRASING,button save visible,button,,"no case of ours contains 'button' together with ['save', 'visible']",<li>'Save' button is visible</li>
27,C338,Vladimir Tomovic,Test Cases > Parts > Inventory,COVERED-BY,step2.expected,CANDIDATE GAP,PHRASING,button cancel visible,button,,"no case of ours contains 'button' together with ['cancel', 'visible']",<li>'Cancel' button is visible</li>
27,C338,Vladimir Tomovic,Test Cases > Parts > Inventory,COVERED-BY,step2.expected,CANDIDATE GAP,PHRASING,available chang count,available,,"no case of ours contains 'available' together with ['chang', 'count']",<li>'Count changes available:
27,C338,Vladimir Tomovic,Test Cases > Parts > Inventory,COVERED-BY,step2.expected,CANDIDATE GAP,PHRASING,message visible xyz,message,,"no case of ours contains 'message' together with ['visible', 'xyz']",XYZ' message is visible</li>
27,C338,Vladimir Tomovic,Test Cases > Parts > Inventory,COVERED-BY,step2.expected,CANDIDATE GAP,PHRASING,button print visible,button,,"no case of ours contains 'button' together with ['print', 'visible']",<li>Print button is visible</li>
27,C338,Vladimir Tomovic,Test Cases > Parts > Inventory,COVERED-BY,step2.expected,CANDIDATE GAP,PHRASING,column new table,column,,"no case of ours contains 'column' together with ['new', 'table']",<li><p>New columns are visible on the table:</p>
27,C338,Vladimir Tomovic,Test Cases > Parts > Inventory,COVERED-BY,step3.expected,CANDIDATE GAP,PHRASING,button longer save,button,,"no case of ours contains 'button' together with ['longer', 'save']",<li>'Save' button is no longer visible</li>
27,C338,Vladimir Tomovic,Test Cases > Parts > Inventory,COVERED-BY,step3.expected,CANDIDATE GAP,PHRASING,button cancel longer,button,,"no case of ours contains 'button' together with ['cancel', 'longer']",<li>'Cancel' button is no longer visible</li>
27,C338,Vladimir Tomovic,Test Cases > Parts > Inventory,COVERED-BY,step3.expected,CANDIDATE GAP,PHRASING,available chang count,available,,"no case of ours contains 'available' together with ['chang', 'count']",<li>'Count changes available:
27,C338,Vladimir Tomovic,Test Cases > Parts > Inventory,COVERED-BY,step3.expected,CANDIDATE GAP,PHRASING,longer message visible,longer,,"no case of ours contains 'longer' together with ['message', 'visible']",XYZ' message is no longer visible</li>
27,C338,Vladimir Tomovic,Test Cases > Parts > Inventory,COVERED-BY,step3.expected,CANDIDATE GAP,PHRASING,adjustment column count,adjustment,,"no case of ours contains 'adjustment' together with ['column', 'count']",<li>Columns 'Count' and 'Adjustment' are no longer visible</li>
27,C338,Vladimir Tomovic,Test Cases > Parts > Inventory,COVERED-BY,step3.expected,CANDIDATE GAP,PHRASING,button longer print,button,,"no case of ours contains 'button' together with ['longer', 'print']",<li>Print button is no longer visible</li>
27,C338,Vladimir Tomovic,Test Cases > Parts > Inventory,COVERED-BY,step3.expected,CANDIDATE GAP,PHRASING,button inventory new,button,,"no case of ours contains 'button' together with ['inventory', 'new']",<li>'New Inventory Part' button is visible again</li>
27,C339,Vladimir Tomovic,Test Cases > Parts > Inventory,COVERED-BY,custom_preconds,CANDIDATE GAP,PHRASING,base inventory navigated,base,,"no case of ours contains 'base' together with ['inventory', 'navigated']",<li>User is navigated to the {{BASE_URL}}/parts/inventory page</li>
27,C339,Vladimir Tomovic,Test Cases > Parts > Inventory,COVERED-BY,step1.content,CANDIDATE GAP,PHRASING,dots inventory menu,dots,,"no case of ours contains 'dots' together with ['inventory', 'menu']",<li>Click on Inventory menu (3 dots)</li>
27,C339,Vladimir Tomovic,Test Cases > Parts > Inventory,COVERED-BY,step1.expected,CANDIDATE GAP,PHRASING,count cycle option,count,,"no case of ours contains 'count' together with ['cycle', 'option']",<li>Option ' Cycle count' is visible</li>
27,C339,Vladimir Tomovic,Test Cases > Parts > Inventory,COVERED-BY,step2.expected,CANDIDATE GAP,PHRASING,close dropdown inventory,close,,"no case of ours contains 'close' together with ['dropdown', 'inventory']",<li>Inventory menu (dropdown) closes</li>
27,C339,Vladimir Tomovic,Test Cases > Parts > Inventory,COVERED-BY,step2.expected,CANDIDATE GAP,PHRASING,button inventory longer,button,,"no case of ours contains 'button' together with ['inventory', 'longer']",<li>'New Inventory Part' button is no longer visible</li>
27,C339,Vladimir Tomovic,Test Cases > Parts > Inventory,COVERED-BY,step2.expected,CANDIDATE GAP,PHRASING,button save visible,button,,"no case of ours contains 'button' together with ['save', 'visible']",<li>'Save' button is visible</li>
27,C339,Vladimir Tomovic,Test Cases > Parts > Inventory,COVERED-BY,step2.expected,CANDIDATE GAP,PHRASING,button cancel visible,button,,"no case of ours contains 'button' together with ['cancel', 'visible']",<li>'Cancel' button is visible</li>
27,C339,Vladimir Tomovic,Test Cases > Parts > Inventory,COVERED-BY,step2.expected,CANDIDATE GAP,PHRASING,available chang count,available,,"no case of ours contains 'available' together with ['chang', 'count']",<li>'Count changes available:
27,C339,Vladimir Tomovic,Test Cases > Parts > Inventory,COVERED-BY,step2.expected,CANDIDATE GAP,PHRASING,message visible xyz,message,,"no case of ours contains 'message' together with ['visible', 'xyz']",XYZ' message is visible</li>
27,C339,Vladimir Tomovic,Test Cases > Parts > Inventory,COVERED-BY,step2.expected,CANDIDATE GAP,PHRASING,button print visible,button,,"no case of ours contains 'button' together with ['print', 'visible']",<li>Print button is visible</li>
27,C339,Vladimir Tomovic,Test Cases > Parts > Inventory,COVERED-BY,step2.expected,CANDIDATE GAP,PHRASING,column new table,column,,"no case of ours contains 'column' together with ['new', 'table']",<li><p>New columns are visible on the table:</p>
27,C339,Vladimir Tomovic,Test Cases > Parts > Inventory,COVERED-BY,step3.content,CANDIDATE GAP,PHRASING,character count enter,character,,"no case of ours contains 'character' together with ['count', 'enter']",<li><p>Enter special characters and symbols in 'Count' field <br />Example:
27,C339,Vladimir Tomovic,Test Cases > Parts > Inventory,COVERED-BY,step3.expected,CANDIDATE GAP,PHRASING,allowed character special,allowed,,"no case of ours contains 'allowed' together with ['character', 'special']",<li>Special characters and symbols are not allowed</li>
27,C339,Vladimir Tomovic,Test Cases > Parts > Inventory,COVERED-BY,step4.content,CANDIDATE GAP,PHRASING,character contain count,character,,"no case of ours contains 'character' together with ['contain', 'count']",<li><p>Enter mixed values that contain both numerical and non-numerical character in 'Count' field <br />Example:
27,C339,Vladimir Tomovic,Test Cases > Parts > Inventory,COVERED-BY,step4.content,CANDIDATE GAP,PHRASING,12abc34 9.10abc strong,12abc34,,"no case of ours contains '12abc34' together with ['9.10abc', 'strong']","<strong>12abc34, 56#78, 9.10abc</strong></p></li>"
27,C339,Vladimir Tomovic,Test Cases > Parts > Inventory,COVERED-BY,step4.expected,CANDIDATE GAP,PHRASING,allowed character non,allowed,,"no case of ours contains 'allowed' together with ['character', 'non']",<li>Non-numerical characters are not allowed</li>
27,C339,Vladimir Tomovic,Test Cases > Parts > Inventory,COVERED-BY,step5.content,CANDIDATE GAP,PHRASING,count decimal enter,count,,"no case of ours contains 'count' together with ['decimal', 'enter']",<li><p>Enter decimal numbers in 'Count' field <br />Example:
27,C339,Vladimir Tomovic,Test Cases > Parts > Inventory,COVERED-BY,step5.content,CANDIDATE GAP,PHRASING,1.00 1.724 1.725,1.00,,"no case of ours contains '1.00' together with ['1.724', '1.725']","<strong>1.00, 1.724, 1.725, 1.729</strong></p></li>"
27,C339,Vladimir Tomovic,Test Cases > Parts > Inventory,COVERED-BY,step5.expected,CANDIDATE GAP,PHRASING,allowed decimal number,allowed,,"no case of ours contains 'allowed' together with ['decimal', 'number']",<li>Decimal numbers are <strong>allowed</strong></li>
27,C339,Vladimir Tomovic,Test Cases > Parts > Inventory,COVERED-BY,step6.content,CANDIDATE GAP,PHRASING,count enter example,count,,"no case of ours contains 'count' together with ['enter', 'example']",<li><p>Enter negative number in 'Count' field <br />Example:
27,C339,Vladimir Tomovic,Test Cases > Parts > Inventory,COVERED-BY,step6.expected,CANDIDATE GAP,PHRASING,allowed negative number,allowed,,"no case of ours contains 'allowed' together with ['negative', 'number']",<li>Negative numbers are not allowed</li>
27,C339,Vladimir Tomovic,Test Cases > Parts > Inventory,COVERED-BY,step7.content,CANDIDATE GAP,PHRASING,count enter example,count,,"no case of ours contains 'count' together with ['enter', 'example']",<li><p>Enter number grater than 1 million in 'Count' field <br />Example:
27,C339,Vladimir Tomovic,Test Cases > Parts > Inventory,COVERED-BY,step7.expected,CANDIDATE GAP,PHRASING,border input red,border,,"no case of ours contains 'border' together with ['input', 'red']",<li>Input border turns red</li>
27,C339,Vladimir Tomovic,Test Cases > Parts > Inventory,COVERED-BY,step7.expected,CANDIDATE GAP,PHRASING,1000000 below cannot,1000000,,"no case of ours contains '1000000' together with ['below', 'cannot']",<li>Message is displayed below the field 'Count value cannot be higher than 1000000'</li>
27,C340,Vladimir Tomovic,Test Cases > Parts > Inventory,COVERED-BY,custom_preconds,CANDIDATE GAP,PHRASING,base inventory navigated,base,,"no case of ours contains 'base' together with ['inventory', 'navigated']",<li>User is navigated to the {{BASE_URL}}/parts/inventory page</li>
27,C340,Vladimir Tomovic,Test Cases > Parts > Inventory,COVERED-BY,step1.content,CANDIDATE GAP,PHRASING,dots inventory menu,dots,,"no case of ours contains 'dots' together with ['inventory', 'menu']",<li>Click on Inventory <strong>menu</strong> (3 dots)</li>
27,C340,Vladimir Tomovic,Test Cases > Parts > Inventory,COVERED-BY,step1.expected,CANDIDATE GAP,PHRASING,count cycle option,count,,"no case of ours contains 'count' together with ['cycle', 'option']",<li>Option <strong>Cycle count</strong> is visible</li>
27,C340,Vladimir Tomovic,Test Cases > Parts > Inventory,COVERED-BY,step2.content,CANDIDATE GAP,PHRASING,count cycle strong,count,,"no case of ours contains 'count' together with ['cycle', 'strong']",<li>Click on <strong>Cycle count</strong></li>
27,C340,Vladimir Tomovic,Test Cases > Parts > Inventory,COVERED-BY,step2.expected,CANDIDATE GAP,PHRASING,close dropdown inventory,close,,"no case of ours contains 'close' together with ['dropdown', 'inventory']",<li>Inventory menu (dropdown) closes</li>
27,C340,Vladimir Tomovic,Test Cases > Parts > Inventory,COVERED-BY,step2.expected,CANDIDATE GAP,PHRASING,button inventory longer,button,,"no case of ours contains 'button' together with ['inventory', 'longer']",<li><strong>New Inventory Part</strong> button is no longer visible</li>
27,C340,Vladimir Tomovic,Test Cases > Parts > Inventory,COVERED-BY,step2.expected,CANDIDATE GAP,PHRASING,button save strong,button,,"no case of ours contains 'button' together with ['save', 'strong']",<li><strong>Save</strong> button is visible</li>
27,C340,Vladimir Tomovic,Test Cases > Parts > Inventory,COVERED-BY,step2.expected,CANDIDATE GAP,PHRASING,button cancel strong,button,,"no case of ours contains 'button' together with ['cancel', 'strong']",<li><strong>Cancel</strong> button is visible</li>
27,C340,Vladimir Tomovic,Test Cases > Parts > Inventory,COVERED-BY,step2.expected,CANDIDATE GAP,PHRASING,available chang count,available,,"no case of ours contains 'available' together with ['chang', 'count']",<li><strong>Count changes available:
27,C340,Vladimir Tomovic,Test Cases > Parts > Inventory,COVERED-BY,step2.expected,CANDIDATE GAP,PHRASING,corner message right,corner,,"no case of ours contains 'corner' together with ['message', 'right']",XYZ</strong> message is visible in the top right corner</li>
27,C340,Vladimir Tomovic,Test Cases > Parts > Inventory,COVERED-BY,step2.expected,CANDIDATE GAP,PHRASING,button print strong,button,,"no case of ours contains 'button' together with ['print', 'strong']",<li><strong>Print</strong> button is visible</li>
27,C340,Vladimir Tomovic,Test Cases > Parts > Inventory,COVERED-BY,step2.expected,CANDIDATE GAP,PHRASING,column new table,column,,"no case of ours contains 'column' together with ['new', 'table']",<li><p>New columns are visible on the table:</p>
27,C340,Vladimir Tomovic,Test Cases > Parts > Inventory,COVERED-BY,step3.content,CANDIDATE GAP,PHRASING,count part save,count,,"no case of ours contains 'count' together with ['part', 'save']",<li>Set <strong>Count</strong> value for some parts and click on <strong>Save</strong></li>
27,C340,Vladimir Tomovic,Test Cases > Parts > Inventory,COVERED-BY,step3.expected,CANDIDATE GAP,PHRASING,modal quantity strong,modal,,"no case of ours contains 'modal' together with ['quantity', 'strong']",<li><p><strong>Update quantity</strong> modal opens</p>
27,C340,Vladimir Tomovic,Test Cases > Parts > Inventory,COVERED-BY,step3.expected,CANDIDATE GAP,PHRASING,about inventory part,about,,"no case of ours contains 'about' together with ['inventory', 'part']",<li><strong>You’re about to update quantity of selected inventory parts.
27,C340,Vladimir Tomovic,Test Cases > Parts > Inventory,COVERED-BY,step3.expected,CANDIDATE GAP,PHRASING,message modal proceed,message,,"no case of ours contains 'message' together with ['modal', 'proceed']",Do you want to proceed?</strong> message is visible in the modal</li>
27,C340,Vladimir Tomovic,Test Cases > Parts > Inventory,COVERED-BY,step3.expected,CANDIDATE GAP,PHRASING,button close strong,button,,"no case of ours contains 'button' together with ['close', 'strong']",<li><strong>Close</strong> (X) button is visible</li>
27,C340,Vladimir Tomovic,Test Cases > Parts > Inventory,COVERED-BY,step3.expected,CANDIDATE GAP,PHRASING,button cancel strong,button,,"no case of ours contains 'button' together with ['cancel', 'strong']",<li><strong>Cancel</strong> button is visible</li>
27,C340,Vladimir Tomovic,Test Cases > Parts > Inventory,COVERED-BY,step3.expected,CANDIDATE GAP,PHRASING,button save strong,button,,"no case of ours contains 'button' together with ['save', 'strong']",<li><strong>Save</strong> button is visible</li>
27,C340,Vladimir Tomovic,Test Cases > Parts > Inventory,COVERED-BY,step3.expected,CANDIDATE GAP,PHRASING,adjusted amount enhancement,adjusted,,"no case of ours contains 'adjusted' together with ['amount', 'enhancement']",<p>( future enhancement )<br />The adjusted amount will be displayed on the modal message </p>
27,C340,Vladimir Tomovic,Test Cases > Parts > Inventory,COVERED-BY,step4.expected,CANDIDATE GAP,PHRASING,close modal quantity,close,,"no case of ours contains 'close' together with ['modal', 'quantity']",<li><strong>Update quantity</strong> modal closes</li>
27,C340,Vladimir Tomovic,Test Cases > Parts > Inventory,COVERED-BY,step4.expected,CANDIDATE GAP,PHRASING,count previously remain,count,,"no case of ours contains 'count' together with ['previously', 'remain']",<li>Previously set <strong>Count</strong> values remain the same</li>
27,C340,Vladimir Tomovic,Test Cases > Parts > Inventory,COVERED-BY,step5.content,CANDIDATE GAP,PHRASING,count few more,count,,"no case of ours contains 'count' together with ['few', 'more']",<li>Set <strong>Count</strong> value for few more parts and click on <strong>Save</strong></li>
27,C340,Vladimir Tomovic,Test Cases > Parts > Inventory,COVERED-BY,step5.expected,CANDIDATE GAP,PHRASING,modal quantity strong,modal,,"no case of ours contains 'modal' together with ['quantity', 'strong']",<li><p><strong>Update quantity</strong> modal opens</p>
27,C340,Vladimir Tomovic,Test Cases > Parts > Inventory,COVERED-BY,step5.expected,CANDIDATE GAP,PHRASING,about inventory part,about,,"no case of ours contains 'about' together with ['inventory', 'part']",<li><strong>You’re about to update quantity of selected inventory parts.
27,C340,Vladimir Tomovic,Test Cases > Parts > Inventory,COVERED-BY,step5.expected,CANDIDATE GAP,PHRASING,message modal proceed,message,,"no case of ours contains 'message' together with ['modal', 'proceed']",Do you want to proceed?</strong> message is visible in the modal</li>
27,C340,Vladimir Tomovic,Test Cases > Parts > Inventory,COVERED-BY,step5.expected,CANDIDATE GAP,PHRASING,button close strong,button,,"no case of ours contains 'button' together with ['close', 'strong']",<li><strong>Close</strong> (X) button is visible</li>
27,C340,Vladimir Tomovic,Test Cases > Parts > Inventory,COVERED-BY,step5.expected,CANDIDATE GAP,PHRASING,button cancel strong,button,,"no case of ours contains 'button' together with ['cancel', 'strong']",<li><strong>Cancel</strong> button is visible</li>
27,C340,Vladimir Tomovic,Test Cases > Parts > Inventory,COVERED-BY,step5.expected,CANDIDATE GAP,PHRASING,button save strong,button,,"no case of ours contains 'button' together with ['save', 'strong']",<li><strong>Save</strong> button is visible</li>
27,C340,Vladimir Tomovic,Test Cases > Parts > Inventory,COVERED-BY,step5.expected,CANDIDATE GAP,PHRASING,adjusted amount enhancement,adjusted,,"no case of ours contains 'adjusted' together with ['amount', 'enhancement']",<p>( future enhancement )<br />The adjusted amount will be displayed on the modal message </p>
27,C340,Vladimir Tomovic,Test Cases > Parts > Inventory,COVERED-BY,step6.expected,CANDIDATE GAP,PHRASING,close modal quantity,close,,"no case of ours contains 'close' together with ['modal', 'quantity']",<li><strong>Update quantity</strong> modal closes</li>
27,C340,Vladimir Tomovic,Test Cases > Parts > Inventory,COVERED-BY,step6.expected,CANDIDATE GAP,PHRASING,count previously remain,count,,"no case of ours contains 'count' together with ['previously', 'remain']",<li>Previously set <strong>Count</strong> values remain the same</li>
27,C340,Vladimir Tomovic,Test Cases > Parts > Inventory,COVERED-BY,step7.content,CANDIDATE GAP,PHRASING,count few more,count,,"no case of ours contains 'count' together with ['few', 'more']",<li>Set <strong>Count</strong> value for few more parts and click on <strong>Save</strong></li>
27,C340,Vladimir Tomovic,Test Cases > Parts > Inventory,COVERED-BY,step7.expected,CANDIDATE GAP,PHRASING,modal quantity strong,modal,,"no case of ours contains 'modal' together with ['quantity', 'strong']",<li><p><strong>Update quantity</strong> modal opens</p>
27,C340,Vladimir Tomovic,Test Cases > Parts > Inventory,COVERED-BY,step7.expected,CANDIDATE GAP,PHRASING,about inventory part,about,,"no case of ours contains 'about' together with ['inventory', 'part']",<li><strong>You’re about to update quantity of selected inventory parts.
27,C340,Vladimir Tomovic,Test Cases > Parts > Inventory,COVERED-BY,step7.expected,CANDIDATE GAP,PHRASING,message modal proceed,message,,"no case of ours contains 'message' together with ['modal', 'proceed']",Do you want to proceed?</strong> message is visible in the modal</li>
27,C340,Vladimir Tomovic,Test Cases > Parts > Inventory,COVERED-BY,step7.expected,CANDIDATE GAP,PHRASING,button close strong,button,,"no case of ours contains 'button' together with ['close', 'strong']",<li><strong>Close</strong> (X) button is visible</li>
27,C340,Vladimir Tomovic,Test Cases > Parts > Inventory,COVERED-BY,step7.expected,CANDIDATE GAP,PHRASING,button cancel strong,button,,"no case of ours contains 'button' together with ['cancel', 'strong']",<li><strong>Cancel</strong> button is visible</li>
27,C340,Vladimir Tomovic,Test Cases > Parts > Inventory,COVERED-BY,step7.expected,CANDIDATE GAP,PHRASING,button save strong,button,,"no case of ours contains 'button' together with ['save', 'strong']",<li><strong>Save</strong> button is visible</li>
27,C340,Vladimir Tomovic,Test Cases > Parts > Inventory,COVERED-BY,step7.expected,CANDIDATE GAP,PHRASING,adjusted amount enhancement,adjusted,,"no case of ours contains 'adjusted' together with ['amount', 'enhancement']",<p>( future enhancement )<br />The adjusted amount will be displayed on the modal message </p>
27,C340,Vladimir Tomovic,Test Cases > Parts > Inventory,COVERED-BY,step8.content,CANDIDATE GAP,PHRASING,clicking multiple save,clicking,,"no case of ours contains 'clicking' together with ['multiple', 'save']",<li>Confirm with <strong>Save</strong> (try clicking it multiple times)</li>
27,C340,Vladimir Tomovic,Test Cases > Parts > Inventory,COVERED-BY,step8.expected,CANDIDATE GAP,PHRASING,1st button disabled,1st,,"no case of ours contains '1st' together with ['button', 'disabled']",<li>Button is disabled after 1st click (loading spinner is visible)</li>
27,C340,Vladimir Tomovic,Test Cases > Parts > Inventory,COVERED-BY,step8.expected,CANDIDATE GAP,PHRASING,close quantity strong,close,,"no case of ours contains 'close' together with ['quantity', 'strong']",<li><strong>Update quantity</strong> closes</li>
27,C340,Vladimir Tomovic,Test Cases > Parts > Inventory,COVERED-BY,step8.expected,CANDIDATE GAP,PHRASING,adjusted inventory new,adjusted,,"no case of ours contains 'adjusted' together with ['inventory', 'new']",<li>New quantities are visible on the Inventory page for the adjusted parts</li>
27,C341,Vladimir Tomovic,Test Cases > Parts > Inventory,COVERED-BY,custom_preconds,CANDIDATE GAP,PHRASING,base inventory navigated,base,,"no case of ours contains 'base' together with ['inventory', 'navigated']",<li>User is navigated to the {{BASE_URL}}/parts/inventory page</li>
27,C341,Vladimir Tomovic,Test Cases > Parts > Inventory,COVERED-BY,step1.content,CANDIDATE GAP,PHRASING,dots inventory menu,dots,,"no case of ours contains 'dots' together with ['inventory', 'menu']",<li>Click on Inventory menu (3 dots)</li>
27,C341,Vladimir Tomovic,Test Cases > Parts > Inventory,COVERED-BY,step1.expected,CANDIDATE GAP,PHRASING,count cycle option,count,,"no case of ours contains 'count' together with ['cycle', 'option']",<li>Option ' Cycle count' is visible</li>
27,C341,Vladimir Tomovic,Test Cases > Parts > Inventory,COVERED-BY,step2.expected,CANDIDATE GAP,PHRASING,close dropdown inventory,close,,"no case of ours contains 'close' together with ['dropdown', 'inventory']",<li>Inventory menu (dropdown) closes</li>
27,C341,Vladimir Tomovic,Test Cases > Parts > Inventory,COVERED-BY,step2.expected,CANDIDATE GAP,PHRASING,button inventory longer,button,,"no case of ours contains 'button' together with ['inventory', 'longer']",<li>'New Inventory Part' button is no longer visible</li>
27,C341,Vladimir Tomovic,Test Cases > Parts > Inventory,COVERED-BY,step2.expected,CANDIDATE GAP,PHRASING,button save visible,button,,"no case of ours contains 'button' together with ['save', 'visible']",<li>'Save' button is visible</li>
27,C341,Vladimir Tomovic,Test Cases > Parts > Inventory,COVERED-BY,step2.expected,CANDIDATE GAP,PHRASING,button cancel visible,button,,"no case of ours contains 'button' together with ['cancel', 'visible']",<li>'Cancel' button is visible</li>
27,C341,Vladimir Tomovic,Test Cases > Parts > Inventory,COVERED-BY,step2.expected,CANDIDATE GAP,PHRASING,available chang count,available,,"no case of ours contains 'available' together with ['chang', 'count']",<li>Count changes available:
27,C341,Vladimir Tomovic,Test Cases > Parts > Inventory,COVERED-BY,step2.expected,CANDIDATE GAP,PHRASING,message visible xyz,message,,"no case of ours contains 'message' together with ['visible', 'xyz']",XYZ' message is visible</li>
27,C341,Vladimir Tomovic,Test Cases > Parts > Inventory,COVERED-BY,step2.expected,CANDIDATE GAP,PHRASING,button print visible,button,,"no case of ours contains 'button' together with ['print', 'visible']",<li>Print button is visible</li>
27,C341,Vladimir Tomovic,Test Cases > Parts > Inventory,COVERED-BY,step2.expected,CANDIDATE GAP,PHRASING,column new table,column,,"no case of ours contains 'column' together with ['new', 'table']",<li><p>New columns are visible on the table:</p>
27,C341,Vladimir Tomovic,Test Cases > Parts > Inventory,COVERED-BY,step3.content,CANDIDATE GAP,PHRASING,count part print,count,,"no case of ours contains 'count' together with ['part', 'print']",<li>Set 'Count' value for some part and click on 'Print'</li>
27,C341,Vladimir Tomovic,Test Cases > Parts > Inventory,COVERED-BY,step3.expected,CANDIDATE GAP,PHRASING,new preview print,new,,"no case of ours contains 'new' together with ['preview', 'print']",<li>New browser tab opens with print preview</li>
27,C341,Vladimir Tomovic,Test Cases > Parts > Inventory,COVERED-BY,step3.expected,CANDIDATE GAP,PHRASING,changed future loaded,changed,,"no case of ours contains 'changed' together with ['future', 'loaded']",<li>Print preview shows only loaded pages ( <strong>this will be changed in the future</strong> )</li>
27,C341,Vladimir Tomovic,Test Cases > Parts > Inventory,COVERED-BY,step3.expected,CANDIDATE GAP,PHRASING,app changed future,app,,"no case of ours contains 'app' together with ['changed', 'future']",<li>Quantity stays unchanged on both app and print preview ( <strong>this might be changed in the future</strong> )</li>
27,C341,Vladimir Tomovic,Test Cases > Parts > Inventory,COVERED-BY,step4.expected,CANDIDATE GAP,PHRASING,modal quantity update,modal,,"no case of ours contains 'modal' together with ['quantity', 'update']",<li>Update quantity modal opens</li>
27,C341,Vladimir Tomovic,Test Cases > Parts > Inventory,COVERED-BY,step4.expected,CANDIDATE GAP,PHRASING,adjusted amount enhancement,adjusted,,"no case of ours contains 'adjusted' together with ['amount', 'enhancement']",<li>The adjusted amount will be displayed on the modal message ( <strong>future enhancement</strong> )</li>
27,C341,Vladimir Tomovic,Test Cases > Parts > Inventory,COVERED-BY,step4.expected,CANDIDATE GAP,PHRASING,current inventory new,current,,"no case of ours contains 'current' together with ['inventory', 'new']",<li>New quantity is visible on the Inventory for the current part</li>
27,C341,Vladimir Tomovic,Test Cases > Parts > Inventory,COVERED-BY,step5.expected,CANDIDATE GAP,PHRASING,new preview print,new,,"no case of ours contains 'new' together with ['preview', 'print']",<li>New browser tab opens with print preview</li>
27,C341,Vladimir Tomovic,Test Cases > Parts > Inventory,COVERED-BY,step5.expected,CANDIDATE GAP,PHRASING,changed future loaded,changed,,"no case of ours contains 'changed' together with ['future', 'loaded']",<li>Print preview shows only loaded pages ( <strong>this will be changed in the future</strong> )</li>
27,C341,Vladimir Tomovic,Test Cases > Parts > Inventory,COVERED-BY,step5.expected,CANDIDATE GAP,PHRASING,changed future preview,changed,,"no case of ours contains 'changed' together with ['future', 'preview']",<li>Quantity stays unchanged on print preview ( <strong>this might be changed in the future</strong> )</li>
27,C341,Vladimir Tomovic,Test Cases > Parts > Inventory,COVERED-BY,step6.content,CANDIDATE GAP,PHRASING,count cycle enter,count,,"no case of ours contains 'count' together with ['cycle', 'enter']",<li>Refresh the page and enter Cycle count again</li>
27,C341,Vladimir Tomovic,Test Cases > Parts > Inventory,COVERED-BY,step6.expected,CANDIDATE GAP,PHRASING,new preview print,new,,"no case of ours contains 'new' together with ['preview', 'print']",<li>New browser tab opens with print preview</li>
27,C341,Vladimir Tomovic,Test Cases > Parts > Inventory,COVERED-BY,step6.expected,CANDIDATE GAP,PHRASING,changed future loaded,changed,,"no case of ours contains 'changed' together with ['future', 'loaded']",<li>Print preview shows only loaded pages ( <strong>this will be changed in the future</strong> )</li>
27,C341,Vladimir Tomovic,Test Cases > Parts > Inventory,COVERED-BY,step6.expected,CANDIDATE GAP,PHRASING,new now preview,new,,"no case of ours contains 'new' together with ['now', 'preview']",<li>New quantity is now visible on print preview</li>
27,C341,Vladimir Tomovic,Test Cases > Parts > Inventory,COVERED-BY,step7.content,CANDIDATE GAP,PHRASING,layout pdf quantity,layout,,"no case of ours contains 'layout' together with ['pdf', 'quantity']",<li>Download the PDF and verify quantity and layout</li>
27,C341,Vladimir Tomovic,Test Cases > Parts > Inventory,COVERED-BY,step7.expected,CANDIDATE GAP,PHRASING,count cycle downloaded,count,,"no case of ours contains 'count' together with ['cycle', 'downloaded']",<li>PDF is downloaded with the same layout and quantity as shown in the preview and Inventory (excluding Cycle Count fields)</li>
27,C342,Vladimir Tomovic,Test Cases > Parts > Inventory,COVERED-BY,custom_preconds,CANDIDATE GAP,PHRASING,base inventory navigated,base,,"no case of ours contains 'base' together with ['inventory', 'navigated']",<li>User is navigated to the {{BASE_URL}}/parts/inventory page</li>
27,C342,Vladimir Tomovic,Test Cases > Parts > Inventory,COVERED-BY,step1.content,CANDIDATE GAP,PHRASING,dots inventory menu,dots,,"no case of ours contains 'dots' together with ['inventory', 'menu']",<li>Click on Inventory menu (3 dots)</li>
27,C342,Vladimir Tomovic,Test Cases > Parts > Inventory,COVERED-BY,step1.expected,CANDIDATE GAP,PHRASING,count cycle option,count,,"no case of ours contains 'count' together with ['cycle', 'option']",<li>Option ' Cycle count' is visible</li>
27,C342,Vladimir Tomovic,Test Cases > Parts > Inventory,COVERED-BY,step2.expected,CANDIDATE GAP,PHRASING,close dropdown inventory,close,,"no case of ours contains 'close' together with ['dropdown', 'inventory']",<li>Inventory menu (dropdown) closes</li>
27,C342,Vladimir Tomovic,Test Cases > Parts > Inventory,COVERED-BY,step2.expected,CANDIDATE GAP,PHRASING,button inventory longer,button,,"no case of ours contains 'button' together with ['inventory', 'longer']",<li>'New Inventory Part' button is no longer visible</li>
27,C342,Vladimir Tomovic,Test Cases > Parts > Inventory,COVERED-BY,step2.expected,CANDIDATE GAP,PHRASING,button save visible,button,,"no case of ours contains 'button' together with ['save', 'visible']",<li>'Save' button is visible</li>
27,C342,Vladimir Tomovic,Test Cases > Parts > Inventory,COVERED-BY,step2.expected,CANDIDATE GAP,PHRASING,button cancel visible,button,,"no case of ours contains 'button' together with ['cancel', 'visible']",<li>'Cancel' button is visible</li>
27,C342,Vladimir Tomovic,Test Cases > Parts > Inventory,COVERED-BY,step2.expected,CANDIDATE GAP,PHRASING,available chang count,available,,"no case of ours contains 'available' together with ['chang', 'count']",<li>Count changes available:
27,C342,Vladimir Tomovic,Test Cases > Parts > Inventory,COVERED-BY,step2.expected,CANDIDATE GAP,PHRASING,message visible xyz,message,,"no case of ours contains 'message' together with ['visible', 'xyz']",XYZ' message is visible</li>
27,C342,Vladimir Tomovic,Test Cases > Parts > Inventory,COVERED-BY,step2.expected,CANDIDATE GAP,PHRASING,button print visible,button,,"no case of ours contains 'button' together with ['print', 'visible']",<li>Print button is visible</li>
27,C342,Vladimir Tomovic,Test Cases > Parts > Inventory,COVERED-BY,step2.expected,CANDIDATE GAP,PHRASING,column new table,column,,"no case of ours contains 'column' together with ['new', 'table']",<li><p>New columns are visible to the table:</p>
27,C342,Vladimir Tomovic,Test Cases > Parts > Inventory,COVERED-BY,step3.content,CANDIDATE GAP,PHRASING,1000000 adjustment allowed,1000000,,"no case of ours contains '1000000' together with ['adjustment', 'allowed']",<li>Enter any number between 0 and 1000000 in 'Count' field (both 0 and 1000000 are allowed) and verify Adjustment column value for the part</li>
27,C996,Vladimir Tomovic,Test Cases > Parts > Inventory,COVERED-BY,custom_preconds,CANDIDATE GAP,PHRASING,base inventory navigated,base,,"no case of ours contains 'base' together with ['inventory', 'navigated']",<li>User is navigated to the {{BASE_URL}}/parts/inventory</li>
27,C996,Vladimir Tomovic,Test Cases > Parts > Inventory,COVERED-BY,step1.content,CANDIDATE GAP,PHRASING,inventory list part,inventory,,"no case of ours contains 'inventory' together with ['list', 'part']",<li>Pick any part from the inventory list and click on it</li>
27,C996,Vladimir Tomovic,Test Cases > Parts > Inventory,COVERED-BY,step1.expected,CANDIDATE GAP,PHRASING,edit inventory modal,edit,,"no case of ours contains 'edit' together with ['inventory', 'modal']",<li><strong>Edit Inventory Part</strong> modal opens</li>
27,C996,Vladimir Tomovic,Test Cases > Parts > Inventory,COVERED-BY,step2.content,CANDIDATE GAP,PHRASING,1000001 quantity save,1000001,,"no case of ours contains '1000001' together with ['quantity', 'save']",<li>Set Quantity to <strong>1000001</strong> and click <strong>Save</strong></li>
27,C996,Vladimir Tomovic,Test Cases > Parts > Inventory,COVERED-BY,step2.expected,CANDIDATE GAP,PHRASING,below border error,below,,"no case of ours contains 'below' together with ['border', 'error']",<li>Quantity border turns to red with error message below the field <strong>Maximum quantity is 1 million</strong></li>
27,C996,Vladimir Tomovic,Test Cases > Parts > Inventory,COVERED-BY,step3.content,CANDIDATE GAP,PHRASING,quantity save set,quantity,,"no case of ours contains 'quantity' together with ['save', 'set']",<li>Set Quantity to <strong>-1</strong> and click <strong>Save</strong></li>
27,C996,Vladimir Tomovic,Test Cases > Parts > Inventory,COVERED-BY,step3.expected,CANDIDATE GAP,PHRASING,below border cannot,below,,"no case of ours contains 'below' together with ['border', 'cannot']",<p>//- Quantity border turns to red with error message below the field <strong>Quantity cannot be a negative number</strong></p>
27,C996,Vladimir Tomovic,Test Cases > Parts > Inventory,COVERED-BY,step3.expected,CANDIDATE GAP,PHRASING,part quantity strong,part,,"no case of ours contains 'part' together with ['quantity', 'strong']",<li>Part Quantity is <strong>-1</strong></li>
27,C996,Vladimir Tomovic,Test Cases > Parts > Inventory,COVERED-BY,step4.content,CANDIDATE GAP,PHRASING,quantity set strong,quantity,,"no case of ours contains 'quantity' together with ['set', 'strong']",<li>Set Quantity to <strong>0</strong></li>
27,C996,Vladimir Tomovic,Test Cases > Parts > Inventory,COVERED-BY,step4.expected,CANDIDATE GAP,PHRASING,edit inventory modal,edit,,"no case of ours contains 'edit' together with ['inventory', 'modal']",<li><strong>Edit Inventory Part</strong> modal opens</li>
27,C996,Vladimir Tomovic,Test Cases > Parts > Inventory,COVERED-BY,step4.expected,CANDIDATE GAP,PHRASING,part quantity strong,part,,"no case of ours contains 'part' together with ['quantity', 'strong']",<li>Part Quantity is <strong>0</strong></li>
27,C996,Vladimir Tomovic,Test Cases > Parts > Inventory,COVERED-BY,step5.content,CANDIDATE GAP,PHRASING,1000000 quantity set,1000000,,"no case of ours contains '1000000' together with ['quantity', 'set']",<li>Set Quantity to <strong>1000000</strong></li>
27,C996,Vladimir Tomovic,Test Cases > Parts > Inventory,COVERED-BY,step5.expected,CANDIDATE GAP,PHRASING,edit inventory modal,edit,,"no case of ours contains 'edit' together with ['inventory', 'modal']",<li><strong>Edit Inventory Part</strong> modal opens</li>
27,C996,Vladimir Tomovic,Test Cases > Parts > Inventory,COVERED-BY,step5.expected,CANDIDATE GAP,PHRASING,1000000 part quantity,1000000,,"no case of ours contains '1000000' together with ['part', 'quantity']",<li>Part Quantity is <strong>1000000</strong></li>
27,C2201,Vladimir Tomovic,Test Cases > Parts > Inventory,COVERED-BY,custom_preconds,CANDIDATE GAP,PHRASING,base inventory navigated,base,,"no case of ours contains 'base' together with ['inventory', 'navigated']",<li>User is navigated to the {{BASE_URL}}/parts/inventory</li>
27,C2201,Vladimir Tomovic,Test Cases > Parts > Inventory,COVERED-BY,step1.content,CANDIDATE GAP,PHRASING,inventory list part,inventory,,"no case of ours contains 'inventory' together with ['list', 'part']",<li>Pick any part from the inventory list and click on it</li>
27,C2201,Vladimir Tomovic,Test Cases > Parts > Inventory,COVERED-BY,step1.expected,CANDIDATE GAP,PHRASING,edit inventory modal,edit,,"no case of ours contains 'edit' together with ['inventory', 'modal']",<li><strong>Edit Inventory Part</strong> modal opens</li>
27,C2201,Vladimir Tomovic,Test Cases > Parts > Inventory,COVERED-BY,step2.content,CANDIDATE GAP,PHRASING,quantity save set,quantity,,"no case of ours contains 'quantity' together with ['save', 'set']",<li>Set Quantity and click <strong>Save</strong></li>
27,C2201,Vladimir Tomovic,Test Cases > Parts > Inventory,COVERED-BY,step2.expected,CANDIDATE GAP,PHRASING,changed quantity set,changed,,"no case of ours contains 'changed' together with ['quantity', 'set']",<li>Quantity has changed to the value that was set</li>
27,C997,Vladimir Tomovic,Test Cases > Parts > Inventory,COVERED-BY,custom_preconds,CANDIDATE GAP,PHRASING,base inventory navigated,base,,"no case of ours contains 'base' together with ['inventory', 'navigated']",<li>User is navigated to the {{BASE_URL}}/parts/inventory page</li>
27,C997,Vladimir Tomovic,Test Cases > Parts > Inventory,COVERED-BY,step1.content,CANDIDATE GAP,PHRASING,category column count,category,,"no case of ours contains 'category' together with ['column', 'count']",<li><p>Open Cycle Count and Verify filters:<br />Filter By Manufacturer<br />Filter By Category<br />Filter By Supply<br />Shown columns</p></li>
27,C997,Vladimir Tomovic,Test Cases > Parts > Inventory,COVERED-BY,step1.expected,CANDIDATE GAP,PHRASING,available filter option,available,,"no case of ours contains 'available' together with ['filter', 'option']",<li>All filter options are available and working</li>
27,C997,Vladimir Tomovic,Test Cases > Parts > Inventory,COVERED-BY,step2.content,CANDIDATE GAP,PHRASING,count enter part,count,,"no case of ours contains 'count' together with ['enter', 'part']",<li>Enter Count value for any part and click 'Save'</li>
27,C997,Vladimir Tomovic,Test Cases > Parts > Inventory,COVERED-BY,step2.content,CANDIDATE GAP,PHRASING,chang clicking modal,chang,,"no case of ours contains 'chang' together with ['clicking', 'modal']",<li>Confirm quantity changes by clicking 'Save' on 'Update quantity' modal</li>
27,C997,Vladimir Tomovic,Test Cases > Parts > Inventory,COVERED-BY,step2.expected,CANDIDATE GAP,PHRASING,chang inventory table,chang,,"no case of ours contains 'chang' together with ['inventory', 'table']",<li>Changes are visible in Inventory table</li>
27,C997,Vladimir Tomovic,Test Cases > Parts > Inventory,COVERED-BY,step3.content,CANDIDATE GAP,PHRASING,category column filter,category,,"no case of ours contains 'category' together with ['column', 'filter']",<li><p>Verify filters:<br />Filter By Manufacturer<br />Filter By Category<br />Filter By Supply<br />Shown columns</p></li>
27,C997,Vladimir Tomovic,Test Cases > Parts > Inventory,COVERED-BY,step3.expected,CANDIDATE GAP,PHRASING,available filter option,available,,"no case of ours contains 'available' together with ['filter', 'option']",<li>All filter options are available and working</li>
27,C1724,Vladimir Tomovic,Test Cases > Parts > Inventory,COVERED-BY,custom_preconds,CANDIDATE GAP,PHRASING,base inventory navigated,base,,"no case of ours contains 'base' together with ['inventory', 'navigated']",<li>User is navigated to {BASE_URL}/parts/inventory</li>
27,C1724,Vladimir Tomovic,Test Cases > Parts > Inventory,COVERED-BY,step1.content,CANDIDATE GAP,PHRASING,add catalog inventory,add,,"no case of ours contains 'add' together with ['catalog', 'inventory']",<li><p>Add catalog part as new inventory part</p></li>
27,C1724,Vladimir Tomovic,Test Cases > Parts > Inventory,COVERED-BY,step1.expected,CANDIDATE GAP,PHRASING,added inventory part,added,,"no case of ours contains 'added' together with ['inventory', 'part']",<li>Inventory part added successfully</li>
27,C1724,Vladimir Tomovic,Test Cases > Parts > Inventory,COVERED-BY,step2.content,CANDIDATE GAP,PHRASING,add added inventory,add,,"no case of ours contains 'add' together with ['added', 'inventory']",<li>Navigate to WO and add part request for newly added inventory part (qty =1)</li>
27,C1724,Vladimir Tomovic,Test Cases > Parts > Inventory,COVERED-BY,step2.expected,CANDIDATE GAP,PHRASING,added request successfully,added,,"no case of ours contains 'added' together with ['request', 'successfully']",<li><p>Request added successfully</p></li>
27,C1724,Vladimir Tomovic,Test Cases > Parts > Inventory,COVERED-BY,step4.content,CANDIDATE GAP,PHRASING,1st added find,1st,,"no case of ours contains '1st' together with ['added', 'find']",<li>Navigate to Inventory and find part added in 1st step</li>
27,C1725,Vladimir Tomovic,Test Cases > Parts > Inventory,COVERED-BY,custom_preconds,CANDIDATE GAP,PHRASING,base inventory navigated,base,,"no case of ours contains 'base' together with ['inventory', 'navigated']",<li>User is navigated to {BASE_URL}/parts/inventory</li>
27,C1725,Vladimir Tomovic,Test Cases > Parts > Inventory,COVERED-BY,step1.content,CANDIDATE GAP,PHRASING,add catalog inventory,add,,"no case of ours contains 'add' together with ['catalog', 'inventory']",<li><p>Add catalog part as new inventory part</p></li>
27,C1725,Vladimir Tomovic,Test Cases > Parts > Inventory,COVERED-BY,step1.expected,CANDIDATE GAP,PHRASING,added inventory part,added,,"no case of ours contains 'added' together with ['inventory', 'part']",<li>Inventory part added successfully</li>
27,C1725,Vladimir Tomovic,Test Cases > Parts > Inventory,COVERED-BY,step2.content,CANDIDATE GAP,PHRASING,add added inventory,add,,"no case of ours contains 'add' together with ['added', 'inventory']",<li>Navigate to WO and add part request for newly added inventory part (qty =2)</li>
27,C1725,Vladimir Tomovic,Test Cases > Parts > Inventory,COVERED-BY,step2.expected,CANDIDATE GAP,PHRASING,added request successfully,added,,"no case of ours contains 'added' together with ['request', 'successfully']",<li><p>Request added successfully</p></li>
27,C1725,Vladimir Tomovic,Test Cases > Parts > Inventory,COVERED-BY,step2.expected,CANDIDATE GAP,PHRASING,cannot ordered part,cannot,,"no case of ours contains 'cannot' together with ['ordered', 'part']","<li><p>Part CANNOT be Picked, must be in Ordered</p></li>"
27,C1725,Vladimir Tomovic,Test Cases > Parts > Inventory,COVERED-BY,step3.content,CANDIDATE GAP,PHRASING,deliver order part,deliver,,"no case of ours contains 'deliver' together with ['order', 'part']",<li>Order + deliver part</li>
27,C1725,Vladimir Tomovic,Test Cases > Parts > Inventory,COVERED-BY,step4.content,CANDIDATE GAP,PHRASING,1st added find,1st,,"no case of ours contains '1st' together with ['added', 'find']",<li>Navigate to Inventory and find part added in 1st step</li>
27,C1726,Vladimir Tomovic,Test Cases > Parts > Inventory,COVERED-BY,custom_preconds,CANDIDATE GAP,PHRASING,base inventory navigated,base,,"no case of ours contains 'base' together with ['inventory', 'navigated']",<li>User is navigated to {BASE_URL}/parts/inventory</li>
27,C1726,Vladimir Tomovic,Test Cases > Parts > Inventory,COVERED-BY,step1.content,CANDIDATE GAP,PHRASING,add catalog inventory,add,,"no case of ours contains 'add' together with ['catalog', 'inventory']",<li><p>Add catalog part as new inventory part</p></li>
27,C1726,Vladimir Tomovic,Test Cases > Parts > Inventory,COVERED-BY,step1.expected,CANDIDATE GAP,PHRASING,added inventory part,added,,"no case of ours contains 'added' together with ['inventory', 'part']",<li>Inventory part added successfully</li>
27,C1726,Vladimir Tomovic,Test Cases > Parts > Inventory,COVERED-BY,step2.content,CANDIDATE GAP,PHRASING,add added inventory,add,,"no case of ours contains 'add' together with ['added', 'inventory']",<li>Navigate to WO and add part request for newly added inventory part (qty =1)</li>
27,C1726,Vladimir Tomovic,Test Cases > Parts > Inventory,COVERED-BY,step2.expected,CANDIDATE GAP,PHRASING,added request successfully,added,,"no case of ours contains 'added' together with ['request', 'successfully']",<li>Request added successfully</li>
27,C1726,Vladimir Tomovic,Test Cases > Parts > Inventory,COVERED-BY,step3.content,CANDIDATE GAP,PHRASING,deliver order part,deliver,,"no case of ours contains 'deliver' together with ['order', 'part']",<li>Order + deliver part</li>
27,C1726,Vladimir Tomovic,Test Cases > Parts > Inventory,COVERED-BY,step4.content,CANDIDATE GAP,PHRASING,1st added find,1st,,"no case of ours contains '1st' together with ['added', 'find']",<li>Navigate to Inventory and find part added in 1st step</li>
27,C1760,Vladimir Tomovic,Test Cases > Parts > Inventory,COVERED-BY,custom_preconds,CANDIDATE GAP,PHRASING,inventory navigated part,inventory,,"no case of ours contains 'inventory' together with ['navigated', 'part']",<li>User is navigated to parts/inventory</li>
27,C1760,Vladimir Tomovic,Test Cases > Parts > Inventory,COVERED-BY,step1.content,CANDIDATE GAP,PHRASING,core edit part,core,,"no case of ours contains 'core' together with ['edit', 'part']",<li>Select part <strong>without</strong> core to edit it</li>
27,C1760,Vladimir Tomovic,Test Cases > Parts > Inventory,COVERED-BY,step1.expected,CANDIDATE GAP,PHRASING,dialog edit inventory,dialog,,"no case of ours contains 'dialog' together with ['edit', 'inventory']",<li>Edit inventory part dialog opens</li>
27,C1760,Vladimir Tomovic,Test Cases > Parts > Inventory,COVERED-BY,step2.content,CANDIDATE GAP,PHRASING,charge core save,charge,,"no case of ours contains 'charge' together with ['core', 'save']",<li>Set <strong>core charge</strong> < $0 and click <strong>Save</strong></li>
27,C1760,Vladimir Tomovic,Test Cases > Parts > Inventory,COVERED-BY,step2.expected,CANDIDATE GAP,PHRASING,cannot charge core,cannot,,"no case of ours contains 'cannot' together with ['charge', 'core']",<li><strong>Core charge</strong> cannot be lower than 0</li>
27,C1760,Vladimir Tomovic,Test Cases > Parts > Inventory,COVERED-BY,step3.content,CANDIDATE GAP,PHRASING,charge core save,charge,,"no case of ours contains 'charge' together with ['core', 'save']",<li>Set <strong>core charge</strong> > $0 and click <strong>Save</strong></li>
27,C1760,Vladimir Tomovic,Test Cases > Parts > Inventory,COVERED-BY,step3.expected,CANDIDATE GAP,PHRASING,charge core set,charge,,"no case of ours contains 'charge' together with ['core', 'set']",<li><strong>Core charge</strong> set successfully</li>
27,C1760,Vladimir Tomovic,Test Cases > Parts > Inventory,COVERED-BY,step4.content,CANDIDATE GAP,PHRASING,edited exist instance,edited,,"no case of ours contains 'edited' together with ['exist', 'instance']","<li>On the Parts/Inventory page, in the parts list, verify that <strong>only one instance</strong> of the previously edited part exists</li>"
27,C1760,Vladimir Tomovic,Test Cases > Parts > Inventory,COVERED-BY,step4.content,CANDIDATE GAP,PHRASING,average cost part,average,,"no case of ours contains 'average' together with ['cost', 'part']",<li>Verify <strong>average cost</strong> of the part</li>
27,C1760,Vladimir Tomovic,Test Cases > Parts > Inventory,COVERED-BY,step4.expected,CANDIDATE GAP,PHRASING,edited entry list,edited,,"no case of ours contains 'edited' together with ['entry', 'list']",<li>The parts list displays only one entry for the edited part.
27,C1760,Vladimir Tomovic,Test Cases > Parts > Inventory,COVERED-BY,step4.expected,CANDIDATE GAP,PHRASING,chang core created,chang,,"no case of ours contains 'chang' together with ['core', 'created']",No duplicate entries are created as a result of core price changes</li>
27,C1760,Vladimir Tomovic,Test Cases > Parts > Inventory,COVERED-BY,step4.expected,CANDIDATE GAP,PHRASING,average cost part,average,,"no case of ours contains 'average' together with ['cost', 'part']",<li><strong>Average cost</strong> of the part remains the same</li>
27,C1760,Vladimir Tomovic,Test Cases > Parts > Inventory,COVERED-BY,step5.content,CANDIDATE GAP,PHRASING,order part pick,order,,"no case of ours contains 'order' together with ['part', 'pick']","<li>Go to WO, order and pick that part</li>"
27,C1760,Vladimir Tomovic,Test Cases > Parts > Inventory,COVERED-BY,step5.expected,CANDIDATE GAP,PHRASING,charge core inventory,charge,,"no case of ours contains 'charge' together with ['core', 'inventory']",<li>Core charge is the same as in Inventory</li>
27,C1760,Vladimir Tomovic,Test Cases > Parts > Inventory,COVERED-BY,step5.expected,CANDIDATE GAP,PHRASING,cost inventory part,cost,,"no case of ours contains 'cost' together with ['inventory', 'part']",<li>Part Cost is the same as in Inventory</li>
27,C1760,Vladimir Tomovic,Test Cases > Parts > Inventory,COVERED-BY,step5.expected,CANDIDATE GAP,PHRASING,inventory price sell,inventory,,"no case of ours contains 'inventory' together with ['price', 'sell']",<li>Sell Price is the same as in Inventory</li>
27,C1761,Vladimir Tomovic,Test Cases > Parts > Inventory,COVERED-BY,custom_preconds,CANDIDATE GAP,PHRASING,inventory navigated part,inventory,,"no case of ours contains 'inventory' together with ['navigated', 'part']",<li>User is navigated to parts/inventory</li>
27,C1761,Vladimir Tomovic,Test Cases > Parts > Inventory,COVERED-BY,step1.content,CANDIDATE GAP,PHRASING,core edit part,core,,"no case of ours contains 'core' together with ['edit', 'part']",<li>Select part <strong>with</strong> Core to edit it</li>
27,C1761,Vladimir Tomovic,Test Cases > Parts > Inventory,COVERED-BY,step1.expected,CANDIDATE GAP,PHRASING,dialog edit inventory,dialog,,"no case of ours contains 'dialog' together with ['edit', 'inventory']",<li>Edit inventory part dialog opens</li>
27,C1761,Vladimir Tomovic,Test Cases > Parts > Inventory,COVERED-BY,step2.content,CANDIDATE GAP,PHRASING,core price save,core,,"no case of ours contains 'core' together with ['price', 'save']",<li>Set core price to $0 and click <strong>Save</strong></li>
27,C1761,Vladimir Tomovic,Test Cases > Parts > Inventory,COVERED-BY,step2.expected,CANDIDATE GAP,PHRASING,price set successfully,price,,"no case of ours contains 'price' together with ['set', 'successfully']",<li>Price set successfully</li>
27,C1761,Vladimir Tomovic,Test Cases > Parts > Inventory,COVERED-BY,step3.content,CANDIDATE GAP,PHRASING,edited exist instance,edited,,"no case of ours contains 'edited' together with ['exist', 'instance']","<li>On the Parts/Inventory page, in the parts list, verify that <strong>only one instance</strong> of the previously edited part exists</li>"
27,C1761,Vladimir Tomovic,Test Cases > Parts > Inventory,COVERED-BY,step3.content,CANDIDATE GAP,PHRASING,average cost part,average,,"no case of ours contains 'average' together with ['cost', 'part']",<li>Verify <strong>average cost</strong> of the part</li>
27,C1761,Vladimir Tomovic,Test Cases > Parts > Inventory,COVERED-BY,step3.expected,CANDIDATE GAP,PHRASING,edited entry list,edited,,"no case of ours contains 'edited' together with ['entry', 'list']",<li>The parts list displays only one entry for the edited part.
27,C1761,Vladimir Tomovic,Test Cases > Parts > Inventory,COVERED-BY,step3.expected,CANDIDATE GAP,PHRASING,chang core created,chang,,"no case of ours contains 'chang' together with ['core', 'created']",No duplicate entries are created as a result of core price changes</li>
27,C1761,Vladimir Tomovic,Test Cases > Parts > Inventory,COVERED-BY,step3.expected,CANDIDATE GAP,PHRASING,average cost part,average,,"no case of ours contains 'average' together with ['cost', 'part']",<li><strong>Average cost</strong> of the part remains the same</li>
27,C1761,Vladimir Tomovic,Test Cases > Parts > Inventory,COVERED-BY,step4.content,CANDIDATE GAP,PHRASING,order part pick,order,,"no case of ours contains 'order' together with ['part', 'pick']","<li>Go to WO, order and pick that part</li>"
27,C1761,Vladimir Tomovic,Test Cases > Parts > Inventory,COVERED-BY,step4.expected,CANDIDATE GAP,PHRASING,core part strong,core,,"no case of ours contains 'core' together with ['part', 'strong']",<li>Part has <strong>NO</strong> core</li>
27,C1761,Vladimir Tomovic,Test Cases > Parts > Inventory,COVERED-BY,step4.expected,CANDIDATE GAP,PHRASING,charge core inventory,charge,,"no case of ours contains 'charge' together with ['core', 'inventory']",<li>Core charge is the same as in Inventory</li>
27,C1761,Vladimir Tomovic,Test Cases > Parts > Inventory,COVERED-BY,step4.expected,CANDIDATE GAP,PHRASING,cost inventory part,cost,,"no case of ours contains 'cost' together with ['inventory', 'part']",<li>Part Cost is the same as in Inventory</li>
27,C1761,Vladimir Tomovic,Test Cases > Parts > Inventory,COVERED-BY,step4.expected,CANDIDATE GAP,PHRASING,inventory price sell,inventory,,"no case of ours contains 'inventory' together with ['price', 'sell']",<li>Sell Price is the same as in Inventory</li>
27,C2143,Vladimir Tomovic,Test Cases > Parts > Inventory,COVERED-BY,custom_preconds,CANDIDATE GAP,PHRASING,inventory navigated part,inventory,,"no case of ours contains 'inventory' together with ['navigated', 'part']",<li>User is navigated to parts/inventory</li>
27,C2143,Vladimir Tomovic,Test Cases > Parts > Inventory,COVERED-BY,step1.content,CANDIDATE GAP,PHRASING,core edit fixed,core,,"no case of ours contains 'core' together with ['edit', 'fixed']",<li>Select part <strong>without</strong> core and <strong>fixed</strong> Sell Price to edit it</li>
27,C2143,Vladimir Tomovic,Test Cases > Parts > Inventory,COVERED-BY,step1.expected,CANDIDATE GAP,PHRASING,dialog edit inventory,dialog,,"no case of ours contains 'dialog' together with ['edit', 'inventory']",<li>Edit inventory part dialog opens</li>
27,C2143,Vladimir Tomovic,Test Cases > Parts > Inventory,COVERED-BY,step2.content,CANDIDATE GAP,PHRASING,charge core save,charge,,"no case of ours contains 'charge' together with ['core', 'save']",<li>Set <strong>core charge</strong> > $0 and click <strong>Save</strong></li>
27,C2143,Vladimir Tomovic,Test Cases > Parts > Inventory,COVERED-BY,step2.expected,CANDIDATE GAP,PHRASING,charge core set,charge,,"no case of ours contains 'charge' together with ['core', 'set']",<li><strong>Core charge</strong> set successfully</li>
27,C2143,Vladimir Tomovic,Test Cases > Parts > Inventory,COVERED-BY,step3.content,CANDIDATE GAP,PHRASING,fixed part price,fixed,,"no case of ours contains 'fixed' together with ['part', 'price']",<li>Verify <strong>fixed</strong> Sell Price of the part</li>
27,C2143,Vladimir Tomovic,Test Cases > Parts > Inventory,COVERED-BY,step3.expected,CANDIDATE GAP,PHRASING,fixed price remain,fixed,,"no case of ours contains 'fixed' together with ['price', 'remain']",<li><strong>Fixed</strong> Sell Price remains the same</li>
27,C2143,Vladimir Tomovic,Test Cases > Parts > Inventory,COVERED-BY,step4.content,CANDIDATE GAP,PHRASING,order part pick,order,,"no case of ours contains 'order' together with ['part', 'pick']","<li>Go to WO, order and pick that part</li>"
27,C2143,Vladimir Tomovic,Test Cases > Parts > Inventory,COVERED-BY,step4.expected,CANDIDATE GAP,PHRASING,charge core inventory,charge,,"no case of ours contains 'charge' together with ['core', 'inventory']",<li>Core charge is the same as in Inventory</li>
27,C2143,Vladimir Tomovic,Test Cases > Parts > Inventory,COVERED-BY,step4.expected,CANDIDATE GAP,PHRASING,cost inventory part,cost,,"no case of ours contains 'cost' together with ['inventory', 'part']",<li>Part Cost is the same as in Inventory</li>
27,C2143,Vladimir Tomovic,Test Cases > Parts > Inventory,COVERED-BY,step4.expected,CANDIDATE GAP,PHRASING,inventory price sell,inventory,,"no case of ours contains 'inventory' together with ['price', 'sell']",<li>Sell Price is the same as in Inventory</li>
27,C2144,Vladimir Tomovic,Test Cases > Parts > Inventory,COVERED-BY,custom_preconds,CANDIDATE GAP,PHRASING,inventory navigated part,inventory,,"no case of ours contains 'inventory' together with ['navigated', 'part']",<li>User is navigated to parts/inventory</li>
27,C2144,Vladimir Tomovic,Test Cases > Parts > Inventory,COVERED-BY,step1.content,CANDIDATE GAP,PHRASING,core edit fixed,core,,"no case of ours contains 'core' together with ['edit', 'fixed']",<li>Select part <strong>with</strong> core and <strong>fixed</strong> Sell Price to edit it</li>
27,C2144,Vladimir Tomovic,Test Cases > Parts > Inventory,COVERED-BY,step1.expected,CANDIDATE GAP,PHRASING,dialog edit inventory,dialog,,"no case of ours contains 'dialog' together with ['edit', 'inventory']",<li>Edit inventory part dialog opens</li>
27,C2144,Vladimir Tomovic,Test Cases > Parts > Inventory,COVERED-BY,step2.content,CANDIDATE GAP,PHRASING,charge core save,charge,,"no case of ours contains 'charge' together with ['core', 'save']",<li>Set <strong>core charge</strong> to $0 and click <strong>Save</strong></li>
27,C2144,Vladimir Tomovic,Test Cases > Parts > Inventory,COVERED-BY,step2.expected,CANDIDATE GAP,PHRASING,charge core set,charge,,"no case of ours contains 'charge' together with ['core', 'set']",<li><strong>Core charge</strong> set successfully</li>
27,C2144,Vladimir Tomovic,Test Cases > Parts > Inventory,COVERED-BY,step3.content,CANDIDATE GAP,PHRASING,fixed part price,fixed,,"no case of ours contains 'fixed' together with ['part', 'price']",<li>Verify <strong>fixed</strong> Sell Price of the part</li>
27,C2144,Vladimir Tomovic,Test Cases > Parts > Inventory,COVERED-BY,step3.expected,CANDIDATE GAP,PHRASING,fixed price remain,fixed,,"no case of ours contains 'fixed' together with ['price', 'remain']",<li><strong>Fixed</strong> Sell Price remains the same</li>
27,C2144,Vladimir Tomovic,Test Cases > Parts > Inventory,COVERED-BY,step4.content,CANDIDATE GAP,PHRASING,order part pick,order,,"no case of ours contains 'order' together with ['part', 'pick']","<li>Go to WO, order and pick that part</li>"
27,C2144,Vladimir Tomovic,Test Cases > Parts > Inventory,COVERED-BY,step4.expected,CANDIDATE GAP,PHRASING,core part strong,core,,"no case of ours contains 'core' together with ['part', 'strong']",<li>Part has <strong>NO</strong> core</li>
27,C2144,Vladimir Tomovic,Test Cases > Parts > Inventory,COVERED-BY,step4.expected,CANDIDATE GAP,PHRASING,charge core inventory,charge,,"no case of ours contains 'charge' together with ['core', 'inventory']",<li>Core charge is the same as in Inventory</li>
27,C2144,Vladimir Tomovic,Test Cases > Parts > Inventory,COVERED-BY,step4.expected,CANDIDATE GAP,PHRASING,cost inventory part,cost,,"no case of ours contains 'cost' together with ['inventory', 'part']",<li>Part Cost is the same as in Inventory</li>
27,C2144,Vladimir Tomovic,Test Cases > Parts > Inventory,COVERED-BY,step4.expected,CANDIDATE GAP,PHRASING,inventory price sell,inventory,,"no case of ours contains 'inventory' together with ['price', 'sell']",<li>Sell Price is the same as in Inventory</li>
27,C2145,Vladimir Tomovic,Test Cases > Parts > Inventory,COVERED-BY,custom_preconds,CANDIDATE GAP,PHRASING,inventory navigated part,inventory,,"no case of ours contains 'inventory' together with ['navigated', 'part']",<li>User is navigated to parts/inventory</li>
27,C2145,Vladimir Tomovic,Test Cases > Parts > Inventory,COVERED-BY,step1.content,CANDIDATE GAP,PHRASING,core edit part,core,,"no case of ours contains 'core' together with ['edit', 'part']",<li>Select part <strong>without</strong> core to edit it</li>
27,C2145,Vladimir Tomovic,Test Cases > Parts > Inventory,COVERED-BY,step1.expected,CANDIDATE GAP,PHRASING,dialog edit inventory,dialog,,"no case of ours contains 'dialog' together with ['edit', 'inventory']",<li>Edit inventory part dialog opens</li>
27,C2145,Vladimir Tomovic,Test Cases > Parts > Inventory,COVERED-BY,step2.content,CANDIDATE GAP,PHRASING,charge core save,charge,,"no case of ours contains 'charge' together with ['core', 'save']",<li>Set <strong>core charge</strong> > $0 and click <strong>Save</strong></li>
27,C2145,Vladimir Tomovic,Test Cases > Parts > Inventory,COVERED-BY,step2.expected,CANDIDATE GAP,PHRASING,charge core set,charge,,"no case of ours contains 'charge' together with ['core', 'set']",<li><strong>Core charge</strong> set successfully</li>
27,C2145,Vladimir Tomovic,Test Cases > Parts > Inventory,COVERED-BY,step3.content,CANDIDATE GAP,PHRASING,edit part strong,edit,,"no case of ours contains 'edit' together with ['part', 'strong']",<li>Select the <strong>same</strong> part to edit it</li>
27,C2145,Vladimir Tomovic,Test Cases > Parts > Inventory,COVERED-BY,step3.expected,CANDIDATE GAP,PHRASING,dialog edit inventory,dialog,,"no case of ours contains 'dialog' together with ['edit', 'inventory']",<li>Edit inventory part dialog opens</li>
27,C2145,Vladimir Tomovic,Test Cases > Parts > Inventory,COVERED-BY,step4.content,CANDIDATE GAP,PHRASING,core price save,core,,"no case of ours contains 'core' together with ['price', 'save']",<li>Set core price to $0 and click <strong>Save</strong></li>
27,C2145,Vladimir Tomovic,Test Cases > Parts > Inventory,COVERED-BY,step4.expected,CANDIDATE GAP,PHRASING,charge core set,charge,,"no case of ours contains 'charge' together with ['core', 'set']",<li><strong>Core charge</strong> set successfully</li>
27,C2146,Vladimir Tomovic,Test Cases > Parts > Inventory,COVERED-BY,step1.content,CANDIDATE GAP,PHRASING,core order part,core,,"no case of ours contains 'core' together with ['order', 'part']","<li>Go to any WO, order and pick part <strong>with</strong> core</li>"
27,C2146,Vladimir Tomovic,Test Cases > Parts > Inventory,COVERED-BY,step1.expected,CANDIDATE GAP,PHRASING,core line part,core,,"no case of ours contains 'core' together with ['line', 'part']",<li>Part <strong>with</strong> core is visible on the line</li>
27,C2146,Vladimir Tomovic,Test Cases > Parts > Inventory,COVERED-BY,step1.expected,CANDIDATE GAP,PHRASING,core part returned,core,,"no case of ours contains 'core' together with ['part', 'returned']",<li>Core for that part is <strong>Returned</strong></li>
27,C2146,Vladimir Tomovic,Test Cases > Parts > Inventory,COVERED-BY,step2.content,CANDIDATE GAP,PHRASING,charge core inventory,charge,,"no case of ours contains 'charge' together with ['core', 'inventory']",<li>Navigate to <strong>Parts > Inventory</strong> page and set <strong>core charge</strong> to $0 </li>
27,C2146,Vladimir Tomovic,Test Cases > Parts > Inventory,COVERED-BY,step2.expected,CANDIDATE GAP,PHRASING,core part removed,core,,"no case of ours contains 'core' together with ['part', 'removed']",<li>Core is set to $0 (core is removed for that part)</li>
27,C2146,Vladimir Tomovic,Test Cases > Parts > Inventory,COVERED-BY,step3.content,CANDIDATE GAP,PHRASING,core existence part,core,,"no case of ours contains 'core' together with ['existence', 'part']",<li>Navigate to <strong>Parts > Return</strong> page and verify existence of the returned core</li>
27,C2146,Vladimir Tomovic,Test Cases > Parts > Inventory,COVERED-BY,step3.expected,CANDIDATE GAP,PHRASING,core part previously,core,,"no case of ours contains 'core' together with ['part', 'previously']",<li>The previously returned core is visible on the <strong>Parts > Return</strong> page</li>
27,C2169,Vladimir Tomovic,Test Cases > Parts > Inventory,COVERED-BY,custom_preconds,CANDIDATE GAP,PHRASING,inventory navigated part,inventory,,"no case of ours contains 'inventory' together with ['navigated', 'part']",<li>User is navigated to the Parts > Inventory page</li>
27,C2169,Vladimir Tomovic,Test Cases > Parts > Inventory,COVERED-BY,step1.content,CANDIDATE GAP,PHRASING,dots export menu,dots,,"no case of ours contains 'dots' together with ['export', 'menu']",<li>Open 3 dots menu and click on <strong>Export</strong></li>
27,C2169,Vladimir Tomovic,Test Cases > Parts > Inventory,COVERED-BY,step1.expected,CANDIDATE GAP,PHRASING,csv downloaded file,csv,,"no case of ours contains 'csv' together with ['downloaded', 'file']",<li>CSV file is downloaded</li>
27,C2169,Vladimir Tomovic,Test Cases > Parts > Inventory,COVERED-BY,step2.expected,CANDIDATE GAP,PHRASING,column following order,column,,"no case of ours contains 'column' together with ['following', 'order']",<li><p>The following columns are visible in the following order</p>
27,C2169,Vladimir Tomovic,Test Cases > Parts > Inventory,COVERED-BY,step2.expected,CANDIDATE GAP,PHRASING,available number quantity,available,,"no case of ours contains 'available' together with ['number', 'quantity']",<li>quantity (shows the <strong>number</strong> only without available)</li>
27,C2169,Vladimir Tomovic,Test Cases > Parts > Inventory,COVERED-BY,step2.expected,CANDIDATE GAP,PHRASING,app average cost,app,,"no case of ours contains 'app' together with ['average', 'cost']",<li>purchase_price (matches <strong>Average Cost</strong> in the app)</li>
27,C2169,Vladimir Tomovic,Test Cases > Parts > Inventory,COVERED-BY,step2.expected,CANDIDATE GAP,PHRASING,cell core emoty,cell,,"no case of ours contains 'cell' together with ['core', 'emoty']",<li>core_price (if core price is 0 shows an emoty cell)</li>
27,C2169,Vladimir Tomovic,Test Cases > Parts > Inventory,COVERED-BY,step2.expected,CANDIDATE GAP,PHRASING,app csv data,app,,"no case of ours contains 'app' together with ['csv', 'data']",<li>CSV data match data in the app</li>
27,C2357,Vladimir Tomovic,Test Cases > Parts > Inventory,COVERED-BY,custom_preconds,CANDIDATE GAP,PHRASING,base inventory part,base,,"no case of ours contains 'base' together with ['inventory', 'part']",<li>User has access to {{BASE_URL}}/parts/inventory</li>
27,C2357,Vladimir Tomovic,Test Cases > Parts > Inventory,COVERED-BY,custom_preconds,CANDIDATE GAP,PHRASING,count cycle exist,count,,"no case of ours contains 'count' together with ['cycle', 'exist']",<li>Parts exist in inventory to test cycle count</li>
27,C2357,Vladimir Tomovic,Test Cases > Parts > Inventory,COVERED-BY,step1.content,CANDIDATE GAP,PHRASING,base inventory part,base,,"no case of ours contains 'base' together with ['inventory', 'part']",<li>Navigate to {{BASE_URL}}/parts/inventory page</li>
27,C2357,Vladimir Tomovic,Test Cases > Parts > Inventory,COVERED-BY,step1.content,CANDIDATE GAP,PHRASING,dots inventory menu,dots,,"no case of ours contains 'dots' together with ['inventory', 'menu']",<li>Click on Inventory menu (3 dots)</li>
27,C2357,Vladimir Tomovic,Test Cases > Parts > Inventory,COVERED-BY,step1.content,CANDIDATE GAP,PHRASING,count cycle strong,count,,"no case of ours contains 'count' together with ['cycle', 'strong']",<li>Click on <strong>Cycle Count</strong></li>
27,C2357,Vladimir Tomovic,Test Cases > Parts > Inventory,COVERED-BY,step1.content,CANDIDATE GAP,PHRASING,count decimal enter,count,,"no case of ours contains 'count' together with ['decimal', 'enter']",<li><p>Enter decimal numbers in the Count field for multiple parts:</p>
27,C2357,Vladimir Tomovic,Test Cases > Parts > Inventory,COVERED-BY,step1.expected,CANDIDATE GAP,PHRASING,decimal plac quantity,decimal,,"no case of ours contains 'decimal' together with ['plac', 'quantity']",<li><p>All quantities are rounded to 2 decimal places and saved successfully</p>
27,C2357,Vladimir Tomovic,Test Cases > Parts > Inventory,COVERED-BY,step1.expected,CANDIDATE GAP,PHRASING,1.72 1.724 part,1.72,,"no case of ours contains '1.72' together with ['1.724', 'part']",<li>part_2 from 1.724 to 1.72</li>
27,C2357,Vladimir Tomovic,Test Cases > Parts > Inventory,COVERED-BY,step1.expected,CANDIDATE GAP,PHRASING,1.725 1.73 part,1.725,,"no case of ours contains '1.725' together with ['1.73', 'part']",<li>part_3 from 1.725 to 1.73</li>
27,C2357,Vladimir Tomovic,Test Cases > Parts > Inventory,COVERED-BY,step1.expected,CANDIDATE GAP,PHRASING,1.729 1.73 part,1.729,,"no case of ours contains '1.729' together with ['1.73', 'part']",<li>part_4 from 1.729 to 1.73</li>
27,C2357,Vladimir Tomovic,Test Cases > Parts > Inventory,COVERED-BY,step1.expected,CANDIDATE GAP,PHRASING,0.005 0.01 part,0.005,,"no case of ours contains '0.005' together with ['0.01', 'part']",<li>part_6 from 0.005 to 0.01</li>
27,C2357,Vladimir Tomovic,Test Cases > Parts > Inventory,COVERED-BY,step2.content,CANDIDATE GAP,PHRASING,close count cycle,close,,"no case of ours contains 'close' together with ['count', 'cycle']",<li>Close <strong>Cycle Count</strong> and verify Quatities on Inventory page for those parts</li>
27,C2357,Vladimir Tomovic,Test Cases > Parts > Inventory,COVERED-BY,step2.expected,CANDIDATE GAP,PHRASING,inventory new part,inventory,,"no case of ours contains 'inventory' together with ['new', 'part']",<li>New Quatities are visible on Inventory page for those parts</li>
27,C2444,Vladimir Tomovic,Test Cases > Parts > Inventory,COVERED-BY,custom_preconds,CANDIDATE GAP,PHRASING,base inventory logged,base,,"no case of ours contains 'base' together with ['inventory', 'logged']",<p>User is logged in<br />User is navigated to {{BASE_URL}}/parts/inventory</p>
27,C2444,Vladimir Tomovic,Test Cases > Parts > Inventory,COVERED-BY,custom_steps,CANDIDATE GAP,PHRASING,inventory part,inventory,,no case of ours contains 'inventory' together with ['part'],<li>Navigate to Parts > Inventory</li>
27,C2444,Vladimir Tomovic,Test Cases > Parts > Inventory,COVERED-BY,custom_steps,CANDIDATE GAP,PHRASING,edit inventory modal,edit,,"no case of ours contains 'edit' together with ['inventory', 'modal']",<li>Select any inventory part and open the Edit Inventory part modal</li>
27,C2444,Vladimir Tomovic,Test Cases > Parts > Inventory,COVERED-BY,custom_steps,CANDIDATE GAP,PHRASING,1.5 attempt change,1.5,,"no case of ours contains '1.5' together with ['attempt', 'change']",<li>Attempt to change the quantity value to 1.5</li>
27,C2444,Vladimir Tomovic,Test Cases > Parts > Inventory,COVERED-BY,custom_expected,CANDIDATE GAP,PHRASING,1.5 quantity successfully,1.5,,"no case of ours contains '1.5' together with ['quantity', 'successfully']",<li>Quantity is updated to 1.5 successfully</li>
27,C2444,Vladimir Tomovic,Test Cases > Parts > Inventory,COVERED-BY,custom_expected,CANDIDATE GAP,PHRASING,close inventory modal,close,,"no case of ours contains 'close' together with ['inventory', 'modal']",<li>Inventory modal closes properly and updated value is reflected</li>
27,C30637,Vladimir Tomovic,Test Cases > Parts > Inventory,COVERED-BY,custom_preconds,CANDIDATE GAP,PHRASING,catalog delete inventory,catalog,,"no case of ours contains 'catalog' together with ['delete', 'inventory']",Logged in as owner/admin with catalog/inventory delete permission.
27,C30637,Vladimir Tomovic,Test Cases > Parts > Inventory,COVERED-BY,custom_preconds,CANDIDATE GAP,PHRASING,deletable exist factory,deletable,,"no case of ours contains 'deletable' together with ['exist', 'factory']",A deletable inventory part exists (seeded via the parts API factory).
27,C30637,Vladimir Tomovic,Test Cases > Parts > Inventory,COVERED-BY,step1.content,CANDIDATE GAP,PHRASING,inventory part,inventory,,no case of ours contains 'inventory' together with ['part'],Navigate to /parts/inventory
27,C30637,Vladimir Tomovic,Test Cases > Parts > Inventory,COVERED-BY,step1.expected,CANDIDATE GAP,PHRASING,inventory list part,inventory,,"no case of ours contains 'inventory' together with ['list', 'part']",The inventory table lists the seeded part.
27,C30637,Vladimir Tomovic,Test Cases > Parts > Inventory,COVERED-BY,step2.content,CANDIDATE GAP,PHRASING,dialog inventory part,dialog,,"no case of ours contains 'dialog' together with ['inventory', 'part']",Click the part row to open the inventory part dialog
27,C30637,Vladimir Tomovic,Test Cases > Parts > Inventory,COVERED-BY,step2.expected,CANDIDATE GAP,PHRASING,dialog edit inventory,dialog,,"no case of ours contains 'dialog' together with ['edit', 'inventory']",The inventory part dialog opens in edit mode.
27,C30637,Vladimir Tomovic,Test Cases > Parts > Inventory,COVERED-BY,step3.expected,CANDIDATE GAP,PHRASING,close deleted dialog,close,,"no case of ours contains 'close' together with ['deleted', 'dialog']",The part is deleted and the dialog closes.
27,C30637,Vladimir Tomovic,Test Cases > Parts > Inventory,COVERED-BY,step4.content,CANDIDATE GAP,PHRASING,inventory observe table,inventory,,"no case of ours contains 'inventory' together with ['observe', 'table']",Observe the inventory table
27,C30637,Vladimir Tomovic,Test Cases > Parts > Inventory,COVERED-BY,step4.expected,CANDIDATE GAP,PHRASING,deleted listed longer,deleted,,"no case of ours contains 'deleted' together with ['listed', 'longer']",The deleted part is no longer listed.
29,C109,Vladimir Tomovic,Test Cases > Parts > Returns,COVERED-BY,custom_preconds,CANDIDATE GAP,PHRASING,base part return,base,,"no case of ours contains 'base' together with ['part', 'return']",{{BASE_URL}}/parts/returns</li>
29,C109,Vladimir Tomovic,Test Cases > Parts > Returns,COVERED-BY,custom_steps,CANDIDATE GAP,PHRASING,cor set,cor,,no case of ours contains 'cor' together with ['set'],<li>Click on Show cores only toggle and set it to ON state</li>
29,C109,Vladimir Tomovic,Test Cases > Parts > Returns,COVERED-BY,custom_expected,CANDIDATE GAP,PHRASING,core list reason,core,,"no case of ours contains 'core' together with ['list', 'reason']","<li>Only returns with ""Return reason"" = ""Core ok"" are shown on list</li>"
29,C110,Vladimir Tomovic,Test Cases > Parts > Returns,COVERED-BY,custom_preconds,CANDIDATE GAP,PHRASING,base part return,base,,"no case of ours contains 'base' together with ['part', 'return']",{{BASE_URL}}/parts/returns</li>
29,C110,Vladimir Tomovic,Test Cases > Parts > Returns,COVERED-BY,step1.content,CANDIDATE GAP,PHRASING,field filter vendor,field,,"no case of ours contains 'field' together with ['filter', 'vendor']",<li>Click on Filter by Vendor field</li>
29,C110,Vladimir Tomovic,Test Cases > Parts > Returns,COVERED-BY,step1.expected,CANDIDATE GAP,PHRASING,clicking down drop,clicking,,"no case of ours contains 'clicking' together with ['down', 'drop']","<li>After clicking field, list with all vendors drops down</li>"
29,C110,Vladimir Tomovic,Test Cases > Parts > Returns,COVERED-BY,step2.expected,CANDIDATE GAP,PHRASING,list return selected,list,,"no case of ours contains 'list' together with ['return', 'selected']",<li>Only returns for selected vendor are shown on the list</li>
29,C111,Vladimir Tomovic,Test Cases > Parts > Returns,COVERED-BY,custom_preconds,CANDIDATE GAP,PHRASING,base part return,base,,"no case of ours contains 'base' together with ['part', 'return']",{{BASE_URL}}/parts/returns</li>
29,C111,Vladimir Tomovic,Test Cases > Parts > Returns,COVERED-BY,step1.content,CANDIDATE GAP,PHRASING,box left rows,box,,"no case of ours contains 'box' together with ['left', 'rows']",<li>Using check boxes on the left side of the table check several rows</li>
29,C111,Vladimir Tomovic,Test Cases > Parts > Returns,COVERED-BY,step1.expected,CANDIDATE GAP,PHRASING,checked rows selected,checked,,"no case of ours contains 'checked' together with ['rows', 'selected']",<li>Selected rows are checked</li>
29,C111,Vladimir Tomovic,Test Cases > Parts > Returns,COVERED-BY,step1.expected,CANDIDATE GAP,PHRASING,checked filtered first,checked,,"no case of ours contains 'checked' together with ['filtered', 'first']","<li>After first row is checked, table is filtered by vendor</li>"
29,C111,Vladimir Tomovic,Test Cases > Parts > Returns,COVERED-BY,step2.content,CANDIDATE GAP,PHRASING,add dots option,add,,"no case of ours contains 'add' together with ['dots', 'option']",<li>Click on 3 dots and select option Add parts to return</li>
29,C111,Vladimir Tomovic,Test Cases > Parts > Returns,COVERED-BY,step2.expected,CANDIDATE GAP,PHRASING,dialog new part,dialog,,"no case of ours contains 'dialog' together with ['new', 'part']",<li>New Parts Return dialog opens</li>
29,C111,Vladimir Tomovic,Test Cases > Parts > Returns,COVERED-BY,step3.content,CANDIDATE GAP,PHRASING,add button part,add,,"no case of ours contains 'add' together with ['button', 'part']",<li>Add 2 parts and click Save button</li>
29,C111,Vladimir Tomovic,Test Cases > Parts > Returns,COVERED-BY,step3.expected,CANDIDATE GAP,PHRASING,added checked part,added,,"no case of ours contains 'added' together with ['checked', 'part']",<li>Parts are added to checked returns</li>
29,C112,Vladimir Tomovic,Test Cases > Parts > Returns,COVERED-BY,custom_preconds,CANDIDATE GAP,PHRASING,base part return,base,,"no case of ours contains 'base' together with ['part', 'return']",{{BASE_URL}}/parts/returns</li>
29,C112,Vladimir Tomovic,Test Cases > Parts > Returns,COVERED-BY,custom_steps,CANDIDATE GAP,PHRASING,action column delete,action,,"no case of ours contains 'action' together with ['column', 'delete']",<li>In the Action column click on trash can icon for the row you want to delete</li>
29,C113,Vladimir Tomovic,Test Cases > Parts > Returns,COVERED-BY,custom_preconds,CANDIDATE GAP,PHRASING,base part return,base,,"no case of ours contains 'base' together with ['part', 'return']",{{BASE_URL}}/parts/returns</li>
29,C113,Vladimir Tomovic,Test Cases > Parts > Returns,COVERED-BY,custom_steps,CANDIDATE GAP,PHRASING,action column deleted,action,,"no case of ours contains 'action' together with ['column', 'deleted']","<li>Records that are deleted from inventory have ""return to inventory"" option in Action column</li>"
29,C113,Vladimir Tomovic,Test Cases > Parts > Returns,COVERED-BY,custom_steps,CANDIDATE GAP,PHRASING,find inventory return,find,,"no case of ours contains 'find' together with ['inventory', 'return']",<li>Find one of them and return it to inventory</li>
29,C113,Vladimir Tomovic,Test Cases > Parts > Returns,COVERED-BY,custom_expected,CANDIDATE GAP,PHRASING,inventory item returned,inventory,,"no case of ours contains 'inventory' together with ['item', 'returned']",<li>Item is returned to inventory</li>
29,C1333,Vladimir Tomovic,Test Cases > Parts > Returns,COVERED-BY,step1.content,CANDIDATE GAP,PHRASING,base part return,base,,"no case of ours contains 'base' together with ['part', 'return']",<li>Navigate to {{BASE_URL}}/parts/returns</li>
29,C1333,Vladimir Tomovic,Test Cases > Parts > Returns,COVERED-BY,step1.expected,CANDIDATE GAP,PHRASING,base part return,base,,"no case of ours contains 'base' together with ['part', 'return']",<li>User lands to {{BASE_URL}}/parts/returns page</li>
29,C1333,Vladimir Tomovic,Test Cases > Parts > Returns,COVERED-BY,step1.expected,CANDIDATE GAP,PHRASING,return selected tab,return,,"no case of ours contains 'return' together with ['selected', 'tab']",<li>'Returns' tab is selected by default</li>
29,C1334,Vladimir Tomovic,Test Cases > Parts > Returns,COVERED-BY,step1.content,CANDIDATE GAP,PHRASING,base part return,base,,"no case of ours contains 'base' together with ['part', 'return']",<li>Navigate to {{BASE_URL}}/parts/returns</li>
29,C1334,Vladimir Tomovic,Test Cases > Parts > Returns,COVERED-BY,step1.expected,CANDIDATE GAP,PHRASING,base part return,base,,"no case of ours contains 'base' together with ['part', 'return']",<li>User lands to {{BASE_URL}}/parts/returns page</li>
29,C1334,Vladimir Tomovic,Test Cases > Parts > Returns,COVERED-BY,step1.expected,CANDIDATE GAP,PHRASING,return selected tab,return,,"no case of ours contains 'return' together with ['selected', 'tab']",<li>'Returns' tab is selected by default</li>
29,C1334,Vladimir Tomovic,Test Cases > Parts > Returns,COVERED-BY,step2.content,CANDIDATE GAP,PHRASING,column hyperlink order,column,,"no case of ours contains 'column' together with ['hyperlink', 'order']",<li>Click on any hyperlink under column 'Work Order'</li>
29,C1334,Vladimir Tomovic,Test Cases > Parts > Returns,COVERED-BY,step2.expected,CANDIDATE GAP,PHRASING,base part request,base,,"no case of ours contains 'base' together with ['part', 'request']",<li><p>User lands to that specific wo's Parts Returns tab<br />{{BASE_URL}}/workorder/{{WO_ID}}/part-return-requests</p></li>
29,C1334,Vladimir Tomovic,Test Cases > Parts > Returns,COVERED-BY,step3.content,CANDIDATE GAP,PHRASING,column hyperlink invoice,column,,"no case of ours contains 'column' together with ['hyperlink', 'invoice']",<li>Return to the previous page and click on any hyperlink under 'Vendor Invoice' column</li>
29,C1334,Vladimir Tomovic,Test Cases > Parts > Returns,COVERED-BY,step3.expected,CANDIDATE GAP,PHRASING,base delivery invoice,base,,"no case of ours contains 'base' together with ['delivery', 'invoice']",<li><p>User lands to that specific invoice <br />{{BASE_URL}}/delivery/{{INVOICE_ID}}</p></li>
29,C1337,Vladimir Tomovic,Test Cases > Parts > Returns,COVERED-BY,title,CANDIDATE GAP,PHRASING,column process return,column,,"no case of ours contains 'column' together with ['process', 'return']",Verify Table Columns on Process Return [TO DO]
29,C1344,Vladimir Tomovic,Test Cases > Parts > Returns,COVERED-BY,custom_preconds,CANDIDATE GAP,PHRASING,amongst ordered part,amongst,,"no case of ours contains 'amongst' together with ['ordered', 'part']",<li>Amongst ordered parts there is at least 1 special part</li>
29,C1344,Vladimir Tomovic,Test Cases > Parts > Returns,COVERED-BY,custom_preconds,CANDIDATE GAP,PHRASING,base part return,base,,"no case of ours contains 'base' together with ['part', 'return']",{{BASE_URL}}/parts/returns</li>
29,C1344,Vladimir Tomovic,Test Cases > Parts > Returns,COVERED-BY,step1.content,CANDIDATE GAP,PHRASING,box left part,box,,"no case of ours contains 'box' together with ['left', 'part']",<li>Using check boxes on the left side of the table check special part</li>
29,C1344,Vladimir Tomovic,Test Cases > Parts > Returns,COVERED-BY,step1.expected,CANDIDATE GAP,PHRASING,checked rows selected,checked,,"no case of ours contains 'checked' together with ['rows', 'selected']",<li>Selected rows is checked</li>
29,C1344,Vladimir Tomovic,Test Cases > Parts > Returns,COVERED-BY,step2.content,CANDIDATE GAP,PHRASING,button inventory return,button,,"no case of ours contains 'button' together with ['inventory', 'return']",<li>Click on button Return to Inventory</li>
29,C1344,Vladimir Tomovic,Test Cases > Parts > Returns,COVERED-BY,step2.expected,CANDIDATE GAP,PHRASING,dialog inventory part,dialog,,"no case of ours contains 'dialog' together with ['inventory', 'part']",<li>Return special part to inventory dialog opens</li>
29,C1344,Vladimir Tomovic,Test Cases > Parts > Returns,COVERED-BY,step3.content,CANDIDATE GAP,PHRASING,button inventory qty,button,,"no case of ours contains 'button' together with ['inventory', 'qty']",<li>Select qty and click on Return to inventory button</li>
29,C1344,Vladimir Tomovic,Test Cases > Parts > Returns,COVERED-BY,step3.expected,CANDIDATE GAP,PHRASING,added checked part,added,,"no case of ours contains 'added' together with ['checked', 'part']",<li>Parts are added to checked returns</li>
29,C1344,Vladimir Tomovic,Test Cases > Parts > Returns,COVERED-BY,step4.content,CANDIDATE GAP,PHRASING,inventory part,inventory,,no case of ours contains 'inventory' together with ['part'],<li><p>Navigate to parts/inventory</p></li>
29,C1344,Vladimir Tomovic,Test Cases > Parts > Returns,COVERED-BY,step4.content,CANDIDATE GAP,PHRASING,created inventory part,created,,"no case of ours contains 'created' together with ['inventory', 'part']",<li><p>Verify if inventory part was created</p></li>
29,C1344,Vladimir Tomovic,Test Cases > Parts > Returns,COVERED-BY,step4.expected,CANDIDATE GAP,PHRASING,match picked qty,match,,"no case of ours contains 'match' together with ['picked', 'qty']",<li><p>Qty matches the one that was picked on step 3</p></li>
29,C1345,Vladimir Tomovic,Test Cases > Parts > Returns,COVERED-BY,custom_preconds,CANDIDATE GAP,PHRASING,amongst core ordered,amongst,,"no case of ours contains 'amongst' together with ['core', 'ordered']",<li>Amongst ordered parts there is at least 1 special part with core</li>
29,C1345,Vladimir Tomovic,Test Cases > Parts > Returns,COVERED-BY,custom_preconds,CANDIDATE GAP,PHRASING,base part return,base,,"no case of ours contains 'base' together with ['part', 'return']",{{BASE_URL}}/parts/returns</li>
29,C1345,Vladimir Tomovic,Test Cases > Parts > Returns,COVERED-BY,step1.content,CANDIDATE GAP,PHRASING,box core left,box,,"no case of ours contains 'box' together with ['core', 'left']",<li>Using check boxes on the left side of the table check special part with core</li>
29,C1345,Vladimir Tomovic,Test Cases > Parts > Returns,COVERED-BY,step1.expected,CANDIDATE GAP,PHRASING,checked rows selected,checked,,"no case of ours contains 'checked' together with ['rows', 'selected']",<li>Selected rows is checked</li>
29,C1345,Vladimir Tomovic,Test Cases > Parts > Returns,COVERED-BY,step2.content,CANDIDATE GAP,PHRASING,button inventory return,button,,"no case of ours contains 'button' together with ['inventory', 'return']",<li>Click on button Return to Inventory</li>
29,C1345,Vladimir Tomovic,Test Cases > Parts > Returns,COVERED-BY,step2.expected,CANDIDATE GAP,PHRASING,dialog inventory part,dialog,,"no case of ours contains 'dialog' together with ['inventory', 'part']",<li>Return special part to inventory dialog opens</li>
29,C1345,Vladimir Tomovic,Test Cases > Parts > Returns,COVERED-BY,step3.content,CANDIDATE GAP,PHRASING,button inventory qty,button,,"no case of ours contains 'button' together with ['inventory', 'qty']",<li>Select qty and click on Return to inventory button</li>
29,C1345,Vladimir Tomovic,Test Cases > Parts > Returns,COVERED-BY,step3.expected,CANDIDATE GAP,PHRASING,added checked part,added,,"no case of ours contains 'added' together with ['checked', 'part']",<li>Parts are added to checked returns</li>
29,C1345,Vladimir Tomovic,Test Cases > Parts > Returns,COVERED-BY,step4.content,CANDIDATE GAP,PHRASING,inventory part,inventory,,no case of ours contains 'inventory' together with ['part'],<li><p>Navigate to parts/inventory</p></li>
29,C1345,Vladimir Tomovic,Test Cases > Parts > Returns,COVERED-BY,step4.content,CANDIDATE GAP,PHRASING,created inventory part,created,,"no case of ours contains 'created' together with ['inventory', 'part']",<li><p>Verify if inventory part was created</p></li>
29,C1345,Vladimir Tomovic,Test Cases > Parts > Returns,COVERED-BY,step4.expected,CANDIDATE GAP,PHRASING,match picked qty,match,,"no case of ours contains 'match' together with ['picked', 'qty']",<li><p>Qty matches the one that was picked on step 3</p></li>
29,C114,Vladimir Tomovic,Test Cases > Parts > Returns > Credits,COVERED-BY,custom_preconds,CANDIDATE GAP,PHRASING,base part return,base,,"no case of ours contains 'base' together with ['part', 'return']",{{BASE_URL}}/parts/returns</li>
29,C114,Vladimir Tomovic,Test Cases > Parts > Returns > Credits,COVERED-BY,step1.content,CANDIDATE GAP,PHRASING,button credit receive,button,,"no case of ours contains 'button' together with ['credit', 'receive']",<li>Check some row and click on Receive Credit button</li>
29,C114,Vladimir Tomovic,Test Cases > Parts > Returns > Credits,COVERED-BY,step1.expected,CANDIDATE GAP,PHRASING,process redirected return,process,,"no case of ours contains 'process' together with ['redirected', 'return']",<li>User is redirected to Process Return page</li>
29,C114,Vladimir Tomovic,Test Cases > Parts > Returns > Credits,COVERED-BY,step2.content,CANDIDATE GAP,PHRASING,accepted credit date,accepted,,"no case of ours contains 'accepted' together with ['credit', 'date']",<li><p>Set fields:<br />Packaging slip<br />Credit Memo Number<br />Credit Date<br />Accepted Quantity<br />Restocking fee<br />Tax<br />Note</p></li>
29,C114,Vladimir Tomovic,Test Cases > Parts > Returns > Credits,COVERED-BY,step2.content,CANDIDATE GAP,PHRASING,button credit post,button,,"no case of ours contains 'button' together with ['credit', 'post']",<li><p>Click on Post Credit button</p></li>
29,C114,Vladimir Tomovic,Test Cases > Parts > Returns > Credits,COVERED-BY,step2.expected,CANDIDATE GAP,PHRASING,credit possible receive,credit,,"no case of ours contains 'credit' together with ['possible', 'receive']",<li>It's not possible to receive credit for same return again</li>
29,C114,Vladimir Tomovic,Test Cases > Parts > Returns > Credits,COVERED-BY,step3.expected,CANDIDATE GAP,PHRASING,list longer part,list,,"no case of ours contains 'list' together with ['longer', 'part']",<li>Returned part is no longer on the list</li>
29,C115,Vladimir Tomovic,Test Cases > Parts > Returns > Credits,COVERED-BY,custom_preconds,CANDIDATE GAP,PHRASING,base part return,base,,"no case of ours contains 'base' together with ['part', 'return']",{{BASE_URL}}/parts/returns</li>
29,C115,Vladimir Tomovic,Test Cases > Parts > Returns > Credits,COVERED-BY,step1.content,CANDIDATE GAP,PHRASING,button credit receive,button,,"no case of ours contains 'button' together with ['credit', 'receive']",<li>Check some row and click on Receive Credit button</li>
29,C115,Vladimir Tomovic,Test Cases > Parts > Returns > Credits,COVERED-BY,step1.expected,CANDIDATE GAP,PHRASING,process redirected return,process,,"no case of ours contains 'process' together with ['redirected', 'return']",<li>User is redirected to Process Return page</li>
29,C115,Vladimir Tomovic,Test Cases > Parts > Returns > Credits,COVERED-BY,step2.content,CANDIDATE GAP,PHRASING,add another button,add,,"no case of ours contains 'add' together with ['another', 'button']",<li>Click on Add another slip button</li>
29,C115,Vladimir Tomovic,Test Cases > Parts > Returns > Credits,COVERED-BY,step2.expected,CANDIDATE GAP,PHRASING,back redirected return,back,,"no case of ours contains 'back' together with ['redirected', 'return']",<li>User is redirected back to returns page</li>
29,C115,Vladimir Tomovic,Test Cases > Parts > Returns > Credits,COVERED-BY,step2.expected,CANDIDATE GAP,PHRASING,filtered selected vendor,filtered,,"no case of ours contains 'filtered' together with ['selected', 'vendor']",<li>Selected vendor is filtered</li>
29,C142,Vladimir Tomovic,Test Cases > Parts > Returns > Credits,COVERED-BY,custom_preconds,CANDIDATE GAP,PHRASING,base part return,base,,"no case of ours contains 'base' together with ['part', 'return']",{{BASE_URL}}/parts/returns</li>
29,C142,Vladimir Tomovic,Test Cases > Parts > Returns > Credits,COVERED-BY,step1.content,CANDIDATE GAP,PHRASING,credit left menu,credit,,"no case of ours contains 'credit' together with ['left', 'menu']",<li>Click on <strong>Credits</strong> tab on upper left menu</li>
29,C142,Vladimir Tomovic,Test Cases > Parts > Returns > Credits,COVERED-BY,step2.content,CANDIDATE GAP,PHRASING,days filter strong,days,,"no case of ours contains 'days' together with ['filter', 'strong']",<li>Click on <strong>Filter by days</strong></li>
29,C142,Vladimir Tomovic,Test Cases > Parts > Returns > Credits,COVERED-BY,step2.expected,CANDIDATE GAP,PHRASING,available days dropdown,available,,"no case of ours contains 'available' together with ['days', 'dropdown']",<li><p>Dropdown list appears with available options:<br />30 days<br />60 days<br />90 days<br />6 months<br />1 year<br />All</p></li>
29,C142,Vladimir Tomovic,Test Cases > Parts > Returns > Credits,COVERED-BY,step3.expected,CANDIDATE GAP,PHRASING,credit days old,credit,,"no case of ours contains 'credit' together with ['days', 'old']",<li>Only credits up to 60 days old are shown</li>
29,C142,Vladimir Tomovic,Test Cases > Parts > Returns > Credits,COVERED-BY,step4.expected,CANDIDATE GAP,PHRASING,credit days old,credit,,"no case of ours contains 'credit' together with ['days', 'old']",<li>Only credits up to 90 days old are shown</li>
29,C142,Vladimir Tomovic,Test Cases > Parts > Returns > Credits,COVERED-BY,step5.expected,CANDIDATE GAP,PHRASING,credit month old,credit,,"no case of ours contains 'credit' together with ['month', 'old']",<li>Only credits up to 6 months old are shown</li>
29,C142,Vladimir Tomovic,Test Cases > Parts > Returns > Credits,COVERED-BY,step6.expected,CANDIDATE GAP,PHRASING,credit old year,credit,,"no case of ours contains 'credit' together with ['old', 'year']",<li>Only credits up to 1 year old are shown</li>
29,C331,Vladimir Tomovic,Test Cases > Parts > Returns > Credits,COVERED-BY,custom_preconds,CANDIDATE GAP,PHRASING,digit e.g line,digit,,"no case of ours contains 'digit' together with ['e.g', 'line']","<li>WO has a line with a vendor part with a two-digit quantity (e.g., 12)</li>"
29,C331,Vladimir Tomovic,Test Cases > Parts > Returns > Credits,COVERED-BY,custom_preconds,CANDIDATE GAP,PHRASING,e.g part picked,e.g,,"no case of ours contains 'e.g' together with ['part', 'picked']","<li>Parts are picked up and some are returned (e.g., 5)</li>"
29,C331,Vladimir Tomovic,Test Cases > Parts > Returns > Credits,COVERED-BY,custom_preconds,CANDIDATE GAP,PHRASING,action add cancel,action,,"no case of ours contains 'action' together with ['add', 'cancel']","<strong>Add more steps and create more cases regarding this issue including PARTIAL CREDIT in combination with parts with core, partial receive, partial return, full return, checking part tab and return tab (with cancel action) after each process, financial info and finance tab, etc.</strong></p>"
29,C331,Vladimir Tomovic,Test Cases > Parts > Returns > Credits,COVERED-BY,step1.content,CANDIDATE GAP,PHRASING,line part quantity,line,,"no case of ours contains 'line' together with ['part', 'quantity']",<li>Verify part quantity on the line</li>
29,C331,Vladimir Tomovic,Test Cases > Parts > Returns > Credits,COVERED-BY,step1.expected,CANDIDATE GAP,PHRASING,$orderedqty quantity strong,$orderedqty,,"no case of ours contains '$orderedqty' together with ['quantity', 'strong']",<li>Quantity is <strong>$orderedQty
29,C331,Vladimir Tomovic,Test Cases > Parts > Returns > Credits,COVERED-BY,step1.expected,CANDIDATE GAP,PHRASING,back canceled invoiced,back,,"no case of ours contains 'back' together with ['canceled', 'invoiced']",<p><strong>Note:</strong> The remaining quantity (in this case 7) should stay the same until the WO is invoiced/paid unless the return is canceled and parts are moved back to the line</p>
29,C331,Vladimir Tomovic,Test Cases > Parts > Returns > Credits,COVERED-BY,step2.content,CANDIDATE GAP,PHRASING,base part return,base,,"no case of ours contains 'base' together with ['part', 'return']",<li>Navigate to {{BASE_URL}}/parts/returns page</li>
29,C331,Vladimir Tomovic,Test Cases > Parts > Returns > Credits,COVERED-BY,step2.content,CANDIDATE GAP,PHRASING,part returned row,part,,"no case of ours contains 'part' together with ['returned', 'row']",<li>Check the row with parts we just returned</li>
29,C331,Vladimir Tomovic,Test Cases > Parts > Returns > Credits,COVERED-BY,step2.content,CANDIDATE GAP,PHRASING,credit receive strong,credit,,"no case of ours contains 'credit' together with ['receive', 'strong']",<li>Click on <strong>Receive Credit</strong></li>
29,C331,Vladimir Tomovic,Test Cases > Parts > Returns > Credits,COVERED-BY,step2.expected,CANDIDATE GAP,PHRASING,list part returned,list,,"no case of ours contains 'list' together with ['part', 'returned']",<li>List of all returned parts is displayed</li>
29,C331,Vladimir Tomovic,Test Cases > Parts > Returns > Credits,COVERED-BY,step2.expected,CANDIDATE GAP,PHRASING,filtered list part,filtered,,"no case of ours contains 'filtered' together with ['list', 'part']",<li>List is filtered to show only parts from vendor for which part we selected</li>
29,C331,Vladimir Tomovic,Test Cases > Parts > Returns > Credits,COVERED-BY,step2.expected,CANDIDATE GAP,PHRASING,process return strong,process,,"no case of ours contains 'process' together with ['return', 'strong']",<li><strong>Process Return</strong> page is displayed</li>
29,C331,Vladimir Tomovic,Test Cases > Parts > Returns > Credits,COVERED-BY,step3.content,CANDIDATE GAP,PHRASING,accepted e.g enter,accepted,,"no case of ours contains 'accepted' together with ['e.g', 'enter']","<li>Enter <strong>Accepted Quantity</strong> (e.g., <strong>3</strong>)</li>"
29,C331,Vladimir Tomovic,Test Cases > Parts > Returns > Credits,COVERED-BY,step3.content,CANDIDATE GAP,PHRASING,credit field fill,credit,,"no case of ours contains 'credit' together with ['field', 'fill']",<li>Fill in mandatory fields and click on <strong>Post Credit</strong></li>
29,C331,Vladimir Tomovic,Test Cases > Parts > Returns > Credits,COVERED-BY,step3.expected,CANDIDATE GAP,PHRASING,change creation strong,change,,"no case of ours contains 'change' together with ['creation', 'strong']",<strong>Creation/change was successful</strong></li>
29,C331,Vladimir Tomovic,Test Cases > Parts > Returns > Credits,COVERED-BY,step3.expected,CANDIDATE GAP,PHRASING,back base navigated,back,,"no case of ours contains 'back' together with ['base', 'navigated']",<li>User is navigated back to the {{BASE_URL}}/parts/returns page</li>
29,C331,Vladimir Tomovic,Test Cases > Parts > Returns > Credits,COVERED-BY,step3.expected,CANDIDATE GAP,PHRASING,list part returned,list,,"no case of ours contains 'list' together with ['part', 'returned']",<li>List of all returned parts is shown</li>
29,C331,Vladimir Tomovic,Test Cases > Parts > Returns > Credits,COVERED-BY,step4.content,CANDIDATE GAP,PHRASING,$returnedqty accepted list,$returnedqty,,"no case of ours contains '$returnedqty' together with ['accepted', 'list']","<li>Verify if the remaining parts on the list, parts that were not accepted, <strong>$returnedQty"
29,C331,Vladimir Tomovic,Test Cases > Parts > Returns > Credits,COVERED-BY,step4.expected,CANDIDATE GAP,PHRASING,awaiting credit part,awaiting,,"no case of ours contains 'awaiting' together with ['credit', 'part']","<li>Remaining parts are displayed, still awaiting the credit from the vendor, in this case <strong>2</strong></li>"
29,C331,Vladimir Tomovic,Test Cases > Parts > Returns > Credits,COVERED-BY,step5.content,CANDIDATE GAP,PHRASING,credit strong tab,credit,,"no case of ours contains 'credit' together with ['strong', 'tab']",<li>Click on tab <strong>Credits</strong></li>
29,C331,Vladimir Tomovic,Test Cases > Parts > Returns > Credits,COVERED-BY,step5.expected,CANDIDATE GAP,PHRASING,$acceptedqty credit processed,$acceptedqty,,"no case of ours contains '$acceptedqty' together with ['credit', 'processed']","<li>The credit is processed, the row with <strong>$acceptedQty</strong> is shown, in this case <strong>3</strong></li>"
29,C331,Vladimir Tomovic,Test Cases > Parts > Returns > Credits,COVERED-BY,step6.content,CANDIDATE GAP,PHRASING,invoic strong tab,invoic,,"no case of ours contains 'invoic' together with ['strong', 'tab']",<li>Click on <strong>Unpaid Invoices</strong> tab</li>
29,C331,Vladimir Tomovic,Test Cases > Parts > Returns > Credits,COVERED-BY,step6.expected,CANDIDATE GAP,PHRASING,amount credit invoic,amount,,"no case of ours contains 'amount' together with ['credit', 'invoic']",<li>The credit amount is visible under <strong>Unpaid Invoices</strong> tab</li>
29,C331,Vladimir Tomovic,Test Cases > Parts > Returns > Credits,COVERED-BY,step6.expected,CANDIDATE GAP,PHRASING,accepted amount balance,accepted,,"no case of ours contains 'accepted' together with ['amount', 'balance']",<li>The vendor balance is reduced by the total amount of the accepted credit</li>
29,C331,Vladimir Tomovic,Test Cases > Parts > Returns > Credits,COVERED-BY,step7.content,CANDIDATE GAP,PHRASING,line part quantity,line,,"no case of ours contains 'line' together with ['part', 'quantity']",<li>Navigate to the WO and verify part quantity on the line</li>
29,C331,Vladimir Tomovic,Test Cases > Parts > Returns > Credits,COVERED-BY,step7.expected,CANDIDATE GAP,PHRASING,part quantity strong,part,,"no case of ours contains 'part' together with ['quantity', 'strong']","<li>Part quantity is the same as before (in this case <strong>7</strong>, same as on step 1)</li>"
29,C1332,Vladimir Tomovic,Test Cases > Parts > Returns > Credits,COVERED-BY,step1.content,CANDIDATE GAP,PHRASING,base part return,base,,"no case of ours contains 'base' together with ['part', 'return']",<li>Navigate to {{BASE_URL}}/parts/returns</li>
29,C1332,Vladimir Tomovic,Test Cases > Parts > Returns > Credits,COVERED-BY,step1.expected,CANDIDATE GAP,PHRASING,base part return,base,,"no case of ours contains 'base' together with ['part', 'return']",<li>User lands to {{BASE_URL}}/parts/returns page</li>
29,C1332,Vladimir Tomovic,Test Cases > Parts > Returns > Credits,COVERED-BY,step1.expected,CANDIDATE GAP,PHRASING,return selected strong,return,,"no case of ours contains 'return' together with ['selected', 'strong']",<li><strong>Returns</strong> tab is selected by default</li>
29,C1332,Vladimir Tomovic,Test Cases > Parts > Returns > Credits,COVERED-BY,step2.content,CANDIDATE GAP,PHRASING,column credit strong,column,,"no case of ours contains 'column' together with ['credit', 'strong']",<li>Click on <strong>Credits</strong> tab and verify table columns</li>
29,C1332,Vladimir Tomovic,Test Cases > Parts > Returns > Credits,COVERED-BY,step2.expected,CANDIDATE GAP,PHRASING,credit tab visible,credit,,"no case of ours contains 'credit' together with ['tab', 'visible']",<li>Credit tab is visible</li>
29,C1332,Vladimir Tomovic,Test Cases > Parts > Returns > Credits,COVERED-BY,step2.expected,CANDIDATE GAP,PHRASING,column credit following,column,,"no case of ours contains 'column' together with ['credit', 'following']",<li><p>The credit table with following columns is visible:</p>
29,C1332,Vladimir Tomovic,Test Cases > Parts > Returns > Credits,COVERED-BY,step2.expected,CANDIDATE GAP,PHRASING,credit memo number,credit,,"no case of ours contains 'credit' together with ['memo', 'number']",<li><strong>Credit Memo Number</strong></li>
29,C1332,Vladimir Tomovic,Test Cases > Parts > Returns > Credits,COVERED-BY,step2.expected,CANDIDATE GAP,PHRASING,order strong work,order,,"no case of ours contains 'order' together with ['strong', 'work']",<li><strong>Work Order</strong></li>
29,C1332,Vladimir Tomovic,Test Cases > Parts > Returns > Credits,COVERED-BY,step2.expected,CANDIDATE GAP,PHRASING,invoice strong vendor,invoice,,"no case of ours contains 'invoice' together with ['strong', 'vendor']",<li><strong>Vendor Invoice</strong></li>
29,C1332,Vladimir Tomovic,Test Cases > Parts > Returns > Credits,COVERED-BY,step2.expected,CANDIDATE GAP,PHRASING,cost strong total,cost,,"no case of ours contains 'cost' together with ['strong', 'total']",<li><strong>Total Cost</strong></li>
29,C1332,Vladimir Tomovic,Test Cases > Parts > Returns > Credits,COVERED-BY,step2.expected,CANDIDATE GAP,PHRASING,corner days dropdown,corner,,"no case of ours contains 'corner' together with ['days', 'dropdown']",<li><p>In top right corner dropdown <strong>Filter By Days</strong> is visible with following options:</p>
29,C1332,Vladimir Tomovic,Test Cases > Parts > Returns > Credits,COVERED-BY,step2.expected,CANDIDATE GAP,PHRASING,days dropdown filter,days,,"no case of ours contains 'days' together with ['dropdown', 'filter']",<li><strong>Filter By Days</strong> dropdown label name is fully displayed</li>
29,C1335,Vladimir Tomovic,Test Cases > Parts > Returns > Credits,COVERED-BY,custom_preconds,CANDIDATE GAP,PHRASING,credit hyperlink removed,credit,,"no case of ours contains 'credit' together with ['hyperlink', 'removed']",<strong>Hyperlinks are removed from the table rows on 'Credits' tab</strong></p>
29,C1336,Vladimir Tomovic,Test Cases > Parts > Returns > Credits,COVERED-BY,title,CANDIDATE GAP,PHRASING,column item returned,column,,"no case of ours contains 'column' together with ['item', 'returned']",Verify Table Columns on Returned items [TO DO]
29,C1709,Vladimir Tomovic,Test Cases > Parts > Returns > Credits,COVERED-BY,title,CANDIDATE GAP,PHRASING,hyperlink item returned,hyperlink,,"no case of ours contains 'hyperlink' together with ['item', 'returned']",Verify Hyperlinks on Returned items page [TO DO]
29,C1737,Vladimir Tomovic,Test Cases > Parts > Returns > Credits,COVERED-BY,custom_preconds,CANDIDATE GAP,PHRASING,base part return,base,,"no case of ours contains 'base' together with ['part', 'return']",{{BASE_URL}}/parts/returns</li>
29,C1737,Vladimir Tomovic,Test Cases > Parts > Returns > Credits,COVERED-BY,step1.content,CANDIDATE GAP,PHRASING,button contain core,button,,"no case of ours contains 'button' together with ['contain', 'core']",<li>Check row that contains returned part with core and click on Receive Credit button</li>
29,C1737,Vladimir Tomovic,Test Cases > Parts > Returns > Credits,COVERED-BY,step1.expected,CANDIDATE GAP,PHRASING,process redirected return,process,,"no case of ours contains 'process' together with ['redirected', 'return']",<li>User is redirected to Process Return page</li>
29,C1737,Vladimir Tomovic,Test Cases > Parts > Returns > Credits,COVERED-BY,step2.content,CANDIDATE GAP,PHRASING,fee restocking set,fee,,"no case of ours contains 'fee' together with ['restocking', 'set']",<li><p>Set Restocking fee</p></li>
29,C1737,Vladimir Tomovic,Test Cases > Parts > Returns > Credits,COVERED-BY,step2.content,CANDIDATE GAP,PHRASING,button credit post,button,,"no case of ours contains 'button' together with ['credit', 'post']",<li><p>Click on Post Credit button</p></li>
29,C1737,Vladimir Tomovic,Test Cases > Parts > Returns > Credits,COVERED-BY,step2.expected,CANDIDATE GAP,PHRASING,core fee part,core,,"no case of ours contains 'core' together with ['fee', 'part']","<li>Restocking fee can only be set for part, not the core</li>"
29,C1737,Vladimir Tomovic,Test Cases > Parts > Returns > Credits,COVERED-BY,step2.expected,CANDIDATE GAP,PHRASING,credit possible receive,credit,,"no case of ours contains 'credit' together with ['possible', 'receive']",<li>It's not possible to receive credit for same return again</li>
29,C1737,Vladimir Tomovic,Test Cases > Parts > Returns > Credits,COVERED-BY,step3.expected,CANDIDATE GAP,PHRASING,list longer part,list,,"no case of ours contains 'list' together with ['longer', 'part']",<li>Returned part is no longer on the list</li>
29,C1893,Vladimir Tomovic,Test Cases > Parts > Returns > Credits,COVERED-BY,custom_preconds,CANDIDATE GAP,PHRASING,base part return,base,,"no case of ours contains 'base' together with ['part', 'return']",{{BASE_URL}}/parts/returns</li>
29,C1893,Vladimir Tomovic,Test Cases > Parts > Returns > Credits,COVERED-BY,step1.content,CANDIDATE GAP,PHRASING,button contain credit,button,,"no case of ours contains 'button' together with ['contain', 'credit']",<li>Check the row that contains the returned part and click on <strong>Receive Credit</strong> button</li>
29,C1893,Vladimir Tomovic,Test Cases > Parts > Returns > Credits,COVERED-BY,step1.expected,CANDIDATE GAP,PHRASING,process redirected return,process,,"no case of ours contains 'process' together with ['redirected', 'return']",<li>User is redirected to <strong>Process Return</strong> page</li>
29,C1893,Vladimir Tomovic,Test Cases > Parts > Returns > Credits,COVERED-BY,step2.content,CANDIDATE GAP,PHRASING,desired dropdown strong,desired,,"no case of ours contains 'desired' together with ['dropdown', 'strong']",<li>On the <strong>Vendor</strong> dropdown select desired vendor</li>
29,C1893,Vladimir Tomovic,Test Cases > Parts > Returns > Credits,COVERED-BY,step2.content,CANDIDATE GAP,PHRASING,credit memo number,credit,,"no case of ours contains 'credit' together with ['memo', 'number']",<li>Set <strong>Credit Memo Number</strong></li>
29,C1893,Vladimir Tomovic,Test Cases > Parts > Returns > Credits,COVERED-BY,step2.content,CANDIDATE GAP,PHRASING,credit post strong,credit,,"no case of ours contains 'credit' together with ['post', 'strong']",<li>Click <strong>Post Credit</strong></li>
29,C1893,Vladimir Tomovic,Test Cases > Parts > Returns > Credits,COVERED-BY,step2.expected,CANDIDATE GAP,PHRASING,new set strong,new,,"no case of ours contains 'new' together with ['set', 'strong']",<li>New <strong>Vendor</strong> is set</li>
29,C1893,Vladimir Tomovic,Test Cases > Parts > Returns > Credits,COVERED-BY,step2.expected,CANDIDATE GAP,PHRASING,credit memo number,credit,,"no case of ours contains 'credit' together with ['memo', 'number']",<li><strong>Credit Memo Number</strong> is set</li>
29,C1893,Vladimir Tomovic,Test Cases > Parts > Returns > Credits,COVERED-BY,step2.expected,CANDIDATE GAP,PHRASING,change creation message,change,,"no case of ours contains 'change' together with ['creation', 'message']",<li><strong>Creation/change was successful</strong> message appears on the screen</li>
29,C1893,Vladimir Tomovic,Test Cases > Parts > Returns > Credits,COVERED-BY,step2.expected,CANDIDATE GAP,PHRASING,base navigated part,base,,"no case of ours contains 'base' together with ['navigated', 'part']",<li>User is navigated to the{{BASE_URL}}/parts/returns page</li>
29,C1893,Vladimir Tomovic,Test Cases > Parts > Returns > Credits,COVERED-BY,step3.content,CANDIDATE GAP,PHRASING,credit strong tab,credit,,"no case of ours contains 'credit' together with ['strong', 'tab']",<li>Click on <strong>Credits</strong> tab</li>
29,C1893,Vladimir Tomovic,Test Cases > Parts > Returns > Credits,COVERED-BY,step3.expected,CANDIDATE GAP,PHRASING,credit list memo,credit,,"no case of ours contains 'credit' together with ['list', 'memo']",<li>Credit with previously selected <strong>Vendor</strong> and <strong>Credit Memo Number</strong> is visible on the list</li>
29,C26740,Vladimir Tomovic,Test Cases > Parts > Returns > Credits,COVERED-BY,custom_preconds,CANDIDATE GAP,PHRASING,logged part,logged,,no case of ours contains 'logged' together with ['part'],Logged in as a user with Parts access.
29,C26740,Vladimir Tomovic,Test Cases > Parts > Returns > Credits,COVERED-BY,custom_preconds,CANDIDATE GAP,PHRASING,credit part return,credit,,"no case of ours contains 'credit' together with ['part', 'return']",On Parts → Returns → Credits tab.
29,C26740,Vladimir Tomovic,Test Cases > Parts > Returns > Credits,COVERED-BY,step1.content,CANDIDATE GAP,PHRASING,credit day part,credit,,"no case of ours contains 'credit' together with ['day', 'part']",Open Parts → Returns and switch to the Credits tab (default 30-day preset).
29,C26740,Vladimir Tomovic,Test Cases > Parts > Returns > Credits,COVERED-BY,step1.expected,CANDIDATE GAP,PHRASING,200 called get,200,,"no case of ours contains '200' together with ['called', 'get']",GET /api/inventory/returns is called and returns 200.
29,C26740,Vladimir Tomovic,Test Cases > Parts > Returns > Credits,COVERED-BY,step1.expected,CANDIDATE GAP,PHRASING,credit date filter,credit,,"no case of ours contains 'credit' together with ['date', 'filter']",The request carries a single credit_date filter with operator=gt.
29,C26740,Vladimir Tomovic,Test Cases > Parts > Returns > Credits,COVERED-BY,step1.expected,CANDIDATE GAP,PHRASING,credit error render,credit,,"no case of ours contains 'credit' together with ['error', 'render']",The credits table renders and no error toast appears.
29,C26741,Vladimir Tomovic,Test Cases > Parts > Returns > Credits,COVERED-BY,custom_preconds,CANDIDATE GAP,PHRASING,logged part,logged,,no case of ours contains 'logged' together with ['part'],Logged in as a user with Parts access.
29,C26741,Vladimir Tomovic,Test Cases > Parts > Returns > Credits,COVERED-BY,custom_preconds,CANDIDATE GAP,PHRASING,credit part return,credit,,"no case of ours contains 'credit' together with ['part', 'return']",On Parts → Returns → Credits tab.
29,C26741,Vladimir Tomovic,Test Cases > Parts > Returns > Credits,COVERED-BY,step1.content,CANDIDATE GAP,PHRASING,custom date e.g,custom,,"no case of ours contains 'custom' together with ['date', 'e.g']",Open the date-range selector and pick a custom from–to range (e.g.
29,C26741,Vladimir Tomovic,Test Cases > Parts > Returns > Credits,COVERED-BY,step1.content,CANDIDATE GAP,PHRASING,1st apply current,1st,,"no case of ours contains '1st' together with ['apply', 'current']","the 1st of the current month to today), then Apply."
29,C26741,Vladimir Tomovic,Test Cases > Parts > Returns > Credits,COVERED-BY,step1.expected,CANDIDATE GAP,PHRASING,chosen commit custom,chosen,,"no case of ours contains 'chosen' together with ['commit', 'custom']",The selector commits the chosen custom range (trigger shows the from–to dates).
29,C26741,Vladimir Tomovic,Test Cases > Parts > Returns > Credits,COVERED-BY,step2.content,CANDIDATE GAP,PHRASING,apply credit fired,apply,,"no case of ours contains 'apply' together with ['credit', 'fired']",Observe the return-credits request fired on Apply.
29,C26741,Vladimir Tomovic,Test Cases > Parts > Returns > Credits,COVERED-BY,step2.expected,CANDIDATE GAP,PHRASING,200 400 called,200,,"no case of ours contains '200' together with ['400', 'called']",GET /api/inventory/returns is called with two credit_date filters — operator=gte value '<from> 00:00:00' and operator=lte value '<to> 23:59:59' — and returns 200 (not 400).
29,C26741,Vladimir Tomovic,Test Cases > Parts > Returns > Credits,COVERED-BY,step2.expected,CANDIDATE GAP,PHRASING,credit data failed,credit,,"no case of ours contains 'credit' together with ['data', 'failed']",No 'Invalid filter data' / 'Failed to load return credits' toast appears and the table is present.
30,C114,Vladimir Tomovic,Test Cases > Parts > Returns > Credits,COVERED-BY,custom_preconds,CANDIDATE GAP,PHRASING,base part return,base,,"no case of ours contains 'base' together with ['part', 'return']",{{BASE_URL}}/parts/returns</li>
30,C114,Vladimir Tomovic,Test Cases > Parts > Returns > Credits,COVERED-BY,step1.content,CANDIDATE GAP,PHRASING,button credit receive,button,,"no case of ours contains 'button' together with ['credit', 'receive']",<li>Check some row and click on Receive Credit button</li>
30,C114,Vladimir Tomovic,Test Cases > Parts > Returns > Credits,COVERED-BY,step1.expected,CANDIDATE GAP,PHRASING,process redirected return,process,,"no case of ours contains 'process' together with ['redirected', 'return']",<li>User is redirected to Process Return page</li>
30,C114,Vladimir Tomovic,Test Cases > Parts > Returns > Credits,COVERED-BY,step2.content,CANDIDATE GAP,PHRASING,accepted credit date,accepted,,"no case of ours contains 'accepted' together with ['credit', 'date']",<li><p>Set fields:<br />Packaging slip<br />Credit Memo Number<br />Credit Date<br />Accepted Quantity<br />Restocking fee<br />Tax<br />Note</p></li>
30,C114,Vladimir Tomovic,Test Cases > Parts > Returns > Credits,COVERED-BY,step2.content,CANDIDATE GAP,PHRASING,button credit post,button,,"no case of ours contains 'button' together with ['credit', 'post']",<li><p>Click on Post Credit button</p></li>
30,C114,Vladimir Tomovic,Test Cases > Parts > Returns > Credits,COVERED-BY,step2.expected,CANDIDATE GAP,PHRASING,credit possible receive,credit,,"no case of ours contains 'credit' together with ['possible', 'receive']",<li>It's not possible to receive credit for same return again</li>
30,C114,Vladimir Tomovic,Test Cases > Parts > Returns > Credits,COVERED-BY,step3.expected,CANDIDATE GAP,PHRASING,list longer part,list,,"no case of ours contains 'list' together with ['longer', 'part']",<li>Returned part is no longer on the list</li>
30,C115,Vladimir Tomovic,Test Cases > Parts > Returns > Credits,COVERED-BY,custom_preconds,CANDIDATE GAP,PHRASING,base part return,base,,"no case of ours contains 'base' together with ['part', 'return']",{{BASE_URL}}/parts/returns</li>
30,C115,Vladimir Tomovic,Test Cases > Parts > Returns > Credits,COVERED-BY,step1.content,CANDIDATE GAP,PHRASING,button credit receive,button,,"no case of ours contains 'button' together with ['credit', 'receive']",<li>Check some row and click on Receive Credit button</li>
30,C115,Vladimir Tomovic,Test Cases > Parts > Returns > Credits,COVERED-BY,step1.expected,CANDIDATE GAP,PHRASING,process redirected return,process,,"no case of ours contains 'process' together with ['redirected', 'return']",<li>User is redirected to Process Return page</li>
30,C115,Vladimir Tomovic,Test Cases > Parts > Returns > Credits,COVERED-BY,step2.content,CANDIDATE GAP,PHRASING,add another button,add,,"no case of ours contains 'add' together with ['another', 'button']",<li>Click on Add another slip button</li>
30,C115,Vladimir Tomovic,Test Cases > Parts > Returns > Credits,COVERED-BY,step2.expected,CANDIDATE GAP,PHRASING,back redirected return,back,,"no case of ours contains 'back' together with ['redirected', 'return']",<li>User is redirected back to returns page</li>
30,C115,Vladimir Tomovic,Test Cases > Parts > Returns > Credits,COVERED-BY,step2.expected,CANDIDATE GAP,PHRASING,filtered selected vendor,filtered,,"no case of ours contains 'filtered' together with ['selected', 'vendor']",<li>Selected vendor is filtered</li>
30,C142,Vladimir Tomovic,Test Cases > Parts > Returns > Credits,COVERED-BY,custom_preconds,CANDIDATE GAP,PHRASING,base part return,base,,"no case of ours contains 'base' together with ['part', 'return']",{{BASE_URL}}/parts/returns</li>
30,C142,Vladimir Tomovic,Test Cases > Parts > Returns > Credits,COVERED-BY,step1.content,CANDIDATE GAP,PHRASING,credit left menu,credit,,"no case of ours contains 'credit' together with ['left', 'menu']",<li>Click on <strong>Credits</strong> tab on upper left menu</li>
30,C142,Vladimir Tomovic,Test Cases > Parts > Returns > Credits,COVERED-BY,step2.content,CANDIDATE GAP,PHRASING,days filter strong,days,,"no case of ours contains 'days' together with ['filter', 'strong']",<li>Click on <strong>Filter by days</strong></li>
30,C142,Vladimir Tomovic,Test Cases > Parts > Returns > Credits,COVERED-BY,step2.expected,CANDIDATE GAP,PHRASING,available days dropdown,available,,"no case of ours contains 'available' together with ['days', 'dropdown']",<li><p>Dropdown list appears with available options:<br />30 days<br />60 days<br />90 days<br />6 months<br />1 year<br />All</p></li>
30,C142,Vladimir Tomovic,Test Cases > Parts > Returns > Credits,COVERED-BY,step3.expected,CANDIDATE GAP,PHRASING,credit days old,credit,,"no case of ours contains 'credit' together with ['days', 'old']",<li>Only credits up to 60 days old are shown</li>
30,C142,Vladimir Tomovic,Test Cases > Parts > Returns > Credits,COVERED-BY,step4.expected,CANDIDATE GAP,PHRASING,credit days old,credit,,"no case of ours contains 'credit' together with ['days', 'old']",<li>Only credits up to 90 days old are shown</li>
30,C142,Vladimir Tomovic,Test Cases > Parts > Returns > Credits,COVERED-BY,step5.expected,CANDIDATE GAP,PHRASING,credit month old,credit,,"no case of ours contains 'credit' together with ['month', 'old']",<li>Only credits up to 6 months old are shown</li>
30,C142,Vladimir Tomovic,Test Cases > Parts > Returns > Credits,COVERED-BY,step6.expected,CANDIDATE GAP,PHRASING,credit old year,credit,,"no case of ours contains 'credit' together with ['old', 'year']",<li>Only credits up to 1 year old are shown</li>
30,C331,Vladimir Tomovic,Test Cases > Parts > Returns > Credits,COVERED-BY,custom_preconds,CANDIDATE GAP,PHRASING,digit e.g line,digit,,"no case of ours contains 'digit' together with ['e.g', 'line']","<li>WO has a line with a vendor part with a two-digit quantity (e.g., 12)</li>"
30,C331,Vladimir Tomovic,Test Cases > Parts > Returns > Credits,COVERED-BY,custom_preconds,CANDIDATE GAP,PHRASING,e.g part picked,e.g,,"no case of ours contains 'e.g' together with ['part', 'picked']","<li>Parts are picked up and some are returned (e.g., 5)</li>"
30,C331,Vladimir Tomovic,Test Cases > Parts > Returns > Credits,COVERED-BY,custom_preconds,CANDIDATE GAP,PHRASING,action add cancel,action,,"no case of ours contains 'action' together with ['add', 'cancel']","<strong>Add more steps and create more cases regarding this issue including PARTIAL CREDIT in combination with parts with core, partial receive, partial return, full return, checking part tab and return tab (with cancel action) after each process, financial info and finance tab, etc.</strong></p>"
30,C331,Vladimir Tomovic,Test Cases > Parts > Returns > Credits,COVERED-BY,step1.content,CANDIDATE GAP,PHRASING,line part quantity,line,,"no case of ours contains 'line' together with ['part', 'quantity']",<li>Verify part quantity on the line</li>
30,C331,Vladimir Tomovic,Test Cases > Parts > Returns > Credits,COVERED-BY,step1.expected,CANDIDATE GAP,PHRASING,$orderedqty quantity strong,$orderedqty,,"no case of ours contains '$orderedqty' together with ['quantity', 'strong']",<li>Quantity is <strong>$orderedQty
30,C331,Vladimir Tomovic,Test Cases > Parts > Returns > Credits,COVERED-BY,step1.expected,CANDIDATE GAP,PHRASING,back canceled invoiced,back,,"no case of ours contains 'back' together with ['canceled', 'invoiced']",<p><strong>Note:</strong> The remaining quantity (in this case 7) should stay the same until the WO is invoiced/paid unless the return is canceled and parts are moved back to the line</p>
30,C331,Vladimir Tomovic,Test Cases > Parts > Returns > Credits,COVERED-BY,step2.content,CANDIDATE GAP,PHRASING,base part return,base,,"no case of ours contains 'base' together with ['part', 'return']",<li>Navigate to {{BASE_URL}}/parts/returns page</li>
30,C331,Vladimir Tomovic,Test Cases > Parts > Returns > Credits,COVERED-BY,step2.content,CANDIDATE GAP,PHRASING,part returned row,part,,"no case of ours contains 'part' together with ['returned', 'row']",<li>Check the row with parts we just returned</li>
30,C331,Vladimir Tomovic,Test Cases > Parts > Returns > Credits,COVERED-BY,step2.content,CANDIDATE GAP,PHRASING,credit receive strong,credit,,"no case of ours contains 'credit' together with ['receive', 'strong']",<li>Click on <strong>Receive Credit</strong></li>
30,C331,Vladimir Tomovic,Test Cases > Parts > Returns > Credits,COVERED-BY,step2.expected,CANDIDATE GAP,PHRASING,list part returned,list,,"no case of ours contains 'list' together with ['part', 'returned']",<li>List of all returned parts is displayed</li>
30,C331,Vladimir Tomovic,Test Cases > Parts > Returns > Credits,COVERED-BY,step2.expected,CANDIDATE GAP,PHRASING,filtered list part,filtered,,"no case of ours contains 'filtered' together with ['list', 'part']",<li>List is filtered to show only parts from vendor for which part we selected</li>
30,C331,Vladimir Tomovic,Test Cases > Parts > Returns > Credits,COVERED-BY,step2.expected,CANDIDATE GAP,PHRASING,process return strong,process,,"no case of ours contains 'process' together with ['return', 'strong']",<li><strong>Process Return</strong> page is displayed</li>
30,C331,Vladimir Tomovic,Test Cases > Parts > Returns > Credits,COVERED-BY,step3.content,CANDIDATE GAP,PHRASING,accepted e.g enter,accepted,,"no case of ours contains 'accepted' together with ['e.g', 'enter']","<li>Enter <strong>Accepted Quantity</strong> (e.g., <strong>3</strong>)</li>"
30,C331,Vladimir Tomovic,Test Cases > Parts > Returns > Credits,COVERED-BY,step3.content,CANDIDATE GAP,PHRASING,credit field fill,credit,,"no case of ours contains 'credit' together with ['field', 'fill']",<li>Fill in mandatory fields and click on <strong>Post Credit</strong></li>
30,C331,Vladimir Tomovic,Test Cases > Parts > Returns > Credits,COVERED-BY,step3.expected,CANDIDATE GAP,PHRASING,change creation strong,change,,"no case of ours contains 'change' together with ['creation', 'strong']",<strong>Creation/change was successful</strong></li>
30,C331,Vladimir Tomovic,Test Cases > Parts > Returns > Credits,COVERED-BY,step3.expected,CANDIDATE GAP,PHRASING,back base navigated,back,,"no case of ours contains 'back' together with ['base', 'navigated']",<li>User is navigated back to the {{BASE_URL}}/parts/returns page</li>
30,C331,Vladimir Tomovic,Test Cases > Parts > Returns > Credits,COVERED-BY,step3.expected,CANDIDATE GAP,PHRASING,list part returned,list,,"no case of ours contains 'list' together with ['part', 'returned']",<li>List of all returned parts is shown</li>
30,C331,Vladimir Tomovic,Test Cases > Parts > Returns > Credits,COVERED-BY,step4.content,CANDIDATE GAP,PHRASING,$returnedqty accepted list,$returnedqty,,"no case of ours contains '$returnedqty' together with ['accepted', 'list']","<li>Verify if the remaining parts on the list, parts that were not accepted, <strong>$returnedQty"
30,C331,Vladimir Tomovic,Test Cases > Parts > Returns > Credits,COVERED-BY,step4.expected,CANDIDATE GAP,PHRASING,awaiting credit part,awaiting,,"no case of ours contains 'awaiting' together with ['credit', 'part']","<li>Remaining parts are displayed, still awaiting the credit from the vendor, in this case <strong>2</strong></li>"
30,C331,Vladimir Tomovic,Test Cases > Parts > Returns > Credits,COVERED-BY,step5.content,CANDIDATE GAP,PHRASING,credit strong tab,credit,,"no case of ours contains 'credit' together with ['strong', 'tab']",<li>Click on tab <strong>Credits</strong></li>
30,C331,Vladimir Tomovic,Test Cases > Parts > Returns > Credits,COVERED-BY,step5.expected,CANDIDATE GAP,PHRASING,$acceptedqty credit processed,$acceptedqty,,"no case of ours contains '$acceptedqty' together with ['credit', 'processed']","<li>The credit is processed, the row with <strong>$acceptedQty</strong> is shown, in this case <strong>3</strong></li>"
30,C331,Vladimir Tomovic,Test Cases > Parts > Returns > Credits,COVERED-BY,step6.content,CANDIDATE GAP,PHRASING,invoic strong tab,invoic,,"no case of ours contains 'invoic' together with ['strong', 'tab']",<li>Click on <strong>Unpaid Invoices</strong> tab</li>
30,C331,Vladimir Tomovic,Test Cases > Parts > Returns > Credits,COVERED-BY,step6.expected,CANDIDATE GAP,PHRASING,amount credit invoic,amount,,"no case of ours contains 'amount' together with ['credit', 'invoic']",<li>The credit amount is visible under <strong>Unpaid Invoices</strong> tab</li>
30,C331,Vladimir Tomovic,Test Cases > Parts > Returns > Credits,COVERED-BY,step6.expected,CANDIDATE GAP,PHRASING,accepted amount balance,accepted,,"no case of ours contains 'accepted' together with ['amount', 'balance']",<li>The vendor balance is reduced by the total amount of the accepted credit</li>
30,C331,Vladimir Tomovic,Test Cases > Parts > Returns > Credits,COVERED-BY,step7.content,CANDIDATE GAP,PHRASING,line part quantity,line,,"no case of ours contains 'line' together with ['part', 'quantity']",<li>Navigate to the WO and verify part quantity on the line</li>
30,C331,Vladimir Tomovic,Test Cases > Parts > Returns > Credits,COVERED-BY,step7.expected,CANDIDATE GAP,PHRASING,part quantity strong,part,,"no case of ours contains 'part' together with ['quantity', 'strong']","<li>Part quantity is the same as before (in this case <strong>7</strong>, same as on step 1)</li>"
30,C1332,Vladimir Tomovic,Test Cases > Parts > Returns > Credits,COVERED-BY,step1.content,CANDIDATE GAP,PHRASING,base part return,base,,"no case of ours contains 'base' together with ['part', 'return']",<li>Navigate to {{BASE_URL}}/parts/returns</li>
30,C1332,Vladimir Tomovic,Test Cases > Parts > Returns > Credits,COVERED-BY,step1.expected,CANDIDATE GAP,PHRASING,base part return,base,,"no case of ours contains 'base' together with ['part', 'return']",<li>User lands to {{BASE_URL}}/parts/returns page</li>
30,C1332,Vladimir Tomovic,Test Cases > Parts > Returns > Credits,COVERED-BY,step1.expected,CANDIDATE GAP,PHRASING,return selected strong,return,,"no case of ours contains 'return' together with ['selected', 'strong']",<li><strong>Returns</strong> tab is selected by default</li>
30,C1332,Vladimir Tomovic,Test Cases > Parts > Returns > Credits,COVERED-BY,step2.content,CANDIDATE GAP,PHRASING,column credit strong,column,,"no case of ours contains 'column' together with ['credit', 'strong']",<li>Click on <strong>Credits</strong> tab and verify table columns</li>
30,C1332,Vladimir Tomovic,Test Cases > Parts > Returns > Credits,COVERED-BY,step2.expected,CANDIDATE GAP,PHRASING,credit tab visible,credit,,"no case of ours contains 'credit' together with ['tab', 'visible']",<li>Credit tab is visible</li>
30,C1332,Vladimir Tomovic,Test Cases > Parts > Returns > Credits,COVERED-BY,step2.expected,CANDIDATE GAP,PHRASING,column credit following,column,,"no case of ours contains 'column' together with ['credit', 'following']",<li><p>The credit table with following columns is visible:</p>
30,C1332,Vladimir Tomovic,Test Cases > Parts > Returns > Credits,COVERED-BY,step2.expected,CANDIDATE GAP,PHRASING,credit memo number,credit,,"no case of ours contains 'credit' together with ['memo', 'number']",<li><strong>Credit Memo Number</strong></li>
30,C1332,Vladimir Tomovic,Test Cases > Parts > Returns > Credits,COVERED-BY,step2.expected,CANDIDATE GAP,PHRASING,order strong work,order,,"no case of ours contains 'order' together with ['strong', 'work']",<li><strong>Work Order</strong></li>
30,C1332,Vladimir Tomovic,Test Cases > Parts > Returns > Credits,COVERED-BY,step2.expected,CANDIDATE GAP,PHRASING,invoice strong vendor,invoice,,"no case of ours contains 'invoice' together with ['strong', 'vendor']",<li><strong>Vendor Invoice</strong></li>
30,C1332,Vladimir Tomovic,Test Cases > Parts > Returns > Credits,COVERED-BY,step2.expected,CANDIDATE GAP,PHRASING,cost strong total,cost,,"no case of ours contains 'cost' together with ['strong', 'total']",<li><strong>Total Cost</strong></li>
30,C1332,Vladimir Tomovic,Test Cases > Parts > Returns > Credits,COVERED-BY,step2.expected,CANDIDATE GAP,PHRASING,corner days dropdown,corner,,"no case of ours contains 'corner' together with ['days', 'dropdown']",<li><p>In top right corner dropdown <strong>Filter By Days</strong> is visible with following options:</p>
30,C1332,Vladimir Tomovic,Test Cases > Parts > Returns > Credits,COVERED-BY,step2.expected,CANDIDATE GAP,PHRASING,days dropdown filter,days,,"no case of ours contains 'days' together with ['dropdown', 'filter']",<li><strong>Filter By Days</strong> dropdown label name is fully displayed</li>
30,C1335,Vladimir Tomovic,Test Cases > Parts > Returns > Credits,COVERED-BY,custom_preconds,CANDIDATE GAP,PHRASING,credit hyperlink removed,credit,,"no case of ours contains 'credit' together with ['hyperlink', 'removed']",<strong>Hyperlinks are removed from the table rows on 'Credits' tab</strong></p>
30,C1336,Vladimir Tomovic,Test Cases > Parts > Returns > Credits,COVERED-BY,title,CANDIDATE GAP,PHRASING,column item returned,column,,"no case of ours contains 'column' together with ['item', 'returned']",Verify Table Columns on Returned items [TO DO]
30,C1709,Vladimir Tomovic,Test Cases > Parts > Returns > Credits,COVERED-BY,title,CANDIDATE GAP,PHRASING,hyperlink item returned,hyperlink,,"no case of ours contains 'hyperlink' together with ['item', 'returned']",Verify Hyperlinks on Returned items page [TO DO]
30,C1737,Vladimir Tomovic,Test Cases > Parts > Returns > Credits,COVERED-BY,custom_preconds,CANDIDATE GAP,PHRASING,base part return,base,,"no case of ours contains 'base' together with ['part', 'return']",{{BASE_URL}}/parts/returns</li>
30,C1737,Vladimir Tomovic,Test Cases > Parts > Returns > Credits,COVERED-BY,step1.content,CANDIDATE GAP,PHRASING,button contain core,button,,"no case of ours contains 'button' together with ['contain', 'core']",<li>Check row that contains returned part with core and click on Receive Credit button</li>
30,C1737,Vladimir Tomovic,Test Cases > Parts > Returns > Credits,COVERED-BY,step1.expected,CANDIDATE GAP,PHRASING,process redirected return,process,,"no case of ours contains 'process' together with ['redirected', 'return']",<li>User is redirected to Process Return page</li>
30,C1737,Vladimir Tomovic,Test Cases > Parts > Returns > Credits,COVERED-BY,step2.content,CANDIDATE GAP,PHRASING,fee restocking set,fee,,"no case of ours contains 'fee' together with ['restocking', 'set']",<li><p>Set Restocking fee</p></li>
30,C1737,Vladimir Tomovic,Test Cases > Parts > Returns > Credits,COVERED-BY,step2.content,CANDIDATE GAP,PHRASING,button credit post,button,,"no case of ours contains 'button' together with ['credit', 'post']",<li><p>Click on Post Credit button</p></li>
30,C1737,Vladimir Tomovic,Test Cases > Parts > Returns > Credits,COVERED-BY,step2.expected,CANDIDATE GAP,PHRASING,core fee part,core,,"no case of ours contains 'core' together with ['fee', 'part']","<li>Restocking fee can only be set for part, not the core</li>"
30,C1737,Vladimir Tomovic,Test Cases > Parts > Returns > Credits,COVERED-BY,step2.expected,CANDIDATE GAP,PHRASING,credit possible receive,credit,,"no case of ours contains 'credit' together with ['possible', 'receive']",<li>It's not possible to receive credit for same return again</li>
30,C1737,Vladimir Tomovic,Test Cases > Parts > Returns > Credits,COVERED-BY,step3.expected,CANDIDATE GAP,PHRASING,list longer part,list,,"no case of ours contains 'list' together with ['longer', 'part']",<li>Returned part is no longer on the list</li>
30,C1893,Vladimir Tomovic,Test Cases > Parts > Returns > Credits,COVERED-BY,custom_preconds,CANDIDATE GAP,PHRASING,base part return,base,,"no case of ours contains 'base' together with ['part', 'return']",{{BASE_URL}}/parts/returns</li>
30,C1893,Vladimir Tomovic,Test Cases > Parts > Returns > Credits,COVERED-BY,step1.content,CANDIDATE GAP,PHRASING,button contain credit,button,,"no case of ours contains 'button' together with ['contain', 'credit']",<li>Check the row that contains the returned part and click on <strong>Receive Credit</strong> button</li>
30,C1893,Vladimir Tomovic,Test Cases > Parts > Returns > Credits,COVERED-BY,step1.expected,CANDIDATE GAP,PHRASING,process redirected return,process,,"no case of ours contains 'process' together with ['redirected', 'return']",<li>User is redirected to <strong>Process Return</strong> page</li>
30,C1893,Vladimir Tomovic,Test Cases > Parts > Returns > Credits,COVERED-BY,step2.content,CANDIDATE GAP,PHRASING,desired dropdown strong,desired,,"no case of ours contains 'desired' together with ['dropdown', 'strong']",<li>On the <strong>Vendor</strong> dropdown select desired vendor</li>
30,C1893,Vladimir Tomovic,Test Cases > Parts > Returns > Credits,COVERED-BY,step2.content,CANDIDATE GAP,PHRASING,credit memo number,credit,,"no case of ours contains 'credit' together with ['memo', 'number']",<li>Set <strong>Credit Memo Number</strong></li>
30,C1893,Vladimir Tomovic,Test Cases > Parts > Returns > Credits,COVERED-BY,step2.content,CANDIDATE GAP,PHRASING,credit post strong,credit,,"no case of ours contains 'credit' together with ['post', 'strong']",<li>Click <strong>Post Credit</strong></li>
30,C1893,Vladimir Tomovic,Test Cases > Parts > Returns > Credits,COVERED-BY,step2.expected,CANDIDATE GAP,PHRASING,new set strong,new,,"no case of ours contains 'new' together with ['set', 'strong']",<li>New <strong>Vendor</strong> is set</li>
30,C1893,Vladimir Tomovic,Test Cases > Parts > Returns > Credits,COVERED-BY,step2.expected,CANDIDATE GAP,PHRASING,credit memo number,credit,,"no case of ours contains 'credit' together with ['memo', 'number']",<li><strong>Credit Memo Number</strong> is set</li>
30,C1893,Vladimir Tomovic,Test Cases > Parts > Returns > Credits,COVERED-BY,step2.expected,CANDIDATE GAP,PHRASING,change creation message,change,,"no case of ours contains 'change' together with ['creation', 'message']",<li><strong>Creation/change was successful</strong> message appears on the screen</li>
30,C1893,Vladimir Tomovic,Test Cases > Parts > Returns > Credits,COVERED-BY,step2.expected,CANDIDATE GAP,PHRASING,base navigated part,base,,"no case of ours contains 'base' together with ['navigated', 'part']",<li>User is navigated to the{{BASE_URL}}/parts/returns page</li>
30,C1893,Vladimir Tomovic,Test Cases > Parts > Returns > Credits,COVERED-BY,step3.content,CANDIDATE GAP,PHRASING,credit strong tab,credit,,"no case of ours contains 'credit' together with ['strong', 'tab']",<li>Click on <strong>Credits</strong> tab</li>
30,C1893,Vladimir Tomovic,Test Cases > Parts > Returns > Credits,COVERED-BY,step3.expected,CANDIDATE GAP,PHRASING,credit list memo,credit,,"no case of ours contains 'credit' together with ['list', 'memo']",<li>Credit with previously selected <strong>Vendor</strong> and <strong>Credit Memo Number</strong> is visible on the list</li>
30,C26740,Vladimir Tomovic,Test Cases > Parts > Returns > Credits,COVERED-BY,custom_preconds,CANDIDATE GAP,PHRASING,logged part,logged,,no case of ours contains 'logged' together with ['part'],Logged in as a user with Parts access.
30,C26740,Vladimir Tomovic,Test Cases > Parts > Returns > Credits,COVERED-BY,custom_preconds,CANDIDATE GAP,PHRASING,credit part return,credit,,"no case of ours contains 'credit' together with ['part', 'return']",On Parts → Returns → Credits tab.
30,C26740,Vladimir Tomovic,Test Cases > Parts > Returns > Credits,COVERED-BY,step1.content,CANDIDATE GAP,PHRASING,credit day part,credit,,"no case of ours contains 'credit' together with ['day', 'part']",Open Parts → Returns and switch to the Credits tab (default 30-day preset).
30,C26740,Vladimir Tomovic,Test Cases > Parts > Returns > Credits,COVERED-BY,step1.expected,CANDIDATE GAP,PHRASING,200 called get,200,,"no case of ours contains '200' together with ['called', 'get']",GET /api/inventory/returns is called and returns 200.
30,C26740,Vladimir Tomovic,Test Cases > Parts > Returns > Credits,COVERED-BY,step1.expected,CANDIDATE GAP,PHRASING,credit date filter,credit,,"no case of ours contains 'credit' together with ['date', 'filter']",The request carries a single credit_date filter with operator=gt.
30,C26740,Vladimir Tomovic,Test Cases > Parts > Returns > Credits,COVERED-BY,step1.expected,CANDIDATE GAP,PHRASING,credit error render,credit,,"no case of ours contains 'credit' together with ['error', 'render']",The credits table renders and no error toast appears.
30,C26741,Vladimir Tomovic,Test Cases > Parts > Returns > Credits,COVERED-BY,custom_preconds,CANDIDATE GAP,PHRASING,logged part,logged,,no case of ours contains 'logged' together with ['part'],Logged in as a user with Parts access.
30,C26741,Vladimir Tomovic,Test Cases > Parts > Returns > Credits,COVERED-BY,custom_preconds,CANDIDATE GAP,PHRASING,credit part return,credit,,"no case of ours contains 'credit' together with ['part', 'return']",On Parts → Returns → Credits tab.
30,C26741,Vladimir Tomovic,Test Cases > Parts > Returns > Credits,COVERED-BY,step1.content,CANDIDATE GAP,PHRASING,custom date e.g,custom,,"no case of ours contains 'custom' together with ['date', 'e.g']",Open the date-range selector and pick a custom from–to range (e.g.
30,C26741,Vladimir Tomovic,Test Cases > Parts > Returns > Credits,COVERED-BY,step1.content,CANDIDATE GAP,PHRASING,1st apply current,1st,,"no case of ours contains '1st' together with ['apply', 'current']","the 1st of the current month to today), then Apply."
30,C26741,Vladimir Tomovic,Test Cases > Parts > Returns > Credits,COVERED-BY,step1.expected,CANDIDATE GAP,PHRASING,chosen commit custom,chosen,,"no case of ours contains 'chosen' together with ['commit', 'custom']",The selector commits the chosen custom range (trigger shows the from–to dates).
30,C26741,Vladimir Tomovic,Test Cases > Parts > Returns > Credits,COVERED-BY,step2.content,CANDIDATE GAP,PHRASING,apply credit fired,apply,,"no case of ours contains 'apply' together with ['credit', 'fired']",Observe the return-credits request fired on Apply.
30,C26741,Vladimir Tomovic,Test Cases > Parts > Returns > Credits,COVERED-BY,step2.expected,CANDIDATE GAP,PHRASING,200 400 called,200,,"no case of ours contains '200' together with ['400', 'called']",GET /api/inventory/returns is called with two credit_date filters — operator=gte value '<from> 00:00:00' and operator=lte value '<to> 23:59:59' — and returns 200 (not 400).
30,C26741,Vladimir Tomovic,Test Cases > Parts > Returns > Credits,COVERED-BY,step2.expected,CANDIDATE GAP,PHRASING,credit data failed,credit,,"no case of ours contains 'credit' together with ['data', 'failed']",No 'Invalid filter data' / 'Failed to load return credits' toast appears and the table is present.
25,C87,Vladimir Tomovic,Test Cases > Parts > Catalog,COVERED-BY,custom_preconds,CANDIDATE GAP,PHRASING,app base catalogue,app,,"no case of ours contains 'app' together with ['base', 'catalogue']",<li>App is navigated to {{BASE_URL}}/parts/part-catalogue</li>
25,C87,Vladimir Tomovic,Test Cases > Parts > Catalog,COVERED-BY,step2.content,CANDIDATE GAP,PHRASING,manufacturer pick single,manufacturer,,"no case of ours contains 'manufacturer' together with ['pick', 'single']",<li>Pick single manufacturer</li>
25,C87,Vladimir Tomovic,Test Cases > Parts > Catalog,COVERED-BY,step2.expected,CANDIDATE GAP,PHRASING,listed manufacturer part,listed,,"no case of ours contains 'listed' together with ['manufacturer', 'part']",<li>Only parts from selected manufacturer are listed</li>
25,C88,Vladimir Tomovic,Test Cases > Parts > Catalog,COVERED-BY,custom_preconds,CANDIDATE GAP,PHRASING,app base catalogue,app,,"no case of ours contains 'app' together with ['base', 'catalogue']",<li>App is navigated to {{BASE_URL}}/parts/part-catalogue</li>
25,C88,Vladimir Tomovic,Test Cases > Parts > Catalog,COVERED-BY,step1.content,CANDIDATE GAP,PHRASING,category field filter,category,,"no case of ours contains 'category' together with ['field', 'filter']",<li>Select Filter by Category field</li>
25,C88,Vladimir Tomovic,Test Cases > Parts > Catalog,COVERED-BY,step1.expected,CANDIDATE GAP,PHRASING,category listed non,category,,"no case of ours contains 'category' together with ['listed', 'non']",<li>All categories are listed (non is selected by default)</li>
25,C88,Vladimir Tomovic,Test Cases > Parts > Catalog,COVERED-BY,step2.content,CANDIDATE GAP,PHRASING,button category pick,button,,"no case of ours contains 'button' together with ['category', 'pick']",<li>Pick a category and set toggle button to ON state</li>
25,C88,Vladimir Tomovic,Test Cases > Parts > Catalog,COVERED-BY,step2.expected,CANDIDATE GAP,PHRASING,category item list,category,,"no case of ours contains 'category' together with ['item', 'list']",<li>List items with selected category are listed on the table</li>
25,C89,Vladimir Tomovic,Test Cases > Parts > Catalog,COVERED-BY,custom_preconds,CANDIDATE GAP,PHRASING,app base catalogue,app,,"no case of ours contains 'app' together with ['base', 'catalogue']",<li>App is navigated to {{BASE_URL}}/parts/part-catalogue</li>
25,C89,Vladimir Tomovic,Test Cases > Parts > Catalog,COVERED-BY,step1.content,CANDIDATE GAP,PHRASING,button catalog new,button,,"no case of ours contains 'button' together with ['catalog', 'new']",<li>Click on New Catalog Part button</li>
25,C89,Vladimir Tomovic,Test Cases > Parts > Catalog,COVERED-BY,step1.expected,CANDIDATE GAP,PHRASING,catalog new part,catalog,,"no case of ours contains 'catalog' together with ['new', 'part']",<li>New Catalog Part</li>
25,C89,Vladimir Tomovic,Test Cases > Parts > Catalog,COVERED-BY,step2.content,CANDIDATE GAP,PHRASING,number part set,number,,"no case of ours contains 'number' together with ['part', 'set']",<li>Set Part Number</li>
25,C89,Vladimir Tomovic,Test Cases > Parts > Catalog,COVERED-BY,step2.content,CANDIDATE GAP,PHRASING,measurement pick unit,measurement,,"no case of ours contains 'measurement' together with ['pick', 'unit']",<li>Pick Units Of Measurement</li>
25,C89,Vladimir Tomovic,Test Cases > Parts > Catalog,COVERED-BY,step2.expected,CANDIDATE GAP,PHRASING,added new part,added,,"no case of ours contains 'added' together with ['new', 'part']",<li>New part added</li>
25,C90,Vladimir Tomovic,Test Cases > Parts > Catalog,COVERED-BY,custom_preconds,CANDIDATE GAP,PHRASING,app base catalogue,app,,"no case of ours contains 'app' together with ['base', 'catalogue']",<li>App is navigated to {{BASE_URL}}/parts/part-catalogue</li>
25,C90,Vladimir Tomovic,Test Cases > Parts > Catalog,COVERED-BY,step1.content,CANDIDATE GAP,PHRASING,button catalog new,button,,"no case of ours contains 'button' together with ['catalog', 'new']",<li>Click on New Catalog Part button </li>
25,C90,Vladimir Tomovic,Test Cases > Parts > Catalog,COVERED-BY,step1.expected,CANDIDATE GAP,PHRASING,catalog dialog new,catalog,,"no case of ours contains 'catalog' together with ['dialog', 'new']",<li>New Catalog Part dialog opens</li>
25,C90,Vladimir Tomovic,Test Cases > Parts > Catalog,COVERED-BY,step2.content,CANDIDATE GAP,PHRASING,description field mandatory,description,,"no case of ours contains 'description' together with ['field', 'mandatory']",<li>Verify that Description is mandatory fields</li>
25,C90,Vladimir Tomovic,Test Cases > Parts > Catalog,COVERED-BY,step2.expected,CANDIDATE GAP,PHRASING,error field filled,error,,"no case of ours contains 'error' together with ['field', 'filled']",<li>If field is not filled in there is FE error message:
25,C90,Vladimir Tomovic,Test Cases > Parts > Catalog,COVERED-BY,step2.expected,CANDIDATE GAP,PHRASING,description field required,description,,"no case of ours contains 'description' together with ['field', 'required']",Description is a required field</li>
25,C90,Vladimir Tomovic,Test Cases > Parts > Catalog,COVERED-BY,step3.content,CANDIDATE GAP,PHRASING,field mandatory number,field,,"no case of ours contains 'field' together with ['mandatory', 'number']",<li>Verify that Part number is mandatory fields</li>
25,C90,Vladimir Tomovic,Test Cases > Parts > Catalog,COVERED-BY,step3.expected,CANDIDATE GAP,PHRASING,error field filled,error,,"no case of ours contains 'error' together with ['field', 'filled']",<li>If field is not filled in there is FE error message:
25,C90,Vladimir Tomovic,Test Cases > Parts > Catalog,COVERED-BY,step3.expected,CANDIDATE GAP,PHRASING,field number part,field,,"no case of ours contains 'field' together with ['number', 'part']",Part number is a required field</li>
25,C90,Vladimir Tomovic,Test Cases > Parts > Catalog,COVERED-BY,step4.content,CANDIDATE GAP,PHRASING,category field mandatory,category,,"no case of ours contains 'category' together with ['field', 'mandatory']",<li>Verify that Category is mandatory fields</li>
25,C90,Vladimir Tomovic,Test Cases > Parts > Catalog,COVERED-BY,step4.expected,CANDIDATE GAP,PHRASING,2877 error field,2877,,"no case of ours contains '2877' together with ['error', 'field']",<li><p><strong>Since v0.13 this is no longer a mandatory field [SV-2877]</strong><br />// If field is not filled in there is FE error message:
25,C90,Vladimir Tomovic,Test Cases > Parts > Catalog,COVERED-BY,step4.expected,CANDIDATE GAP,PHRASING,category field required,category,,"no case of ours contains 'category' together with ['field', 'required']",Category is a required field</p></li>
25,C91,Vladimir Tomovic,Test Cases > Parts > Catalog,COVERED-BY,custom_preconds,CANDIDATE GAP,PHRASING,app base catalogue,app,,"no case of ours contains 'app' together with ['base', 'catalogue']",<li>App is navigated to {{BASE_URL}}/parts/part-catalogue</li>
25,C91,Vladimir Tomovic,Test Cases > Parts > Catalog,COVERED-BY,step1.content,CANDIDATE GAP,PHRASING,button catalog new,button,,"no case of ours contains 'button' together with ['catalog', 'new']",<li>Click on New Catalog Part button</li>
25,C91,Vladimir Tomovic,Test Cases > Parts > Catalog,COVERED-BY,step1.expected,CANDIDATE GAP,PHRASING,catalog dialog new,catalog,,"no case of ours contains 'catalog' together with ['dialog', 'new']",<li>New Catalog Part dialog opens</li>
25,C91,Vladimir Tomovic,Test Cases > Parts > Catalog,COVERED-BY,step2.content,CANDIDATE GAP,PHRASING,button clicking close,button,,"no case of ours contains 'button' together with ['clicking', 'close']","<li>Close dialog by clicking ""x"" button</li>"
25,C92,Vladimir Tomovic,Test Cases > Parts > Catalog,COVERED-BY,custom_preconds,CANDIDATE GAP,PHRASING,app base catalogue,app,,"no case of ours contains 'app' together with ['base', 'catalogue']",<li>App is navigated to {{BASE_URL}}/parts/part-catalogue</li>
25,C92,Vladimir Tomovic,Test Cases > Parts > Catalog,COVERED-BY,step2.content,CANDIDATE GAP,PHRASING,dots left side,dots,,"no case of ours contains 'dots' together with ['left', 'side']",<li>Click on 3 dots on the top left side of the table</li>
25,C92,Vladimir Tomovic,Test Cases > Parts > Catalog,COVERED-BY,step2.expected,CANDIDATE GAP,PHRASING,category option set,category,,"no case of ours contains 'category' together with ['option', 'set']",<li>Set category option is displayed</li>
25,C92,Vladimir Tomovic,Test Cases > Parts > Catalog,COVERED-BY,step4.expected,CANDIDATE GAP,PHRASING,assigned category checked,assigned,,"no case of ours contains 'assigned' together with ['category', 'checked']",<li>Selected category is assigned to all checked rows </li>
25,C1928,Vladimir Tomovic,Test Cases > Parts > Catalog,COVERED-BY,custom_preconds,CANDIDATE GAP,PHRASING,logged strong,logged,,no case of ours contains 'logged' together with ['strong'],<li>User is logged in as <strong>Admin</strong></li>
25,C1928,Vladimir Tomovic,Test Cases > Parts > Catalog,COVERED-BY,step1.content,CANDIDATE GAP,PHRASING,create order part,create,,"no case of ours contains 'create' together with ['order', 'part']",<li><p>Create <strong>WO</strong> and order and receive part with:</p>
25,C1928,Vladimir Tomovic,Test Cases > Parts > Catalog,COVERED-BY,step2.content,CANDIDATE GAP,PHRASING,create order part,create,,"no case of ours contains 'create' together with ['order', 'part']",<li><p>Create <strong>PO</strong> and order and receive part with:</p>
25,C1928,Vladimir Tomovic,Test Cases > Parts > Catalog,COVERED-BY,step3.content,CANDIDATE GAP,PHRASING,catalog history part,catalog,,"no case of ours contains 'catalog' together with ['history', 'part']",<li>Navigate to catalog and verify that part history</li>
25,C1928,Vladimir Tomovic,Test Cases > Parts > Catalog,COVERED-BY,step3.expected,CANDIDATE GAP,PHRASING,catalog part visible,catalog,,"no case of ours contains 'catalog' together with ['part', 'visible']",<li><p>Part is visible in catalog as:</p>
25,C1928,Vladimir Tomovic,Test Cases > Parts > Catalog,COVERED-BY,step3.expected,CANDIDATE GAP,PHRASING,history made order,history,,"no case of ours contains 'history' together with ['made', 'order']",<li>Order that was made via <strong>PO</strong> is visible in the history as well under same part</li>
25,C1929,Vladimir Tomovic,Test Cases > Parts > Catalog,COVERED-BY,custom_preconds,CANDIDATE GAP,PHRASING,logged strong,logged,,no case of ours contains 'logged' together with ['strong'],<li>User is logged in as <strong>Admin</strong></li>
25,C1929,Vladimir Tomovic,Test Cases > Parts > Catalog,COVERED-BY,step1.content,CANDIDATE GAP,PHRASING,create order part,create,,"no case of ours contains 'create' together with ['order', 'part']",<li><p>Create <strong>PO</strong> and order and receive part with:</p>
25,C1929,Vladimir Tomovic,Test Cases > Parts > Catalog,COVERED-BY,step2.content,CANDIDATE GAP,PHRASING,create order part,create,,"no case of ours contains 'create' together with ['order', 'part']",<li><p>Create <strong>WO</strong> and order and receive part with:</p>
25,C1929,Vladimir Tomovic,Test Cases > Parts > Catalog,COVERED-BY,step3.content,CANDIDATE GAP,PHRASING,catalog history part,catalog,,"no case of ours contains 'catalog' together with ['history', 'part']",<li>Navigate to catalog and verify that part history</li>
25,C1929,Vladimir Tomovic,Test Cases > Parts > Catalog,COVERED-BY,step3.expected,CANDIDATE GAP,PHRASING,catalog part visible,catalog,,"no case of ours contains 'catalog' together with ['part', 'visible']",<li><p>Part is visible in catalog as:</p>
25,C1929,Vladimir Tomovic,Test Cases > Parts > Catalog,COVERED-BY,step3.expected,CANDIDATE GAP,PHRASING,history made order,history,,"no case of ours contains 'history' together with ['made', 'order']",<li>Order that was made via <strong>WO</strong> is visible in the history as well under same part</li>
25,C93,Vladimir Tomovic,Test Cases > Parts > Catalog > Single part,COVERED-BY,custom_preconds,CANDIDATE GAP,PHRASING,app base catalogue,app,,"no case of ours contains 'app' together with ['base', 'catalogue']",<li>App is navigated to {{BASE_URL}}/parts/part-catalogue</li>
25,C93,Vladimir Tomovic,Test Cases > Parts > Catalog > Single part,COVERED-BY,step1.content,CANDIDATE GAP,PHRASING,catalog part single,catalog,,"no case of ours contains 'catalog' together with ['part', 'single']",<li>Select single catalog part from table</li>
25,C93,Vladimir Tomovic,Test Cases > Parts > Catalog > Single part,COVERED-BY,step1.expected,CANDIDATE GAP,PHRASING,catalog opened part,catalog,,"no case of ours contains 'catalog' together with ['opened', 'part']",<li>Selected catalog part opened</li>
25,C93,Vladimir Tomovic,Test Cases > Parts > Catalog > Single part,COVERED-BY,step3.content,CANDIDATE GAP,PHRASING,detail part section,detail,,"no case of ours contains 'detail' together with ['part', 'section']",<li>Verify Part details section</li>
25,C93,Vladimir Tomovic,Test Cases > Parts > Catalog > Single part,COVERED-BY,step3.expected,CANDIDATE GAP,PHRASING,detail label part,detail,,"no case of ours contains 'detail' together with ['label', 'part']",<li>Part details label</li>
25,C93,Vladimir Tomovic,Test Cases > Parts > Catalog > Single part,COVERED-BY,step3.expected,CANDIDATE GAP,PHRASING,catalog edit part,catalog,,"no case of ours contains 'catalog' together with ['edit', 'part']",<li>Edit Catalog part</li>
25,C93,Vladimir Tomovic,Test Cases > Parts > Catalog > Single part,COVERED-BY,step3.expected,CANDIDATE GAP,PHRASING,label number part,label,,"no case of ours contains 'label' together with ['number', 'part']",<li>Part Number label</li>
25,C93,Vladimir Tomovic,Test Cases > Parts > Catalog > Single part,COVERED-BY,step3.expected,CANDIDATE GAP,PHRASING,label part total,label,,"no case of ours contains 'label' together with ['part', 'total']",<li>Total Parts label</li>
25,C94,Vladimir Tomovic,Test Cases > Parts > Catalog > Single part,COVERED-BY,custom_preconds,CANDIDATE GAP,PHRASING,app base catalogue,app,,"no case of ours contains 'app' together with ['base', 'catalogue']",<li>App is navigated to {{BASE_URL}}/parts/part-catalogue</li>
25,C94,Vladimir Tomovic,Test Cases > Parts > Catalog > Single part,COVERED-BY,step1.expected,CANDIDATE GAP,PHRASING,catalog opened part,catalog,,"no case of ours contains 'catalog' together with ['opened', 'part']",<li>Part Catalog opened</li>
25,C94,Vladimir Tomovic,Test Cases > Parts > Catalog > Single part,COVERED-BY,step2.content,CANDIDATE GAP,PHRASING,catalog dialog edit,catalog,,"no case of ours contains 'catalog' together with ['dialog', 'edit']",<p>On the Edit Catalog Part dialog edit:</p>
25,C94,Vladimir Tomovic,Test Cases > Parts > Catalog > Single part,COVERED-BY,step2.expected,CANDIDATE GAP,PHRASING,catalog edited part,catalog,,"no case of ours contains 'catalog' together with ['edited', 'part']",<li>Values are edited in part catalog</li>
25,C95,Vladimir Tomovic,Test Cases > Parts > Catalog > Single part,COVERED-BY,custom_preconds,CANDIDATE GAP,PHRASING,app base catalogue,app,,"no case of ours contains 'app' together with ['base', 'catalogue']",<li>App is navigated to {{BASE_URL}}/parts/part-catalogue</li>
25,C95,Vladimir Tomovic,Test Cases > Parts > Catalog > Single part,COVERED-BY,step1.expected,CANDIDATE GAP,PHRASING,catalog opened part,catalog,,"no case of ours contains 'catalog' together with ['opened', 'part']",<li>Catalog Part opened</li>
25,C95,Vladimir Tomovic,Test Cases > Parts > Catalog > Single part,COVERED-BY,step2.content,CANDIDATE GAP,PHRASING,button catalog edit,button,,"no case of ours contains 'button' together with ['catalog', 'edit']",<li>Click on Edit Catalog Part button</li>
25,C95,Vladimir Tomovic,Test Cases > Parts > Catalog > Single part,COVERED-BY,step2.expected,CANDIDATE GAP,PHRASING,catalog dialog edit,catalog,,"no case of ours contains 'catalog' together with ['dialog', 'edit']",<li>Edit Catalog Part dialog opens</li>
25,C95,Vladimir Tomovic,Test Cases > Parts > Catalog > Single part,COVERED-BY,step3.content,CANDIDATE GAP,PHRASING,catalog dialog edit,catalog,,"no case of ours contains 'catalog' together with ['dialog', 'edit']",<p>On the Edit Catalog Part dialog:</p>
25,C95,Vladimir Tomovic,Test Cases > Parts > Catalog > Single part,COVERED-BY,step3.expected,CANDIDATE GAP,PHRASING,cancel delete deletion,cancel,,"no case of ours contains 'cancel' together with ['delete', 'deletion']",<li><p>Confirm deletion modal pops up with options<br />Delete<br />Cancel</p></li>
25,C95,Vladimir Tomovic,Test Cases > Parts > Catalog > Single part,COVERED-BY,step5.content,CANDIDATE GAP,PHRASING,button catalog delete,button,,"no case of ours contains 'button' together with ['catalog', 'delete']",<li>On the Edit Catalog Part dialog click Delete button again</li>
25,C95,Vladimir Tomovic,Test Cases > Parts > Catalog > Single part,COVERED-BY,step5.expected,CANDIDATE GAP,PHRASING,cancel delete deletion,cancel,,"no case of ours contains 'cancel' together with ['delete', 'deletion']",<li><p>Confirm deletion modal pops up with options<br />Delete<br />Cancel</p></li>
25,C95,Vladimir Tomovic,Test Cases > Parts > Catalog > Single part,COVERED-BY,step6.expected,CANDIDATE GAP,PHRASING,deleted inventory part,deleted,,"no case of ours contains 'deleted' together with ['inventory', 'part']",<li>Inventory part deleted</li>
25,C96,Vladimir Tomovic,Test Cases > Parts > Catalog > Single part,COVERED-BY,custom_preconds,CANDIDATE GAP,PHRASING,app base catalogue,app,,"no case of ours contains 'app' together with ['base', 'catalogue']",<li>App is navigated to {{BASE_URL}}/parts/part-catalogue</li>
25,C96,Vladimir Tomovic,Test Cases > Parts > Catalog > Single part,COVERED-BY,step1.expected,CANDIDATE GAP,PHRASING,catalog opened part,catalog,,"no case of ours contains 'catalog' together with ['opened', 'part']",<li>Catalog Part opened</li>
25,C96,Vladimir Tomovic,Test Cases > Parts > Catalog > Single part,COVERED-BY,step2.content,CANDIDATE GAP,PHRASING,button catalog edit,button,,"no case of ours contains 'button' together with ['catalog', 'edit']",<li>Click on Edit Catalog Part button</li>
25,C96,Vladimir Tomovic,Test Cases > Parts > Catalog > Single part,COVERED-BY,step2.expected,CANDIDATE GAP,PHRASING,catalog dialog edit,catalog,,"no case of ours contains 'catalog' together with ['dialog', 'edit']",<li>Edit Catalog Part dialog opens</li>
25,C96,Vladimir Tomovic,Test Cases > Parts > Catalog > Single part,COVERED-BY,step3.content,CANDIDATE GAP,PHRASING,button clicking close,button,,"no case of ours contains 'button' together with ['clicking', 'close']","<li>Close dialog by clicking on ""x"" button</li>"
25,C97,Vladimir Tomovic,Test Cases > Parts > Catalog > Single part,COVERED-BY,custom_preconds,CANDIDATE GAP,PHRASING,exist history inventory,exist,,"no case of ours contains 'exist' together with ['history', 'inventory']",<li>Part exists in inventory (has some purchase/order history)</li>
25,C97,Vladimir Tomovic,Test Cases > Parts > Catalog > Single part,COVERED-BY,custom_preconds,CANDIDATE GAP,PHRASING,app base catalogue,app,,"no case of ours contains 'app' together with ['base', 'catalogue']",<li>App is navigated to {{BASE_URL}}/parts/part-catalogue</li>
25,C97,Vladimir Tomovic,Test Cases > Parts > Catalog > Single part,COVERED-BY,step1.content,CANDIDATE GAP,PHRASING,catalog list part,catalog,,"no case of ours contains 'catalog' together with ['list', 'part']",<li>Select part from the catalog list and click on it</li>
25,C97,Vladimir Tomovic,Test Cases > Parts > Catalog > Single part,COVERED-BY,step1.expected,CANDIDATE GAP,PHRASING,catalog history part,catalog,,"no case of ours contains 'catalog' together with ['history', 'part']",<li>Catalog <strong>Parts</strong> history opens </li>
25,C97,Vladimir Tomovic,Test Cases > Parts > Catalog > Single part,COVERED-BY,step2.content,CANDIDATE GAP,PHRASING,collapsible location row,collapsible,,"no case of ours contains 'collapsible' together with ['location', 'row']",<li>Click on any location/workplace summary (collapsible) row</li>
25,C97,Vladimir Tomovic,Test Cases > Parts > Catalog > Single part,COVERED-BY,step2.expected,CANDIDATE GAP,PHRASING,edit inventory modal,edit,,"no case of ours contains 'edit' together with ['inventory', 'modal']",<li><strong>Edit Inventory Part</strong> modal opens</li>
25,C97,Vladimir Tomovic,Test Cases > Parts > Catalog > Single part,COVERED-BY,step3.content,CANDIDATE GAP,PHRASING,edit field following,edit,,"no case of ours contains 'edit' together with ['field', 'following']",<li><p>On the <strong>Edit Inventory Part</strong> modal edit the following fields:</p>
25,C97,Vladimir Tomovic,Test Cases > Parts > Catalog > Single part,COVERED-BY,step3.content,CANDIDATE GAP,PHRASING,cannot category edited,cannot,,"no case of ours contains 'cannot' together with ['category', 'edited']",<li>Category (cannot be edited)</li>
25,C97,Vladimir Tomovic,Test Cases > Parts > Catalog > Single part,COVERED-BY,step3.content,CANDIDATE GAP,PHRASING,cannot edited manufacturer,cannot,,"no case of ours contains 'cannot' together with ['edited', 'manufacturer']",<li>Manufacturer (cannot be edited)</li>
25,C97,Vladimir Tomovic,Test Cases > Parts > Catalog > Single part,COVERED-BY,step3.content,CANDIDATE GAP,PHRASING,average cannot cost,average,,"no case of ours contains 'average' together with ['cannot', 'cost']",<li>Average Cost (cannot be edited)</li>
25,C97,Vladimir Tomovic,Test Cases > Parts > Catalog > Single part,COVERED-BY,step3.content,CANDIDATE GAP,PHRASING,cannot charge core,cannot,,"no case of ours contains 'cannot' together with ['charge', 'core']",<li>Core Charge (cannot be edited)</li>
25,C97,Vladimir Tomovic,Test Cases > Parts > Catalog > Single part,COVERED-BY,step3.expected,CANDIDATE GAP,PHRASING,change creation strong,change,,"no case of ours contains 'change' together with ['creation', 'strong']",<strong>Creation/change was successful</strong></li>
25,C97,Vladimir Tomovic,Test Cases > Parts > Catalog > Single part,COVERED-BY,step3.expected,CANDIDATE GAP,PHRASING,base chang inventory,base,,"no case of ours contains 'base' together with ['chang', 'inventory']",<li>Changes are visible for the part under {{BASE_URL}}/parts/inventory page</li>
25,C98,Vladimir Tomovic,Test Cases > Parts > Catalog > Single part,COVERED-BY,custom_preconds,CANDIDATE GAP,PHRASING,app base catalogue,app,,"no case of ours contains 'app' together with ['base', 'catalogue']",<li>App is navigated to {{BASE_URL}}/parts/part-catalogue</li>
25,C98,Vladimir Tomovic,Test Cases > Parts > Catalog > Single part,COVERED-BY,step1.content,CANDIDATE GAP,PHRASING,catalog list part,catalog,,"no case of ours contains 'catalog' together with ['list', 'part']",<li>Select part from the catalog list and click on it</li>
25,C98,Vladimir Tomovic,Test Cases > Parts > Catalog > Single part,COVERED-BY,step1.expected,CANDIDATE GAP,PHRASING,catalog history opened,catalog,,"no case of ours contains 'catalog' together with ['history', 'opened']",<li>Catalog <strong>Parts</strong> history opened</li>
25,C98,Vladimir Tomovic,Test Cases > Parts > Catalog > Single part,COVERED-BY,step2.content,CANDIDATE GAP,PHRASING,collapsible location row,collapsible,,"no case of ours contains 'collapsible' together with ['location', 'row']",<li>Click on any location/workplace summary (collapsible) row</li>
25,C98,Vladimir Tomovic,Test Cases > Parts > Catalog > Single part,COVERED-BY,step2.expected,CANDIDATE GAP,PHRASING,edit inventory modal,edit,,"no case of ours contains 'edit' together with ['inventory', 'modal']",<li><strong>Edit Inventory Part</strong> modal opens</li>
25,C98,Vladimir Tomovic,Test Cases > Parts > Catalog > Single part,COVERED-BY,step3.content,CANDIDATE GAP,PHRASING,delete edit inventory,delete,,"no case of ours contains 'delete' together with ['edit', 'inventory']",<li>On <strong>Edit Inventory Part</strong> modal click <strong>Delete</strong></li>
25,C98,Vladimir Tomovic,Test Cases > Parts > Catalog > Single part,COVERED-BY,step3.expected,CANDIDATE GAP,PHRASING,cancel delete deletion,cancel,,"no case of ours contains 'cancel' together with ['delete', 'deletion']",<li><p><strong>Confirm deletion</strong> modal pops up with options:<br />Delete<br />Cancel</p></li>
25,C98,Vladimir Tomovic,Test Cases > Parts > Catalog > Single part,COVERED-BY,step5.content,CANDIDATE GAP,PHRASING,collapsible location row,collapsible,,"no case of ours contains 'collapsible' together with ['location', 'row']",<li>Click again on location/workplace summary (collapsible) row</li>
25,C98,Vladimir Tomovic,Test Cases > Parts > Catalog > Single part,COVERED-BY,step5.content,CANDIDATE GAP,PHRASING,button delete edit,button,,"no case of ours contains 'button' together with ['delete', 'edit']",<li>On the <strong>Edit Inventory Part</strong> modal click <strong>Delete</strong> button again</li>
25,C98,Vladimir Tomovic,Test Cases > Parts > Catalog > Single part,COVERED-BY,step5.expected,CANDIDATE GAP,PHRASING,edit inventory modal,edit,,"no case of ours contains 'edit' together with ['inventory', 'modal']",<li><strong>Edit Inventory Part</strong> modal opens</li>
25,C98,Vladimir Tomovic,Test Cases > Parts > Catalog > Single part,COVERED-BY,step5.expected,CANDIDATE GAP,PHRASING,cancel delete deletion,cancel,,"no case of ours contains 'cancel' together with ['delete', 'deletion']",<li><p><strong>Confirm deletion</strong> modal pops up with options<br />Delete<br />Cancel</p></li>
25,C98,Vladimir Tomovic,Test Cases > Parts > Catalog > Single part,COVERED-BY,step6.expected,CANDIDATE GAP,PHRASING,deleted inventory part,deleted,,"no case of ours contains 'deleted' together with ['inventory', 'part']",<li>Inventory part deleted</li>
25,C98,Vladimir Tomovic,Test Cases > Parts > Catalog > Single part,COVERED-BY,step6.expected,CANDIDATE GAP,PHRASING,active doesn exist,active,,"no case of ours contains 'active' together with ['doesn', 'exist']",this is only possible if inventory part doesn't exist in any active work orders</p>
25,C99,Vladimir Tomovic,Test Cases > Parts > Catalog > Single part,COVERED-BY,custom_preconds,CANDIDATE GAP,PHRASING,app base catalogue,app,,"no case of ours contains 'app' together with ['base', 'catalogue']",<li>App is navigated to {{BASE_URL}}/parts/part-catalogue</li>
25,C99,Vladimir Tomovic,Test Cases > Parts > Catalog > Single part,COVERED-BY,step1.content,CANDIDATE GAP,PHRASING,catalog list part,catalog,,"no case of ours contains 'catalog' together with ['list', 'part']",<li>Select part from the catalog list and click on it</li>
25,C99,Vladimir Tomovic,Test Cases > Parts > Catalog > Single part,COVERED-BY,step1.expected,CANDIDATE GAP,PHRASING,catalog history opened,catalog,,"no case of ours contains 'catalog' together with ['history', 'opened']",<li>Catalog <strong>Parts</strong> history opened</li>
25,C99,Vladimir Tomovic,Test Cases > Parts > Catalog > Single part,COVERED-BY,step2.content,CANDIDATE GAP,PHRASING,collapsible location row,collapsible,,"no case of ours contains 'collapsible' together with ['location', 'row']",<li>Click on any location/workplace summary (collapsible) row</li>
25,C99,Vladimir Tomovic,Test Cases > Parts > Catalog > Single part,COVERED-BY,step2.expected,CANDIDATE GAP,PHRASING,edit inventory modal,edit,,"no case of ours contains 'edit' together with ['inventory', 'modal']",<li><strong>Edit Inventory Part</strong> modal opens</li>
25,C99,Vladimir Tomovic,Test Cases > Parts > Catalog > Single part,COVERED-BY,step3.content,CANDIDATE GAP,PHRASING,close modal strong,close,,"no case of ours contains 'close' together with ['modal', 'strong']",<li>Click <strong>x</strong> to close modal</li>
277,C2272,Vladimir Tomovic,Test Cases > Administration > Imports > Invoices > Import WO Invoices,COVERED-BY,custom_preconds,CANDIDATE GAP,PHRASING,following link,following,,no case of ours contains 'following' together with ['link'],<p>Navigate to the following link/s.</p>
277,C2272,Vladimir Tomovic,Test Cases > Administration > Imports > Invoices > Import WO Invoices,COVERED-BY,custom_preconds,CANDIDATE GAP,PHRASING,administration base import,administration,,"no case of ours contains 'administration' together with ['base', 'import']",{{BASE URL}}/administration/invoice-import</p>
277,C2272,Vladimir Tomovic,Test Cases > Administration > Imports > Invoices > Import WO Invoices,COVERED-BY,custom_preconds,CANDIDATE GAP,PHRASING,file filled pre,file,,"no case of ours contains 'file' together with ['filled', 'pre']",<p>Pre-filled sample file:
277,C2272,Vladimir Tomovic,Test Cases > Administration > Imports > Invoices > Import WO Invoices,COVERED-BY,custom_preconds,CANDIDATE GAP,PHRASING,change dat invoice,change,,"no case of ours contains 'change' together with ['dat', 'invoice']",(Make invoice number and dates are unique and change the location name
277,C2272,Vladimir Tomovic,Test Cases > Administration > Imports > Invoices > Import WO Invoices,COVERED-BY,custom_preconds,CANDIDATE GAP,PHRASING,data import location,data,,"no case of ours contains 'data' together with ['import', 'location']",DO NOT repeat any data or value upon new imports in the same location):</p>
277,C2272,Vladimir Tomovic,Test Cases > Administration > Imports > Invoices > Import WO Invoices,COVERED-BY,custom_steps,CANDIDATE GAP,PHRASING,file right side,file,,"no case of ours contains 'file' together with ['right', 'side']","<li>Click ""Download Template"" from the top right side to download the template file.</li>"
277,C2272,Vladimir Tomovic,Test Cases > Administration > Imports > Invoices > Import WO Invoices,COVERED-BY,custom_steps,CANDIDATE GAP,PHRASING,computer location,computer,,no case of ours contains 'computer' together with ['location'],"<li>Navigate to your ""Download"" location on your computer.</li>"
277,C2272,Vladimir Tomovic,Test Cases > Administration > Imports > Invoices > Import WO Invoices,COVERED-BY,custom_expected,CANDIDATE GAP,PHRASING,computer file location,computer,,"no case of ours contains 'computer' together with ['file', 'location']",<li>The Template file should be download to your default downloads location on your computer.</li>
277,C2272,Vladimir Tomovic,Test Cases > Administration > Imports > Invoices > Import WO Invoices,COVERED-BY,custom_expected,CANDIDATE GAP,PHRASING,able clicking csv,able,,"no case of ours contains 'able' together with ['clicking', 'csv']",<li>You should be able to open the downloaded Excel/CSV file by clicking it.</li>
277,C2273,Vladimir Tomovic,Test Cases > Administration > Imports > Invoices > Import WO Invoices,COVERED-BY,custom_preconds,CANDIDATE GAP,PHRASING,csv editor excel,csv,,"no case of ours contains 'csv' together with ['editor', 'excel']",<p>The template file should be open in your excel/CSV editor.</p>
277,C2273,Vladimir Tomovic,Test Cases > Administration > Imports > Invoices > Import WO Invoices,COVERED-BY,custom_steps,CANDIDATE GAP,PHRASING,accepted csv downloaded,accepted,,"no case of ours contains 'accepted' together with ['csv', 'downloaded']",<p>Fill the downloaded CSV file as per the accepted format given in the file.</p>
277,C2273,Vladimir Tomovic,Test Cases > Administration > Imports > Invoices > Import WO Invoices,COVERED-BY,custom_steps,CANDIDATE GAP,PHRASING,back below field,back,,"no case of ours contains 'back' together with ['below', 'field']",<p>Do NOT skip the below mentioned fields which are must and required before you upload the file back to Shopview:</p>
277,C2273,Vladimir Tomovic,Test Cases > Administration > Imports > Invoices > Import WO Invoices,COVERED-BY,custom_steps,CANDIDATE GAP,PHRASING,data file save,data,,"no case of ours contains 'data' together with ['file', 'save']",<p>Click Save to save the data in the file.</p>
277,C2273,Vladimir Tomovic,Test Cases > Administration > Imports > Invoices > Import WO Invoices,COVERED-BY,custom_steps,CANDIDATE GAP,PHRASING,file prefilled sample,file,,"no case of ours contains 'file' together with ['prefilled', 'sample']",<p>Sample of a prefilled file:
277,C2273,Vladimir Tomovic,Test Cases > Administration > Imports > Invoices > Import WO Invoices,COVERED-BY,custom_steps,CANDIDATE GAP,PHRASING,change dat href,change,,"no case of ours contains 'change' together with ['dat', 'href']","(Make invoice number and dates unique and change the location name)<br /><a href=""https://docs.google.com/spreadsheets/d/1deCJfKDonZkhjB4xA5O9X0l8cWsJM13j/edit?usp=sharing&ouid=106388879401921597782&rtpof=true&sd=true"">https://docs.google.com/spreadsheets/d/1deCJfKDonZkhjB4xA5O9X0l8cWsJM13j/edit?usp=sharing&ouid=106388879401921597782&rtpof=true&sd=true</a></p>"
277,C2273,Vladimir Tomovic,Test Cases > Administration > Imports > Invoices > Import WO Invoices,COVERED-BY,custom_expected,CANDIDATE GAP,PHRASING,added data file,added,,"no case of ours contains 'added' together with ['data', 'file']",<li>The data should be successfully added and saved to the file.</li>
277,C2274,Vladimir Tomovic,Test Cases > Administration > Imports > Invoices > Import WO Invoices,COVERED-BY,custom_preconds,CANDIDATE GAP,PHRASING,following link,following,,no case of ours contains 'following' together with ['link'],<p>Navigate to the following link/s.</p>
277,C2274,Vladimir Tomovic,Test Cases > Administration > Imports > Invoices > Import WO Invoices,COVERED-BY,custom_preconds,CANDIDATE GAP,PHRASING,administration base import,administration,,"no case of ours contains 'administration' together with ['base', 'import']",{{BASE URL}}/administration/invoice-import</p>
277,C2274,Vladimir Tomovic,Test Cases > Administration > Imports > Invoices > Import WO Invoices,COVERED-BY,custom_steps,CANDIDATE GAP,PHRASING,computer file location,computer,,"no case of ours contains 'computer' together with ['file', 'location']",<li>Select the file from your saved location on your computer and click open</li>
277,C2274,Vladimir Tomovic,Test Cases > Administration > Imports > Invoices > Import WO Invoices,COVERED-BY,custom_steps,CANDIDATE GAP,PHRASING,button import invoic,button,,"no case of ours contains 'button' together with ['import', 'invoic']","<li>Click ""Import Invoices"" button from the top right side.</li>"
277,C2274,Vladimir Tomovic,Test Cases > Administration > Imports > Invoices > Import WO Invoices,COVERED-BY,custom_expected,CANDIDATE GAP,PHRASING,computer file modal,computer,,"no case of ours contains 'computer' together with ['file', 'modal']",<li>The modal to select the file from your computer should open.</li>
277,C2274,Vladimir Tomovic,Test Cases > Administration > Imports > Invoices > Import WO Invoices,COVERED-BY,custom_expected,CANDIDATE GAP,PHRASING,able file find,able,,"no case of ours contains 'able' together with ['file', 'find']",<li>You should be able to find and select the file.</li>
277,C2274,Vladimir Tomovic,Test Cases > Administration > Imports > Invoices > Import WO Invoices,COVERED-BY,custom_expected,CANDIDATE GAP,PHRASING,account button clicking,account,,"no case of ours contains 'account' together with ['button', 'clicking']","<li>Clicking the ""Open"" button should select the file and made it ready to be imported to your shop view account.</li>"
277,C2274,Vladimir Tomovic,Test Cases > Administration > Imports > Invoices > Import WO Invoices,COVERED-BY,custom_expected,CANDIDATE GAP,PHRASING,account clicking import,account,,"no case of ours contains 'account' together with ['clicking', 'import']","<li>Clicking ""Import Invoices"" should import the invoices to your shop view account.</li>"
277,C2274,Vladimir Tomovic,Test Cases > Administration > Imports > Invoices > Import WO Invoices,COVERED-BY,custom_expected,CANDIDATE GAP,PHRASING,file import message,file,,"no case of ours contains 'file' together with ['import', 'message']",<li>File import successful message should appear.</li>
277,C2265,Vladimir Tomovic,Test Cases > Administration > Imports > Invoices > Import WO Invoices,COVERED-BY,custom_preconds,CANDIDATE GAP,PHRASING,administration base import,administration,,"no case of ours contains 'administration' together with ['base', 'import']",{{BASE URL}}/administration/invoices-import</p>
277,C2265,Vladimir Tomovic,Test Cases > Administration > Imports > Invoices > Import WO Invoices,COVERED-BY,custom_expected,CANDIDATE GAP,PHRASING,clickable exist finance,clickable,,"no case of ours contains 'clickable' together with ['exist', 'finance']",<p>Only finance tab should exist (or only finance tab should be clickable the rest would be greyed out/not clickable)</p>
277,C2266,Vladimir Tomovic,Test Cases > Administration > Imports > Invoices > Import WO Invoices,COVERED-BY,custom_preconds,CANDIDATE GAP,PHRASING,administration base import,administration,,"no case of ours contains 'administration' together with ['base', 'import']",<p>You are in this section {{BASE URL}}/administration/invoices-import</p>
277,C2266,Vladimir Tomovic,Test Cases > Administration > Imports > Invoices > Import WO Invoices,COVERED-BY,custom_steps,CANDIDATE GAP,PHRASING,clicking imported list,clicking,,"no case of ours contains 'clicking' together with ['imported', 'list']",<li>Open imported WO by clicking it from the list.</li>
277,C2266,Vladimir Tomovic,Test Cases > Administration > Imports > Invoices > Import WO Invoices,COVERED-BY,custom_steps,CANDIDATE GAP,PHRASING,input interact modal,input,,"no case of ours contains 'input' together with ['interact', 'modal']",<li>Try to interact with any input or open modal</li>
277,C2266,Vladimir Tomovic,Test Cases > Administration > Imports > Invoices > Import WO Invoices,COVERED-BY,custom_expected,CANDIDATE GAP,PHRASING,anything create modal,anything,,"no case of ours contains 'anything' together with ['create', 'modal']",There should be no way to open any modal to update/create anything</p>
277,C2267,Vladimir Tomovic,Test Cases > Administration > Imports > Invoices > Import WO Invoices,COVERED-BY,custom_steps,CANDIDATE GAP,PHRASING,base order url,base,,"no case of ours contains 'base' together with ['order', 'url']",<li>Visit {{BASE URL}}/work-orders</li>
277,C2267,Vladimir Tomovic,Test Cases > Administration > Imports > Invoices > Import WO Invoices,COVERED-BY,custom_steps,CANDIDATE GAP,PHRASING,imported locate statu,imported,,"no case of ours contains 'imported' together with ['locate', 'statu']",<li>Locate a WO with status = imported</li>
277,C2267,Vladimir Tomovic,Test Cases > Administration > Imports > Invoices > Import WO Invoices,COVERED-BY,custom_expected,CANDIDATE GAP,PHRASING,asterisk badge best,asterisk,,"no case of ours contains 'asterisk' together with ['badge', 'best']","<p>Imported WOs should have some mark (asterisk or badge, let’s see what looks the best"
277,C2267,Vladimir Tomovic,Test Cases > Administration > Imports > Invoices > Import WO Invoices,COVERED-BY,custom_expected,CANDIDATE GAP,PHRASING,color different maybe,color,,"no case of ours contains 'color' together with ['different', 'maybe']",maybe just different color of the WO number or whole row?)</p>
277,C2268,Vladimir Tomovic,Test Cases > Administration > Imports > Invoices > Import WO Invoices,COVERED-BY,custom_steps,CANDIDATE GAP,PHRASING,administration base import,administration,,"no case of ours contains 'administration' together with ['base', 'import']",<li>Open {{BASE URL}}/administration/invoices-import</li>
277,C2268,Vladimir Tomovic,Test Cases > Administration > Imports > Invoices > Import WO Invoices,COVERED-BY,custom_expected,CANDIDATE GAP,PHRASING,automatically deselect filter,automatically,,"no case of ours contains 'automatically' together with ['deselect', 'filter']","<p>If Imported is selected, automatically deselect the other filters so that imported can be the only one selected</p>"
277,C2269,Vladimir Tomovic,Test Cases > Administration > Imports > Invoices > Import WO Invoices,COVERED-BY,custom_preconds,CANDIDATE GAP,PHRASING,base customer linked,base,,"no case of ours contains 'base' together with ['customer', 'linked']",{{BASE URL}}/customers<br />AND<br />WO is linked to a customer.</p>
277,C2269,Vladimir Tomovic,Test Cases > Administration > Imports > Invoices > Import WO Invoices,COVERED-BY,custom_steps,CANDIDATE GAP,PHRASING,customer list row,customer,,"no case of ours contains 'customer' together with ['list', 'row']",<li>Click any customers row from the list.</li>
277,C2269,Vladimir Tomovic,Test Cases > Administration > Imports > Invoices > Import WO Invoices,COVERED-BY,custom_steps,CANDIDATE GAP,PHRASING,order tab work,order,,"no case of ours contains 'order' together with ['tab', 'work']","<li>Click the ""Work Orders"" tab.</li>"
277,C2269,Vladimir Tomovic,Test Cases > Administration > Imports > Invoices > Import WO Invoices,COVERED-BY,custom_expected,CANDIDATE GAP,PHRASING,customer imported listed,customer,,"no case of ours contains 'customer' together with ['imported', 'listed']",<li>Imported WOs should be listed on Customer page (wo tab)</li>
277,C2269,Vladimir Tomovic,Test Cases > Administration > Imports > Invoices > Import WO Invoices,COVERED-BY,custom_expected,CANDIDATE GAP,PHRASING,decided distinct imported,decided,,"no case of ours contains 'decided' together with ['distinct', 'imported']",<li>The imported WOs will be distinct (Yet to be decided how)</li>
277,C2270,Vladimir Tomovic,Test Cases > Administration > Imports > Invoices > Import WO Invoices,COVERED-BY,custom_expected,CANDIDATE GAP,PHRASING,automatically order selected,automatically,,"no case of ours contains 'automatically' together with ['order', 'selected']",<li>Work Order tab should be automatically selected for that vehicle.</li>
277,C2270,Vladimir Tomovic,Test Cases > Administration > Imports > Invoices > Import WO Invoices,COVERED-BY,custom_expected,CANDIDATE GAP,PHRASING,listed order vehicle,listed,,"no case of ours contains 'listed' together with ['order', 'vehicle']",<li>All work-orders for that Vehicle should be listed.</li>
277,C2270,Vladimir Tomovic,Test Cases > Administration > Imports > Invoices > Import WO Invoices,COVERED-BY,custom_expected,CANDIDATE GAP,PHRASING,distinct imported listed,distinct,,"no case of ours contains 'distinct' together with ['imported', 'listed']",<li>Imported WOs should be listed for that Vehicle in distinct.
277,C2270,Vladimir Tomovic,Test Cases > Administration > Imports > Invoices > Import WO Invoices,COVERED-BY,custom_expected,CANDIDATE GAP,PHRASING,confirmed imported order,confirmed,,"no case of ours contains 'confirmed' together with ['imported', 'order']",(Not yet confirmed how they will be separated from other work orders which are not imported)</li>
277,C2271,Vladimir Tomovic,Test Cases > Administration > Imports > Invoices > Import WO Invoices,COVERED-BY,custom_preconds,CANDIDATE GAP,PHRASING,customer import link,customer,,"no case of ours contains 'customer' together with ['import', 'link']",<p>Import a WO but do not link it with any customer and Vehicle.</p>
277,C2271,Vladimir Tomovic,Test Cases > Administration > Imports > Invoices > Import WO Invoices,COVERED-BY,custom_steps,CANDIDATE GAP,PHRASING,base order url,base,,"no case of ours contains 'base' together with ['order', 'url']",{{BASE URL}}/work-orders</p>
277,C2271,Vladimir Tomovic,Test Cases > Administration > Imports > Invoices > Import WO Invoices,COVERED-BY,custom_steps,CANDIDATE GAP,PHRASING,available filter imported,available,,"no case of ours contains 'available' together with ['filter', 'imported']",<p>Open a WO with status = imported (Status filter for Imported WO is not yet available)</p>
277,C2271,Vladimir Tomovic,Test Cases > Administration > Imports > Invoices > Import WO Invoices,COVERED-BY,custom_expected,CANDIDATE GAP,PHRASING,able cannot customer,able,,"no case of ours contains 'able' together with ['cannot', 'customer']","<p>We should be able open that WO, but they cannot be linked with existing Customer or Vehicle</p>"
277,C2275,Vladimir Tomovic,Test Cases > Administration > Imports > Invoices > Import WO Invoices,COVERED-BY,custom_preconds,CANDIDATE GAP,PHRASING,added available becom,added,,"no case of ours contains 'added' together with ['available', 'becom']",<p>To be added later once the feature becomes available to test.</p>
3557,C26615,Vladimir Tomovic,Test Cases > Work Orders > Deposits - Scroll down on the left side for the tests > G. Customer Page Tabs & Payments Expansion,COVERED-BY,custom_preconds,CANDIDATE GAP,PHRASING,customer exist finance,customer,,"no case of ours contains 'customer' together with ['exist', 'finance']",A customer exists (no finance lineage needed for the tab row)
3557,C26616,Vladimir Tomovic,Test Cases > Work Orders > Deposits - Scroll down on the left side for the tests > G. Customer Page Tabs & Payments Expansion,COVERED-BY,custom_preconds,CANDIDATE GAP,PHRASING,credit customer held,credit,,"no case of ours contains 'credit' together with ['customer', 'held']","Customer with one open invoice, one held credit memo, and one"
3557,C26617,Vladimir Tomovic,Test Cases > Work Orders > Deposits - Scroll down on the left side for the tests > G. Customer Page Tabs & Payments Expansion,COVERED-BY,custom_preconds,CANDIDATE GAP,PHRASING,against cash customer,against,,"no case of ours contains 'against' together with ['cash', 'customer']","Customer with a cash payment against an invoice, a refund"
3557,C26618,Vladimir Tomovic,Test Cases > Work Orders > Deposits - Scroll down on the left side for the tests > G. Customer Page Tabs & Payments Expansion,COVERED-BY,custom_preconds,CANDIDATE GAP,PHRASING,applied customer deposit,applied,,"no case of ours contains 'applied' together with ['customer', 'deposit']","Customer with a held deposit, an applied deposit, and a"
3557,C26618,Vladimir Tomovic,Test Cases > Work Orders > Deposits - Scroll down on the left side for the tests > G. Customer Page Tabs & Payments Expansion,COVERED-BY,step1.content,CANDIDATE GAP,PHRASING,deposit filter off,deposit,,"no case of ours contains 'deposit' together with ['filter', 'off']",then toggle the open-deposits filter off
3557,C26619,Vladimir Tomovic,Test Cases > Work Orders > Deposits - Scroll down on the left side for the tests > G. Customer Page Tabs & Payments Expansion,COVERED-BY,custom_preconds,CANDIDATE GAP,PHRASING,customer fully invoice,customer,,"no case of ours contains 'customer' together with ['fully', 'invoice']",Customer with one fully-paid invoice and one open invoice
3557,C26619,Vladimir Tomovic,Test Cases > Work Orders > Deposits - Scroll down on the left side for the tests > G. Customer Page Tabs & Payments Expansion,COVERED-BY,step1.content,CANDIDATE GAP,PHRASING,filter invoic tab,filter,,"no case of ours contains 'filter' together with ['invoic', 'tab']",Open the Invoices tab (filter defaults ON);
3557,C26620,Vladimir Tomovic,Test Cases > Work Orders > Deposits - Scroll down on the left side for the tests > G. Customer Page Tabs & Payments Expansion,COVERED-BY,custom_preconds,CANDIDATE GAP,PHRASING,customer deposit invoic,customer,,"no case of ours contains 'customer' together with ['deposit', 'invoic']","Customer with open invoices, a payment, and deposits"
3557,C26620,Vladimir Tomovic,Test Cases > Work Orders > Deposits - Scroll down on the left side for the tests > G. Customer Page Tabs & Payments Expansion,COVERED-BY,step1.content,CANDIDATE GAP,PHRASING,counter header invoic,counter,,"no case of ours contains 'counter' together with ['header', 'invoic']",Read the Invoices and Payments tab header counters;
3557,C26621,Vladimir Tomovic,Test Cases > Work Orders > Deposits - Scroll down on the left side for the tests > G. Customer Page Tabs & Payments Expansion,COVERED-BY,custom_preconds,CANDIDATE GAP,PHRASING,applied credit deposit,applied,,"no case of ours contains 'applied' together with ['credit', 'deposit']",A payment that applied both a credit memo and a held deposit
3557,C26621,Vladimir Tomovic,Test Cases > Work Orders > Deposits - Scroll down on the left side for the tests > G. Customer Page Tabs & Payments Expansion,COVERED-BY,step1.content,CANDIDATE GAP,PHRASING,expand payment row,expand,,"no case of ours contains 'expand' together with ['payment', 'row']",Open the Payments tab and expand the payment row
3557,C26622,Vladimir Tomovic,Test Cases > Work Orders > Deposits - Scroll down on the left side for the tests > G. Customer Page Tabs & Payments Expansion,COVERED-BY,custom_preconds,CANDIDATE GAP,PHRASING,cashing created credit,cashing,,"no case of ours contains 'cashing' together with ['created', 'credit']",A refund created by cashing out a credit memo (the refund is
3557,C26622,Vladimir Tomovic,Test Cases > Work Orders > Deposits - Scroll down on the left side for the tests > G. Customer Page Tabs & Payments Expansion,COVERED-BY,step1.content,CANDIDATE GAP,PHRASING,expand payment refund,expand,,"no case of ours contains 'expand' together with ['payment', 'refund']",Open the Payments tab and expand the refund row
265,C2126,Vladimir Tomovic,Test Cases > Customers > Part Sales,COVERED-BY,custom_preconds,CANDIDATE GAP,PHRASING,app base customer,app,,"no case of ours contains 'app' together with ['base', 'customer']",<li>App is navigated to {{BASE_URL}}/customer/{customer_id}/part-sales</li>
265,C2126,Vladimir Tomovic,Test Cases > Customers > Part Sales,COVERED-BY,custom_steps,CANDIDATE GAP,PHRASING,field intable required,field,,"no case of ours contains 'field' together with ['intable', 'required']",<li>Verify all required fields are visible intable</li>
265,C2127,Vladimir Tomovic,Test Cases > Customers > Part Sales,COVERED-BY,custom_preconds,CANDIDATE GAP,PHRASING,app base customer,app,,"no case of ours contains 'app' together with ['base', 'customer']",<li>App is navigated to {{BASE_URL}}/customer/{customer_id}/part-sales</li>
265,C2127,Vladimir Tomovic,Test Cases > Customers > Part Sales,COVERED-BY,step1.content,CANDIDATE GAP,PHRASING,new part sale,new,,"no case of ours contains 'new' together with ['part', 'sale']",<li>Click on New Part Sale</li>
265,C2127,Vladimir Tomovic,Test Cases > Customers > Part Sales,COVERED-BY,step1.expected,CANDIDATE GAP,PHRASING,dialog new part,dialog,,"no case of ours contains 'dialog' together with ['new', 'part']",<li>New Part Sale dialog opens</li>
265,C2127,Vladimir Tomovic,Test Cases > Customers > Part Sales,COVERED-BY,step1.expected,CANDIDATE GAP,PHRASING,adding button close,adding,,"no case of ours contains 'adding' together with ['button', 'close']","<li><p>Dialog contains:<br />Fields for selecting Customer and vehicle, <br />Button for adding new customer and vehicle, <br />Save button<br />Close dialog button</p></li>"
265,C2127,Vladimir Tomovic,Test Cases > Customers > Part Sales,COVERED-BY,step2.content,CANDIDATE GAP,PHRASING,add andd button,add,,"no case of ours contains 'add' together with ['andd', 'button']",<li>Click on Add button andd add new customer</li>
265,C2127,Vladimir Tomovic,Test Cases > Customers > Part Sales,COVERED-BY,step3.content,CANDIDATE GAP,PHRASING,list pick vehicle,list,,"no case of ours contains 'list' together with ['pick', 'vehicle']",<li>Pick vehicle from the list</li>
265,C2127,Vladimir Tomovic,Test Cases > Customers > Part Sales,COVERED-BY,step4.expected,CANDIDATE GAP,PHRASING,part redirected request,part,,"no case of ours contains 'part' together with ['redirected', 'request']",<li>User is redirected to part-requests page</li>
265,C2127,Vladimir Tomovic,Test Cases > Customers > Part Sales,COVERED-BY,step4.expected,CANDIDATE GAP,PHRASING,add dialog opened,add,,"no case of ours contains 'add' together with ['dialog', 'opened']",<li>Add Part dialog is opened</li>
265,C2128,Vladimir Tomovic,Test Cases > Customers > Part Sales,COVERED-BY,custom_preconds,CANDIDATE GAP,PHRASING,app base customer,app,,"no case of ours contains 'app' together with ['base', 'customer']",<li>App is navigated to {{BASE_URL}}/customer/{customer_id}/part-sales</li>
265,C2128,Vladimir Tomovic,Test Cases > Customers > Part Sales,COVERED-BY,step1.content,CANDIDATE GAP,PHRASING,new part sale,new,,"no case of ours contains 'new' together with ['part', 'sale']",<li>Click on New Part Sale</li>
265,C2128,Vladimir Tomovic,Test Cases > Customers > Part Sales,COVERED-BY,step1.expected,CANDIDATE GAP,PHRASING,dialog new part,dialog,,"no case of ours contains 'dialog' together with ['new', 'part']",<li>New Part Sale dialog opens</li>
265,C2128,Vladimir Tomovic,Test Cases > Customers > Part Sales,COVERED-BY,step1.expected,CANDIDATE GAP,PHRASING,adding button close,adding,,"no case of ours contains 'adding' together with ['button', 'close']","<li><p>Dialog contains:<br />Fields for selecting Customer and vehicle, <br />Button for adding new customer and vehicle, <br />Save button<br />Close dialog button</p></li>"
265,C2128,Vladimir Tomovic,Test Cases > Customers > Part Sales,COVERED-BY,step2.content,CANDIDATE GAP,PHRASING,add andd button,add,,"no case of ours contains 'add' together with ['andd', 'button']",<li>Click on Add button andd add new customer (Counter Sale)</li>
265,C2128,Vladimir Tomovic,Test Cases > Customers > Part Sales,COVERED-BY,step3.expected,CANDIDATE GAP,PHRASING,part redirected request,part,,"no case of ours contains 'part' together with ['redirected', 'request']",<li>User is redirected to part-requests page</li>
265,C2128,Vladimir Tomovic,Test Cases > Customers > Part Sales,COVERED-BY,step3.expected,CANDIDATE GAP,PHRASING,add dialog opened,add,,"no case of ours contains 'add' together with ['dialog', 'opened']",<li>Add Part dialog is opened</li>
265,C2129,Vladimir Tomovic,Test Cases > Customers > Part Sales,COVERED-BY,custom_preconds,CANDIDATE GAP,PHRASING,app base customer,app,,"no case of ours contains 'app' together with ['base', 'customer']",<li>App is navigated to {{BASE_URL}}/customer/{customer_id}/part-sales</li>
265,C2129,Vladimir Tomovic,Test Cases > Customers > Part Sales,COVERED-BY,step1.content,CANDIDATE GAP,PHRASING,new part sale,new,,"no case of ours contains 'new' together with ['part', 'sale']",<li>Click on New Part Sale</li>
265,C2129,Vladimir Tomovic,Test Cases > Customers > Part Sales,COVERED-BY,step1.expected,CANDIDATE GAP,PHRASING,dialog new part,dialog,,"no case of ours contains 'dialog' together with ['new', 'part']",<li>New Part Sale dialog opens</li>
265,C2129,Vladimir Tomovic,Test Cases > Customers > Part Sales,COVERED-BY,step1.expected,CANDIDATE GAP,PHRASING,adding button close,adding,,"no case of ours contains 'adding' together with ['button', 'close']","<li><p>Dialog contains:<br />Fields for selecting Customer and vehicle, <br />Button for adding new customer and vehicle, <br />Save button<br />Close dialog button</p></li>"
265,C2129,Vladimir Tomovic,Test Cases > Customers > Part Sales,COVERED-BY,step2.content,CANDIDATE GAP,PHRASING,customer list pick,customer,,"no case of ours contains 'customer' together with ['list', 'pick']",<li>Pick customer from the list</li>
265,C2129,Vladimir Tomovic,Test Cases > Customers > Part Sales,COVERED-BY,step3.content,CANDIDATE GAP,PHRASING,add adding button,add,,"no case of ours contains 'add' together with ['adding', 'button']",<li>Click Add vehicle button and fill in form for adding new vehicle</li>
265,C2129,Vladimir Tomovic,Test Cases > Customers > Part Sales,COVERED-BY,step4.expected,CANDIDATE GAP,PHRASING,part redirected request,part,,"no case of ours contains 'part' together with ['redirected', 'request']",<li>User is redirected to part-requests page</li>
265,C2129,Vladimir Tomovic,Test Cases > Customers > Part Sales,COVERED-BY,step4.expected,CANDIDATE GAP,PHRASING,add dialog opened,add,,"no case of ours contains 'add' together with ['dialog', 'opened']",<li>Add Part dialog is opened</li>
265,C2130,Vladimir Tomovic,Test Cases > Customers > Part Sales,COVERED-BY,custom_preconds,CANDIDATE GAP,PHRASING,app base customer,app,,"no case of ours contains 'app' together with ['base', 'customer']",<li>App is navigated to {{BASE_URL}}/customer/{customer_id}/part-sales</li>
265,C2130,Vladimir Tomovic,Test Cases > Customers > Part Sales,COVERED-BY,step1.content,CANDIDATE GAP,PHRASING,new part sale,new,,"no case of ours contains 'new' together with ['part', 'sale']",<li>Click on New Part Sale</li>
265,C2130,Vladimir Tomovic,Test Cases > Customers > Part Sales,COVERED-BY,step1.expected,CANDIDATE GAP,PHRASING,dialog new part,dialog,,"no case of ours contains 'dialog' together with ['new', 'part']",<li>New Part Sale dialog opens</li>
265,C2130,Vladimir Tomovic,Test Cases > Customers > Part Sales,COVERED-BY,step1.expected,CANDIDATE GAP,PHRASING,adding button close,adding,,"no case of ours contains 'adding' together with ['button', 'close']","<li><p>Dialog contains:<br />Fields for selecting Customer and vehicle, <br />Button for adding new customer and vehicle, <br />Save button<br />Close dialog button</p></li>"
265,C2130,Vladimir Tomovic,Test Cases > Customers > Part Sales,COVERED-BY,step2.content,CANDIDATE GAP,PHRASING,add andd button,add,,"no case of ours contains 'add' together with ['andd', 'button']",<li>Click on Add button andd add new customer</li>
265,C2130,Vladimir Tomovic,Test Cases > Customers > Part Sales,COVERED-BY,step3.content,CANDIDATE GAP,PHRASING,add adding button,add,,"no case of ours contains 'add' together with ['adding', 'button']",<li>Click Add vehicle button and fill in form for adding new vehicle</li>
265,C2130,Vladimir Tomovic,Test Cases > Customers > Part Sales,COVERED-BY,step4.expected,CANDIDATE GAP,PHRASING,part redirected request,part,,"no case of ours contains 'part' together with ['redirected', 'request']",<li>User is redirected to part-requests page</li>
265,C2130,Vladimir Tomovic,Test Cases > Customers > Part Sales,COVERED-BY,step4.expected,CANDIDATE GAP,PHRASING,add dialog opened,add,,"no case of ours contains 'add' together with ['dialog', 'opened']",<li>Add Part dialog is opened</li>
265,C2197,Vladimir Tomovic,Test Cases > Customers > Part Sales,COVERED-BY,custom_preconds,CANDIDATE GAP,PHRASING,customer navigated part,customer,,"no case of ours contains 'customer' together with ['navigated', 'part']",<li><p>User is navigated to any customer's Part Sales tab</p>
265,C2197,Vladimir Tomovic,Test Cases > Customers > Part Sales,COVERED-BY,custom_preconds,CANDIDATE GAP,PHRASING,base customer part,base,,"no case of ours contains 'base' together with ['customer', 'part']",{{BASE_URL}}/customers/{{CUSTOMER_ID}}/part-sales</li>
265,C2197,Vladimir Tomovic,Test Cases > Customers > Part Sales,COVERED-BY,step1.content,CANDIDATE GAP,PHRASING,counter item list,counter,,"no case of ours contains 'counter' together with ['item', 'list']",<li>Verify that the number of PS items on the list matches the counter number in the PS tab</li>
265,C2198,Vladimir Tomovic,Test Cases > Customers > Part Sales,COVERED-BY,custom_preconds,CANDIDATE GAP,PHRASING,customer navigated part,customer,,"no case of ours contains 'customer' together with ['navigated', 'part']",<li><p>User is navigated to the Customer's part sale page/tab</p>
265,C2198,Vladimir Tomovic,Test Cases > Customers > Part Sales,COVERED-BY,custom_preconds,CANDIDATE GAP,PHRASING,base customer part,base,,"no case of ours contains 'base' together with ['customer', 'part']",{{BASE_URL}}/customers/{{CUSTOMER_ID}}/part-sales</li>
265,C2198,Vladimir Tomovic,Test Cases > Customers > Part Sales,COVERED-BY,step1.content,CANDIDATE GAP,PHRASING,button new part,button,,"no case of ours contains 'button' together with ['new', 'part']",<li>Click on <strong>New Part Sale</strong> button</li>
265,C2198,Vladimir Tomovic,Test Cases > Customers > Part Sales,COVERED-BY,step1.expected,CANDIDATE GAP,PHRASING,modal new part,modal,,"no case of ours contains 'modal' together with ['new', 'part']",<li><strong>New part sale</strong> modal opens</li>
265,C2198,Vladimir Tomovic,Test Cases > Customers > Part Sales,COVERED-BY,step2.expected,CANDIDATE GAP,PHRASING,new part sale,new,,"no case of ours contains 'new' together with ['part', 'sale']",<li>Title <strong>New part sale</strong> is visible</li>
265,C2198,Vladimir Tomovic,Test Cases > Customers > Part Sales,COVERED-BY,step2.expected,CANDIDATE GAP,PHRASING,button close strong,button,,"no case of ours contains 'button' together with ['close', 'strong']",<li><strong>X</strong> (close) button is visible</li>
265,C2198,Vladimir Tomovic,Test Cases > Customers > Part Sales,COVERED-BY,step2.expected,CANDIDATE GAP,PHRASING,customer dropdown strong,customer,,"no case of ours contains 'customer' together with ['dropdown', 'strong']",<li><p><strong>Customer</strong> Dropdown is visible</p>
265,C2198,Vladimir Tomovic,Test Cases > Customers > Part Sales,COVERED-BY,step2.expected,CANDIDATE GAP,PHRASING,current customer selected,current,,"no case of ours contains 'current' together with ['customer', 'selected']",<li>Current customer is selected</li>
265,C2198,Vladimir Tomovic,Test Cases > Customers > Part Sales,COVERED-BY,step2.expected,CANDIDATE GAP,PHRASING,add adding buton,add,,"no case of ours contains 'add' together with ['adding', 'buton']",<li><strong>Add</strong> buton for adding a new customer is visible</li>
265,C2198,Vladimir Tomovic,Test Cases > Customers > Part Sales,COVERED-BY,step2.expected,CANDIDATE GAP,PHRASING,button save strong,button,,"no case of ours contains 'button' together with ['save', 'strong']",<li><strong>Save</strong> button is visible</li>
265,C2198,Vladimir Tomovic,Test Cases > Customers > Part Sales,COVERED-BY,step3.expected,CANDIDATE GAP,PHRASING,close modal new,close,,"no case of ours contains 'close' together with ['modal', 'new']",<li><strong>New part sale</strong> modal closes</li>
265,C2198,Vladimir Tomovic,Test Cases > Customers > Part Sales,COVERED-BY,step3.expected,CANDIDATE GAP,PHRASING,created part sale,created,,"no case of ours contains 'created' together with ['part', 'sale']",<li><p>Part Sale is created:</p>
265,C2198,Vladimir Tomovic,Test Cases > Customers > Part Sales,COVERED-BY,step3.expected,CANDIDATE GAP,PHRASING,created navigated newly,created,,"no case of ours contains 'created' together with ['navigated', 'newly']",<li>User is navigated to the <strong>newly created</strong> Part Sale page</li>
265,C2198,Vladimir Tomovic,Test Cases > Customers > Part Sales,COVERED-BY,step3.expected,CANDIDATE GAP,PHRASING,add modal part,add,,"no case of ours contains 'add' together with ['modal', 'part']",<li><strong>Add Part</strong> modal opens</li>
265,C30638,Vladimir Tomovic,Test Cases > Customers > Part Sales,COVERED-BY,custom_preconds,CANDIDATE GAP,PHRASING,charge core inventory,charge,,"no case of ours contains 'charge' together with ['core', 'inventory']","A Part Sale with an inventory part that carries a core charge, left unpicked (main request `in_stock`)"
265,C30638,Vladimir Tomovic,Test Cases > Customers > Part Sales,COVERED-BY,step1.content,CANDIDATE GAP,PHRASING,button grid inventory,button,,"no case of ours contains 'button' together with ['grid', 'inventory']","On the Parts-tab part-request grid, confirm the MAIN inventory row shows the Pick button"
265,C30638,Vladimir Tomovic,Test Cases > Customers > Part Sales,COVERED-BY,step2.content,CANDIDATE GAP,PHRASING,main pick row,main,,"no case of ours contains 'main' together with ['pick', 'row']",Click Pick on the MAIN row
245,C1943,Vladimir Tomovic,Test Cases > Administration > Settings > Staff > Staf filtering by fields,COVERED-BY,custom_preconds,CANDIDATE GAP,PHRASING,administration base navigated,administration,,"no case of ours contains 'administration' together with ['base', 'navigated']",<li>User is navigated to {BASE_URL}/administration/staff</li>
245,C1943,Vladimir Tomovic,Test Cases > Administration > Settings > Staff > Staf filtering by fields,COVERED-BY,step1.content,CANDIDATE GAP,PHRASING,first header name,first,,"no case of ours contains 'first' together with ['header', 'name']",<li>Click on First Name header</li>
245,C1943,Vladimir Tomovic,Test Cases > Administration > Settings > Staff > Staf filtering by fields,COVERED-BY,step1.expected,CANDIDATE GAP,PHRASING,first name sorted,first,,"no case of ours contains 'first' together with ['name', 'sorted']",<li>Staff is sorted by First Name A-Z</li>
245,C1943,Vladimir Tomovic,Test Cases > Administration > Settings > Staff > Staf filtering by fields,COVERED-BY,step2.expected,CANDIDATE GAP,PHRASING,first name sorted,first,,"no case of ours contains 'first' together with ['name', 'sorted']",<li>Staff is sorted by First Name Z-A</li>
245,C1944,Vladimir Tomovic,Test Cases > Administration > Settings > Staff > Staf filtering by fields,COVERED-BY,custom_preconds,CANDIDATE GAP,PHRASING,administration base navigated,administration,,"no case of ours contains 'administration' together with ['base', 'navigated']",<li>User is navigated to {BASE_URL}/administration/staff</li>
245,C1944,Vladimir Tomovic,Test Cases > Administration > Settings > Staff > Staf filtering by fields,COVERED-BY,step1.content,CANDIDATE GAP,PHRASING,header last name,header,,"no case of ours contains 'header' together with ['last', 'name']",<li>Click on Last Name header</li>
245,C1944,Vladimir Tomovic,Test Cases > Administration > Settings > Staff > Staf filtering by fields,COVERED-BY,step1.expected,CANDIDATE GAP,PHRASING,last name sorted,last,,"no case of ours contains 'last' together with ['name', 'sorted']",<li>Staff is sorted by Last Name A-Z</li>
245,C1944,Vladimir Tomovic,Test Cases > Administration > Settings > Staff > Staf filtering by fields,COVERED-BY,step2.expected,CANDIDATE GAP,PHRASING,last name sorted,last,,"no case of ours contains 'last' together with ['name', 'sorted']",<li>Staff is sorted by Last Name Z-A</li>
245,C1945,Vladimir Tomovic,Test Cases > Administration > Settings > Staff > Staf filtering by fields,COVERED-BY,custom_preconds,CANDIDATE GAP,PHRASING,administration base navigated,administration,,"no case of ours contains 'administration' together with ['base', 'navigated']",<li>User is navigated to {BASE_URL}/administration/staff</li>
245,C1945,Vladimir Tomovic,Test Cases > Administration > Settings > Staff > Staf filtering by fields,COVERED-BY,step1.expected,CANDIDATE GAP,PHRASING,email sorted staff,email,,"no case of ours contains 'email' together with ['sorted', 'staff']",<li>Staff is sorted by Email A-Z</li>
245,C1945,Vladimir Tomovic,Test Cases > Administration > Settings > Staff > Staf filtering by fields,COVERED-BY,step2.expected,CANDIDATE GAP,PHRASING,email sorted staff,email,,"no case of ours contains 'email' together with ['sorted', 'staff']",<li>Staff is sorted by Email Z-A</li>
245,C1946,Vladimir Tomovic,Test Cases > Administration > Settings > Staff > Staf filtering by fields,COVERED-BY,custom_preconds,CANDIDATE GAP,PHRASING,administration base navigated,administration,,"no case of ours contains 'administration' together with ['base', 'navigated']",<li>User is navigated to {BASE_URL}/administration/staff</li>
245,C1946,Vladimir Tomovic,Test Cases > Administration > Settings > Staff > Staf filtering by fields,COVERED-BY,step1.content,CANDIDATE GAP,PHRASING,header job title,header,,"no case of ours contains 'header' together with ['job', 'title']",<li>Click on Job Title header</li>
245,C1946,Vladimir Tomovic,Test Cases > Administration > Settings > Staff > Staf filtering by fields,COVERED-BY,step1.expected,CANDIDATE GAP,PHRASING,job sorted staff,job,,"no case of ours contains 'job' together with ['sorted', 'staff']",<li>Staff is sorted by Job Title A-Z</li>
245,C1946,Vladimir Tomovic,Test Cases > Administration > Settings > Staff > Staf filtering by fields,COVERED-BY,step2.expected,CANDIDATE GAP,PHRASING,job sorted staff,job,,"no case of ours contains 'job' together with ['sorted', 'staff']",<li>Staff is sorted by Job Title Z-A</li>
245,C1949,Vladimir Tomovic,Test Cases > Administration > Settings > Staff > Staf filtering by fields,COVERED-BY,custom_preconds,CANDIDATE GAP,PHRASING,administration base navigated,administration,,"no case of ours contains 'administration' together with ['base', 'navigated']",<li>User is navigated to {BASE_URL}/administration/staff</li>
245,C1949,Vladimir Tomovic,Test Cases > Administration > Settings > Staff > Staf filtering by fields,COVERED-BY,step1.expected,CANDIDATE GAP,PHRASING,ascending creation date,ascending,,"no case of ours contains 'ascending' together with ['creation', 'date']",<li>Staff is sorted by Creation date ascending.
245,C1949,Vladimir Tomovic,Test Cases > Administration > Settings > Staff > Staf filtering by fields,COVERED-BY,step2.expected,CANDIDATE GAP,PHRASING,creation date descending,creation,,"no case of ours contains 'creation' together with ['date', 'descending']",<li>Staff is sorted by Creation date descending.</li>
245,C1950,Vladimir Tomovic,Test Cases > Administration > Settings > Staff > Staf filtering by fields,COVERED-BY,custom_preconds,CANDIDATE GAP,PHRASING,administration base navigated,administration,,"no case of ours contains 'administration' together with ['base', 'navigated']",<li>User is navigated to {BASE_URL}/administration/staff</li>
245,C1950,Vladimir Tomovic,Test Cases > Administration > Settings > Staff > Staf filtering by fields,COVERED-BY,step1.content,CANDIDATE GAP,PHRASING,confirmed header invitation,confirmed,,"no case of ours contains 'confirmed' together with ['header', 'invitation']",<li>Click on Confirmed Invitation header</li>
245,C1950,Vladimir Tomovic,Test Cases > Administration > Settings > Staff > Staf filtering by fields,COVERED-BY,step1.expected,CANDIDATE GAP,PHRASING,ascending confirmed date,ascending,,"no case of ours contains 'ascending' together with ['confirmed', 'date']",<li>Staff is sorted by Confirmed Invitation date ascending</li>
245,C1950,Vladimir Tomovic,Test Cases > Administration > Settings > Staff > Staf filtering by fields,COVERED-BY,step2.expected,CANDIDATE GAP,PHRASING,confirmed date descending,confirmed,,"no case of ours contains 'confirmed' together with ['date', 'descending']",<li>Staff is sorted by Confirmed Invitation date descending</li>
245,C1951,Vladimir Tomovic,Test Cases > Administration > Settings > Staff > Staf filtering by fields,COVERED-BY,custom_preconds,CANDIDATE GAP,PHRASING,administration base navigated,administration,,"no case of ours contains 'administration' together with ['base', 'navigated']",<li>User is navigated to {BASE_URL}/administration/staff</li>
245,C1951,Vladimir Tomovic,Test Cases > Administration > Settings > Staff > Staf filtering by fields,COVERED-BY,step1.expected,CANDIDATE GAP,PHRASING,active sorted staff,active,,"no case of ours contains 'active' together with ['sorted', 'staff']",<li>Staff is sorted by Is Active y/n</li>
245,C1951,Vladimir Tomovic,Test Cases > Administration > Settings > Staff > Staf filtering by fields,COVERED-BY,step2.expected,CANDIDATE GAP,PHRASING,active sorted staff,active,,"no case of ours contains 'active' together with ['sorted', 'staff']",<li>Staff is sorted by Is Active n/y</li>
245,C1952,Vladimir Tomovic,Test Cases > Administration > Settings > Staff > Staf filtering by fields,COVERED-BY,custom_preconds,CANDIDATE GAP,PHRASING,administration base navigated,administration,,"no case of ours contains 'administration' together with ['base', 'navigated']",<li>User is navigated to {BASE_URL}/administration/staff</li>
245,C1952,Vladimir Tomovic,Test Cases > Administration > Settings > Staff > Staf filtering by fields,COVERED-BY,step1.expected,CANDIDATE GAP,PHRASING,billable sorted staff,billable,,"no case of ours contains 'billable' together with ['sorted', 'staff']",<li>Staff is sorted by Billable y/n</li>
245,C1952,Vladimir Tomovic,Test Cases > Administration > Settings > Staff > Staf filtering by fields,COVERED-BY,step2.expected,CANDIDATE GAP,PHRASING,billable sorted staff,billable,,"no case of ours contains 'billable' together with ['sorted', 'staff']",<li>Staff is sorted by Billable n/y</li>
276,C2219,Vladimir Tomovic,Test Cases > Administration > Settings > Admin portal > Staff,COVERED-BY,custom_preconds,CANDIDATE GAP,PHRASING,account logged navigated,account,,"no case of ours contains 'account' together with ['logged', 'navigated']",<ul><li><p>User is logged in with an admin account.</p></li><li><p>User is navigated to:
276,C2219,Vladimir Tomovic,Test Cases > Administration > Settings > Admin portal > Staff,COVERED-BY,custom_preconds,CANDIDATE GAP,PHRASING,.teamtools.shopview.com clicked env,.teamtools.shopview.com,,"no case of ours contains '.teamtools.shopview.com' together with ['clicked', 'env']","""{env}.teamtools.shopview.com/nova/resources/staff""&nbsp;</p></li><li><p>User has clicked on the ""Staff"" menu item on the right.</p></li></ul>"
276,C2219,Vladimir Tomovic,Test Cases > Administration > Settings > Admin portal > Staff,COVERED-BY,custom_steps,CANDIDATE GAP,PHRASING,header load staff,header,,"no case of ours contains 'header' together with ['load', 'staff']",<ul><li><p>Wait for the Staff page to load.</p></li><li><p>Check that the table headers are:
276,C2219,Vladimir Tomovic,Test Cases > Administration > Settings > Admin portal > Staff,COVERED-BY,custom_steps,CANDIDATE GAP,PHRASING,active applicable client,active,,"no case of ours contains 'active' together with ['applicable', 'client']","Name, Created At, Confirmed Invitation At, Active, Email, Job Title, Role, Client.</p></li><li><p>Check that rows are displayed with non-empty values where applicable.</p></li></ul>"
276,C2219,Vladimir Tomovic,Test Cases > Administration > Settings > Admin portal > Staff,COVERED-BY,custom_expected,CANDIDATE GAP,PHRASING,applicable column contain,applicable,,"no case of ours contains 'applicable' together with ['column', 'contain']","<ul><li>All columns are visible, and each row contains valid data or “—” where applicable.</li></ul>"
276,C2220,Vladimir Tomovic,Test Cases > Administration > Settings > Admin portal > Staff,COVERED-BY,custom_preconds,CANDIDATE GAP,PHRASING,account logged,account,,no case of ours contains 'account' together with ['logged'],<li><p>User is logged in with an admin account.</p></li>
276,C2220,Vladimir Tomovic,Test Cases > Administration > Settings > Admin portal > Staff,COVERED-BY,custom_preconds,CANDIDATE GAP,PHRASING,.portal.shopview.com dashboard env,.portal.shopview.com,,"no case of ours contains '.portal.shopview.com' together with ['dashboard', 'env']","""{env}.portal.shopview.com/dashboards/main""</p></li>"
276,C2220,Vladimir Tomovic,Test Cases > Administration > Settings > Admin portal > Staff,COVERED-BY,custom_preconds,CANDIDATE GAP,PHRASING,clicked item menu,clicked,,"no case of ours contains 'clicked' together with ['item', 'menu']","<li><p>User has clicked on the ""Staff"" menu item on the right.</p></li>"
276,C2220,Vladimir Tomovic,Test Cases > Administration > Settings > Admin portal > Staff,COVERED-BY,custom_steps,CANDIDATE GAP,PHRASING,active column locate,active,,"no case of ours contains 'active' together with ['column', 'locate']",<li><p>Locate the “Active” column.</p></li>
276,C2220,Vladimir Tomovic,Test Cases > Administration > Settings > Admin portal > Staff,COVERED-BY,custom_steps,CANDIDATE GAP,PHRASING,accepted checkmark green,accepted,,"no case of ours contains 'accepted' together with ['checkmark', 'green']",<p>Users who accepted the invite show a green checkmark.</p>
276,C2220,Vladimir Tomovic,Test Cases > Administration > Settings > Admin portal > Staff,COVERED-BY,custom_steps,CANDIDATE GAP,PHRASING,accept cross didn,accept,,"no case of ours contains 'accept' together with ['cross', 'didn']",<p>Users who didn’t accept show a red cross.</p></li>
276,C2220,Vladimir Tomovic,Test Cases > Administration > Settings > Admin portal > Staff,COVERED-BY,custom_expected,CANDIDATE GAP,PHRASING,accurately activation active,accurately,,"no case of ours contains 'accurately' together with ['activation', 'active']",<li>Active statuses accurately reflect user activation.</li>
276,C2221,Vladimir Tomovic,Test Cases > Administration > Settings > Admin portal > Staff,COVERED-BY,custom_preconds,CANDIDATE GAP,PHRASING,account logged,account,,no case of ours contains 'account' together with ['logged'],<li><p>User is logged in with an admin account.</p></li>
276,C2221,Vladimir Tomovic,Test Cases > Administration > Settings > Admin portal > Staff,COVERED-BY,custom_preconds,CANDIDATE GAP,PHRASING,.portal.shopview.com dashboard env,.portal.shopview.com,,"no case of ours contains '.portal.shopview.com' together with ['dashboard', 'env']","""{env}.portal.shopview.com/dashboards/main""</p></li>"
276,C2221,Vladimir Tomovic,Test Cases > Administration > Settings > Admin portal > Staff,COVERED-BY,custom_preconds,CANDIDATE GAP,PHRASING,clicked item menu,clicked,,"no case of ours contains 'clicked' together with ['item', 'menu']","<li><p>User has clicked on the ""Staff"" menu item on the right.</p></li>"
276,C2221,Vladimir Tomovic,Test Cases > Administration > Settings > Admin portal > Staff,COVERED-BY,custom_steps,CANDIDATE GAP,PHRASING,column created e.g,column,,"no case of ours contains 'column' together with ['created', 'e.g']","<li><p>Click on each column header (e.g., ""Name"", ""Created At"").</p></li>"
276,C2221,Vladimir Tomovic,Test Cases > Administration > Settings > Admin portal > Staff,COVERED-BY,custom_steps,CANDIDATE GAP,PHRASING,ascending behavior descending,ascending,,"no case of ours contains 'ascending' together with ['behavior', 'descending']",<li><p>Observe the sorting behavior (ascending/descending toggle</p></li>
276,C2221,Vladimir Tomovic,Test Cases > Administration > Settings > Admin portal > Staff,COVERED-BY,custom_expected,CANDIDATE GAP,PHRASING,ascending column correctly,ascending,,"no case of ours contains 'ascending' together with ['column', 'correctly']",<li>Column data gets sorted correctly in both ascending and descending order</li>
276,C2222,Vladimir Tomovic,Test Cases > Administration > Settings > Admin portal > Staff,COVERED-BY,custom_preconds,CANDIDATE GAP,PHRASING,account logged,account,,no case of ours contains 'account' together with ['logged'],<li><p>User is logged in with an admin account.</p></li>
276,C2222,Vladimir Tomovic,Test Cases > Administration > Settings > Admin portal > Staff,COVERED-BY,custom_preconds,CANDIDATE GAP,PHRASING,.portal.shopview.com dashboard env,.portal.shopview.com,,"no case of ours contains '.portal.shopview.com' together with ['dashboard', 'env']","""{env}.portal.shopview.com/dashboards/main""</p></li>"
276,C2222,Vladimir Tomovic,Test Cases > Administration > Settings > Admin portal > Staff,COVERED-BY,custom_preconds,CANDIDATE GAP,PHRASING,clicked item menu,clicked,,"no case of ours contains 'clicked' together with ['item', 'menu']","<li><p>User has clicked on the ""Staff"" menu item on the right.</p></li>"
276,C2222,Vladimir Tomovic,Test Cases > Administration > Settings > Admin portal > Staff,COVERED-BY,custom_steps,CANDIDATE GAP,PHRASING,filter icon right,filter,,"no case of ours contains 'filter' together with ['icon', 'right']",<li><p>Click the filter icon (top-right of the table).</p></li>
276,C2222,Vladimir Tomovic,Test Cases > Administration > Settings > Admin portal > Staff,COVERED-BY,custom_steps,CANDIDATE GAP,PHRASING,dialog dropdown filter,dialog,,"no case of ours contains 'dialog' together with ['dropdown', 'filter']",<li><p>Confirm a filter dialog or dropdown appears.</p></li>
276,C2222,Vladimir Tomovic,Test Cases > Administration > Settings > Admin portal > Staff,COVERED-BY,custom_expected,CANDIDATE GAP,PHRASING,filter many option,filter,,"no case of ours contains 'filter' together with ['many', 'option']",<li>A filter UI opens option of how many records do we want to see on page</li>
276,C2223,Vladimir Tomovic,Test Cases > Administration > Settings > Admin portal > Staff,COVERED-BY,custom_preconds,CANDIDATE GAP,PHRASING,account logged,account,,no case of ours contains 'account' together with ['logged'],<li><p>User is logged in with an admin account.</p></li>
276,C2223,Vladimir Tomovic,Test Cases > Administration > Settings > Admin portal > Staff,COVERED-BY,custom_preconds,CANDIDATE GAP,PHRASING,.portal.shopview.com dashboard env,.portal.shopview.com,,"no case of ours contains '.portal.shopview.com' together with ['dashboard', 'env']","""{env}.portal.shopview.com/dashboards/main""</p></li>"
276,C2223,Vladimir Tomovic,Test Cases > Administration > Settings > Admin portal > Staff,COVERED-BY,custom_preconds,CANDIDATE GAP,PHRASING,clicked item menu,clicked,,"no case of ours contains 'clicked' together with ['item', 'menu']","<li><p>User has clicked on the ""Staff"" menu item on the right.</p></li>"
276,C2223,Vladimir Tomovic,Test Cases > Administration > Settings > Admin portal > Staff,COVERED-BY,custom_steps,CANDIDATE GAP,PHRASING,locate row staff,locate,,"no case of ours contains 'locate' together with ['row', 'staff']","<li><p>On the Staff table, locate any row </p></li>"
276,C2223,Vladimir Tomovic,Test Cases > Administration > Settings > Admin portal > Staff,COVERED-BY,custom_steps,CANDIDATE GAP,PHRASING,column eye icon,column,,"no case of ours contains 'column' together with ['eye', 'icon']",<li><p>Click the eye icon in the last column of that row.</p></li>
276,C2223,Vladimir Tomovic,Test Cases > Administration > Settings > Admin portal > Staff,COVERED-BY,custom_steps,CANDIDATE GAP,PHRASING,detail member navigation,detail,,"no case of ours contains 'detail' together with ['member', 'navigation']",<li><p>Wait for navigation to the staff member's detail view page.</p></li>
276,C2223,Vladimir Tomovic,Test Cases > Administration > Settings > Admin portal > Staff,COVERED-BY,custom_steps,CANDIDATE GAP,PHRASING,detail following new,detail,,"no case of ours contains 'detail' together with ['following', 'new']",<li><p>Verify that the following details are visible on the new page:</p>
276,C2223,Vladimir Tomovic,Test Cases > Administration > Settings > Admin portal > Staff,COVERED-BY,custom_steps,CANDIDATE GAP,PHRASING,active inactive indicator,active,,"no case of ours contains 'active' together with ['inactive', 'indicator']",<p>Status (Active/Inactive toggle or indicator)</p>
276,C2223,Vladimir Tomovic,Test Cases > Administration > Settings > Admin portal > Staff,COVERED-BY,custom_steps,CANDIDATE GAP,PHRASING,confirmation date invitation,confirmation,,"no case of ours contains 'confirmation' together with ['date', 'invitation']",<p>Invitation Date and Confirmation Date</p>
276,C2223,Vladimir Tomovic,Test Cases > Administration > Settings > Admin portal > Staff,COVERED-BY,custom_steps,CANDIDATE GAP,PHRASING,available back button,available,,"no case of ours contains 'available' together with ['back', 'button']",<p>A back or edit button (if available)</p></li>
276,C2223,Vladimir Tomovic,Test Cases > Administration > Settings > Admin portal > Staff,COVERED-BY,custom_steps,CANDIDATE GAP,PHRASING,clicked data match,clicked,,"no case of ours contains 'clicked' together with ['data', 'match']",<li><p>Confirm that the data matches the row that was clicked on the staff table.</p></li>
276,C2223,Vladimir Tomovic,Test Cases > Administration > Settings > Admin portal > Staff,COVERED-BY,custom_expected,CANDIDATE GAP,PHRASING,correct detail member,correct,,"no case of ours contains 'correct' together with ['detail', 'member']",<li><p>Page navigates to the correct staff member’s profile/detail page.</p></li>
276,C2223,Vladimir Tomovic,Test Cases > Administration > Settings > Admin portal > Staff,COVERED-BY,custom_expected,CANDIDATE GAP,PHRASING,clearly information match,clearly,,"no case of ours contains 'clearly' together with ['information', 'match']",<li><p>All relevant user information is displayed clearly and matches the previous row.</p></li>
276,C2223,Vladimir Tomovic,Test Cases > Administration > Settings > Admin portal > Staff,COVERED-BY,custom_expected,CANDIDATE GAP,PHRASING,button include optionally,button,,"no case of ours contains 'button' together with ['include', 'optionally']",<li><p>UI may optionally include buttons to:</p>
276,C2224,Vladimir Tomovic,Test Cases > Administration > Settings > Admin portal > Staff,COVERED-BY,custom_preconds,CANDIDATE GAP,PHRASING,account logged,account,,no case of ours contains 'account' together with ['logged'],<li><p>User is logged in with an admin account.</p></li>
276,C2224,Vladimir Tomovic,Test Cases > Administration > Settings > Admin portal > Staff,COVERED-BY,custom_preconds,CANDIDATE GAP,PHRASING,.portal.shopview.com dashboard env,.portal.shopview.com,,"no case of ours contains '.portal.shopview.com' together with ['dashboard', 'env']","""{env}.portal.shopview.com/dashboards/main""</p></li>"
276,C2224,Vladimir Tomovic,Test Cases > Administration > Settings > Admin portal > Staff,COVERED-BY,custom_preconds,CANDIDATE GAP,PHRASING,clicked item menu,clicked,,"no case of ours contains 'clicked' together with ['item', 'menu']","<li><p>User has clicked on the ""Staff"" menu item on the right.</p></li>"
276,C2224,Vladimir Tomovic,Test Cases > Administration > Settings > Admin portal > Staff,COVERED-BY,custom_steps,CANDIDATE GAP,PHRASING,bar cody e.g,bar,,"no case of ours contains 'bar' together with ['cody', 'e.g']","<li><p>Type a full or partial name (e.g., ""Cody"") in the search bar.</p></li>"
276,C2224,Vladimir Tomovic,Test Cases > Administration > Settings > Admin portal > Staff,COVERED-BY,custom_steps,CANDIDATE GAP,PHRASING,filtered list observe,filtered,,"no case of ours contains 'filtered' together with ['list', 'observe']",<li><p>Observe the filtered list.</p></li>
276,C2224,Vladimir Tomovic,Test Cases > Administration > Settings > Admin portal > Staff,COVERED-BY,custom_expected,CANDIDATE GAP,PHRASING,match rows search,match,,"no case of ours contains 'match' together with ['rows', 'search']",<li>Only rows that match the search term are displayed.</li>
