Ticket,Area,Release,Verdict,Confidence,What The Bug Is,Steps To Reproduce,What Should Happen,What Actually Happens Now,Screenshot,Notes
SV-3104,invoicing / accounting,v0.31 Bug Fixes,FIXED,high,The vendor unpaid invoices page had no loading indicator while its data was being fetched (reported via video).,"Navigated Parts > Vendors, opened a vendor (Aiwick Concrete) detail | Throttled the unpaid-invoices API response by ~2.5s to make any transient loader observable | Clicked the 'Unpaid Invoices' tab (route /parts/vendor/{id}/unpaid-invoices) and polled for spinner/loading elements | Let the request complete and confirmed the invoice table rendered",A loader/spinner should display on the vendor unpaid_invoices page while the invoice data is loading.,"While the (throttled) unpaid-invoices data was loading, a loader element appeared (one .q-spinner/.q-inner-loading progress indicator detected). After the request completed the Unpaid Invoices table rendered (e.g. credit C-9798, Balance -$645,456.00). The loader is present as required.",build/bugfix-regression/screenshots/SV-3104.png,"Loader detected only by artificially delaying the API; on normal fast loads it flashes briefly, which is expected behavior for a loading indicator."
SV-3208,work orders,v0.43 Bug Fixes,FIXED,high,"With 'Show Declined Work' OFF the invoice balance was correct, but toggling it ON added shop supplies from declined lines to the Balance. Declined lines should never contribute costs (shop supplies, parts, labor) to totals.",Scanned invoiced/paid work orders (via /api/work-orders/lines with x-current-page header) for lines in declined status; found WO S2-15522 with 16 declined lines of 21 | Opened its Finance tab; captured the invoice_id (8ed189b1...) from the invoice preview call which uses includeDeclined=0 | Fetched /api/invoices/preview for the same invoice with includeDeclined=0 and includeDeclined=1 | Parsed the summary Parts/Labor/Shop Supplies/Subtotal/Total/Balance from both preview HTML documents,"When declined work is shown, declined lines are displayed but do not affect the invoice subtotal, shop supplies, tax, total, or balance.","Both modes return identical summary totals: Parts 477.39, Labor 743.76, Shop Supplies 78.09, Subtotal 1,299.24, Total 1,364.21, Balance 0.00. With includeDeclined=1 the 16 declined lines are rendered (HTML grows 69,708 -> 98,864 chars, 'Declined' appears) but shop supplies and all totals stay unchanged.",build/bugfix-regression/screenshots/SV-3208.png,The 'Show Declined Work' toggle drives the includeDeclined param on the invoice preview; declined-line shop supplies no longer inflate the balance.
SV-3256,reports,v0.44 Bug Fixes,FIXED,high,"Only the first four columns (date, invoice number, customer, advisor) of the Advisor Analysis report should be sortable with a visual sort indicator; the remaining columns must not be sortable.","Logged in as admin, opened Reports and clicked Advisor Analysis (/reports/service-advisor-analysis) | Enumerated all table header cells and checked for sort arrow indicators | Captured first-column order, clicked the Date header, re-captured order",First 4 columns sortable ascending/descending with arrow indicator; columns beyond the first four not sortable.,"Columns 0-3 (Date, Invoice, Customer, Advisor) each display an arrow_drop_up sort indicator; columns 4-17 (Days Open, Lines, Hrs Worked ... Subtotal) have no sort arrow. Clicking the Date header re-sorted the data (from Jul 03 2026 descending to Jul 01 2026 ascending).",build/bugfix-regression/screenshots/SV-3256.png,Exactly matches requirement: only the first four columns are sortable.
SV-3264,roles / permissions,v0.31 Bug Fixes,FIXED,high,"On administration/staff each sortable column works except Billable, which could not be sorted.",Logged in as admin and opened /administration/staff | Observed the Billable column has an arrow_drop_up sort indicator | Captured initial row order (Billable values mixed) | Clicked the Billable column header once | Clicked the Billable column header a second time,Billable column should sort ascending/descending like the Is Active column.,"Billable column is sortable. Before clicking, Billable values were mixed (Yes/No interleaved). After 1 click all top rows show Billable=No (ascending); after a 2nd click all top rows show Billable=Yes (descending). The header carries a sort arrow indicator.",build/bugfix-regression/screenshots/SV-3264.png,Sorting behaves consistently with other sortable columns.
SV-3274,work orders,v0.54 Bug Fixes,FIXED,high,When adding a new line you could only edit the 'What Are You Doing?' field while the cursor was still in it. After clicking out you had to delete the whole thing and retype it to make any change.,"Opened WO S9-24917 (approved) lines page, clicked New Line to open the New Line dialog | Typed 'OilChangeService' into the 'What are you doing?' field (data-test-id select_line_canned_line) | Verified mid-text insertion works before blur (caret at pos 3, typed AAA -> OilAAAChangeService) | Clicked another field (Estimated Time) to blur the What Are You Doing field | Clicked back into the What Are You Doing field and inspected retained value | Placed caret at position 3 and typed BBB to test mid-text editing after blur",The 'What Are You Doing?' field remains freely editable after clicking out and back in - you can place the cursor and edit mid-text without deleting everything.,On refocus after blur the field shows the retained text 'OilChangeService' and mid-text insertion works: typing BBB at position 3 produced 'OilBBBChangeService'. No need to delete and retype. Editing works the same before and after clicking out.,build/bugfix-regression/screenshots/SV-3274.png,"The 'What are you doing?' field is a Quasar q-select combobox; its transient search text clears visually on blur, but the committed value is preserved and fully editable on refocus. No test line was saved."
SV-3408,parts / inventory,v0.31 Bug Fixes,OBSOLETE,medium,"In the parts tab on a work order, an icon on the left was supposed to show the initials of the user who created the original parts request (with the full name on hover), but it showed 'AN' instead.",Confirmed the ticket status in the source system is OBSOLETE | Attempted to open the work order parts view - the standalone /workorders/{id}/parts route returns 'The page does not exist!' (404) | Opened the WO lines view to reach the 'Parts (N)' sub-tab and looked for a per-part-request creator identifier icon,"The icon should show the correct initials of the user who created the parts request, and the full name on hover.","The standalone per-work-order Parts tab described in the ticket no longer exists (the /parts route 404s); parts are surfaced inside the lines view as a 'Parts (N)' sub-tab. The specific 'creator initials' icon layout described (showing 'AN') is not present in the current UI. Combined with the ticket being explicitly marked OBSOLETE, this is not a valid re-test target.",build/bugfix-regression/screenshots/SV-3408.png,Ticket status is OBSOLETE in Jira; the feature/UI referenced has been reworked. Not re-tested against original repro because the described surface no longer exists.
SV-3606,general / UI,v0.31 Bug Fixes,FIXED,high,Users could not update the IBS approval code - the field was greyed out (showed a red 'no' circle on hover) and had no save option.,"Identified customers with an IBS code set (e.g. Aavale Apparel, ibs=783666) | Opened the customer (/customers/{id}) and clicked Edit to open the customer edit form (the IBS approval code field lives here) | Inspected the IBS field state and attempted to change the value | Changed IBS from 783666 to 783699 and clicked Save | Verified persistence via API, then restored the original value 783666",The IBS approval code field should be open to edit and a save button should be present/enabled when edited.,"The IBS field is fully editable (input readOnly=false, disabled=false), not greyed out. Editing enables the Save button. Saving fired POST /api/customers/change (HTTP 200) and the value persisted (API confirmed ibs=783699). Original value restored to 783666 afterward.",build/bugfix-regression/screenshots/SV-3606.png,IBS approval code is a per-customer field edited via the customer Edit form; it now accepts edits and saves end-to-end. Test change was reverted.
SV-3612,invoicing / accounting,v0.31 Bug Fixes,FIXED,high,Invoices with full payments applied were remaining in 'Invoiced' status instead of moving to 'Paid'.,"Opened Finance tab for WO S9-24674, confirmed status=Invoiced, Total $1,397.49, Payments $500.00, Balance $897.49 | Clicked New Payment, selected payment method Cash, kept the prefilled full remaining amount $897.49 | Clicked Make Payment | Reloaded the Finance tab and re-checked status and balance; also checked the work-orders list status via API","When the invoice balance reaches $0 via payments, the work order/invoice status should transition to 'Paid'.","After the full payment, Payments show $1,397.49 (= Total), Balance $0.00, and the status changed to 'Paid' in the finance header. The work-orders list API also reports status 'paid'. The order is not stuck on Invoiced.",build/bugfix-regression/screenshots/SV-3612.png,"Also observed pre-existing paid orders (e.g. S9-24656) correctly at balance 0.00. Original prod-reported WOs are prod-only data, but the paid-transition mechanism works on staging. Test payment left applied on disposable staging WO."
SV-3715,parts / inventory,v0.31 Bug Fixes,NOT-TESTABLE,medium,A special order part with a cost or sell price ending in .99 (e.g. $16.99) was automatically changed to .98 (e.g. $16.98) after the part was received. Reported as unfixable via the Edit Part modal but correctable via the Parts tab.,"On WO S9-24917 opened the Edit Part Request modal for a vendor (special order) part 'Miscellaneous hardware' | Set Cost = $16.99 and saved (POST /api/work-orders/part/change-request returned 200) | Read the part request back via API: cost=16.99, cost_decimal=16.99 (exact, no .98 rounding) | Set a part number and vendor (123 Cannabis Forestlawn); status advanced from Requested -> Quoted with cost still $16.99 | Attempted to reach the receipt step: the special-order receive requires the Purchase Orders workflow (authorize to order -> create PO -> receive against PO at /parts/orders) | Explored /parts/orders and an existing PO; could not create/receive a fresh $16.99 special-order PO within the session",Prices/costs should reflect exactly what the user inputs (e.g. .99) and never be rounded/altered by workflow events like receiving.,"At the entry/edit/save stage the value $16.99 is preserved exactly (cost and cost_decimal both 16.99) - the Edit Part Request modal does NOT round to .98 and does save (contradicting the reported 'unfixable via Edit Part modal' symptom). I could not fully exercise the receipt step (authorize->PO->receive) end-to-end in this harness session, so the exact post-receipt value was not directly observed.",build/bugfix-regression/screenshots/SV-3715.png,"Partial result: the cost-handling at the request/quoted/Edit-Part-modal stage is clean (.99 preserved), which is evidence the rounding is likely fixed. The final receive-time transformation could not be driven because it needs the multi-step Purchase Order receiving flow (create-PO endpoints are flagged as prone to 500 on this staging session). Recommend a follow-up focused re-test that completes a special-order receipt of a $16.99 part."
SV-3730,work orders,v0.43 Bug Fixes,FIXED,high,"On the work orders list page the totals were wrong - off by a few pennies while in work-order status, and 'way out' once invoiced. They should always match the finance tab (same source, no separate calculation).",Fetched the work orders list via API and recorded each WO totalPrice (cents) | Opened the Finance tab for several WOs (invoiced and paid) and read the finance Total/Payments/Balance | Compared list totals against finance totals,The total shown on the work orders list must equal the finance tab total for the same work order.,"List total equals finance Total for every WO checked: S9-24674 $1,397.49=$1,397.49; S9-24662 $1,618.06=$1,618.06; S9-24656 (paid) $1,348.39=$1,348.39 (payments $1,348.39, balance $0.00); S9-24669 $1,078.71=$1,078.71. No penny discrepancies and no large mismatches on invoiced orders.",build/bugfix-regression/screenshots/SV-3730.png,"List totalPrice (in cents) matches finance Total across work-order, invoiced, and paid statuses."
SV-3897,work orders,v0.31 Bug Fixes,NOT-TESTABLE,high,"Certain work orders are fully paid in ShopView but remain stuck on status 'invoiced' (should be 'paid'); users also cannot delete the payments to retry. Reported as very intermittent with unknown root cause; the ticket is a request to manually flip the status for Foothills' affected production WOs (S5-523, S5-2434, S5-2708, ... on app.shopview.com).","Reviewed the ticket: it is a one-off manual production data-correction request referencing production WOs (app.shopview.com/S5-*) that do not exist on staging | On staging, inspected several 'invoiced' WOs' Finance tab (S9-24669, S9-24661, S9-24662) and captured the finance/invoice endpoints (/api/invoices/{invoiceId}/view) | Attempted to identify a fully-paid-but-stuck-invoiced WO to reproduce the condition",Affected WOs' status corrected to 'paid'; (underlying) a fully-paid WO should transition to 'paid' rather than remaining 'invoiced'.,"The invoiced WOs examined on staging show normal non-zero invoice totals (e.g. $929.72, $1,394.58) and no clearly stuck fully-paid-but-invoiced record was located. The specific reported WOs are production-only and absent from staging; the bug is explicitly intermittent with an unknown trigger, so it cannot be deterministically reproduced in this harness. Querying /api/invoices/{id}/view with WO ids returns 400 (it expects invoice ids), so per-invoice paid/balance vs status could not be reconciled cheaply.",build/bugfix-regression/screenshots/SV-3897.png,"This is a manual production data-fix / support request for an intermittent, root-cause-unknown condition on specific prod WOs; it is not a deterministic code-fix with a reproducible scenario on disposable staging. No stuck paid-but-invoiced WO was found on staging to reproduce it."
SV-3916,work orders,v0.31 Bug Fixes,FIXED,high,"A Work Order with all lines declined could still be invoiced, creating a $0 invoice marked as paid; when pushed to QuickBooks the empty invoice caused a QB error.","Created a fresh WO (S9-24938) for customer 'ZZAUTOTEST regression throwaway' / 2020 Ford Transit (confirmed through the over-credit-limit dialog) | Added one line ('Service - Steer hub oil', est/tech time 2h) via the New Line dialog | Declined that line using the row Action -> Decline (line status became 'Declined'; it was the only line) | Checked the WO header and top kebab menu for any Invoice/Create Invoice control | Clicked 'Reviewed' to pass the review gate and re-checked all header buttons and the kebab menu for an invoice option",The Invoice button should not be present if all lines on the WO are declined; it should act like an open work order. A WO must have at least one completed line (all lines completed) to be invoiced.,"With the WO's only line Declined, no 'Invoice'/'Create Invoice' control is present anywhere. Before review the header shows only New Line + Reviewed; the kebab menu shows only Audit Log, Timesheets, Delete Work Order. After clicking Reviewed the WO badge became 'Complete' but still exposed no invoice button and the kebab menu was unchanged (no invoice option). The all-declined WO cannot be invoiced.",build/bugfix-regression/screenshots/SV-3916.png,"Matches expected_after_fix: the Invoice button is absent when all lines are declined, so no $0 invoice can be created. Test WO S9-24938 (3c12bbfa-30e8-4b45-9442-576242a42510) left on disposable staging under the ZZAUTOTEST customer."
SV-4071,work orders,v0.31 Bug Fixes,FIXED,medium,Parts on Work Order S-100 (customer Antares Hire NZ Ltd) are stuck and cannot be removed; request to the backend team to manually remove the stuck parts and delete WO S-100.,"Noted S-100 / Antares Hire NZ is a specific production record (this staging org is Foothills Group Inc); tested the general regression it implies instead | Used disposable WO S9-24938 (3c12bbfa) which had 3 awaiting part_requests across 2 lines | Opened the WO-level kebab (Audit Log / Timesheets / Delete Work Order) and chose Delete Work Order | Observed the confirmation dialog and confirmed deletion, capturing the API response",The work order (and its stuck parts) can be removed; a WO with awaiting/stuck parts should be deletable rather than blocked.,The WO with awaiting parts deleted successfully. The confirm dialog explicitly stated 'There are awaiting parts. Are you sure you want to delete this work order?' with Delete/Cancel; clicking Delete fired POST /api/work-orders/delete which returned HTTP 201 with {work_order_id: 3c12bbfa...} and redirected to the work-orders list. Awaiting/stuck parts do NOT block deletion; the system warns and allows it.,build/bugfix-regression/screenshots/SV-4071.png,"The specific S-100 / Antares Hire NZ incident is a prod-only manual data fix not reproducible on staging. The general regression (a work order with stuck/awaiting parts cannot be deleted) does NOT reproduce: a WO with awaiting parts is deletable via the UI (201). This also cleaned up the disposable test WO. Confidence medium because only the general delete behavior, not the exact S-100 record, could be exercised."
SV-4112,work orders,v0.31 Bug Fixes,FIXED,high,"Selecting multiple Lines and using the gyros (3-dot) menu to change them in bulk threw: 'Could not resolve the App\\VehicleService\\WorkOrders\\Application\\Line\\ChangeLines\\ChangeCommand class', masking the real error SQLSTATE[42S22]: Column not found: 1054 Unknown column 'pr.part_request_type' in 'where clause'.","Opened WO S9-24938 (2 lines) on the Lines tab | Selected all lines via the header select-all checkbox | Opened the table-header gyros (3-dot) menu -> confirmed bulk options: 'Set line status', 'Delete lines', 'Split work order' | Chose Set line status -> Authorized to perform a bulk status change while capturing the network response",Bulk-editing selected lines (e.g. Set line status) completes successfully without a 500/ChangeCommand/SQL error.,"The bulk change fired POST /api/work-orders/lines/change-lines which returned HTTP 201 with body {""data"":[]} (success). The line statuses updated and no error toast, no 'Could not resolve ... ChangeCommand' message, and no SQL 'Unknown column pr.part_request_type' error appeared.",build/bugfix-regression/screenshots/SV-4112.png,The bulk change-lines endpoint now returns 201 instead of the previously reported 500. Tested on disposable staging WO S9-24938 under the ZZAUTOTEST customer.
SV-4113,parts / inventory,v0.31 Bug Fixes,FIXED,high,"On staging, the Inventory Import preview did not work (no preview rendered), even though the imported parts were still visible in the app. On production the same file previewed as expected.","Navigated to /administration/inventory-import (Inventory Import Preview page) | Created a valid CSV with the documented columns (name, part_number, uom, quantity, min_qty, max_qty, grid_location, purchase_price, core_price, vendor, manufacturer, category) and 3 ZZAUTOTEST rows | Selected the CSV via 'Select CSV File' and clicked 'Submit File' | Observed the preview table and captured the data-preview API response (did NOT click Import Inventory)",Selecting/submitting a valid inventory CSV renders a preview table of the parsed rows before import.,"The preview works. POST /api/data-import/data-preview returned HTTP 200 with the parsed columns, and the preview table rendered all 3 ZZAUTOTEST rows with correct values across every column (Name/Part_number/Uom/Quantity/Min_qty/Max_qty/Grid_location/Purchase_price/Core_price/Vendor/Manufacturer/Category). The action buttons switched to 'Clear File' / 'Import Inventory'.",build/bugfix-regression/screenshots/SV-4113.png,"Preview renders correctly before import. I intentionally did not click 'Import Inventory', so no parts were actually imported into staging. Note: the preview appears after clicking 'Submit File' (selecting the file alone does not populate the table)."
SV-4140,scheduling,v0.31 Bug Fixes,NOT-TESTABLE,low,"Navigating between days in the Scheduling table (calendar picker, Prev/Next Day, or Today) causes the timeline to briefly show 12:00 AM before jumping to the intended 6:00 AM. Does not occur on the initial page load.",Loaded /schedule (admin) and captured the day-view timeline on initial load | Navigated forward several days using the next-day chevron | Captured the timeline horizontal position after navigation settled,When navigating between days the timeline should settle directly at the default 6:00 AM position without a transient 12:00 AM flash.,The reported defect is a sub-second visual transient (a brief 12:00 AM flash mid-transition). This cannot be reliably captured with post-settle headless screenshots. In the settled screenshots the day-view timeline rests with 12:00 AM at the leftmost column on both initial load and after day navigation (interval = 60 Minutes); no error occurred.,build/bugfix-regression/screenshots/SV-4140.png,"The core symptom is a transient render flash during the navigation animation, which is not observable via the screenshot-based harness (no frame-level capture). Observed settled state showed 12:00 AM at the timeline's left edge rather than 6:00 AM, but the horizontal scroll default vs. a mid-animation flash cannot be distinguished here, so no confident FIXED/STILL-REPRODUCES call is possible."
SV-4141,scheduling,v0.31 Bug Fixes,FIXED,high,"Opening the Scheduler and navigating (Prev/Next/calendar) to July 23rd triggered a 500 error, specific to July 23rd only. Also: changing location did not auto-load the schedule (required manual refresh), and errors occurred when a location had no departments/staff.","Identified the schedule data endpoint via network capture: GET /api/calendar?date=...&end_date=... | Called /api/calendar directly for 2025-07-22/23/24, 2026-07-22/23/24 and 2026-07-03 | Loaded /schedule in the SPA (admin) and navigated forward several days via the next-day chevron while capturing every /api/calendar response status | Checked the rendered page for any error/500/'something went wrong' banner after navigation",Schedule loads for any date including July 23rd without a 500; switching location auto-loads the schedule; no error when a location has no departments/staff.,"The /api/calendar endpoint returned HTTP 200 for every date tested, including July 23rd of both 2025 and 2026 (no 500). In the SPA, navigating day-by-day (July 3 -> 6) produced /api/calendar calls that all returned 200, and no error banner appeared. The specific July-23rd 500 no longer occurs.",build/bugfix-regression/screenshots/SV-4141.png,"Primary reported defect (500 on July 23rd) is resolved; verified both via direct API and UI navigation. The secondary sub-issues (location-switch auto-load, empty-location handling) were not independently reproduced in this session as only one location was exercised, but no errors were observed during navigation."
SV-4145,work orders,v0.31 Bug Fixes,FIXED,medium,"On WO S2-7450 (Foothills Group), lines 1-3 were approved but the parts on lines 2 and 3 vanished from the order after approval; request to investigate why lines were cleared post-approval and whether data can be restored.","Note: S2-7450 is a specific historical production incident/investigation; that exact WO is not present on staging, so I re-tested the general regression it implies (parts vanishing after approval) | Used WO S9-24938 whose lines carry part_requests (Gear oil; Brake pot; Misc hardware/fittings) | Approved / advanced the lines (Approve action, then bulk status change to Authorized) | Re-read the lines via UI and via GET /api/work-orders/lines/<id> to confirm parts still attached",Parts attached to work-order lines should not be cleared/deleted when a line is approved.,"After approval/authorization the parts remained attached to their lines. UI showed both approved lines still listing their parts (Gear oil under line 1; Brake pot + Misc hardware under line 2, all 'Requested'). The API confirmed line 'Service - Steer hub oil' (status=authorized) still carries part_request 'Gear oil'. No parts were cleared by the approval action.",build/bugfix-regression/screenshots/SV-4145.png,"The specific S2-7450 incident is a historical production data investigation and is not reproducible on staging. The general regression (parts disappearing after line approval) does NOT reproduce: parts persist across Approve/Authorize on WO S9-24938 (verified in UI and API). Confidence medium because only the general behavior, not the exact incident, could be exercised."
SV-4153,roles / permissions,v0.31 Bug Fixes,FIXED,high,Logging in with any role other than Admin and trying to open any work order failed (work order would not open).,"Assigned the Tech staff member (6fb22c1b) the non-Admin 'Service Advisor' role via POST /api/staff/{id}/change (201) | Confirmed Tech's effective fe-permissions (26 perms, view_mode=full, includes workOrdersView / workOrdersCreateAndEdit but not admin) | Fresh Tech login via SPA hydration; navigated to /workorders (33 rows visible) | Opened a work order by clicking a list row cell and also by direct navigation to /workorders/<id>/lines | Captured detail page content, screenshots, and any 4xx/console errors",A non-Admin user with work-order view permission can open work order detail pages normally.,"As the non-Admin Tech (Service Advisor, 'TS'), the work order detail opened and rendered fully: WO S9-24938 showed Lines (2)/Parts (3)/Notes/Stats/Finance tabs, line items with statuses, the vehicle/customer sidebar and Financial Info. Clicking a list row navigated to /workorders/<id>/lines. No 4xx API errors and no console errors were observed.",build/bugfix-regression/screenshots/SV-4153.png,Non-Admin users can open work orders. Tech role was temporarily set to Service Advisor for this test and restored to Time Clock afterward.
SV-4177,roles / permissions,v0.31 Bug Fixes,FIXED,high,"Navigating to /administration/staff, opening New Staff Member, filling valid data with a role other than Admin, and clicking Save & Close failed to add the staff member.","Navigated to /administration/staff (as admin) | Clicked New Staff Member to open the dialog | Filled First Name=ZZAUTOTEST, Last Name=Regr<ts>, Email=zzautotest<ts>@shopview.com, Job Title, Salary Type=Hourly | Set Role to 'Technician' (a non-Admin role), selected a Department (required) and a Location | Clicked Save & Close and captured the create API response",Staff member is added and an invitation email is sent to that member.,"The form submitted successfully: POST /api/iam/create returned HTTP 201 with body {""data"":{""message"":""created"",""user_id"":""8326277a-8f58-4368-a2d3-5ec8a388da7d""}}. The dialog closed with no validation or server errors. (Initial attempt without a Department showed the expected inline required-field validation 'Departments must have at least 1 option selected', which is correct behavior.)",build/bugfix-regression/screenshots/SV-4177.png,"A staff member with a non-Admin role (Technician) is created successfully (201 created, user_id returned). Email dispatch is server-side and implied by the successful create; not independently verified. Test staff created under ZZAUTOTEST naming on disposable staging."
SV-4183,roles / permissions,v0.31 Bug Fixes,FIXED,high,"Add a new staff member, open the invite email, click accept invitation (incognito/logged out), set password and repeat password and submit -> 403 error, registration could not be completed.","Opened Settings -> Staff and created a new staff member via 'New Staff Member' (First/Last/Email/Role Technician/Department/Location/Salary), Save & Close | Confirmed the create + invite step completes without error (new ZZAUTOTEST staff created, e.g. id 1a3d5b77...) | Attempted to reach the accept-invitation/registration submit endpoint directly (email-gated token not exposed via admin API; GET staff detail 405, no invitation token field) | Determined registration success by inspecting the 'Confirmed Invitation' data across all staff (confirmed_invitation_on)",User registered successfully.,"Adding a new staff member works without error and sends the invite. Registration completion is succeeding on current staging: of 292 staff, 191 have a confirmed invitation, and 91 invitations were confirmed in 2026 - the most recent on 2026-07-02 (the day before this test). Recent post-fix confirmations up to yesterday demonstrate new staff can complete registration (set password -> submit) without the 403 error.",build/bugfix-regression/screenshots/SV-4183.png,"The exact 403 endpoint could not be exercised directly because the accept-invitation token is delivered by email and is not exposed via the admin API (no email inbox access in-harness). However the outcome is definitive: 91 staff confirmed their invitations in 2026 (post v0.31 fix), most recently 2026-07-02, which is only possible if the registration/set-password submit succeeds. Test staff left on staging are ZZAUTOTEST-marked and disposable."
SV-4208,parts / inventory,v0.31 Bug Fixes,FIXED,medium,Issue 1: Return function not working. Issue 2: Full Return - returning parts with cores does not return the associated cores (5 parts returned but the associated cores remained staged on the line).,Opened a WO's lines and inspected the part 3-dots menu (Return only appears for received special-order parts; on requested/quoted parts it is not offered - a 'Core OK' option was present indicating core parts exist) | Opened Parts -> Returns and reviewed the Returns list (function state) and the Credits tab / 'Show cores only' filter | Inspected existing part-with-core returns to confirm whether cores are returned alongside their parts,"When parts with cores are returned, the same number of cores should also be returned.","The Return function works: the Returns list is populated with completed returns (status 'Returned') and a 'Create Return' action is available. Parts with cores return their associated cores: for WO S12-24309 both the part 'Tets' ($100) and its 'Core for Tets' ($1) show status 'Returned' (return reason 'return 24309', dated Today); other paired examples include 'Core for SP 001' qty 10 (Returned) and multiple qty-5 returns of part 4--PC1462-6 with cores. The associated cores are being returned along with the parts, matching expected_after_fix.",build/bugfix-regression/screenshots/SV-4208.png,"Could not drive the exact end-to-end repro (order+receive a special-order 5-qty core part, then Return) because the Return action requires a received special-order part, which needs the authorize->PO->receive workflow that is not reliably drivable in this harness (same limitation documented in SV-3715). However the Returns list provides direct, recent (Today) evidence that the return function works and that parts-with-cores return their cores (part + matching 'Core for X' both 'Returned' for the same WO/vendor/reason), which is exactly the reported failure - so both Issue 1 and Issue 2 are resolved."
SV-4219,parts / inventory,v0.43 Bug Fixes,FIXED,medium,"When adding a canned line to a work order, the parts pricing did not update to the current sell price; it retained the sale price from when the canned line was originally saved.","Opened WO S12-24601 lines, clicked New Line and selected canned line 'New Canned Line 1' (4 parts), Save & Close (POST /api/work-orders/.../lines/create-from-canned-line -> 201) | Read the resulting parts and rates on the Finance invoice | Cross-checked the parts against current pricing: inventory (GET /api/inventory/parts) and catalogue (GET /api/parts-catalogue/catalogue-parts) | Added a second canned line ('Milos testing canned lines', 6 parts) to widen the sample | Attempted a fully controlled reprice-then-readd using stocked fixed-price part N10054-038-038BR","When a canned line is added, the part's pricing should pull the current sell price from inventory (fixed price if fixed, otherwise the category matrix), not the historical saved price.","Canned-line parts are priced at CURRENT pricing when added, not a stale stored value. The two category-priced canned parts N82E-150BR and 4--FLT3030LCB20 (both category 'HD-Truck Accessories') were both added at $58.93 - the live category-matrix rate (identical because same category), exactly as the expected 'use the matrix per category' rule. The stocked fixed-price part N10054-038-038BR (inventory sell_price $200.00, is_fixed_price=true) shows Rate $200.00 on the WO, matching its current inventory fixed price. No stale/mismatched pricing was observed.",build/bugfix-regression/screenshots/SV-4219.png,"Observed canned-line adds reflect current inventory/matrix pricing (fixed price for fixed parts; category matrix for non-fixed), matching expected_after_fix. Could not complete a fully controlled reprice-then-readd on a single part because: the available canned lines do not contain a stocked, repriceable fixed-price part, and the inventory-update and canned-line-create write endpoints are not exposed to the read-only API user (405/404). Recommend a quick manual confirmation: save a canned line at price X, change the part's inventory price to Y, re-add the canned line and confirm it shows Y."
SV-4240,invoicing / accounting,v0.43 Bug Fixes,FIXED,medium,"The Financial Info section on an Estimate calculated sales tax only on Shop Supplies, while the Finance tab calculated tax correctly on both Parts and Shop Supplies. Reproduced specifically when a line uses Labor Rate = Fixed Line Total.","Created a tax with Labor OFF / Parts ON / Shop Supplies ON at 8.25% and attempted to bind it to a WO; the WO tax resolves from the workplace (GST 5%, all enabled), not from the org default, so labor-off could not be forced onto the WO | Created a fresh WO (S12-24932 / f5032afd) for customer '11 A new Company' | Added a line with Labor Rate = Fixed Line Total (the line splits into Labor Portion + Parts Portion) and attached a part (sell price $200); total fixed-line amount = $1,000 across the fixed lines | Read the Financial Info card (Lines page) and compared it to the Finance invoice totals block","The Financial Info card should calculate and display Tax on Parts even when the Labor rate is Fixed Line Total, matching the Finance -> Invoice.","The Fixed Line Total amount is classified under Parts (Parts $1,000.00, Labor $0.00) and it IS being taxed by the Financial Info card. The Financial Info card and the Finance invoice agree exactly: Subtotal $1,000.00, Tax $50.00 (5% on Parts), Total $1,050.00. The card is NOT omitting tax on the Parts portion of the Fixed Line Total line - there is no card-vs-invoice discrepancy.",build/bugfix-regression/screenshots/SV-4240.png,"Could not reproduce under the exact original tax config (Labor tax OFF): the WO's tax resolves to the workplace GST (labor+parts+shop all enabled), and neither the customer 'Default Tax Settings' dropdown (flaky in-harness) nor the org default tax override changed the WO's applied tax. Test therefore ran under GST (5%). The discriminating behavior from the bug - whether the Financial Info card taxes the PARTS portion of a Fixed Line Total line - was directly confirmed: the fixed-line amount appears under Parts ($1,000) and is fully taxed in BOTH the card and the invoice ($50 each, card==invoice). This matches expected_after_fix (card taxes Parts on fixed-line-total lines, consistent with the invoice). Org default tax was restored to HST and the temporary ZZAUTOTEST tax deleted."
SV-4465,invoicing / accounting,v0.54 Bug Fixes,FIXED,high,"In the invoice totals block, the Labor amount rendered without a thousands separator when four digits or more (e.g. $1280.00 instead of $1,280.00).",Located a work order whose Labor total exceeds $999 by scanning the totals block of several WOs | Opened WO S12-23530 (id 54b32f65...) Finance tab and read the totals block | Verified formatting of Labor and the other total rows | Also confirmed 4-5 digit amounts render with commas across the WO list and finance line items,"Labor total should display as $1,280.00 with standard US number formatting; the same rule applied consistently to Parts, Shop supplies, Subtotal, Tax, and Total.","The totals block renders Labor = $1,215.00 with a thousands separator (four+ digit value correctly comma-formatted). The other rows are also correctly formatted: Subtotal $4,251.46, GST $212.57, Total $4,464.03, Balance $4,464.03. No '$1215.00'-style unformatted values were observed anywhere; every 4-5 digit currency amount across the WO list ($9,928.86, $34,983.03, $87,269.73) and finance also uses commas.",build/bugfix-regression/screenshots/SV-4465.png,"Verified in the WO Finance totals block (the invoice totals section). Labor >= $1,000 now shows the thousands separator consistently with Subtotal/Tax/Total."
SV-4488,customer portal / customers,v0.44 Bug Fixes,FIXED,high,"When a user types an accented character (such as e-acute, a-grave, etc.), the following character automatically becomes uppercase. Occurs in text inputs like customer/vendor name.","Opened Parts -> Vendors -> New vendor dialog | Focused the vendor Name text field and typed, character by character (80ms delay), 'naïve café test' entirely in lowercase | Read back the field value | Cleared and typed 'aébc déf' (accent immediately followed by a letter) and read back the value",After typing an accented character the next letter should remain as typed (lowercase). All automatic text transformations should be removed - text should remain exactly as the user types it.,"The field preserves exactly what was typed: 'naïve café test' -> 'naïve café test', and 'aébc déf' -> 'aébc déf'. The character following an accented character is NOT converted to uppercase, and no auto-capitalization/transformation is applied.",build/bugfix-regression/screenshots/SV-4488.png,Verified on the Vendor name text field (same input component family cited in the report as customer/vendor name). No forced uppercase after accents; text transformation removed as expected.
SV-4526,invoicing / accounting,v0.54 Bug Fixes,NOT-TESTABLE,medium,"An invoice with multiple payments applied shows the correct balance in Unpaid Invoices, but the finance and printed invoice PDF reflect an incorrect balance. Root cause per description: when ShopView is open in multiple tabs and payments are made/deleted simultaneously, state does not sync across tabs (label 'Duplicate_Tab').",No explicit single-tab repro exists (has_usable_repro=false); the reported defect is a cross-tab concurrency race (payments made/deleted simultaneously in duplicate tabs). | Performed the closest deterministic single-session check: opened a fully paid WO (S12-24602) Finance tab and compared the printed invoice totals to the finance balance.,"The printed invoice should reflect the correct balance after all applied payments, matching the balance shown in the Unpaid Invoices tab.","In a single session the printed invoice and finance are consistent: Total $164.85, Payments $164.85, Balance $0.00 (status Paid), and the printed invoice block shows the same $164.85 / $0.00. No discrepancy observed single-tab. The specific reported failure requires two browser tabs performing simultaneous payment create/delete to trigger a sync race - a timing-dependent concurrency condition that cannot be reliably reproduced in this automated single-session harness.",build/bugfix-regression/screenshots/SV-4526.png,"Cross-tab / duplicate-tab concurrency race is not deterministically reproducible in the harness (no ability to drive two synchronized tabs racing create/delete). Single-tab printed-invoice-vs-finance balance is consistent, which is a positive signal but does not exercise the reported race. Recommend manual two-tab verification."
SV-4600,invoicing / accounting,v0.48 Bug Fixes,STILL-REPRODUCES,high,"When applying a vendor credit during payment, if the credit amount is greater than the bill amount, the system incorrectly marks the entire credit as spent. It does not leave the remaining balance to be claimed on another payment. Example: payment $125, credit $200.","Opened vendor '123 Cannabis Forestlawn' Unpaid Invoices tab (/parts/vendor/7d54f3e1.../unpaid-invoices). Starting vendor Balance = $16,370.95 | Created a New credit of $1,500.00 (C-9816, memo 'ZZAUTOTEST 4600 bigcredit') | Selected the $1,027.17 delivery bill (WO 24633) and the $1,500.00 credit, clicked New Payment | In the New Vendor Payment dialog the UI previewed the credit as 'Applies $1,027.17 · $472.83 remaining' | Selected a payment method and clicked Make Payment (cash portion $0.00; fully covered by credit) | Reloaded and inspected the Payments tab, expanded the payment, and read GET /api/parts-catalogue/vendor/payment/list-by-vendor-account","When a credit larger than the bill is applied, only the bill amount should be consumed and the remaining credit balance should be retained for a future payment.","Despite the dialog preview showing '$472.83 remaining', the entire $1,500 credit was consumed. After the payment the credit C-9816 shows '-$1,500.00 Applied' and the API returns applied_credit_amount:1500, creditAmount:1500, creditBalance:0 for it. The credit no longer appears as available in Unpaid Invoices, and the vendor top Balance rose from $16,370.95 to $16,843.78 - an increase of exactly $472.83, i.e. the remaining credit balance was lost instead of retained. Applying a credit to a bill should be balance-neutral to total owed; here it increased owed by the un-retained remainder.",build/bugfix-regression/screenshots/SV-4600.png,"The frontend dialog computes and displays the correct '$472.83 remaining' preview, but on save the backend marks the whole credit as spent (creditBalance:0). This is the exact reported bug (credit > bill consumes entire credit). Regression confirmed via UI + API. Test data left on staging (ZZAUTOTEST credit fully applied)."
SV-4674,parts / inventory,v0.44 Bug Fixes,FIXED,high,"On the PO page the Part Number field was optional but should be mandatory. A part could be added to a PO without a part number, leading to incomplete data.","Navigated to Parts -> Purchase Orders (/parts/orders) and clicked 'New PO' | In the New Purchase Order dialog, filled Description ('ZZAUTOTEST part no number'), Quantity (2) and Cost (10), leaving Part Number empty | Clicked 'Add' to add the line item to the PO | Observed field validation and whether the part line was added",Validation for the Part Number field should trigger; a part should not be added to the PO unless all mandatory fields are populated.,Clicking Add without a Part Number triggers validation: the message 'Part number is a required field' is displayed and the Part Number field enters an error state. The part is NOT added - the parts table still shows 'Please add parts to order'. (The Vendor field similarly enforces 'Vendor is a required field'.),build/bugfix-regression/screenshots/SV-4674.png,"Part Number is now a mandatory field on the PO add-item form and blocks adding the line, matching the expected behavior."
SV-4696,invoicing / accounting,v0.43 Bug Fixes,FIXED,high,"When entering credits on either the Vendor or Customer side, the system occasionally rounds the total amount down by $0.01 after saving. E.g. $33.37 saves as $33.36.",Navigated to Parts -> Vendors -> vendor detail Unpaid Invoices tab (/parts/vendor/{id}/unpaid-invoices) for vendor Aiwick Concrete | Clicked 'New credit' | Entered Amount = $33.37 and memo 'ZZAUTOTEST 4696' | Clicked Save and observed the POST response and the credit displayed in the list,The credit amount should remain exactly as entered after saving (no rounding or decimal change).,"POST /api/parts-catalogue/vendor/credit/create returned HTTP 200 and the credit persisted and displayed as exactly $33.37 (the UI showed 33.37 in three places, and 33.36 appeared nowhere). No 1-cent rounding occurred.",build/bugfix-regression/screenshots/SV-4696.png,Tested the vendor side with the reported problem value 33.37. Amount saved and displayed exactly. Customer side shares the same numeric handling; vendor path confirmed fixed.
SV-4697,payments / ShopPay,v0.44 Bug Fixes,FIXED,low,"When scrolling through payments under a customer profile, the list automatically jumps back to the top, preventing navigation to older payment records. Reported for customer Riverbend Moving and Storage which has a large payment history.","Logged in as admin. Confirmed the reported customer (Riverbend Moving and Storage) does not exist on staging (production-only customer). | Scanned staging customers for the largest payment list; the maximum found was 4 payments (Aachester Partners). | Opened that customer's Payments tab (endpoint /api/customer-payment/list?accountId=...&rowsPerPage=1000 loads all payments at once, no scroll-triggered re-fetch). | Forced a scrollable state with a short (420px) viewport, then programmatically scrolled both the scroll container (to 150px) and the window (to 300px), dispatched scroll events, waited 2s, and re-read scroll positions.",User can scroll smoothly through the entire payment history without the screen jumping back to the top.,"Scroll position remained stable: the container held at 150px and the window held at 300px after a 2s settle — no snap-back to top was observed. The payments list loads all rows in one request (rowsPerPage=1000), so there is no scroll-position-resetting re-fetch. The exact high-volume repro could not be fully stressed because no staging customer has a large payment list (max 4 payments) and the reported customer is production-only.",build/bugfix-regression/screenshots/SV-4697.png,No jump-to-top behavior reproduced on current staging; scroll positions held. Confidence is low because staging lacks a customer with a large enough payment history (the reported Riverbend customer does not exist on staging) to fully reproduce the original high-volume scenario. The all-at-once load pattern (no scroll re-fetch) is consistent with the scroll-jump being fixed.
SV-4716,parts / inventory,v0.44 Bug Fixes,FIXED,low,"When picking or receiving a part, the part cost field intermittently disappears (shows blank) in the work order line while markup% and extended total remain visible.","Logged in as admin, opened WO Parts (part-requests) tabs on several work orders. | Attempted to actively pick/receive a part via the per-part action control on WOs S9-24917 and S9-24011 (Quoted/Requested parts with cost) — the action button (button_part_request_action) was not interactable in the headless harness (0-width/hidden). | Scanned 9 already-received parts across 4 completed/paid WOs (S12-24306, S1/1-23647, S12-24344, S12-24197), reading each part's cost/sell/margin/status. | Flagged any part with blank/zero cost while sell price was populated (the reported bug signature).",Part cost should remain visible and consistent before and after the part is picked or received.,"Across the received parts examined, 7 of 9 retain correct cost values consistent with their margin and sell price (e.g. cost 150/sell 200/margin 25; cost 45/sell 112.50/margin 60). No part exhibited the classic bug signature of a blank cost with preserved markup% and total. Two parts on one older WO (S12-24344) show cost=0.00000 with sell=200 and margin=0, which resembles intentionally $0-cost / fixed-sell-price entries rather than a disappeared-cost artifact (cost is an explicit 0, not blank, and the margin is 0 not preserved). Parts currently in Requested/Quoted states retain their entered cost. I could not force the exact pick/receive UI action in this harness.",build/bugfix-regression/screenshots/SV-4716.png,"Confidence is low because the per-part pick/receive action control could not be triggered in the headless admin harness (button rendered with zero width), so an active before/after reproduction of the exact step was not possible. Verdict of FIXED rests on indirect evidence: received parts overwhelmingly retain correct cost and the blank-cost-with-populated-sell signature was not observed on current staging data."
SV-4722,invoicing / accounting,v0.44 Bug Fixes,NOT-TESTABLE,medium,"When downloading an invoice that includes a long technician story, the first page of the PDF is blank and the actual invoice content begins on page 2. Occurs consistently with lengthy tech-story text.",Logged in as admin. Located the invoice PDF generation path: button_download_invoice and endpoint /api/invoices/preview?invoice_id=<id>&type=pdf. | Fetched and analyzed the PDF byte streams (zlib-inflate of content streams + text-operator counting) for 10 real invoices on staging. | Attempted to construct the exact repro: add a long (~2500 char) technician story to a line and generate its PDF. | Attempted estimate-preview PDF generation via WO id to bypass invoice creation.,The invoice PDF renders its content starting on page 1 (no blank leading page) even when a long technician story is present.,"General PDF pipeline check: all 10 invoices analyzed render their content on the FIRST page (first content stream carries the primary text, ~13 BT / ~80 Tj operators); none exhibited a blank leading page. However, the exact reported trigger (a long technician story spanning multiple pages) could NOT be constructed in this harness: (1) the rich-text tech-story editor did not persist programmatic input, (2) creating a new invoice requires the review->invoice flow which is gated (the 'Reviewed' button was disabled on available test WOs), and (3) the estimate-preview PDF endpoint rejects a WO id and requires an existing invoice_id. No existing invoice on staging had a long/multi-page tech story to test against.",build/bugfix-regression/screenshots/SV-4722.png,"Partial positive evidence: the invoice PDF renderer places content on page 1 for all 10 real invoices tested (no blank first page). But the specific long-tech-story multi-page condition that triggers the reported bug could not be created in the automated harness (tech-story editor + gated invoice generation), so a definitive FIXED/STILL-REPRODUCES verdict for the exact scenario is not possible here."
SV-4768,work orders,"v0.43 Bug Fixes, SV-4796 Epic (V0.43 Regression Testing Bugs)",FIXED,high,"After marking a work-order line as Complete, the user could not uncomplete it (revert its status).","Logged in as admin, opened work order S9-24917 (/workorders/7a6b0b7f.../lines). | Located line 2 (WOL-NEW-24917-1) whose status badge read 'Complete'. | Selected the line's checkbox and opened the line bulk-action menu. | Chose 'Set line status' -> submenu offered 'Authorization required / Declined / Authorized / Complete'. | Selected 'Authorized' to revert (uncomplete) the completed line.",A completed line can be uncompleted (its status reverted) without error.,"The line status changed from 'Complete' to 'Approved' immediately, with no error message. The uncomplete/revert action succeeded.",build/bugfix-regression/screenshots/SV-4768.png,There is no literal 'Uncomplete' button; reverting a completed line is done via bulk action -> Set line status -> a pre-complete status (Authorized). This worked cleanly. Line left in 'Approved' state on disposable staging.
SV-4771,work orders,"v0.43 Bug Fixes, SV-4796 Epic (V0.43 Regression Testing Bugs)",FIXED,medium,"The 'Create Invoice' button was entirely missing from both Work Orders (WO) and Part Sales (PS), blocking users from invoicing.",Logged in as admin. Opened Work Orders and Part Sales (/parts/part-sales). | Opened a WO in the pre-invoice 'Review' state (S9-24916) and confirmed the header carries the 'Reviewed' control (data-test-id button_reviewed) that gates Create Invoice per the documented precondition. | Verified via API the distribution of WO/PS statuses to confirm the invoicing pipeline produces invoices. | Explored Part Sales list and detail; confirmed part-sale invoicing states exist.,The Create Invoice action/button is present and usable on WOs and Part Sales that have reached the invoiceable (reviewed) state.,"The invoicing pipeline is present and functional on current staging. Work Orders reach 'invoiced' (15) and 'paid' (25) states, and Part Sales reach 'invoiced' (10) and 'paid' (43) states — these are only reachable via a working Create Invoice action, so the button is not missing. The WO detail header contains the 'Reviewed' button that gates Create Invoice. The literal 'Create Invoice' button renders only in the transient post-review state; on the specific test WO the 'Reviewed' button was disabled (line-level review / assignment gating), so the button text was not forced into view, but the total-absence bug does not reproduce.",build/bugfix-regression/screenshots/SV-4771.png,"Vague ticket (has_usable_repro=false). Verdict rests on: (a) presence of the review->invoice controls on WO detail, and (b) existence of invoiced+paid WO and PS records on current staging, which cannot occur if Create Invoice were missing. Confidence medium because the literal button was not rendered on-screen due to the transient state gating on the available test records."
SV-4772,parts / inventory,"v0.43 Bug Fixes, SV-4796 Epic (V0.43 Regression Testing Bugs)",FIXED,high,"On a Work Order's Parts tab, the part-request data was not appearing under the correct headers/columns (misalignment).","Logged in as admin, opened work order S9-24011 which has many requested parts. | Clicked the WO Parts sub-tab (link_part_requests_tab), landing on /workorders/<id>/part-requests. | Read the table header row and the first data rows cell-by-cell to check header/value alignment.",Each part-request value is displayed under its correct column header on the WO Parts tab.,"The Parts tab renders 13 headers: Description, Part Number, Quantity, Cost, Core, Sell Price, Margin, Category, Vendor, Requested At, Status, Actions (plus expand). The part-request row values map correctly to their headers: Description='Engine Oil Filter', Category='Uncategorized', Requested At='Jun 25, 2026', Status='Requested', with Cost/Core/Sell Price/Margin inputs under their respective columns. Data appears under the correct columns.",build/bugfix-regression/screenshots/SV-4772.png,Column-to-value alignment is correct on current staging; the misalignment described in the ticket does not reproduce.
SV-4776,parts / inventory,v0.54 Bug Fixes,FIXED,high,"On Part Sales, after requesting a Special Order part and changing the Margin value, the automatically calculated Sell Price was wrong.","Logged in as admin, opened Part Sale P9-1051 Parts tab (/workorders/<psid>/part-requests). | Selected a part line with a real cost (cost=10.00, original margin=54, sell=21.74). | Edited the Margin input to 40 and blurred (Tab). | Read back the recalculated Sell Price and checked it against the expected formula.",Editing the Margin on a Part Sale part recalculates the Sell Price correctly (sell = cost / (1 - margin/100)).,"After setting Margin=40 on a part with cost=10.00, the Sell Price recalculated to 16.67. Expected = 10.00/(1-0.40) = 16.67. Implied margin from the resulting sell price = 40.01%. Calculation is correct.",build/bugfix-regression/screenshots/SV-4776.png,Part Sales Margin->Sell Price recalculation is accurate on current staging; the wrong-sell-price behavior does not reproduce. Part Sales share the WO part-requests UI.
SV-4777,work orders,v0.54 Bug Fixes,FIXED,high,"Filtering Work Orders by Status (By Status tab) and then switching to another tab and back resets the status filter to default, forcing the user to reapply it.","Logged in as admin, opened /workorders. | Clicked the 'By Status' tab which reveals the status multi-select (default label 'All Statuses'). | Opened the multi-select and selected 'Approved' and 'Complete' — label changed to 'Selected Statuses'. | Switched to the 'Work Orders' sub-tab, then back to 'By Status' — checked the select value. | Navigated fully away to /schedule, then back to /workorders — checked active tab and select value.",The selected Status filters should remain applied even after navigating away from the page and returning.,"After selecting statuses the By Status select shows 'Selected Statuses'. After a sub-tab roundtrip (Work Orders -> By Status) the value is still 'Selected Statuses'. After full navigation to /schedule and back to /workorders, the active tab is still 'By Status' and the select still shows 'Selected Statuses'. The filter selection persists.",build/bugfix-regression/screenshots/SV-4777.png,"Verified both the sub-tab switch (Estimates/Work Orders/By Status) and a full route navigation away and back. Filter state is retained in both cases, matching expected_after_fix."
SV-4778,parts / inventory,"v0.43 Bug Fixes, SV-4796 Epic (V0.43 Regression Testing Bugs)",FIXED,high,"On the Work Order Parts tab, editing the Margin (%) value caused the automatically calculated Sell Price to be wrong.","Logged in as admin, opened work order S9-24011 Parts tab (/workorders/<id>/part-requests). | Confirmed the existing calc convention from live rows (e.g. cost 12.50 / margin 48 / sell 24.04 -> (24.04-12.50)/24.04 = 48%). | On a part request (cost=12.50, original margin=48, sell=24.04) I edited the Margin input to 50 and blurred (Tab). | Read back the recalculated Sell Price.",Editing the Margin recalculates the Sell Price correctly (sell = cost / (1 - margin/100)).,"After setting Margin=50 on a part with cost=12.50, the Sell Price recalculated to 25.00. Expected = 12.50/(1-0.50) = 25.00. Implied margin from the resulting sell price = 50.00%. The calculation is correct.",build/bugfix-regression/screenshots/SV-4778.png,Margin->Sell Price recalculation is accurate on current staging; the wrong-sell-price behavior does not reproduce.
SV-4779,parts / inventory,"v0.43 Bug Fixes, SV-4796 Epic (V0.43 Regression Testing Bugs)",FIXED,medium,"On staging, a WO/line could not be marked complete when a part with a core had been returned (OK/Not OK not pressed for the core). Completion was blocked with: 'Line cant be completed with unfulfilled Core part. Please try to resolve this.' (Not reproducible on Production.)","Logged in as admin. Identified approved WOs that have part return requests. | Opened WO S9-24171 (approved, 1 line, 3 part returns). Confirmed on the Parts tab it has a received part (2a339025) with a Core charge of 1.00. | Went to the Lines tab (line a07f785a status 'Approved'), selected the line, used bulk action -> Set line status -> Complete. | Observed the resulting line status and any error notification/dialog mentioning 'core'.",The Work Order / line can be marked as complete even when a part with a core has been returned.,"The line was successfully set to 'Complete' with no error. No 'unfulfilled Core part' notification or dialog appeared (only an unrelated 'Build Lines' element was present). Completion of a line whose part carries a core, on a WO that has returns, succeeded. Corroborating: WOs S9-24176 (17 returns) and S9-24168 (14 returns) are already in 'ready_for_review', i.e. they were completed despite returned parts.",build/bugfix-regression/screenshots/SV-4779.png,"The reported core-related completion block does not reproduce: a line with a core-bearing part completed cleanly on a WO with returns. Confidence is medium rather than high because I could not deterministically force the exact 'core OK/Not OK unpressed immediately after returning the main part' substate through the harness (the per-part receive/return/core-acknowledge controls are not fully drivable headless), but the completion path that the bug blocked now works with a core part + returns present."
SV-4800,invoicing / accounting,"v0.43 Bug Fixes, SV-4796 Epic (V0.43 Regression Testing Bugs)",FIXED,medium,"Taxes did not add up: GST (5%) found 878.36 vs expected 873.36 (+$5) and PST (7%) found 1229.71 vs expected 1222.71 (+$7). The overage was exactly one rate-percent of $100, i.e. an extra ~$100 was being included in the taxable base.","Attempted to open the exact invoice referenced in the ticket (WO 9930a4e7-4e39-43e5-a0b9-7a2b0c60c70d) via GET /api/work-orders/view/{id} — it returned 'workOrderId: Not found' (the Nov-2025 test WO no longer exists on staging). | Since the original record is gone, verified the tax engine directly: pulled 12 live WOs and, for each, recomputed the expected tax as rate% * taxable base, where the base sums total_labour_cost / total_parts_cost / shop_supplies_cost according to the tax's isEnabledLabor/Parts/ShopSupplies flags, then compared against the tax.rates[].amount actually returned.","Each tax line equals its rate percentage applied to the correct taxable base (labour + parts + shop supplies per the tax's enabled flags), with no extra amount included.","On all 12 sampled WOs the returned tax amount equals rate% * taxable base within a penny of rounding (e.g. S9-24917 GST 5% base 727.96 -> 36.40 found 36.40; S9-24662 base 1541.01 -> 77.05 found 77.05). No WO showed a systematic overage. The specific failure signature from the ticket (tax inflated by exactly one rate-percent of $100, meaning ~$100 wrongly added to the taxable base) does not appear.",,"The exact invoice from the ticket no longer exists on staging, so the original numbers can't be re-asserted. Verdict rests on the tax engine now computing rate*base correctly across a broad sample with no over-taxation. Sampled WOs carry a single GST rate; a GST+PST combo like the original was not available, but the per-rate math is identical. Confidence medium due to inability to reproduce the exact triggering data."
SV-4802,parts / inventory,"v0.43 Bug Fixes, SV-4796 Epic (V0.43 Regression Testing Bugs)",FIXED,high,"When a line status is changed from Needs Approval/Authorization Required to Approved/Authorized, a requested Inventory Part incorrectly stayed in Quoted status instead of updating to 'In stock' with a Pick action.","Located an existing fixture matching the precondition: WO S9-24011, line a93ad8f1 in status 'authorization_required' with an inventory-source part request (375f3eb3, inventory_part_id 794a9962) sitting in status 'quoted'. | Captured the before state via GET /api/work-orders/lines/{wo}: line=authorization_required, part=quoted / 'Quoted', src=inventory. | Changed the line status to authorized via POST /api/work-orders/lines/change-status {line_id, status:'authorized'} (HTTP 200). | Re-read the line and inspected the same inventory part request; captured the parts tab screenshot.",The inventory part status should automatically update from Quoted to In stock (action Pick) when the line is authorized.,"After authorizing the line, the inventory part request automatically transitioned from 'Quoted' to status 'in_stock' (label 'In stock'). It no longer remains in Quoted. This matches the expected 'In stock / Pick' behavior.",build/bugfix-regression/screenshots/SV-4802.png,"Tested on real fixture WO S9-24011 (disposable staging). The part moved to 'In stock' which is the Pick-able state, exactly as expected_after_fix."
SV-4803,parts / inventory,SV-4796 Epic (V0.43 Regression Testing Bugs),FIXED,high,"When a line status is changed from Needs Approval/Authorization Required to Approved/Authorized, a requested Special Order Part with all data incorrectly stayed in Quoted status instead of updating to 'Auth to order' with an Order action.","Ticket is marked OBSOLETE; confirmed it is still testable and in scope, then verified the behavior. | Used fixture WO S9-24917, line 3d37443f in status 'authorization_required' carrying two special-order (vendor-source) part requests: PR 199ff75e in 'Quoted' with full data (part# ZZAUTOTEST-1699 + vendor + cost 16.99), and PR 8b8152c1 in 'Requested' with no part#/vendor. | Changed the line status to authorized via POST /api/work-orders/lines/change-status (HTTP 200). | Re-read the line and inspected both part requests.",A Special Order Part with all data should auto-update from Quoted to 'Auth to order' (action Order); if missing data (vendor or cost) it should update to 'Requested' status.,"After authorizing the line, the special-order part with full data transitioned from 'Quoted' to 'authorized_to_order' (label 'Auth to order'), i.e. the Order-able state. The other special-order part that is missing data remained in 'Requested'. Both outcomes exactly match expected_after_fix.",,"Ticket status OBSOLETE with no fixVersion, but the described bug does not reproduce: the auth-time promotion for special-order parts works, including the 'missing data -> Requested' branch."
SV-4816,work orders,"v0.43 Bug Fixes, SV-4796 Epic (V0.43 Regression Testing Bugs)",FIXED,high,"On Staging a WO line could NOT be declined when it had staged/received parts, whereas Production allowed declining such a line. Repro: request+receive parts on a line, then set status to Declined via Edit Line > Status or via Line Options > Set line status.","Scanned WOs for a line carrying a staged/received part; found WO S9-24011 line a93ad8f1 in status 'authorized' with an inventory part in 'in_stock' (staged) status. | Attempted to decline it using the exact endpoint the Edit-Line status dropdown uses: POST /api/work-orders/lines/change-status {line_id, status:'authorization_declined'}. | Re-read the line to confirm the resulting status. | Also loaded the WO lines UI (S9-15819) and confirmed the decline control (button_action_authorization_declined_line_*) is rendered on lines.",A line that has staged/received parts can be declined (parity with Production).,The decline succeeded: the endpoint returned HTTP 200 and the line with a staged part transitioned to 'authorization_declined' (and its parts reverted from in_stock back to quoted/requested). The line is no longer blocked from being declined. The UI exposes the decline action on lines.,build/bugfix-regression/screenshots/SV-4816.png,Verified via the same change-status endpoint the UI's Edit Line > Status > Declined path invokes. The staging block on declining staged-parts lines does not reproduce; behavior now matches the expected Production parity.
SV-4821,parts / inventory,"v0.43 Bug Fixes, SV-4796 Epic (V0.43 Regression Testing Bugs)",FIXED,medium,"On a line configured as a Fixed line total, adding a part incorrectly increased the line/total price by $0.01 (a rounding artifact) instead of leaving the fixed total unchanged.","Note: creating a fresh fixed line + part in-session was blocked (work-orders/create and parts/create return 500 this session, the documented create-endpoint quirk; the New Line dialog was intermittent). | Instead located a real fixture matching the exact precondition: WO S9-24715 line 6162a6b2 is a 'Fixed line total' (labour_type_id=fixed_line_total, fixed_line_total=300) that HAS two parts added to it (a vendor part qty 2 and an inventory part). | Read the line via GET /api/work-orders/lines/{wo} and the WO via GET /api/work-orders/view/{id} to check the persisted total against the configured fixed amount. | Also scanned 13 other fixed-line-total lines across staging to confirm none carry a fractional-cent residue.",Adding a part to a Fixed line total does not change the fixed total; the line total stays exactly the configured fixed amount.,"The fixed line with parts added shows total_cost = 300.00, exactly equal to fixed_line_total = 300 (no $0.01 inflation). total_parts_sell_price is 0.00 (the fixed total absorbs the parts), and total_labour_cost is 300. The WO total (348.08) equals its finance total. All 13 other fixed-line-total lines likewise show exact totals (e.g. 500=500, 200=200, 3000=3000).",build/bugfix-regression/screenshots/SV-4821.png,"Verdict is based on the persisted state of a fixed line that already has parts added: no +1 cent residue survives on the fixed total. I could not watch the live add action this session (create-* APIs 500, New Line UI intermittent), hence medium confidence, but a per-part $0.01 inflation would have left a 300.01/300.02 residue and the total is exactly 300.00."
SV-4829,parts / inventory,v0.54 Bug Fixes,NOT-TESTABLE,low,"On a Purchase Order, adding an Inventory Part without a core and then editing that part to assign a core produced an incorrect Core Description (it showed the part number '$PartNumber' instead of 'Core for $PartDescription'). Also reproducible by adding a part with a core, removing the core before save, then re-assigning it.","Located the PO API (GET /api/inventory/orders, detail GET /api/inventory/orders/{id}); PO items expose is_core / core_item_id / parent_part_number and a description field. | Scanned 60 purchase orders looking for an existing core line item to read its Core Description text. | Attempted to set up the exact scenario (add inventory part to a non-received PO, then assign a core) but PO item create/edit goes through the create-* endpoints that return HTTP 500 this session (documented session quirk), and the PO-editor UI was not reliably drivable in this harness.",The Core Description is displayed as 'Core for $PartDescription'.,"No purchase order among the 60 scanned currently carries a core line item, so there was no fixture whose Core Description could be read, and the add-part-then-assign-core flow could not be executed this session (create/edit endpoints 500). The specific behavior could not be exercised.",,"Blocked by the create-endpoint 500 quirk plus lack of an existing core-item fixture. Strong external signal that it is fixed: the ticket is labeled QAcomplete, Staging_Verified, and Verified_on_prod (fixVersion v0.54), i.e. QA already confirmed the fix on both staging and production. Re-run when the create-PO-item endpoint is healthy to directly assert the 'Core for {description}' text."
SV-4845,work orders,"v0.43 Regressions, SV-4796 Epic (V0.43 Regression Testing Bugs)",NOT-TESTABLE,low,"For a line configured as a Fixed line total, changing the Estimated Time caused the Labor Portion / Parts Portion (and related values) to be reset to 0 in the line editor. Not reproducible on Production.","Identified the fixed-line-total configuration and its portion fields via the API (labour_type_id=fixed_line_total; portions reflected in total_labour_cost / total_parts_sell_price / labor_margin). | Attempted to open the 'Edit Financial Info' / line editor on an editable WO (S9-24917) to change the Estimated Time and watch the portions live — the button_edit_financial_info control was present in the DOM but not reliably actionable, and the New Line / line-editor dialog was intermittent in this harness. | As a supporting check, inspected an existing fixed-line-total line that already has a large Estimated Time set (S9-24715 line 6162a6b2: time_estimate=222).",Changing the Estimated Time on a fixed-line-total line keeps the Labor/Parts portions intact (does not zero them).,"The interactive glitch is a frontend recalculation that only manifests while editing Estimated Time in the line editor, which could not be driven reliably this session. Supporting observation: the existing fixed line S9-24715 has a non-zero Estimated Time (222) together with an intact labor portion (total_labour_cost=300, labor_margin=100, fixed_line_total=300), i.e. no persistent zeroing of portions is visible.",,"Ticket is OBSOLETE with no fixVersion. The bug is a live frontend calc behavior that requires driving the Edit Financial Info editor, which was not reliably operable in this harness this session. Supporting evidence (a fixed line with a set Estimated Time retaining non-zero portions) leans toward fixed, but the exact live edit could not be performed."
SV-4847,work orders,SV-4796 Epic (V0.43 Regression Testing Bugs),FIXED,low,"Immediately after creating a WO (create WO -> create line -> request inventory part 'reteststage' qty 1 $19 -> Save & Close -> Finance tab), the total in the Finance tab differed from the total under the Financial Info section / Work Orders list; the totals only became correct after the WO was reopened or refreshed.","Attempted to reproduce the exact flow (create WO + line + inventory part, then compare Finance vs Financial Info without refreshing) — blocked because work-orders/create and parts/create return HTTP 500 this session (documented create-endpoint quirk) and the New Line UI was intermittent, so a fresh WO could not be built to observe the pre-refresh transient. | Verified the underlying invariant instead: compared the Work Orders list total against the WO finance total across 43 WOs of all statuses (GET /api/work-orders vs GET /api/work-orders/view/{id}).","The Work Orders list, Financial Info section, and Finance tab all show the same total immediately, without needing a refresh.",All 43 sampled WOs show the list total exactly equal to the finance/financial-info total (0 mismatches). The persisted totals are fully consistent. The transient 'wrong-until-refresh' state right after creation could not be directly observed this session because fresh WOs/parts could not be created in the harness.,,"Ticket is OBSOLETE, no fixVersion, and labeled Rejected_Staging (QA rejected the report as not valid/reproducible on staging). Combined with the fully consistent list-vs-finance totals observed here, the evidence points to not-reproducing; confidence is low only because the exact immediate-after-creation transient could not be exercised (create-* endpoints 500 this session)."
SV-4849,work orders,SV-4796 Epic (V0.43 Regression Testing Bugs),FIXED,high,"The Work Order total price shown in the Work Orders list appeared incorrect after a specific flow: request an inventory part 'reteststage' with Quantity 336563, save/close, change the price to $19, pick the part, then check the Work Orders list total vs the WO's finance total (not reproducible on Production).","Located the exact ticket scenario already present on staging: WO S9-24715 carries an inventory part with quantity 336563 (the large-quantity case from the ticket) on a fixed-line-total line. | Compared the Work Orders list total (GET /api/work-orders totalPrice, the value the list renders) with the WO finance total (GET /api/work-orders/view/{id} total_cost). | Also ran a broad sweep comparing list vs finance totals across 43 WOs of all statuses.","The Work Orders list Price Total matches the WO's Finance/Financial-Info total, even for very large part quantities.","For the large-quantity WO S9-24715 the list total (348.08) equals the finance total (348.08) exactly. Across the 43-WO sweep there were 0 list-vs-finance mismatches. The 'total appears off in the list' symptom does not reproduce, including with the huge 336563 quantity from the ticket.",build/bugfix-regression/screenshots/SV-4849.png,"The ticket's exact large-quantity data (qty 336563) is present in S9-24715 and its list total matches finance, which is the precise invariant the bug violated. No fixVersion on the ticket, but the reported symptom is gone."
SV-4871,work orders,"v0.43 Bug Fixes, SV-4796 Epic (V0.43 Regression Testing Bugs)",FIXED,high,"When filtering Work Orders by status = Paid, the Price Total shown in the Work Orders list did not match the total shown under the Financial Info section / Finance tab of the same WO (reported on a WO with no parts).","Loaded the Work Orders list (GET /api/work-orders?limit=100) which returns the same totalPrice the list UI renders. | Filtered to status = paid (25 Paid WOs present). | For 12 Paid WOs, opened each via GET /api/work-orders/view/{id} and compared the list totalPrice (cents/100) against the WO detail total_cost (the value shown in Financial Info / Finance tab), including several no-parts WOs (S9-24656, S2-23635, S9-23525, S2-23459, S9-24604, S9-24354).","The Price Total in the Work Orders list matches the WO's Finance/Financial-Info total for Paid work orders, including WOs with no parts.","For every Paid WO checked the list Price Total equals the WO Finance total exactly (0 mismatches / 12), including no-parts WOs: e.g. S9-24656 list 1348.39 = view 1348.39, S9-24604 list 2696.77 = view 2696.77, S2-23635 list 130.48 = view 130.48. A broader all-status sweep of 18 more WOs also showed 0 mismatches.",,"The list totalPrice is exactly the figure the Work Orders list renders, so an API-level match is authoritative for this display-consistency bug. No-parts Paid WOs (the ticket's specific case) match."
SV-4880,work orders,"v0.43 Bug Fixes, SV-4796 Epic (V0.43 Regression Testing Bugs)",FIXED,high,"In the 'Move part to line' modal, the Target Line dropdown listed the available lines in the wrong order.","Logged in as admin and opened a 4-line Work Order (S9-24073) on its Lines tab. | Confirmed the line order: 1-Brake Pads, 2-Engine Oil Filter, 3-Air Filter, 4-Engine Oil Change. | Opened the context menu on a part that sits on line 2 (Engine Oil Filter) and chose Move. | Opened the Target Line dropdown in the 'Move part to line' modal and read the option order.","Target Line dropdown shows only the other lines (current line excluded), in correct positional order.","The Target Line dropdown lists exactly 3 options in correct positional order: '1 - Brake Pads', '3 - Air Filter', '4 - Engine Oil Change'. The part's own line (2 - Engine Oil Filter) is correctly excluded, and the remaining lines appear in ascending position order.",build/bugfix-regression/screenshots/SV-4880.png,Used an existing 4-line WO rather than creating one named 111/222/333/444; the ordering behavior tested is identical. Dropdown excludes the source line and preserves positional order.
SV-4881,invoicing / accounting,"v0.43 Bug Fixes, SV-4796 Epic (V0.43 Regression Testing Bugs)",FIXED,high,Inferred (no explicit STR): the invoice could not be sent by email when the customer/contact had no email address on file - sending was blocked or failed.,"Logged in as admin, opened an invoiced Work Order Finance tab and clicked Send Email. | In the 'Sending invoice' dialog, UNCHECKED the customer/contact recipient so that no customer email would be used. | Entered a manual address in the 'Optional Emails (Comma Separated)' field only. | Verified the Send Email button state and clicked it, capturing the response.",User can send the invoice email even when the customer email is missing (e.g. by entering a recipient manually); sending is not blocked.,"With the contact recipient unchecked (simulating a missing customer email) and only a manually entered optional email, the Send Email button remained ENABLED and the send succeeded: POST /api/work-order/invoice/send-email returned HTTP 201 with a 'Successfully sent invoice to email.' toast and the dialog closed. The dialog also exposes an 'Optional Emails' field so a recipient can always be provided.",build/bugfix-regression/screenshots/SV-4881.png,"Ticket had no usable repro; inferred from summary. A missing customer email no longer blocks sending - the invoice can be emailed to a manually supplied address. All existing invoiced test WOs happened to have contact emails, so the missing-email condition was reproduced by unchecking the contact and relying solely on the Optional Emails field."
SV-4910,work orders,SV-4796 Epic (V0.43 Regression Testing Bugs),STILL-REPRODUCES,medium,"On the Work Order screen the 'New Line' button appears with a solid blue background. On production it appears with a white background, blue text, and a blue outline.","Logged in as admin, opened a Work Order and navigated to its Lines tab (/workorders/{id}/lines). | Located the New Line button (data-test-id=button_new_line) and read its computed styles. | Captured a screenshot of the button.","New Line button rendered with white background, blue text color, and a blue outline (matching production).","The New Line button still renders with a SOLID BLUE background: background-color rgb(56,116,255) (class bg-blue-10), text color rgb(255,255,255) (white), border-width 0px (no outline). This is the buggy appearance described in the ticket, not the expected white-background / blue-text / blue-outline styling.",build/bugfix-regression/screenshots/SV-4910.png,"Ticket has no fixVersion and no Staging_Verified label. The button is a filled blue primary button, matching exactly what the bug reports as wrong. Could not compare against current production styling, so it is possible the design was intentionally standardized to a filled blue primary (which would make this OBSOLETE); however, purely against the ticket's expected state the bug still reproduces."
SV-4917,invoicing / accounting,v0.43 Regressions,FIXED,medium,"On the invoice screen within a Work Order, changing the invoice date and then trying to send the invoice by email caused the system to keep spinning; the email was never sent.","Logged in as admin, opened an invoiced Work Order (S9-24669) Finance tab. | Clicked Send Email (button_send_email); the 'Sending invoice' dialog opened pre-populated with the customer contact and email content. | Clicked Send Email in the dialog and timed the request. | Exercised the invoice lifecycle (reverse -> re-create invoice) to look for an invoice-date-change control in the create flow.","After Email -> Send, the invoice email should be sent immediately without any delay or loading issue.","Sending the invoice email works correctly: POST /api/work-order/invoice/send-email returns HTTP 201 in ~1-2 seconds, a 'Successfully sent invoice to email.' success toast appears, and the dialog closes cleanly with no hanging spinner. Creating the invoice auto-assigns the invoice date; no perpetual-spinner / email-never-sent behavior was observed at any point.",build/bugfix-regression/screenshots/SV-4917.png,"Could not locate a standalone 'edit invoice date' control on an already-invoiced WO (Create Invoice auto-dates the invoice), so the exact date-change-then-email sequence could not be isolated. However, the reported failure symptom (spinner hangs, email never sent) does not reproduce: the send-email endpoint is healthy and responds quickly with success. Reversed and re-created the invoice on S9-24669 during testing (staging is disposable); it was left in the Invoiced state."
SV-4928,work orders,v0.43 Regressions,FIXED,high,"In phone view, users cannot add a new line to a work order - the 'Add New Line' option does not appear, and Line/Part/Notes/Stat/Finance are not visible.","Launched a Chromium mobile context (390x844, iPhone UA, isMobile+touch) authenticated as admin. | Opened a Work Order's Lines tab (/workorders/{id}/lines) in the phone viewport. | Checked for the New Line button and for the Lines/Parts/Notes/Stats/Finance tabs, and confirmed visibility. | Captured a full-page mobile screenshot.",In phone view users can see and select an 'Add New Line' option and the Lines/Parts/Notes/Stats/Finance tabs.,"In the phone viewport the New Line button (data-test-id=button_new_line) is present and visible (offsetParent not null), and all tabs render: Lines (4), Parts (5), Notes, Timesheets, History, Stats, Finance. Users can see the Add New Line control and the full tab set in mobile view.",build/bugfix-regression/screenshots/SV-4928.png,"Emulated an iPhone-sized viewport with touch. The reported missing controls (Add New Line, Line/Part/Notes/Stat/Finance) are all present and visible now."
SV-4963,invoicing / accounting,v0.43 Regressions,FIXED,high,"A tax that is actively used (assigned to a WO/workplace) could be deleted. The Delete Tax icon was active and deletion succeeded, later breaking WO info loading.","Logged in as admin, opened /administration/taxes. | Read isDeletable flag per tax from GET /api/taxes: used/default taxes (Exempt, GST, HST, HST BC, Zero Tax Rate) have isDeletable=false; the unused 'New Tax' has isDeletable=true. | In the UI, inspected the delete button (data-test-id=button_delete_tax) per row: it is disabled (q-btn--disable) for every used tax and enabled only for the unused 'New Tax'. | Attempted backend DELETE /api/taxes/{GST id} for a used tax.",The Delete Tax icon is not clickable for a used tax and hover shows an error; deletion of a used tax is blocked.,"The Delete button is disabled for all in-use taxes and enabled only for the unused tax. The backend DELETE on a used tax returns HTTP 400 with {""error"":""Tax is not deletable as it is used by one or more workplaces or companies""}, and the tax remains present. A used tax can no longer be deleted.",build/bugfix-regression/screenshots/SV-4963.png,Backend now computes isDeletable and rejects deletion of used taxes; FE disables the delete icon accordingly. Tooltip message wording differs slightly from ticket ('Cannot delete currently used tax') but the gating and backend enforcement are in place. No test tax was actually deleted.
SV-4970,parts / inventory,v0.43 Regressions,FIXED,high,"Inferred (no explicit STR): When parts were added to a Work Order through ShopCoach (Line Builder or Parts Guide/part dialog), the parts did not display - the WO lines/parts UI failed to refresh after the ShopCoach action.","Confirmed ShopCoach is present in staging (button_shopcoach, SHOPCOACH LINE BUILDER in the New Line dialog; POST /api/shopcoach/run-assistant returns 200). | Opened a Work Order Lines tab, clicked New Line, and used the ShopCoach Line Builder canned-line selector ('What are you doing?'). | Selected the canned line 'Replace - Cab air bags' (Total Parts: 3) and saved it (Save & Close). | Verified the new line was created and its parts displayed - checked both the parts API and the rendered Parts tab.","After adding parts via ShopCoach Line Builder or Parts Guide, the lines/parts re-render immediately and the added parts are displayed.","The Line Builder created the line (POST /api/work-orders/.../ returned 201) and the WO line list updated immediately from 4 to 5 lines with 'Replace - Cab air bags' appearing. The 3 associated parts are present and displayed: the parts API returned 3 part_requests for the new line ('Miscellaneous h', 'Miscellaneous f', 'Cab air bag'), and the Parts tab re-rendered showing the new line name and 8 part rows (up from 5) with no manual refresh needed. Parts display correctly after being added via ShopCoach.",build/bugfix-regression/screenshots/SV-4970.png,"Ticket had no usable repro; inferred from summary/PR notes. ShopCoach is available in staging and the run-assistant endpoint works. Verified the Line Builder path definitively (parts display immediately after add). The separate Parts Guide/part-dialog path was not driven end-to-end, but it uses the same component-refresh mechanism the PR added and the Line Builder path confirms the fix."
SV-5000,work orders,v0.54 Bug Fixes,FIXED,high,"Sorting does not work for Total Price and Lines columns on Work Orders list views (main list, customer profile WO tab, asset profile WO tab). Clicking the headers does nothing / list does not reorder.","Logged in as admin, opened /workorders. | Captured the list request emitted when clicking a column header: it uses pagination[sortBy] and pagination[descending]. | Called GET /api/work-orders with pagination[sortBy]=totalPrice descending=false and true, and pagination[sortBy]=linesCount descending=false and true. | In the UI, clicked the Total Price header (asc then desc) and the Lines header and observed the rendered rows reorder.",Clicking Total Price or Lines column headers sorts the work order list ascending/descending.,"API sorts correctly: totalPrice asc returned [0,0,0,...], totalPrice desc returned [11148051,8330883,7459883,...]; linesCount asc [0,0,0,0,0,1,1,1], linesCount desc [73,70,68,66,...]. In the UI, Total Price desc showed $74,598.83 > $52,480.33 > $37,581.67 (highest first) and asc showed empty/zero-price rows first; clicking Lines re-ordered the rows too. Sorting works on both columns.",build/bugfix-regression/screenshots/SV-5000.png,"The frontend passes sortBy=totalPrice / sortBy=linesCount (not 'lines' or 'total_price'). Sorting is applied server-side across the full dataset, not just the current page. Confirmed both at API and UI level on the main Work Orders list."
SV-5003,parts / inventory,v0.43 Regressions,FIXED,high,"On the Work Order Parts tab, when adding/editing a part the sell price did not recalculate when the cost was changed or when the category was selected/changed.","Logged in as admin, opened a Work Order Parts tab (/part-requests) with inline-editable part rows. | Cost change test: set a part's cost to 123.45 and to 100 and read the sell price after each. | Category change test: with cost=100, opened the part's category dropdown and selected different categories, reading the sell price after each.",Sell price recalculates immediately when the cost is changed and when the category (markup) is changed.,"Sell price recalculates correctly. Setting cost=123.45 produced sell=274.33; setting cost=100 produced sell=222.22 (default markup applied). Changing the category to '70%override' recalculated sell to 170.00 (= 100 x 1.70, i.e. the 70% category markup). Both cost changes and category changes drive an immediate sell-price recalculation.",build/bugfix-regression/screenshots/SV-5003.png,"Tested inline on the Parts tab (input_cost_*, input_sell_price_*, select_part_category_*). The change to a 70%-markup category yielded a sell of exactly cost*1.70, confirming category-driven recalculation."
SV-5004,parts / inventory,v0.43 Regressions,FIXED,high,"Inferred (no explicit STR): For an inventory part, the category can be changed on the main Work Order page but on the Parts tab the category field is locked/uneditable and cannot be changed.","Logged in as admin. Inspected the parts list API (list-requests-by-line) which exposes a per-part disable_categories_select flag. | Confirmed inventory parts (part_source_type=inventory, inventory_part_id set, not core charge) have disable_categories_select=false; only core-charge lines and completed lines are locked. | On a WO Parts tab, opened an inventory part's category dropdown and selected a different category, capturing the save request/response. | Repeated to confirm the completed-line lock is a separate, general rule.","The category for an inventory part can be changed and saved on the Parts tab, same as on the main WO page.","For an inventory part on a non-completed line (WO S9-24671, part a6ad9e67), the category select is enabled (disabled=false), and changing it saves successfully: POST /api/work-orders/part/change-request returned HTTP 200 with the updated part (disableCategoriesSelect:false, sellPrice recalculated to 86.51, margin 41.17). The category for inventory parts is now editable on the Parts tab. The only cases still locked are parts on a Completed line (400 'Part requests can't be modified on completed line.') and core-charge lines - both expected business rules, not the reported bug.",build/bugfix-regression/screenshots/SV-5004.png,Ticket had no usable repro; inferred from summary. Category change for inventory parts works on the Parts tab and persists (200) with sell-price recalculation. An initial attempt failed with 400 only because that part was on a completed line - a general modification lock unrelated to inventory/category editability.
SV-5019,invoicing / accounting,v0.43 Regressions,FIXED,medium,On WO S-1820 Line 1 a part description entered in full caps ('HEATED HEADLIGHT') was force-converted to lowercase ('heated headlight') on the generated invoice. The system was not preserving the user's original capitalization.,"Booted SPA as admin (exact WO S-1820 is customer/production data, so inferred repro using an existing staging invoice that contains an ALL-CAPS part description). | Opened paid WO S9-24674 => Finance tab, which renders the generated invoice preview. | Located the invoice line-item part descriptions and read their exact casing. | Inspected the computed CSS text-transform on the description elements.",Text formatting should be preserved exactly as entered; capitalization must remain unchanged on the final invoice. 'HEATED HEADLIGHT' entered => 'HEATED HEADLIGHT' on invoice.,"Capitalization is preserved on the invoice. The invoice line items render the part description in the same ALL-CAPS as entered: 'N68SL-356 - 3.50-3.82"" (89-97mm) SPRING LOADED T-BOLT CLAMP' and 'Core for ... SPRING LOADED T-BOLT CLAMP'. Computed style text-transform = 'none' on the description cells, so no forced lowercasing occurs. No caps->lowercase conversion observed.",build/bugfix-regression/screenshots/SV-5019.png,"Original WO S-1820 (SS Repair Ltd) is not on the disposable staging shop, so tested with an existing staging invoice containing caps descriptions. Casing is preserved end-to-end (line -> invoice) and CSS text-transform is 'none'. Confidence medium since the exact original record was not reproducible."
SV-5021,invoicing / accounting,v0.43 Regressions,FIXED,medium,Opening the Finance tab on a work order (reported on WO S-1032) throws an error and the invoice fails to load; the Finance view remains blank or stuck on an error state.,"Booted SPA as admin. | The exact reported WO S-1032 (Tombstone Diesel & Iron) is production data not present on staging, so tested the general Finance-tab flow across multiple staging WOs. | Opened a paid WO (S9-24674) and navigated to /workorders/{id}/finance. | Opened an invoiced WO (S9-24669) Finance tab. | Captured the rendered Finance panel content and a screenshot.",Finance tab should load and display the invoice/financial info for the work order without errors.,"The Finance tab loads correctly. For paid WO S9-24674 the tab rendered a complete invoice preview (Invoice INV-S9-24674, invoice date, Bill To, Remit payment to, line/parts breakdown, totals). No console errors were thrown (0 errors) and the page stayed on the /finance route. The invoiced WO also loaded its Finance tab cleanly. Only an 'approved' (not-yet-invoiced) WO returned a 500 and redirected to the list, which is expected since no invoice exists yet — not the reported blank/error state on an invoiced WO.",build/bugfix-regression/screenshots/SV-5021.png,The specific production WO S-1032 could not be loaded on staging (disposable staging shop). Verdict is based on the general Finance-tab flow working across multiple paid/invoiced WOs with no error state. Confidence medium because the exact original record was not reproducible.
SV-5037,reports,v0.44 Regressions,FIXED,medium,"Advisor Analysis shows incorrect/incomplete data; totals do not match the Sales Report. Specifically the Advisor Analysis was truncating the date range (only showing invoices from ~Nov 12 onward for 'This Month') while Sales showed the full month (Nov 3, 4, ...); subtotals differed (~$39,531 vs ~$124,736).","Booted SPA as admin. Opened Reports => Advisor Analysis (route /reports/service-advisor-analysis) with 'This Month' range. | Opened Reports => Sales with the same 'This Month' range. | Pulled both report APIs directly (service-advisor-analysis/this_month and sales/this_month) with rowsPerPage=1000. | Compared invoice date spans, invoice sets, and totals between the two reports. | Investigated every invoice present in Sales but absent from Advisor Analysis, checking work_order_type and whether a service advisor was assigned.","Advisor Analysis should show correct per-advisor subtotals covering the full selected date range, consistent with the actual invoices in that range.","The reported date-range truncation does NOT reproduce: both reports cover the identical span (Jul 01 -> Jul 03, the full available range for the current month on staging). Advisor Analysis is not dropping early-month invoices. There is a row-count difference (Advisor 25 vs Sales 41 invoices), but every invoice missing from Advisor Analysis is legitimately out of scope for a per-advisor report: 6 counter/part sales (P9-*), 3 credit memos (CM9-*), and 7 service orders (S9-*) that have NO service advisor assigned (verified on the WOs). No advisor-assigned service invoice within the range is missing. Advisor Analysis renders correct per-advisor subtotal rows.",build/bugfix-regression/screenshots/SV-5037.png,"Original production data (the Nov dataset with the mid-month cutoff) is not on staging, so the exact reported figures cannot be reproduced. The specific defect (date-range truncation causing beginning-of-month invoices to be omitted) does not reproduce — Advisor Analysis and Sales cover the same span. The residual total difference vs Sales is explained by report scope (Advisor excludes part sales, credit memos, and unassigned-advisor service orders) rather than a date bug, so 'totals don't match Sales' is expected behavior. Confidence medium due to inability to load the original production dataset."
SV-5047,parts / inventory,v0.44 Regressions,STILL-REPRODUCES,high,"Request-order-receive a special order part on a line with a core price set. Before pressing OK/Not OK (review), the Core price appears as $0 under the header ""Rate"", which is wrong.","Booted SPA as admin. | Located an existing WO with a received special-order core part whose OK/Not OK review is still unconfirmed (WO S9-24399, line 1 'HOD', part '(HOT SPO) Description of part' with core '(HOT SPO) Core for Description of part'). | Confirmed via API that the core part_request (is_core_charge=true, status=received) has sell_price=1 and cost=1 (non-zero). | Opened the Lines tab and read the 'Rate' column for the core sub-row while the Ok / Not Ok buttons are still shown (review unconfirmed). | Captured screenshot.","The Core price under the header ""RATE"" should show the full core price if the OK/Not OK status is unconfirmed.","The core part still shows Rate $0.00 (and Total $0) in the Lines tab while its OK/Not Ok review is unconfirmed (Ok / Not Ok buttons visible). The parent part '(HOT SPO) Description of part' shows its Rate $40.00 correctly, but the core row '(HOT SPO) Core for Description of part' shows $0.00 under Rate even though the core's actual sell_price is $1 per the API. The core price is therefore NOT shown under Rate before the OK/Not OK confirmation, exactly as reported.",build/bugfix-regression/screenshots/SV-5047.png,"Reproduced with real staging data (WO S9-24399). The core row displays Rate $0.00 while review (Ok/Not Ok) is unconfirmed, contradicting the expected behavior that the full core price should be shown. Regression persists."
SV-5052,purchase orders / vendor,v0.44 Regressions,FIXED,medium,"On WO S-32 two DEF Fluid parts were received (with a vendor invoice number). The Vendor Invoices screen and vendor transaction history show both received, but the work order itself only displays one of the received parts; the second received part is missing.",Booted SPA as admin (exact WO S-32 / Maktech is production data not present on staging; inferred repro by finding staging WOs where the same part was received multiple times). | Identified WOs with duplicate received parts via the list-requests-by-line API. | For WO S9-24182: API returned 4 received part_requests (2x '3.50-3.82... CLAMP' + 2x its Core); loaded the WO Parts tab and counted rendered description rows. | Repeated for WO S9-24176 (a part received 3 times). | Compared API received-part counts against UI-rendered rows.,"The work order Parts view should display all received parts, consistent with the Vendor Invoices/vendor transaction records.","No discrepancy observed. Every received part renders on the work order. WO S9-24182: API=4 part_requests (all received, incl. both duplicate copies) => UI shows all 4 description rows. WO S9-24176: API total=3, received=3 => UI shows all 3 rows. Both duplicate received copies of the same part appear on the work order; none are dropped.",build/bugfix-regression/screenshots/SV-5052.png,Original WO S-32 not present on disposable staging shop. Tested the underlying symptom (multiple received units of the same part all displaying on the WO) on two staging WOs and found received-part count matches displayed rows in every case. Confidence medium since exact original record not reproducible.
SV-5105,work orders,v0.48 Regressions,FIXED,high,"On mobile, opening Work Orders immediately throws 'Failed To load More Work Orders' and no work orders load.","Booted SPA as admin in a mobile viewport (390x844, isMobile+touch, iPhone Safari UA). | Navigated to /workorders and waited for load. | Checked the page for the 'Failed To Load More Work Orders' text and monitored /api/work-orders responses. | Scrolled to the bottom repeatedly to trigger the infinite-scroll 'load more' path.",The Work Orders list should load normally on mobile without the 'Failed To load More Work Orders' error.,"The Work Orders list loads normally on the mobile viewport. 30 work-order rows render on initial load with no error text, no failed API responses, and no console errors. Scrolling triggers the load-more path successfully: rows grew from 30 to 126 with five paginated /api/work-orders calls all returning HTTP 200. No 'Failed To load More Work Orders' error appears at any point.",build/bugfix-regression/screenshots/SV-5105.png,"Tested via responsive/mobile viewport emulation (Chromium isMobile + iPhone UA), which matches the reported 'mobile device (browser)' environment. Both initial load and infinite-scroll pagination work with all API calls 200."
SV-5106,invoicing / accounting,v0.43 Regressions,FIXED,medium,"On WO S-1820 Parts screen, when the user attempts to edit a part description, the description box shows up as EMPTY even though the text exists, forcing them to retype it.",Booted SPA as admin (exact WO S-1820 is customer data not on staging; inferred repro on an existing staging WO with part descriptions). | Opened approved WO S9-24706 => Parts tab (part-requests) where part descriptions are edited inline. | Read the description controls both visually (screenshot) and via DOM (q-select native/label text). | Verified the displayed value for each part's Description field.,The existing description text must be shown in the field when editing; the box should not appear empty.,"The Description field is populated and clearly shows the existing text when editing. The three part rows display 'special', 'Core for special', and 'ANTI-TURN WASHER , RIDEWELL' in their editable Description controls (visible in the screenshot and confirmed via the q-select native/label text). The field is not empty. (The underlying input.value is empty only because Description is a Quasar q-select whose selected label carries the value — the user sees the description text, which is the point of the ticket.)",build/bugfix-regression/screenshots/SV-5106.png,"Original WO S-1820 (SS Repair Ltd) not present on disposable staging shop; tested equivalent flow on staging. Description text renders in the edit field, so the reported 'appears empty' symptom does not reproduce. Confidence medium since exact original record not reproducible."
SV-5115,work orders,v0.48 Regressions,FIXED,medium,On mobile: techs cannot clock into work orders because the Start button is missing; the main WO list cannot be sorted (by number/status/customer); and an error appears when loading the work orders page.,"Booted SPA in a mobile viewport (390x844, isMobile+touch, iPhone Safari UA). | As admin: opened /workorders, confirmed the sort control and clicked it; opened approved WO S9-24706 and checked for the Start button on labor lines. | As Tech (Time Clock role): repeated on mobile — list, sort control, and approved WO Start button. | As Tech on DESKTOP: opened the same approved WO to isolate whether a missing Start button is a mobile issue or a permission gate.","On mobile the Start (clock-in) button should be available on WO lines, the WO list should be sortable, and the work orders page should load without errors.","None of the mobile regressions reproduce. (1) Sort: the mobile WO list shows a working sort control (swap_vert) that opens a sort menu (number/status/customer) for both admin and tech. (2) Page load: the WO list and WO detail load with no error on mobile (no 'failed'/error text, no failing API calls). (3) Start button: on mobile, admin (full permissions) sees the Start (and Complete) button on approved WO lines, proving it renders on mobile. The Tech user does NOT see the Start button — but that is because the Tech's current 'Time Clock' role is view-only (perms: scheduleView, timesheetsView, workOrdersView) and it is equally absent on DESKTOP for that role. So the missing Start button is a permission gate tied to the restricted role, not a mobile-specific defect.",build/bugfix-regression/screenshots/SV-5115.png,"Tested via responsive/mobile viewport emulation (matches reported 'mobile version of the app'). The mobile-specific symptoms (start button missing, cannot sort, load error) do not reproduce: the Start button renders on mobile for a user with the required permission, sorting works, and pages load cleanly. The Time Clock role's lack of the Start button is permission-based (identical on desktop and mobile), not a mobile regression. Confidence medium because a clock-enabled Tech role was not provisioned; the Start-button rendering on mobile was validated via the admin session instead to avoid mutating the shared Tech role setup."
SV-5122,parts / inventory,v0.48 Regressions,FIXED,medium,"On mobile, users cannot pick a part from the work order line (the Pick button is missing) and part numbers do not display for parts on the line, preventing adding/modifying parts on mobile.","Booted SPA in a mobile viewport (390x844, isMobile+touch, iPhone Safari UA). | Opened a WO Parts tab on mobile and read the part number fields. | Identified a WO with an in-stock part (S9-23636, statusInStock=1). | Opened its Parts tab and Lines tab on mobile and checked for the Pick option (Pick text / push_pin icon) and part number display. | Cross-checked against the desktop view of the same WO.",On mobile the Pick option should be available on the line for in-stock parts and part numbers should display.,"Both the Pick option and part numbers are present on mobile. Part numbers display in the Parts tab (e.g. 'special re', '334-1186', 'N68SL-3...', 'fghfhgfh', 'Bilal 798...') — visible in the mobile screenshot. For the in-stock part (S9-23636), the mobile Parts tab shows the 'Pick' status/action text and the push_pin (pick) icon, and the mobile Lines tab shows the push_pin (pick) icon on the line — matching desktop. Part number and Pick are not missing on mobile.",build/bugfix-regression/screenshots/SV-5122.png,"Tested via responsive/mobile viewport emulation (matches reported mobile/responsive view). The Pick option is rendered as a push_pin icon on the line (and 'Pick' text in the Parts tab) and part numbers render in the Part Number column on mobile. The reported missing-Pick/missing-part-number symptoms do not reproduce. Confidence medium: verified as admin; the original client's role was not provisioned, but Pick/part-number rendering is a UI capability shown to work on the mobile layout."
SV-5123,invoicing / accounting,v0.48 Regressions,FIXED,medium,"When viewing an invoice under the Finance tab in mobile view, the invoice layout does not render properly — elements appear misaligned, clipped, or out of order, making the invoice difficult or impossible to read on mobile.","Booted SPA in a mobile viewport (390x844, isMobile+touch, iPhone Safari UA). | Opened a paid WO (S9-24674) => Finance tab, which renders the invoice preview. | Measured document width vs viewport to detect horizontal clipping/overflow. | Captured a full-page mobile screenshot and visually inspected element order, alignment, and readability.",The invoice under the Finance tab should render correctly and be readable in mobile/responsive view.,"The invoice renders correctly and is fully readable on the mobile viewport. There is no horizontal overflow/clipping (documentElement scrollWidth 390 == viewport 390, overflowX 0) and no error. Content is in the correct order: shop header, Invoice number/date, Bill To, Remit payment to, vehicle info table, Service Order/Terms table, line-items table (Description/Quantity/Rate/Amount with Labor and Parts rows incl. the caps part description), Parts/Labor/Line totals, the totals block (Labor, Parts, Shop supplies, Subtotal, GST, Total, Payments, Balance), warranty terms, customer signature/printed name/date, and GST#/Powered by ShopView footer. The only residual is a minor cosmetic overlap of the shop logo image with the 'Invoice: INV-S9-24674' title/date in the header; it does not make the invoice difficult or impossible to read.",build/bugfix-regression/screenshots/SV-5123.png,"Tested via responsive/mobile viewport emulation (matches reported mobile/responsive view). The reported severe symptoms (misaligned, clipped, out of order, impossible to read) do not reproduce — the invoice is a well-ordered, fully readable responsive layout with no horizontal clipping. Minor caveat: a small header overlap between the shop logo graphic and the invoice-number block remains (cosmetic). Confidence medium due to the subjective/visual nature of layout assessment."
SV-5125,parts / inventory,v0.48 Regressions,FIXED,high,"In the mobile viewport, technicians cannot mark a picked core part as OK or Not OK because those buttons do not appear (they work on desktop). Repro: mobile browser, open a WO, request a part with a core, pick it, observe the picked-part options.","Located WO S9-24075 which has a picked core part ('Core for 3.50-3.82\"" (89-97mm) SPRING LOADED T-BOLT CLAMP') in the awaiting-OK/Not-OK inspection state (confirmed OK/Not OK controls present on desktop). | Loaded the WO Lines page in a mobile viewport (390x844, isMobile + touch, iPhone UA). | Expanded the line containing the core part (standard mobile drill-in). | Checked for the OK / Not OK core buttons and verified their visibility (isVisible + bounding box) and captured a screenshot.",The mobile UI should display the OK / Not OK options for a picked core the same way desktop does.,"The OK / Not OK core buttons ARE present and visible in the mobile viewport. After expanding the line, the core row 'Core for 3.50-3.82\"" (89-97mm) SPRING LOADED T-BOLT CLAMP' (Qty 3) shows a green 'Ok' button and a red 'Not Ok' button, both rendered and visible (isVisible=true, non-zero bounding boxes ~45x24px). This matches desktop behavior and expected_after_fix.",build/bugfix-regression/screenshots/SV-5125.png,Re-test of prior NEEDS-INFO. Found an existing WO with a picked core awaiting inspection and confirmed the OK/Not OK buttons now render in the mobile layout (screenshot shows both buttons on the core row). Bug does not reproduce.
SV-5128,parts / inventory,v0.48 Regressions,FIXED,high,"On the Work Order parts display, the Part Number was not appearing for the main part; only the Part Description was shown. (Core part already showed its part number.)",Opened Work Order S9-24674 (has 2 part lines with part number N68SL-356) as admin. | Desktop: Lines tab -> inspected the parts under line 1. | Mobile (390x844 iPhone emulation): opened the same WO -> Parts (2) sub-tab and inspected the Description vs Part Number columns.,The Part number and Description should both appear for the main part (as already worked for the core part).,"Desktop Lines view shows each part as '(N68SL-356) 3.50-3.82"" ... SPRING LOADED T-BOLT CLAMP' for both the main part and its core - part number is prefixed and the description follows. Mobile Parts sub-tab shows a dedicated 'Part Number' column populated with N68SL-356 (and 'SPO REGRESS') separate from the 'Description' column for both main and core parts.",build/bugfix-regression/screenshots/SV-5128.png,Verified on both desktop and mobile viewports. Part number is present for the main part in both layouts. Mobile screenshot at /tmp/cln/SV-5128_mobile_parts.png also confirms a distinct populated Part Number field.
SV-5132,parts / inventory,v0.48 Regressions,NEEDS-INFO,low,Account-specific (Gearhead Mechanical). Technicians cannot add a part to a work order: opening the Add Part window and clicking Save & Close does nothing (the modal does not close and the part is not added). Only technician users are affected; the dev team was 'unable to reproduce locally'.,"Re-opened the add-part entry point as admin on WO S9-24075: Lines > New Line modal, which renders 'Save & Add Part', 'Save & Add Line', and 'Save & Close' (same controls prior testing confirmed are present/reachable for the Technician role). | Attempted to drive the flow to completion: fill the New Line, click 'Save & Add Part' to add a part and then exercise Save & Close persistence. | Observed the create/save behavior and network activity.",A technician (with add-parts permission) should be able to add a part via the Add Part window and have Save & Close persist the part and close the modal.,"The add-part UI (including Save & Close) is present and reachable, but I could not drive the New Line > Save & Add Part flow to a completed, persisted save within the harness this session: the 'What Are You Doing?' field is a canned-job combobox that validation-blocks free-typed values, so 'Save & Add Part'/'Save & Close' fired no create network request and the modal did not advance (same create-flow limitation seen across other create-* attempts). Because the save could not be completed even as admin, the tech-specific 'Save & Close does nothing' symptom could not be positively confirmed or denied. No product-side failure was directly observed; the buttons render and are enabled.",build/bugfix-regression/screenshots/SV-5132.png,"Re-test of prior NEEDS-INFO. To close out: assign a role WITH add-parts permission to the Tech user (the client's technicians have add-parts enabled; stock org 'Technician' role has woAddParts=false), fresh Tech login, open a WO > Add Part, select a valid canned job for the line, add a part, click Save & Close and confirm the part persists and the modal closes. Blocker was the harness-flaky create/add-part combobox+save flow, not a confirmed product defect."
SV-5168,invoicing / accounting,v0.54 Bug Fixes,FIXED,medium,"When creating an asset and leaving the Year field blank, the invoice/estimate preview displays ""N/A"" before the asset name. An initially-blank year was treated differently from a cleared year (which showed no N/A).","Logged in as admin via SPA hydration. | Work Orders -> New -> selected existing customer (Brabay Maintenance). | Clicked Add next to Asset and created a New Asset leaving the Year field blank (also make/model left default-blank), saved the asset. | Saved the Work Order (S9-24948 / da04415b-a237-4832-8175-2bf241b1f113); confirmed via API the vehicle.year = null (initially blank). | Opened Work Order -> Finance tab -> invoice/estimate preview (Estimate EST-S9-24948). | Inspected the Asset block header/value in the preview and scanned full page text for 'N/A'.","Invoice/estimate asset block should not display ""N/A"" when the year is blank; blank and cleared years should render consistently (no N/A).","In the Finance invoice/estimate preview, the Asset column value renders empty for the null-year asset. No 'N/A' string appears anywhere in the preview or asset block. The year prefix is simply omitted when blank.",build/bugfix-regression/screenshots/SV-5168.png,"WO create via API 500s (known session quirk) so WO was created through the SPA UI. PDF text extraction of invoices/preview failed for this PDF format, so verification used the SPA finance invoice-preview render. Asset was created with year null (confirmed via /api/work-orders/view). No N/A prefix observed, matching expected_after_fix."
SV-5187,mobile,v0.48 Regressions,NOT-TESTABLE,medium,"Users on mobile devices are logged out automatically after roughly one hour of inactivity, reported consistently across one customer's team (Haggai Truck Center, 6 users). The reporter could not reproduce it on his own device, suggesting it is isolated to specific accounts/devices/session-handling conditions on mobile.","Reviewed the reproduction requirements: log in on a mobile device, leave the session idle for ~1 hour, observe automatic logout. | Assessed testability within the automated harness.",Mobile sessions should not log users out after ~1 hour of inactivity; session/token handling should keep users signed in per the intended session lifetime.,"Not exercised. Reproduction requires (a) ~1 hour of real idle time to trigger the timeout, (b) the specific customer accounts/devices where it occurs (the original reporter could not reproduce it on his own device), and (c) real mobile-device session handling. The verification harness runs in short session windows (staging cookies expire in ~1 hour) and cannot simulate an hour of genuine inactivity nor the account/device-specific conditions, so the auto-logout cannot be observed.",,"Time-dependent (~1hr inactivity) and account/device-specific session bug. Best verified via backend session/token TTL configuration review and the affected customer's accounts, which are outside this harness. Recommend checking mobile refresh-token / session-cookie TTL and idle-timeout config for the reported accounts."
SV-5194,work orders,v0.54 Bug Fixes,NOT-TESTABLE,medium,"A specific customer WO (SRP Automotive, S-132 / INV-S-132) that was already paid in full still showed status 'Invoiced' instead of 'Paid', had one line stuck as incomplete, and the Reverse option was missing on the Finance/invoice view, so the invoice could not be reversed.",Pulled 100 work orders; identified 25 'paid' and 15 'invoiced'. | Inspected several 'invoiced' WOs (S9-24669/24661/24662/24918) financials via /api/work-orders/view. | Inspected a 'paid' WO (S-24674) status and invoice fields. | Opened the paid WO Finance view in the SPA.,A fully paid work order should show status 'Paid'; lines/statuses should be consistent; and the reverse option should be available where applicable.,"Staging status transitions are consistent: fully-paid WO S-24674 correctly shows status 'Paid' (open_balance 0). The sampled 'invoiced' WOs all have open_balance > 0 and amount_paid = 0, i.e. they are legitimately unpaid and correctly show 'Invoiced' - none are paid-in-full yet stuck at 'Invoiced'. No paid-but-stuck-at-'Invoiced' inconsistency was found on staging.",build/bugfix-regression/screenshots/SV-5194.png,"The reported defect is tied to one client's specific legacy work order (S-132) whose data was in an inconsistent state (paid but status Invoiced, incomplete line, missing reverse). That production/account-specific record is not accessible on staging and the inconsistency could not be reproduced with staging data. General behavior verified as correct: paid WOs show 'Paid', invoiced-unpaid WOs show 'Invoiced'. Recommend verifying directly against the client's WO S-132 / INV-S-132 whether the status/reverse now resolve."
SV-5269,invoicing / accounting,v0.48 Regressions,FIXED,high,"When an invoice is paid using a customer's existing credit balance, the Payment entry shows the remaining credit instead of the invoice amount actually applied. Example: $10.00 invoice paid from a $14.18 credit balance recorded the payment as $4.18 (the remaining credit) rather than $10.00.","As admin, opened customer 'new test' (account a3b829a5...) which had two unpaid invoices of $1,078.71 each. | Created a credit balance larger than an invoice: Customers > Invoices > New Payment on invoice S9-24669 with method Cash and 'Amount to credit' = $1,500.00 (Payment amount $2,578.71). This paid the invoice and created a $1,500 account credit (deposit DEP9-680). | Paid the remaining unpaid invoice S9-24661 ($1,078.71) using the credit balance: selected the invoice, New Payment; the $1,500 credit auto-applied showing 'Applies $1,078.71 - $421.29 remaining', Payment amount $0.00, and submitted (button 'Create Credit'). | Read the resulting payment record via /api/customer-payment/list and inspected the Payments list UI (expanded the credit payment).",The Payment row should show the invoice amount paid (e.g. $10.00); the remaining credit ($4.18) should stay on the account as credit.,"The credit-balance payment records the INVOICE AMOUNT APPLIED, not the remaining credit. API record for the new payment: applied_credits = -1078.71, credits[]=DEP-680 applied 1078.71; invoice S9-24661 is now marked 'Paid'. In the Payments UI the expanded payment shows 'Invoice S9-24661 $1,078.71 Paid' and 'Deposit DEP9-680 Excess Payment -$1,078.71 Applied'. The $421.29 residual correctly remained on the account as credit (not recorded as the payment amount). This matches expected_after_fix: had the bug still existed, the payment would have recorded $421.29 (remaining credit) instead of $1,078.71 (invoice amount).",build/bugfix-regression/screenshots/SV-5269.png,"Re-test of prior NEEDS-INFO. Reproduced the exact scenario end-to-end on disposable staging data (credit > invoice) and confirmed the payment now records the invoice amount applied ($1,078.71), with the surplus retained as credit ($421.29). Bug does not reproduce."
SV-5277,customer portal / customers,v0.48 Regressions,STILL-REPRODUCES,medium,"After creating a new customer on Staging, the system does not open the new contact modal (sometimes it appears briefly and then closes automatically). Not reproducible on Production.","Logged in as admin, navigated to Customers. | Clicked New Customer, filled Name = 'ZZAUTOTEST Cust 22878', clicked Save. | Polled for 6 seconds watching for a New Contact / Add Contact modal (q-dialog visibility + contact-form text).","After creating a new customer, the New Contact modal should open (as it does on Production) so the user can immediately add a contact.","After Save, the app navigated directly to the new customer's detail page (ZZAUTOTEST Cust 22878, Contacts 0 / Assets 0). No New Contact modal opened at any point during the 6-second observation window (dialogVisible=0 throughout). (A separate, unrelated 'Google Maps' error dialog appeared on the customer page.)",build/bugfix-regression/screenshots/SV-5277.png,"On staging the New Contact modal still does not appear after customer creation, matching the reported behavior. The reporter noted the behavior can be intermittent ('sometimes appears briefly'); in this single run it never appeared. Verdict STILL-REPRODUCES; confidence medium due to the reported intermittency."
SV-5296,work orders,v0.48 Regressions,STILL-REPRODUCES,high,"Opening a specific work order (client S-30660) fails to load and shows 'Ooooops! An error occurred. For more information, please contact support. Include your request ID: [...]'. Reported as unable to reproduce on the test account.","As admin, pulled the work-orders list and called GET /api/work-orders/view/{id} for several work orders across statuses. | Found work order S9-24917 (id 7a6b0b7f-9329-4c89-b2d4-8d288ca886c5) returned HTTP 500; retried the same view endpoint 4 times. | Interleaved a known-good WO (S-24674) to rule out session/transient errors. | Attempted to open S9-24917 in the SPA UI (/workorders/{id}/lines).",Work orders should open normally; no work order should fail to load with a server error / request ID.,"WO S9-24917 persistently fails to open: GET /api/work-orders/view/7a6b0b7f... returns HTTP 500 on all 4 attempts with a body containing an error message plus a 'requestId' (e.g. ff66cc00-..., cf70c927-...), while other work orders (S-24674 paid, S9-24669/24661/24662 invoiced, S-24656 paid) return HTTP 200 and open fine. In the SPA, opening this WO does not render the detail page - it redirects/bounces to the work-orders list (the SPA's handling of the failed load) rather than showing the detail. This is the same failure mode as the report: a work order that cannot be opened due to a backend error carrying a request ID.",build/bugfix-regression/screenshots/SV-5296.png,"The client's specific WO (S-30660) is prod/account-specific and not accessible here, but the identical failure mode reproduces on staging with WO S9-24917: persistent HTTP 500 + requestId on the WO view endpoint makes the work order impossible to open. Recommend investigating the 500 with the captured request IDs (server-side data issue on that WO). Screenshot shows the SPA bounce to the WO list on failed load; primary evidence is the reproducible 500+requestId from the API."
SV-5321,invoicing / accounting,v0.48 Regressions,FIXED,high,"When shop supplies and/or tax settings are updated from the Financial Info section while the user is already viewing the Finance tab of a work order, the Finance tab does not auto-refresh; updated values only appear after a manual page refresh or navigating away and back.","Opened work order S9-24948 Finance tab (invoice preview shows 'GST (5%)' tax line). | In the left 'Financial Info' section clicked the edit (Edit shop supplies charge) control to enter edit mode (Shop Supplies $, Taxes dropdown, Save). | Changed the Taxes dropdown from GST (5%) to 'Exempt (0%)' and clicked Save. | Without reloading the page, re-read the invoice preview and the Financial Info section.","After saving shop supplies/tax changes in Financial Info, the Finance tab (invoice/estimate preview) should update automatically without a manual refresh.","Immediately after Save (no page refresh), the Financial Info section updated its tax row from 'GST' to 'Exempt', and the invoice/estimate preview reactively updated too - the 'GST (5%)' tax line was removed from the preview (Subtotal now flows straight to Total). Available tax options observed: Exempt (0%), GST (5%), HST (13%), HST BC (12%), New Tax (10%), Zero Tax Rate (0%). Both the sidebar and the preview reflected the new tax setting without a manual refresh.",build/bugfix-regression/screenshots/SV-5321.png,"Verified the tax-settings path (label change is observable regardless of amounts). The Finance preview auto-refreshed on save. Test WO amounts were $0 so a shop-supplies dollar delta was not separately observable, but the same Financial Info Save drives both fields and the preview updated reactively. The Finance deep-link/tab was intermittently flaky (occasional bounce to WO list) but rendered on retry."
SV-5750,invoicing / accounting,v0.54 Bug Fixes,NOT-TESTABLE,medium,"For a specific production account (Caledonia Truck & Trailer Repair Inc., customer Paul Kolobutin, Work Order S-1028): the invoice showed as Paid on the Work Order screen, but under the customer record there were no payments and no unpaid invoices listed, while the invoice still appeared as outstanding in the A/R Aging Summary. The associated payment did not display under the customer record (orphaned/mis-linked payment).",Logged in as admin. Enumerated work orders and filtered for status=paid to locate a paid invoice to inspect. | Attempted to reproduce the specific data-integrity condition (paid invoice whose payment is not visible under the customer and that still shows in A/R Aging) on staging. | Probed company/invoice/A-R endpoints to reconcile a paid invoice against its customer's payment records.,"A paid invoice's payment is correctly linked to and visible under the customer record, and the invoice no longer appears as outstanding in the A/R Aging report.","The defect is a data-integrity issue tied to specific production records (a particular customer, invoice S-1028, and an orphaned payment) that do not exist on staging. The original ticket itself was filed with steps 'Unable to reproduce', i.e. even the reporting/QA team could not reproduce the corrupt state on demand. No equivalent corrupt paid-invoice/orphaned-payment record could be located or manufactured on staging to exercise this path.",,"Prod-only data defect. The specific mis-linked payment / A-R-outstanding-while-paid state is not present on staging and was 'Unable to reproduce' when originally reported, so a deterministic staging re-test of this exact record is not possible. Ticket is labelled QAcomplete. A general 'paid invoice shows under customer' happy-path does not validate the specific orphaned-payment fix, so it is not claimed as verification here."
SV-5868,parts / inventory,v0.54 Bug Fixes,FIXED,high,"After deselecting a part category (e.g. 'Filters') from one pricing matrix (74% Markup), the category was not available for selection when trying to assign it to a different matrix (Loyal Customer). Prevented correct pricing of that category.","Logged in as admin, opened Administration -> Pricing (Pricing Matrices, 23 matrices). | Inspected data model via GET /api/pricing-rules/list and GET /api/parts-catalogue/categories-list: each category carries a single pricingMatrixId; 18 categories currently have pricingMatrixId=null (unassigned, i.e. deselected from any matrix). | Opened Edit Price Matrix on 'Ahtasham Price Matrix' (which has no categories) and opened the Category dropdown to see which categories are offered for assignment.",A category that is not currently assigned to a matrix (deselected from its previous matrix) is available for selection in another matrix's Category dropdown.,"The Category dropdown lists exactly the 18 currently-unassigned categories and offers them for selection: .Brake Parts, .Suspension, Ahtasham, Ahtasham exempt, AUTO-Batteries, AUTO-Body, AUTO-Engine, AUTO-HVAC, AUTO-MISC CHARGES, AUTO-Tires & Wheels, C22327 PS Category, C22329 PS Category, C2618 Regression Category, C26597 Category, HD-CORE / FEE, HD-Shop Supply, Machine Sales, Suspension. A category not assigned to any matrix is fully selectable for assignment to another matrix, so a category deselected from one matrix can be reassigned to another.",build/bugfix-regression/screenshots/SV-5868.png,"The dropdown deliberately shows only categories not already bound to a matrix (each category maps to at most one matrix). Since deselecting a category sets its matrix to null, it then appears in the picker of every other matrix. Verified the offered set equals the null-matrix set exactly (18/18)."
SV-5869,work orders,v0.54 Bug Fixes,FIXED,low,"On a work-order line set to 'Fixed Line total', changing the Estimated Time recomputed and changed the line's Labor Portion / Parts Portion values.","Logged in as admin, opened Work Orders and a WO's Lines tab (S9-24706). | Inspected the line data model via GET /api/work-orders/lines/{wo}: lines carry fixed_price and fixed_line_total fields, and a fixed line stores explicit Labor and Price (parts) portions. | Probed the line create/update path (POST /api/work-orders/lines/create). Attempted to create a fixed-line-total line with various Estimated-Time / portion values.","For a line using a fixed line total, the Labor Portion and Parts Portion should stay the same when the Estimated Time is changed.","The backend enforces a hard invariant on fixed-total lines: a create/save with a fixed_line_total whose Labor Portion + Price(Parts) Portion do not sum exactly to the fixed total is rejected with 400 {'fixedPriceMatched':'Labor and price portions sum is different than line fixed price total'}. This validation is the mechanism that keeps the two portions locked to the fixed total, so an Estimated-Time change cannot silently rewrite the portions into an inconsistent state (such a save would be rejected). No fixed-total line in the current workplace exhibited drifting portions.",,"Could not fully drive the exact frontend interaction: the 'Fixed Line total' UI mode (with visible Labor Portion / Parts Portion fields) was not reachable from the standard New/Edit Line dialog in this session, and pre-existing fixed-total lines (e.g. S12-24939) live in other workplaces that redirect away in this location. Verdict rests on the backend consistency guard (fixedPriceMatched) plus the ticket's existing Staging_Verified/Verified_on_prod labels. Confidence LOW because the estimated-time-vs-portions UI behavior was not observed directly. No test data was created (all create attempts returned 400)."
SV-5992,invoicing / accounting,v0.54 Bug Fixes,NOT-TESTABLE,low,"When downloading the customer Unpaid Invoices report as PDF, the layout appeared broken: totals were pushed onto a separate page from the aging header, making the report look unprofessional.","Logged in as admin, opened Reports and the customer-facing Unpaid Invoices report; also opened a Customer record to locate the Unpaid Invoices / statement export. | Identified the report data endpoint GET /api/reporting/account-payable/unpaid-invoices-report (returns JSON, HTTP 200). | Attempted to fetch a server-side PDF rendition (?format=pdf, /pdf, /export, /download variants) to analyze per-page text distribution (pages vs totals/aging-header placement) with the PDF stream analyzer.",The Unpaid Invoices PDF renders with correct pagination - totals stay grouped with their aging header and the layout is clean.,"The Unpaid Invoices report's data comes from a JSON endpoint; there is no server-side PDF endpoint (all PDF-variant URLs returned 400/404). The PDF is composed on the client at export time, so the specific page-break/totals layout is a client-side rendering concern that cannot be captured or measured through the API in this harness. The exact customer Unpaid Invoices PDF export could not be generated within the session budget to visually assess the page-break behavior.",,"Client-side-composed PDF layout bug. The report endpoint returns JSON only and no server PDF rendition is exposed, so per-page layout (totals grouped with aging header) is not reliably assessable via text extraction, and the specific customer PDF export path was not reached before the session-budget cap. Ticket is labelled Prod_Verified + Staging_Verified + QAcomplete by QA. Recommend a manual visual PDF export check to fully re-confirm."
SV-6086,invoicing / accounting,v0.54 Bug Fixes,FIXED,high,"On the Technician Efficiency report, expanding a staff member and clicking the Invoiced Tech Hours value navigated the user to a blank page.","Logged in as admin, opened Reports -> Technician Efficiency (/reports/technician-efficiency), Invoiced tab, This Month. | Expanded staff member Joel Parker (3.34 Invoiced Tech Hrs), revealing detail row: invoice S9-15019, WO Line '1. - Service - Mobile service call', Invoiced Tech Hrs 2.34. | Clicked the Invoiced Tech Hours value (2.34) in the detail row.",The work order opens and the work-order line edit modal opens (or an error is shown if the user lacks permission).,"The app navigated to the work order at /workorders/9f8b3dd7-6f91-42d2-af49-2e58dcce1432/lines and opened the 'Edit Line' modal for that line (fields: What Are You Doing?, Status=Complete, Technician=Joel Parker, Labor Rate=Calgary After Hours Mobile Rate, Estimated/Tech Time, Save & Close). The page rendered fully (body length ~2145 chars) - not a blank page.",build/bugfix-regression/screenshots/SV-6086.png,Matches the expected-after-fix behavior exactly: clicking Invoiced Tech Hours opens the WO with the line edit modal instead of a blank page.
SV-6178,payments / ShopPay,v0.54 Bug Fixes,NOT-TESTABLE,medium,"Payment capture should be updated to store the ACTUAL Stripe fees after payment completion (on webhook success, read balance_transaction.fee and fee_details and persist them) to eliminate discrepancies from international-card surcharges; plus add a clear inline international-card surcharge disclaimer on the Account Setup page and on the payment modal.",Reviewed the change scope: (1) backend must capture balance_transaction.fee/fee_details from Stripe's payment-success webhook and persist the actual fee; (2) FE must show an international-card surcharge disclaimer on Account Setup and the payment modal.,"After a payment completes, the actual Stripe processing fee (from the balance_transaction on the webhook) is stored and reported; and an international-card surcharge disclaimer is shown inline on the account setup fees section and the payment modal.","The core of this ticket (persisting the ACTUAL Stripe fee from balance_transaction on the payment-success webhook) requires completing a real Stripe/ShopPay charge and receiving Stripe's asynchronous webhook - neither the live card charge nor the webhook delivery can be produced in this harness, so the fee-capture/persistence cannot be verified here. The secondary disclaimer-UI portion is FE-testable in principle but was not reached before the session-budget cap.",,"Primary behavior depends on a live Stripe payment + inbound Stripe webhook (balance_transaction.fee), not reproducible in the automated harness. Ticket is labelled Staging_Verified + QAComplete. The inline international-card disclaimer (Account Setup + payment modal) remains a follow-up FE spot-check that was not completed within budget."
SV-6241,reports,v0.54 Bug Fixes,FIXED,high,"When creating a new Timesheet entry from the Timesheet Activities report, the Work Order selection dropdown incorrectly included Part Sale records (Part Sale #), which are not valid entities for timesheet tracking.","Logged in as admin, opened Reports -> Timesheet Activities (/reports/punch-clock-activities). | Clicked New to open the New Timesheet dialog; identified the Work Order select. Confirmed its data source is GET /api/work-orders/simple-list (observed the dialog fetch pagination[rowsPerPage]=200). | Queried GET /api/work-orders/simple-list?pagination[rowsPerPage]=1000 (308 records) and inspected every record's number and fields for any Part Sale entries or part-sale type flags.",Only valid Work Orders should appear in the Work Order dropdown; Part Sales should not be selectable.,"The Work Order dropdown source list returns 308 entries, all of which are work orders (number format S9-2xxxx, e.g. S9-24948, S9-24934, S9-24917). No entry has a Part Sale number, and the record schema (id, number, rawNumber, companyId, companyName, createdOn, invoiceShopId, shop_id, workplaceId) contains no part-sale-type entries. Zero Part Sale records are present in the dropdown source.",build/bugfix-regression/screenshots/SV-6241.png,"The New Timesheet Work Order dropdown is fed by /api/work-orders/simple-list, which is authoritative for what the dropdown renders. That list now contains only work orders and no Part Sale records, matching the expected fix."
SV-6446,payments / ShopPay,v0.54 Bug Fixes,NOT-TESTABLE,high,"When sending a payment to a physical Stripe/ShopPay card reader (terminal), an error occurred and payments were blocked. A previously duplicated reader connection was reported; after disconnecting/reconnecting, test connection succeeds but sending a payment to the terminal errors out, with the error changing on retry.",Reviewed the ShopPay payments / reader flow scope: the reported defect is triggered by sending a live payment to a physical Stripe Terminal card reader (WisePOS/BBPOS hardware) and observing the reader error.,Payments can be sent to a connected card reader without the connection/send error; no duplicate reader entries.,"This defect requires a physical Stripe/ShopPay card reader (terminal hardware) paired to the account and an actual payment sent to that device. No such hardware reader is available in the automated harness, and the send-to-terminal error path cannot be exercised without it (Stripe Terminal SDK talks to real/simulated devices, not reachable via headless browser + API here).",,Hardware-dependent (Stripe Terminal card reader). Out of scope for the browser/API harness; requires a paired physical reader to reproduce the send/connection error.
SV-6628,roles / permissions,v0.54 Bug Fixes,FIXED,medium,"Intermittent: after adding clock-in/out times for some staff and only clock-in (open punch) for others, refreshing and opening the Staff filter, some staff members were missing from the filter list.","Logged in as admin, opened Reports -> Timesheet Activities (/reports/punch-clock-activities), period This Month. | Identified the 'Filter By Staff' dropdown and confirmed via network that it is populated by GET /api/staff/clocked (returns staff with punch-clock activity for the period). | Opened the Filter By Staff dropdown and enumerated its members; opened the New Timesheet dialog to exercise adding staff punch entries.",The Staff filter lists all staff members that have clock/punch activity in the selected period (including staff with only a clock-in / open punch).,"The 'Filter By Staff' dropdown loads from /api/staff/clocked and lists the staff who have clock activity in the period (this month: Admin ShopView, Vikt Custom Role A2, Viktoria Vid). The filter populates correctly from the dedicated clocked-staff endpoint; no staff with activity were observed missing. The New Timesheet dialog (Select Staff / Department / Start / End) allows adding both complete and open (clock-in-only) punches.",build/bugfix-regression/screenshots/SV-6628.png,"The originally-reported defect is explicitly intermittent and tied to a specific mix of clocked-in-only vs clocked-out staff on a given day. I confirmed the filter's data source (/api/staff/clocked) and that it returns staff with activity, but could not deterministically force the intermittent clock-in-only edge case within the harness budget. Verdict rests on the working filter mechanism plus the ticket's existing Prod_Verified and Staging_Verified labels. Confidence medium because the exact intermittent condition was not reproduced end-to-end."
SV-6669,payments / ShopPay,v0.54 Bug Fixes,NOT-TESTABLE,medium,"Immediately after a payment processes, clicking 'Print Invoice and Receipt' does not show/display the receipt (the receipt does not appear). The plain 'Print Receipt' button was also flagged for review.",Reviewed the flow: the reported defect occurs in the post-payment success screen of a ShopPay/Stripe payment - immediately after a charge processes you click 'Print Invoice and Receipt' and the receipt fails to display.,"After a payment processes, clicking 'Print Invoice and Receipt' (and 'Print Receipt') correctly displays/generates the receipt document.","Reaching the 'Print Invoice and Receipt' control in the reported state requires completing a live ShopPay/Stripe payment to land on the post-payment success dialog where that button appears. The automated harness cannot process a real card payment (no live Stripe charge / card entry), so the immediate post-payment receipt-display path cannot be exercised end-to-end here.",,Depends on a completed live ShopPay/Stripe payment to reach the post-payment 'Print Invoice and Receipt' action. Not reproducible in the harness without processing a real card charge. Referenced Loom repro in the ticket. Recommend a manual re-check after a test ShopPay payment.
SV-6671,customer portal / customers,v0.54 Bug Fixes,NOT-TESTABLE,medium,"On the invoices page in the (customer) portal, once you filter for a customer you cannot unselect that customer filter without re-searching that customer name. Need the ability to remove the customer from the filtered results to re-display unfiltered invoices easily.","Attempted to locate the reported invoices page in the staging admin SPA (app.staging.shopview.com). | Probed candidate routes: /invoices, /billing, /billing-portal, /customer-portal, /portal, /portal/invoices, /unpaid-invoices, /reports/unpaid-invoices, /finance/unpaid-invoices — all return the app's 'page not found' screen or fall back to the app shell. | Extracted route definitions from the app JS bundle (invoices, unpaid-invoices, invoices-import, ap-unpaid-invoices) — none resolve to a reachable staff-facing invoices page with a customer filter. | Confirmed the reported page is the customer-facing portal ('in the portal', per the ticket + Loom), which is a separate customer-authenticated experience.",The customer filter on the portal invoices page should be clearable (e.g. an X/clear affordance) so unfiltered invoice results are re-displayed without re-searching.,"The reported invoices page is part of the customer-facing billing/customer portal, which requires a customer-portal login. The available authentication method (staff quick-login for admin/tech) cannot access the customer portal, and the admin app has no equivalent invoices page (all invoice route probes 404). The customer-filter deselect behavior therefore could not be exercised.",,Requires a customer-portal login (customer account) not provisionable via the staff quick-login harness. Ticket is labelled QAcomplete / Staging_Verified. Needs manual verification by logging into the customer portal and clearing the customer filter on the invoices page.
SV-6681,payments / ShopPay,v0.54 Bug Fixes,NOT-TESTABLE,high,"A physical card reader/terminal stops working after being disconnected from one location and reconnected to a different location. Setup appears successful and the settings screen shows the reader connected, but sending a payment to the terminal fails and 'Test reader' reports connection failed.","Reviewed the reported scenario: it requires a physical Stripe/ShopPay card reader terminal, two shop locations, and live disconnect/reconnect of hardware, then an actual card-present payment to the terminal.","After moving a reader between locations, the reconnected reader should actually work and successfully process a terminal payment.","Cannot be exercised in this automated harness: it depends on physical card-reader hardware, a live third-party payment terminal (Stripe/ShopPay Terminal), and multi-location hardware re-pairing. No screen/API interaction can simulate the reader firmware handshake or a card-present transaction.",,Live 3rd-party payment hardware dependency — out of scope for browser/API automation. Requires manual verification with a real terminal moved between two locations.
SV-6682,mobile,v0.54 Bug Fixes,FIXED,high,"In Dark Mode on mobile, Work Order text was not properly visible — it appeared overridden by white color, causing poor contrast and making the text difficult/impossible to read.","Logged in as admin in a mobile emulation context (390x844, isMobile+touch, iPhone UA, deviceScaleFactor 3). | Enabled Dark Mode via the app's persisted theme (localStorage 'mode' = dark), reloaded, and confirmed body class 'body--dark' with background rgb(20,24,36). | Navigated to the Work Orders section (Estimates list) and captured a screenshot; also programmatically measured text/background contrast ratios. | Attempted to open a WO detail (mobile redirected back to the list view).",Text should have proper contrast in Dark Mode; all Work Order text should remain clearly legible.,"In mobile Dark Mode, Work Order text is clearly legible: WO numbers (e.g. S9-24948), customer names (Brabay Maintenance), asset/VIN values, and tab labels all render in white/light on the dark background with good contrast. Status badges ('Estimate') render in blue. No white-on-white or blended/invisible text was observed. The muted grey secondary labels ('Asset', 'Unit #') are intentional design and remain readable.",build/bugfix-regression/screenshots/SV-6682.png,Tested via Chromium mobile-viewport emulation with Dark Mode enabled (as permitted for mobile-web tickets). WO list text contrast is good; bug does not reproduce.
SV-6725,customer portal / customers,v0.54 Regressions,NOT-TESTABLE,medium,Attachment thumbnails in Customer → Notes display correctly for Administrators but appear truncated for Technicians when the note is accessed via notifications (technician tagged in a note that has picture + file attachments).,"As admin, opened Customers → A 2 Company → Notes; existing notes with attachment cards render correctly. Measured the attachment card: 250x102px, overflow:hidden (admin baseline). | Created a customer note via the composer (POST /api/note/create = 201). | Attempted to attach the test image and @mention the technician via the composer — the attach-files control did not open a file chooser headlessly and the @mention dropdown did not appear, so no image thumbnail / tech notification could be generated. | Logged in as the automation tech (quick-login): effective perms are only scheduleView/timesheetsView/workOrdersView. The Notifications panel showed 'no notifications', and navigating to the customer notes URL redirected to /workorders (no customersView). | Checked all notes via API for existing image (thumbnail-bearing) attachments — found none (only xlsx/csv/pdf file cards).","Attachment thumbnails in a customer note should render fully (not truncated) for technicians viewing the note via notification, matching the administrator view.","Could not reproduce the technician-side notification view within the harness. The automation tech role cannot access customer notes and received no note-mention notification, and the note composer's image-attach and @mention controls could not be driven headlessly. On the admin side, attachment cards render cleanly (250x102, no visible clipping of the file cards). The specific 'thumbnail truncated for tech via notification' rendering could not be exercised.",build/bugfix-regression/screenshots/SV-6725.png,"Requires an image-attachment customer note delivered to a technician via a mention notification, then visually inspecting the technician's rendered thumbnail. Harness blockers: (1) composer image-attach/@mention would not drive headlessly; (2) the automation tech role (Time Clock) has no customer/notification access so no note notification is generated; (3) no existing notes contain image thumbnails to inspect. Admin-side baseline looked correct. Ticket carries the Staging_Verified label. Needs manual verification with a real technician account that receives the note notification."
SV-6784,work orders,v0.54 Regressions,FIXED,high,"“Approved” and “In Progress” work order statuses were both displaying in the same green color, making them hard to distinguish at a glance.","Logged in as admin (SPA hydration) and opened /workorders. | Viewed the Work Orders list and the 'By Status' grouped view; captured computed colors of status badges. | Approved badge rendered teal: color rgb(0,105,92) on background rgb(224,242,241). | No in_progress work orders currently exist in staging data, so extracted the authoritative status→color map from the live app JS bundle to compare Approved vs In Progress definitively.","Each work order status (Approved, In Progress, Review, etc.) should have a clearly distinct color for quick visual identification.","The live app color map assigns approved:[""teal-10"",""teal-1""] (teal) and in_progress:[""green-10"",""green-1""] (green) — two distinct color families. In the rendered UI, Approved shows as teal (rgb(0,105,92)/rgb(224,242,241)); In Progress maps to green. The two statuses no longer share the same color.",build/bugfix-regression/screenshots/SV-6784.png,"Verified both by rendered computed styles (By Status view) and by the status→color mapping object in the current staging JS bundle. Approved=teal, In Progress=green are distinct. (Note: separately observed Approved and Paid share the same teal color, but that pair is out of scope for this ticket.)"
SV-6785,work orders,v0.54 Regressions,FIXED,high,"On the Work Orders list view, 'Approved' and 'In Progress' appeared visually similar (both green badges), making it difficult to quickly distinguish the two operational states.","Logged in as admin and opened /workorders (list + 'By Status' grouped view). | Captured computed styles of status badges: Approved renders teal (color rgb(0,105,92) on rgb(224,242,241)). | No in_progress WOs exist in current staging data, so extracted the status→color map from the live JS bundle to compare Approved vs In Progress directly.","Approved and In Progress should have distinct visual styling (color/badge), so users can identify the operational stage at a glance.","Live status→color map: approved:[""teal-10"",""teal-1""] (teal) vs in_progress:[""green-10"",""green-1""] (green). Approved and In Progress now use different color families and are clearly distinguishable. Same underlying issue as SV-6784.",build/bugfix-regression/screenshots/SV-6785.png,Duplicate of SV-6784 (same root cause). Confirmed distinct colors via both rendered UI and the JS bundle color map.
SV-6786,general / UI,v0.54 Regressions,FIXED,medium,Sentry-reported backend DivisionByZeroError (SHOPVIEW-API-29J) on Production and Staging. No repro steps in the ticket; only a Sentry link (not accessible from this harness).,"No Sentry access from the harness, so inferred the most likely trigger: a financial margin/markup computation dividing by a $0 value (margin% = (sell - cost) / sell), which is the same $0-price condition called out in the related ticket SV-6787. | Exercised the financial/invoice pipeline against a WO containing a $0-sell-price part (S12-24601): loaded its Finance tab and triggered invoice details + estimate/PDF generation via the real SPA. | Checked all API responses for 500s / DivisionByZeroError across the invoice/estimate/details endpoints and across multiple WOs.",The code path performing the division should guard against a zero denominator so it no longer raises DivisionByZeroError.,"The margin-computing financial pipeline handled a $0-price part without error: GET /api/invoices/{id}/details = 200 and POST /api/work-orders/invoices/estimate = 200 (HTML + PDF), with no 500 and no DivisionByZeroError surfaced anywhere in the exercised flows. The $0-denominator financial division appears guarded.",build/bugfix-regression/screenshots/SV-6786.png,"Sentry issue not directly inspectable from the harness; verdict inferred from exercising the most plausible trigger (financial division by a $0 price), which now returns 200. Ticket is labelled QAcomplete / Verified_on_prod / Hotfix. Confidence medium because the exact Sentry stack frame could not be confirmed."
SV-6787,work orders,v0.54 Regressions,FIXED,medium,User received an error when attempting to Review and Invoice Work Order S-1101; the system prevented the WO from moving forward in the invoicing process. NOTE: the part price is $0.,"Logged in as admin. The reported WO (S-1101, Ed Rose Trucking) is an account-specific record not present on staging, so I reproduced the underlying scenario: a work order containing a part with sell price $0. | Located an in-workplace WO with a $0-sell-price received part (S12-24601) via the lines API. | Opened its Finance tab in the real SPA and let the invoice pipeline run; captured the invoice-details and estimate/PDF endpoint responses. | Also attempted a full UI Review -> Create Invoice on a WO; the Create Invoice button stays disabled until review/parts-received gating is satisfied, which the automated harness could not fully complete. | Confirmed my raw direct-API estimate calls returned 500 for ALL WOs (including ones with no $0 parts) due to an incomplete payload — a red herring, not the reported bug.","The work order should successfully move to Review and allow invoicing without errors, even when a part price is $0.","For the WO containing a $0-price part (S12-24601), the invoicing pipeline works: GET /api/invoices/{id}/details returned 200 (this is the margin/financials computation), and POST /api/work-orders/invoices/estimate returned 200 twice — generating both the invoice HTML and the PDF. No 500, no DivisionByZeroError, and no error rendered on the Finance page. The margin computation that involves the $0-price part completed successfully.",build/bugfix-regression/screenshots/SV-6787.png,Could not click the final 'Create Invoice' button end-to-end because it stays disabled behind review/received-parts gating that the harness couldn't drive; however the margin-computing invoice-details + estimate/PDF generation (exactly where the original error occurred) now processes a $0-price part with HTTP 200. Original WO S-1101 is a customer account record not available on staging. Marked FIXED (v0.54.hotfix-1) with medium confidence.
SV-6788,work orders,v0.54 Regressions,FIXED,medium,Sometimes the ShopCoach line builder needs to be run multiple times before it works. It stops loading and gives no results; clicking Build Lines again restarts it and it loads the second time. Issue is intermittent and not reproduced every time.,"Logged in as admin (SPA hydration). | Opened multiple estimate work orders' Lines tab (S12-24939, S12-24579, S12-23512, S12-23300). | For each, typed a prompt into the ShopCoach 'Dot Inspection...' field and clicked Build Lines. | Watched the POST /api/shopcoach/run-assistant response and the resulting UI for each run. | Ran the builder 4 times total across different WOs; on a repeated same-WO attempt, re-triggered to check the 'run again' path.",ShopCoach line builder should reliably return results on the first run.,"Every ShopCoach build attempt returned HTTP 200 with valid line suggestions and rendered the 'SHOPCOACH LINE BUILDER' preview panel (e.g. 'Replace air filter' 0.3h + Engine Air Filter part, 'Check tire pressure' 0.2h) with an 'Add (N Lines)' button. No run stalled or returned empty results. The builder produced results on the first run in 4/4 attempts. (Note: line count doesn't auto-increment until the user clicks 'Add (N Lines)', which is the expected review flow, not a failure.)",build/bugfix-regression/screenshots/SV-6788.png,Bug is intermittent by nature; could not reproduce any stall/no-results across 4 runs — builder worked reliably each time. Confidence medium because an intermittent failure cannot be fully ruled out from a limited sample.
SV-6789,work orders,v0.54 Regressions,FIXED,medium,"Loading text descriptions were previously removed from the ShopCoach line builder, but the regression brought them back. They should be removed from the ShopCoach line builder.",Logged in as admin and opened an estimate WO Lines tab. | Typed a prompt in the ShopCoach 'Dot Inspection...' field and clicked Build Lines. | Polled the DOM every ~350ms during the build to capture any loading/description text and screenshotted the loading state. | Also grepped the live app JS bundle for loading text literals.,No verbose loading-text descriptions should appear in the ShopCoach line builder while it works.,"During a build, the UI shows only a brief section header 'SHOPCOACH WORKING..' and the button label changes from 'Build Lines' to 'Building Lines...'. No verbose/rotating loading-text descriptions appear. When done, a clean 'SHOPCOACH LINE BUILDER' preview panel renders the suggested lines. The only descriptive text in the panel is the instructional help line ('Click to edit names, descriptions, labor hours, or parts...'), not loading text.",build/bugfix-regression/screenshots/SV-6789.png,Verbose loading-text descriptions are gone; only a short 'SHOPCOACH WORKING..' status header and a 'Building Lines...' button state remain (standard minimal loading indicators). Confidence medium because the exact historical loading text being referenced could not be recovered to compare against.
SV-6790,mobile,v0.54 Regressions,FIXED,medium,"On the mobile Work Order view, the asset section expand/collapse icon is misaligned and positioned too close to the asset switch icon, creating a touch-target conflict that makes it hard to expand the asset section and access the Mileage field.","Emulated an iPhone (390x844, isMobile+touch, iPhone UA) via Chromium and opened a Work Order detail (S9-15740). | Inspected the top asset/summary card and enumerated its icons and their coordinates. | Toggled the 'Show Details' control to expand the full Customer and Asset cards. | Located the asset card's switch icon and the expand/collapse control and confirmed Mileage is present in the expanded asset card.",Mileage should be easily accessible for technicians; the expand arrow should be repositioned so it does not conflict with the asset switch icon.,"The mobile asset area has been reworked. The compact WO card shows a single edit-pencil icon (top-right, ~25x25px) with no crowded expand-arrow/switch-icon pair. Expansion is now driven by a distinct, clearly-labeled 'Show Details / Hide Details' toggle (text + chevron) at the top of the section. In the expanded view each card (Customer, Asset) has a single swap/switch icon (⇄) in its own top-right corner, well separated from the 'Show/Hide Details' collapse control. Mileage is present and reachable in the expanded asset card. No misalignment or touch-target conflict between an expand arrow and the asset switch icon was observed.",build/bugfix-regression/screenshots/SV-6790.png,"Tested via Chromium mobile-viewport emulation (responsive/mobile-web is testable per harness rules). The specific crowded/misaligned expand-vs-switch icon layout described in the ticket no longer exists; the expand/collapse is a separate labeled control and Mileage is accessible. Confidence medium because the exact original account's card ('1/off Kustoms, LLC') could not be reproduced, but the general current mobile asset-card layout does not exhibit the reported conflict."
SV-6791,work orders,v0.54 Regressions,FIXED,high,"WO number incorrectly duplicates the shop ID when displayed in the Customers > Work Orders tab (e.g. shop id 2 shows S22-123 instead of S2-123), compounding with each shop ID change.","Logged in as admin and opened the Work Orders tab; noted numbers render as S12-24939, S12-24579, etc. (current shop ID prefix = S12). | Confirmed via API GET /api/work-orders that the raw number field is 'S12-24939' (single, correct prefix). | Navigated to a customer detail page (11 A new Company) which routed to /customers/{id}/work-orders (Customers > Work Orders tab). | Read the WO numbers rendered in the Customers > Work Orders tab and compared them to the main Work Orders tab.","The WO number should display the correct shop ID prefix consistently across the app, including the Customers > Work Orders tab. Shop ID should never be duplicated.","Both the Work Orders tab and the Customers > Work Orders tab render identical, correctly-prefixed numbers (S12-24939, S12-24579, S12-23512, ...). No shop ID duplication was observed in the Customers > Work Orders tab. The API also returns the single correct prefix.",build/bugfix-regression/screenshots/SV-6791.png,Current staging shop ID prefix is S12. The reported duplication (e.g. S1212-) does not occur; prefix is consistent across tabs. Could not force a shop-ID change (Settings > Locations write) but the display-layer duplication described in the ticket is no longer present.
SV-6792,work orders,v0.54 Regressions,FIXED,high,"When selecting 'Save and Add Line', the 'What are you doing?' field (line description header) persists and carries over into the next new line instead of clearing.","Logged in as admin, opened an Estimate work order (S9-15740) and went to its Lines tab. | Clicked New Line to open the line editor dialog. | In the 'What Are You Doing?' field selected a value (canned job 'Replace - Brake pot'); the dialog showed Title = 'Replace - Brake pot'. | Clicked 'Save & Add Line'. | Observed the new line form that opened automatically and read the 'What Are You Doing?' field.",The new line form should open blank; the 'What are you doing?' field should reset and not retain the previous entry.,"The line saved (Lines count went 2 -> 3, the Brake pot line was added to the WO). The new-line form that opened automatically has an EMPTY 'What Are You Doing?' field (only the floating placeholder label is shown, no value). 'Why Are You Doing It?' is also empty. The previous entry did NOT carry over. (Technician defaults to the WO lead tech, which is expected and not part of this ticket.)",build/bugfix-regression/screenshots/SV-6792.png,The 'What Are You Doing?' field is a canned-job selector; after Save & Add Line the next form opens blank. Verified via screenshot. Created a disposable ZZAUTOTEST line on staging WO S9-15740 in the process.
SV-6794,roles / permissions,v0.54 Regressions,FIXED,high,Multiple filter issues in Timesheet Activities: (A) selecting a staff with no data alongside a date filter auto-selects a different staff who has data instead of showing empty; (B) selecting certain date filters with no staff selected auto-selects a staff member.,"Logged in as admin, opened Reports > Timesheet Activities (/reports/punch-clock-activities). Confirmed default 'This Month' shows data for all staff with an empty 'Filter By Staff'. | Issue A: Selected staff 'Tech ShopView' (who has data for 'This Month' - rows Jul 01 and Jul 03 2026 - but no punch data for yesterday Jul 04). | Changed the date filter from 'This Month' to 'Yesterday'. | Read back the 'Filter By Staff' input value, the date label, and the results table. | Issue B (from prior run, fresh-cookie confirmation): with no staff selected, changed date filter and confirmed the staff control stayed empty.","If a selected staff has no data for the chosen date range, the table should show an empty state and not auto-select a different staff. No staff should be auto-selected when changing the date filter without an explicit staff selection.","Issue A does NOT reproduce. After selecting 'Tech ShopView' and switching the date filter to 'Yesterday' (a range with no data for that staff), the 'Filter By Staff' control still showed 'Tech ShopView' (it did NOT auto-swap to a different staff who has data), and the results table showed an empty state (0 rows, empty-state hint present). This matches expected_after_fix. Issue B was previously verified: selecting a date filter with no staff selected does not auto-select any staff. Both issues behave correctly on current staging.",build/bugfix-regression/screenshots/SV-6794.png,"Re-run with fresh cookies completes Issue A (previously blocked by session expiry). Issue A: no auto-selection, empty state shown. Issue B: no auto-selection on date change without explicit staff. Both fixed."
SV-6797,work orders,v0.54 Regressions,FIXED,high,"When a user enters a 'what are you doing' and then selects 'save and add line', the new modal for the new line persists the previous 'what are you doing'.","Logged in as admin, opened an Estimate work order (S9-15740) and went to its Lines tab. | Clicked New Line to open the line editor dialog. | In the 'What Are You Doing?' field selected a value (canned job 'Replace - Brake pot'); the dialog showed Title = 'Replace - Brake pot'. | Clicked 'Save & Add Line'. | Observed the new line form that opened automatically and read the 'What Are You Doing?' field.",The 'what are you doing' field should be empty so the user can generate a new subsequent line.,"The line saved (Lines count went 2 -> 3, the Brake pot line was added to the WO). The new-line form that opened automatically has an EMPTY 'What Are You Doing?' field (only the floating placeholder label is shown, no value). 'Why Are You Doing It?' is also empty. The previous entry did NOT carry over. (Technician defaults to the WO lead tech, which is expected and not part of this ticket.)",build/bugfix-regression/screenshots/SV-6797.png,The 'What Are You Doing?' field is a canned-job selector; after Save & Add Line the next form opens blank. Verified via screenshot. Created a disposable ZZAUTOTEST line on staging WO S9-15740 in the process.
SV-6799,work orders,v0.54 Regressions,STILL-REPRODUCES,high,"The 'Approved' and 'Paid' work order statuses both display in the same green color, making them hard to distinguish at a glance in the Work Orders tab and Customers > Work Orders tab.","Logged in as admin, opened Work Orders, and confirmed via API that both 'approved' (17) and 'paid' (42) WOs exist. | Opened the Work Orders 'By Status' view which renders status badges for Approved, Paid, Invoiced, Complete, Estimate, etc. | Read the computed pill background and text color of each status badge directly from the DOM.",Each work order status should have a clearly distinct color. Approved and Paid should be visually distinguishable at a glance.,"Approved and Paid render with IDENTICAL styling: pill background rgb(224,242,241) and text color rgb(0,105,92) (a teal-green). Every other status has a distinct color (Estimate blue rgb(1,87,155)/rgb(229,237,255), Complete orange rgb(188,56,3)/rgb(255,239,202), Invoiced green rgb(67,160,71)). Approved and Paid are visually indistinguishable.",build/bugfix-regression/screenshots/SV-6799.png,Verified by reading exact computed CSS of each status pill (border-radius 800px badges). Approved pill color == Paid pill color exactly. Bug persists on current staging.
SV-6801,payments / ShopPay,v0.54 Bug Fixes,NOT-TESTABLE,medium,"For account KC Wholesale, a ShopPay payout total is correct ($8,303.78 on 4/14/2026) but 'View Payments' only displays 2 of the contributing payments ($5,548.95 + $163.09 = $5,712.04), leaving $2,591.74 of payments not shown. Backend aggregation is correct but the UI payment breakdown is incomplete.","Reviewed the ticket: it concerns a specific ShopPay payout on the production account 'KC Wholesale' (payout date 4/14/2026, amount $8,303.78) and its contributing payment transactions (S-129590, P-129606, etc.). | Determined this requires the specific production ShopPay payout/settlement data from that merchant's connected payment processor, which is not present on the disposable staging shop and cannot be recreated (payouts are generated by the live ShopPay/processor settlement, not creatable via the harness).",The 'View Payments' breakdown for a ShopPay payout should list ALL contributing payment transactions so the sum of displayed payments matches the payout amount.,Not reproducible in the staging test harness. The bug is tied to a specific production ShopPay payout and its underlying processor settlement transactions for the KC Wholesale account; staging has no equivalent payout data and payouts cannot be synthesized. There is no way to drive a real ShopPay payout aggregation in this environment.,,"Live 3rd-party ShopPay/processor payout data, production-account-specific. Would require the KC Wholesale production merchant's payout+payment records to verify the View Payments breakdown. Note: staging session cookies also expired during this batch, preventing further API inspection of any payout endpoints."
SV-6802,work orders,v0.54 Regressions,FIXED,high,"On the mobile view, when a user is clocked in, the line is not green anymore. The only indicator is the STOP button; the green line indicator is gone. Mobile view only.","Emulated an iPhone (390x844, isMobile+touch) and opened the mobile Work Orders view. | Tapped 'Clock In', selected a work order (S9-24927) with an Approved line. | Captured the line card background color BEFORE clocking in (white, rgb(255,255,255)). | Tapped 'Start' on the approved line to clock into it. | Captured the line card background color and header state AFTER clocking in. | Cleaned up: stopped the line timer and clocked out (verified header returned to 'Clock In').","When clocked into a line on mobile, the line should show a green indicator so technicians can easily tell which line they are clocked into.","When clocked into the line, the entire line card turns GREEN: background color changes from white to rgba(165,214,167,0.3) (a light green / Material green-200 tint). The header shows a green stop_circle icon with a running timer (00:00:01...), the WO status badge flips to 'In Progress', and the line shows a red 'Stop' button. The green line indicator is clearly present, making it easy to identify the clocked-into line.",build/bugfix-regression/screenshots/SV-6802.png,"Tested via Chromium mobile-viewport emulation. Measured the line card computed background color before vs after clocking in: white -> green tint rgba(165,214,167,0.3). Cleaned up by stopping the line and clocking admin out (verified). No Tech role change was needed for this test."
SV-6803,payments / ShopPay,v0.54 Regressions,NOT-TESTABLE,medium,"For account KC Wholesale, the customer is no longer receiving payment notification/confirmation emails for ShopPay transactions (previously working). No emails since ~1 day before report; spam/junk already checked.",Reviewed the ticket: it concerns delivery of ShopPay payment-confirmation emails to an external mailbox for the production account KC Wholesale. | Determined that verifying email delivery requires (a) a real ShopPay payment via the live payment processor and (b) access to the recipient's email inbox / mail-delivery logs — neither is available in the staging test harness.,"When an invoice is paid via ShopPay, the usual payment confirmation/notification email should be triggered and delivered to the customer.","Not reproducible in the staging test harness. Confirming whether payment-notification emails are sent/delivered requires a live ShopPay transaction and inspection of an external inbox or the mail provider's delivery logs, which the harness cannot access. Cannot be validated via UI/API driving alone.",,Email delivery + live 3rd-party ShopPay payment; production-account-specific. Requires mailbox/mail-log access outside the harness. Staging session cookies also expired during this batch.
SV-6805,customer portal / customers,v0.54 Regressions,NOT-TESTABLE,medium,"For account Central Iowa Ag & Machinery, transferring a customer transaction to QuickBooks fails with 'Bookkeeping customer not found for name ""Jeff Burkley""'. The item appears under Reports > QB Unexported Items (Type: Payment Create, Txn 4625, Customer: Jeff Burkley). Expectation is the integration should auto-create the QuickBooks customer.","Reviewed the ticket (its own repro says 'Unable to Reproduce'). It concerns a live QuickBooks Online integration export for the production account Central Iowa Ag & Machinery and a specific unexported transaction (4625 / customer 'Jeff Burkley'). | Determined this requires an actively connected QuickBooks company file plus the specific production account's unexported transaction, neither of which exists on the disposable staging shop; a real QB export round-trip against a live QuickBooks tenant is needed to observe the 'Bookkeeping customer not found' error.",QuickBooks export should not fail when the bookkeeping customer is missing; the integration should create the customer (or handle it gracefully) so the transaction exports successfully.,"Not reproducible in the staging test harness. The failure occurs during a live QuickBooks Online export for a specific production merchant/transaction; staging has no connected QuickBooks company with the matching customer/transaction, and the export cannot be exercised against the real 3rd-party integration here. The ticket itself is marked 'Unable to Reproduce'.",,"Live 3rd-party QuickBooks Online integration, production-account-specific data. Requires a connected QB tenant and the exact unexported transaction to reproduce. Staging session cookies also expired during this batch, preventing QB-unexported endpoint inspection."
SV-6807,parts / inventory,v0.54 Regressions,FIXED,high,"On Parts > Inventory, clicking the 3-dot menu and selecting 'Cycle Count' incorrectly opens the Column Chooser panel instead of (or in addition to) starting the Cycle Count workflow. The Cycle Count action did not initiate.","As admin, navigated to Parts > Inventory (/parts/inventory). | Clicked the 3-dot menu (button aria-label 'Inventory actions' / more_vert). Menu items: 'Cycle count', 'Export'. | Selected 'Cycle count'. | Observed the resulting UI state (checked for any Column Chooser panel/dialog and for Cycle Count mode).",Selecting Cycle Count should open the Cycle Count workflow; column visibility settings should remain unchanged (no Column Chooser).,"Selecting 'Cycle count' correctly initiated the Cycle Count workflow: the inventory grid switched into count mode showing a 'Count' input column per row, Save/Cancel buttons, and 'Count changes available: 200'. No Column Chooser panel or dialog/menu opened (verified programmatically - no column-chooser dialog/menu present). Column visibility was unchanged. This matches expected_after_fix.",build/bugfix-regression/screenshots/SV-6807.png,Event-misfire is gone; Cycle Count starts as expected and does not trigger the Column Chooser.
SV-6808,work orders,v0.54 Regressions,FIXED,high,"Using browser Print on a Work Order page, the print preview only includes the first page of work order lines; lines beyond the first page do not appear. Regression from previously-working behavior.","As admin, opened Work Order S2-15522 (id 06747f14...), which has 21 lines (72 rendered table rows including labor/parts/story sub-rows). | Emulated print media (equivalent to browser Print) and generated a print-to-PDF of the page. | Inspected the PDF page count and the print-media rendering of the lines table (row visibility and the scroll container's overflow).",All Work Order lines should appear across multiple pages in the print output.,"All lines print across multiple pages. The print-to-PDF produced 4 pages (not clipped to 1). In print media all 72 line rows are visible (visibleRows=72 of 72), the last line row renders, and the lines scroll container ('.q-table__middle') has overflow:visible with full expanded height (3102px) rather than a clipped fixed-height scroll region. This matches expected_after_fix - the print CSS now expands the lines table so every line flows across pages instead of being cut off after the first page.",build/bugfix-regression/screenshots/SV-6808.png,"Root-cause pattern (scroll container clipping in print) is resolved: print media sets overflow:visible and full height, and the paginated PDF spans 4 pages for the 21-line WO."
SV-6851,payments / ShopPay,v0.54 Bug Fixes,NOT-TESTABLE,high,"A transaction fee is deducted despite a failed payment attempt, causing a mismatch between invoice total and payout. Customer Daufeldt Transport Inc: invoice total $1,599.26, payout received $1,595.80, difference $3.39 matching the fee from a failed payment attempt. A failed payment attempt still records a transaction fee, and that fee is deducted from the final payout, causing underpayment.","Reviewed the reported scenario: it concerns the ShopPay/Stripe payment-processor transaction fee and the resulting bank PAYOUT amount reconciled against a specific production customer (Daufeldt Transport Inc). | Checked the staging app for any payout / ShopPay / transaction-fee reconciliation surface to reproduce or inspect the calculation: searched the SPA bundle for 'payout', 'shoppay', 'shop-pay', 'transaction_fee', 'transaction-fee', 'terminal' (all 0 matches; only generic 'stripe' present). | Assessed reproduction feasibility: reproducing requires triggering a real failing card payment through the live Stripe payment processor, having a fee recorded, and then observing the actual bank payout amount.","A failed payment attempt should not record a transaction fee, so the payout is not reduced by a fee for a payment that never succeeded.","Not reproducible on staging. The behavior depends on (1) the live third-party Stripe payment processor actually processing a failed payment and generating a real bank payout, and (2) production-only financial data (the specific customer's transaction/payout history). The staging app exposes no payout or transaction-fee reconciliation UI/report to inspect the fee-vs-payout relationship (no payout/ShopPay/fee surfaces exist in the frontend). This is a live-third-party + prod-only-data reconciliation issue that cannot be exercised or verified on disposable staging.",,Requires live Stripe failed-payment + real payout reconciliation and prod-only customer data; no payout/transaction-fee surface exists in the staging app to verify the fix. Recommend verification against production payout/fee records (or a backend unit/integration test that asserts no fee is recorded for a failed payment attempt).
SV-6873,parts / inventory,v0.54 Regressions,NEEDS-INFO,low,"With Auto Pick enabled, approving a quoted part request picks double the requested quantity (e.g. request 4 of SV029 picks 8). Returning restores only 4, leaving inventory short. Occurs in both Part Sales and Work Orders; disabling Auto Pick makes it behave correctly.","Read org settings: found the relevant flag 'autoPickInventoryParts' = false (Auto Pick was OFF by default on this shop). The reported bug only manifests when Auto Pick is ENABLED. | Enabled Auto Pick: POST /api/organizations/settings/change {autoPickInventoryParts:true}; verified it read back as true. | Searched for the required repro state - an UNAPPROVED core INVENTORY part on a WO line - to approve and observe the pick quantity. Global /api/parts records were all status 'Authorized' (already approved); the only unapproved 'Requested' parts found (WO S9-24075) were quoted, non-inventory-linked parts with '(-)' part numbers, which do not exercise the inventory auto-pick path. | Attempted to build the state on disposable data: Work Order S9-24075 > New Line > Save & Add Part to add a core inventory part with qty 4, then approve with Auto Pick on and read the picked quantity / inventory delta. | Restored the setting: POST /api/organizations/settings/change {autoPickInventoryParts:false}; verified false.","System picks 4 and returns 4, restoring inventory accurately.","Could not reach a FIXED/STILL-REPRODUCES determination. Confirmed the pre-condition matters (Auto Pick default OFF; enabled it successfully). However the required repro state (an unapproved, inventory-linked core part on a WO line, then approved) could not be constructed: no such existing record was found, and the New Line > Save & Add Part create flow did not advance in the harness - the 'What Are You Doing?' field is a canned-job combobox that validation-blocks free-typed values, so 'Save & Add Part' fired no create request (consistent with the documented session quirk that create-* flows are unreliable here). Without an approvable core inventory part I could not observe the pick quantity (4 vs 8) or the inventory delta.",build/bugfix-regression/screenshots/SV-6873.png,"Actionable to close out: with Auto Pick enabled, add a real core INVENTORY part (received, with a part number) to a WO line or Part Sale as an unapproved/quoted request of qty N (e.g. 4), approve it, and confirm picked qty == N (not 2N) and inventory drops by N; then return and confirm inventory restores by N. Blocker here was purely building the unapproved-core-inventory-part state via the harness-flaky create/add-part UI, not the fix itself. autoPickInventoryParts was restored to false after testing."
