internal_id,testrail_case_id,testrail_link,section,title,verdict,reason,merge_group,merge_survivor,tier,sense_verdict,sense_reason,refs_ok,title_over_80
SCH-NAV-01,C29925,https://shopview.testrail.io/index.php?/cases/view/29925,Navigation and Layout,Schedule appears as a top-level navigation item,KEEP,Navigation/entry contract — Schedule as a top-level nav item; survivor of G-NAV-LANDING (gains the two-region layout lines).,G-NAV-LANDING,,T1,SENSIBLE,"Cold-read PASS: preconditions reachable (seeding stated where needed), steps executable in order, expected follows, no contradiction, every control spec/design/tech-plan-traceable, domain logic sound, pass/fail observable. (Spec-only suite: VIU-confirm flags are honest, not nonsense.)",yes,
SCH-NAV-02,C29926,https://shopview.testrail.io/index.php?/cases/view/29926,Navigation and Layout,The Schedule screen is split into a left work order sidebar and a main schedule grid,MERGE,Absorbed into SCH-NAV-01 (C29925) — the two-region layout (sidebar with mini calendar + WO list / grid with toolbar) becomes 2 expected lines of the nav/open case,G-NAV-LANDING,SCH-NAV-01,T2,SENSIBLE,"Cold-read PASS: preconditions reachable (seeding stated where needed), steps executable in order, expected follows, no contradiction, every control spec/design/tech-plan-traceable, domain logic sound, pass/fail observable. (Spec-only suite: VIU-confirm flags are honest, not nonsense.)",yes,yes
SCH-NAV-03,C29927,https://shopview.testrail.io/index.php?/cases/view/29927,Navigation and Layout,Day / Week / Month segmented control switches the grid between the three views,KEEP,Core view-switch contract: Day/Week/Month each render a genuinely different grid; the same shifts must survive all three.,,,T1,SENSIBLE,"Cold-read PASS: preconditions reachable (seeding stated where needed), steps executable in order, expected follows, no contradiction, every control spec/design/tech-plan-traceable, domain logic sound, pass/fail observable. (Spec-only suite: VIU-confirm flags are honest, not nonsense.)",yes,
SCH-NAV-04,C29928,https://shopview.testrail.io/index.php?/cases/view/29928,Navigation and Layout,"Grid rows are grouped by department under group headers, with the department's technicians listed beneath",KEEP,"Department-grouped rows with all staff of visible departments — the structural row model (§14.4), a wrong-grouping bug is real.",,,T1,SENSIBLE,"Cold-read PASS: preconditions reachable (seeding stated where needed), steps executable in order, expected follows, no contradiction, every control spec/design/tech-plan-traceable, domain logic sound, pass/fail observable. (Spec-only suite: VIU-confirm flags are honest, not nonsense.)",yes,yes
SCH-NAV-05,C29929,https://shopview.testrail.io/index.php?/cases/view/29929,Navigation and Layout,Collapsing a department group header hides its technician rows; expanding restores them,KEEP,Collapse/expand of a department group — distinct interaction with a concrete restore assertion.,,,T1,SENSIBLE,"Cold-read PASS: preconditions reachable (seeding stated where needed), steps executable in order, expected follows, no contradiction, every control spec/design/tech-plan-traceable, domain logic sound, pass/fail observable. (Spec-only suite: VIU-confirm flags are honest, not nonsense.)",yes,yes
SCH-NAV-06,C29930,https://shopview.testrail.io/index.php?/cases/view/29930,Navigation and Layout,There is no separate technician-only view or Tech/Dept toggle - department grouping is the only grid grouping,WEAK-KEEP,Absence-only assertion (no Tech/Dept toggle exists anywhere) — legitimate spec line but a tester can only prove a negative by exhausting the toolbar; low bug-catching value.,,,T1,SENSIBLE,"Cold-read PASS: preconditions reachable (seeding stated where needed), steps executable in order, expected follows, no contradiction, every control spec/design/tech-plan-traceable, domain logic sound, pass/fail observable. (Spec-only suite: VIU-confirm flags are honest, not nonsense.)",yes,yes
SCH-NAV-07,C29931,https://shopview.testrail.io/index.php?/cases/view/29931,Navigation and Layout,An Unassigned row sits within the grid (not a separate tray) and holds shifts not yet tied to a technician,KEEP,Unassigned lane inside the grid holding technician-less shifts — a distinct structural element with block-anatomy assertions.,,,T1,SENSIBLE,"Cold-read PASS: preconditions reachable (seeding stated where needed), steps executable in order, expected follows, no contradiction, every control spec/design/tech-plan-traceable, domain logic sound, pass/fail observable. (Spec-only suite: VIU-confirm flags are honest, not nonsense.)",yes,yes
SCH-MCAL-01,C29932,https://shopview.testrail.io/index.php?/cases/view/29932,Sidebar - Mini Calendar,Clicking a date in the mini calendar navigates the main grid to that date,KEEP,Navigation contract: mini-calendar click drives the main grid to that date — wrong-target bugs are real and common.,,,T1,SENSIBLE,"Cold-read PASS: preconditions reachable (seeding stated where needed), steps executable in order, expected follows, no contradiction, every control spec/design/tech-plan-traceable, domain logic sound, pass/fail observable. (Spec-only suite: VIU-confirm flags are honest, not nonsense.)",yes,
SCH-MCAL-02,C29933,https://shopview.testrail.io/index.php?/cases/view/29933,Sidebar - Mini Calendar,Mini calendar month/year picker offers a grid of month buttons and year navigation arrows,KEEP,Month/year picker interaction — distinct control with a concrete outcome (navigate to another month/year).,,,T1,SENSIBLE,"Cold-read PASS: preconditions reachable (seeding stated where needed), steps executable in order, expected follows, no contradiction, every control spec/design/tech-plan-traceable, domain logic sound, pass/fail observable. (Spec-only suite: VIU-confirm flags are honest, not nonsense.)",yes,yes
SCH-MCAL-03,C29934,https://shopview.testrail.io/index.php?/cases/view/29934,Sidebar - Mini Calendar,A chevron toggle collapses and expands the mini calendar grid,KEEP,Chevron collapse/expand of the mini calendar — distinct interactive behaviour freeing sidebar space.,,,T1,SENSIBLE,"Cold-read PASS: preconditions reachable (seeding stated where needed), steps executable in order, expected follows, no contradiction, every control spec/design/tech-plan-traceable, domain logic sound, pass/fail observable. (Spec-only suite: VIU-confirm flags are honest, not nonsense.)",yes,
SCH-MCAL-04,C29935,https://shopview.testrail.io/index.php?/cases/view/29935,Sidebar - Mini Calendar,"Mini calendar highlights the selected date, indicates today, and highlights the week row on hover",WEAK-KEEP,Styling detail (selected/today/week-hover highlights) — failure is cosmetic; kept because the cues are design-pinned.,,,T2,SENSIBLE,"Cold-read PASS: preconditions reachable (seeding stated where needed), steps executable in order, expected follows, no contradiction, every control spec/design/tech-plan-traceable, domain logic sound, pass/fail observable. (Spec-only suite: VIU-confirm flags are honest, not nonsense.)",yes,yes
SCH-WOL-01,C29936,https://shopview.testrail.io/index.php?/cases/view/29936,Sidebar - Work Order List and Search,"The sidebar shows a flat, scrollable list of work order cards with no Assigned/Unassigned tabs",KEEP,"Structural contract: flat card list, NO Assigned/Unassigned tabs (a deliberate product reversal Branko confirmed) — a tabs regression would be real.",,,T1,SENSIBLE,"Cold-read PASS: preconditions reachable (seeding stated where needed), steps executable in order, expected follows, no contradiction, every control spec/design/tech-plan-traceable, domain logic sound, pass/fail observable. (Spec-only suite: VIU-confirm flags are honest, not nonsense.)",yes,yes
SCH-WOL-02,C29937,https://shopview.testrail.io/index.php?/cases/view/29937,Sidebar - Work Order List and Search,"Work order card shows WO number, line count plus hours, customer, unit, lead technician, and a status-colored left border",KEEP,Card anatomy as ONE case covering every field + the status left-border — good packaging (the anti-slop pattern done right).,,,T2,SENSIBLE,"Cold-read PASS: preconditions reachable (seeding stated where needed), steps executable in order, expected follows, no contradiction, every control spec/design/tech-plan-traceable, domain logic sound, pass/fail observable. (Spec-only suite: VIU-confirm flags are honest, not nonsense.)",yes,yes
SCH-WOL-03,C29938,https://shopview.testrail.io/index.php?/cases/view/29938,Sidebar - Work Order List and Search,'Search work orders' matches the work order number,MERGE,"Absorbed into SCH-WOL-04 (C29939) — the work-order-number search becomes a fourth search step, so one case proves all four searchable card fields",G-SIDEBAR-SEARCH,SCH-WOL-04,T1,SENSIBLE,"Cold-read PASS: preconditions reachable (seeding stated where needed), steps executable in order, expected follows, no contradiction, every control spec/design/tech-plan-traceable, domain logic sound, pass/fail observable. (Spec-only suite: VIU-confirm flags are honest, not nonsense.)",yes,
SCH-WOL-04,C29939,https://shopview.testrail.io/index.php?/cases/view/29939,Sidebar - Work Order List and Search,"'Search work orders' matches customer name, unit number, and technician name",KEEP,Sidebar search contract across all four card fields; survivor of G-SIDEBAR-SEARCH (gains the WO-number step).,G-SIDEBAR-SEARCH,,T1,SENSIBLE,"Cold-read PASS: preconditions reachable (seeding stated where needed), steps executable in order, expected follows, no contradiction, every control spec/design/tech-plan-traceable, domain logic sound, pass/fail observable. (Spec-only suite: VIU-confirm flags are honest, not nonsense.)",yes,
SCH-WOL-05,C29940,https://shopview.testrail.io/index.php?/cases/view/29940,Sidebar - Work Order List and Search,Sidebar search filters the card list in real time as you type,WEAK-KEEP,Live-as-you-type narrowing — the search contract itself lives in the search cases; this adds only the no-Enter-needed nuance (+ the honest server-paging note).,,,T1,SENSIBLE,"Cold-read PASS: preconditions reachable (seeding stated where needed), steps executable in order, expected follows, no contradiction, every control spec/design/tech-plan-traceable, domain logic sound, pass/fail observable. (Spec-only suite: VIU-confirm flags are honest, not nonsense.)",yes,
SCH-WOL-06,C29941,https://shopview.testrail.io/index.php?/cases/view/29941,Sidebar - Work Order List and Search,Sidebar search with no matching work orders shows an empty list,WEAK-KEEP,"Empty-state case (one per surface is the allowed pattern) — no message text is pinned, so the only hard assertions are no-error + restore-on-clear.",,,T1,SENSIBLE,"Cold-read PASS: preconditions reachable (seeding stated where needed), steps executable in order, expected follows, no contradiction, every control spec/design/tech-plan-traceable, domain logic sound, pass/fail observable. (Spec-only suite: VIU-confirm flags are honest, not nonsense.)",yes,
SCH-FILT-01,C29942,https://shopview.testrail.io/index.php?/cases/view/29942,Sidebar - Work Order Filters,The 'Filters' button opens Assignment / Status / Priority filter groups,KEEP,Filter surface contract: the three groups (Assignment/Status/Priority) + the active-count badge on 'Filters'.,,,T1,SENSIBLE,"Cold-read PASS: preconditions reachable (seeding stated where needed), steps executable in order, expected follows, no contradiction, every control spec/design/tech-plan-traceable, domain logic sound, pass/fail observable. (Spec-only suite: VIU-confirm flags are honest, not nonsense.)",yes,
SCH-FILT-02,C29943,https://shopview.testrail.io/index.php?/cases/view/29943,Sidebar - Work Order Filters,Assignment filter narrows the list to Assigned or Unassigned work orders,KEEP,Assignment filter behaviour (Assigned/Unassigned) — distinct data contract; the only assignment split in the sidebar.,,,T1,SENSIBLE,"Cold-read PASS: preconditions reachable (seeding stated where needed), steps executable in order, expected follows, no contradiction, every control spec/design/tech-plan-traceable, domain logic sound, pass/fail observable. (Spec-only suite: VIU-confirm flags are honest, not nonsense.)",yes,
SCH-FILT-03,C29944,https://shopview.testrail.io/index.php?/cases/view/29944,Sidebar - Work Order Filters,Status filter narrows the list to work orders in the chosen status(es),KEEP,"Status filter behaviour + card-border consistency — distinct data contract (status list deferred to the app, honestly).",,,T1,SENSIBLE,"Cold-read PASS: preconditions reachable (seeding stated where needed), steps executable in order, expected follows, no contradiction, every control spec/design/tech-plan-traceable, domain logic sound, pass/fail observable. (Spec-only suite: VIU-confirm flags are honest, not nonsense.)",yes,
SCH-FILT-04,C29945,https://shopview.testrail.io/index.php?/cases/view/29945,Sidebar - Work Order Filters,"Priority filter offers High, Medium, Low and narrows the list accordingly",KEEP,"Priority filter behaviour (High/Medium/Low) — distinct data contract, pairs with the WO-form Priority case SCH-REG-05.",,,T1,SENSIBLE,"Cold-read PASS: preconditions reachable (seeding stated where needed), steps executable in order, expected follows, no contradiction, every control spec/design/tech-plan-traceable, domain logic sound, pass/fail observable. (Spec-only suite: VIU-confirm flags are honest, not nonsense.)",yes,
SCH-FILT-05,C29946,https://shopview.testrail.io/index.php?/cases/view/29946,Sidebar - Work Order Filters,'Clear all' resets every applied sidebar filter in one click,KEEP,'Clear all' resets every filter in one click — distinct action with badge + list assertions.,,,T1,SENSIBLE,"Cold-read PASS: preconditions reachable (seeding stated where needed), steps executable in order, expected follows, no contradiction, every control spec/design/tech-plan-traceable, domain logic sound, pass/fail observable. (Spec-only suite: VIU-confirm flags are honest, not nonsense.)",yes,
SCH-FILT-06,C29947,https://shopview.testrail.io/index.php?/cases/view/29947,Sidebar - Work Order Filters,Search and filter work together - both can be active at the same time,KEEP,"Search AND filter combined (both active at once) — the combination contract, a classic real-bug spot.",,,T1,SENSIBLE,"Cold-read PASS: preconditions reachable (seeding stated where needed), steps executable in order, expected follows, no contradiction, every control spec/design/tech-plan-traceable, domain logic sound, pass/fail observable. (Spec-only suite: VIU-confirm flags are honest, not nonsense.)",yes,
SCH-LINE-01,C29948,https://shopview.testrail.io/index.php?/cases/view/29948,Sidebar - Line Drill-Down,"Clicking a work order card replaces the list in place with that order's lines, with a back control",KEEP,Drill-down open/back navigation contract; survivor of G-DRILLDOWN-OPEN (gains the header id + count read).,G-DRILLDOWN-OPEN,,T1,SENSIBLE,"Cold-read PASS: preconditions reachable (seeding stated where needed), steps executable in order, expected follows, no contradiction, every control spec/design/tech-plan-traceable, domain logic sound, pass/fail observable. (Spec-only suite: VIU-confirm flags are honest, not nonsense.)",yes,yes
SCH-LINE-02,C29949,https://shopview.testrail.io/index.php?/cases/view/29949,Sidebar - Line Drill-Down,Drill-down header shows the work order id plus its line count,MERGE,Absorbed into SCH-LINE-01 (C29948) — the drill-down header read (work order id + line count matching approved lines) becomes an expected line of the open/back case,G-DRILLDOWN-OPEN,SCH-LINE-01,T2,SENSIBLE,"Cold-read PASS: preconditions reachable (seeding stated where needed), steps executable in order, expected follows, no contradiction, every control spec/design/tech-plan-traceable, domain logic sound, pass/fail observable. (Spec-only suite: VIU-confirm flags are honest, not nonsense.)",yes,
SCH-LINE-03,C29950,https://shopview.testrail.io/index.php?/cases/view/29950,Sidebar - Line Drill-Down,Only approved work order lines appear in the drill-down - unapproved lines are not shown,KEEP,Approved-only lines in the drill-down — a critical business rule; an unapproved line leaking into scheduling is a real bug.,,,T1,SENSIBLE,"Cold-read PASS: preconditions reachable (seeding stated where needed), steps executable in order, expected follows, no contradiction, every control spec/design/tech-plan-traceable, domain logic sound, pass/fail observable. (Spec-only suite: VIU-confirm flags are honest, not nonsense.)",yes,yes
SCH-LINE-04,C29951,https://shopview.testrail.io/index.php?/cases/view/29951,Sidebar - Line Drill-Down,"Each line row shows its title, estimated hours, technician roster (avatar stack plus count, no cap), and a drag handle",KEEP,Line-row anatomy incl. the no-cap roster (avatar stack + count) and per-line drag handle — one packaged case.,,,T2,SENSIBLE,"Cold-read PASS: preconditions reachable (seeding stated where needed), steps executable in order, expected follows, no contradiction, every control spec/design/tech-plan-traceable, domain logic sound, pass/fail observable. (Spec-only suite: VIU-confirm flags are honest, not nonsense.)",yes,yes
SCH-LINE-05,C29952,https://shopview.testrail.io/index.php?/cases/view/29952,Sidebar - Line Drill-Down,Lines with no technician assigned show a 'Needs techs' badge,KEEP,"'Needs techs' badge lifecycle (shows when rosterless, clears when scheduled) — a real workflow cue.",,,T1,SENSIBLE,"Cold-read PASS: preconditions reachable (seeding stated where needed), steps executable in order, expected follows, no contradiction, every control spec/design/tech-plan-traceable, domain logic sound, pass/fail observable. (Spec-only suite: VIU-confirm flags are honest, not nonsense.)",yes,
SCH-LINE-06,C29953,https://shopview.testrail.io/index.php?/cases/view/29953,Sidebar - Line Drill-Down,'Search lines' matches the line title/name only,KEEP,Line search scoping contract: matches line titles ONLY (negative customer-name probe included).,,,T1,SENSIBLE,"Cold-read PASS: preconditions reachable (seeding stated where needed), steps executable in order, expected follows, no contradiction, every control spec/design/tech-plan-traceable, domain logic sound, pass/fail observable. (Spec-only suite: VIU-confirm flags are honest, not nonsense.)",yes,
SCH-LINE-07,C29954,https://shopview.testrail.io/index.php?/cases/view/29954,Sidebar - Line Drill-Down,'All / Unscheduled' filter chips with counts - Unscheduled shows only lines with no shifts yet,KEEP,All/Unscheduled chips with counts — a data-correctness contract (counts must reconcile with the header).,,,T1,SENSIBLE,"Cold-read PASS: preconditions reachable (seeding stated where needed), steps executable in order, expected follows, no contradiction, every control spec/design/tech-plan-traceable, domain logic sound, pass/fail observable. (Spec-only suite: VIU-confirm flags are honest, not nonsense.)",yes,yes
SCH-DND-01,C29955,https://shopview.testrail.io/index.php?/cases/view/29955,Drag-and-Drop Scheduling,"Dropping a single-line work order on a technician cell creates a shift immediately, skipping the scope picker",KEEP,"The core fast path: single-line drop creates a shift immediately, skipping the picker — plus roster sync + toast.",,,T1,SENSIBLE,"Cold-read PASS: preconditions reachable (seeding stated where needed), steps executable in order, expected follows, no contradiction, every control spec/design/tech-plan-traceable, domain logic sound, pass/fail observable. (Spec-only suite: VIU-confirm flags are honest, not nonsense.)",yes,yes
SCH-DND-02,C29956,https://shopview.testrail.io/index.php?/cases/view/29956,Drag-and-Drop Scheduling,Dropping a multi-line work order on a technician cell opens the scope picker,KEEP,The multi-line trigger: drop opens the scope picker and creates NOTHING until a scope is chosen.,,,T1,SENSIBLE,"Cold-read PASS: preconditions reachable (seeding stated where needed), steps executable in order, expected follows, no contradiction, every control spec/design/tech-plan-traceable, domain logic sound, pass/fail observable. (Spec-only suite: VIU-confirm flags are honest, not nonsense.)",yes,
SCH-DND-03,C29957,https://shopview.testrail.io/index.php?/cases/view/29957,Drag-and-Drop Scheduling,Dragging an individual line from the drill-down creates a single-line shift directly,KEEP,Line-level drag from the drill-down — roster scoped to that line only (not the whole order).,,,T1,SENSIBLE,"Cold-read PASS: preconditions reachable (seeding stated where needed), steps executable in order, expected follows, no contradiction, every control spec/design/tech-plan-traceable, domain logic sound, pass/fail observable. (Spec-only suite: VIU-confirm flags are honest, not nonsense.)",yes,yes
SCH-DND-04,C29958,https://shopview.testrail.io/index.php?/cases/view/29958,Drag-and-Drop Scheduling,A job exceeding the technician's daily hours opens the spread step after the scope is chosen,KEEP,The large-job trigger: exceeding daily hours opens the spread step; nothing exists until confirmed.,,,T1,SENSIBLE,"Cold-read PASS: preconditions reachable (seeding stated where needed), steps executable in order, expected follows, no contradiction, every control spec/design/tech-plan-traceable, domain logic sound, pass/fail observable. (Spec-only suite: VIU-confirm flags are honest, not nonsense.)",yes,yes
SCH-DND-05,C29959,https://shopview.testrail.io/index.php?/cases/view/29959,Drag-and-Drop Scheduling,A scope that fits within one working day skips the spread step and creates a single shift,KEEP,The conditional skip: a fitting scope skips the spread step — the boundary of the SCH-DND-04 trigger.,,,T1,SENSIBLE,"Cold-read PASS: preconditions reachable (seeding stated where needed), steps executable in order, expected follows, no contradiction, every control spec/design/tech-plan-traceable, domain logic sound, pass/fail observable. (Spec-only suite: VIU-confirm flags are honest, not nonsense.)",yes,yes
SCH-DND-06,C29960,https://shopview.testrail.io/index.php?/cases/view/29960,Drag-and-Drop Scheduling,"While dragging, drop-target cells highlight and a ghost block shows the line name and hours",WEAK-KEEP,Drag micro-feedback (cell highlight + ghost block) — a real usability cue but failure is cosmetic; the drop outcomes are covered by the DND creation cases.,,,T2,SENSIBLE,"Cold-read PASS: preconditions reachable (seeding stated where needed), steps executable in order, expected follows, no contradiction, every control spec/design/tech-plan-traceable, domain logic sound, pass/fail observable. (Spec-only suite: VIU-confirm flags are honest, not nonsense.)",yes,yes
SCH-DND-07,C29961,https://shopview.testrail.io/index.php?/cases/view/29961,Drag-and-Drop Scheduling,Scheduling a technician onto a line adds them to that line's labor roster on the work order,KEEP,Roster-sync integration contract (schedule ↔ work order labor roster) — load-bearing lifecycle integrity.,,,T1,SENSIBLE,"Cold-read PASS: preconditions reachable (seeding stated where needed), steps executable in order, expected follows, no contradiction, every control spec/design/tech-plan-traceable, domain logic sound, pass/fail observable. (Spec-only suite: VIU-confirm flags are honest, not nonsense.)",yes,yes
SCH-DND-08,C29962,https://shopview.testrail.io/index.php?/cases/view/29962,Drag-and-Drop Scheduling,A click-to-arm alternative exists for scheduling without dragging,KEEP,Click-to-arm alternative to dragging — the accessibility path; same picker/spread rules must apply.,,,T1,SENSIBLE,"Cold-read PASS: preconditions reachable (seeding stated where needed), steps executable in order, expected follows, no contradiction, every control spec/design/tech-plan-traceable, domain logic sound, pass/fail observable. (Spec-only suite: VIU-confirm flags are honest, not nonsense.)",yes,
SCH-SCOPE-01,C29963,https://shopview.testrail.io/index.php?/cases/view/29963,Scope Picker,"'Schedule whole work order' is pinned at the top, visually distinct, labeled with line count and total hours",KEEP,"Scope-picker contents contract (pinned whole-order row, line count + total hours); survivor of G-SCOPE-CONTENTS.",G-SCOPE-CONTENTS,,T2,SENSIBLE,"Cold-read PASS: preconditions reachable (seeding stated where needed), steps executable in order, expected follows, no contradiction, every control spec/design/tech-plan-traceable, domain logic sound, pass/fail observable. (Spec-only suite: VIU-confirm flags are honest, not nonsense.)",yes,yes
SCH-SCOPE-02,C29964,https://shopview.testrail.io/index.php?/cases/view/29964,Scope Picker,Choosing 'Schedule whole work order' assigns the technician to all lines and creates one whole-order shift,KEEP,Whole-order scope behaviour: one shift covering all lines + technician added to EVERY roster — load-bearing.,,,T1,SENSIBLE,"Cold-read PASS: preconditions reachable (seeding stated where needed), steps executable in order, expected follows, no contradiction, every control spec/design/tech-plan-traceable, domain logic sound, pass/fail observable. (Spec-only suite: VIU-confirm flags are honest, not nonsense.)",yes,yes
SCH-SCOPE-03,C29965,https://shopview.testrail.io/index.php?/cases/view/29965,Scope Picker,Tapping an individual line row immediately creates a single-line shift with no confirmation step,KEEP,The single-tap fast path in the picker (no confirmation) — a distinct interaction contract.,,,T1,SENSIBLE,"Cold-read PASS: preconditions reachable (seeding stated where needed), steps executable in order, expected follows, no contradiction, every control spec/design/tech-plan-traceable, domain logic sound, pass/fail observable. (Spec-only suite: VIU-confirm flags are honest, not nonsense.)",yes,yes
SCH-SCOPE-04,C29966,https://shopview.testrail.io/index.php?/cases/view/29966,Scope Picker,"Scope picker line rows show the line title, estimated hours, and current technician roster",MERGE,"Absorbed into SCH-SCOPE-01 (C29963) — the line-row contents (title, estimated hours, roster avatar stack + count) become expected lines — one read-the-picker case",G-SCOPE-CONTENTS,SCH-SCOPE-01,T2,SENSIBLE,"Cold-read PASS: preconditions reachable (seeding stated where needed), steps executable in order, expected follows, no contradiction, every control spec/design/tech-plan-traceable, domain logic sound, pass/fail observable. (Spec-only suite: VIU-confirm flags are honest, not nonsense.)",yes,yes
SCH-SCOPE-05,C29967,https://shopview.testrail.io/index.php?/cases/view/29967,Scope Picker,'Select multiple' switches rows to checkboxes with a confirm bar showing a running tally,KEEP,'Select multiple' checkbox mode + running-tally confirm bar + subset roster scoping; survivor of G-SCOPE-MULTI.,G-SCOPE-MULTI,,T1,SENSIBLE,"Cold-read PASS: preconditions reachable (seeding stated where needed), steps executable in order, expected follows, no contradiction, every control spec/design/tech-plan-traceable, domain logic sound, pass/fail observable. (Spec-only suite: VIU-confirm flags are honest, not nonsense.)",yes,yes
SCH-SCOPE-06,C29968,https://shopview.testrail.io/index.php?/cases/view/29968,Scope Picker,'Select all' equals whole order; Cancel returns to the fast single-tap list,MERGE,"Absorbed into SCH-SCOPE-05 (C29967) — 'Select all' (tally equals the whole order) and Cancel (returns to the single-tap list, creates nothing) become final steps of the checkbox-mode case",G-SCOPE-MULTI,SCH-SCOPE-05,T1,SENSIBLE,"Cold-read PASS: preconditions reachable (seeding stated where needed), steps executable in order, expected follows, no contradiction, every control spec/design/tech-plan-traceable, domain logic sound, pass/fail observable. (Spec-only suite: VIU-confirm flags are honest, not nonsense.)",yes,
SCH-START-01,C29969,https://shopview.testrail.io/index.php?/cases/view/29969,Shift Start Times and Unassigned Shifts,A shift's start time uses the technician's configured working hours when they are set,KEEP,Start-time hierarchy step 1: technician hours win over shop hours — a genuine data-driven contract.,,,T1,SENSIBLE,"Cold-read PASS: preconditions reachable (seeding stated where needed), steps executable in order, expected follows, no contradiction, every control spec/design/tech-plan-traceable, domain logic sound, pass/fail observable. (Spec-only suite: VIU-confirm flags are honest, not nonsense.)",yes,yes
SCH-START-02,C29970,https://shopview.testrail.io/index.php?/cases/view/29970,Shift Start Times and Unassigned Shifts,"With no technician hours set, the shift start time falls back to the shop's business hours",KEEP,Start-time hierarchy step 2: business-hours fallback when the technician has no hours.,,,T1,SENSIBLE,"Cold-read PASS: preconditions reachable (seeding stated where needed), steps executable in order, expected follows, no contradiction, every control spec/design/tech-plan-traceable, domain logic sound, pass/fail observable. (Spec-only suite: VIU-confirm flags are honest, not nonsense.)",yes,yes
SCH-START-03,C29971,https://shopview.testrail.io/index.php?/cases/view/29971,Shift Start Times and Unassigned Shifts,"With neither technician hours nor business hours set, a 7:00 AM default applies",KEEP,Start-time hierarchy step 3: the 7:00 AM default when neither is set (with an honest blocked-with-reason note).,,,T1,SENSIBLE,"Cold-read PASS: preconditions reachable (seeding stated where needed), steps executable in order, expected follows, no contradiction, every control spec/design/tech-plan-traceable, domain logic sound, pass/fail observable. (Spec-only suite: VIU-confirm flags are honest, not nonsense.)",yes,
SCH-START-04,C29972,https://shopview.testrail.io/index.php?/cases/view/29972,Shift Start Times and Unassigned Shifts,"In day view, the start time comes from where the shift is dropped on the timeline",KEEP,Day-view drop position overrides the hierarchy — the positional start-time rule.,,,T1,SENSIBLE,"Cold-read PASS: preconditions reachable (seeding stated where needed), steps executable in order, expected follows, no contradiction, every control spec/design/tech-plan-traceable, domain logic sound, pass/fail observable. (Spec-only suite: VIU-confirm flags are honest, not nonsense.)",yes,yes
SCH-START-05,C29973,https://shopview.testrail.io/index.php?/cases/view/29973,Shift Start Times and Unassigned Shifts,Dropping a work order or line onto the Unassigned row creates an unassigned shift with no technician,KEEP,"Unassigned-row drop creates a technician-less shift, roster untouched — distinct creation path.",,,T1,SENSIBLE,"Cold-read PASS: preconditions reachable (seeding stated where needed), steps executable in order, expected follows, no contradiction, every control spec/design/tech-plan-traceable, domain logic sound, pass/fail observable. (Spec-only suite: VIU-confirm flags are honest, not nonsense.)",yes,yes
SCH-START-06,C29974,https://shopview.testrail.io/index.php?/cases/view/29974,Shift Start Times and Unassigned Shifts,Unassigned shift start time skips the technician-hours rule and uses business hours or the default,WEAK-KEEP,Derivative of SCH-START-02 for the Unassigned row (no technician whose hours could apply) — one extra assertion on an already-covered fallback.,,,T1,SENSIBLE,"Cold-read PASS: preconditions reachable (seeding stated where needed), steps executable in order, expected follows, no contradiction, every control spec/design/tech-plan-traceable, domain logic sound, pass/fail observable. (Spec-only suite: VIU-confirm flags are honest, not nonsense.)",yes,yes
SCH-START-07,C29975,https://shopview.testrail.io/index.php?/cases/view/29975,Shift Start Times and Unassigned Shifts,"Dragging an unassigned shift onto a technician row assigns it, and that technician's hours then apply",KEEP,"Unassigned → technician assignment via drag: leaves the lane, roster updated, tech hours apply — lifecycle integrity.",,,T1,SENSIBLE,"Cold-read PASS: preconditions reachable (seeding stated where needed), steps executable in order, expected follows, no contradiction, every control spec/design/tech-plan-traceable, domain logic sound, pass/fail observable. (Spec-only suite: VIU-confirm flags are honest, not nonsense.)",yes,yes
SCH-START-08,C29976,https://shopview.testrail.io/index.php?/cases/view/29976,Shift Start Times and Unassigned Shifts,Every shift always has a start time - none is created without one,CUT,"Duplicate sweep: its steps literally re-run the other entry-point cases (SCH-START-01 C29954, SCH-START-02 C29955, SCH-START-03 C29956, SCH-START-04 C29957, SCH-START-05 C29958) and each of those already reads the created shift's start time — the 'every shift has a start time' invariant adds no new observation.",,,T1,SENSIBLE,"Cold-read PASS: preconditions reachable (seeding stated where needed), steps executable in order, expected follows, no contradiction, every control spec/design/tech-plan-traceable, domain logic sound, pass/fail observable. (Spec-only suite: VIU-confirm flags are honest, not nonsense.)",yes,
SCH-SPREAD-01,C29977,https://shopview.testrail.io/index.php?/cases/view/29977,Multi-Day Spread Scheduling,Spread step shows the chosen scope in its header with a 'Change scope' back-link,MERGE,"Absorbed into SCH-SPREAD-02 (C29978) — the spread-step header assertions (step 2 of the same modal, chosen scope shown, 'Change scope' present) become expected lines before the back-link is clicked",G-SPREAD-HEADER,SCH-SPREAD-02,T2,SENSIBLE,"Cold-read PASS: preconditions reachable (seeding stated where needed), steps executable in order, expected follows, no contradiction, every control spec/design/tech-plan-traceable, domain logic sound, pass/fail observable. (Spec-only suite: VIU-confirm flags are honest, not nonsense.)",yes,
SCH-SPREAD-02,C29978,https://shopview.testrail.io/index.php?/cases/view/29978,Multi-Day Spread Scheduling,'Change scope' returns from the spread step to the scope picker,KEEP,Spread-step navigation ('Change scope' returns without creating); survivor of G-SPREAD-HEADER (gains the header reads).,G-SPREAD-HEADER,,T1,SENSIBLE,"Cold-read PASS: preconditions reachable (seeding stated where needed), steps executable in order, expected follows, no contradiction, every control spec/design/tech-plan-traceable, domain logic sound, pass/fail observable. (Spec-only suite: VIU-confirm flags are honest, not nonsense.)",yes,
SCH-SPREAD-03,C29979,https://shopview.testrail.io/index.php?/cases/view/29979,Multi-Day Spread Scheduling,"How-much selector defaults to Full estimate; Full estimate, 1 week, and 2 weeks apply immediately with no extra fields",KEEP,How-much selector contract: 'Full estimate' default + the five options + no extra fields for the three quick ones.,,,T1,SENSIBLE,"Cold-read PASS: preconditions reachable (seeding stated where needed), steps executable in order, expected follows, no contradiction, every control spec/design/tech-plan-traceable, domain logic sound, pass/fail observable. (Spec-only suite: VIU-confirm flags are honest, not nonsense.)",yes,yes
SCH-SPREAD-04,C29980,https://shopview.testrail.io/index.php?/cases/view/29980,Multi-Day Spread Scheduling,'Until a date…' reveals a single finish-by date field,KEEP,'Until a date…' progressive disclosure — reveals exactly one finish-by field and re-plans the series.,,,T1,SENSIBLE,"Cold-read PASS: preconditions reachable (seeding stated where needed), steps executable in order, expected follows, no contradiction, every control spec/design/tech-plan-traceable, domain logic sound, pass/fail observable. (Spec-only suite: VIU-confirm flags are honest, not nonsense.)",yes,
SCH-SPREAD-05,C29981,https://shopview.testrail.io/index.php?/cases/view/29981,Multi-Day Spread Scheduling,'Specific hours…' reveals an hours stepper,KEEP,'Specific hours…' progressive disclosure — reveals the hours stepper and spreads exactly the entered hours.,,,T1,SENSIBLE,"Cold-read PASS: preconditions reachable (seeding stated where needed), steps executable in order, expected follows, no contradiction, every control spec/design/tech-plan-traceable, domain logic sound, pass/fail observable. (Spec-only suite: VIU-confirm flags are honest, not nonsense.)",yes,
SCH-SPREAD-06,C29982,https://shopview.testrail.io/index.php?/cases/view/29982,Multi-Day Spread Scheduling,Start date defaults to the earliest working day and can be adjusted to make a second technician sequential,KEEP,Start-date default + adjustability for sequential two-technician planning — a real scheduling workflow.,,,T1,SENSIBLE,"Cold-read PASS: preconditions reachable (seeding stated where needed), steps executable in order, expected follows, no contradiction, every control spec/design/tech-plan-traceable, domain logic sound, pass/fail observable. (Spec-only suite: VIU-confirm flags are honest, not nonsense.)",yes,yes
SCH-SPREAD-07,C29983,https://shopview.testrail.io/index.php?/cases/view/29983,Multi-Day Spread Scheduling,Spread uses the tech's working hours; skips weekends only when hours not set,KEEP,"The core spread calculation contract: daily shifts sized to tech hours; weekends skipped only without hours; closures NOT skipped (V1, SV-8691 latest-wins).",,,T1,SENSIBLE,"Cold-read PASS: preconditions reachable (seeding stated where needed), steps executable in order, expected follows, no contradiction, every control spec/design/tech-plan-traceable, domain logic sound, pass/fail observable. (Spec-only suite: VIU-confirm flags are honest, not nonsense.)",yes,
SCH-SPREAD-08,C29984,https://shopview.testrail.io/index.php?/cases/view/29984,Multi-Day Spread Scheduling,"Preview is collapsed to a one-line summary, expandable to a week-by-week breakdown with skipped days struck through and their reasons",KEEP,Preview contract: one-line summary expanding to a week-by-week breakdown with struck-through skipped days.,,,T2,FIX-WORDING,"Expected line 3 says skipped days 'show the reason they are skipped (weekend / closure)' — but the suite's own V1 rule (SCH-SPREAD-07/SCH-EDGE-05, SV-8691) is that closures are NOT skipped, so a 'closure' skip reason cannot occur in V1. Fix: reword to weekend-only (or align once NQ-1 is answered).",yes,yes
SCH-SPREAD-09,C29985,https://shopview.testrail.io/index.php?/cases/view/29985,Multi-Day Spread Scheduling,Confirming the spread creates a linked series of daily shifts,KEEP,Confirming the spread materializes the linked series (one shift per working day + toast) — the central creation contract.,,,T1,SENSIBLE,"Cold-read PASS: preconditions reachable (seeding stated where needed), steps executable in order, expected follows, no contradiction, every control spec/design/tech-plan-traceable, domain logic sound, pass/fail observable. (Spec-only suite: VIU-confirm flags are honest, not nonsense.)",yes,
SCH-SPREAD-10,C29986,https://shopview.testrail.io/index.php?/cases/view/29986,Multi-Day Spread Scheduling,"Dropping the same work order on a second technician spreads the full estimate again, independently",KEEP,Independent per-technician spread (no shared remaining-hours counter) — a spec-pinned model rule; absorbs the over-estimate acceptance.,,,T1,SENSIBLE,"Cold-read PASS: preconditions reachable (seeding stated where needed), steps executable in order, expected follows, no contradiction, every control spec/design/tech-plan-traceable, domain logic sound, pass/fail observable. (Spec-only suite: VIU-confirm flags are honest, not nonsense.)",yes,yes
SCH-SER-01,C29987,https://shopview.testrail.io/index.php?/cases/view/29987,Linked Series and Banners,"Month view renders a series as a continuous banner wrapping across week rows, labeled once, with a faded 'continues' label on later weeks",KEEP,"Month-view series banner (continuous wrap, labeled once, faded continues, breaks) — the series rendering contract.",,,T2,SENSIBLE,"Cold-read PASS: preconditions reachable (seeding stated where needed), steps executable in order, expected follows, no contradiction, every control spec/design/tech-plan-traceable, domain logic sound, pass/fail observable. (Spec-only suite: VIU-confirm flags are honest, not nonsense.)",yes,yes
SCH-SER-02,C29988,https://shopview.testrail.io/index.php?/cases/view/29988,Linked Series and Banners,"Week view renders a series as one banner spanning the week's working days, with edge chevrons and a 'week N of M' cue",KEEP,"Week-view series banner (edge chevrons + 'week N of M' + break around bookings) — genuinely different rendering, not view-filler.",,,T2,SENSIBLE,"Cold-read PASS: preconditions reachable (seeding stated where needed), steps executable in order, expected follows, no contradiction, every control spec/design/tech-plan-traceable, domain logic sound, pass/fail observable. (Spec-only suite: VIU-confirm flags are honest, not nonsense.)",yes,yes
SCH-SER-03,C29989,https://shopview.testrail.io/index.php?/cases/view/29989,Linked Series and Banners,Day view shows the series day as a single time-positioned block with a 'part of an M-week job' cue,WEAK-KEEP,Day-view series cue ('part of an M-week job') — a single label assertion; the load-bearing series renderings are the month/week banner cases.,,,T2,SENSIBLE,"Cold-read PASS: preconditions reachable (seeding stated where needed), steps executable in order, expected follows, no contradiction, every control spec/design/tech-plan-traceable, domain logic sound, pass/fail observable. (Spec-only suite: VIU-confirm flags are honest, not nonsense.)",yes,yes
SCH-SER-04,C29990,https://shopview.testrail.io/index.php?/cases/view/29990,Linked Series and Banners,"A series is a grouping of ordinary daily shifts - capacity, overtime, and conflicts operate on the individual shifts",KEEP,Series = grouping of ordinary daily shifts (capacity/conflict/modal operate per shift) — the load-bearing series semantics.,,,T1,SENSIBLE,"Cold-read PASS: preconditions reachable (seeding stated where needed), steps executable in order, expected follows, no contradiction, every control spec/design/tech-plan-traceable, domain logic sound, pass/fail observable. (Spec-only suite: VIU-confirm flags are honest, not nonsense.)",yes,yes
SCH-BLOCK-01,C29991,https://shopview.testrail.io/index.php?/cases/view/29991,Shift Block Anatomy,"A single-line shift block shows three text lines: customer name, unit number, and the line name",KEEP,"Shift block anatomy (customer/unit/line name, no WO number) — the base block contract.",,,T2,SENSIBLE,"Cold-read PASS: preconditions reachable (seeding stated where needed), steps executable in order, expected follows, no contradiction, every control spec/design/tech-plan-traceable, domain logic sound, pass/fail observable. (Spec-only suite: VIU-confirm flags are honest, not nonsense.)",yes,yes
SCH-BLOCK-02,C29992,https://shopview.testrail.io/index.php?/cases/view/29992,Shift Block Anatomy,Whole-order and multi-line-subset shifts both read 'N Lines' on the block - the detail modal spells out the exact scope,KEEP,'N Lines' on whole-order AND subset blocks with the modal spelling out the scope — a real disambiguation contract.,,,T2,SENSIBLE,"Cold-read PASS: preconditions reachable (seeding stated where needed), steps executable in order, expected follows, no contradiction, every control spec/design/tech-plan-traceable, domain logic sound, pass/fail observable. (Spec-only suite: VIU-confirm flags are honest, not nonsense.)",yes,yes
SCH-BLOCK-03,C29993,https://shopview.testrail.io/index.php?/cases/view/29993,Shift Block Anatomy,"VIN appears as an extra block line only when the VIN toggle is on, in day and week views only (month omits it)",MERGE,"Absorbed into SCH-VIEW-04 (C30045) — the block VIN line in day+week only, month omission, and the day-view lane growing so text is not clipped all fold into the one VIN-toggle case (it already asserts most of this)",G-VIN-TOGGLE,SCH-VIEW-04,T2,SENSIBLE,"Cold-read PASS: preconditions reachable (seeding stated where needed), steps executable in order, expected follows, no contradiction, every control spec/design/tech-plan-traceable, domain logic sound, pass/fail observable. (Spec-only suite: VIU-confirm flags are honest, not nonsense.)",yes,yes
SCH-BLOCK-04,C29994,https://shopview.testrail.io/index.php?/cases/view/29994,Shift Block Anatomy,Shift blocks default to blue; a custom colour can be set per shift,MERGE,"Absorbed into SCH-COLOR-02 (C30072) — colour is per SHIFT, not per work order (two shifts of the same order do not share a custom colour) becomes an expected line — and the stale per-WO note is corrected",G-SHIFT-COLOR,SCH-COLOR-02,T1,SENSIBLE,"Cold-read PASS: preconditions reachable (seeding stated where needed), steps executable in order, expected follows, no contradiction, every control spec/design/tech-plan-traceable, domain logic sound, pass/fail observable. (Spec-only suite: VIU-confirm flags are honest, not nonsense.)",yes,
SCH-BLOCK-05,C29995,https://shopview.testrail.io/index.php?/cases/view/29995,Shift Block Anatomy,The conflict icon is the only icon on a shift block - no work order number and no scope icons,WEAK-KEEP,"Icon-absence detail (conflict icon is the only icon; no WO number, no scope icons) — spec-pinned but failure is cosmetic.",,,T2,SENSIBLE,"Cold-read PASS: preconditions reachable (seeding stated where needed), steps executable in order, expected follows, no contradiction, every control spec/design/tech-plan-traceable, domain logic sound, pass/fail observable. (Spec-only suite: VIU-confirm flags are honest, not nonsense.)",yes,yes
SCH-LANE-01,C29996,https://shopview.testrail.io/index.php?/cases/view/29996,Overlap and Lane Stacking,Shifts whose times do not overlap share a single lane - the row keeps its normal height,KEEP,Non-overlap single-lane behaviour (+ no conflict for back-to-back); survivor of G-SAMEDAY-LANE (gains the two-WO setup).,G-SAMEDAY-LANE,,T1,SENSIBLE,"Cold-read PASS: preconditions reachable (seeding stated where needed), steps executable in order, expected follows, no contradiction, every control spec/design/tech-plan-traceable, domain logic sound, pass/fail observable. (Spec-only suite: VIU-confirm flags are honest, not nonsense.)",yes,yes
SCH-LANE-02,C29997,https://shopview.testrail.io/index.php?/cases/view/29997,Overlap and Lane Stacking,Shifts whose times intersect split into stacked lanes and the row grows to fit,KEEP,Overlap → stacked lanes + row growth + double-booked flag — the core overlap rendering contract.,,,T1,SENSIBLE,"Cold-read PASS: preconditions reachable (seeding stated where needed), steps executable in order, expected follows, no contradiction, every control spec/design/tech-plan-traceable, domain logic sound, pass/fail observable. (Spec-only suite: VIU-confirm flags are honest, not nonsense.)",yes,
SCH-LANE-03,C29998,https://shopview.testrail.io/index.php?/cases/view/29998,Overlap and Lane Stacking,Visible lanes cap at 3 - additional overlapping shifts collapse into a '+N more' affordance that opens a popover,KEEP,3-lane cap with '+N more' popover — a spec-pinned boundary (5 shifts → 3 lanes + '+2 more').,,,T1,SENSIBLE,"Cold-read PASS: preconditions reachable (seeding stated where needed), steps executable in order, expected follows, no contradiction, every control spec/design/tech-plan-traceable, domain logic sound, pass/fail observable. (Spec-only suite: VIU-confirm flags are honest, not nonsense.)",yes,yes
SCH-LANE-04,C29999,https://shopview.testrail.io/index.php?/cases/view/29999,Overlap and Lane Stacking,"Lane stacking and the '+N more' overflow apply in day, week, and month views",KEEP,One case sweeping the cap-and-overflow model across all three views — packaged correctly (not a per-view explosion).,,,T1,SENSIBLE,"Cold-read PASS: preconditions reachable (seeding stated where needed), steps executable in order, expected follows, no contradiction, every control spec/design/tech-plan-traceable, domain logic sound, pass/fail observable. (Spec-only suite: VIU-confirm flags are honest, not nonsense.)",yes,
SCH-LANE-05,C30000,https://shopview.testrail.io/index.php?/cases/view/30000,Overlap and Lane Stacking,A technician can hold multiple shifts on the same day from different work orders,MERGE,"Absorbed into SCH-LANE-01 (C29996) — the two non-overlapping same-day shifts come from TWO DIFFERENT work orders, proving multi-WO same-day scheduling in the same observation",G-SAMEDAY-LANE,SCH-LANE-01,T1,SENSIBLE,"Cold-read PASS: preconditions reachable (seeding stated where needed), steps executable in order, expected follows, no contradiction, every control spec/design/tech-plan-traceable, domain logic sound, pass/fail observable. (Spec-only suite: VIU-confirm flags are honest, not nonsense.)",yes,
SCH-DAY-01,C30001,https://shopview.testrail.io/index.php?/cases/view/30001,Day View Timeline,Day view auto-scrolls on load and day navigation so the working-day start sits at the left edge (with a small buffer),KEEP,Day-view auto-scroll to the working-day start; survivor of G-AUTOSCROLL (gains the manual-scroll-not-overridden half).,G-AUTOSCROLL,,T1,SENSIBLE,"Cold-read PASS: preconditions reachable (seeding stated where needed), steps executable in order, expected follows, no contradiction, every control spec/design/tech-plan-traceable, domain logic sound, pass/fail observable. (Spec-only suite: VIU-confirm flags are honest, not nonsense.)",yes,yes
SCH-DAY-02,C30002,https://shopview.testrail.io/index.php?/cases/view/30002,Day View Timeline,Manual scrolling is not overridden - auto-scroll fires only on load or day navigation,MERGE,Absorbed into SCH-DAY-01 (C30001) — manual scroll is not overridden + the full 24-hour timeline stays scrollable + only day navigation re-triggers auto-scroll become steps 3-5,G-AUTOSCROLL,SCH-DAY-01,T1,SENSIBLE,"Cold-read PASS: preconditions reachable (seeding stated where needed), steps executable in order, expected follows, no contradiction, every control spec/design/tech-plan-traceable, domain logic sound, pass/fail observable. (Spec-only suite: VIU-confirm flags are honest, not nonsense.)",yes,yes
SCH-DAY-03,C30003,https://shopview.testrail.io/index.php?/cases/view/30003,Day View Timeline,Date and time headers stick to the top of the viewport during vertical scroll (day and week views),WEAK-KEEP,Sticky date/time headers on scroll — real but low-value display behaviour any regression would catch incidentally.,,,T2,SENSIBLE,"Cold-read PASS: preconditions reachable (seeding stated where needed), steps executable in order, expected follows, no contradiction, every control spec/design/tech-plan-traceable, domain logic sound, pass/fail observable. (Spec-only suite: VIU-confirm flags are honest, not nonsense.)",yes,yes
SCH-DAY-04,C30004,https://shopview.testrail.io/index.php?/cases/view/30004,Day View Timeline,"Dragging a shift horizontally moves its start time, snapping to 15-minute intervals",KEEP,Horizontal drag moves start time with 15-minute snapping — a load-bearing time-editing contract.,,,T1,SENSIBLE,"Cold-read PASS: preconditions reachable (seeding stated where needed), steps executable in order, expected follows, no contradiction, every control spec/design/tech-plan-traceable, domain logic sound, pass/fail observable. (Spec-only suite: VIU-confirm flags are honest, not nonsense.)",yes,yes
SCH-DAY-05,C30005,https://shopview.testrail.io/index.php?/cases/view/30005,Day View Timeline,Dragging a shift's left or right edge resizes its duration,KEEP,Edge resize changes duration (left/right edge semantics) — distinct time-editing contract.,,,T1,SENSIBLE,"Cold-read PASS: preconditions reachable (seeding stated where needed), steps executable in order, expected follows, no contradiction, every control spec/design/tech-plan-traceable, domain logic sound, pass/fail observable. (Spec-only suite: VIU-confirm flags are honest, not nonsense.)",yes,
SCH-DAY-06,C30006,https://shopview.testrail.io/index.php?/cases/view/30006,Day View Timeline,"A now line marks the current time on today's day view, with a label on hover",WEAK-KEEP,Now-line indicator + hover label — cosmetic time cue; unpinned styling.,,,T2,SENSIBLE,"Cold-read PASS: preconditions reachable (seeding stated where needed), steps executable in order, expected follows, no contradiction, every control spec/design/tech-plan-traceable, domain logic sound, pass/fail observable. (Spec-only suite: VIU-confirm flags are honest, not nonsense.)",yes,
SCH-DAY-07,C30007,https://shopview.testrail.io/index.php?/cases/view/30007,Day View Timeline,"With the VIN toggle on, day-view lane heights grow so block text is not clipped",MERGE,"Absorbed into SCH-VIEW-04 (C30045) — the block VIN line in day+week only, month omission, and the day-view lane growing so text is not clipped all fold into the one VIN-toggle case (it already asserts most of this)",G-VIN-TOGGLE,SCH-VIEW-04,T2,SENSIBLE,"Cold-read PASS: preconditions reachable (seeding stated where needed), steps executable in order, expected follows, no contradiction, every control spec/design/tech-plan-traceable, domain logic sound, pass/fail observable. (Spec-only suite: VIU-confirm flags are honest, not nonsense.)",yes,
SCH-MODAL-01,C30008,https://shopview.testrail.io/index.php?/cases/view/30008,Shift Detail Modal,"Clicking a shift opens its detail modal showing customer, unit, VIN (always visible), and the work order id",KEEP,"Modal identity contract (customer, unit, VIN always visible, WO id) — including the VIN-regardless-of-toggle rule.",,,T1,SENSIBLE,"Cold-read PASS: preconditions reachable (seeding stated where needed), steps executable in order, expected follows, no contradiction, every control spec/design/tech-plan-traceable, domain logic sound, pass/fail observable. (Spec-only suite: VIU-confirm flags are honest, not nonsense.)",yes,yes
SCH-MODAL-02,C30009,https://shopview.testrail.io/index.php?/cases/view/30009,Shift Detail Modal,Scheduled date and start/end time pickers work in 15-minute increments,KEEP,"Date + start/end pickers in 15-minute increments, grid reflects the change — the modal editing contract.",,,T1,SENSIBLE,"Cold-read PASS: preconditions reachable (seeding stated where needed), steps executable in order, expected follows, no contradiction, every control spec/design/tech-plan-traceable, domain logic sound, pass/fail observable. (Spec-only suite: VIU-confirm flags are honest, not nonsense.)",yes,
SCH-MODAL-03,C30010,https://shopview.testrail.io/index.php?/cases/view/30010,Shift Detail Modal,The modal shows the technician and time logged vs estimate progress,KEEP,Technician + time-logged-vs-estimate progress — the progress display contract (numbers must reconcile).,,,T1,SENSIBLE,"Cold-read PASS: preconditions reachable (seeding stated where needed), steps executable in order, expected follows, no contradiction, every control spec/design/tech-plan-traceable, domain logic sound, pass/fail observable. (Spec-only suite: VIU-confirm flags are honest, not nonsense.)",yes,
SCH-MODAL-04,C30011,https://shopview.testrail.io/index.php?/cases/view/30011,Shift Detail Modal,"The modal shows a scope summary and the scheduled line(s) with number, title, hours, and status only",KEEP,"Scope summary + scheduled lines with number/title/hours/status ONLY — the no-money-in-the-modal rule (Branko Q3), a real data-exposure contract.",,,T1,SENSIBLE,"Cold-read PASS: preconditions reachable (seeding stated where needed), steps executable in order, expected follows, no contradiction, every control spec/design/tech-plan-traceable, domain logic sound, pass/fail observable. (Spec-only suite: VIU-confirm flags are honest, not nonsense.)",yes,yes
SCH-MODAL-05,C30012,https://shopview.testrail.io/index.php?/cases/view/30012,Shift Detail Modal,Estimated hours can be edited inline in the modal,KEEP,Inline estimated-hours edit with persistence — a real editing path (with an honest scope-ambiguity flag).,,,T1,SENSIBLE,"Cold-read PASS: preconditions reachable (seeding stated where needed), steps executable in order, expected follows, no contradiction, every control spec/design/tech-plan-traceable, domain logic sound, pass/fail observable. (Spec-only suite: VIU-confirm flags are honest, not nonsense.)",yes,
SCH-MODAL-06,C30013,https://shopview.testrail.io/index.php?/cases/view/30013,Shift Detail Modal,"Notes can be added, edited, and deleted per work order from the modal",KEEP,Notes add/edit/delete per work order — CRUD lifecycle on the modal.,,,T1,SENSIBLE,"Cold-read PASS: preconditions reachable (seeding stated where needed), steps executable in order, expected follows, no contradiction, every control spec/design/tech-plan-traceable, domain logic sound, pass/fail observable. (Spec-only suite: VIU-confirm flags are honest, not nonsense.)",yes,
SCH-MODAL-07,C30014,https://shopview.testrail.io/index.php?/cases/view/30014,Shift Detail Modal,A conflicted shift's modal shows a conflict banner with an 'Adjust' action,KEEP,Conflict banner + 'Adjust' action in the modal (and its absence on clean shifts) — conflict resolution entry point.,,,T1,SENSIBLE,"Cold-read PASS: preconditions reachable (seeding stated where needed), steps executable in order, expected follows, no contradiction, every control spec/design/tech-plan-traceable, domain logic sound, pass/fail observable. (Spec-only suite: VIU-confirm flags are honest, not nonsense.)",yes,
SCH-MODAL-08,C30015,https://shopview.testrail.io/index.php?/cases/view/30015,Shift Detail Modal,The modal offers a Delete (series-aware) action only - there is no Reassign action,KEEP,"[HELD pending Branko D4 — modal 'Reassign' question; scored as authored] Delete-only modal actions — NO Reassign (drag-only reassignment, Branko-confirmed removal) — a real regression guard.",,,T1,SENSIBLE,"Cold-read PASS: preconditions reachable (seeding stated where needed), steps executable in order, expected follows, no contradiction, every control spec/design/tech-plan-traceable, domain logic sound, pass/fail observable. (Spec-only suite: VIU-confirm flags are honest, not nonsense.)",yes,yes
SCH-EVT-01,C30016,https://shopview.testrail.io/index.php?/cases/view/30016,Events,Create an event via right-click 'Create Event' on a grid cell,KEEP,Event creation via the right-click 'Create Event' menu with pre-set tech/date — the primary event path.,,,T1,SENSIBLE,"Cold-read PASS: preconditions reachable (seeding stated where needed), steps executable in order, expected follows, no contradiction, every control spec/design/tech-plan-traceable, domain logic sound, pass/fail observable. (Spec-only suite: VIU-confirm flags are honest, not nonsense.)",yes,
SCH-EVT-02,C30017,https://shopview.testrail.io/index.php?/cases/view/30017,Events,"Create an event by clicking empty grid space in day view, with a live preview block and drag-to-resize",KEEP,Day-view click-to-create with live preview + drag-to-size — a distinct creation gesture.,,,T1,SENSIBLE,"Cold-read PASS: preconditions reachable (seeding stated where needed), steps executable in order, expected follows, no contradiction, every control spec/design/tech-plan-traceable, domain logic sound, pass/fail observable. (Spec-only suite: VIU-confirm flags are honest, not nonsense.)",yes,yes
SCH-EVT-03,C30018,https://shopview.testrail.io/index.php?/cases/view/30018,Events,"Event modal offers name, date, start/end time, an all-day toggle, and a color category",KEEP,Event modal fields contract (name/date/times/all-day/colour) with save/re-open; survivor of G-EVENT-MODAL.,G-EVENT-MODAL,,T1,FIX-WORDING,Precondition says the modal is opened 'via right-click 'New Event'' — stale label; the menu item is 'Create Event' (SCH-EVT-01/DESIGN-RECONCILIATION #7). Fix: update the label.,yes,yes
SCH-EVT-04,C30019,https://shopview.testrail.io/index.php?/cases/view/30019,Events,The all-day toggle creates an all-day event,MERGE,Absorbed into SCH-EVT-03 (C30018) — the all-day toggle behaviour (time fields not required when on; the event renders as an all-day block) folds in as a step of the modal-fields case,G-EVENT-MODAL,SCH-EVT-03,T1,SENSIBLE,"Cold-read PASS: preconditions reachable (seeding stated where needed), steps executable in order, expected follows, no contradiction, every control spec/design/tech-plan-traceable, domain logic sound, pass/fail observable. (Spec-only suite: VIU-confirm flags are honest, not nonsense.)",yes,
SCH-EVT-05,C30020,https://shopview.testrail.io/index.php?/cases/view/30020,Events,Events can be dragged to another technician or another day,KEEP,Event drag to another technician/day with undo toasts — event lifecycle parity with shifts.,,,T1,SENSIBLE,"Cold-read PASS: preconditions reachable (seeding stated where needed), steps executable in order, expected follows, no contradiction, every control spec/design/tech-plan-traceable, domain logic sound, pass/fail observable. (Spec-only suite: VIU-confirm flags are honest, not nonsense.)",yes,
SCH-EVT-06,C30021,https://shopview.testrail.io/index.php?/cases/view/30021,Events,"Event cards are structurally distinct from shift cards - white outlined card with a grey icon chip, no colored left rail",KEEP,Structural event-vs-shift distinguishability (not by colour alone) — a real accessibility/recognition contract.,,,T2,SENSIBLE,"Cold-read PASS: preconditions reachable (seeding stated where needed), steps executable in order, expected follows, no contradiction, every control spec/design/tech-plan-traceable, domain logic sound, pass/fail observable. (Spec-only suite: VIU-confirm flags are honest, not nonsense.)",yes,yes
SCH-EVT-07,C30022,https://shopview.testrail.io/index.php?/cases/view/30022,Events,Events default to neutral/grey; choosing a color tints the card and its icon chip,WEAK-KEEP,Event default grey + tint-on-colour — cosmetic colour behaviour; the structural event-vs-shift distinguishability case (SCH-EVT-06) is the load-bearing one.,,,T2,SENSIBLE,"Cold-read PASS: preconditions reachable (seeding stated where needed), steps executable in order, expected follows, no contradiction, every control spec/design/tech-plan-traceable, domain logic sound, pass/fail observable. (Spec-only suite: VIU-confirm flags are honest, not nonsense.)",yes,yes
SCH-EVT-08,C30615,https://shopview.testrail.io/index.php?/cases/view/30615,Events,An event does not count toward a technician's capacity bar and does not raise a conflict,KEEP,"[HELD pending Branko D1 — events-count-toward-capacity may change; scored as authored] Events excluded from capacity AND conflicts — load-bearing semantics (Branko Q1), guards a silent capacity distortion.",,,T1,SENSIBLE,"Cold-read PASS: preconditions reachable (seeding stated where needed), steps executable in order, expected follows, no contradiction, every control spec/design/tech-plan-traceable, domain logic sound, pass/fail observable. (Spec-only suite: VIU-confirm flags are honest, not nonsense.)",yes,yes
SCH-CONF-01,C30023,https://shopview.testrail.io/index.php?/cases/view/30023,Conflict Detection,Double-booked: two work orders overlapping on the same technician at the same time are flagged,KEEP,Double-booked detection with icon + pill count + dropdown listing — the core conflict contract.,,,T1,SENSIBLE,"Cold-read PASS: preconditions reachable (seeding stated where needed), steps executable in order, expected follows, no contradiction, every control spec/design/tech-plan-traceable, domain logic sound, pass/fail observable. (Spec-only suite: VIU-confirm flags are honest, not nonsense.)",yes,yes
SCH-CONF-02,C30024,https://shopview.testrail.io/index.php?/cases/view/30024,Conflict Detection,Working-day conflict: a shift on a day outside the technician's configured working days is flagged,KEEP,Working-day conflict keyed to the technician's OWN configured days (Saturday hours ⇒ no flag) — the reconciled per-tech rule.,,,T1,SENSIBLE,"Cold-read PASS: preconditions reachable (seeding stated where needed), steps executable in order, expected follows, no contradiction, every control spec/design/tech-plan-traceable, domain logic sound, pass/fail observable. (Spec-only suite: VIU-confirm flags are honest, not nonsense.)",yes,yes
SCH-CONF-03,C30025,https://shopview.testrail.io/index.php?/cases/view/30025,Conflict Detection,Before hours: a shift starting before the technician's configured working-day start is flagged,KEEP,Before-hours conflict against the configured start (hierarchy tech > business > default); survivor of G-HOURS-CONFLICT (gains the after-hours half).,G-HOURS-CONFLICT,,T1,SENSIBLE,"Cold-read PASS: preconditions reachable (seeding stated where needed), steps executable in order, expected follows, no contradiction, every control spec/design/tech-plan-traceable, domain logic sound, pass/fail observable. (Spec-only suite: VIU-confirm flags are honest, not nonsense.)",yes,yes
SCH-CONF-04,C30026,https://shopview.testrail.io/index.php?/cases/view/30026,Conflict Detection,After hours: a shift extending past the technician's configured working-day end is flagged,MERGE,Absorbed into SCH-CONF-03 (C30025) — one working-hours-conflict case: drag the same shift to start BEFORE the start and then extend PAST the end — both reason sentences observed in one sitting,G-HOURS-CONFLICT,SCH-CONF-03,T1,SENSIBLE,"Cold-read PASS: preconditions reachable (seeding stated where needed), steps executable in order, expected follows, no contradiction, every control spec/design/tech-plan-traceable, domain logic sound, pass/fail observable. (Spec-only suite: VIU-confirm flags are honest, not nonsense.)",yes,yes
SCH-CONF-05,C30027,https://shopview.testrail.io/index.php?/cases/view/30027,Conflict Detection,The toolbar conflict pill shows the issue count and opens a dropdown listing the conflicts,KEEP,Conflict pill count + dropdown completeness + continuous re-detection on resolve — the conflict surfacing contract.,,,T1,SENSIBLE,"Cold-read PASS: preconditions reachable (seeding stated where needed), steps executable in order, expected follows, no contradiction, every control spec/design/tech-plan-traceable, domain logic sound, pass/fail observable. (Spec-only suite: VIU-confirm flags are honest, not nonsense.)",yes,yes
SCH-CONF-06,C30028,https://shopview.testrail.io/index.php?/cases/view/30028,Conflict Detection,Clicking a conflict in the dropdown navigates to the relevant technician and day,KEEP,Clicking a listed conflict navigates to the right technician/day — a navigation contract.,,,T1,SENSIBLE,"Cold-read PASS: preconditions reachable (seeding stated where needed), steps executable in order, expected follows, no contradiction, every control spec/design/tech-plan-traceable, domain logic sound, pass/fail observable. (Spec-only suite: VIU-confirm flags are honest, not nonsense.)",yes,
SCH-CONF-07,C30029,https://shopview.testrail.io/index.php?/cases/view/30029,Conflict Detection,Red/alarming styling is reserved for conflicts and genuine errors - never used for overtime,WEAK-KEEP,"Styling reservation rule (red only for conflicts, amber for OT) — a real accessibility/severity semantic but observationally thin; the honest hard-to-seed note is kept.",,,T2,SENSIBLE,"Cold-read PASS: preconditions reachable (seeding stated where needed), steps executable in order, expected follows, no contradiction, every control spec/design/tech-plan-traceable, domain logic sound, pass/fail observable. (Spec-only suite: VIU-confirm flags are honest, not nonsense.)",yes,yes
SCH-CAP-01,C30030,https://shopview.testrail.io/index.php?/cases/view/30030,Capacity Bars,"Day-column headers show a capacity bar - blue fill = aggregate booked vs total available, clamped at 100%, equal track widths",KEEP,"[HELD pending Branko D1 — events-in-capacity edit held; scored as authored] Capacity bar calculation contract: booked ÷ available, clamped, equal track widths — customer-facing math.",,,T1,SENSIBLE,"Cold-read PASS: preconditions reachable (seeding stated where needed), steps executable in order, expected follows, no contradiction, every control spec/design/tech-plan-traceable, domain logic sound, pass/fail observable. (Spec-only suite: VIU-confirm flags are honest, not nonsense.)",yes,yes
SCH-CAP-02,C30031,https://shopview.testrail.io/index.php?/cases/view/30031,Capacity Bars,"When aggregate hours exceed capacity, an amber spill extends past the track's right edge with a tick at the 100% line",KEEP,[HELD pending Branko D1 — events-in-capacity edit held; scored as authored] Over-capacity rendering (amber spill past the track + 100% tick) — the over-booking signal.,,,T1,SENSIBLE,"Cold-read PASS: preconditions reachable (seeding stated where needed), steps executable in order, expected follows, no contradiction, every control spec/design/tech-plan-traceable, domain logic sound, pass/fail observable. (Spec-only suite: VIU-confirm flags are honest, not nonsense.)",yes,yes
SCH-CAP-03,C30032,https://shopview.testrail.io/index.php?/cases/view/30032,Capacity Bars,The 'OT' text tag appears whenever any single technician exceeds their own daily hours - even when the day's aggregate is under capacity,KEEP,[HELD pending Branko D1 — events-in-capacity edit held; scored as authored] OT tag independence (per-tech overtime under an under-capacity aggregate) — a genuinely subtle calculation contract.,,,T1,SENSIBLE,"Cold-read PASS: preconditions reachable (seeding stated where needed), steps executable in order, expected follows, no contradiction, every control spec/design/tech-plan-traceable, domain logic sound, pass/fail observable. (Spec-only suite: VIU-confirm flags are honest, not nonsense.)",yes,yes
SCH-CAP-04,C30033,https://shopview.testrail.io/index.php?/cases/view/30033,Capacity Bars,"Hovering a capacity bar shows a per-technician breakdown, with overtime technicians highlighted in amber",KEEP,[HELD pending Branko D1 — events-in-capacity edit held; scored as authored] Capacity hover breakdown per technician with amber OT highlighting — numbers must reconcile with the grid.,,,T1,SENSIBLE,"Cold-read PASS: preconditions reachable (seeding stated where needed), steps executable in order, expected follows, no contradiction, every control spec/design/tech-plan-traceable, domain logic sound, pass/fail observable. (Spec-only suite: VIU-confirm flags are honest, not nonsense.)",yes,yes
SCH-TIP-01,C30034,https://shopview.testrail.io/index.php?/cases/view/30034,Hover Tooltips,"Shift hover tooltip shows customer, unit/vehicle/VIN, date and time, technician, scope, up to 3 line names, and a progress bar",KEEP,"Shift tooltip contents as ONE packaged case (identity, VIN-always, times, scope, 3-line cap, progress bar) — anti-slop packaging credit.",,,T1,SENSIBLE,"Cold-read PASS: preconditions reachable (seeding stated where needed), steps executable in order, expected follows, no contradiction, every control spec/design/tech-plan-traceable, domain logic sound, pass/fail observable. (Spec-only suite: VIU-confirm flags are honest, not nonsense.)",yes,yes
SCH-TIP-02,C30035,https://shopview.testrail.io/index.php?/cases/view/30035,Hover Tooltips,A conflicted shift's tooltip shows the conflict icon and the conflict reason in amber,WEAK-KEEP,Conflict-variant of the shift tooltip (icon + amber reason) — one extra state on SCH-TIP-01's surface; kept because conflict visibility matters.,,,T1,SENSIBLE,"Cold-read PASS: preconditions reachable (seeding stated where needed), steps executable in order, expected follows, no contradiction, every control spec/design/tech-plan-traceable, domain logic sound, pass/fail observable. (Spec-only suite: VIU-confirm flags are honest, not nonsense.)",yes,yes
SCH-TIP-03,C30036,https://shopview.testrail.io/index.php?/cases/view/30036,Hover Tooltips,"Event hover tooltip shows the event name with its grey category dot, date and time range, and technician",KEEP,"Event tooltip contents (name + category dot, times, technician) — distinct entity, one case.",,,T2,SENSIBLE,"Cold-read PASS: preconditions reachable (seeding stated where needed), steps executable in order, expected follows, no contradiction, every control spec/design/tech-plan-traceable, domain logic sound, pass/fail observable. (Spec-only suite: VIU-confirm flags are honest, not nonsense.)",yes,yes
SCH-TIP-04,C30037,https://shopview.testrail.io/index.php?/cases/view/30037,Hover Tooltips,"Tooltips open after a short hover delay, dismiss on mouse-leave, and are read-only - clicking still opens the modal",KEEP,"Tooltip behaviour contract: hover delay, dismiss on leave, read-only, click still opens the modal.",,,T1,SENSIBLE,"Cold-read PASS: preconditions reachable (seeding stated where needed), steps executable in order, expected follows, no contradiction, every control spec/design/tech-plan-traceable, domain logic sound, pass/fail observable. (Spec-only suite: VIU-confirm flags are honest, not nonsense.)",yes,yes
SCH-TIP-05,C30038,https://shopview.testrail.io/index.php?/cases/view/30038,Hover Tooltips,The tooltip flips above the block or shifts horizontally to stay within the viewport - it is never clipped,WEAK-KEEP,Tooltip viewport flip/shift positioning — edge-case cosmetics; failure = a clipped tooltip.,,,T2,SENSIBLE,"Cold-read PASS: preconditions reachable (seeding stated where needed), steps executable in order, expected follows, no contradiction, every control spec/design/tech-plan-traceable, domain logic sound, pass/fail observable. (Spec-only suite: VIU-confirm flags are honest, not nonsense.)",yes,yes
SCH-TOOL-01,C30039,https://shopview.testrail.io/index.php?/cases/view/30039,Grid Toolbar,'Today' button jumps the grid to the current date,KEEP,'Today' jump — a distinct navigation action per view.,,,T1,SENSIBLE,"Cold-read PASS: preconditions reachable (seeding stated where needed), steps executable in order, expected follows, no contradiction, every control spec/design/tech-plan-traceable, domain logic sound, pass/fail observable. (Spec-only suite: VIU-confirm flags are honest, not nonsense.)",yes,
SCH-TOOL-02,C30040,https://shopview.testrail.io/index.php?/cases/view/30040,Grid Toolbar,"Left/right arrows navigate by day, week, or month depending on the active range, and the date label shows the current range",KEEP,Arrow navigation stepping by the active range + the date-label contract — core toolbar navigation.,,,T1,SENSIBLE,"Cold-read PASS: preconditions reachable (seeding stated where needed), steps executable in order, expected follows, no contradiction, every control spec/design/tech-plan-traceable, domain logic sound, pass/fail observable. (Spec-only suite: VIU-confirm flags are honest, not nonsense.)",yes,yes
SCH-TOOL-03,C30041,https://shopview.testrail.io/index.php?/cases/view/30041,Grid Toolbar,"Toolbar search fades non-matching blocks and highlights matching ones (customer, WO number, unit, technician, line name)",KEEP,"Toolbar search fade/highlight across all five fields (incl. WO number not printed on the block) — a distinct search model (visual, non-removing).",,,T1,SENSIBLE,"Cold-read PASS: preconditions reachable (seeding stated where needed), steps executable in order, expected follows, no contradiction, every control spec/design/tech-plan-traceable, domain logic sound, pass/fail observable. (Spec-only suite: VIU-confirm flags are honest, not nonsense.)",yes,yes
SCH-VIEW-01,C30042,https://shopview.testrail.io/index.php?/cases/view/30042,Filter and Display and View Options,"'Filter & Display' dropdown combines department toggles, My Shifts, and VIN",KEEP,"'Filter & Display' contents + defaults (departments ON, My Shifts OFF, VIN OFF) — the control-surface contract.",,,T1,SENSIBLE,"Cold-read PASS: preconditions reachable (seeding stated where needed), steps executable in order, expected follows, no contradiction, every control spec/design/tech-plan-traceable, domain logic sound, pass/fail observable. (Spec-only suite: VIU-confirm flags are honest, not nonsense.)",yes,
SCH-VIEW-02,C30043,https://shopview.testrail.io/index.php?/cases/view/30043,Filter and Display and View Options,Department toggles show or hide individual department groups in the grid,KEEP,Department toggles show/hide whole groups — structural filtering with restore.,,,T1,SENSIBLE,"Cold-read PASS: preconditions reachable (seeding stated where needed), steps executable in order, expected follows, no contradiction, every control spec/design/tech-plan-traceable, domain logic sound, pass/fail observable. (Spec-only suite: VIU-confirm flags are honest, not nonsense.)",yes,
SCH-VIEW-03,C30044,https://shopview.testrail.io/index.php?/cases/view/30044,Filter and Display and View Options,"'My Shifts' filters the grid to only the current user's shifts, hiding all other technician rows",KEEP,'My Shifts' personal filter + hidden-without-staff-record rule (tech-plan pinned) — a real scoping behaviour.,,,T1,SENSIBLE,"Cold-read PASS: preconditions reachable (seeding stated where needed), steps executable in order, expected follows, no contradiction, every control spec/design/tech-plan-traceable, domain logic sound, pass/fail observable. (Spec-only suite: VIU-confirm flags are honest, not nonsense.)",yes,yes
SCH-VIEW-04,C30045,https://shopview.testrail.io/index.php?/cases/view/30045,Filter and Display and View Options,The 'VIN Number' toggle adds the VIN to shift blocks (day/week) only; the hover tooltip and the detail modal always show the VIN,KEEP,"The VIN display matrix (block gated by the toggle, day/week only; tooltip + modal always) — survivor of G-VIN-TOGGLE.",G-VIN-TOGGLE,,T1,SENSIBLE,"Cold-read PASS: preconditions reachable (seeding stated where needed), steps executable in order, expected follows, no contradiction, every control spec/design/tech-plan-traceable, domain logic sound, pass/fail observable. (Spec-only suite: VIU-confirm flags are honest, not nonsense.)",yes,yes
SCH-VIEW-05,C30046,https://shopview.testrail.io/index.php?/cases/view/30046,Filter and Display and View Options,"'View Options' popover offers Business Hours, Capacity Bars, Events, Tech Hours, Saturday, Sunday with the spec defaults",KEEP,View Options contents + the six spec defaults; survivor of G-VIEW-TOGGLES (gains the two show/hide flips).,G-VIEW-TOGGLES,,T1,SENSIBLE,"Cold-read PASS: preconditions reachable (seeding stated where needed), steps executable in order, expected follows, no contradiction, every control spec/design/tech-plan-traceable, domain logic sound, pass/fail observable. (Spec-only suite: VIU-confirm flags are honest, not nonsense.)",yes,yes
SCH-VIEW-06,C30047,https://shopview.testrail.io/index.php?/cases/view/30047,Filter and Display and View Options,Business Hours toggle shades non-working hours in day view,KEEP,Business Hours shading of non-working hours in day view — distinct rendering with a data dependency.,,,T1,SENSIBLE,"Cold-read PASS: preconditions reachable (seeding stated where needed), steps executable in order, expected follows, no contradiction, every control spec/design/tech-plan-traceable, domain logic sound, pass/fail observable. (Spec-only suite: VIU-confirm flags are honest, not nonsense.)",yes,
SCH-VIEW-07,C30048,https://shopview.testrail.io/index.php?/cases/view/30048,Filter and Display and View Options,Capacity Bars toggle shows and hides the per-day capacity bars,MERGE,"Absorbed into SCH-VIEW-05 (C30046) — the two pure show/hide flips (Capacity Bars off/on, Events off/on) become steps after the six-toggle defaults read — one View-Options case",G-VIEW-TOGGLES,SCH-VIEW-05,T1,SENSIBLE,"Cold-read PASS: preconditions reachable (seeding stated where needed), steps executable in order, expected follows, no contradiction, every control spec/design/tech-plan-traceable, domain logic sound, pass/fail observable. (Spec-only suite: VIU-confirm flags are honest, not nonsense.)",yes,
SCH-VIEW-08,C30049,https://shopview.testrail.io/index.php?/cases/view/30049,Filter and Display and View Options,Events toggle shows and hides event blocks on the grid,MERGE,"Absorbed into SCH-VIEW-05 (C30046) — the two pure show/hide flips (Capacity Bars off/on, Events off/on) become steps after the six-toggle defaults read — one View-Options case",G-VIEW-TOGGLES,SCH-VIEW-05,T1,SENSIBLE,"Cold-read PASS: preconditions reachable (seeding stated where needed), steps executable in order, expected follows, no contradiction, every control spec/design/tech-plan-traceable, domain logic sound, pass/fail observable. (Spec-only suite: VIU-confirm flags are honest, not nonsense.)",yes,
SCH-VIEW-09,C30050,https://shopview.testrail.io/index.php?/cases/view/30050,Filter and Display and View Options,Tech Hours toggle displays each technician's working hours next to their name,KEEP,"Tech Hours display next to names matching configured hours — a data-match assertion, not just show/hide.",,,T1,SENSIBLE,"Cold-read PASS: preconditions reachable (seeding stated where needed), steps executable in order, expected follows, no contradiction, every control spec/design/tech-plan-traceable, domain logic sound, pass/fail observable. (Spec-only suite: VIU-confirm flags are honest, not nonsense.)",yes,
SCH-VIEW-10,C30051,https://shopview.testrail.io/index.php?/cases/view/30051,Filter and Display and View Options,Saturday and Sunday toggles include or exclude the weekend columns,KEEP,Saturday/Sunday toggles restructure the week (7→6→5 columns) — structural view change.,,,T1,SENSIBLE,"Cold-read PASS: preconditions reachable (seeding stated where needed), steps executable in order, expected follows, no contradiction, every control spec/design/tech-plan-traceable, domain logic sound, pass/fail observable. (Spec-only suite: VIU-confirm flags are honest, not nonsense.)",yes,
SCH-REAS-01,C30052,https://shopview.testrail.io/index.php?/cases/view/30052,Reassignment and Context Menu,"Dragging a shift to another technician row reassigns it - target tech added to the line's roster, source removed, with a confirmation modal",KEEP,"Drag reassignment with confirmation + roster swap (B added, A removed) + undo — the load-bearing reassignment contract.",,,T1,SENSIBLE,"Cold-read PASS: preconditions reachable (seeding stated where needed), steps executable in order, expected follows, no contradiction, every control spec/design/tech-plan-traceable, domain logic sound, pass/fail observable. (Spec-only suite: VIU-confirm flags are honest, not nonsense.)",yes,yes
SCH-REAS-03,C30054,https://shopview.testrail.io/index.php?/cases/view/30054,Reassignment and Context Menu,Right-click a grid cell opens a menu with Create Event and New Work Order,KEEP,The redesigned cell context menu ('Create Event' + 'New Work Order' ONLY); survivor of G-CELL-MENU (gains the two removed-item negatives).,G-CELL-MENU,,T1,SENSIBLE,"Cold-read PASS: preconditions reachable (seeding stated where needed), steps executable in order, expected follows, no contradiction, every control spec/design/tech-plan-traceable, domain logic sound, pass/fail observable. (Spec-only suite: VIU-confirm flags are honest, not nonsense.)",yes,
SCH-REAS-04,C30055,https://shopview.testrail.io/index.php?/cases/view/30055,Reassignment and Context Menu,'View Day' is no longer offered in the grid cell context menu,MERGE,Absorbed into SCH-REAS-03 (C30054) — the menu case asserts the menu contains ONLY 'Create Event' + 'New Work Order' — explicitly no 'View Day' and no 'New Shift' (two removed-item lines fold in),G-CELL-MENU,SCH-REAS-03,T1,SENSIBLE,"Cold-read PASS: preconditions reachable (seeding stated where needed), steps executable in order, expected follows, no contradiction, every control spec/design/tech-plan-traceable, domain logic sound, pass/fail observable. (Spec-only suite: VIU-confirm flags are honest, not nonsense.)",yes,
SCH-REAS-05,C30056,https://shopview.testrail.io/index.php?/cases/view/30056,Reassignment and Context Menu,'New Shift' is no longer offered in the grid cell context menu,MERGE,Absorbed into SCH-REAS-03 (C30054) — the menu case asserts the menu contains ONLY 'Create Event' + 'New Work Order' — explicitly no 'View Day' and no 'New Shift' (two removed-item lines fold in),G-CELL-MENU,SCH-REAS-03,T1,SENSIBLE,"Cold-read PASS: preconditions reachable (seeding stated where needed), steps executable in order, expected follows, no contradiction, every control spec/design/tech-plan-traceable, domain logic sound, pass/fail observable. (Spec-only suite: VIU-confirm flags are honest, not nonsense.)",yes,
SCH-DEL-01,C30057,https://shopview.testrail.io/index.php?/cases/view/30057,"Deletion, Series Scopes and Undo","Deleting a middle shift of a series asks for scope with all three options, each stating the hours returned",KEEP,Series delete-scope prompt: three options each stating hours returned — the deletion surface contract.,,,T1,SENSIBLE,"Cold-read PASS: preconditions reachable (seeding stated where needed), steps executable in order, expected follows, no contradiction, every control spec/design/tech-plan-traceable, domain logic sound, pass/fail observable. (Spec-only suite: VIU-confirm flags are honest, not nonsense.)",yes,yes
SCH-DEL-02,C30058,https://shopview.testrail.io/index.php?/cases/view/30058,"Deletion, Series Scopes and Undo","'This shift only' removes that day, the series keeps the gap, and the hours return to the estimate's remaining",KEEP,'This shift only': gap kept (no shuffle) + hours returned — a real data-integrity behaviour.,,,T1,SENSIBLE,"Cold-read PASS: preconditions reachable (seeding stated where needed), steps executable in order, expected follows, no contradiction, every control spec/design/tech-plan-traceable, domain logic sound, pass/fail observable. (Spec-only suite: VIU-confirm flags are honest, not nonsense.)",yes,yes
SCH-DEL-03,C30059,https://shopview.testrail.io/index.php?/cases/view/30059,"Deletion, Series Scopes and Undo","'This and everything after' removes from the clicked shift onward, keeping earlier shifts",KEEP,'This and everything after': onward removal keeping earlier shifts — distinct scope semantics.,,,T1,SENSIBLE,"Cold-read PASS: preconditions reachable (seeding stated where needed), steps executable in order, expected follows, no contradiction, every control spec/design/tech-plan-traceable, domain logic sound, pass/fail observable. (Spec-only suite: VIU-confirm flags are honest, not nonsense.)",yes,yes
SCH-DEL-04,C30060,https://shopview.testrail.io/index.php?/cases/view/30060,"Deletion, Series Scopes and Undo",'The whole series' removes all of the series' shifts for that technician,KEEP,'The whole series' is PER TECHNICIAN (the other tech's series untouched) — a genuinely bug-prone boundary.,,,T1,SENSIBLE,"Cold-read PASS: preconditions reachable (seeding stated where needed), steps executable in order, expected follows, no contradiction, every control spec/design/tech-plan-traceable, domain logic sound, pass/fail observable. (Spec-only suite: VIU-confirm flags are honest, not nonsense.)",yes,
SCH-DEL-05,C30061,https://shopview.testrail.io/index.php?/cases/view/30061,"Deletion, Series Scopes and Undo",Scope options adapt to position: first and last shifts of a series each show only two options,KEEP,"Scope options adapt to position (first/last show two options) — a subtle, spec-pinned UI logic.",,,T1,SENSIBLE,"Cold-read PASS: preconditions reachable (seeding stated where needed), steps executable in order, expected follows, no contradiction, every control spec/design/tech-plan-traceable, domain logic sound, pass/fail observable. (Spec-only suite: VIU-confirm flags are honest, not nonsense.)",yes,yes
SCH-DEL-06,C30062,https://shopview.testrail.io/index.php?/cases/view/30062,"Deletion, Series Scopes and Undo",Deleting a standalone (non-series) shift does not ask for a series scope,WEAK-KEEP,Derived negative (standalone delete asks no series scope) — real but a tester deleting any standalone shift would notice a wrong prompt immediately.,,,T1,SENSIBLE,"Cold-read PASS: preconditions reachable (seeding stated where needed), steps executable in order, expected follows, no contradiction, every control spec/design/tech-plan-traceable, domain logic sound, pass/fail observable. (Spec-only suite: VIU-confirm flags are honest, not nonsense.)",yes,
SCH-DEL-07,C30063,https://shopview.testrail.io/index.php?/cases/view/30063,"Deletion, Series Scopes and Undo","Every create, delete, move, and reassign action produces a toast with an Undo option",MERGE,Absorbed into SCH-DEL-09 (C30065) — the toast-appears-with-Undo assertion per action type folds into the undo-restores case (each action already ends with the toast + Undo click),G-UNDO,SCH-DEL-09,T1,SENSIBLE,"Cold-read PASS: preconditions reachable (seeding stated where needed), steps executable in order, expected follows, no contradiction, every control spec/design/tech-plan-traceable, domain logic sound, pass/fail observable. (Spec-only suite: VIU-confirm flags are honest, not nonsense.)",yes,yes
SCH-DEL-08,C30064,https://shopview.testrail.io/index.php?/cases/view/30064,"Deletion, Series Scopes and Undo","Toast lasts ~7s with Undo (about 4s without); stays on hover, goes on leave",WEAK-KEEP,"Toast timing (~7s with Undo / ~4s without, hover holds) — stopwatch-level detail; kept because the 7s/4s values were an explicit 2026-07-27 user-directed edit.",,,T1,SENSIBLE,"Cold-read PASS: preconditions reachable (seeding stated where needed), steps executable in order, expected follows, no contradiction, every control spec/design/tech-plan-traceable, domain logic sound, pass/fail observable. (Spec-only suite: VIU-confirm flags are honest, not nonsense.)",yes,
SCH-DEL-09,C30065,https://shopview.testrail.io/index.php?/cases/view/30065,"Deletion, Series Scopes and Undo","Undo restores the state before the action - for delete, move, and reassign",KEEP,Undo restores the pre-action state incl. the roster after reassign; survivor of G-UNDO — load-bearing lifecycle integrity.,G-UNDO,,T1,SENSIBLE,"Cold-read PASS: preconditions reachable (seeding stated where needed), steps executable in order, expected follows, no contradiction, every control spec/design/tech-plan-traceable, domain logic sound, pass/fail observable. (Spec-only suite: VIU-confirm flags are honest, not nonsense.)",yes,
SCH-KEY-01,C30066,https://shopview.testrail.io/index.php?/cases/view/30066,Keyboard Interactions,"Escape closes the topmost open modal or popover, following the stacking order",KEEP,Escape closes the topmost layer per the stacking order; survivor of G-ESCAPE (gains the in-modal sub-picker steps).,G-ESCAPE,,T1,SENSIBLE,"Cold-read PASS: preconditions reachable (seeding stated where needed), steps executable in order, expected follows, no contradiction, every control spec/design/tech-plan-traceable, domain logic sound, pass/fail observable. (Spec-only suite: VIU-confirm flags are honest, not nonsense.)",yes,
SCH-KEY-02,C30067,https://shopview.testrail.io/index.php?/cases/view/30067,Keyboard Interactions,"Within the shift modal, Escape first dismisses an open sub-picker before closing the modal itself",MERGE,"Absorbed into SCH-KEY-01 (C30066) — the in-modal sub-picker escapes (colour picker, time picker, note edit each close first; then the modal) become explicit steps of the stacking-order case",G-ESCAPE,SCH-KEY-01,T1,SENSIBLE,"Cold-read PASS: preconditions reachable (seeding stated where needed), steps executable in order, expected follows, no contradiction, every control spec/design/tech-plan-traceable, domain logic sound, pass/fail observable. (Spec-only suite: VIU-confirm flags are honest, not nonsense.)",yes,yes
SCH-KEY-03,C30068,https://shopview.testrail.io/index.php?/cases/view/30068,Keyboard Interactions,"Enter confirms the active confirmable dialog (delete scope, reassign, spread, event create/edit)",KEEP,Enter confirms the active dialog (spread/reassign/event/delete-scope); survivor of G-ENTER (gains the textarea exception).,G-ENTER,,T1,SENSIBLE,"Cold-read PASS: preconditions reachable (seeding stated where needed), steps executable in order, expected follows, no contradiction, every control spec/design/tech-plan-traceable, domain logic sound, pass/fail observable. (Spec-only suite: VIU-confirm flags are honest, not nonsense.)",yes,yes
SCH-KEY-04,C30069,https://shopview.testrail.io/index.php?/cases/view/30069,Keyboard Interactions,Enter does not fire inside textareas - multiline note editing works normally,MERGE,"Absorbed into SCH-KEY-03 (C30068) — the Enter-inside-a-textarea exception (inserts a new line, never confirms) becomes the final step of the Enter-confirms case",G-ENTER,SCH-KEY-03,T1,SENSIBLE,"Cold-read PASS: preconditions reachable (seeding stated where needed), steps executable in order, expected follows, no contradiction, every control spec/design/tech-plan-traceable, domain logic sound, pass/fail observable. (Spec-only suite: VIU-confirm flags are honest, not nonsense.)",yes,
SCH-KEY-05,C30070,https://shopview.testrail.io/index.php?/cases/view/30070,Keyboard Interactions,Modals trap focus and all interactive elements are keyboard-reachable,KEEP,Focus trap + keyboard reachability — the accessibility contract for modals and page controls.,,,T2,SENSIBLE,"Cold-read PASS: preconditions reachable (seeding stated where needed), steps executable in order, expected follows, no contradiction, every control spec/design/tech-plan-traceable, domain logic sound, pass/fail observable. (Spec-only suite: VIU-confirm flags are honest, not nonsense.)",yes,
SCH-COLOR-01,C30071,https://shopview.testrail.io/index.php?/cases/view/30071,Color System,"Blue is the default color for all shifts, including long and multi-week jobs",KEEP,Default blue for ALL shifts including multi-week series (no auto special colour) — the colour-system base rule.,,,T2,SENSIBLE,"Cold-read PASS: preconditions reachable (seeding stated where needed), steps executable in order, expected follows, no contradiction, every control spec/design/tech-plan-traceable, domain logic sound, pass/fail observable. (Spec-only suite: VIU-confirm flags are honest, not nonsense.)",yes,
SCH-COLOR-02,C30072,https://shopview.testrail.io/index.php?/cases/view/30072,Color System,"Choosing a color from the shift modal's picker recolors the shift with matching background, text, and accent tones",KEEP,Recolouring via the picker with the three-tone rendering; survivor of G-SHIFT-COLOR (gains per-shift-not-per-WO).,G-SHIFT-COLOR,,T1,FIX-WORDING,"The case note still asks 'whether recoloring one shift recolors all blocks of the same work order (§4.4 ties color to the WO)' — contradicted by the reconciled per-SHIFT colour rule (SV-8690, applied in SCH-BLOCK-04 on 2026-07-27). Fix: drop the stale note; assert per-shift colour (the G-SHIFT-COLOR merge does exactly this).",yes,yes
SCH-COLOR-03,C30073,https://shopview.testrail.io/index.php?/cases/view/30073,Color System,Color labels are editable per shop,KEEP,"Colour labels editable per shop, shared across shifts and events — a real shop-level setting contract.",,,T1,SENSIBLE,"Cold-read PASS: preconditions reachable (seeding stated where needed), steps executable in order, expected follows, no contradiction, every control spec/design/tech-plan-traceable, domain logic sound, pass/fail observable. (Spec-only suite: VIU-confirm flags are honest, not nonsense.)",yes,
SCH-PERM-01,C30074,https://shopview.testrail.io/index.php?/cases/view/30074,Permissions,"Schedule: View grants the full read experience - page, all three views, mini calendar, search, filter, tooltips, read-only modals",KEEP,Permission gating (allow side): Schedule View grants the full read experience — one case per real gate.,,,T1,SENSIBLE,"Cold-read PASS: preconditions reachable (seeding stated where needed), steps executable in order, expected follows, no contradiction, every control spec/design/tech-plan-traceable, domain logic sound, pass/fail observable. (Spec-only suite: VIU-confirm flags are honest, not nonsense.)",yes,yes
SCH-PERM-02,C30075,https://shopview.testrail.io/index.php?/cases/view/30075,Permissions,View-only: every editing affordance is hidden or disabled,KEEP,Permission gating (block side): every editing affordance hidden/disabled for View-only — the Edit gate negative.,,,T1,FIX-WORDING,"Expected line 3 still names the OLD context-menu items — 'no New Shift / New Event / View Day creation entry points' — but the suite's own reconciled menu (SCH-REAS-03, DESIGN-RECONCILIATION #8-10) is 'Create Event' + 'New Work Order'. Fix: reword to 'no creation entries (no Create Event / New Work Order)'.",yes,
SCH-PERM-03,C30076,https://shopview.testrail.io/index.php?/cases/view/30076,Permissions,"With Schedule: View OFF, the Schedule top-level nav item is hidden entirely",KEEP,Permission gating: no View ⇒ the nav item is hidden entirely — the access gate.,,,T1,SENSIBLE,"Cold-read PASS: preconditions reachable (seeding stated where needed), steps executable in order, expected follows, no contradiction, every control spec/design/tech-plan-traceable, domain logic sound, pass/fail observable. (Spec-only suite: VIU-confirm flags are honest, not nonsense.)",yes,
SCH-PERM-04,C30077,https://shopview.testrail.io/index.php?/cases/view/30077,Permissions,Schedule: Edit unlocks all creation and modification interactions,KEEP,Permission gating (allow side): Edit unlocks every creation/modification interaction.,,,T1,FIX-WORDING,"Step 2 says create an event via right-click 'New Event' — the label was renamed 'Create Event' (DESIGN-RECONCILIATION #7, applied in SCH-EVT-01). Fix: update the label.",yes,
SCH-PERM-05,C30078,https://shopview.testrail.io/index.php?/cases/view/30078,Permissions,Edit without Delete: the user can create and modify but cannot remove - delete action and trash icon hidden,KEEP,Permission gating (block side): Edit-without-Delete hides every removal path — the Delete gate negative.,,,T1,SENSIBLE,"Cold-read PASS: preconditions reachable (seeding stated where needed), steps executable in order, expected follows, no contradiction, every control spec/design/tech-plan-traceable, domain logic sound, pass/fail observable. (Spec-only suite: VIU-confirm flags are honest, not nonsense.)",yes,yes
SCH-PERM-06,C30079,https://shopview.testrail.io/index.php?/cases/view/30079,Permissions,"Schedule: Delete unlocks deleting shifts and events, including the three series-aware scopes",KEEP,Permission gating (allow side): Delete unlocks deletion incl. the series scopes.,,,T1,SENSIBLE,"Cold-read PASS: preconditions reachable (seeding stated where needed), steps executable in order, expected follows, no contradiction, every control spec/design/tech-plan-traceable, domain logic sound, pass/fail observable. (Spec-only suite: VIU-confirm flags are honest, not nonsense.)",yes,yes
SCH-PERM-07,C30080,https://shopview.testrail.io/index.php?/cases/view/30080,Permissions,"The permission tiers depend on each other: Delete requires Edit, and Edit requires View",KEEP,Tier dependency in the roles admin (Delete⊇Edit⊇View) — the composition layer of the permission model.,,,T1,SENSIBLE,"Cold-read PASS: preconditions reachable (seeding stated where needed), steps executable in order, expected follows, no contradiction, every control spec/design/tech-plan-traceable, domain logic sound, pass/fail observable. (Spec-only suite: VIU-confirm flags are honest, not nonsense.)",yes,yes
SCH-PERM-08,C30081,https://shopview.testrail.io/index.php?/cases/view/30081,Permissions,Schedule access without Work Orders: View - sidebar hides the WO list and drill-down; mini calendar stays; grid shifts remain usable,KEEP,"Cross-permission dependency: Schedule without Work Orders View hides the WO list/drill-down, keeps the grid usable.",,,T1,SENSIBLE,"Cold-read PASS: preconditions reachable (seeding stated where needed), steps executable in order, expected follows, no contradiction, every control spec/design/tech-plan-traceable, domain logic sound, pass/fail observable. (Spec-only suite: VIU-confirm flags are honest, not nonsense.)",yes,yes
SCH-PERM-09,C30082,https://shopview.testrail.io/index.php?/cases/view/30082,Permissions,No own-only restriction: every Schedule: View user sees ALL technicians' shifts and events,KEEP,"No 'own-only' restriction — every View user sees ALL technicians; 'My Shifts' is convenience, not security.",,,T1,SENSIBLE,"Cold-read PASS: preconditions reachable (seeding stated where needed), steps executable in order, expected follows, no contradiction, every control spec/design/tech-plan-traceable, domain logic sound, pass/fail observable. (Spec-only suite: VIU-confirm flags are honest, not nonsense.)",yes,yes
SCH-PERM-10,C30083,https://shopview.testrail.io/index.php?/cases/view/30083,Permissions,"Grid rows are department-based: any staff member in a visible department appears as a row, regardless of role",KEEP,"Row presence is department-based, not role-based (+ the department-less contrapositive, honestly flagged as derived).",,,T1,SENSIBLE,"Cold-read PASS: preconditions reachable (seeding stated where needed), steps executable in order, expected follows, no contradiction, every control spec/design/tech-plan-traceable, domain logic sound, pass/fail observable. (Spec-only suite: VIU-confirm flags are honest, not nonsense.)",yes,yes
SCH-PERM-11,C30084,https://shopview.testrail.io/index.php?/cases/view/30084,Permissions,"Clocking into work order line tasks is gated by the staff record's 'Time Clock' setting, not the permission model",KEEP,"Clock-in gated by the staff-record 'Time Clock' setting, not the Schedule tier — a real gate boundary.",,,T1,SENSIBLE,"Cold-read PASS: preconditions reachable (seeding stated where needed), steps executable in order, expected follows, no contradiction, every control spec/design/tech-plan-traceable, domain logic sound, pass/fail observable. (Spec-only suite: VIU-confirm flags are honest, not nonsense.)",yes,yes
SCH-PERM-12,C30614,https://shopview.testrail.io/index.php?/cases/view/30614,Permissions,"With Work Orders: View OFF, work-order-derived details on shifts (customer, lines, money fields) are hidden or masked",KEEP,WO-derived data masked on blocks/tooltips/modal without Work Orders View (Branko Q3) — data-exposure contract; FE half of SCH-API-03.,,,T1,SENSIBLE,"Cold-read PASS: preconditions reachable (seeding stated where needed), steps executable in order, expected follows, no contradiction, every control spec/design/tech-plan-traceable, domain logic sound, pass/fail observable. (Spec-only suite: VIU-confirm flags are honest, not nonsense.)",yes,yes
SCH-EDGE-01,C30085,https://shopview.testrail.io/index.php?/cases/view/30085,Edge Cases and Responsiveness,Planned hours across technicians may exceed the estimate - accepted without error,CUT,"Duplicate of SCH-SPREAD-10 (C29986): same setup (spread the same order's full estimate on technician A then B) and the same assertion (over-estimate accepted, no error) — SCH-SPREAD-10's expected line 3 states it verbatim.",,,T1,SENSIBLE,"Cold-read PASS: preconditions reachable (seeding stated where needed), steps executable in order, expected follows, no contradiction, every control spec/design/tech-plan-traceable, domain logic sound, pass/fail observable. (Spec-only suite: VIU-confirm flags are honest, not nonsense.)",yes,yes
SCH-EDGE-02,C30086,https://shopview.testrail.io/index.php?/cases/view/30086,Edge Cases and Responsiveness,"Below 960px the grid scrolls horizontally, and the sidebar collapses on narrow viewports",KEEP,Sub-960px horizontal scroll + sidebar collapse — the responsiveness floor (with the honest mobile-out-of-scope note).,,,T2,SENSIBLE,"Cold-read PASS: preconditions reachable (seeding stated where needed), steps executable in order, expected follows, no contradiction, every control spec/design/tech-plan-traceable, domain logic sound, pass/fail observable. (Spec-only suite: VIU-confirm flags are honest, not nonsense.)",yes,yes
SCH-EDGE-03,C30087,https://shopview.testrail.io/index.php?/cases/view/30087,Edge Cases and Responsiveness,The sidebar work order list and line drill-down stay smooth with 50+ items,WEAK-KEEP,Perception-based performance check (sidebar smooth at 50+) — no crisp pass/fail beyond visible jank; kept as the honest perf probe.,,,T2,SENSIBLE,"Cold-read PASS: preconditions reachable (seeding stated where needed), steps executable in order, expected follows, no contradiction, every control spec/design/tech-plan-traceable, domain logic sound, pass/fail observable. (Spec-only suite: VIU-confirm flags are honest, not nonsense.)",yes,
SCH-EDGE-04,C30088,https://shopview.testrail.io/index.php?/cases/view/30088,Edge Cases and Responsiveness,The grid renders smoothly at full load - 15 technicians × 7 days with several shifts per cell,WEAK-KEEP,Perception-based performance check (grid at 15 techs x 7 days) — same as above for the grid.,,,T2,SENSIBLE,"Cold-read PASS: preconditions reachable (seeding stated where needed), steps executable in order, expected follows, no contradiction, every control spec/design/tech-plan-traceable, domain logic sound, pass/fail observable. (Spec-only suite: VIU-confirm flags are honest, not nonsense.)",yes,yes
SCH-EDGE-05,C30089,https://shopview.testrail.io/index.php?/cases/view/30089,Edge Cases and Responsiveness,Shop closures do NOT block spread in V1 - shifts can land on closure days,KEEP,"Shop closures do NOT block or get skipped by spread in V1 (SV-8691 Key Decision, reverses the old rule) — a real regression guard (NQ-1 conflict flagged).",,,T1,SENSIBLE,"Cold-read PASS: preconditions reachable (seeding stated where needed), steps executable in order, expected follows, no contradiction, every control spec/design/tech-plan-traceable, domain logic sound, pass/fail observable. (Spec-only suite: VIU-confirm flags are honest, not nonsense.)",yes,
SCH-EDGE-06,C30090,https://shopview.testrail.io/index.php?/cases/view/30090,Edge Cases and Responsiveness,"Scheduled hours, the estimate, and actual (clocked) hours are three separate quantities that are not forced to reconcile",WEAK-KEEP,Three-quantities-not-reconciled invariant — largely a restatement of the scheduling model; the concrete over-schedule behaviour lives in SCH-SPREAD-10.,,,T1,SENSIBLE,"Cold-read PASS: preconditions reachable (seeding stated where needed), steps executable in order, expected follows, no contradiction, every control spec/design/tech-plan-traceable, domain logic sound, pass/fail observable. (Spec-only suite: VIU-confirm flags are honest, not nonsense.)",yes,yes
SCH-HRS-01,C38846,https://shopview.testrail.io/index.php?/cases/view/38846,Working Hours Settings,"Edit Location has a 'Set business hours for this shop' toggle, off by default",MERGE,"Absorbed into SCH-HRS-02 (C38847) — the 'Set business hours for this shop' toggle label, its off-by-default state, and the reveal become steps 1-2 of the per-day editor case",G-HRS-LOCATION,SCH-HRS-02,T1,SENSIBLE,"Cold-read PASS: preconditions reachable (seeding stated where needed), steps executable in order, expected follows, no contradiction, every control spec/design/tech-plan-traceable, domain logic sound, pass/fail observable. (Spec-only suite: VIU-confirm flags are honest, not nonsense.)",yes,
SCH-HRS-02,C38847,https://shopview.testrail.io/index.php?/cases/view/38847,Working Hours Settings,Edit Location shows a per-day (Mon-Sun) From-To business-hours editor,KEEP,Per-day Mon-Sun From-To business-hours editor feeding the Schedule; survivor of G-HRS-LOCATION (gains the toggle/default).,G-HRS-LOCATION,,T1,SENSIBLE,"Cold-read PASS: preconditions reachable (seeding stated where needed), steps executable in order, expected follows, no contradiction, every control spec/design/tech-plan-traceable, domain logic sound, pass/fail observable. (Spec-only suite: VIU-confirm flags are honest, not nonsense.)",yes,
SCH-HRS-03,C38848,https://shopview.testrail.io/index.php?/cases/view/38848,Working Hours Settings,"Edit Staff has a 'Set custom hours for this technician' toggle, off by default",KEEP,Technician custom-hours toggle on Edit Staff ('off by default') — the per-tech half of the working-hours settings.,,,T1,SENSIBLE,"Cold-read PASS: preconditions reachable (seeding stated where needed), steps executable in order, expected follows, no contradiction, every control spec/design/tech-plan-traceable, domain logic sound, pass/fail observable. (Spec-only suite: VIU-confirm flags are honest, not nonsense.)",yes,
SCH-HRS-04,C38849,https://shopview.testrail.io/index.php?/cases/view/38849,Working Hours Settings,A technician with no custom hours inherits the shop business hours,KEEP,Inheritance rule: no custom hours ⇒ shop business hours apply (ties the settings to the start-time/conflict consumers).,,,T1,SENSIBLE,"Cold-read PASS: preconditions reachable (seeding stated where needed), steps executable in order, expected follows, no contradiction, every control spec/design/tech-plan-traceable, domain logic sound, pass/fail observable. (Spec-only suite: VIU-confirm flags are honest, not nonsense.)",yes,
SCH-HRS-05,C38850,https://shopview.testrail.io/index.php?/cases/view/38850,Working Hours Settings,"'Add hours' appends a removable second range for split shifts, starting empty",KEEP,"'Add hours' split-shift ranges (removable, start empty) — verbatim story behaviour (NQ-4 model conflict honestly flagged).",,,T1,SENSIBLE,"Cold-read PASS: preconditions reachable (seeding stated where needed), steps executable in order, expected follows, no contradiction, every control spec/design/tech-plan-traceable, domain logic sound, pass/fail observable. (Spec-only suite: VIU-confirm flags are honest, not nonsense.)",yes,
SCH-HRS-06,C38851,https://shopview.testrail.io/index.php?/cases/view/38851,Working Hours Settings,Overlapping hour ranges flag red with a message and disable Save,KEEP,Overlap validation (red flag + exact message + Save disabled); survivor of G-HRS-VALIDATION (gains the incomplete-row rule).,G-HRS-VALIDATION,,T1,SENSIBLE,"Cold-read PASS: preconditions reachable (seeding stated where needed), steps executable in order, expected follows, no contradiction, every control spec/design/tech-plan-traceable, domain logic sound, pass/fail observable. (Spec-only suite: VIU-confirm flags are honest, not nonsense.)",yes,
SCH-HRS-07,C38852,https://shopview.testrail.io/index.php?/cases/view/38852,Working Hours Settings,Incomplete hour rows (empty From or To) are ignored by the overlap check,MERGE,"Absorbed into SCH-HRS-06 (C38851) — the incomplete-row-ignored rule becomes a second validation scenario of the overlap-validation case (same editor, same sitting)",G-HRS-VALIDATION,SCH-HRS-06,T1,SENSIBLE,"Cold-read PASS: preconditions reachable (seeding stated where needed), steps executable in order, expected follows, no contradiction, every control spec/design/tech-plan-traceable, domain logic sound, pass/fail observable. (Spec-only suite: VIU-confirm flags are honest, not nonsense.)",yes,
SCH-EXP-01,C38853,https://shopview.testrail.io/index.php?/cases/view/38853,Week Export and Printing,Week Export opens a printable Department-by-Technician week grid,KEEP,"Week Export printable Department-by-Technician grid; survivor of G-WEEK-EXPORT (scope pending Branko, honestly flagged).",G-WEEK-EXPORT,,T1,SENSIBLE,"Cold-read PASS: preconditions reachable (seeding stated where needed), steps executable in order, expected follows, no contradiction, every control spec/design/tech-plan-traceable, domain logic sound, pass/fail observable. (Spec-only suite: VIU-confirm flags are honest, not nonsense.)",yes,
SCH-EXP-02,C38854,https://shopview.testrail.io/index.php?/cases/view/38854,Week Export and Printing,Exported week view lists each department with its technicians and shifts,MERGE,"Absorbed into SCH-EXP-01 (C38853) — the exported content checks (department headers, technician rows, shifts in correct day columns, week date range) fold into the open-the-export case",G-WEEK-EXPORT,SCH-EXP-01,T1,SENSIBLE,"Cold-read PASS: preconditions reachable (seeding stated where needed), steps executable in order, expected follows, no contradiction, every control spec/design/tech-plan-traceable, domain logic sound, pass/fail observable. (Spec-only suite: VIU-confirm flags are honest, not nonsense.)",yes,
SCH-REAS-06,C38855,https://shopview.testrail.io/index.php?/cases/view/38855,Reassignment and Context Menu,'New Work Order' in the cell menu points the user to the Work Orders tab,KEEP,'New Work Order' cell-menu shortcut behaviour — new-scope action pinned by design + SV-8700.,,,T1,FIX-WORDING,"Expected line 3 — 'The exact target flow (toast or navigation) is confirmed during live testing' — is a to-be-confirmed placeholder, not a pass criterion a cold tester can apply. Fix: move it to the notes; keep E1-E2 as the pass bar.",yes,
SCH-SPREAD-11,C38863,https://shopview.testrail.io/index.php?/cases/view/38863,Multi-Day Spread Scheduling,Spread past 8 weeks asks to confirm; a series can never exceed 120 shifts,KEEP,"The series caps (8-week confirm + 120-shift hard refusal, no partial series) — a real tech-plan guardrail; UI half of SCH-API-02.",,,T1,SENSIBLE,"Cold-read PASS: preconditions reachable (seeding stated where needed), steps executable in order, expected follows, no contradiction, every control spec/design/tech-plan-traceable, domain logic sound, pass/fail observable. (Spec-only suite: VIU-confirm flags are honest, not nonsense.)",yes,
SCH-DEL-10,C38864,https://shopview.testrail.io/index.php?/cases/view/38864,"Deletion, Series Scopes and Undo","Schedule actions save immediately - Undo reverses them, closing does not cancel",KEEP,Commit-immediately semantics (refresh does not cancel; Undo = compensating action) with a Rule-24-style tester note — prevents false bug reports.,,,T1,SENSIBLE,"Cold-read PASS: preconditions reachable (seeding stated where needed), steps executable in order, expected follows, no contradiction, every control spec/design/tech-plan-traceable, domain logic sound, pass/fail observable. (Spec-only suite: VIU-confirm flags are honest, not nonsense.)",yes,
SCH-EDGE-07,C38865,https://shopview.testrail.io/index.php?/cases/view/38865,Edge Cases and Responsiveness,A multi-week series keeps the same local start time across the clock change,KEEP,DST integrity: a series keeps the same local wall-clock time across the clock change — a classic real-world scheduling bug.,,,T1,SENSIBLE,"Cold-read PASS: preconditions reachable (seeding stated where needed), steps executable in order, expected follows, no contradiction, every control spec/design/tech-plan-traceable, domain logic sound, pass/fail observable. (Spec-only suite: VIU-confirm flags are honest, not nonsense.)",yes,
SCH-EDGE-08,C38866,https://shopview.testrail.io/index.php?/cases/view/38866,Edge Cases and Responsiveness,Schedule and all its dialogs display correctly in dark mode,KEEP,"Dark-mode readability sweep across the schedule + all its dialogs — tech-plan-mandated pass, real readability bugs.",,,T2,SENSIBLE,"Cold-read PASS: preconditions reachable (seeding stated where needed), steps executable in order, expected follows, no contradiction, every control spec/design/tech-plan-traceable, domain logic sound, pass/fail observable. (Spec-only suite: VIU-confirm flags are honest, not nonsense.)",yes,
SCH-REG-01,C38867,https://shopview.testrail.io/index.php?/cases/view/38867,Cross-Module and Rewrite Regression,Shifts and events created before the Schedule rewrite still appear after it,KEEP,Rewrite migration regression: pre-release shifts/events survive losslessly — the highest-stakes cutover check.,,,T2,SENSIBLE,"Cold-read PASS: preconditions reachable (seeding stated where needed), steps executable in order, expected follows, no contradiction, every control spec/design/tech-plan-traceable, domain logic sound, pass/fail observable. (Spec-only suite: VIU-confirm flags are honest, not nonsense.)",yes,
SCH-REG-02,C38868,https://shopview.testrail.io/index.php?/cases/view/38868,Cross-Module and Rewrite Regression,Dashboard shows one schedule row per work order even with many shifts,KEEP,Dashboard one-row-per-WO after the rewrite (with the tester note preventing a false missing-rows bug).,,,T2,SENSIBLE,"Cold-read PASS: preconditions reachable (seeding stated where needed), steps executable in order, expected follows, no contradiction, every control spec/design/tech-plan-traceable, domain logic sound, pass/fail observable. (Spec-only suite: VIU-confirm flags are honest, not nonsense.)",yes,
SCH-REG-03,C38869,https://shopview.testrail.io/index.php?/cases/view/38869,Cross-Module and Rewrite Regression,A work order created with an appointment shows up on the Schedule board,KEEP,WO-created appointment lands on the Schedule board — a rewired cross-module path with zero other coverage.,,,T2,SENSIBLE,"Cold-read PASS: preconditions reachable (seeding stated where needed), steps executable in order, expected follows, no contradiction, every control spec/design/tech-plan-traceable, domain logic sound, pass/fail observable. (Spec-only suite: VIU-confirm flags are honest, not nonsense.)",yes,
SCH-REG-04,C38870,https://shopview.testrail.io/index.php?/cases/view/38870,Cross-Module and Rewrite Regression,A multi-location technician's shift appears only on the work order's location,KEEP,Multi-location technician's shift appears only on the WO's location — intended behaviour change + tester note.,,,T2,SENSIBLE,"Cold-read PASS: preconditions reachable (seeding stated where needed), steps executable in order, expected follows, no contradiction, every control spec/design/tech-plan-traceable, domain logic sound, pass/fail observable. (Spec-only suite: VIU-confirm flags are honest, not nonsense.)",yes,
SCH-REG-05,C38871,https://shopview.testrail.io/index.php?/cases/view/38871,Cross-Module and Rewrite Regression,Work order form offers a Priority (High/Medium/Low) that drives the sidebar,KEEP,The new WO-form Priority field driving the sidebar filter — the setting side the filter depends on (overlap with Filters project noted).,,,T1,SENSIBLE,"Cold-read PASS: preconditions reachable (seeding stated where needed), steps executable in order, expected follows, no contradiction, every control spec/design/tech-plan-traceable, domain logic sound, pass/fail observable. (Spec-only suite: VIU-confirm flags are honest, not nonsense.)",yes,
SCH-API-01,C38872,https://shopview.testrail.io/index.php?/cases/view/38872,Schedule,API - Schedule reads need View; writes need Edit; deletes need Delete (403),KEEP,"BE enforcement matrix in ONE case (View/Edit/Delete → GET/POST-PATCH/DELETE, clean 403s) — the backend half of the permission tiers, no per-endpoint explosion.",,,T1,SENSIBLE,"Cold-read PASS: preconditions reachable (seeding stated where needed), steps executable in order, expected follows, no contradiction, every control spec/design/tech-plan-traceable, domain logic sound, pass/fail observable. (Spec-only suite: VIU-confirm flags are honest, not nonsense.)",yes,
SCH-API-02,C38873,https://shopview.testrail.io/index.php?/cases/view/38873,Schedule,API - Series past 8 weeks returns 409 until acknowledged; over 120 shifts 422,KEEP,API series caps (409 until acknowledged / 422 hard cap / no partial series) — the backend half of SCH-SPREAD-11.,,,T1,SENSIBLE,"Cold-read PASS: preconditions reachable (seeding stated where needed), steps executable in order, expected follows, no contradiction, every control spec/design/tech-plan-traceable, domain logic sound, pass/fail observable. (Spec-only suite: VIU-confirm flags are honest, not nonsense.)",yes,
SCH-API-03,C38874,https://shopview.testrail.io/index.php?/cases/view/38874,Schedule,API - No pricing fields in Schedule responses; WO details need Work Orders View,KEEP,No pricing in ANY schedule response + WO-derived fields absent without Work Orders View — response-level proof behind SCH-PERM-12.,,,T1,SENSIBLE,"Cold-read PASS: preconditions reachable (seeding stated where needed), steps executable in order, expected follows, no contradiction, every control spec/design/tech-plan-traceable, domain logic sound, pass/fail observable. (Spec-only suite: VIU-confirm flags are honest, not nonsense.)",yes,
SCH-API-04,C38875,https://shopview.testrail.io/index.php?/cases/view/38875,Schedule,"API - A shift from another location returns 404, not another shop's data",KEEP,"Location scoping: foreign-location shift ids return 404, no cross-location read/edit/leak — the tenant-isolation contract.",,,T1,SENSIBLE,"Cold-read PASS: preconditions reachable (seeding stated where needed), steps executable in order, expected follows, no contradiction, every control spec/design/tech-plan-traceable, domain logic sound, pass/fail observable. (Spec-only suite: VIU-confirm flags are honest, not nonsense.)",yes,
