case_id,class_full,severity,project,section,field,history_evidence,damaged_by,damaged_on,field_format,title,url
C22319,LEGACY-TERSE (not damage),,Other / unlisted,A. Prerequisites & Foundational Changes,Steps,FIELD-NEVER-EDITED,n/a (body as originally authored),,,Feature flag disabled - deposits UI is not visible,https://shopview.testrail.io/index.php?/cases/view/22319
C22320,LEGACY-TERSE (not damage),,Other / unlisted,A. Prerequisites & Foundational Changes,Steps,FIELD-NEVER-EDITED,n/a (body as originally authored),,,Feature flag enabled - deposits UI becomes available,https://shopview.testrail.io/index.php?/cases/view/22320
C22321,LEGACY-TERSE (not damage),,Other / unlisted,A. Prerequisites & Foundational Changes,Steps,FIELD-NEVER-EDITED,n/a (body as originally authored),,,New Payment button visible on Invoiced WO with balance and permission,https://shopview.testrail.io/index.php?/cases/view/22321
C22322,LEGACY-TERSE (not damage),,Other / unlisted,A. Prerequisites & Foundational Changes,Steps,FIELD-NEVER-EDITED,n/a (body as originally authored),,,New Payment modal excludes Charge Account,https://shopview.testrail.io/index.php?/cases/view/22322
C22323,LEGACY-TERSE (not damage),,Other / unlisted,A. Prerequisites & Foundational Changes,Steps,FIELD-NEVER-EDITED,n/a (body as originally authored),,,New Payment modal preselects current invoice and leaves method empty,https://shopview.testrail.io/index.php?/cases/view/22323
C22324,LEGACY-TERSE (not damage),,Other / unlisted,A. Prerequisites & Foundational Changes,Steps,FIELD-NEVER-EDITED,n/a (body as originally authored),,,Submit partial payment on Invoiced WO,https://shopview.testrail.io/index.php?/cases/view/22324
C22325,LEGACY-TERSE (not damage),,Other / unlisted,A. Prerequisites & Foundational Changes,Steps,FIELD-NEVER-EDITED,n/a (body as originally authored),,,New Payment button hidden when WO is not Invoiced,https://shopview.testrail.io/index.php?/cases/view/22325
C22326,LEGACY-TERSE (not damage),,Other / unlisted,A. Prerequisites & Foundational Changes,Steps,FIELD-NEVER-EDITED,n/a (body as originally authored),,,New Payment button hidden when invoice is fully paid,https://shopview.testrail.io/index.php?/cases/view/22326
C22327,LEGACY-TERSE (not damage),,Other / unlisted,A. Prerequisites & Foundational Changes,Steps,FIELD-NEVER-EDITED,n/a (body as originally authored),,,Part Sale New Payment option appears in more menu for allowed role,https://shopview.testrail.io/index.php?/cases/view/22327
C22328,LEGACY-TERSE (not damage),,Other / unlisted,A. Prerequisites & Foundational Changes,Steps,FIELD-NEVER-EDITED,n/a (body as originally authored),,,Part Sale New Payment allowed when Invoiced PS balance is $0 but not Paid,https://shopview.testrail.io/index.php?/cases/view/22328
C22329,SUSPECT-LOW,LOW,Other / unlisted,A. Prerequisites & Foundational Changes,Preconditions,SEPARATORS-LOST,Bilal Muzamil (US),2026-05-03,markdown,Part Sale New Payment hidden when PS is Paid,https://shopview.testrail.io/index.php?/cases/view/22329
C22329,SUSPECT-LOW,LOW,Other / unlisted,A. Prerequisites & Foundational Changes,Expected,SEPARATORS-LOST,Bilal Muzamil (US),2026-05-03,markdown,Part Sale New Payment hidden when PS is Paid,https://shopview.testrail.io/index.php?/cases/view/22329
C22332,LEGACY-TERSE (not damage),,Other / unlisted,A. Prerequisites & Foundational Changes,Steps,FIELD-NEVER-EDITED,n/a (body as originally authored),,,Delete Payment dialog UI is updated,https://shopview.testrail.io/index.php?/cases/view/22332
C22333,LEGACY-TERSE (not damage),,Other / unlisted,A. Prerequisites & Foundational Changes,Steps,FIELD-NEVER-EDITED,n/a (body as originally authored),,,Delete Credit dialog UI is updated,https://shopview.testrail.io/index.php?/cases/view/22333
C22335,LEGACY-TERSE (not damage),,Other / unlisted,A. Prerequisites & Foundational Changes,Steps,FIELD-NEVER-EDITED,n/a (body as originally authored),,,QBO Deposit Sync section visible when prerequisites met,https://shopview.testrail.io/index.php?/cases/view/22335
C22336,LEGACY-TERSE (not damage),,Other / unlisted,A. Prerequisites & Foundational Changes,Steps,FIELD-NEVER-EDITED,n/a (body as originally authored),,,QBO Deposit Sync checkbox enables button,https://shopview.testrail.io/index.php?/cases/view/22336
C22339,LEGACY-TERSE (not damage),,Other / unlisted,B. Create Deposits in ShopView,Steps,FIELD-NEVER-EDITED,n/a (body as originally authored),,,Add Deposit button visible on allowed WO statuses,https://shopview.testrail.io/index.php?/cases/view/22339
C22340,LEGACY-TERSE (not damage),,Other / unlisted,B. Create Deposits in ShopView,Steps,FIELD-NEVER-EDITED,n/a (body as originally authored),,,Add Deposit button hidden on disallowed WO statuses,https://shopview.testrail.io/index.php?/cases/view/22340
C22345,LEGACY-TERSE (not damage),,Other / unlisted,B. Create Deposits in ShopView,Steps,FIELD-NEVER-EDITED,n/a (body as originally authored),,,Deposit Date is editable and allows past dates,https://shopview.testrail.io/index.php?/cases/view/22345
C22346,LEGACY-TERSE (not damage),,Other / unlisted,B. Create Deposits in ShopView,Steps,FIELD-NEVER-EDITED,n/a (body as originally authored),,,Payment Method excludes Charge Account,https://shopview.testrail.io/index.php?/cases/view/22346
C22347,LEGACY-TERSE (not damage),,Other / unlisted,B. Create Deposits in ShopView,Steps,FIELD-NEVER-EDITED,n/a (body as originally authored),,,Memo pre-populated with Work Order number,https://shopview.testrail.io/index.php?/cases/view/22347
C22350,LEGACY-TERSE (not damage),,Other / unlisted,B. Create Deposits in ShopView,Steps,FIELD-NEVER-EDITED,n/a (body as originally authored),,,Deposit Amount accepts valid currency and max amount,https://shopview.testrail.io/index.php?/cases/view/22350
C22351,LEGACY-TERSE (not damage),,Other / unlisted,B. Create Deposits in ShopView,Steps,FIELD-NEVER-EDITED,n/a (body as originally authored),,,Deposit Amount strips invalid characters,https://shopview.testrail.io/index.php?/cases/view/22351
C22353,LEGACY-TERSE (not damage),,Other / unlisted,B. Create Deposits in ShopView,Steps,FIELD-NEVER-EDITED,n/a (body as originally authored),,,Deposit Amount minimum 0.01 is accepted,https://shopview.testrail.io/index.php?/cases/view/22353
C22355,LEGACY-TERSE (not damage),,Other / unlisted,B. Create Deposits in ShopView,Steps,FIELD-NEVER-EDITED,n/a (body as originally authored),,,Deposit amount may exceed WO/Estimate balance,https://shopview.testrail.io/index.php?/cases/view/22355
C22356,LEGACY-TERSE (not damage),,Other / unlisted,B. Create Deposits in ShopView,Steps,FIELD-NEVER-EDITED,n/a (body as originally authored),,,Submit deposit creates CP number and persists on WO,https://shopview.testrail.io/index.php?/cases/view/22356
C22357,LEGACY-TERSE (not damage),,Other / unlisted,B. Create Deposits in ShopView,Steps,FIELD-NEVER-EDITED,n/a (body as originally authored),,,Multiple deposits can be created on one WO,https://shopview.testrail.io/index.php?/cases/view/22357
C22358,LEGACY-TERSE (not damage),,Other / unlisted,B. Create Deposits in ShopView,Steps,FIELD-NEVER-EDITED,n/a (body as originally authored),,,Deposit submit failure shows error toast,https://shopview.testrail.io/index.php?/cases/view/22358
C22360,LEGACY-TERSE (not damage),,Other / unlisted,"C. Apply, Invoice, Display Deposits",Steps,FIELD-NEVER-EDITED,n/a (body as originally authored),,,WO Invoice lists multiple deposits/payments in received order,https://shopview.testrail.io/index.php?/cases/view/22360
C22361,LEGACY-TERSE (not damage),,Other / unlisted,"C. Apply, Invoice, Display Deposits",Steps,FIELD-NEVER-EDITED,n/a (body as originally authored),,,WO Estimate shows deposits in Payments section,https://shopview.testrail.io/index.php?/cases/view/22361
C22362,LEGACY-TERSE (not damage),,Other / unlisted,"C. Apply, Invoice, Display Deposits",Steps,FIELD-NEVER-EDITED,n/a (body as originally authored),,,Financial Info Payments total includes deposits,https://shopview.testrail.io/index.php?/cases/view/22362
C22363,LEGACY-TERSE (not damage),,Other / unlisted,"C. Apply, Invoice, Display Deposits",Steps,FIELD-NEVER-EDITED,n/a (body as originally authored),,,Customer Payments displays deposit row correctly,https://shopview.testrail.io/index.php?/cases/view/22363
C22364,LEGACY-TERSE (not damage),,Other / unlisted,"C. Apply, Invoice, Display Deposits",Steps,FIELD-NEVER-EDITED,n/a (body as originally authored),,,Blank reference and memo render blank,https://shopview.testrail.io/index.php?/cases/view/22364
C22365,LEGACY-TERSE (not damage),,Other / unlisted,"C. Apply, Invoice, Display Deposits",Steps,FIELD-NEVER-EDITED,n/a (body as originally authored),,,Customer Payments delete button hidden without permission,https://shopview.testrail.io/index.php?/cases/view/22365
C22366,LEGACY-TERSE (not damage),,Other / unlisted,"C. Apply, Invoice, Display Deposits",Steps,FIELD-NEVER-EDITED,n/a (body as originally authored),,,Create Invoice with one deposit auto-applies and reduces balance,https://shopview.testrail.io/index.php?/cases/view/22366
C22367,LEGACY-TERSE (not damage),,Other / unlisted,"C. Apply, Invoice, Display Deposits",Steps,FIELD-NEVER-EDITED,n/a (body as originally authored),,,Create Invoice with multiple deposits auto-applies all,https://shopview.testrail.io/index.php?/cases/view/22367
C22368,LEGACY-TERSE (not damage),,Other / unlisted,"C. Apply, Invoice, Display Deposits",Steps,FIELD-NEVER-EDITED,n/a (body as originally authored),,,Charged-to-account invoice with deposit is Partially Paid,https://shopview.testrail.io/index.php?/cases/view/22368
C22369,LEGACY-TERSE (not damage),,Other / unlisted,"C. Apply, Invoice, Display Deposits",Steps,FIELD-NEVER-EDITED,n/a (body as originally authored),,,Deposits only appear for their own WO,https://shopview.testrail.io/index.php?/cases/view/22369
C22370,LEGACY-TERSE (not damage),,Other / unlisted,"C. Apply, Invoice, Display Deposits",Steps,FIELD-NEVER-EDITED,n/a (body as originally authored),,,Customer Unpaid Invoices New Payment includes deposit in balance but not line items,https://shopview.testrail.io/index.php?/cases/view/22370
C22371,LEGACY-TERSE (not damage),,Other / unlisted,"C. Apply, Invoice, Display Deposits",Steps,FIELD-NEVER-EDITED,n/a (body as originally authored),,,Deposit exceeds invoice total creates paid invoice and credit,https://shopview.testrail.io/index.php?/cases/view/22371
C22372,LEGACY-TERSE (not damage),,Other / unlisted,"C. Apply, Invoice, Display Deposits",Steps,FIELD-NEVER-EDITED,n/a (body as originally authored),,,Overpayment alert persists until manually closed,https://shopview.testrail.io/index.php?/cases/view/22372
C22373,LEGACY-TERSE (not damage),,Other / unlisted,"D. Delete, Reverse, Split Deposits",Steps,FIELD-NEVER-EDITED,n/a (body as originally authored),,,Delete deposit confirmation copy and buttons,https://shopview.testrail.io/index.php?/cases/view/22373
C22374,LEGACY-TERSE (not damage),,Other / unlisted,"D. Delete, Reverse, Split Deposits",Steps,FIELD-NEVER-EDITED,n/a (body as originally authored),,,Cancel or X delete deposit leaves deposit intact,https://shopview.testrail.io/index.php?/cases/view/22374
C22375,LEGACY-TERSE (not damage),,Other / unlisted,"D. Delete, Reverse, Split Deposits",Steps,FIELD-NEVER-EDITED,n/a (body as originally authored),,,Delete deposit removes deposit and recalculates invoice balance,https://shopview.testrail.io/index.php?/cases/view/22375
C22376,LEGACY-TERSE (not damage),,Other / unlisted,"D. Delete, Reverse, Split Deposits",Steps,FIELD-NEVER-EDITED,n/a (body as originally authored),,,Delete deposit with actual payment sets Partially Paid,https://shopview.testrail.io/index.php?/cases/view/22376
C22378,LEGACY-TERSE (not damage),,Other / unlisted,"D. Delete, Reverse, Split Deposits",Steps,FIELD-NEVER-EDITED,n/a (body as originally authored),,,Delete deposit hidden without permission,https://shopview.testrail.io/index.php?/cases/view/22378
C22379,LEGACY-TERSE (not damage),,Other / unlisted,"D. Delete, Reverse, Split Deposits",Steps,FIELD-NEVER-EDITED,n/a (body as originally authored),,,Reverse invoice with deposit keeps deposit on WO and reapplies on reinvoice,https://shopview.testrail.io/index.php?/cases/view/22379
C22380,LEGACY-TERSE (not damage),,Other / unlisted,"D. Delete, Reverse, Split Deposits",Steps,FIELD-NEVER-EDITED,n/a (body as originally authored),,,Split WO keeps deposits on original WO,https://shopview.testrail.io/index.php?/cases/view/22380
C22381,LEGACY-TERSE (not damage),,Other / unlisted,"D. Delete, Reverse, Split Deposits",Steps,FIELD-NEVER-EDITED,n/a (body as originally authored),,,Change Customer disabled when WO has deposit,https://shopview.testrail.io/index.php?/cases/view/22381
C22382,LEGACY-TERSE (not damage),,Other / unlisted,"D. Delete, Reverse, Split Deposits",Steps,FIELD-NEVER-EDITED,n/a (body as originally authored),,,Change Customer enabled after all deposits deleted,https://shopview.testrail.io/index.php?/cases/view/22382
C22383,LEGACY-TERSE (not damage),,Other / unlisted,E. QuickBooks Integration,Steps,FIELD-NEVER-EDITED,n/a (body as originally authored),,,Deposit syncs to QBO as unapplied payment when consent given,https://shopview.testrail.io/index.php?/cases/view/22383
C22384,LEGACY-TERSE (not damage),,Other / unlisted,E. QuickBooks Integration,Steps,FIELD-NEVER-EDITED,n/a (body as originally authored),,,Deposit sync creates customer in QBO if missing,https://shopview.testrail.io/index.php?/cases/view/22384
C22385,LEGACY-TERSE (not damage),,Other / unlisted,E. QuickBooks Integration,Steps,FIELD-NEVER-EDITED,n/a (body as originally authored),,,Deposit sync skipped without consent,https://shopview.testrail.io/index.php?/cases/view/22385
C22386,LEGACY-TERSE (not damage),,Other / unlisted,E. QuickBooks Integration,Steps,FIELD-NEVER-EDITED,n/a (body as originally authored),,,Deposit sync failure creates Unexported report entry,https://shopview.testrail.io/index.php?/cases/view/22386
C22387,LEGACY-TERSE (not damage),,Other / unlisted,E. QuickBooks Integration,Steps,FIELD-NEVER-EDITED,n/a (body as originally authored),,,QBO invoice applies unapplied payment when invoice created,https://shopview.testrail.io/index.php?/cases/view/22387
C22388,LEGACY-TERSE (not damage),,Other / unlisted,E. QuickBooks Integration,Steps,FIELD-NEVER-EDITED,n/a (body as originally authored),,,QBO deposit exceeds invoice total leaves remaining unapplied balance,https://shopview.testrail.io/index.php?/cases/view/22388
C22389,LEGACY-TERSE (not damage),,Other / unlisted,E. QuickBooks Integration,Steps,FIELD-NEVER-EDITED,n/a (body as originally authored),,,QBO apply-payment failure logs Unexported item,https://shopview.testrail.io/index.php?/cases/view/22389
C22390,LEGACY-TERSE (not damage),,Other / unlisted,E. QuickBooks Integration,Steps,FIELD-NEVER-EDITED,n/a (body as originally authored),,,Delete deposit removes corresponding unapplied payment in QBO,https://shopview.testrail.io/index.php?/cases/view/22390
C22391,LEGACY-TERSE (not damage),,Other / unlisted,E. QuickBooks Integration,Steps,FIELD-NEVER-EDITED,n/a (body as originally authored),,,Delete applied deposit unapplies then deletes in QBO,https://shopview.testrail.io/index.php?/cases/view/22391
C22394,LEGACY-TERSE (not damage),,Other / unlisted,E. QuickBooks Integration,Steps,FIELD-NEVER-EDITED,n/a (body as originally authored),,,Generic QBO delete failure follows existing sync error behavior,https://shopview.testrail.io/index.php?/cases/view/22394
C22395,LEGACY-TERSE (not damage),,Other / unlisted,E. QuickBooks Integration,Steps,FIELD-NEVER-EDITED,n/a (body as originally authored),,,Reverse invoice deletes QBO invoice and returns payments to unapplied,https://shopview.testrail.io/index.php?/cases/view/22395
C22396,LEGACY-TERSE (not damage),,Other / unlisted,E. QuickBooks Integration,Steps,FIELD-NEVER-EDITED,n/a (body as originally authored),,,Reverse invoice QBO failure logs Unexported item,https://shopview.testrail.io/index.php?/cases/view/22396
C22397,LEGACY-TERSE (not damage),,Other / unlisted,F. Negative & Error Paths - Network/System Failures,Steps,FIELD-NEVER-EDITED,n/a (body as originally authored),,,Deposit submit network dropped during request,https://shopview.testrail.io/index.php?/cases/view/22397
C22398,LEGACY-TERSE (not damage),,Other / unlisted,F. Negative & Error Paths - Network/System Failures,Steps,FIELD-NEVER-EDITED,n/a (body as originally authored),,,Delete deposit network dropped during request,https://shopview.testrail.io/index.php?/cases/view/22398
C22399,LEGACY-TERSE (not damage),,Other / unlisted,F. Negative & Error Paths - Network/System Failures,Steps,FIELD-NEVER-EDITED,n/a (body as originally authored),,,QBO service outage during active use,https://shopview.testrail.io/index.php?/cases/view/22399
C22400,LEGACY-TERSE (not damage),,Other / unlisted,F. Negative & Error Paths - Concurrency & Race Conditions,Steps,FIELD-NEVER-EDITED,n/a (body as originally authored),,,Two users delete same deposit simultaneously,https://shopview.testrail.io/index.php?/cases/view/22400
C22401,LEGACY-TERSE (not damage),,Other / unlisted,F. Negative & Error Paths - Concurrency & Race Conditions,Steps,FIELD-NEVER-EDITED,n/a (body as originally authored),,,Deposit submitted after another user invoices same WO,https://shopview.testrail.io/index.php?/cases/view/22401
C22402,LEGACY-TERSE (not damage),,Other / unlisted,F. Negative & Error Paths - Concurrency & Race Conditions,Steps,FIELD-NEVER-EDITED,n/a (body as originally authored),,,Rapid double-click Submit Deposit,https://shopview.testrail.io/index.php?/cases/view/22402
C22403,LEGACY-TERSE (not damage),,Other / unlisted,F. Negative & Error Paths - Permissions Mid-Session,Steps,FIELD-NEVER-EDITED,n/a (body as originally authored),,,Permission revoked before deposit submit,https://shopview.testrail.io/index.php?/cases/view/22403
C22404,LEGACY-TERSE (not damage),,Other / unlisted,F. Negative & Error Paths - Permissions Mid-Session,Steps,FIELD-NEVER-EDITED,n/a (body as originally authored),,,Delete permission revoked mid-session,https://shopview.testrail.io/index.php?/cases/view/22404
C22405,LEGACY-TERSE (not damage),,Other / unlisted,F. Negative & Error Paths - Feature Flag Edge Cases,Steps,FIELD-NEVER-EDITED,n/a (body as originally authored),,,Feature flag turned off after deposits exist,https://shopview.testrail.io/index.php?/cases/view/22405
C22406,LEGACY-TERSE (not damage),,Other / unlisted,F. Negative & Error Paths - Input Validation Edge Cases,Steps,FIELD-NEVER-EDITED,n/a (body as originally authored),,,Deposit Amount negative input,https://shopview.testrail.io/index.php?/cases/view/22406
C22407,LEGACY-TERSE (not damage),,Other / unlisted,F. Negative & Error Paths - Input Validation Edge Cases,Steps,FIELD-NEVER-EDITED,n/a (body as originally authored),,,Deposit Amount pasted with currency text,https://shopview.testrail.io/index.php?/cases/view/22407
C22408,LEGACY-TERSE (not damage),,Other / unlisted,F. Negative & Error Paths - Input Validation Edge Cases,Steps,FIELD-NEVER-EDITED,n/a (body as originally authored),,,Deposit Amount three decimal places,https://shopview.testrail.io/index.php?/cases/view/22408
C22409,LEGACY-TERSE (not damage),,Other / unlisted,F. Negative & Error Paths - Input Validation Edge Cases,Steps,FIELD-NEVER-EDITED,n/a (body as originally authored),,,Required deposit fields empty,https://shopview.testrail.io/index.php?/cases/view/22409
C22410,LEGACY-TERSE (not damage),,Other / unlisted,F. Negative & Error Paths - Input Validation Edge Cases,Steps,FIELD-NEVER-EDITED,n/a (body as originally authored),,,Memo very long input,https://shopview.testrail.io/index.php?/cases/view/22410
C22411,LEGACY-TERSE (not damage),,Other / unlisted,F. Negative & Error Paths - Input Validation Edge Cases,Steps,FIELD-NEVER-EDITED,n/a (body as originally authored),,,Memo XSS/special characters escaped,https://shopview.testrail.io/index.php?/cases/view/22411
C22412,LEGACY-TERSE (not damage),,Other / unlisted,F. Negative & Error Paths - Input Validation Edge Cases,Steps,FIELD-NEVER-EDITED,n/a (body as originally authored),,,Reference Number special chars escaped,https://shopview.testrail.io/index.php?/cases/view/22412
C22414,LEGACY-TERSE (not damage),,Other / unlisted,F. Negative & Error Paths - Input Validation Edge Cases,Steps,FIELD-NEVER-EDITED,n/a (body as originally authored),,,Deposit Amount scientific notation or invalid numeric,https://shopview.testrail.io/index.php?/cases/view/22414
C22416,LEGACY-TERSE (not damage),,Other / unlisted,F. Negative & Error Paths - Input Validation Edge Cases,Steps,FIELD-NEVER-EDITED,n/a (body as originally authored),,,Backdated deposit uses selected date,https://shopview.testrail.io/index.php?/cases/view/22416
C22413,LEGACY-TERSE (not damage),,Other / unlisted,F. Negative & Error Paths - Ambiguous & Edge States,Steps,FIELD-NEVER-EDITED,n/a (body as originally authored),,,Delete deposit applied to paid invoice,https://shopview.testrail.io/index.php?/cases/view/22413
C22415,LEGACY-TERSE (not damage),,Other / unlisted,F. Negative & Error Paths - QBO Consent Edge Cases,Steps,FIELD-NEVER-EDITED,n/a (body as originally authored),,,Deposits before QBO consent do not unexpectedly sync,https://shopview.testrail.io/index.php?/cases/view/22415
C22418,LEGACY-TERSE (not damage),,Other / unlisted,"G. Regression, Cross-browser, Responsive, Accessibility - Regression",Steps,FIELD-NEVER-EDITED,n/a (body as originally authored),,,Delete regular payment still works,https://shopview.testrail.io/index.php?/cases/view/22418
C22420,LEGACY-TERSE (not damage),,Other / unlisted,"G. Regression, Cross-browser, Responsive, Accessibility - Regression",Steps,FIELD-NEVER-EDITED,n/a (body as originally authored),,,First-payment flow on Invoiced WO still works,https://shopview.testrail.io/index.php?/cases/view/22420
C22421,LEGACY-TERSE (not damage),,Other / unlisted,"G. Regression, Cross-browser, Responsive, Accessibility - Regression",Steps,FIELD-NEVER-EDITED,n/a (body as originally authored),,,Historical payment rows show dates,https://shopview.testrail.io/index.php?/cases/view/22421
C22422,LEGACY-TERSE (not damage),,Other / unlisted,"G. Regression, Cross-browser, Responsive, Accessibility - Cross-browser",Steps,FIELD-NEVER-EDITED,n/a (body as originally authored),,,Full deposit happy path on Chrome,https://shopview.testrail.io/index.php?/cases/view/22422
C22423,LEGACY-TERSE (not damage),,Other / unlisted,"G. Regression, Cross-browser, Responsive, Accessibility - Cross-browser",Steps,FIELD-NEVER-EDITED,n/a (body as originally authored),,,Full deposit happy path on Firefox,https://shopview.testrail.io/index.php?/cases/view/22423
C22424,LEGACY-TERSE (not damage),,Other / unlisted,"G. Regression, Cross-browser, Responsive, Accessibility - Cross-browser",Steps,FIELD-NEVER-EDITED,n/a (body as originally authored),,,Full deposit happy path on Safari,https://shopview.testrail.io/index.php?/cases/view/22424
C22425,LEGACY-TERSE (not damage),,Other / unlisted,"G. Regression, Cross-browser, Responsive, Accessibility - Cross-browser",Steps,FIELD-NEVER-EDITED,n/a (body as originally authored),,,Full deposit happy path on Edge,https://shopview.testrail.io/index.php?/cases/view/22425
C22426,LEGACY-TERSE (not damage),,Other / unlisted,"G. Regression, Cross-browser, Responsive, Accessibility - Responsive",Steps,FIELD-NEVER-EDITED,n/a (body as originally authored),,,Add Deposit modal tablet viewport,https://shopview.testrail.io/index.php?/cases/view/22426
C22427,LEGACY-TERSE (not damage),,Other / unlisted,"G. Regression, Cross-browser, Responsive, Accessibility - Responsive",Steps,FIELD-NEVER-EDITED,n/a (body as originally authored),,,Customer Payments table narrow window,https://shopview.testrail.io/index.php?/cases/view/22427
C22428,LEGACY-TERSE (not damage),,Other / unlisted,"G. Regression, Cross-browser, Responsive, Accessibility - Accessibility",Steps,FIELD-NEVER-EDITED,n/a (body as originally authored),,,Add Deposit modal keyboard navigation,https://shopview.testrail.io/index.php?/cases/view/22428
C22429,LEGACY-TERSE (not damage),,Other / unlisted,"G. Regression, Cross-browser, Responsive, Accessibility - Accessibility",Steps,FIELD-NEVER-EDITED,n/a (body as originally authored),,,Add Deposit modal screen-reader labels,https://shopview.testrail.io/index.php?/cases/view/22429
C22431,LEGACY-TERSE (not damage),,Other / unlisted,H. API Contract Validation,Steps,FIELD-NEVER-EDITED,n/a (body as originally authored),,,POST deposit missing required fields returns 400,https://shopview.testrail.io/index.php?/cases/view/22431
C22432,LEGACY-TERSE (not damage),,Other / unlisted,H. API Contract Validation,Steps,FIELD-NEVER-EDITED,n/a (body as originally authored),,,POST deposit amount 0 or less returns validation,https://shopview.testrail.io/index.php?/cases/view/22432
C22435,LEGACY-TERSE (not damage),,Other / unlisted,H. API Contract Validation,Steps,FIELD-NEVER-EDITED,n/a (body as originally authored),,,POST duplicate deposit requests behavior documented,https://shopview.testrail.io/index.php?/cases/view/22435
C22440,LEGACY-TERSE (not damage),,Other / unlisted,H. API Contract Validation,Steps,FIELD-NEVER-EDITED,n/a (body as originally authored),,,DELETE reconciled QBO deposit returns error,https://shopview.testrail.io/index.php?/cases/view/22440
C22443,LEGACY-TERSE (not damage),,Other / unlisted,H. API Contract Validation,Steps,FIELD-NEVER-EDITED,n/a (body as originally authored),,,POST invoice auto-applies deposits,https://shopview.testrail.io/index.php?/cases/view/22443
C45088,SUSPECT-LOW,LOW,Other / unlisted,Printer Friendly Work Orders - Print Option in More Menu,Preconditions,SEPARATORS-LOST,Viktoria Videnovic (FOREIGN),2026-08-26,markdown,Print option is available on every work order status,https://shopview.testrail.io/index.php?/cases/view/45088
C29930,SUSPECT-LOW,LOW,Schedule,Navigation and Layout,Steps,SEPARATORS-LOST,Bilal Muzamil (US),2026-08-05,markdown,No Tech/Dept toggle - department grouping is the only grid grouping,https://shopview.testrail.io/index.php?/cases/view/29930
C29946,FLATTENED,,Schedule,Sidebar - Work Order Filters,Expected,SEPARATORS-LOST,Bilal Muzamil (US),2026-08-20,markdown,'Clear all' resets every applied sidebar filter in one click,https://shopview.testrail.io/index.php?/cases/view/29946
C29948,FLATTENED,,Schedule,Sidebar - Line Drill-Down,Expected,SEPARATORS-LOST,Bilal Muzamil (US),2026-08-20,markdown,"Work order card opens the line drill-down in place, with header and back control",https://shopview.testrail.io/index.php?/cases/view/29948
C29950,FLATTENED,,Schedule,Sidebar - Line Drill-Down,Expected,SEPARATORS-LOST,Bilal Muzamil (US),2026-08-20,markdown,Only approved work order lines appear in the drill-down,https://shopview.testrail.io/index.php?/cases/view/29950
C29951,FLATTENED,,Schedule,Sidebar - Line Drill-Down,Expected,SEPARATORS-LOST,Bilal Muzamil (US),2026-08-20,markdown,"Line row shows title, hours, the technician roster and a drag handle",https://shopview.testrail.io/index.php?/cases/view/29951
C29952,FLATTENED,,Schedule,Sidebar - Line Drill-Down,Expected,SEPARATORS-LOST,Bilal Muzamil (US),2026-08-20,markdown,Lines with no technician assigned show a 'Needs techs' badge,https://shopview.testrail.io/index.php?/cases/view/29952
C29953,FLATTENED,,Schedule,Sidebar - Line Drill-Down,Expected,SEPARATORS-LOST,Bilal Muzamil (US),2026-08-20,markdown,'Search lines' matches the line title/name only,https://shopview.testrail.io/index.php?/cases/view/29953
C29954,FLATTENED,,Schedule,Sidebar - Line Drill-Down,Expected,SEPARATORS-LOST,Bilal Muzamil (US),2026-08-20,markdown,'All / Unscheduled' filter chips show counts and filter the line list,https://shopview.testrail.io/index.php?/cases/view/29954
C29955,FLATTENED,,Schedule,Drag-and-Drop Scheduling,Expected,SEPARATORS-LOST,Bilal Muzamil (US),2026-08-20,markdown,Dropping a single-line work order creates a shift with no scope picker,https://shopview.testrail.io/index.php?/cases/view/29955
C29963,FLATTENED,,Schedule,Scope Picker,Expected,SEPARATORS-LOST,Bilal Muzamil (US),2026-08-20,markdown,Scope picker contents: the pinned whole-order row and the line rows,https://shopview.testrail.io/index.php?/cases/view/29963
C29969,SUSPECT-HIGH,HIGH,Schedule,Shift Start Times and Unassigned Shifts,Expected,SEPARATORS-LOST,Bilal Muzamil (US),2026-08-20,markdown,A shift's start time uses the technician's own working hours when set,https://shopview.testrail.io/index.php?/cases/view/29969
C29991,SUSPECT-LOW,LOW,Schedule,Shift Block Anatomy,Steps,SEPARATORS-LOST,Bilal Muzamil (US),2026-08-05,markdown,"A single-line shift block shows customer, unit number and line name",https://shopview.testrail.io/index.php?/cases/view/29991
C30008,FLATTENED,,Schedule,Shift Detail Modal,Expected,SEPARATORS-LOST,Bilal Muzamil (US),2026-08-20,markdown,"Clicking a shift opens its detail modal, with VIN always visible",https://shopview.testrail.io/index.php?/cases/view/30008
C30016,FLATTENED,,Schedule,Events,Expected,SEPARATORS-LOST,Bilal Muzamil (US),2026-08-20,markdown,Create an event via left-click 'Create Event' on empty grid space,https://shopview.testrail.io/index.php?/cases/view/30016
C30034,FLATTENED,,Schedule,Hover Tooltips,Expected,SEPARATORS-LOST,Bilal Muzamil (US),2026-08-20,markdown,Shift hover tooltip shows the full shift summary incl. up to 3 line names,https://shopview.testrail.io/index.php?/cases/view/30034
C30052,FLATTENED,,Schedule,Reassignment and Context Menu,Expected,SEPARATORS-LOST,Bilal Muzamil (US),2026-08-20,markdown,"Dragging a shift to another technician row reassigns it, with a confirm modal",https://shopview.testrail.io/index.php?/cases/view/30052
C43811,SUSPECT-LOW,LOW,Schedule,Reassignment and Context Menu,Expected,SEPARATORS-LOST,Vladimir Tomovic (FOREIGN),2026-08-18,markdown,The empty-cell menu's first item Assign work order schedules an existing order,https://shopview.testrail.io/index.php?/cases/view/43811
C30057,FLATTENED,,Schedule,"Deletion, Series Scopes and Undo",Expected,SEPARATORS-LOST,Bilal Muzamil (US),2026-08-20,markdown,Deleting a middle shift of a series offers all three scope options,https://shopview.testrail.io/index.php?/cases/view/30057
C30066,FLATTENED,,Schedule,Keyboard Interactions,Expected,SEPARATORS-LOST,Bilal Muzamil (US),2026-08-20,markdown,"Escape closes the topmost open modal or popover, following the stacking order",https://shopview.testrail.io/index.php?/cases/view/30066
C30071,FLATTENED,,Schedule,Color System,Expected,SEPARATORS-LOST,Bilal Muzamil (US),2026-08-20,markdown,"Blue is the default color for all shifts, including long and multi-week jobs",https://shopview.testrail.io/index.php?/cases/view/30071
C38847,SUSPECT-LOW,LOW,Schedule,Working Hours Settings,Expected,SEPARATORS-LOST,Vladimir Tomovic (FOREIGN),2026-08-18,markdown,Business-hours toggle reveals a per-day (Mon-Sun) From-To editor,https://shopview.testrail.io/index.php?/cases/view/38847
C38848,SUSPECT-LOW,LOW,Schedule,Working Hours Settings,Expected,SEPARATORS-LOST,Vladimir Tomovic (FOREIGN),2026-08-18,markdown,"Edit Staff has a 'Set working hours for this technician' toggle, off by default",https://shopview.testrail.io/index.php?/cases/view/38848
C38849,SUSPECT-LOW,LOW,Schedule,Working Hours Settings,Expected,SEPARATORS-LOST,Vladimir Tomovic (FOREIGN),2026-08-18,markdown,A technician with no custom hours inherits the shop business hours,https://shopview.testrail.io/index.php?/cases/view/38849
C38850,SUSPECT-LOW,LOW,Schedule,Working Hours Settings,Expected,SEPARATORS-LOST,Vladimir Tomovic (FOREIGN),2026-08-18,markdown,"'Add Hours' appends a removable second range for split shifts, starting empty",https://shopview.testrail.io/index.php?/cases/view/38850
C38872,FLATTENED,,Schedule,API — Schedule,Expected,SEPARATORS-LOST,Bilal Muzamil (US),2026-08-20,markdown,API - Schedule reads need View; writes need Edit; deletes need Delete (403),https://shopview.testrail.io/index.php?/cases/view/38872
C22179,LEGACY-TERSE (not damage),,Other / unlisted,Bin Location Administration,Steps,FIELD-NEVER-EDITED,n/a (body as originally authored),,,Bins navigation opens Bin Locations page,https://shopview.testrail.io/index.php?/cases/view/22179
C22180,LEGACY-TERSE (not damage),,Other / unlisted,Bin Location Administration,Steps,FIELD-NEVER-EDITED,n/a (body as originally authored),,,Bin Locations table columns display,https://shopview.testrail.io/index.php?/cases/view/22180
C22181,LEGACY-TERSE (not damage),,Other / unlisted,Bin Location Administration,Steps,FIELD-NEVER-EDITED,n/a (body as originally authored),,,General Storage default bin visible,https://shopview.testrail.io/index.php?/cases/view/22181
C22182,LEGACY-TERSE (not damage),,Other / unlisted,Bin Location Administration,Steps,FIELD-NEVER-EDITED,n/a (body as originally authored),,,General Storage default bin cannot be deleted,https://shopview.testrail.io/index.php?/cases/view/22182
C22183,LEGACY-TERSE (not damage),,Other / unlisted,Bin Location Administration,Steps,FIELD-NEVER-EDITED,n/a (body as originally authored),,,General Storage default bin name can be edited,https://shopview.testrail.io/index.php?/cases/view/22183
C22184,LEGACY-TERSE (not damage),,Other / unlisted,Bin Location Administration,Steps,FIELD-NEVER-EDITED,n/a (body as originally authored),,,Search filters bin locations by name,https://shopview.testrail.io/index.php?/cases/view/22184
C22185,LEGACY-TERSE (not damage),,Other / unlisted,Bin Location Administration,Steps,FIELD-NEVER-EDITED,n/a (body as originally authored),,,Create bin location with valid name,https://shopview.testrail.io/index.php?/cases/view/22185
C22186,LEGACY-TERSE (not damage),,Other / unlisted,Bin Location Administration,Steps,FIELD-NEVER-EDITED,n/a (body as originally authored),,,Cancel create bin location,https://shopview.testrail.io/index.php?/cases/view/22186
C22187,LEGACY-TERSE (not damage),,Other / unlisted,Bin Location Administration,Steps,FIELD-NEVER-EDITED,n/a (body as originally authored),,,Validate required bin name,https://shopview.testrail.io/index.php?/cases/view/22187
C22188,LEGACY-TERSE (not damage),,Other / unlisted,Bin Location Administration,Steps,FIELD-NEVER-EDITED,n/a (body as originally authored),,,Validate bin name minimum and maximum length,https://shopview.testrail.io/index.php?/cases/view/22188
C22190,LEGACY-TERSE (not damage),,Other / unlisted,Bin Location Administration,Steps,FIELD-NEVER-EDITED,n/a (body as originally authored),,,Validate duplicate bin name,https://shopview.testrail.io/index.php?/cases/view/22190
C22191,LEGACY-TERSE (not damage),,Other / unlisted,Bin Location Administration,Steps,FIELD-NEVER-EDITED,n/a (body as originally authored),,,Bin is saved at location level,https://shopview.testrail.io/index.php?/cases/view/22191
C22193,LEGACY-TERSE (not damage),,Other / unlisted,Bin Location Administration,Steps,FIELD-NEVER-EDITED,n/a (body as originally authored),,,Cancel edit bin location,https://shopview.testrail.io/index.php?/cases/view/22193
C22196,LEGACY-TERSE (not damage),,Other / unlisted,Bin Location Administration,Steps,FIELD-NEVER-EDITED,n/a (body as originally authored),,,Inventory parts count links to filtered inventory,https://shopview.testrail.io/index.php?/cases/view/22196
C22197,LEGACY-TERSE (not damage),,Other / unlisted,Bin Location Administration,Steps,FIELD-NEVER-EDITED,n/a (body as originally authored),,,Sort bin locations by name,https://shopview.testrail.io/index.php?/cases/view/22197
C22198,LEGACY-TERSE (not damage),,Other / unlisted,Bin Location Administration,Steps,FIELD-NEVER-EDITED,n/a (body as originally authored),,,Sort bin locations by inventory parts count,https://shopview.testrail.io/index.php?/cases/view/22198
C22200,LEGACY-TERSE (not damage),,Other / unlisted,Inventory Page and Bin Locations,Steps,FIELD-NEVER-EDITED,n/a (body as originally authored),,,Inventory table has Bin Location / Quantity column,https://shopview.testrail.io/index.php?/cases/view/22200
C22201,LEGACY-TERSE (not damage),,Other / unlisted,Inventory Page and Bin Locations,Steps,FIELD-NEVER-EDITED,n/a (body as originally authored),,,Part with one bin shows bin and quantity,https://shopview.testrail.io/index.php?/cases/view/22201
C22202,LEGACY-TERSE (not damage),,Other / unlisted,Inventory Page and Bin Locations,Steps,FIELD-NEVER-EDITED,n/a (body as originally authored),,,Part with two bins shows both bins,https://shopview.testrail.io/index.php?/cases/view/22202
C22203,LEGACY-TERSE (not damage),,Other / unlisted,Inventory Page and Bin Locations,Steps,FIELD-NEVER-EDITED,n/a (body as originally authored),,,Long bin name is truncated with tooltip,https://shopview.testrail.io/index.php?/cases/view/22203
C22204,LEGACY-TERSE (not damage),,Other / unlisted,Inventory Page and Bin Locations,Steps,FIELD-NEVER-EDITED,n/a (body as originally authored),,,Part with more than two bins shows +N indicator,https://shopview.testrail.io/index.php?/cases/view/22204
C22205,LEGACY-TERSE (not damage),,Other / unlisted,Inventory Page and Bin Locations,Steps,FIELD-NEVER-EDITED,n/a (body as originally authored),,,Expand row with +N indicator,https://shopview.testrail.io/index.php?/cases/view/22205
C22206,LEGACY-TERSE (not damage),,Other / unlisted,Inventory Page and Bin Locations,Steps,FIELD-NEVER-EDITED,n/a (body as originally authored),,,Expand all rows from column arrow,https://shopview.testrail.io/index.php?/cases/view/22206
C22207,LEGACY-TERSE (not damage),,Other / unlisted,Inventory Page and Bin Locations,Steps,FIELD-NEVER-EDITED,n/a (body as originally authored),,,Collapse all rows from column arrow,https://shopview.testrail.io/index.php?/cases/view/22207
C22208,LEGACY-TERSE (not damage),,Other / unlisted,Inventory Page and Bin Locations,Steps,FIELD-NEVER-EDITED,n/a (body as originally authored),,,Inventory total quantity equals sum of bin quantities,https://shopview.testrail.io/index.php?/cases/view/22208
C22209,LEGACY-TERSE (not damage),,Other / unlisted,Inventory Page and Bin Locations,Steps,FIELD-NEVER-EDITED,n/a (body as originally authored),,,General Storage auto-assigned when part created without bin,https://shopview.testrail.io/index.php?/cases/view/22209
C22210,LEGACY-TERSE (not damage),,Other / unlisted,Inventory Page and Bin Locations,Steps,FIELD-NEVER-EDITED,n/a (body as originally authored),,,General Storage auto-assigned when imported without bin,https://shopview.testrail.io/index.php?/cases/view/22210
C22211,LEGACY-TERSE (not damage),,Other / unlisted,Inventory Part Add/Edit,Steps,FIELD-NEVER-EDITED,n/a (body as originally authored),,,Add Part modal allows bin management,https://shopview.testrail.io/index.php?/cases/view/22211
C22212,LEGACY-TERSE (not damage),,Other / unlisted,Inventory Part Add/Edit,Steps,FIELD-NEVER-EDITED,n/a (body as originally authored),,,Edit Part modal loads existing bins,https://shopview.testrail.io/index.php?/cases/view/22212
C22213,LEGACY-TERSE (not damage),,Other / unlisted,Inventory Part Add/Edit,Steps,FIELD-NEVER-EDITED,n/a (body as originally authored),,,Search existing bin in part modal,https://shopview.testrail.io/index.php?/cases/view/22213
C22214,LEGACY-TERSE (not damage),,Other / unlisted,Inventory Part Add/Edit,Steps,FIELD-NEVER-EDITED,n/a (body as originally authored),,,Create new bin from part modal,https://shopview.testrail.io/index.php?/cases/view/22214
C22215,LEGACY-TERSE (not damage),,Other / unlisted,Inventory Part Add/Edit,Steps,FIELD-NEVER-EDITED,n/a (body as originally authored),,,Add multiple bin locations to a part,https://shopview.testrail.io/index.php?/cases/view/22215
C22216,LEGACY-TERSE (not damage),,Other / unlisted,Inventory Part Add/Edit,Steps,FIELD-NEVER-EDITED,n/a (body as originally authored),,,Quantity field accepts numeric values only,https://shopview.testrail.io/index.php?/cases/view/22216
C22217,LEGACY-TERSE (not damage),,Other / unlisted,Inventory Part Add/Edit,Steps,FIELD-NEVER-EDITED,n/a (body as originally authored),,,Quantity field supports up to two decimals,https://shopview.testrail.io/index.php?/cases/view/22217
C22218,LEGACY-TERSE (not damage),,Other / unlisted,Inventory Part Add/Edit,Steps,FIELD-NEVER-EDITED,n/a (body as originally authored),,,Quantity field allows negative zero and positive values,https://shopview.testrail.io/index.php?/cases/view/22218
C22219,LEGACY-TERSE (not damage),,Other / unlisted,Inventory Part Add/Edit,Steps,FIELD-NEVER-EDITED,n/a (body as originally authored),,,Only one default bin can be selected for part,https://shopview.testrail.io/index.php?/cases/view/22219
C22221,LEGACY-TERSE (not damage),,Other / unlisted,Inventory Part Add/Edit,Steps,FIELD-NEVER-EDITED,n/a (body as originally authored),,,Cannot remove current default without selecting another default,https://shopview.testrail.io/index.php?/cases/view/22221
C22223,LEGACY-TERSE (not damage),,Other / unlisted,Inventory Part Add/Edit,Steps,FIELD-NEVER-EDITED,n/a (body as originally authored),,,Prevent duplicate bin locations on same part,https://shopview.testrail.io/index.php?/cases/view/22223
C22224,LEGACY-TERSE (not damage),,Other / unlisted,Receive Parts from Purchase Order,Steps,FIELD-NEVER-EDITED,n/a (body as originally authored),,,PO receive UI remains unchanged,https://shopview.testrail.io/index.php?/cases/view/22224
C22225,LEGACY-TERSE (not damage),,Other / unlisted,Receive Parts from Purchase Order,Steps,FIELD-NEVER-EDITED,n/a (body as originally authored),,,Receive existing inventory part to part default bin,https://shopview.testrail.io/index.php?/cases/view/22225
C22226,LEGACY-TERSE (not damage),,Other / unlisted,Receive Parts from Purchase Order,Steps,FIELD-NEVER-EDITED,n/a (body as originally authored),,,Receive new inventory part to General Storage,https://shopview.testrail.io/index.php?/cases/view/22226
C22227,LEGACY-TERSE (not damage),,Other / unlisted,Receive Parts from Purchase Order,Steps,FIELD-NEVER-EDITED,n/a (body as originally authored),,,Receiving applies only when received to inventory,https://shopview.testrail.io/index.php?/cases/view/22227
C22228,LEGACY-TERSE (not damage),,Other / unlisted,Receive Parts from Purchase Order,Steps,FIELD-NEVER-EDITED,n/a (body as originally authored),,,Manage bins after receiving via part edit,https://shopview.testrail.io/index.php?/cases/view/22228
C22229,LEGACY-TERSE (not damage),,Other / unlisted,Receive Parts from Purchase Order,Steps,FIELD-NEVER-EDITED,n/a (body as originally authored),,,PO receive updates inventory immediately,https://shopview.testrail.io/index.php?/cases/view/22229
C22230,LEGACY-TERSE (not damage),,Other / unlisted,Return Part to Inventory,Steps,FIELD-NEVER-EDITED,n/a (body as originally authored),,,Return to Inventory opens correct modal,https://shopview.testrail.io/index.php?/cases/view/22230
C22232,LEGACY-TERSE (not damage),,Other / unlisted,Return Part to Inventory,Steps,FIELD-NEVER-EDITED,n/a (body as originally authored),,,Return modal defaults General Storage and full quantity,https://shopview.testrail.io/index.php?/cases/view/22232
C22234,LEGACY-TERSE (not damage),,Other / unlisted,Return Part to Inventory,Steps,FIELD-NEVER-EDITED,n/a (body as originally authored),,,Search/select existing bin during return,https://shopview.testrail.io/index.php?/cases/view/22234
C22235,LEGACY-TERSE (not damage),,Other / unlisted,Return Part to Inventory,Steps,FIELD-NEVER-EDITED,n/a (body as originally authored),,,Create new bin during return,https://shopview.testrail.io/index.php?/cases/view/22235
C22236,LEGACY-TERSE (not damage),,Other / unlisted,Return Part to Inventory,Steps,FIELD-NEVER-EDITED,n/a (body as originally authored),,,Validate new return bin name rules,https://shopview.testrail.io/index.php?/cases/view/22236
C22237,LEGACY-TERSE (not damage),,Other / unlisted,Return Part to Inventory,Steps,FIELD-NEVER-EDITED,n/a (body as originally authored),,,Return quantity accepts positive numeric with two decimals,https://shopview.testrail.io/index.php?/cases/view/22237
C22238,LEGACY-TERSE (not damage),,Other / unlisted,Return Part to Inventory,Steps,FIELD-NEVER-EDITED,n/a (body as originally authored),,,Return quantity cannot be negative,https://shopview.testrail.io/index.php?/cases/view/22238
C22239,LEGACY-TERSE (not damage),,Other / unlisted,Return Part to Inventory,Steps,FIELD-NEVER-EDITED,n/a (body as originally authored),,,Return quantity cannot exceed available return quantity,https://shopview.testrail.io/index.php?/cases/view/22239
C22240,LEGACY-TERSE (not damage),,Other / unlisted,Return Part to Inventory,Steps,FIELD-NEVER-EDITED,n/a (body as originally authored),,,Return quantity rejects more than two decimals,https://shopview.testrail.io/index.php?/cases/view/22240
C22241,LEGACY-TERSE (not damage),,Other / unlisted,Return Part to Inventory,Steps,FIELD-NEVER-EDITED,n/a (body as originally authored),,,Return distribution can be less than or equal to return quantity,https://shopview.testrail.io/index.php?/cases/view/22241
C22242,LEGACY-TERSE (not damage),,Other / unlisted,Return Part to Inventory,Steps,FIELD-NEVER-EDITED,n/a (body as originally authored),,,Prevent duplicate bin locations during return,https://shopview.testrail.io/index.php?/cases/view/22242
C22243,LEGACY-TERSE (not damage),,Other / unlisted,Return Part to Inventory,Steps,FIELD-NEVER-EDITED,n/a (body as originally authored),,,First return bin becomes part default,https://shopview.testrail.io/index.php?/cases/view/22243
C22244,LEGACY-TERSE (not damage),,Other / unlisted,Return Part to Inventory,Steps,FIELD-NEVER-EDITED,n/a (body as originally authored),,,Cancel return to inventory,https://shopview.testrail.io/index.php?/cases/view/22244
C22245,LEGACY-TERSE (not damage),,Other / unlisted,Cycle Count,Steps,FIELD-NEVER-EDITED,n/a (body as originally authored),,,Cycle Count option available from Inventory kebab,https://shopview.testrail.io/index.php?/cases/view/22245
C22247,LEGACY-TERSE (not damage),,Other / unlisted,Cycle Count,Steps,FIELD-NEVER-EDITED,n/a (body as originally authored),,,Cycle Count table columns are correct,https://shopview.testrail.io/index.php?/cases/view/22247
C22248,LEGACY-TERSE (not damage),,Other / unlisted,Cycle Count,Steps,FIELD-NEVER-EDITED,n/a (body as originally authored),,,Multiple bins appear as separate cycle count rows,https://shopview.testrail.io/index.php?/cases/view/22248
C22249,LEGACY-TERSE (not damage),,Other / unlisted,Cycle Count,Steps,FIELD-NEVER-EDITED,n/a (body as originally authored),,,Count accepts numeric values with two decimals,https://shopview.testrail.io/index.php?/cases/view/22249
C22250,LEGACY-TERSE (not damage),,Other / unlisted,Cycle Count,Steps,FIELD-NEVER-EDITED,n/a (body as originally authored),,,Count allows negative zero and positive values,https://shopview.testrail.io/index.php?/cases/view/22250
C22251,LEGACY-TERSE (not damage),,Other / unlisted,Cycle Count,Steps,FIELD-NEVER-EDITED,n/a (body as originally authored),,,Adjustment calculates Count minus current bin quantity,https://shopview.testrail.io/index.php?/cases/view/22251
C22252,LEGACY-TERSE (not damage),,Other / unlisted,Cycle Count,Steps,FIELD-NEVER-EDITED,n/a (body as originally authored),,,Adjustment supports positive negative and zero,https://shopview.testrail.io/index.php?/cases/view/22252
C22253,LEGACY-TERSE (not damage),,Other / unlisted,Cycle Count,Steps,FIELD-NEVER-EDITED,n/a (body as originally authored),,,Cycle Count filters by Bin Location,https://shopview.testrail.io/index.php?/cases/view/22253
C22254,LEGACY-TERSE (not damage),,Other / unlisted,Cycle Count,Steps,FIELD-NEVER-EDITED,n/a (body as originally authored),,,Cycle Count filters by Category,https://shopview.testrail.io/index.php?/cases/view/22254
C22255,LEGACY-TERSE (not damage),,Other / unlisted,Cycle Count,Steps,FIELD-NEVER-EDITED,n/a (body as originally authored),,,Cycle Count filters by Supply,https://shopview.testrail.io/index.php?/cases/view/22255
C22256,LEGACY-TERSE (not damage),,Other / unlisted,Cycle Count,Steps,FIELD-NEVER-EDITED,n/a (body as originally authored),,,Cycle Count 200 change limit,https://shopview.testrail.io/index.php?/cases/view/22256
C22257,LEGACY-TERSE (not damage),,Other / unlisted,Cycle Count,Steps,FIELD-NEVER-EDITED,n/a (body as originally authored),,,Save cycle count updates bin quantities,https://shopview.testrail.io/index.php?/cases/view/22257
C22258,LEGACY-TERSE (not damage),,Other / unlisted,Cycle Count,Steps,FIELD-NEVER-EDITED,n/a (body as originally authored),,,Cancel cycle count discards changes,https://shopview.testrail.io/index.php?/cases/view/22258
C22259,LEGACY-TERSE (not damage),,Other / unlisted,Cycle Count,Steps,FIELD-NEVER-EDITED,n/a (body as originally authored),,,Last Count Date updates per part,https://shopview.testrail.io/index.php?/cases/view/22259
C22260,LEGACY-TERSE (not damage),,Other / unlisted,Cycle Count Print,Steps,FIELD-NEVER-EDITED,n/a (body as originally authored),,,Print Cycle Count uses filtered dataset,https://shopview.testrail.io/index.php?/cases/view/22260
C22261,LEGACY-TERSE (not damage),,Other / unlisted,Cycle Count Print,Steps,FIELD-NEVER-EDITED,n/a (body as originally authored),,,Cycle Count PDF columns are correct,https://shopview.testrail.io/index.php?/cases/view/22261
C22262,LEGACY-TERSE (not damage),,Other / unlisted,Cycle Count Print,Steps,FIELD-NEVER-EDITED,n/a (body as originally authored),,,Cycle Count PDF Count field is blank,https://shopview.testrail.io/index.php?/cases/view/22262
C22265,LEGACY-TERSE (not damage),,Other / unlisted,Request Part on WO or Part Sales,Steps,FIELD-NEVER-EDITED,n/a (body as originally authored),,,Locations section shows default bin and quantity input,https://shopview.testrail.io/index.php?/cases/view/22265
C22266,LEGACY-TERSE (not damage),,Other / unlisted,Request Part on WO or Part Sales,Steps,FIELD-NEVER-EDITED,n/a (body as originally authored),,,Show locations expands all bins,https://shopview.testrail.io/index.php?/cases/view/22266
C22267,LEGACY-TERSE (not damage),,Other / unlisted,Request Part on WO or Part Sales,Steps,FIELD-NEVER-EDITED,n/a (body as originally authored),,,Distribute requested quantity across bins,https://shopview.testrail.io/index.php?/cases/view/22267
C22268,LEGACY-TERSE (not damage),,Other / unlisted,Request Part on WO or Part Sales,Steps,FIELD-NEVER-EDITED,n/a (body as originally authored),,,Pick part deducts from selected bins,https://shopview.testrail.io/index.php?/cases/view/22268
C22270,LEGACY-TERSE (not damage),,Other / unlisted,Request Part on WO or Part Sales,Steps,FIELD-NEVER-EDITED,n/a (body as originally authored),,,Part search dropdown shows inventory details,https://shopview.testrail.io/index.php?/cases/view/22270
C22271,LEGACY-TERSE (not damage),,Other / unlisted,Request Part on WO or Part Sales,Steps,FIELD-NEVER-EDITED,n/a (body as originally authored),,,Part search dropdown shows up to two bin locations plus +N more,https://shopview.testrail.io/index.php?/cases/view/22271
C22273,LEGACY-TERSE (not damage),,Other / unlisted,Request Part on WO or Part Sales,Steps,FIELD-NEVER-EDITED,n/a (body as originally authored),,,Return picked part to original bins,https://shopview.testrail.io/index.php?/cases/view/22273
C22274,LEGACY-TERSE (not damage),,Other / unlisted,Request Part on WO or Part Sales,Steps,FIELD-NEVER-EDITED,n/a (body as originally authored),,,Return picked part falls back to default bin if original unavailable,https://shopview.testrail.io/index.php?/cases/view/22274
C22275,LEGACY-TERSE (not damage),,Other / unlisted,Manual Returns from Bin Location,Steps,FIELD-NEVER-EDITED,n/a (body as originally authored),,,Create manual return supports inventory and SOP parts,https://shopview.testrail.io/index.php?/cases/view/22275
C22276,LEGACY-TERSE (not damage),,Other / unlisted,Manual Returns from Bin Location,Steps,FIELD-NEVER-EDITED,n/a (body as originally authored),,,Inventory part manual return shows Bin Location column,https://shopview.testrail.io/index.php?/cases/view/22276
C22280,LEGACY-TERSE (not damage),,Other / unlisted,Manual Returns from Bin Location,Steps,FIELD-NEVER-EDITED,n/a (body as originally authored),,,Special ordered manual return has empty bin fields,https://shopview.testrail.io/index.php?/cases/view/22280
C22281,LEGACY-TERSE (not damage),,Other / unlisted,Manual Returns from Bin Location,Steps,FIELD-NEVER-EDITED,n/a (body as originally authored),,,Manual return deducts selected bin quantity,https://shopview.testrail.io/index.php?/cases/view/22281
C22282,LEGACY-TERSE (not damage),,Other / unlisted,Manual Returns from Bin Location,Steps,FIELD-NEVER-EDITED,n/a (body as originally authored),,,Manual return prevents duplicate same part,https://shopview.testrail.io/index.php?/cases/view/22282
C22283,LEGACY-TERSE (not damage),,Other / unlisted,Manual Returns from Bin Location,Steps,FIELD-NEVER-EDITED,n/a (body as originally authored),,,Manual return validates quantity greater than zero,https://shopview.testrail.io/index.php?/cases/view/22283
C22284,LEGACY-TERSE (not damage),,Other / unlisted,Manual Returns from Bin Location,Steps,FIELD-NEVER-EDITED,n/a (body as originally authored),,,Manual return allows quantity greater than stock,https://shopview.testrail.io/index.php?/cases/view/22284
C22285,LEGACY-TERSE (not damage),,Other / unlisted,Import Parts with Bin Locations,Steps,FIELD-NEVER-EDITED,n/a (body as originally authored),,,Import supports multiple rows per same part,https://shopview.testrail.io/index.php?/cases/view/22285
C22287,LEGACY-TERSE (not damage),,Other / unlisted,Import Parts with Bin Locations,Steps,FIELD-NEVER-EDITED,n/a (body as originally authored),,,Import duplicate same part same bin uses priority behavior,https://shopview.testrail.io/index.php?/cases/view/22287
C22288,LEGACY-TERSE (not damage),,Other / unlisted,Import Parts with Bin Locations,Steps,FIELD-NEVER-EDITED,n/a (body as originally authored),,,Import empty bin location assigns General Storage,https://shopview.testrail.io/index.php?/cases/view/22288
C22291,LEGACY-TERSE (not damage),,Other / unlisted,Import Parts with Bin Locations,Steps,FIELD-NEVER-EDITED,n/a (body as originally authored),,,Import new part with existing bin assigns bin,https://shopview.testrail.io/index.php?/cases/view/22291
C22292,LEGACY-TERSE (not damage),,Other / unlisted,Import Parts with Bin Locations,Steps,FIELD-NEVER-EDITED,n/a (body as originally authored),,,Import file structure remains existing format,https://shopview.testrail.io/index.php?/cases/view/22292
C22293,LEGACY-TERSE (not damage),,Other / unlisted,Export Inventory with Bin Locations,Steps,FIELD-NEVER-EDITED,n/a (body as originally authored),,,Export option available from Inventory menu,https://shopview.testrail.io/index.php?/cases/view/22293
C22294,LEGACY-TERSE (not damage),,Other / unlisted,Export Inventory with Bin Locations,Steps,FIELD-NEVER-EDITED,n/a (body as originally authored),,,Export downloads inventory file,https://shopview.testrail.io/index.php?/cases/view/22294
C22295,LEGACY-TERSE (not damage),,Other / unlisted,Export Inventory with Bin Locations,Steps,FIELD-NEVER-EDITED,n/a (body as originally authored),,,Export includes filtered data only,https://shopview.testrail.io/index.php?/cases/view/22295
C22296,LEGACY-TERSE (not damage),,Other / unlisted,Export Inventory with Bin Locations,Steps,FIELD-NEVER-EDITED,n/a (body as originally authored),,,Export includes grid/bin location and quantity columns,https://shopview.testrail.io/index.php?/cases/view/22296
C22297,LEGACY-TERSE (not damage),,Other / unlisted,Export Inventory with Bin Locations,Steps,FIELD-NEVER-EDITED,n/a (body as originally authored),,,Export multi-bin part as multiple rows,https://shopview.testrail.io/index.php?/cases/view/22297
C22298,LEGACY-TERSE (not damage),,Other / unlisted,Export Inventory with Bin Locations,Steps,FIELD-NEVER-EDITED,n/a (body as originally authored),,,Export single-bin part as one row,https://shopview.testrail.io/index.php?/cases/view/22298
C22299,LEGACY-TERSE (not damage),,Other / unlisted,Export Inventory with Bin Locations,Steps,FIELD-NEVER-EDITED,n/a (body as originally authored),,,Export General Storage default location,https://shopview.testrail.io/index.php?/cases/view/22299
C22304,LEGACY-TERSE (not damage),,Other / unlisted,Existing Customer Migration,Steps,FIELD-NEVER-EDITED,n/a (body as originally authored),,,Migration creates bins from existing grid locations,https://shopview.testrail.io/index.php?/cases/view/22304
C22305,LEGACY-TERSE (not damage),,Other / unlisted,Existing Customer Migration,Steps,FIELD-NEVER-EDITED,n/a (body as originally authored),,,Migration reuses shared bin name,https://shopview.testrail.io/index.php?/cases/view/22305
C22307,LEGACY-TERSE (not damage),,Other / unlisted,Existing Customer Migration,Steps,FIELD-NEVER-EDITED,n/a (body as originally authored),,,Migration sets assigned bin as part default,https://shopview.testrail.io/index.php?/cases/view/22307
C22308,LEGACY-TERSE (not damage),,Other / unlisted,Existing Customer Migration,Steps,FIELD-NEVER-EDITED,n/a (body as originally authored),,,Migration does not duplicate parts,https://shopview.testrail.io/index.php?/cases/view/22308
C22310,LEGACY-TERSE (not damage),,Other / unlisted,Part History with Bin Locations,Steps,FIELD-NEVER-EDITED,n/a (body as originally authored),,,Part Created history shows bin,https://shopview.testrail.io/index.php?/cases/view/22310
C22311,LEGACY-TERSE (not damage),,Other / unlisted,Part History with Bin Locations,Steps,FIELD-NEVER-EDITED,n/a (body as originally authored),,,Part Picked on WO history shows per-bin details,https://shopview.testrail.io/index.php?/cases/view/22311
C22312,LEGACY-TERSE (not damage),,Other / unlisted,Part History with Bin Locations,Steps,FIELD-NEVER-EDITED,n/a (body as originally authored),,,Quantity Increased on WO history shows per-bin details,https://shopview.testrail.io/index.php?/cases/view/22312
C22313,LEGACY-TERSE (not damage),,Other / unlisted,Part History with Bin Locations,Steps,FIELD-NEVER-EDITED,n/a (body as originally authored),,,Part Returned from WO history shows per-bin details,https://shopview.testrail.io/index.php?/cases/view/22313
C22314,LEGACY-TERSE (not damage),,Other / unlisted,Part History with Bin Locations,Steps,FIELD-NEVER-EDITED,n/a (body as originally authored),,,Cycle Count history shows per-bin details,https://shopview.testrail.io/index.php?/cases/view/22314
C22315,LEGACY-TERSE (not damage),,Other / unlisted,Part History with Bin Locations,Steps,FIELD-NEVER-EDITED,n/a (body as originally authored),,,PO Received history shows vendor invoice and bin details,https://shopview.testrail.io/index.php?/cases/view/22315
C22316,LEGACY-TERSE (not damage),,Other / unlisted,Out of Scope,Steps,FIELD-NEVER-EDITED,n/a (body as originally authored),,,Do not test min/max quantity per bin,https://shopview.testrail.io/index.php?/cases/view/22316
C22317,LEGACY-TERSE (not damage),,Other / unlisted,Out of Scope,Steps,FIELD-NEVER-EDITED,n/a (body as originally authored),,,Do not test return part to different bin location beyond specified flows,https://shopview.testrail.io/index.php?/cases/view/22317
C19283,SUSPECT-LOW,LOW,Other / unlisted,View Active Timesheets > Permissions,Preconditions,SEPARATORS-LOST,Vladimir Tomovic (FOREIGN),2026-06-03,markdown,"Timesheet activity  ""New"" button is visible to (Office User)",https://shopview.testrail.io/index.php?/cases/view/19283
C19283,SUSPECT-LOW,LOW,Other / unlisted,View Active Timesheets > Permissions,Expected,SEPARATORS-LOST,Bilal Muzamil (US),2026-07-09,markdown,"Timesheet activity  ""New"" button is visible to (Office User)",https://shopview.testrail.io/index.php?/cases/view/19283
C19284,SUSPECT-LOW,LOW,Other / unlisted,View Active Timesheets > Permissions,Preconditions,SEPARATORS-LOST,Vladimir Tomovic (FOREIGN),2026-06-03,markdown,"""Clock Out"" button is NOT visible without edit permission (Office User)",https://shopview.testrail.io/index.php?/cases/view/19284
C19286,SUSPECT-LOW,LOW,Other / unlisted,View Active Timesheets > Permissions,Preconditions,SEPARATORS-LOST,Vladimir Tomovic (FOREIGN),2026-06-03,markdown,"""Clock Out"" button IS visible for Service Manager on Work Order Timesheets tab",https://shopview.testrail.io/index.php?/cases/view/19286
C29293,SUSPECT-LOW,LOW,Simple Flow,Completion — No-PO / Skip (Story 2),Expected,SEPARATORS-LOST,Vladimir Tomovic (FOREIGN),2026-07-24,markdown,Verify Go to Invoice from the Success screen opens the Finance step where the invoice number is shown,https://shopview.testrail.io/index.php?/cases/view/29293
C29411,SUSPECT-LOW,LOW,Simple Flow,Permissions,Steps,SEPARATORS-LOST,Bilal Muzamil (US),2026-07-10,markdown,Verify review sign-off is governed by the Review Work Orders custom-role permission (not open to all),https://shopview.testrail.io/index.php?/cases/view/29411
C26323,SUSPECT-LOW,LOW,Custom Roles,Roles List Page,Preconditions,SEPARATORS-LOST,Bilal Muzamil (US),2026-07-06,markdown,"The three-dot menu is hidden on the non-editable system roles (Office User, Time Clock User)",https://shopview.testrail.io/index.php?/cases/view/26323
C26323,SUSPECT-LOW,LOW,Custom Roles,Roles List Page,Expected,SEPARATORS-LOST,Bilal Muzamil (US),2026-07-06,markdown,"The three-dot menu is hidden on the non-editable system roles (Office User, Time Clock User)",https://shopview.testrail.io/index.php?/cases/view/26323
C26354,SUSPECT-LOW,LOW,Custom Roles,Delete Role,Expected,SEPARATORS-LOST,Vladimir Tomovic (FOREIGN),2026-07-06,markdown,The assigned-user count is correct when a delete is blocked,https://shopview.testrail.io/index.php?/cases/view/26354
C26387,SUSPECT-LOW,LOW,Custom Roles,Work Orders Permissions,Preconditions,SEPARATORS-LOST,Bilal Muzamil (US),2026-07-09,markdown,The 'Add Customer' button in the New Work Order flow when Customers Create & Edit is OFF,https://shopview.testrail.io/index.php?/cases/view/26387
C27870,SUSPECT-LOW,LOW,Custom Roles,Work Order Lines Permissions,Expected,SEPARATORS-LOST,Bilal Muzamil (US),2026-07-20,markdown,Work order: View allows the user mark a core OK/Not-OK. WO Line: View Allows see the Line Story history,https://shopview.testrail.io/index.php?/cases/view/27870
C26419,SUSPECT-LOW,LOW,Custom Roles,Parts Department Permissions,Preconditions,SEPARATORS-LOST,Vladimir Tomovic (FOREIGN),2026-07-05,markdown,Returning a part to inventory (restocking) is controlled by Vendor and order management,https://shopview.testrail.io/index.php?/cases/view/26419
C26419,SUSPECT-LOW,LOW,Custom Roles,Parts Department Permissions,Expected,SEPARATORS-LOST,Vladimir Tomovic (FOREIGN),2026-07-05,markdown,Returning a part to inventory (restocking) is controlled by Vendor and order management,https://shopview.testrail.io/index.php?/cases/view/26419
C26422,SUSPECT-LOW,LOW,Custom Roles,Invoicing and Payments Permissions,Preconditions,SEPARATORS-LOST,Vladimir Tomovic (FOREIGN),2026-07-04,markdown,Invoicing & payments Delete lets the user delete payments and void transactions (but not reverse invoices),https://shopview.testrail.io/index.php?/cases/view/26422
C26422,SUSPECT-LOW,LOW,Custom Roles,Invoicing and Payments Permissions,Expected,SEPARATORS-LOST,Vladimir Tomovic (FOREIGN),2026-07-04,markdown,Invoicing & payments Delete lets the user delete payments and void transactions (but not reverse invoices),https://shopview.testrail.io/index.php?/cases/view/26422
C26427,ESCAPED-TAG,,Custom Roles,Invoicing and Payments Permissions,Expected,SEPARATORS-LOST,Bilal Muzamil (US),2026-07-20,markdown,The Send to Terminal action needs Invoicing & payments Create & Edit + Customer Portal Enabled,https://shopview.testrail.io/index.php?/cases/view/26427
C26431,SUSPECT-LOW,LOW,Custom Roles,Timesheets Permissions,Preconditions,SEPARATORS-LOST,Bilal Muzamil (US),2026-07-05,markdown,Timesheets Create & Edit lets the user edit entries,https://shopview.testrail.io/index.php?/cases/view/26431
C26431,SUSPECT-LOW,LOW,Custom Roles,Timesheets Permissions,Expected,SEPARATORS-LOST,Bilal Muzamil (US),2026-07-05,markdown,Timesheets Create & Edit lets the user edit entries,https://shopview.testrail.io/index.php?/cases/view/26431
C26459,SUSPECT-LOW,LOW,Custom Roles,View Mode,Expected,SEPARATORS-LOST,Bilal Muzamil (US),2026-07-20,markdown,Tech view: labor rate columns and fields are hidden on work order lines,https://shopview.testrail.io/index.php?/cases/view/26459
C26471,SUSPECT-LOW,LOW,Custom Roles,See Financial Data,Preconditions,SEPARATORS-LOST,Vladimir Tomovic (FOREIGN),2026-07-23,markdown,Ticking Part sales while See Financial Data is OFF asks you to turn See Financial Data on,https://shopview.testrail.io/index.php?/cases/view/26471
C26471,SUSPECT-LOW,LOW,Custom Roles,See Financial Data,Expected,SEPARATORS-LOST,Vladimir Tomovic (FOREIGN),2026-07-23,markdown,Ticking Part sales while See Financial Data is OFF asks you to turn See Financial Data on,https://shopview.testrail.io/index.php?/cases/view/26471
C26488,SUSPECT-LOW,LOW,Custom Roles,View History Logs,Expected,SEPARATORS-LOST,Bilal Muzamil (US),2026-07-20,markdown,View History Logs ON: work order history and line history are visible (work orders only),https://shopview.testrail.io/index.php?/cases/view/26488
C26489,ESCAPED-TAG,,Custom Roles,View History Logs,Expected,ESCAPED-INTRODUCED-BY-EDIT,Bilal Muzamil (US),2026-07-20,markdown,View History Logs OFF: work order history and line history are hidden (work orders only),https://shopview.testrail.io/index.php?/cases/view/26489
C26493,SUSPECT-LOW,LOW,Custom Roles,Staff Page Role Assignment,Expected,SEPARATORS-LOST,Vladimir Tomovic (FOREIGN),2026-07-06,markdown,"If a role change fails, the user keeps their previous role",https://shopview.testrail.io/index.php?/cases/view/26493
C26496,SUSPECT-LOW,LOW,Custom Roles,Per-Role Verification,Preconditions,SEPARATORS-LOST,Bilal Muzamil (US),2026-07-05,markdown,Service Manager: role permissions match the expected set,https://shopview.testrail.io/index.php?/cases/view/26496
C26496,SUSPECT-LOW,LOW,Custom Roles,Per-Role Verification,Expected,SEPARATORS-LOST,Bilal Muzamil (US),2026-07-20,markdown,Service Manager: role permissions match the expected set,https://shopview.testrail.io/index.php?/cases/view/26496
C26497,SUSPECT-LOW,LOW,Custom Roles,Per-Role Verification,Expected,SEPARATORS-LOST,Bilal Muzamil (US),2026-07-20,markdown,Senior Service Advisor: role permissions match the expected set,https://shopview.testrail.io/index.php?/cases/view/26497
C26498,SUSPECT-LOW,LOW,Custom Roles,Per-Role Verification,Preconditions,SEPARATORS-LOST,Bilal Muzamil (US),2026-07-05,markdown,Service Advisor: role permissions match the expected set,https://shopview.testrail.io/index.php?/cases/view/26498
C26498,SUSPECT-LOW,LOW,Custom Roles,Per-Role Verification,Expected,SEPARATORS-LOST,Bilal Muzamil (US),2026-07-20,markdown,Service Advisor: role permissions match the expected set,https://shopview.testrail.io/index.php?/cases/view/26498
C26506,SUSPECT-LOW,LOW,Custom Roles,Per-Role Verification,Preconditions,SEPARATORS-LOST,Bilal Muzamil (US),2026-07-05,markdown,"Customer portal is on by default only for Service Advisor, Senior Service Advisor, Service Manager and Parts Manager (and Administrator)",https://shopview.testrail.io/index.php?/cases/view/26506
C26506,SUSPECT-LOW,LOW,Custom Roles,Per-Role Verification,Expected,SEPARATORS-LOST,Bilal Muzamil (US),2026-07-05,markdown,"Customer portal is on by default only for Service Advisor, Senior Service Advisor, Service Manager and Parts Manager (and Administrator)",https://shopview.testrail.io/index.php?/cases/view/26506
C26550,SUSPECT-LOW,LOW,Custom Roles,Cross-Permission Combinations,Preconditions,SEPARATORS-LOST,Bilal Muzamil (US),2026-07-06,markdown,The last Administrator cannot be left with zero users,https://shopview.testrail.io/index.php?/cases/view/26550
C26550,SUSPECT-LOW,LOW,Custom Roles,Cross-Permission Combinations,Expected,SEPARATORS-LOST,Bilal Muzamil (US),2026-07-06,markdown,The last Administrator cannot be left with zero users,https://shopview.testrail.io/index.php?/cases/view/26550
C26551,SUSPECT-LOW,LOW,Custom Roles,Cross-Permission Combinations,Preconditions,SEPARATORS-LOST,Bilal Muzamil (US),2026-07-06,markdown,Universal clock in/out works even for a user whose role has (almost) no permissions,https://shopview.testrail.io/index.php?/cases/view/26551
C26551,SUSPECT-LOW,LOW,Custom Roles,Cross-Permission Combinations,Expected,SEPARATORS-LOST,Bilal Muzamil (US),2026-07-06,markdown,Universal clock in/out works even for a user whose role has (almost) no permissions,https://shopview.testrail.io/index.php?/cases/view/26551
C27764,SUSPECT-LOW,LOW,Custom Roles,Administrator,Preconditions,SEPARATORS-LOST,Bilal Muzamil (US),2026-07-05,markdown,Verify Administrator can edit and delete another user's work order note,https://shopview.testrail.io/index.php?/cases/view/27764
C27764,SUSPECT-LOW,LOW,Custom Roles,Administrator,Steps,SEPARATORS-LOST,Bilal Muzamil (US),2026-07-05,markdown,Verify Administrator can edit and delete another user's work order note,https://shopview.testrail.io/index.php?/cases/view/27764
C27777,SUSPECT-LOW,LOW,Custom Roles,Service Manager,Preconditions,SEPARATORS-LOST,Bilal Muzamil (US),2026-07-05,markdown,Verify Service Manager can create and edit any work order note,https://shopview.testrail.io/index.php?/cases/view/27777
C27777,SUSPECT-LOW,LOW,Custom Roles,Service Manager,Steps,SEPARATORS-LOST,Bilal Muzamil (US),2026-07-05,markdown,Verify Service Manager can create and edit any work order note,https://shopview.testrail.io/index.php?/cases/view/27777
C27778,SUSPECT-LOW,LOW,Custom Roles,Service Manager,Preconditions,SEPARATORS-LOST,Bilal Muzamil (US),2026-07-05,markdown,Verify Service Manager can edit and delete another user's work order note,https://shopview.testrail.io/index.php?/cases/view/27778
C27778,SUSPECT-LOW,LOW,Custom Roles,Service Manager,Steps,SEPARATORS-LOST,Bilal Muzamil (US),2026-07-05,markdown,Verify Service Manager can edit and delete another user's work order note,https://shopview.testrail.io/index.php?/cases/view/27778
C27790,SUSPECT-LOW,LOW,Custom Roles,Senior Service Advisor,Preconditions,SEPARATORS-LOST,Bilal Muzamil (US),2026-07-05,markdown,Verify Senior Service Advisor can edit and delete another user's work order note,https://shopview.testrail.io/index.php?/cases/view/27790
C27790,SUSPECT-LOW,LOW,Custom Roles,Senior Service Advisor,Steps,SEPARATORS-LOST,Bilal Muzamil (US),2026-07-05,markdown,Verify Senior Service Advisor can edit and delete another user's work order note,https://shopview.testrail.io/index.php?/cases/view/27790
C27802,SUSPECT-LOW,LOW,Custom Roles,Service Advisor,Preconditions,SEPARATORS-LOST,Bilal Muzamil (US),2026-07-05,markdown,Verify Service Advisor can create and edit any work order note,https://shopview.testrail.io/index.php?/cases/view/27802
C27802,SUSPECT-LOW,LOW,Custom Roles,Service Advisor,Steps,SEPARATORS-LOST,Bilal Muzamil (US),2026-07-05,markdown,Verify Service Advisor can create and edit any work order note,https://shopview.testrail.io/index.php?/cases/view/27802
C27803,SUSPECT-LOW,LOW,Custom Roles,Service Advisor,Preconditions,SEPARATORS-LOST,Bilal Muzamil (US),2026-07-05,markdown,Verify Service Advisor can edit but cannot delete another user's work order note,https://shopview.testrail.io/index.php?/cases/view/27803
C27803,SUSPECT-LOW,LOW,Custom Roles,Service Advisor,Steps,SEPARATORS-LOST,Bilal Muzamil (US),2026-07-05,markdown,Verify Service Advisor can edit but cannot delete another user's work order note,https://shopview.testrail.io/index.php?/cases/view/27803
C27827,SUSPECT-LOW,LOW,Custom Roles,Technician,Preconditions,SEPARATORS-LOST,Bilal Muzamil (US),2026-07-05,markdown,Verify Technician can create and edit any work order note,https://shopview.testrail.io/index.php?/cases/view/27827
C27827,SUSPECT-LOW,LOW,Custom Roles,Technician,Steps,SEPARATORS-LOST,Bilal Muzamil (US),2026-07-05,markdown,Verify Technician can create and edit any work order note,https://shopview.testrail.io/index.php?/cases/view/27827
C27828,SUSPECT-LOW,LOW,Custom Roles,Technician,Preconditions,SEPARATORS-LOST,Bilal Muzamil (US),2026-07-05,markdown,Verify Technician can edit but cannot delete another user's work order note,https://shopview.testrail.io/index.php?/cases/view/27828
C27828,SUSPECT-LOW,LOW,Custom Roles,Technician,Steps,SEPARATORS-LOST,Bilal Muzamil (US),2026-07-05,markdown,Verify Technician can edit but cannot delete another user's work order note,https://shopview.testrail.io/index.php?/cases/view/27828
C27853,SUSPECT-LOW,LOW,Custom Roles,Office,Preconditions,SEPARATORS-LOST,Bilal Muzamil (US),2026-07-05,markdown,Verify Office can create and edit any work order note,https://shopview.testrail.io/index.php?/cases/view/27853
C27853,SUSPECT-LOW,LOW,Custom Roles,Office,Steps,SEPARATORS-LOST,Bilal Muzamil (US),2026-07-05,markdown,Verify Office can create and edit any work order note,https://shopview.testrail.io/index.php?/cases/view/27853
C27854,SUSPECT-LOW,LOW,Custom Roles,Office,Preconditions,SEPARATORS-LOST,Bilal Muzamil (US),2026-07-05,markdown,Verify Office can edit but cannot delete another user's work order note,https://shopview.testrail.io/index.php?/cases/view/27854
C27854,SUSPECT-LOW,LOW,Custom Roles,Office,Steps,SEPARATORS-LOST,Bilal Muzamil (US),2026-07-05,markdown,Verify Office can edit but cannot delete another user's work order note,https://shopview.testrail.io/index.php?/cases/view/27854
C29458,SUSPECT-LOW,LOW,Custom Roles,API — Time Clock Role Enforcement (SV-7388),Expected,SEPARATORS-LOST,Bilal Muzamil (US),2026-07-20,markdown,BUG: Time Clock user CAN read Taxes / Finance data via API,https://shopview.testrail.io/index.php?/cases/view/29458
C29460,SUSPECT-LOW,LOW,Custom Roles,API — Time Clock Role Enforcement (SV-7388),Expected,SEPARATORS-LOST,Bilal Muzamil (US),2026-07-20,markdown,Time Clock user Work Order create via API is not gated with 403 (backend does not enforce — accepted by PO),https://shopview.testrail.io/index.php?/cases/view/29460
C28436,SUSPECT-LOW,LOW,Fees & Discounts,Work Order — Whole-WO Fee/Discount,Steps,SEPARATORS-LOST,Bilal Muzamil (US),2026-07-23,markdown,Verify the whole-work-order 'Add Work Order Fee / Discount' option is hidden without Work Orders: Create & Edit,https://shopview.testrail.io/index.php?/cases/view/28436
C28437,SUSPECT-LOW,LOW,Fees & Discounts,Work Order — Whole-WO Fee/Discount,Expected,SEPARATORS-LOST,Bilal Muzamil (US),2026-07-23,markdown,Verify the preview shows the empty-amount prompt before an amount is entered,https://shopview.testrail.io/index.php?/cases/view/28437
C28493,SUSPECT-LOW,LOW,Fees & Discounts,Customer defaults → new work order,Preconditions,SEPARATORS-LOST,Bilal Muzamil (US),2026-07-21,markdown,Verify a customer default is added as its own fee/discount on every new work order,https://shopview.testrail.io/index.php?/cases/view/28493
C28496,SUSPECT-LOW,LOW,Fees & Discounts,Customer defaults lifecycle,Preconditions,SEPARATORS-LOST,Bilal Muzamil (US),2026-07-21,markdown,Verify deleting a template that is a customer default drops the default link but keeps existing work-order fees/discounts,https://shopview.testrail.io/index.php?/cases/view/28496
C28497,SUSPECT-LOW,LOW,Fees & Discounts,Customer defaults lifecycle,Preconditions,SEPARATORS-LOST,Bilal Muzamil (US),2026-07-21,markdown,Verify deleting a customer removes that customer's default links,https://shopview.testrail.io/index.php?/cases/view/28497
C28502,SUSPECT-LOW,LOW,Fees & Discounts,Template admin — location,Preconditions,SEPARATORS-LOST,Bilal Muzamil (US),2026-07-21,markdown,Verify the fee/discount template library is at Administration → Service → Fees & Discounts (below Canned Lines),https://shopview.testrail.io/index.php?/cases/view/28502
C28503,SUSPECT-LOW,LOW,Fees & Discounts,Template admin — list,Preconditions,SEPARATORS-LOST,Bilal Muzamil (US),2026-07-21,markdown,Verify the template list columns and the edit/delete actions,https://shopview.testrail.io/index.php?/cases/view/28503
C28513,SUSPECT-LOW,LOW,Fees & Discounts,Template admin — list,Preconditions,SEPARATORS-LOST,Bilal Muzamil (US),2026-07-21,markdown,Verify the template list empty-state message,https://shopview.testrail.io/index.php?/cases/view/28513
C28513,SUSPECT-LOW,LOW,Fees & Discounts,Template admin — list,Expected,SEPARATORS-LOST,Bilal Muzamil (US),2026-07-21,markdown,Verify the template list empty-state message,https://shopview.testrail.io/index.php?/cases/view/28513
C28504,SUSPECT-LOW,LOW,Fees & Discounts,Template admin — create,Preconditions,SEPARATORS-LOST,Bilal Muzamil (US),2026-07-21,markdown,Verify creating a Fee template (dialog fields and the Create button),https://shopview.testrail.io/index.php?/cases/view/28504
C28505,SUSPECT-LOW,LOW,Fees & Discounts,Template admin — create,Preconditions,SEPARATORS-LOST,Bilal Muzamil (US),2026-07-21,markdown,Verify creating a Discount template,https://shopview.testrail.io/index.php?/cases/view/28505
C28506,SUSPECT-LOW,LOW,Fees & Discounts,Template admin — auto-apply,Preconditions,SEPARATORS-LOST,Bilal Muzamil (US),2026-07-21,markdown,Verify the 'Auto-apply to all new work orders at this location' checkbox adds the template to every new work order at that location,https://shopview.testrail.io/index.php?/cases/view/28506
C28510,SUSPECT-LOW,LOW,Fees & Discounts,Template admin — delete,Preconditions,SEPARATORS-LOST,Bilal Muzamil (US),2026-07-21,markdown,Verify deleting a template leaves work-order fees/discounts made from it unchanged,https://shopview.testrail.io/index.php?/cases/view/28510
C28512,SUSPECT-LOW,LOW,Fees & Discounts,Template admin — dialog fields,Preconditions,SEPARATORS-LOST,Bilal Muzamil (US),2026-07-14,markdown,Verify Max Amount shows only for percentage methods and how 0 behaves,https://shopview.testrail.io/index.php?/cases/view/28512
C28517,SUSPECT-LOW,LOW,Fees & Discounts,Template admin — permissions,Preconditions,SEPARATORS-LOST,Bilal Muzamil (US),2026-07-21,markdown,Verify the admin Fees & Discounts page needs the Settings → Service permission,https://shopview.testrail.io/index.php?/cases/view/28517
C28517,SUSPECT-LOW,LOW,Fees & Discounts,Template admin — permissions,Expected,SEPARATORS-LOST,Bilal Muzamil (US),2026-07-21,markdown,Verify the admin Fees & Discounts page needs the Settings → Service permission,https://shopview.testrail.io/index.php?/cases/view/28517
C28522,SUSPECT-LOW,LOW,Fees & Discounts,Processing Fee — taxable + jurisdiction note,Preconditions,SEPARATORS-LOST,Bilal Muzamil (US),2026-07-17,markdown,Verify the Processing Fee Taxable defaults to Yes and shows the tax-jurisdiction note,https://shopview.testrail.io/index.php?/cases/view/28522
C28524,SUSPECT-LOW,LOW,Fees & Discounts,Processing Fee — auto-apply,Preconditions,SEPARATORS-LOST,Bilal Muzamil (US),2026-07-21,markdown,Verify a Processing Fee reaches a new work order via location auto-apply,https://shopview.testrail.io/index.php?/cases/view/28524
C28525,SUSPECT-LOW,LOW,Fees & Discounts,Processing Fee — customer default,Preconditions,SEPARATORS-LOST,Bilal Muzamil (US),2026-07-21,markdown,Verify a Processing Fee reaches a new work order via a customer default,https://shopview.testrail.io/index.php?/cases/view/28525
C28526,SUSPECT-LOW,LOW,Fees & Discounts,Processing Fee — WO behavior,Preconditions,SEPARATORS-LOST,Bilal Muzamil (US),2026-07-21,markdown,Verify a Processing Fee on a work order can be removed but not edited,https://shopview.testrail.io/index.php?/cases/view/28526
C28532,SUSPECT-LOW,LOW,Fees & Discounts,Processing Fee — negative,Preconditions,SEPARATORS-LOST,Bilal Muzamil (US),2026-07-14,markdown,Verify the system rejects a Processing Fee that carries a minimum amount,https://shopview.testrail.io/index.php?/cases/view/28532
C28532,SUSPECT-LOW,LOW,Fees & Discounts,Processing Fee — negative,Steps,SEPARATORS-LOST,Bilal Muzamil (US),2026-07-14,markdown,Verify the system rejects a Processing Fee that carries a minimum amount,https://shopview.testrail.io/index.php?/cases/view/28532
C28542,SUSPECT-LOW,LOW,Fees & Discounts,Customer document — line-level $0 target,Preconditions,SEPARATORS-LOST,Bilal Muzamil (US),2026-07-09,markdown,Verify a line-level adjustment on a not-billable (declined) line resolves to $0.00 but still shows,https://shopview.testrail.io/index.php?/cases/view/28542
C28557,SUSPECT-LOW,LOW,Fees & Discounts,QuickBooks — negative totals,Preconditions,SEPARATORS-LOST,Bilal Muzamil (US),2026-07-14,markdown,Verify a mandatory warning/confirmation before saving when discounts are bigger than the net subtotal,https://shopview.testrail.io/index.php?/cases/view/28557
C28560,SUSPECT-LOW,LOW,Fees & Discounts,Audit log,Preconditions,SEPARATORS-LOST,Bilal Muzamil (US),2026-07-17,markdown,Verify one audit-log entry per add/edit/remove with the correct bold event labels,https://shopview.testrail.io/index.php?/cases/view/28560
C28561,SUSPECT-LOW,LOW,Fees & Discounts,Audit log,Preconditions,SEPARATORS-LOST,Bilal Muzamil (US),2026-07-17,markdown,"Verify the audit-log Details show Name, Amount (the set rate) and what it was applied to",https://shopview.testrail.io/index.php?/cases/view/28561
C28562,SUSPECT-LOW,LOW,Fees & Discounts,Audit log,Preconditions,SEPARATORS-LOST,Bilal Muzamil (US),2026-07-17,markdown,Verify the Line column and saved-state icon on a fee/discount audit-log entry,https://shopview.testrail.io/index.php?/cases/view/28562
C28591,SUSPECT-LOW,LOW,Fees & Discounts,Permissions (Story 13),Preconditions,SEPARATORS-LOST,Bilal Muzamil (US),2026-07-21,markdown,Verify create/edit/delete of a fee/discount template needs Settings → Service,https://shopview.testrail.io/index.php?/cases/view/28591
C28501,SUSPECT-LOW,LOW,Fees & Discounts,API — Customer Fees & Discounts tab — negative,Preconditions,SEPARATORS-LOST,Bilal Muzamil (US),2026-07-09,markdown,Verify an add/remove/load failure on customer defaults shows the standard error notification,https://shopview.testrail.io/index.php?/cases/view/28501
C28528,SUSPECT-LOW,LOW,Fees & Discounts,API — Processing Fee — negative,Preconditions,SEPARATORS-LOST,Bilal Muzamil (US),2026-07-09,markdown,Verify a Processing Fee with a Max Amount or a disallowed method is rejected,https://shopview.testrail.io/index.php?/cases/view/28528
C29558,SUSPECT-LOW,LOW,Filters,Filter Bar Layout and Visibility,Expected,SEPARATORS-LOST,Ahtasham Amjad (FOREIGN),2026-08-06,markdown,"Work Orders shows three filter chips: Status, Assigned to me, Asset on Site",https://shopview.testrail.io/index.php?/cases/view/29558
C29560,SUSPECT-LOW,LOW,Filters,Status Filter,Expected,SEPARATORS-LOST,Vladimir Tomovic (FOREIGN),2026-08-06,markdown,Status chip opens a checkbox list of all nine statuses plus Clear selection,https://shopview.testrail.io/index.php?/cases/view/29560
C29600,SUSPECT-LOW,LOW,Filters,Active Filter Chips and Clear Filters,Preconditions,SEPARATORS-LOST,Vladimir Tomovic (FOREIGN),2026-08-08,markdown,Status and Asset on Site together show only work orders matching both,https://shopview.testrail.io/index.php?/cases/view/29600
C29600,SUSPECT-LOW,LOW,Filters,Active Filter Chips and Clear Filters,Expected,SEPARATORS-LOST,Vladimir Tomovic (FOREIGN),2026-08-08,markdown,Status and Asset on Site together show only work orders matching both,https://shopview.testrail.io/index.php?/cases/view/29600
C29603,SUSPECT-LOW,LOW,Filters,Collapse and Expand,Steps,SEPARATORS-LOST,Bilal Muzamil (US),2026-08-17,markdown,"There is no collapsed-state indicator, because the chips are always shown",https://shopview.testrail.io/index.php?/cases/view/29603
C43590,SUSPECT-LOW,LOW,Filters,Collapse and Expand,Steps,SEPARATORS-LOST,Bilal Muzamil (US),2026-08-17,markdown,No collapse control exists even on a page that has only one filter,https://shopview.testrail.io/index.php?/cases/view/43590
C43845,SUSPECT-LOW,LOW,Filters,Tab Behaviour,Preconditions,SEPARATORS-LOST,Ahtasham Amjad (FOREIGN),2026-08-24,markdown,"The Work Orders tab pre-filters to Approved, In Progress and Review",https://shopview.testrail.io/index.php?/cases/view/43845
C43845,SUSPECT-LOW,LOW,Filters,Tab Behaviour,Steps,SEPARATORS-LOST,Ahtasham Amjad (FOREIGN),2026-08-24,markdown,"The Work Orders tab pre-filters to Approved, In Progress and Review",https://shopview.testrail.io/index.php?/cases/view/43845
C38881,SUSPECT-LOW,LOW,Filters,Persistence,Preconditions,SEPARATORS-LOST,Bilal Muzamil (US),2026-08-05,markdown,Filters saved before the redesign carry over after the update,https://shopview.testrail.io/index.php?/cases/view/38881
C30102,SUSPECT-LOW,LOW,Report Suite,SBC — Date Range Filter,Preconditions,SEPARATORS-LOST,Bilal Muzamil (US),2026-07-30,markdown,"Date range picker offers nine periods in the specified order, no All Time",https://shopview.testrail.io/index.php?/cases/view/30102
C30104,SUSPECT-LOW,LOW,Report Suite,SBC — Date Range Filter,Preconditions,SEPARATORS-LOST,Bilal Muzamil (US),2026-08-20,markdown,Building a custom range on the calendar cannot exceed a 366-day span,https://shopview.testrail.io/index.php?/cases/view/30104
C30109,SUSPECT-LOW,LOW,Report Suite,SBC — Location Filter,Preconditions,SEPARATORS-LOST,Bilal Muzamil (US),2026-07-30,markdown,"Location filter: rightmost, lists accessible locations, All locations on top",https://shopview.testrail.io/index.php?/cases/view/30109
C30112,SUSPECT-LOW,LOW,Report Suite,SBC — Customer Filter,Preconditions,SEPARATORS-LOST,Bilal Muzamil (US),2026-07-30,markdown,"Customer filter sits between Product Type and Location, carries a search icon",https://shopview.testrail.io/index.php?/cases/view/30112
C30117,SUSPECT-LOW,LOW,Report Suite,SBC — Customer Filter,Preconditions,SEPARATORS-LOST,Bilal Muzamil (US),2026-08-18,markdown,Changing the customer selection narrows the table and refreshes the totals,https://shopview.testrail.io/index.php?/cases/view/30117
C30125,SUSPECT-LOW,LOW,Report Suite,SBC — Tree & Rows,Preconditions,SEPARATORS-LOST,Bilal Muzamil (US),2026-08-20,markdown,Invoices group into one asset row per vehicle record,https://shopview.testrail.io/index.php?/cases/view/30125
C30126,SUSPECT-LOW,LOW,Report Suite,SBC — Tree & Rows,Preconditions,SEPARATORS-LOST,Bilal Muzamil (US),2026-08-20,markdown,Asset rows order A to Z with the Parts Sales bucket always last,https://shopview.testrail.io/index.php?/cases/view/30126
C30128,SUSPECT-LOW,LOW,Report Suite,SBC — Tree & Rows,Preconditions,SEPARATORS-LOST,Bilal Muzamil (US),2026-08-20,markdown,Header-row chevron expands or collapses every customer on the current page,https://shopview.testrail.io/index.php?/cases/view/30128
C30130,SUSPECT-LOW,LOW,Report Suite,SBC — Tree & Rows,Preconditions,SEPARATORS-LOST,Bilal Muzamil (US),2026-08-18,markdown,Edge: a single-invoice asset can still be expanded,https://shopview.testrail.io/index.php?/cases/view/30130
C30131,SUSPECT-LOW,LOW,Report Suite,SBC — Tree & Rows,Preconditions,SEPARATORS-LOST,Bilal Muzamil (US),2026-08-20,markdown,A service (S) invoice with no vehicle also lands in the Parts Sales bucket,https://shopview.testrail.io/index.php?/cases/view/30131
C30132,SUSPECT-LOW,LOW,Report Suite,SBC — Tree & Rows,Preconditions,SEPARATORS-LOST,Bilal Muzamil (US),2026-08-19,markdown,Reversed and voided invoices are excluded from every row; count and total,https://shopview.testrail.io/index.php?/cases/view/30132
C30133,SUSPECT-HIGH,HIGH,Report Suite,SBC — Tree & Rows,Expected,SEPARATORS-LOST,Bilal Muzamil (US),2026-08-19,markdown,Every row type renders the same columns in the same order,https://shopview.testrail.io/index.php?/cases/view/30133
C30134,SUSPECT-LOW,LOW,Report Suite,SBC — Asset Labels,Preconditions,SEPARATORS-LOST,Bilal Muzamil (US),2026-07-29,markdown,"Asset identified by VIN, falling back to Unit #, then plate",https://shopview.testrail.io/index.php?/cases/view/30134
C30134,SUSPECT-LOW,LOW,Report Suite,SBC — Asset Labels,Steps,SEPARATORS-LOST,Bilal Muzamil (US),2026-07-29,markdown,"Asset identified by VIN, falling back to Unit #, then plate",https://shopview.testrail.io/index.php?/cases/view/30134
C30137,SUSPECT-LOW,LOW,Report Suite,SBC — Asset Labels,Preconditions,SEPARATORS-LOST,Bilal Muzamil (US),2026-08-19,markdown,Duplicate asset labels get stable (#1)/(#2) suffixes that survive reloads,https://shopview.testrail.io/index.php?/cases/view/30137
C30138,SUSPECT-LOW,LOW,Report Suite,SBC — Invoice Links & Navigation,Preconditions,SEPARATORS-LOST,Bilal Muzamil (US),2026-07-30,markdown,The invoice number opens the invoice in the same browser tab,https://shopview.testrail.io/index.php?/cases/view/30138
C30140,SUSPECT-LOW,LOW,Report Suite,SBC — Invoice Links & Navigation,Preconditions,SEPARATORS-LOST,Bilal Muzamil (US),2026-08-20,markdown,Customer name is plain text; the invoice link never turns visited-purple,https://shopview.testrail.io/index.php?/cases/view/30140
C30145,SUSPECT-LOW,LOW,Report Suite,SBC — Sorting,Preconditions,SEPARATORS-LOST,Bilal Muzamil (US),2026-08-20,markdown,Sorting by Date orders customers by their most recent invoice date,https://shopview.testrail.io/index.php?/cases/view/30145
C30149,SUSPECT-LOW,LOW,Report Suite,SBC — Totals & Calculations,Preconditions,SEPARATORS-LOST,Bilal Muzamil (US),2026-07-30,markdown,Financial columns run in the specified order with Subtotal and Margin rules,https://shopview.testrail.io/index.php?/cases/view/30149
C30150,SUSPECT-LOW,LOW,Report Suite,SBC — Totals & Calculations,Preconditions,SEPARATORS-LOST,Bilal Muzamil (US),2026-08-20,markdown,Margin % is Margin over Subtotal to one decimal; em dash when Subtotal <= 0,https://shopview.testrail.io/index.php?/cases/view/30150
C30153,SUSPECT-LOW,LOW,Report Suite,SBC — Totals & Calculations,Preconditions,SEPARATORS-LOST,Bilal Muzamil (US),2026-08-20,markdown,Invoice subtotals sum to their asset row and asset subtotals to the customer,https://shopview.testrail.io/index.php?/cases/view/30153
C30156,SUSPECT-LOW,LOW,Report Suite,SBC — Column Selector,Preconditions,SEPARATORS-LOST,Bilal Muzamil (US),2026-07-30,markdown,Column selector is its own toolbar button with ten toggles all on,https://shopview.testrail.io/index.php?/cases/view/30156
C30159,SUSPECT-LOW,LOW,Report Suite,SBC — Exports,Preconditions,SEPARATORS-LOST,Bilal Muzamil (US),2026-07-29,markdown,The overflow menu holds exactly the four download items - no Print,https://shopview.testrail.io/index.php?/cases/view/30159
C30162,SUSPECT-HIGH,HIGH,Report Suite,SBC — Exports,Expected,SEPARATORS-LOST,Bilal Muzamil (US),2026-08-20,markdown,CSV formats: Margin % plain; dates mm-dd-yyyy; currency plain; no color,https://shopview.testrail.io/index.php?/cases/view/30162
C30166,SUSPECT-LOW,LOW,Report Suite,SBC — Exports,Preconditions,SEPARATORS-LOST,Bilal Muzamil (US),2026-08-18,markdown,"PDF page: A4 landscape, uniform margins, ShopView footer and page numbers",https://shopview.testrail.io/index.php?/cases/view/30166
C30168,SUSPECT-LOW,LOW,Report Suite,SBC — Exports,Preconditions,SEPARATORS-LOST,Bilal Muzamil (US),2026-08-18,markdown,"PDF logo is embedded, scales without distortion",https://shopview.testrail.io/index.php?/cases/view/30168
C30174,SUSPECT-LOW,LOW,Report Suite,SBC — Saved View & Persistence,Preconditions,SEPARATORS-LOST,Bilal Muzamil (US),2026-07-30,markdown,Filters; sort and visible columns are restored on the next visit,https://shopview.testrail.io/index.php?/cases/view/30174
C30181,SUSPECT-HIGH,HIGH,Report Suite,SBC — Empty & Edge States,Preconditions,SEPARATORS-LOST,Bilal Muzamil (US),2026-07-29,markdown,Empty state shows in the table body; toolbar interactive; kept selection returns,https://shopview.testrail.io/index.php?/cases/view/30181
C30185,SUSPECT-LOW,LOW,Report Suite,SBC — Visual Conformance,Preconditions,SEPARATORS-LOST,Bilal Muzamil (US),2026-07-30,markdown,Page and toolbar match the suite theme in padding; surface and alignment,https://shopview.testrail.io/index.php?/cases/view/30185
C30187,SUSPECT-LOW,LOW,Report Suite,SBC — Visual Conformance,Preconditions,SEPARATORS-LOST,Bilal Muzamil (US),2026-08-20,markdown,Dark mode darkens every surface while the PDF always renders light,https://shopview.testrail.io/index.php?/cases/view/30187
C30188,SUSPECT-LOW,LOW,Report Suite,SBC — Mobile,Preconditions,SEPARATORS-LOST,Bilal Muzamil (US),2026-07-30,markdown,On a phone every toolbar control works on touch; the toolbar splits in two,https://shopview.testrail.io/index.php?/cases/view/30188
C30189,SUSPECT-LOW,LOW,Report Suite,SBC — Mobile,Preconditions,SEPARATORS-LOST,Bilal Muzamil (US),2026-08-20,markdown,On touch the table scrolls sideways with Subtotal pinned and chevrons work,https://shopview.testrail.io/index.php?/cases/view/30189
C30190,SUSPECT-HIGH,HIGH,Report Suite,SBC — API,Preconditions,SEPARATORS-LOST,Bilal Muzamil (US),2026-07-30,markdown,Asset and invoice rows are fetched on first expand; one call per customer,https://shopview.testrail.io/index.php?/cases/view/30190
C30198,SUSPECT-LOW,LOW,Report Suite,SBR — Permissions,Steps,SEPARATORS-LOST,Bilal Muzamil (US),2026-08-20,markdown,Sales By Representative is visible to anyone who sees another Performance report,https://shopview.testrail.io/index.php?/cases/view/30198
C30200,SUSPECT-LOW,LOW,Report Suite,SBR — Permissions,Preconditions,SEPARATORS-LOST,Bilal Muzamil (US),2026-08-20,markdown,Without staff-administration access the deactivation flow is unreachable,https://shopview.testrail.io/index.php?/cases/view/30200
C30200,SUSPECT-LOW,LOW,Report Suite,SBR — Permissions,Steps,SEPARATORS-LOST,Bilal Muzamil (US),2026-08-20,markdown,Without staff-administration access the deactivation flow is unreachable,https://shopview.testrail.io/index.php?/cases/view/30200
C30201,SUSPECT-LOW,LOW,Report Suite,SBR — Date Range Filter,Preconditions,SEPARATORS-LOST,Bilal Muzamil (US),2026-08-20,markdown,Date range picker is in the toolbar and offers the standard presets plus Custom,https://shopview.testrail.io/index.php?/cases/view/30201
C30202,SUSPECT-LOW,LOW,Report Suite,SBR — Date Range Filter,Preconditions,SEPARATORS-LOST,Bilal Muzamil (US),2026-08-20,markdown,A Custom range uses the date-picker and holds a 366-day maximum span,https://shopview.testrail.io/index.php?/cases/view/30202
C30204,SUSPECT-LOW,LOW,Report Suite,SBR — Date Range Filter,Preconditions,SEPARATORS-LOST,Bilal Muzamil (US),2026-08-20,markdown,An invoice sits in the range by its own invoice date; endpoints included,https://shopview.testrail.io/index.php?/cases/view/30204
C30212,SUSPECT-LOW,LOW,Report Suite,SBR — Invoice Status Filter,Preconditions,SEPARATORS-LOST,Bilal Muzamil (US),2026-08-20,markdown,"Money columns always show invoiced amounts, never the outstanding balance",https://shopview.testrail.io/index.php?/cases/view/30212
C30212,SUSPECT-LOW,LOW,Report Suite,SBR — Invoice Status Filter,Steps,SEPARATORS-LOST,Bilal Muzamil (US),2026-08-20,markdown,"Money columns always show invoiced amounts, never the outstanding balance",https://shopview.testrail.io/index.php?/cases/view/30212
C30216,SUSPECT-LOW,LOW,Report Suite,SBR — Location Filter,Preconditions,SEPARATORS-LOST,Bilal Muzamil (US),2026-08-20,markdown,Sales By Representative: Location filter hidden for a one-location user,https://shopview.testrail.io/index.php?/cases/view/30216
C30222,SUSPECT-LOW,LOW,Report Suite,SBR — Rep Rows & Tree,Preconditions,SEPARATORS-LOST,Bilal Muzamil (US),2026-08-20,markdown,The header chevron expands every visible rep and its glyph tracks state,https://shopview.testrail.io/index.php?/cases/view/30222
C30223,SUSPECT-LOW,LOW,Report Suite,SBR — Rep Rows & Tree,Preconditions,SEPARATORS-LOST,Bilal Muzamil (US),2026-08-20,markdown,Each invoice appears under exactly one rep or the Unassigned row,https://shopview.testrail.io/index.php?/cases/view/30223
C30224,SUSPECT-LOW,LOW,Report Suite,SBR — Rep Rows & Tree,Preconditions,SEPARATORS-LOST,Bilal Muzamil (US),2026-08-20,markdown,"Expansion survives filter and sort changes within the session, resets on reload",https://shopview.testrail.io/index.php?/cases/view/30224
C30242,SUSPECT-LOW,LOW,Report Suite,SBR — Sorting,Preconditions,SEPARATORS-LOST,Bilal Muzamil (US),2026-08-20,markdown,"Default order is plain A to Z by display name, case-insensitive",https://shopview.testrail.io/index.php?/cases/view/30242
C30242,SUSPECT-LOW,LOW,Report Suite,SBR — Sorting,Steps,SEPARATORS-LOST,Bilal Muzamil (US),2026-08-20,markdown,"Default order is plain A to Z by display name, case-insensitive",https://shopview.testrail.io/index.php?/cases/view/30242
C30243,SUSPECT-LOW,LOW,Report Suite,SBR — Sorting,Preconditions,SEPARATORS-LOST,Bilal Muzamil (US),2026-08-20,markdown,First header click sorts ascending; second descending; no third state,https://shopview.testrail.io/index.php?/cases/view/30243
C30244,SUSPECT-LOW,LOW,Report Suite,SBR — Sorting,Preconditions,SEPARATORS-LOST,Bilal Muzamil (US),2026-08-20,markdown,Sorting reorders rep rows only; Unassigned stays pinned on top,https://shopview.testrail.io/index.php?/cases/view/30244
C30245,SUSPECT-LOW,LOW,Report Suite,SBR — Sorting,Preconditions,SEPARATORS-LOST,Bilal Muzamil (US),2026-08-20,markdown,Ties keep the A to Z order and an em-dash Margin % sorts as zero,https://shopview.testrail.io/index.php?/cases/view/30245
C30249,SUSPECT-LOW,LOW,Report Suite,SBR — Links & Navigation,Preconditions,SEPARATORS-LOST,Bilal Muzamil (US),2026-08-20,markdown,Browser back from a drilldown restores expansion and scroll; no reload,https://shopview.testrail.io/index.php?/cases/view/30249
C30250,SUSPECT-LOW,LOW,Report Suite,SBR — Links & Navigation,Preconditions,SEPARATORS-LOST,Bilal Muzamil (US),2026-08-20,markdown,Invoice links use theme-primary; customer links use the body color,https://shopview.testrail.io/index.php?/cases/view/30250
C30251,SUSPECT-LOW,LOW,Report Suite,SBR — Links & Navigation,Preconditions,SEPARATORS-LOST,Bilal Muzamil (US),2026-08-20,markdown,An unavailable link destination shows the standard not-found state,https://shopview.testrail.io/index.php?/cases/view/30251
C30253,SUSPECT-LOW,LOW,Report Suite,SBR — Staff Deactivation,Preconditions,SEPARATORS-LOST,Bilal Muzamil (US),2026-08-20,markdown,"Deactivate dialog: counted pluralized headline, reassurance, focus trap",https://shopview.testrail.io/index.php?/cases/view/30253
C30254,SUSPECT-LOW,LOW,Report Suite,SBR — Staff Deactivation,Preconditions,SEPARATORS-LOST,Bilal Muzamil (US),2026-08-20,markdown,Type-YES gate: auto-focus; case-insensitive match; Enter submits,https://shopview.testrail.io/index.php?/cases/view/30254
C30257,SUSPECT-LOW,LOW,Report Suite,SBR — Staff Deactivation,Preconditions,SEPARATORS-LOST,Bilal Muzamil (US),2026-08-20,markdown,"After deactivation: toggle unchanged, CSV shows No, report credit intact",https://shopview.testrail.io/index.php?/cases/view/30257
C30258,SUSPECT-LOW,LOW,Report Suite,SBR — Staff Deactivation,Preconditions,SEPARATORS-LOST,Bilal Muzamil (US),2026-08-20,markdown,"No dialog: toggle off, no assignments, already inactive, or reactivation",https://shopview.testrail.io/index.php?/cases/view/30258
C30259,SUSPECT-LOW,LOW,Report Suite,SBR — Staff Deactivation,Preconditions,SEPARATORS-LOST,Bilal Muzamil (US),2026-08-20,markdown,A deactivation failure shows the error toast and leaves the status alone,https://shopview.testrail.io/index.php?/cases/view/30259
C30261,SUSPECT-LOW,LOW,Report Suite,SBR — Show Unassigned,Preconditions,SEPARATORS-LOST,Bilal Muzamil (US),2026-08-20,markdown,"Show Unassigned sits between the column selector and the date picker, off",https://shopview.testrail.io/index.php?/cases/view/30261
C30268,SUSPECT-LOW,LOW,Report Suite,SBR — Column Selector,Preconditions,SEPARATORS-LOST,Bilal Muzamil (US),2026-08-20,markdown,Column visibility never affects the exports,https://shopview.testrail.io/index.php?/cases/view/30268
C30269,SUSPECT-LOW,LOW,Report Suite,SBR — Column Selector,Preconditions,SEPARATORS-LOST,Bilal Muzamil (US),2026-08-20,markdown,Hiding the active sort column keeps the sort,https://shopview.testrail.io/index.php?/cases/view/30269
C30280,SUSPECT-LOW,LOW,Report Suite,SBR — Exports,Preconditions,SEPARATORS-LOST,Bilal Muzamil (US),2026-08-20,markdown,Expanded View PDF truncates invoice numbers longer than 18 characters,https://shopview.testrail.io/index.php?/cases/view/30280
C30282,SUSPECT-LOW,LOW,Report Suite,SBR — Exports,Preconditions,SEPARATORS-LOST,Bilal Muzamil (US),2026-08-20,markdown,"PDFs render negative dollars in accounting parentheses, keep the (Inactive) tag",https://shopview.testrail.io/index.php?/cases/view/30282
C30287,SUSPECT-HIGH,HIGH,Report Suite,SBR — Exports,Expected,SEPARATORS-LOST,Bilal Muzamil (US),2026-08-20,markdown,"CSV cells: plain numbers, signed Labor Delta, empty Margin %, (Inactive)",https://shopview.testrail.io/index.php?/cases/view/30287
C30290,SUSPECT-LOW,LOW,Report Suite,SBR — Exports,Preconditions,SEPARATORS-LOST,Bilal Muzamil (US),2026-08-20,markdown,Over-cap Expanded View PDF is refused with the too-large message,https://shopview.testrail.io/index.php?/cases/view/30290
C30294,SUSPECT-LOW,LOW,Report Suite,SBR — Sales Rep Assignments Export,Preconditions,SEPARATORS-LOST,Bilal Muzamil (US),2026-08-20,markdown,"Assignments CSV: one row per assigned customer, sorted customer then rep",https://shopview.testrail.io/index.php?/cases/view/30294
C30295,SUSPECT-LOW,LOW,Report Suite,SBR — Sales Rep Assignments Export,Preconditions,SEPARATORS-LOST,Bilal Muzamil (US),2026-08-20,markdown,"""Rep is active?"" tracks the staff-active status, not the toggle",https://shopview.testrail.io/index.php?/cases/view/30295
C30296,SUSPECT-LOW,LOW,Report Suite,SBR — Sales Rep Assignments Export,Preconditions,SEPARATORS-LOST,Bilal Muzamil (US),2026-08-20,markdown,"A deleted rep record still exports one row from the stored name, marked No",https://shopview.testrail.io/index.php?/cases/view/30296
C30302,SUSPECT-LOW,LOW,Report Suite,SBR — Mobile,Preconditions,SEPARATORS-LOST,Bilal Muzamil (US),2026-08-20,markdown,On a phone every toolbar control works on touch,https://shopview.testrail.io/index.php?/cases/view/30302
C30303,SUSPECT-LOW,LOW,Report Suite,SBR — Mobile,Preconditions,SEPARATORS-LOST,Bilal Muzamil (US),2026-08-20,markdown,On a phone the table scrolls sideways with Subtotal pinned outside it,https://shopview.testrail.io/index.php?/cases/view/30303
C30310,SUSPECT-LOW,LOW,Report Suite,SBR — Work Order Sales Rep,Preconditions,SEPARATORS-LOST,Bilal Muzamil (US),2026-08-20,markdown,"Sales Representative selector shows on WO and Part Sale, not on imported",https://shopview.testrail.io/index.php?/cases/view/30310
C30311,SUSPECT-LOW,LOW,Report Suite,SBR — Work Order Sales Rep,Preconditions,SEPARATORS-LOST,Bilal Muzamil (US),2026-08-20,markdown,Selector offers only reps whose sales-representative toggle is on,https://shopview.testrail.io/index.php?/cases/view/30311
C30312,SUSPECT-LOW,LOW,Report Suite,SBR — Work Order Sales Rep,Preconditions,SEPARATORS-LOST,Bilal Muzamil (US),2026-08-20,markdown,A new WO opens with Sales Representative unassigned; a change saves at once,https://shopview.testrail.io/index.php?/cases/view/30312
C30313,SUSPECT-LOW,LOW,Report Suite,SBR — Work Order Sales Rep,Preconditions,SEPARATORS-LOST,Bilal Muzamil (US),2026-08-20,markdown,The Sales Representative selector is read-only when Invoiced or Paid,https://shopview.testrail.io/index.php?/cases/view/30313
C30330,SUSPECT-LOW,LOW,Report Suite,PV — Filters,Preconditions,SEPARATORS-LOST,Bilal Muzamil (US),2026-08-20,markdown,Date range selector offers exactly the eleven bounded options and no All Time,https://shopview.testrail.io/index.php?/cases/view/30330
C30331,SUSPECT-LOW,LOW,Report Suite,PV — Filters,Preconditions,SEPARATORS-LOST,Bilal Muzamil (US),2026-08-20,markdown,A Custom date range needs valid dates and rejects a span over 366 days,https://shopview.testrail.io/index.php?/cases/view/30331
C30345,SUSPECT-LOW,LOW,Report Suite,PV — Row Model,Preconditions,SEPARATORS-LOST,Bilal Muzamil (US),2026-08-20,markdown,"Sticky header, all-left alignment on screen, and plain-text Type values",https://shopview.testrail.io/index.php?/cases/view/30345
C30355,SUSPECT-LOW,LOW,Report Suite,PV — Columns & Remembered View,Preconditions,SEPARATORS-LOST,Bilal Muzamil (US),2026-08-20,markdown,A saved value that is no longer valid falls back to that setting's default,https://shopview.testrail.io/index.php?/cases/view/30355
C30358,SUSPECT-LOW,LOW,Report Suite,PV — Columns & Remembered View,Preconditions,SEPARATORS-LOST,Bilal Muzamil (US),2026-08-20,markdown,All 20 columns can be hidden; the empty selection is never restored,https://shopview.testrail.io/index.php?/cases/view/30358
C30380,SUSPECT-LOW,LOW,Report Suite,PV — Exports,Preconditions,SEPARATORS-LOST,Bilal Muzamil (US),2026-08-20,markdown,CSV is named velocity-report.csv and holds full untruncated text values,https://shopview.testrail.io/index.php?/cases/view/30380
C30382,SUSPECT-LOW,LOW,Report Suite,PV — Exports,Preconditions,SEPARATORS-LOST,Bilal Muzamil (US),2026-08-20,markdown,"PDF export alignment: Type centered, text left, numeric and money right",https://shopview.testrail.io/index.php?/cases/view/30382
C30385,SUSPECT-LOW,LOW,Report Suite,PV — Visual Conformance,Preconditions,SEPARATORS-LOST,Bilal Muzamil (US),2026-08-20,markdown,The report uses the standard two-tone layout,https://shopview.testrail.io/index.php?/cases/view/30385
C30386,SUSPECT-LOW,LOW,Report Suite,PV — Visual Conformance,Preconditions,SEPARATORS-LOST,Bilal Muzamil (US),2026-08-20,markdown,Toolbar and table detail styling matches the suite paddings and borders,https://shopview.testrail.io/index.php?/cases/view/30386
C30387,SUSPECT-LOW,LOW,Report Suite,PV — Visual Conformance,Preconditions,SEPARATORS-LOST,Bilal Muzamil (US),2026-08-20,markdown,Dark mode is supported and the grey info icon keeps 3:1 contrast in both,https://shopview.testrail.io/index.php?/cases/view/30387
C30392,SUSPECT-LOW,LOW,Report Suite,TU — Access & Display,Preconditions,SEPARATORS-LOST,Bilal Muzamil (US),2026-08-06,markdown,"Technician Utilization sits under Performance, below existing report links",https://shopview.testrail.io/index.php?/cases/view/30392
C30398,SUSPECT-LOW,LOW,Report Suite,TU — Access & Display,Preconditions,SEPARATORS-LOST,Bilal Muzamil (US),2026-08-20,markdown,Without reports access Technician Utilization is hidden,https://shopview.testrail.io/index.php?/cases/view/30398
C30411,SUSPECT-LOW,LOW,Report Suite,TU — Sorting,Preconditions,SEPARATORS-LOST,Bilal Muzamil (US),2026-08-20,markdown,A data reload resets the sort to Technician A to Z,https://shopview.testrail.io/index.php?/cases/view/30411
C30413,SUSPECT-LOW,LOW,Report Suite,TU — Sorting,Preconditions,SEPARATORS-LOST,Bilal Muzamil (US),2026-08-20,markdown,Sorting Est. Lost Labor keeps em-dash rows last both ways; $0.00 sorts as 0,https://shopview.testrail.io/index.php?/cases/view/30413
C30419,SUSPECT-LOW,LOW,Report Suite,TU — Per-Day Breakdown,Preconditions,SEPARATORS-LOST,Bilal Muzamil (US),2026-08-03,markdown,"Expanding shows one row per clocked day in date order, loaded on demand",https://shopview.testrail.io/index.php?/cases/view/30419
C30426,SUSPECT-LOW,LOW,Report Suite,TU — Technician Filter,Preconditions,SEPARATORS-LOST,Bilal Muzamil (US),2026-08-20,markdown,Previously deselected technicians stay deselected on the next visit,https://shopview.testrail.io/index.php?/cases/view/30426
C30428,SUSPECT-LOW,LOW,Report Suite,TU — Deep Links,Preconditions,SEPARATORS-LOST,Bilal Muzamil (US),2026-08-20,markdown,Total Hours is a real link with a non-color affordance and keyboard access,https://shopview.testrail.io/index.php?/cases/view/30428
C30431,SUSPECT-LOW,LOW,Report Suite,TU — Deep Links,Preconditions,SEPARATORS-LOST,Bilal Muzamil (US),2026-08-20,markdown,Reconcile exception (a): an open clock is snapshotted at each load instant,https://shopview.testrail.io/index.php?/cases/view/30431
C30433,SUSPECT-LOW,LOW,Report Suite,TU — Deep Links,Preconditions,SEPARATORS-LOST,Bilal Muzamil (US),2026-08-20,markdown,A day row's Total Hours links to that technician's single-day timesheet,https://shopview.testrail.io/index.php?/cases/view/30433
C30439,SUSPECT-LOW,LOW,Report Suite,TU — Exports,Preconditions,SEPARATORS-LOST,Bilal Muzamil (US),2026-08-20,markdown,PDF logo follows the uploaded logo; the spreadsheet never carries one,https://shopview.testrail.io/index.php?/cases/view/30439
C30444,SUSPECT-LOW,LOW,Report Suite,TU — Location Filter,Preconditions,SEPARATORS-LOST,Bilal Muzamil (US),2026-08-20,markdown,The saved location selection restores defensively; bad ones are dropped,https://shopview.testrail.io/index.php?/cases/view/30444
C30460,SUSPECT-LOW,LOW,Report Suite,WIP — Scope & Loading,Expected,SEPARATORS-LOST,Bilal Muzamil (US),2026-08-28,markdown,No qualifying work orders: every tab shows the no-data message and no Totals,https://shopview.testrail.io/index.php?/cases/view/30460
C30501,SUSPECT-LOW,LOW,Report Suite,WIP — Filters,Preconditions,SEPARATORS-LOST,Bilal Muzamil (US),2026-08-20,markdown,"The ""as of"" date is a single day: defaults to today, capped at today, no range",https://shopview.testrail.io/index.php?/cases/view/30501
C38918,SUSPECT-HIGH,HIGH,Report Suite,WIP — Exports,Preconditions,SEPARATORS-LOST,Bilal Muzamil (US),2026-08-20,markdown,An over-cap Work In Progress download is refused with the too-large message,https://shopview.testrail.io/index.php?/cases/view/38918
C30526,SUSPECT-HIGH,HIGH,Report Suite,WIP — Permissions,Expected,SEPARATORS-LOST,Bilal Muzamil (US),2026-08-28,markdown,Ordinary reports access covers opening and downloading Work In Progress,https://shopview.testrail.io/index.php?/cases/view/30526
C30536,SUSPECT-LOW,LOW,Report Suite,IV — Access & Display,Preconditions,SEPARATORS-LOST,Bilal Muzamil (US),2026-07-30,markdown,First visit defaults to today and the active location,https://shopview.testrail.io/index.php?/cases/view/30536
