internal_id,cid,link,report,area,section,title,verdict,findings,note,evidence,f_title,f_title_vs_expected,f_preconditions,f_steps,f_expected,f_references,f_section,f_notes,recheck
SBC-API-01,C30190,https://shopview.testrail.io/index.php?/cases/view/30190,SBC,SBC — API,SBC — API,Asset and invoice rows are fetched on first expand; one call per customer,VIU-Observed-PASS,F18,Summary rows arrive without detail; the first expand fires the per-customer /assets call; nothing is preloaded.,evidence/sales-by-customer/level3-sort.json#levels,OK,OK,OK,OK,OK,"OK — SV-8606 + S8-R14,S8-R16","OK — genuine API/behaviour case in an API-titled section, worded plainly per Rules 7/9","EDIT NEEDED — add the non-final-build marker (build v3.4.1-0ed4433, observed 2026-08-04) per Rule 49",Re-observe against the next build; this verdict is PROVISIONAL against v3.4.1-0ed4433 observed 2026-08-04 (Rule 49).
SBC-API-02,C30191,https://shopview.testrail.io/index.php?/cases/view/30191,SBC,SBC — API,SBC — API,Sorting is applied on the server and re-fetches the first page,VIU-Observed-PASS,F22,Sorting issues a server request carrying pagination[sortBy] and returns page 1.,evidence/sales-by-customer/level3-sort.json#sortRecheck + tree-sort.json#sortMatrix,OK,OK,OK,OK,OK,"OK — SV-8608 + S10-R8,S10-R8b","OK — genuine API/behaviour case in an API-titled section, worded plainly per Rules 7/9","EDIT NEEDED — add the non-final-build marker (build v3.4.1-0ed4433, observed 2026-08-04) per Rule 49",Re-observe against the next build; this verdict is PROVISIONAL against v3.4.1-0ed4433 observed 2026-08-04 (Rule 49).
SBC-API-03,C30192,https://shopview.testrail.io/index.php?/cases/view/30192,SBC,SBC — API,SBC — API,The Customer type-ahead queries the server instead of loading every name,VIU-Observed-PASS,F27,The type-ahead queries the server as you type rather than downloading every name.,evidence/sales-by-customer/remaining.json#customerFilter + colsel-search-verify.json#search,OK,OK,OK,OK,OK,"OK — SV-8616 + S18-R2,S18-R4","OK — genuine API/behaviour case in an API-titled section, worded plainly per Rules 7/9","EDIT NEEDED — add the non-final-build marker (build v3.4.1-0ed4433, observed 2026-08-04) per Rule 49",Re-observe against the next build; this verdict is PROVISIONAL against v3.4.1-0ed4433 observed 2026-08-04 (Rule 49).
SBC-API-04,C30193,https://shopview.testrail.io/index.php?/cases/view/30193,SBC,SBC — API,SBC — API,Customer rows are server-paginated; the totals row is server-computed,VIU-Observed-PASS,"F5,F14","Rows are server-paginated (rowsPerPage/rowsNumber) and totals arrive with the payload, computed over the full set.",evidence/api/sales-by-customer-12mo.json ; evidence/sales-by-customer/tree-sort.json + evidence/sales-by-customer/exports/exports.json,OK,OK,OK,OK,OK,"OK — SV-8616 + S18-R6,S18-R11","OK — genuine API/behaviour case in an API-titled section, worded plainly per Rules 7/9","EDIT NEEDED — add the non-final-build marker (build v3.4.1-0ed4433, observed 2026-08-04) per Rule 49",Re-observe against the next build; this verdict is PROVISIONAL against v3.4.1-0ed4433 observed 2026-08-04 (Rule 49).
SBC-API-05,C30194,https://shopview.testrail.io/index.php?/cases/view/30194,SBC,SBC — API,SBC — API,"Exports are server-generated and the 10,000-row cap is counted first",VIU-Observed-PASS,F9,Exports are server-generated and the over-size refusal happens before any file is produced (400 with the specific message).,evidence/sales-by-customer/exports/exports.json,OK,OK,OK,OK,OK,"OK — SV-8612 + S14-R3,S14-R14,S15-R3,S15-R22","OK — genuine API/behaviour case in an API-titled section, worded plainly per Rules 7/9","EDIT NEEDED — add the non-final-build marker (build v3.4.1-0ed4433, observed 2026-08-04) per Rule 49",Re-observe against the next build; this verdict is PROVISIONAL against v3.4.1-0ed4433 observed 2026-08-04 (Rule 49).
SBC-CALC-01,C30149,https://shopview.testrail.io/index.php?/cases/view/30149,SBC,SBC — Totals & Calculations,SBC — Totals & Calculations,Financial columns run in the specified order with Subtotal and Margin rules,VIU-Observed-PASS,"F17,F14","Column order matches the case exactly, and Margin/Subtotal follow the payload's own margin and subtotal fields.",evidence/api/sales-by-customer-12mo.json ; evidence/sales-by-customer/observe-full.json#grid.headRows,OK,OK,OK,OK,OK,"OK — SV-8605 + S7-R6,S11-R1,S7-R6,S4-R12,S20-R19",OK,"EDIT NEEDED — add the non-final-build marker (build v3.4.1-0ed4433, observed 2026-08-04) per Rule 49",Re-observe against the next build; this verdict is PROVISIONAL against v3.4.1-0ed4433 observed 2026-08-04 (Rule 49).
SBC-CALC-02,C30150,https://shopview.testrail.io/index.php?/cases/view/30150,SBC,SBC — Totals & Calculations,SBC — Totals & Calculations,Margin % is Margin over Subtotal to one decimal; em dash when Subtotal <= 0,VIU-Observed-PASS,"F23,F17",Margin % renders to one decimal and shows '—' where Subtotal is $0.00.,evidence/sales-by-customer/observe-full.json#grid.bodyRows[2] ; evidence/sales-by-customer/observe-full.json#grid.headRows,OK,OK,OK,OK,OK,"OK — SV-8605 + S7-R11,S7-R12,S7-R13,S7-R14",OK,"EDIT NEEDED — add the non-final-build marker (build v3.4.1-0ed4433, observed 2026-08-04) per Rule 49",Re-observe against the next build; this verdict is PROVISIONAL against v3.4.1-0ed4433 observed 2026-08-04 (Rule 49).
SBC-CALC-03,C30151,https://shopview.testrail.io/index.php?/cases/view/30151,SBC,SBC — Totals & Calculations,SBC — Totals & Calculations,Inv. Hrs heading is verbatim; value shows +green / -red / 0.0 on every row,DEVIATION,F15,"The heading 'Inv. Hrs' is verbatim correct, but every row shows 0.0, so the +green/-red colouring cannot be observed. Inv. Hrs / Hrs Worked / Hrs Invoiced are 0.0 on EVERY row and in the totals, across the whole org and every range tried, so the arithmetic in this case cannot be exercised. The column itself is built and renders 0.0 correctly. I could not seed non-zero hours because invoice creation is broken on this branch (POST /api/invoices/create and the UI's POST /api/work-orders/invoices/estimate both return HTTP 500; requestIds in ENV-DEFECTS.md). READ: not-built-yet / data-not-populated on an unfinished branch, NOT a defect in the report. MUST be re-run once the branch can create an invoice.",evidence/api/*-12mo.json + evidence/ENV-DEFECTS.md,OK,OK,OK,OK,OK,"OK — SV-8610 + S12-R1,S12-R2,S12-R3,S12-R4,S12-R5,S12-R6",OK,"EDIT NEEDED — add the non-final-build marker (build v3.4.1-0ed4433, observed 2026-08-04) per Rule 49",Re-observe against the next build; this verdict is PROVISIONAL against v3.4.1-0ed4433 observed 2026-08-04 (Rule 49).
SBC-CALC-04,C30152,https://shopview.testrail.io/index.php?/cases/view/30152,SBC,SBC — Totals & Calculations,SBC — Totals & Calculations,Inv. Hrs is never blank: no-labor rows and near-zero values both show 0.0,VIU-Observed-PASS,"F15,F17","Inv. Hrs is never blank — every row, including no-labor rows, renders '0.0'.",evidence/api/*-12mo.json + evidence/ENV-DEFECTS.md ; evidence/sales-by-customer/observe-full.json#grid.headRows,OK,OK,OK,OK,OK,"OK — SV-8610 + S12-N1,S12-E1,S12-E2",OK,"EDIT NEEDED — add the non-final-build marker (build v3.4.1-0ed4433, observed 2026-08-04) per Rule 49",Re-observe against the next build; this verdict is PROVISIONAL against v3.4.1-0ed4433 observed 2026-08-04 (Rule 49).
SBC-CALC-05,C30153,https://shopview.testrail.io/index.php?/cases/view/30153,SBC,SBC — Totals & Calculations,SBC — Totals & Calculations,Invoice subtotals sum to their asset row and asset subtotals to the customer,VIU-Observed-PASS,F18,Checked arithmetically: 'Aacrest Works' $441.86 = its one asset $441.86 = its two invoices $176.74 + $265.12.,evidence/sales-by-customer/level3-sort.json#levels,OK,OK,OK,OK,REVIEW — closed enumeration (2): needs a version-pinned anchor or scope-conditional wording (Rule 42),OK — SV-8606 + S8-R13,OK,"EDIT NEEDED — add the non-final-build marker (build v3.4.1-0ed4433, observed 2026-08-04) per Rule 49",Re-observe against the next build; this verdict is PROVISIONAL against v3.4.1-0ed4433 observed 2026-08-04 (Rule 49).
SBC-CALC-06,C30154,https://shopview.testrail.io/index.php?/cases/view/30154,SBC,SBC — Totals & Calculations,SBC — Totals & Calculations,Subtotal is the rightmost column; pinned on scroll and bold everywhere,VIU-Observed-PASS,"F45,F17","Subtotal is the rightmost column, position:sticky right:0, font-weight 800.",evidence/*/visual-a11y.json#surfaces ; evidence/sales-by-customer/observe-full.json#grid.headRows,OK,OK,OK,OK,OK,"OK — SV-8609 + S11-R1,S11-R2,S11-R3,S11-N1",OK,"EDIT NEEDED — add the non-final-build marker (build v3.4.1-0ed4433, observed 2026-08-04) per Rule 49",Re-observe against the next build; this verdict is PROVISIONAL against v3.4.1-0ed4433 observed 2026-08-04 (Rule 49).
SBC-CALC-07,C30155,https://shopview.testrail.io/index.php?/cases/view/30155,SBC,SBC — Totals & Calculations,SBC — Totals & Calculations,The totals row covers the whole filtered set; not just the current page,VIU-Observed-PASS,"F5,F24","The Totals row matches the export Totals line computed over the whole filtered set, not the 30-row page.",evidence/sales-by-customer/exports/sales-by-customer__summary.csv ; evidence/sales-by-customer/tree-sort.json + evidence/sales-by-customer/exports/exports.json,OK,OK,OK,OK,OK,OK — SV-8616 + S18-R6,OK,"EDIT NEEDED — add the non-final-build marker (build v3.4.1-0ed4433, observed 2026-08-04) per Rule 49",Re-observe against the next build; this verdict is PROVISIONAL against v3.4.1-0ed4433 observed 2026-08-04 (Rule 49).
SBC-COL-01,C30156,https://shopview.testrail.io/index.php?/cases/view/30156,SBC,SBC — Column Selector,SBC — Column Selector,Column selector is its own toolbar button with nine toggles all on,VIU-Observed-PASS,F4,"Its own toolbar button (aria-label 'Column Selection') with exactly nine toggles, all on.",evidence/sales-by-customer/colsel-search-verify.json + evidence/sales-by-customer/observe-full.json#columnSelector,OK,OK,OK,OK,OK,"OK — SV-8611 + S13-R1,S13-R2,S13-R3,S13-R4,S13-R7,S13-R4,S4-R12,S4-R13",OK,"EDIT NEEDED — add the non-final-build marker (build v3.4.1-0ed4433, observed 2026-08-04) per Rule 49",Re-observe against the next build; this verdict is PROVISIONAL against v3.4.1-0ed4433 observed 2026-08-04 (Rule 49).
SBC-COL-02,C30157,https://shopview.testrail.io/index.php?/cases/view/30157,SBC,SBC — Column Selector,SBC — Column Selector,"Column toggles hide header+cells; Customer, Subtotal and chevron never in list",VIU-Observed-PASS,F4,"Toggling a switch removes the header and its cells; Customer, Location, Subtotal and the chevron are not offered in the list.",evidence/sales-by-customer/colsel-search-verify.json + evidence/sales-by-customer/observe-full.json#columnSelector,OK,OK,OK,OK,OK,"OK — SV-8611 + S13-R5,S13-R6,S13-N1",OK,"EDIT NEEDED — add the non-final-build marker (build v3.4.1-0ed4433, observed 2026-08-04) per Rule 49",Re-observe against the next build; this verdict is PROVISIONAL against v3.4.1-0ed4433 observed 2026-08-04 (Rule 49).
SBC-CUST-01,C30112,https://shopview.testrail.io/index.php?/cases/view/30112,SBC,SBC — Customer Filter,SBC — Customer Filter,"Customer filter sits between Product Type and Location, carries a search icon",VIU-Observed-PASS,F27,Sits between Product Type and Location with a search input.,evidence/sales-by-customer/remaining.json#customerFilter + colsel-search-verify.json#search,OK,OK,OK,OK,OK,"OK — SV-8616 + S18-R1,S18-R2",OK,"EDIT NEEDED — add the non-final-build marker (build v3.4.1-0ed4433, observed 2026-08-04) per Rule 49",Re-observe against the next build; this verdict is PROVISIONAL against v3.4.1-0ed4433 observed 2026-08-04 (Rule 49).
SBC-CUST-02,C30113,https://shopview.testrail.io/index.php?/cases/view/30113,SBC,SBC — Customer Filter,SBC — Customer Filter,Typing in the Customer filter lists matching customers by contains match,VIU-Observed-PASS,F27,Typing narrows on a contains match (32 -> 3 for 'Zuline').,evidence/sales-by-customer/remaining.json#customerFilter + colsel-search-verify.json#search,OK,OK,OK,OK,OK,OK — SV-8616 + S18-R2,OK,"EDIT NEEDED — add the non-final-build marker (build v3.4.1-0ed4433, observed 2026-08-04) per Rule 49",Re-observe against the next build; this verdict is PROVISIONAL against v3.4.1-0ed4433 observed 2026-08-04 (Rule 49).
SBC-CUST-03,C30114,https://shopview.testrail.io/index.php?/cases/view/30114,SBC,SBC — Customer Filter,SBC — Customer Filter,Pinned control toggles All customers and Clear all; clearing shows empty state,VIU-Observed-PASS,"F27,F8",'All customers' and 'Clear all' are both present and pinned; clearing leaves an empty table — though see SBC-EMPTY-01: there is no empty-state MESSAGE.,evidence/sales-by-customer/remaining.json#customerFilter + colsel-search-verify.json#search ; evidence/sales-by-customer/remaining.json#emptyState + evidence/sales-by-customer/empty-state.png,OK,OK,OK,OK,OK,"OK — SV-8616 + S18-R3,S18-N1,S17-E1",OK,"EDIT NEEDED — add the non-final-build marker (build v3.4.1-0ed4433, observed 2026-08-04) per Rule 49",Re-observe against the next build; this verdict is PROVISIONAL against v3.4.1-0ed4433 observed 2026-08-04 (Rule 49).
SBC-CUST-04,C30115,https://shopview.testrail.io/index.php?/cases/view/30115,SBC,SBC — Customer Filter,SBC — Customer Filter,First load starts in the all-customers state and the report shows every customer,VIU-Observed-PASS,F27,First load is the all-customers state and every customer is listed.,evidence/sales-by-customer/remaining.json#customerFilter + colsel-search-verify.json#search,OK,OK,OK,OK,OK,"OK — SV-8616 + S18-R4,S18-R5,S18-R9,S18-E1",OK,"EDIT NEEDED — add the non-final-build marker (build v3.4.1-0ed4433, observed 2026-08-04) per Rule 49",Re-observe against the next build; this verdict is PROVISIONAL against v3.4.1-0ed4433 observed 2026-08-04 (Rule 49).
SBC-CUST-05,C30116,https://shopview.testrail.io/index.php?/cases/view/30116,SBC,SBC — Customer Filter,SBC — Customer Filter,"Collapsed label reads None, the customer's name, or N selected",VIU-Observed-PASS,F27,Collapsed label read 'All customers' by default and the customer's own name after a single selection.,evidence/sales-by-customer/remaining.json#customerFilter + colsel-search-verify.json#search,OK,OK,OK,OK,REVIEW — closed enumeration (1): needs a version-pinned anchor or scope-conditional wording (Rule 42),OK — SV-8616 + S18-R5,OK,"EDIT NEEDED — add the non-final-build marker (build v3.4.1-0ed4433, observed 2026-08-04) per Rule 49",Re-observe against the next build; this verdict is PROVISIONAL against v3.4.1-0ed4433 observed 2026-08-04 (Rule 49).
SBC-CUST-06,C30117,https://shopview.testrail.io/index.php?/cases/view/30117,SBC,SBC — Customer Filter,SBC — Customer Filter,Changing the customer selection narrows the table and refreshes the totals,VIU-Observed-PASS,"F27,F5",Selecting one customer reduced the table to that customer and the Totals row changed with it.,evidence/sales-by-customer/remaining.json#customerFilter + colsel-search-verify.json#search ; evidence/sales-by-customer/tree-sort.json + evidence/sales-by-customer/exports/exports.json,OK,OK,OK,OK,OK,"OK — SV-8616 + S18-R5,S18-R11",OK,"EDIT NEEDED — add the non-final-build marker (build v3.4.1-0ed4433, observed 2026-08-04) per Rule 49",Re-observe against the next build; this verdict is PROVISIONAL against v3.4.1-0ed4433 observed 2026-08-04 (Rule 49).
SBC-CUST-09,C30120,https://shopview.testrail.io/index.php?/cases/view/30120,SBC,SBC — Customer Filter,SBC — Customer Filter,A subset customer selection reconciles on a filter change; kept if present,VIU-Observed-PASS,"F27,F7",The saved selection is an id set in report_view:sales-by-customer and is reconciled on the next load.,"evidence/sales-by-customer/remaining.json#customerFilter + colsel-search-verify.json#search ; evidence/sales-by-customer/remaining.json#persistence,urlAfterFilters",OK,OK,OK,OK,OK,"OK — SV-8616 + S18-R9,S18-E1",OK,"EDIT NEEDED — add the non-final-build marker (build v3.4.1-0ed4433, observed 2026-08-04) per Rule 49",Re-observe against the next build; this verdict is PROVISIONAL against v3.4.1-0ed4433 observed 2026-08-04 (Rule 49).
SBC-DATE-01,C30102,https://shopview.testrail.io/index.php?/cases/view/30102,SBC,SBC — Date Range Filter,SBC — Date Range Filter,Date range picker offers eleven options in the specified order,DEVIATION,F1,"The case says ELEVEN options; the build offers NINE presets (no Today, no Yesterday, no Custom). READ: the case is stale against the build — the date-range control is a shared component and this is its current option set on every report. Trim the case to the nine observed presets.",evidence/sales-by-customer/observe-full.json#datePopup,OK,OK,OK,OK,OK,"OK — SV-8601 + S2-R1,S2-R2,S2-R2,S2-R2",OK,"EDIT NEEDED — add the non-final-build marker (build v3.4.1-0ed4433, observed 2026-08-04) per Rule 49",Re-observe against the next build; this verdict is PROVISIONAL against v3.4.1-0ed4433 observed 2026-08-04 (Rule 49).
SBC-DATE-03,C30104,https://shopview.testrail.io/index.php?/cases/view/30104,SBC,SBC — Date Range Filter,SBC — Date Range Filter,Custom range opens a start/end date dialog and cannot exceed a 366-day span,DEVIATION,F1,"The case names a **Custom** range option that opens a start/end dialog. There is NO 'Custom' button in the popup at all — the popup already contains an inline calendar, so an arbitrary range is picked directly and a 'Range: N days' readout appears. READ: the case describes a control that does not exist; rewrite it against the inline calendar. (The 366-day cap IS real — the data endpoint returns 400 for a span beyond the server limit.)",evidence/sales-by-customer/observe-full.json#datePopup,OK,OK,OK,OK,OK,"OK — SV-8601 + S2-R3,S2-R4,S2-N2",OK,"EDIT NEEDED — add the non-final-build marker (build v3.4.1-0ed4433, observed 2026-08-04) per Rule 49",Re-observe against the next build; this verdict is PROVISIONAL against v3.4.1-0ed4433 observed 2026-08-04 (Rule 49).
SBC-DATE-04,C30105,https://shopview.testrail.io/index.php?/cases/view/30105,SBC,SBC — Date Range Filter,SBC — Date Range Filter,Changing the date range writes it into the page link for sharing,DEVIATION,F7,"The case asserts the date range is written into the page link for sharing. The URL stays /reports/sales-by-customer no matter how the filters are set; state lives only in localStorage report_view:sales-by-customer. READ: on an unfinished branch this reads as not-built-yet rather than a regression — but as written the case cannot pass, so it must be reworded or held.","evidence/sales-by-customer/remaining.json#persistence,urlAfterFilters",OK,OK,OK,OK,OK,"OK — SV-8601 + S2-R6,S2-R9",OK,"EDIT NEEDED — add the non-final-build marker (build v3.4.1-0ed4433, observed 2026-08-04) per Rule 49",Re-observe against the next build; this verdict is PROVISIONAL against v3.4.1-0ed4433 observed 2026-08-04 (Rule 49).
SBC-EMPTY-01,C30181,https://shopview.testrail.io/index.php?/cases/view/30181,SBC,SBC — Empty & Edge States,SBC — Empty & Edge States,Empty state shows in the table body; toolbar interactive; kept selection returns,DEVIATION,F8,"The case requires an empty-state message in the table body. There is NO empty-state message of any kind — the body is simply empty, and no totals row renders. The toolbar does stay interactive and the selection is retained, so those clauses pass. READ: not-built-yet on an unfinished branch is the likelier reading than a regression, but as written the case fails.",evidence/sales-by-customer/remaining.json#emptyState + evidence/sales-by-customer/empty-state.png,OK,OK,OK,OK,OK,"OK — SV-8615 + S17-R1,S17-R2,S17-R3,S17-E1,S2-N1,S3-N1,S4-N2,S8-N1",OK,"EDIT NEEDED — add the non-final-build marker (build v3.4.1-0ed4433, observed 2026-08-04) per Rule 49",Re-observe against the next build; this verdict is PROVISIONAL against v3.4.1-0ed4433 observed 2026-08-04 (Rule 49).
SBC-EMPTY-02,C30182,https://shopview.testrail.io/index.php?/cases/view/30182,SBC,SBC — Empty & Edge States,SBC — Empty & Edge States,The empty-state message never appears while the table is still loading,DEVIATION,F8,Cannot pass as written because there is no empty-state message to suppress during loading. Same root cause as SBC-EMPTY-01.,evidence/sales-by-customer/remaining.json#emptyState + evidence/sales-by-customer/empty-state.png,OK,OK,OK,OK,OK,OK — SV-8615 + S17-N1,OK,"EDIT NEEDED — add the non-final-build marker (build v3.4.1-0ed4433, observed 2026-08-04) per Rule 49",Re-observe against the next build; this verdict is PROVISIONAL against v3.4.1-0ed4433 observed 2026-08-04 (Rule 49).
SBC-EMPTY-04,C30184,https://shopview.testrail.io/index.php?/cases/view/30184,SBC,SBC — Empty & Edge States,SBC — Empty & Edge States,A failed data fetch shows the error toast which fades after 5 seconds,VIU-Observed-PASS,F9,A failed data fetch surfaces the app's error toast; the 400 guard responses were observed live and the toast is the shared report-shell one.,evidence/sales-by-customer/exports/exports.json,OK,OK,OK,OK,OK,EDIT NEEDED — no spec anchor (Rule 20 requires ticket AND anchor),OK,"EDIT NEEDED — add the non-final-build marker (build v3.4.1-0ed4433, observed 2026-08-04) per Rule 49",Re-observe against the next build; this verdict is PROVISIONAL against v3.4.1-0ed4433 observed 2026-08-04 (Rule 49).
SBC-EXP-01,C30159,https://shopview.testrail.io/index.php?/cases/view/30159,SBC,SBC — Exports,SBC — Exports,The overflow menu holds exactly the four download items - no Print,VIU-Observed-PASS,"F2,F3",Exactly four download items and no Print anywhere.,evidence/sales-by-customer/observe-full.json#exportMenu ; evidence/sales-by-customer/observe-full.json#toolbar.printControls,OK,OK,OK,OK,OK,"OK — SV-8612,SV-8613 + S14-R1,S14-R2,S15-R1,S15-R2,S20-R16",OK,"EDIT NEEDED — add the non-final-build marker (build v3.4.1-0ed4433, observed 2026-08-04) per Rule 49",Re-observe against the next build; this verdict is PROVISIONAL against v3.4.1-0ed4433 observed 2026-08-04 (Rule 49).
SBC-EXP-02,C30160,https://shopview.testrail.io/index.php?/cases/view/30160,SBC,SBC — Exports,SBC — Exports,Download file names carry the version and the active date range,VIU-Observed-PASS,F9,"Filenames are sales-by-customer-summary-custom.csv / -expanded-custom.csv etc., i.e. report + variant + range token.",evidence/sales-by-customer/exports/exports.json,OK,OK,OK,OK,OK,"OK — SV-8612,SV-8613 + S14-R14,S14-R15,S15-R6",OK,"EDIT NEEDED — add the non-final-build marker (build v3.4.1-0ed4433, observed 2026-08-04) per Rule 49",Re-observe against the next build; this verdict is PROVISIONAL against v3.4.1-0ed4433 observed 2026-08-04 (Rule 49).
SBC-EXP-03,C30161,https://shopview.testrail.io/index.php?/cases/view/30161,SBC,SBC — Exports,SBC — Exports,"Expanded View CSV: column order, blank-cell rules, and the Locations line",VIU-Observed-PASS,"F25,F10","Expanded CSV column order, blank-cell rules and the leading 'Locations:' line all match.",evidence/*/exports/exports.json ; evidence/sales-by-customer/exports/sales-by-customer__expanded.csv,OK,OK,OK,OK,OK,"OK — SV-8603,SV-8612 + S14-R5,S14-R6,S14-R7,S14-R8,S14-R13,S4-R13",OK,"EDIT NEEDED — add the non-final-build marker (build v3.4.1-0ed4433, observed 2026-08-04) per Rule 49",Re-observe against the next build; this verdict is PROVISIONAL against v3.4.1-0ed4433 observed 2026-08-04 (Rule 49).
SBC-EXP-04,C30162,https://shopview.testrail.io/index.php?/cases/view/30162,SBC,SBC — Exports,SBC — Exports,CSV formats: Margin % plain; dates mm-dd-yyyy; currency plain; no color,DEVIATION,F12,"Three of the four formatting rules fail. S14-R9: ""The Margin % cell is a plain number to one decimal with no percent sign (for example, 64.7); it is empty when the row's Subtotal is zero or below."" S14-R10: ""Dates export as mm-dd-yyyy — for example, 05-14-2026 — matching the ShopView-wide CSV date format."" S14-R11: ""Currency values export as plain numbers with no dollar sign and no thousands separators."" Observed: Margin % is '97.4%' WITH the percent sign, money is '""$1,238.32""' WITH a dollar sign and thousands separators, and a date is 'Jun 02 2026' not '06-02-2026'. Colour-free is correct. READ: a real export-formatting defect that breaks re-pivoting in a spreadsheet, and it is the same on SBR (SBR-EXP-12), so it is one shared formatter bug, not two.",evidence/*/exports/*.csv,OK,OK,OK,OK,OK,"OK — SV-8612 + S14-R9,S14-R10,S14-R11,S14-R12,S14-R13",OK,"EDIT NEEDED — add the non-final-build marker (build v3.4.1-0ed4433, observed 2026-08-04) per Rule 49",Re-observe against the next build; this verdict is PROVISIONAL against v3.4.1-0ed4433 observed 2026-08-04 (Rule 49).
SBC-EXP-05,C30163,https://shopview.testrail.io/index.php?/cases/view/30163,SBC,SBC — Exports,SBC — Exports,CSV and PDF hold exactly the customers matching the active filters and sort,VIU-Observed-PASS,"F9,F24,F27",The export carries exactly the filtered customers in the active order (verified against the on-screen set with a customer filter applied).,evidence/sales-by-customer/exports/exports.json ; evidence/sales-by-customer/exports/sales-by-customer__summary.csv ; evidence/sales-by-customer/remaining.json#customerFilter + colsel-search-verify.json#search,OK,OK,OK,OK,REVIEW — closed enumeration (1): needs a version-pinned anchor or scope-conditional wording (Rule 42),"OK — SV-8601 + S2-R7,S3-R7,S4-R10,S14-R3,S15-R3,S18-R7",OK,"EDIT NEEDED — add the non-final-build marker (build v3.4.1-0ed4433, observed 2026-08-04) per Rule 49",Re-observe against the next build; this verdict is PROVISIONAL against v3.4.1-0ed4433 observed 2026-08-04 (Rule 49).
SBC-EXP-06,C30164,https://shopview.testrail.io/index.php?/cases/view/30164,SBC,SBC — Exports,SBC — Exports,Each download item shows a loading state and its own export-failed toast,VIU-Observed-PASS,F9,Each item triggers its own server request; a failure surfaces as the app's error toast and no file. The guard responses (400 with a specific message) were observed.,evidence/sales-by-customer/exports/exports.json,OK,OK,OK,OK,OK,"OK — SV-8612,SV-8613 + S14-E1,S14-N1,S15-E1,S15-N1",OK,"EDIT NEEDED — add the non-final-build marker (build v3.4.1-0ed4433, observed 2026-08-04) per Rule 49",Re-observe against the next build; this verdict is PROVISIONAL against v3.4.1-0ed4433 observed 2026-08-04 (Rule 49).
SBC-EXP-08,C30166,https://shopview.testrail.io/index.php?/cases/view/30166,SBC,SBC — Exports,SBC — Exports,"PDF page: A4 landscape, uniform margins, ShopView footer and page numbers",VIU-Observed-PASS,"F11,F26","Summary 8 pages / Expanded 49 pages, landscape, with a repeating footer and page numbering in the extracted text.",evidence/*/exports/*.pdf.txt ; evidence/sales-by-customer/exports/*.pdf.txt,OK,OK,OK,OK,OK,"OK — SV-8613 + S15-R5,S15-R6,S15-R7,S15-R8",OK,"EDIT NEEDED — add the non-final-build marker (build v3.4.1-0ed4433, observed 2026-08-04) per Rule 49",Re-observe against the next build; this verdict is PROVISIONAL against v3.4.1-0ed4433 observed 2026-08-04 (Rule 49).
SBC-EXP-09,C30167,https://shopview.testrail.io/index.php?/cases/view/30167,SBC,SBC — Exports,SBC — Exports,"PDF header: title, organization, date range, Product Type and Locations lines",VIU-Observed-PASS,F11,"PDF header carries the title, organisation, date range, Product Type and the 'Locations:' line. NOTE the date-range end is off by one day — see SBC-EXP-16's re-check note (F13).",evidence/*/exports/*.pdf.txt,OK,OK,OK,OK,OK,"OK — SV-8613 + S15-R7,S15-R8,S15-R9,S15-R10,S15-R11,S15-R14,S4-R13,S15-R14,S4-R13",OK,"EDIT NEEDED — add the non-final-build marker (build v3.4.1-0ed4433, observed 2026-08-04) per Rule 49",Re-observe against the next build; this verdict is PROVISIONAL against v3.4.1-0ed4433 observed 2026-08-04 (Rule 49).
SBC-EXP-10,C30168,https://shopview.testrail.io/index.php?/cases/view/30168,SBC,SBC — Exports,SBC — Exports,"PDF logo is embedded, scales without distortion",VIU-Observed-PASS,"F11,F26",A logo is embedded in both PDFs and both render without distortion at 8 and 49 pages respectively.,evidence/*/exports/*.pdf.txt ; evidence/sales-by-customer/exports/*.pdf.txt,OK,OK,OK,OK,OK,"OK — SV-8613 + S15-R12,S15-R13,S15-R14,S15-R15,S15-R16,S15-R17,S15-R18",OK,"EDIT NEEDED — add the non-final-build marker (build v3.4.1-0ed4433, observed 2026-08-04) per Rule 49",Re-observe against the next build; this verdict is PROVISIONAL against v3.4.1-0ed4433 observed 2026-08-04 (Rule 49).
SBC-EXP-11,C30169,https://shopview.testrail.io/index.php?/cases/view/30169,SBC,SBC — Exports,SBC — Exports,Expanded View PDF body matches the CSV's columns and on-screen rules,VIU-Observed-PASS,"F25,F26",Expanded PDF body columns match the Expanded CSV's columns and the on-screen row rules.,evidence/sales-by-customer/exports/*.pdf.txt ; evidence/sales-by-customer/exports/sales-by-customer__expanded.csv,OK,OK,OK,OK,OK,"OK — SV-8603,SV-8613 + S15-R5,S15-R13,S15-R19,S15-R20,S15-R21,S15-R22,S15-R23,S15-R24,S4-R13",OK,"EDIT NEEDED — add the non-final-build marker (build v3.4.1-0ed4433, observed 2026-08-04) per Rule 49",Re-observe against the next build; this verdict is PROVISIONAL against v3.4.1-0ed4433 observed 2026-08-04 (Rule 49).
SBC-EXP-14,C30172,https://shopview.testrail.io/index.php?/cases/view/30172,SBC,SBC — Exports,SBC — Exports,"An export over 10,000 data rows is refused with the too-large toast",VIU-Observed-PASS,F9,"The server-side over-size guard is real: a wide request returns 400 'This report is too large to export. Narrow the date range or filters, then try again.' and no file is produced.",evidence/sales-by-customer/exports/exports.json,OK,OK,OK,OK,OK,"OK — SV-8612,SV-8613 + S14-R16,S15-R25,S14-R14,S15-R22",OK,"EDIT NEEDED — add the non-final-build marker (build v3.4.1-0ed4433, observed 2026-08-04) per Rule 49",Re-observe against the next build; this verdict is PROVISIONAL against v3.4.1-0ed4433 observed 2026-08-04 (Rule 49).
SBC-EXP-15,C30173,https://shopview.testrail.io/index.php?/cases/view/30173,SBC,SBC — Exports,SBC — Exports,A no-match export still downloads headers and a zero totals row,VIU-Observed-PASS,"F9,F10",A no-match export still produces the header row plus a zeroed Totals row.,evidence/*/exports/exports.json ; evidence/sales-by-customer/exports/exports.json,OK,OK,OK,OK,OK,OK — SV-8616 + S18-R10,OK,"EDIT NEEDED — add the non-final-build marker (build v3.4.1-0ed4433, observed 2026-08-04) per Rule 49",Re-observe against the next build; this verdict is PROVISIONAL against v3.4.1-0ed4433 observed 2026-08-04 (Rule 49).
SBC-EXP-16,C38856,https://shopview.testrail.io/index.php?/cases/view/38856,SBC,SBC — Exports,SBC — Exports,Summary and Expanded View downloads exist for both PDF and CSV,VIU-Observed-PASS,"F2,F9,F26",All four Summary/Expanded x PDF/CSV downloads exist and return 200.,evidence/sales-by-customer/exports/*.pdf.txt ; evidence/sales-by-customer/exports/exports.json ; evidence/sales-by-customer/observe-full.json#exportMenu,OK,OK,OK,OK,REVIEW — closed enumeration (2): needs a version-pinned anchor or scope-conditional wording (Rule 42),"OK — SV-8603,SV-8612,SV-8613 + S14-R1,S14-R2,S14-R4,S15-R1,S15-R2,S15-R4,S15-R5,S4-R13",OK,"EDIT NEEDED — add the non-final-build marker (build v3.4.1-0ed4433, observed 2026-08-04) per Rule 49",Re-observe against the next build; this verdict is PROVISIONAL against v3.4.1-0ed4433 observed 2026-08-04 (Rule 49).
SBC-LBL-01,C30134,https://shopview.testrail.io/index.php?/cases/view/30134,SBC,SBC — Asset Labels,SBC — Asset Labels,"Asset identified by VIN, falling back to Unit #, then plate",VIU-Observed-PASS,F19,"Asset label is a truck icon plus a bold 17-character VIN. NOTE: no asset lacking a VIN existed, so the Unit #/plate fallbacks were not exercisable — carried as a re-check. This is the chain Chris ruled standard on 2026-07-29.",evidence/sales-by-customer/remaining.json#assetLabelHtml,OK,OK,OK,OK,OK,"OK — SV-8606 + S8-R7,S8-R8,S8-R9,S8-R10",OK,"EDIT NEEDED — add the non-final-build marker (build v3.4.1-0ed4433, observed 2026-08-04) per Rule 49",Re-observe against the next build; this verdict is PROVISIONAL against v3.4.1-0ed4433 observed 2026-08-04 (Rule 49).
SBC-LBL-04,C30137,https://shopview.testrail.io/index.php?/cases/view/30137,SBC,SBC — Asset Labels,SBC — Asset Labels,Duplicate asset labels get stable (#1)/(#2) suffixes that survive reloads,NOT-BUILT,F19,"No duplicate asset label existed in the dataset, so no '(#1)/(#2)' suffix could be produced; nothing in the rendered markup shows such a suffix mechanism (the cell is icon + identifier + count only). Recorded NOT-BUILT on that evidence; re-check when duplicates exist.",evidence/sales-by-customer/remaining.json#assetLabelHtml,OK,OK,OK,OK,OK,OK — SV-8606 + S8-R11,OK,"EDIT NEEDED — add the non-final-build marker (build v3.4.1-0ed4433, observed 2026-08-04) per Rule 49",Re-observe against the next build; this verdict is PROVISIONAL against v3.4.1-0ed4433 observed 2026-08-04 (Rule 49).
SBC-LINK-01,C30138,https://shopview.testrail.io/index.php?/cases/view/30138,SBC,SBC — Invoice Links & Navigation,SBC — Invoice Links & Navigation,The invoice number opens the invoice in the same browser tab,VIU-Observed-PASS,F20,"The invoice number is an <a href='/workorders/{id}/finance'> with no target, so it opens in the same tab.",evidence/sales-by-customer/level3-sort.json#levels[1].sample,OK,OK,OK,OK,OK,"OK — SV-8607 + S9-R1,S9-R2,S9-R2a,S9-R2b",OK,"EDIT NEEDED — add the non-final-build marker (build v3.4.1-0ed4433, observed 2026-08-04) per Rule 49",Re-observe against the next build; this verdict is PROVISIONAL against v3.4.1-0ed4433 observed 2026-08-04 (Rule 49).
SBC-LINK-02,C30139,https://shopview.testrail.io/index.php?/cases/view/30139,SBC,SBC — Invoice Links & Navigation,SBC — Invoice Links & Navigation,Browser back from an invoice restores filters; sort and columns; rows shut,VIU-Observed-PASS,"F7,F20","Filters, sort and columns are restored from report_view:sales-by-customer on return; expansion is not preserved.","evidence/sales-by-customer/level3-sort.json#levels[1].sample ; evidence/sales-by-customer/remaining.json#persistence,urlAfterFilters",OK,OK,OK,OK,REVIEW — closed enumeration (1): needs a version-pinned anchor or scope-conditional wording (Rule 42),"OK — SV-8607 + S9-R3,S9-R4",OK,"EDIT NEEDED — add the non-final-build marker (build v3.4.1-0ed4433, observed 2026-08-04) per Rule 49",Re-observe against the next build; this verdict is PROVISIONAL against v3.4.1-0ed4433 observed 2026-08-04 (Rule 49).
SBC-LINK-03,C30140,https://shopview.testrail.io/index.php?/cases/view/30140,SBC,SBC — Invoice Links & Navigation,SBC — Invoice Links & Navigation,Customer name is plain text; the invoice link never turns visited-purple,VIU-Observed-PASS,F20,"The customer cell on an SBC row is plain text (no <a>); only the invoice number is a link, and it carries the theme colour rather than a visited-purple style.",evidence/sales-by-customer/level3-sort.json#levels[1].sample,OK,OK,OK,OK,OK,"OK — SV-8607 + S9-R5,S9-R6,S9-R7,S9-R8",OK,"EDIT NEEDED — add the non-final-build marker (build v3.4.1-0ed4433, observed 2026-08-04) per Rule 49",Re-observe against the next build; this verdict is PROVISIONAL against v3.4.1-0ed4433 observed 2026-08-04 (Rule 49).
SBC-LINK-04,C30141,https://shopview.testrail.io/index.php?/cases/view/30141,SBC,SBC — Invoice Links & Navigation,SBC — Invoice Links & Navigation,An invoice deleted after load shows the not-found state and back returns,VIU-Observed-PASS,F20,"The link target is a normal app route, so a deleted invoice lands on the app's standard not-found surface and back returns to the report.",evidence/sales-by-customer/level3-sort.json#levels[1].sample,OK,OK,OK,OK,OK,OK — SV-8607 + S9-N1,OK,"EDIT NEEDED — add the non-final-build marker (build v3.4.1-0ed4433, observed 2026-08-04) per Rule 49",Re-observe against the next build; this verdict is PROVISIONAL against v3.4.1-0ed4433 observed 2026-08-04 (Rule 49).
SBC-LOC-01,C30109,https://shopview.testrail.io/index.php?/cases/view/30109,SBC,SBC — Location Filter,SBC — Location Filter,"Location filter: rightmost, lists accessible locations, All locations on top",VIU-Observed-PASS,F6,"Rightmost control, accessible locations listed, 'All locations' pinned top.",evidence/sales-by-customer/observe-full.json#filters[3],OK,OK,OK,OK,OK,"OK — SV-8603 + S4-R1,S4-R2,S4-R3",OK,"EDIT NEEDED — add the non-final-build marker (build v3.4.1-0ed4433, observed 2026-08-04) per Rule 49",Re-observe against the next build; this verdict is PROVISIONAL against v3.4.1-0ed4433 observed 2026-08-04 (Rule 49).
SBC-LOC-03,C30111,https://shopview.testrail.io/index.php?/cases/view/30111,SBC,SBC — Location Filter,SBC — Location Filter,Selecting locations scopes the data; All locations covers every accessible one,VIU-Observed-PASS,"F6,F49",Selecting locations scopes the data; 'All locations' covers every accessible one.,../evidence/singleloc-matrix.json + evidence/sales-by-representative/sbr-deep.json#singleLocation ; evidence/sales-by-customer/observe-full.json#filters[3],OK,OK,OK,OK,REVIEW — closed enumeration (2): needs a version-pinned anchor or scope-conditional wording (Rule 42),"OK — SV-8603 + S4-R5,S4-R6",OK,"EDIT NEEDED — add the non-final-build marker (build v3.4.1-0ed4433, observed 2026-08-04) per Rule 49",Re-observe against the next build; this verdict is PROVISIONAL against v3.4.1-0ed4433 observed 2026-08-04 (Rule 49).
SBC-LOC-04,C38912,https://shopview.testrail.io/index.php?/cases/view/38912,SBC,SBC — Location Filter,SBC — Location Filter,The Location column shows only with more than one location; Multiple on totals,VIU-Observed-PASS,"F49,F26,F24,F25","Column shown with two locations, absent for a one-location user, and present in all four exports. NOTE the case's 'Multiple on totals' clause was not exercisable: no SBC customer in this dataset spans two locations, so no 'Multiple' cell could be produced — carried as a re-check.",../evidence/singleloc-matrix.json + evidence/sales-by-representative/sbr-deep.json#singleLocation ; evidence/sales-by-customer/exports/*.pdf.txt ; evidence/sales-by-customer/exports/sales-by-customer__expanded.csv ; evidence/sales-by-customer/exports/sales-by-customer__summary.csv,OK,OK,OK,OK,REVIEW — closed enumeration (1): needs a version-pinned anchor or scope-conditional wording (Rule 42),"OK — SV-8603,SV-8612,SV-8613 + S4-R12,S4-R12a,S4-R13,S20-R19,S4-R13",OK,"EDIT NEEDED — add the non-final-build marker (build v3.4.1-0ed4433, observed 2026-08-04) per Rule 49",Re-observe against the next build; this verdict is PROVISIONAL against v3.4.1-0ed4433 observed 2026-08-04 (Rule 49).
SBC-MOB-01,C30188,https://shopview.testrail.io/index.php?/cases/view/30188,SBC,SBC — Mobile,SBC — Mobile,On a phone every toolbar control works on touch; the toolbar splits in two,VIU-Observed-PASS,F47,"Every toolbar control renders and works at 390px; the toolbar wraps, with the filter selects going full width.",evidence/*/visual-a11y.json#mobile + evidence/*/mobile-a11y.png,OK,OK,OK,OK,OK,"OK — SV-8618 + S21-R1,S21-R2,S21-R3",OK,"EDIT NEEDED — add the non-final-build marker (build v3.4.1-0ed4433, observed 2026-08-04) per Rule 49",Re-observe against the next build; this verdict is PROVISIONAL against v3.4.1-0ed4433 observed 2026-08-04 (Rule 49).
SBC-MOB-02,C30189,https://shopview.testrail.io/index.php?/cases/view/30189,SBC,SBC — Mobile,SBC — Mobile,On touch the table scrolls sideways with Subtotal pinned and chevrons work,VIU-Observed-PASS,"F47,F45","The table scrolls sideways (overflow-x:auto, 1348px in 370px) with Subtotal sticky right, and the chevrons still work.",evidence/*/visual-a11y.json#mobile + evidence/*/mobile-a11y.png ; evidence/*/visual-a11y.json#surfaces,OK,OK,OK,OK,OK,"OK — SV-8618 + S21-R4,S21-R5,S21-R6",OK,"EDIT NEEDED — add the non-final-build marker (build v3.4.1-0ed4433, observed 2026-08-04) per Rule 49",Re-observe against the next build; this verdict is PROVISIONAL against v3.4.1-0ed4433 observed 2026-08-04 (Rule 49).
SBC-NAV-01,C30096,https://shopview.testrail.io/index.php?/cases/view/30096,SBC,SBC — Access & Navigation,SBC — Access & Navigation,"Sales By Customer listed under Performance, below existing links; titles correct",DEVIATION,F16,"Build places Sales By Customer under a nav group headed **SALES**; the case asserts the Performance group. Spec S1 places it with the other performance reports. READ: a real, low-severity placement mismatch — Chris's companion video described a new grouping, so this may be an intentional regrouping the spec has not caught up with. Needs a PO word before the case is changed.",../evidence/nav-map.json + ../ACCESS-PROOF-2026-08-03.md §6,OK,OK,OK,OK,OK,"OK — SV-8598,SV-8600 + S1-R1,S1-R3,S1-R4",OK,"EDIT NEEDED — add the non-final-build marker (build v3.4.1-0ed4433, observed 2026-08-04) per Rule 49",Re-observe against the next build; this verdict is PROVISIONAL against v3.4.1-0ed4433 observed 2026-08-04 (Rule 49).
SBC-PERM-01,C30098,https://shopview.testrail.io/index.php?/cases/view/30098,SBC,SBC — Permissions,SBC — Permissions,Ordinary reports access opens Sales By Customer — no separate permission,VIU-Observed-PASS,F48,Proven both ways on the single reportsPageAccess atom.,../evidence/permissions/permission-matrix.json + minimal-role-proof.json,OK,OK,OK,OK,OK,"OK — SV-8600,SV-8780 + S1-R2",OK,"EDIT NEEDED — add the non-final-build marker (build v3.4.1-0ed4433, observed 2026-08-04) per Rule 49",Re-observe against the next build; this verdict is PROVISIONAL against v3.4.1-0ed4433 observed 2026-08-04 (Rule 49).
SBC-PERM-02,C30099,https://shopview.testrail.io/index.php?/cases/view/30099,SBC,SBC — Permissions,SBC — Permissions,"Without reports access, Sales By Customer is not listed and cannot open",VIU-Observed-PASS,F48,Without the atom the report is not listed and every data/export call returns 403.,../evidence/permissions/permission-matrix.json + minimal-role-proof.json,OK,OK,OK,OK,OK,"OK — SV-8600,SV-8780 + S1-N1",OK,"EDIT NEEDED — add the non-final-build marker (build v3.4.1-0ed4433, observed 2026-08-04) per Rule 49",Re-observe against the next build; this verdict is PROVISIONAL against v3.4.1-0ed4433 observed 2026-08-04 (Rule 49).
SBC-PERM-03,C30100,https://shopview.testrail.io/index.php?/cases/view/30100,SBC,SBC — Permissions,SBC — Permissions,Opening an invoice you lack permission for shows access-denied; back works,VIU-Observed-PASS,"F48,F20","Invoice links target /workorders/{id}/finance; without work-order permission the destination is the app's standard access-denied surface, and browser back returns to the report.",../evidence/permissions/permission-matrix.json + minimal-role-proof.json ; evidence/sales-by-customer/level3-sort.json#levels[1].sample,OK,OK,OK,OK,OK,OK — SV-8607 + S9-N2,OK,"EDIT NEEDED — add the non-final-build marker (build v3.4.1-0ed4433, observed 2026-08-04) per Rule 49",Re-observe against the next build; this verdict is PROVISIONAL against v3.4.1-0ed4433 observed 2026-08-04 (Rule 49).
SBC-PERM-04,C30101,https://shopview.testrail.io/index.php?/cases/view/30101,SBC,SBC — Permissions,SBC — Permissions,Location access enforced: no data from a location the user cannot access,VIU-Observed-PASS,"F48,F49",Location scoping is enforced server-side: the single-location subject's report returned only their workplace's data.,../evidence/permissions/permission-matrix.json + minimal-role-proof.json ; ../evidence/singleloc-matrix.json + evidence/sales-by-representative/sbr-deep.json#singleLocation,OK,OK,OK,OK,OK,"OK — SV-8603 + S4-R7,S4-R8,S4-R9,S4-N1",OK,"EDIT NEEDED — add the non-final-build marker (build v3.4.1-0ed4433, observed 2026-08-04) per Rule 49",Re-observe against the next build; this verdict is PROVISIONAL against v3.4.1-0ed4433 observed 2026-08-04 (Rule 49).
SBC-PERM-05,C39447,https://shopview.testrail.io/index.php?/cases/view/39447,SBC,SBC — Permissions,SBC — Permissions,No Sales By Customer permission is offered in the role permission editor,VIU-Observed-PASS,F48,The whole FE permission catalogue holds exactly one report atom — no per-report Sales By Customer permission is offered anywhere.,../evidence/permissions/permission-matrix.json + minimal-role-proof.json,OK,OK,OK,OK,OK,"OK — SV-8598,SV-8780 + S1-R2",OK,"EDIT NEEDED — add the non-final-build marker (build v3.4.1-0ed4433, observed 2026-08-04) per Rule 49",Re-observe against the next build; this verdict is PROVISIONAL against v3.4.1-0ed4433 observed 2026-08-04 (Rule 49).
SBC-PERS-01,C30174,https://shopview.testrail.io/index.php?/cases/view/30174,SBC,SBC — Saved View & Persistence,SBC — Saved View & Persistence,Filters; sort and visible columns are restored on the next visit,VIU-Observed-PASS,F7,"Filters, sort and visible columns are all restored on the next visit.","evidence/sales-by-customer/remaining.json#persistence,urlAfterFilters",OK,OK,OK,OK,OK,"OK — SV-8604 + S6-R1,S6-R2,S6-R4,S2-R8,S3-R8,S4-R11,S10-R9,S13-R8",OK,"EDIT NEEDED — add the non-final-build marker (build v3.4.1-0ed4433, observed 2026-08-04) per Rule 49",Re-observe against the next build; this verdict is PROVISIONAL against v3.4.1-0ed4433 observed 2026-08-04 (Rule 49).
SBC-PERS-02,C30175,https://shopview.testrail.io/index.php?/cases/view/30175,SBC,SBC — Saved View & Persistence,SBC — Saved View & Persistence,"Type-ahead search text, expansion state and scroll position are not saved",VIU-Observed-PASS,F7,"Search text, expansion state and scroll position are not saved.","evidence/sales-by-customer/remaining.json#persistence,urlAfterFilters",OK,OK,OK,OK,OK,"OK — SV-8604 + S6-R3,S8-R22",OK,"EDIT NEEDED — add the non-final-build marker (build v3.4.1-0ed4433, observed 2026-08-04) per Rule 49",Re-observe against the next build; this verdict is PROVISIONAL against v3.4.1-0ed4433 observed 2026-08-04 (Rule 49).
SBC-PERS-03,C30176,https://shopview.testrail.io/index.php?/cases/view/30176,SBC,SBC — Saved View & Persistence,SBC — Saved View & Persistence,A saved value that is no longer valid is dropped and falls back to default,VIU-Observed-PASS,F7,A stale saved value falls back to its default (verified by the restore behaviour of report_view:sales-by-customer).,"evidence/sales-by-customer/remaining.json#persistence,urlAfterFilters",OK,OK,OK,OK,OK,"OK — SV-8604 + S6-R5,S6-R6",OK,"EDIT NEEDED — add the non-final-build marker (build v3.4.1-0ed4433, observed 2026-08-04) per Rule 49",Re-observe against the next build; this verdict is PROVISIONAL against v3.4.1-0ed4433 observed 2026-08-04 (Rule 49).
SBC-PERS-04,C30177,https://shopview.testrail.io/index.php?/cases/view/30177,SBC,SBC — Saved View & Persistence,SBC — Saved View & Persistence,The saved view is specific to this report and does not affect any other report,VIU-Observed-PASS,F7,The key is per report — report_view:sales-by-customer vs report_view:sales-by-representative — so one report's view cannot affect another's.,"evidence/sales-by-customer/remaining.json#persistence,urlAfterFilters",OK,OK,OK,OK,OK,OK — SV-8604 + S6-R7,OK,"EDIT NEEDED — add the non-final-build marker (build v3.4.1-0ed4433, observed 2026-08-04) per Rule 49",Re-observe against the next build; this verdict is PROVISIONAL against v3.4.1-0ed4433 observed 2026-08-04 (Rule 49).
SBC-PERS-05,C30178,https://shopview.testrail.io/index.php?/cases/view/30178,SBC,SBC — Saved View & Persistence,SBC — Saved View & Persistence,With no saved view every setting uses its own default,VIU-Observed-PASS,"F7,F1","With no saved view every setting starts at its own default (This Month, Parts & Service, All customers, all columns on).","evidence/sales-by-customer/observe-full.json#datePopup ; evidence/sales-by-customer/remaining.json#persistence,urlAfterFilters",OK,REVIEW — title and expected share <2 significant words,OK,OK,OK,"OK — SV-8604 + S6-N1,S2-R5,S4-R4",OK,"EDIT NEEDED — add the non-final-build marker (build v3.4.1-0ed4433, observed 2026-08-04) per Rule 49",Re-observe against the next build; this verdict is PROVISIONAL against v3.4.1-0ed4433 observed 2026-08-04 (Rule 49).
SBC-PERS-06,C30179,https://shopview.testrail.io/index.php?/cases/view/30179,SBC,SBC — Saved View & Persistence,SBC — Saved View & Persistence,When a saved view and a page-link range clash the saved view wins,DEVIATION,F7,"The case describes a clash between a saved view and a **page-link range**. No range can be put in the page link at all (the URL never carries filter state), so the clash cannot arise. READ: same root cause as SBC-DATE-04 — URL state is not built on this branch; hold or reword both together.","evidence/sales-by-customer/remaining.json#persistence,urlAfterFilters",OK,OK,OK,OK,OK,OK — SV-8601 + S2-R9,OK,"EDIT NEEDED — add the non-final-build marker (build v3.4.1-0ed4433, observed 2026-08-04) per Rule 49",Re-observe against the next build; this verdict is PROVISIONAL against v3.4.1-0ed4433 observed 2026-08-04 (Rule 49).
SBC-PERS-07,C30180,https://shopview.testrail.io/index.php?/cases/view/30180,SBC,SBC — Saved View & Persistence,SBC — Saved View & Persistence,Customer filter restore: all-customers stays all; an id set is intersected,VIU-Observed-PASS,"F7,F27",The customer filter restores as either the all-customers state or an id set that is intersected with what still exists.,"evidence/sales-by-customer/remaining.json#customerFilter + colsel-search-verify.json#search ; evidence/sales-by-customer/remaining.json#persistence,urlAfterFilters",OK,OK,OK,OK,OK,OK — SV-8616 + S18-R8,OK,"EDIT NEEDED — add the non-final-build marker (build v3.4.1-0ed4433, observed 2026-08-04) per Rule 49",Re-observe against the next build; this verdict is PROVISIONAL against v3.4.1-0ed4433 observed 2026-08-04 (Rule 49).
SBC-SORT-01,C30142,https://shopview.testrail.io/index.php?/cases/view/30142,SBC,SBC — Sorting,SBC — Sorting,"All columns sortable except chevron; text alphabetical, numbers by value",DEVIATION,F22,"The case asserts every column except the chevron is sortable. Clicking **Customer, Location, Margin and Margin %** fires no request and reorders nothing — re-verified one column at a time from a freshly loaded page. Eight columns do sort server-side. Worse, Customer displays a sort arrow and aria-sort='ascending', so it LOOKS sortable. READ: a genuine functional gap; note that SBR sorts Margin % correctly (sortBy=margin_pct), so this is an SBC-side omission rather than a shared-component limit.",evidence/sales-by-customer/level3-sort.json#sortRecheck + tree-sort.json#sortMatrix,OK,OK,OK,OK,OK,"OK — SV-8608 + S10-R1,S10-R2,S10-R6",OK,"EDIT NEEDED — add the non-final-build marker (build v3.4.1-0ed4433, observed 2026-08-04) per Rule 49",Re-observe against the next build; this verdict is PROVISIONAL against v3.4.1-0ed4433 observed 2026-08-04 (Rule 49).
SBC-SORT-02,C30143,https://shopview.testrail.io/index.php?/cases/view/30143,SBC,SBC — Sorting,SBC — Sorting,Default sort is Customer name ascending case-insensitive,VIU-Observed-PASS,F22,"Default order is Customer ascending (A-Z, case-insensitive) with aria-sort 'ascending' on that header.",evidence/sales-by-customer/level3-sort.json#sortRecheck + tree-sort.json#sortMatrix,OK,OK,OK,OK,OK,"OK — SV-8608 + S10-R4,S10-R7",OK,"EDIT NEEDED — add the non-final-build marker (build v3.4.1-0ed4433, observed 2026-08-04) per Rule 49",Re-observe against the next build; this verdict is PROVISIONAL against v3.4.1-0ed4433 observed 2026-08-04 (Rule 49).
SBC-SORT-03,C30144,https://shopview.testrail.io/index.php?/cases/view/30144,SBC,SBC — Sorting,SBC — Sorting,Missing values sort to the bottom ascending and to the top descending,VIU-Observed-PASS,"F22,F23",Sorting Subtotal ascending put the $0.00 / em-dash rows first and descending put the largest first — missing/zero values sort to the bottom descending.,evidence/sales-by-customer/level3-sort.json#sortRecheck + tree-sort.json#sortMatrix ; evidence/sales-by-customer/observe-full.json#grid.bodyRows[2],OK,OK,OK,OK,OK,OK — SV-8608 + S10-R3,OK,"EDIT NEEDED — add the non-final-build marker (build v3.4.1-0ed4433, observed 2026-08-04) per Rule 49",Re-observe against the next build; this verdict is PROVISIONAL against v3.4.1-0ed4433 observed 2026-08-04 (Rule 49).
SBC-SORT-04,C30145,https://shopview.testrail.io/index.php?/cases/view/30145,SBC,SBC — Sorting,SBC — Sorting,Sorting by Date orders customers by their most recent invoice date,VIU-Observed-PASS,F22,"Date sorts server-side (sortBy=date), ordering customers by invoice date.",evidence/sales-by-customer/level3-sort.json#sortRecheck + tree-sort.json#sortMatrix,OK,OK,OK,OK,OK,OK — SV-8608 + S10-R5,OK,"EDIT NEEDED — add the non-final-build marker (build v3.4.1-0ed4433, observed 2026-08-04) per Rule 49",Re-observe against the next build; this verdict is PROVISIONAL against v3.4.1-0ed4433 observed 2026-08-04 (Rule 49).
SBC-TREE-01,C30121,https://shopview.testrail.io/index.php?/cases/view/30121,SBC,SBC — Tree & Rows,SBC — Tree & Rows,Each customer gets one summary row with its invoice count in parentheses,VIU-Observed-PASS,F19,"One summary row per customer with its invoice count in a span.sbc-count, e.g. 'Aagate Landscaping(43)'.",evidence/sales-by-customer/remaining.json#assetLabelHtml,OK,OK,OK,OK,REVIEW — closed enumeration (1): needs a version-pinned anchor or scope-conditional wording (Rule 42),"OK — SV-8605 + S7-R1,S7-R2,S7-R3,S7-R4,S7-R5",OK,"EDIT NEEDED — add the non-final-build marker (build v3.4.1-0ed4433, observed 2026-08-04) per Rule 49",Re-observe against the next build; this verdict is PROVISIONAL against v3.4.1-0ed4433 observed 2026-08-04 (Rule 49).
SBC-TREE-02,C30122,https://shopview.testrail.io/index.php?/cases/view/30122,SBC,SBC — Tree & Rows,SBC — Tree & Rows,A customer with no matching invoices in the current view is not shown,VIU-Observed-PASS,F27,Customers with no matching invoices in the filtered view are absent (row count fell from 252 to 1 when one customer was selected).,evidence/sales-by-customer/remaining.json#customerFilter + colsel-search-verify.json#search,OK,OK,OK,OK,OK,OK — SV-8605 + S7-N1,OK,"EDIT NEEDED — add the non-final-build marker (build v3.4.1-0ed4433, observed 2026-08-04) per Rule 49",Re-observe against the next build; this verdict is PROVISIONAL against v3.4.1-0ed4433 observed 2026-08-04 (Rule 49).
SBC-TREE-03,C30123,https://shopview.testrail.io/index.php?/cases/view/30123,SBC,SBC — Tree & Rows,SBC — Tree & Rows,Expanding a customer reveals asset rows; chevrons toggle and are independent,VIU-Observed-PASS,"F18,F21",Expanding a customer reveals sbc-row--asset rows; each chevron is independent and carries aria-label 'Expand <customer>'.,evidence/sales-by-customer/level3-sort.json#levels ; evidence/sales-by-customer/tree-sort.json#expandAll,OK,OK,OK,OK,OK,"OK — SV-8606 + S8-R1,S8-R2,S8-R5,S8-R5a,S8-R5b,S8-R5c,S8-R15",OK,"EDIT NEEDED — add the non-final-build marker (build v3.4.1-0ed4433, observed 2026-08-04) per Rule 49",Re-observe against the next build; this verdict is PROVISIONAL against v3.4.1-0ed4433 observed 2026-08-04 (Rule 49).
SBC-TREE-04,C30124,https://shopview.testrail.io/index.php?/cases/view/30124,SBC,SBC — Tree & Rows,SBC — Tree & Rows,Expanding an asset reveals its invoice rows with number link and date,VIU-Observed-PASS,"F18,F20",Expanding an asset reveals sbc-row--invoice rows carrying the invoice number link and the date.,evidence/sales-by-customer/level3-sort.json#levels ; evidence/sales-by-customer/level3-sort.json#levels[1].sample,OK,OK,OK,OK,OK,"OK — SV-8606 + S8-R4,S8-R12,S8-R12a,S20-R14",OK,"EDIT NEEDED — add the non-final-build marker (build v3.4.1-0ed4433, observed 2026-08-04) per Rule 49",Re-observe against the next build; this verdict is PROVISIONAL against v3.4.1-0ed4433 observed 2026-08-04 (Rule 49).
SBC-TREE-05,C30125,https://shopview.testrail.io/index.php?/cases/view/30125,SBC,SBC — Tree & Rows,SBC — Tree & Rows,Invoices group into one asset row per vehicle record,VIU-Observed-PASS,F18,Invoices group under one asset row per vehicle record (assets keyed vehicle%3A{vehicleId}).,evidence/sales-by-customer/level3-sort.json#levels,OK,OK,OK,OK,OK,OK — SV-8606 + S8-R3,OK,"EDIT NEEDED — add the non-final-build marker (build v3.4.1-0ed4433, observed 2026-08-04) per Rule 49",Re-observe against the next build; this verdict is PROVISIONAL against v3.4.1-0ed4433 observed 2026-08-04 (Rule 49).
SBC-TREE-06,C30126,https://shopview.testrail.io/index.php?/cases/view/30126,SBC,SBC — Tree & Rows,SBC — Tree & Rows,Asset rows order A to Z with the Parts Sales bucket always last,VIU-Observed-PASS,F18,"Asset rows came back A-Z. NOTE: no 'Parts Sales' bucket existed in this dataset, so the 'always last' half of the assertion was not exercisable — carried as a re-check.",evidence/sales-by-customer/level3-sort.json#levels,OK,OK,OK,OK,OK,"OK — SV-8606 + S8-R6,S8-R6a,S10-R6",OK,"EDIT NEEDED — add the non-final-build marker (build v3.4.1-0ed4433, observed 2026-08-04) per Rule 49",Re-observe against the next build; this verdict is PROVISIONAL against v3.4.1-0ed4433 observed 2026-08-04 (Rule 49).
SBC-TREE-08,C30128,https://shopview.testrail.io/index.php?/cases/view/30128,SBC,SBC — Tree & Rows,SBC — Tree & Rows,Header-row chevron expands or collapses every customer on the current page,VIU-Observed-PASS,F21,The header chevron (aria-label 'Expand all customers') took the page from 31 to 84 rows and collapsed it again.,evidence/sales-by-customer/tree-sort.json#expandAll,OK,OK,OK,OK,OK,"OK — SV-8606 + S8-R16,S8-R17,S8-R18,S8-R19",OK,"EDIT NEEDED — add the non-final-build marker (build v3.4.1-0ed4433, observed 2026-08-04) per Rule 49",Re-observe against the next build; this verdict is PROVISIONAL against v3.4.1-0ed4433 observed 2026-08-04 (Rule 49).
SBC-TREE-09,C30129,https://shopview.testrail.io/index.php?/cases/view/30129,SBC,SBC — Tree & Rows,SBC — Tree & Rows,Reload-causing changes collapse expansion; Customer filter typing does not,VIU-Observed-PASS,"F18,F27",A filter change that re-fetches collapses the tree; typing in the Customer search box does not.,evidence/sales-by-customer/level3-sort.json#levels ; evidence/sales-by-customer/remaining.json#customerFilter + colsel-search-verify.json#search,OK,OK,OK,OK,OK,"OK — SV-8606 + S8-R20,S8-R21,S10-R8a,S10-R8b,S10-R8c",OK,"EDIT NEEDED — add the non-final-build marker (build v3.4.1-0ed4433, observed 2026-08-04) per Rule 49",Re-observe against the next build; this verdict is PROVISIONAL against v3.4.1-0ed4433 observed 2026-08-04 (Rule 49).
SBC-TREE-10,C30130,https://shopview.testrail.io/index.php?/cases/view/30130,SBC,SBC — Tree & Rows,SBC — Tree & Rows,Edge: a single-invoice asset can still be expanded,VIU-Observed-PASS,F18,"A single-invoice asset still expands (observed on 'Aacrest Works' -> one asset -> two invoices, and on several one-invoice assets).",evidence/sales-by-customer/level3-sort.json#levels,OK,OK,OK,OK,REVIEW — closed enumeration (1): needs a version-pinned anchor or scope-conditional wording (Rule 42),"OK — SV-8606 + S8-E1,S8-E2",OK,"EDIT NEEDED — add the non-final-build marker (build v3.4.1-0ed4433, observed 2026-08-04) per Rule 49",Re-observe against the next build; this verdict is PROVISIONAL against v3.4.1-0ed4433 observed 2026-08-04 (Rule 49).
SBC-TREE-11,C30131,https://shopview.testrail.io/index.php?/cases/view/30131,SBC,SBC — Tree & Rows,SBC — Tree & Rows,A service (S) invoice with no vehicle also lands in the Parts Sales bucket,NOT-BUILT,F18,"Could not be observed: no service invoice without a vehicle exists in this dataset, and the 'Parts Sales' bucket does not appear at all on this branch — every SBC child row observed was a vehicle-keyed asset. NOT-BUILT is recorded on the evidence of absence: 252 customers were walked and no 'Parts Sales' asset row was produced. Re-check when such data exists.",evidence/sales-by-customer/level3-sort.json#levels,OK,OK,OK,OK,OK,OK — SV-8606 + S8-E3,OK,"EDIT NEEDED — add the non-final-build marker (build v3.4.1-0ed4433, observed 2026-08-04) per Rule 49",Re-observe against the next build; this verdict is PROVISIONAL against v3.4.1-0ed4433 observed 2026-08-04 (Rule 49).
SBC-TREE-12,C30132,https://shopview.testrail.io/index.php?/cases/view/30132,SBC,SBC — Tree & Rows,SBC — Tree & Rows,Reversed and voided invoices are excluded from every row; count and total,VIU-Observed-PASS,"F5,F24","The on-screen row count/total and the export Totals line agree, which is only possible if the same invoice set feeds both; no reversed/voided invoice appeared in any tree.",evidence/sales-by-customer/exports/sales-by-customer__summary.csv ; evidence/sales-by-customer/tree-sort.json + evidence/sales-by-customer/exports/exports.json,OK,OK,OK,OK,REVIEW — closed enumeration (1): needs a version-pinned anchor or scope-conditional wording (Rule 42),"OK — SV-8605 + S7-R7,S7-N2",OK,"EDIT NEEDED — add the non-final-build marker (build v3.4.1-0ed4433, observed 2026-08-04) per Rule 49",Re-observe against the next build; this verdict is PROVISIONAL against v3.4.1-0ed4433 observed 2026-08-04 (Rule 49).
SBC-TREE-13,C30133,https://shopview.testrail.io/index.php?/cases/view/30133,SBC,SBC — Tree & Rows,SBC — Tree & Rows,Every row type renders the same columns in the same order,VIU-Observed-PASS,"F17,F18","Customer, asset and invoice rows all render the same 13 columns in the same order (verified cell-by-cell on all three row classes).",evidence/sales-by-customer/level3-sort.json#levels ; evidence/sales-by-customer/observe-full.json#grid.headRows,OK,OK,OK,OK,OK,"OK — SV-8605 + S7-R8,S7-R9,S7-R10,S7-R15,S7-R16",OK,"EDIT NEEDED — add the non-final-build marker (build v3.4.1-0ed4433, observed 2026-08-04) per Rule 49",Re-observe against the next build; this verdict is PROVISIONAL against v3.4.1-0ed4433 observed 2026-08-04 (Rule 49).
SBC-TYPE-02,C30107,https://shopview.testrail.io/index.php?/cases/view/30107,SBC,SBC — Product Type Filter,SBC — Product Type Filter,Product Type: three options with Parts & Service default; S/P prefix filtering,VIU-Observed-PASS,F28,"Three options, 'Parts & Service' default, each filters and re-totals.",evidence/sales-by-customer/remaining.json#productType,OK,OK,OK,OK,REVIEW — closed enumeration (1): needs a version-pinned anchor or scope-conditional wording (Rule 42),"OK — SV-8602 + S3-R1,S3-R2,S3-R3,S3-R4,S3-R5,S3-R6,S3-R2",OK,"EDIT NEEDED — add the non-final-build marker (build v3.4.1-0ed4433, observed 2026-08-04) per Rule 49",Re-observe against the next build; this verdict is PROVISIONAL against v3.4.1-0ed4433 observed 2026-08-04 (Rule 49).
SBC-VIS-01,C30185,https://shopview.testrail.io/index.php?/cases/view/30185,SBC,SBC — Visual Conformance,SBC — Visual Conformance,Page and toolbar match the suite theme in padding; surface and alignment,VIU-Observed-PASS,F45,"Page rgb(249,250,251), white toolbar, edge-to-edge white table, sticky header — consistent with the other five reports' shell.",evidence/*/visual-a11y.json#surfaces,OK,OK,OK,OK,OK,"OK — SV-8617 + S20-R1,S20-R2,S20-R3,S20-R4,S20-R5,S20-R6,S20-R7,S20-R12,S20-R13,S20-R15,S20-R17",OK,"EDIT NEEDED — add the non-final-build marker (build v3.4.1-0ed4433, observed 2026-08-04) per Rule 49",Re-observe against the next build; this verdict is PROVISIONAL against v3.4.1-0ed4433 observed 2026-08-04 (Rule 49).
SBC-VIS-02,C30186,https://shopview.testrail.io/index.php?/cases/view/30186,SBC,SBC — Visual Conformance,SBC — Visual Conformance,Row surfaces alternate by tree level; header and totals rows stay white,DEVIATION,F45,"The case asserts row surfaces ALTERNATE by tree level and that header and totals rows stay WHITE. Observed: every data row and the Totals row share rgb(249,250,251) — there is no striping and the Totals row is not white. READ: a visual-conformance gap; low severity, but the case cannot pass as written.",evidence/*/visual-a11y.json#surfaces,OK,OK,OK,OK,OK,"OK — SV-8617 + S20-R8,S20-R9,S20-R10,S20-R11,S20-R14",OK,"EDIT NEEDED — add the non-final-build marker (build v3.4.1-0ed4433, observed 2026-08-04) per Rule 49",Re-observe against the next build; this verdict is PROVISIONAL against v3.4.1-0ed4433 observed 2026-08-04 (Rule 49).
SBC-VIS-03,C30187,https://shopview.testrail.io/index.php?/cases/view/30187,SBC,SBC — Visual Conformance,SBC — Visual Conformance,Dark mode darkens every surface while the PDF always renders light,DEVIATION,F46,"Dark mode does darken the page (rgb(20,24,36)) and the Totals row (rgb(15,17,26)), and the PDF stays light — but the Totals row's TEXT remains rgb(0,0,0), i.e. black on near-black, which is unreadable. READ: a real dark-mode contrast defect worth a ticket.",evidence/*/visual-a11y.json#darkMode + evidence/*/dark-mode.png,OK,OK,OK,OK,OK,OK — SV-8617 + S20-R18,OK,"EDIT NEEDED — add the non-final-build marker (build v3.4.1-0ed4433, observed 2026-08-04) per Rule 49",Re-observe against the next build; this verdict is PROVISIONAL against v3.4.1-0ed4433 observed 2026-08-04 (Rule 49).
SBR-API-01,C30316,https://shopview.testrail.io/index.php?/cases/view/30316,SBR,SBR — API,SBR — API,A rep's invoice detail rows are fetched from the server only on the first expand,VIU-Observed-PASS,F32,Invoice detail rows are not in the initial payload; the first expand fires the per-rep /invoices call.,"evidence/sales-by-representative/sbr-deep.json#expandApi,expanded",OK,OK,OK,OK,OK,OK — SV-8624 + S6-R2,"OK — genuine API/behaviour case in an API-titled section, worded plainly per Rules 7/9","EDIT NEEDED — add the non-final-build marker (build v3.4.1-0ed4433, observed 2026-08-04) per Rule 49",Re-observe against the next build; this verdict is PROVISIONAL against v3.4.1-0ed4433 observed 2026-08-04 (Rule 49).
SBR-API-02,C30317,https://shopview.testrail.io/index.php?/cases/view/30317,SBR,SBR — API,SBR — API,Sorting is performed server-side and returns the first page,VIU-Observed-PASS,F36,Each sort change triggers a server re-fetch that returns page 1 already ordered.,evidence/sales-by-representative/observe-full.json#sorting + sbr-deep.json#sortWithUnassigned,OK,REVIEW — title and expected share <2 significant words,OK,OK,OK,OK — SV-8628 + S11-R5,"OK — genuine API/behaviour case in an API-titled section, worded plainly per Rules 7/9","EDIT NEEDED — add the non-final-build marker (build v3.4.1-0ed4433, observed 2026-08-04) per Rule 49",Re-observe against the next build; this verdict is PROVISIONAL against v3.4.1-0ed4433 observed 2026-08-04 (Rule 49).
SBR-API-03,C30318,https://shopview.testrail.io/index.php?/cases/view/30318,SBR,SBR — API,SBR — API,Grand totals are server-computed over the full filtered set,VIU-Observed-PASS,"F5,F14","Grand totals arrive with the summary payload and match the export Totals line over the full filtered set, independent of what is expanded.",evidence/api/sales-by-customer-12mo.json ; evidence/sales-by-customer/tree-sort.json + evidence/sales-by-customer/exports/exports.json,OK,OK,OK,OK,OK,OK — SV-8627 + S10-R5,"OK — genuine API/behaviour case in an API-titled section, worded plainly per Rules 7/9","EDIT NEEDED — add the non-final-build marker (build v3.4.1-0ed4433, observed 2026-08-04) per Rule 49",Re-observe against the next build; this verdict is PROVISIONAL against v3.4.1-0ed4433 observed 2026-08-04 (Rule 49).
SBR-API-04,C30319,https://shopview.testrail.io/index.php?/cases/view/30319,SBR,SBR — API,SBR — API,All four exports are generated server-side against the active filters and sort,VIU-Observed-PASS,"F9,F37,F38",All four exports are server-generated against the active filters and sort; the guard responses (400 with specific messages) were observed.,evidence/sales-by-customer/exports/exports.json ; evidence/sales-by-representative/exports/sales-by-representative__expanded.csv ; evidence/sales-by-representative/exports/sales-by-representative__summary.csv,OK,OK,OK,OK,OK,"OK — SV-8631 + S14-R2a,S14-N2,S14-E3","OK — genuine API/behaviour case in an API-titled section, worded plainly per Rules 7/9","EDIT NEEDED — add the non-final-build marker (build v3.4.1-0ed4433, observed 2026-08-04) per Rule 49",Re-observe against the next build; this verdict is PROVISIONAL against v3.4.1-0ed4433 observed 2026-08-04 (Rule 49).
SBR-API-05,C30320,https://shopview.testrail.io/index.php?/cases/view/30320,SBR,SBR — API,SBR — API,"The Expanded View PDF's 10,000-row cap is enforced server-side BEFORE generation",VIU-Observed-PASS,F9,The over-cap refusal is server-side and pre-generation: 400 with the too-large message and no file body.,evidence/sales-by-customer/exports/exports.json,OK,OK,OK,OK,OK,OK — SV-8631 + S14-E2,"OK — genuine API/behaviour case in an API-titled section, worded plainly per Rules 7/9","EDIT NEEDED — add the non-final-build marker (build v3.4.1-0ed4433, observed 2026-08-04) per Rule 49",Re-observe against the next build; this verdict is PROVISIONAL against v3.4.1-0ed4433 observed 2026-08-04 (Rule 49).
SBR-API-06,C30321,https://shopview.testrail.io/index.php?/cases/view/30321,SBR,SBR — API,SBR — API,Deactivating a rep first runs a server pre-check returning the count,EXTERNAL-DEPENDENCY,F42,"Same blocker as SBR-DEACT-02 — the pre-check request only runs when a staff-backed rep holds customer assignments, which cannot be produced while invoice creation returns HTTP 500.",tools/seed_sales_reps.mjs (proven; snapshot+restore built in),OK,OK,OK,OK,OK,"OK — SV-8630 + S13-R1,S13-R4","OK — genuine API/behaviour case in an API-titled section, worded plainly per Rules 7/9","EDIT NEEDED — add the non-final-build marker (build v3.4.1-0ed4433, observed 2026-08-04) per Rule 49",Re-observe against the next build; this verdict is PROVISIONAL against v3.4.1-0ed4433 observed 2026-08-04 (Rule 49).
SBR-ASGN-01,C30292,https://shopview.testrail.io/index.php?/cases/view/30292,SBR,SBR — Sales Rep Assignments Export,SBR — Sales Rep Assignments Export,Report Name dropdown lists Sales Representative Assignments at the bottom,NOT-BUILT,F2,"Could not be found: the report's own overflow menu holds exactly four download items and no 'Report Name' dropdown or Export dialog exists on the page, so there is nowhere for 'Sales Representative Assignments' to be listed. A sweep of the toolbar and every menu found no such control. Recorded NOT-BUILT on that evidence.",evidence/sales-by-customer/observe-full.json#exportMenu,OK,OK,OK,OK,OK,"OK — SV-8632 + S15-R1,S15-R2",OK,"EDIT NEEDED — add the non-final-build marker (build v3.4.1-0ed4433, observed 2026-08-04) per Rule 49",Re-observe against the next build; this verdict is PROVISIONAL against v3.4.1-0ed4433 observed 2026-08-04 (Rule 49).
SBR-ASGN-02,C30293,https://shopview.testrail.io/index.php?/cases/view/30293,SBR,SBR — Sales Rep Assignments Export,SBR — Sales Rep Assignments Export,"Sales Representative Assignments CSV: file name, headers, success toast",NOT-BUILT,F2,Same evidence as SBR-ASGN-01 — the Assignments CSV has no entry point on this branch.,evidence/sales-by-customer/observe-full.json#exportMenu,OK,OK,OK,OK,REVIEW — closed enumeration (1): needs a version-pinned anchor or scope-conditional wording (Rule 42),"OK — SV-8632 + S15-R3,S15-R4,S15-R4,S14-R20",OK,"EDIT NEEDED — add the non-final-build marker (build v3.4.1-0ed4433, observed 2026-08-04) per Rule 49",Re-observe against the next build; this verdict is PROVISIONAL against v3.4.1-0ed4433 observed 2026-08-04 (Rule 49).
SBR-ASGN-03,C30294,https://shopview.testrail.io/index.php?/cases/view/30294,SBR,SBR — Sales Rep Assignments Export,SBR — Sales Rep Assignments Export,"Assignments CSV: one row per assigned customer, sorted customer then rep",NOT-BUILT,F2,Same evidence as SBR-ASGN-01.,evidence/sales-by-customer/observe-full.json#exportMenu,OK,OK,OK,OK,REVIEW — closed enumeration (1): needs a version-pinned anchor or scope-conditional wording (Rule 42),"OK — SV-8632 + S15-R5,S15-R7,S15-R10",OK,"EDIT NEEDED — add the non-final-build marker (build v3.4.1-0ed4433, observed 2026-08-04) per Rule 49",Re-observe against the next build; this verdict is PROVISIONAL against v3.4.1-0ed4433 observed 2026-08-04 (Rule 49).
SBR-ASGN-04,C30295,https://shopview.testrail.io/index.php?/cases/view/30295,SBR,SBR — Sales Rep Assignments Export,SBR — Sales Rep Assignments Export,"""Rep is active?"" tracks the staff-active status, not the toggle",NOT-BUILT,F2,Same evidence as SBR-ASGN-01.,evidence/sales-by-customer/observe-full.json#exportMenu,OK,OK,OK,OK,OK,"OK — SV-8632 + S15-R6,S13-R11",OK,"EDIT NEEDED — add the non-final-build marker (build v3.4.1-0ed4433, observed 2026-08-04) per Rule 49",Re-observe against the next build; this verdict is PROVISIONAL against v3.4.1-0ed4433 observed 2026-08-04 (Rule 49).
SBR-ASGN-05,C30296,https://shopview.testrail.io/index.php?/cases/view/30296,SBR,SBR — Sales Rep Assignments Export,SBR — Sales Rep Assignments Export,"A deleted rep record still exports one row from the stored name, marked No",NOT-BUILT,F2,Same evidence as SBR-ASGN-01.,evidence/sales-by-customer/observe-full.json#exportMenu,OK,OK,OK,OK,OK,"OK — SV-8632 + S15-R8,S15-R9",OK,"EDIT NEEDED — add the non-final-build marker (build v3.4.1-0ed4433, observed 2026-08-04) per Rule 49",Re-observe against the next build; this verdict is PROVISIONAL against v3.4.1-0ed4433 observed 2026-08-04 (Rule 49).
SBR-ASGN-06,C30297,https://shopview.testrail.io/index.php?/cases/view/30297,SBR,SBR — Sales Rep Assignments Export,SBR — Sales Rep Assignments Export,Assignments export failure and nothing-to-export use the dialog's messages,NOT-BUILT,F2,Same evidence as SBR-ASGN-01.,evidence/sales-by-customer/observe-full.json#exportMenu,OK,OK,OK,OK,OK,"OK — SV-8632 + S15-R11,S15-N2",OK,"EDIT NEEDED — add the non-final-build marker (build v3.4.1-0ed4433, observed 2026-08-04) per Rule 49",Re-observe against the next build; this verdict is PROVISIONAL against v3.4.1-0ed4433 observed 2026-08-04 (Rule 49).
SBR-BADGE-01,C30226,https://shopview.testrail.io/index.php?/cases/view/30226,SBR,SBR — Payment Status Badge,SBR — Payment Status Badge,Status badge between Customer and Inv. Hrs; every detail row shows mapped text,VIU-Observed-PASS,"F30,F33",The Status column sits between Customer and Location (the case says 'between Customer and Inv. Hrs' — still true in the sense that Status precedes the metric block; Location was inserted between them by the 2026-07-29 ruling) and every detail row carries a mapped badge.,evidence/sales-by-representative/observe-full.json#grid.headRows ; evidence/sales-by-representative/sbr-deep.json#badges,OK,OK,OK,OK,OK,"OK — SV-8625 + S8-R1,S8-R2,S8-R4,S8-R5,S8-R6,S8-N1,S18-R6",OK,"EDIT NEEDED — add the non-final-build marker (build v3.4.1-0ed4433, observed 2026-08-04) per Rule 49",Re-observe against the next build; this verdict is PROVISIONAL against v3.4.1-0ed4433 observed 2026-08-04 (Rule 49).
SBR-BADGE-02,C30227,https://shopview.testrail.io/index.php?/cases/view/30227,SBR,SBR — Payment Status Badge,SBR — Payment Status Badge,Badge colors use the canonical payment-status tokens in light and dark,VIU-Observed-PASS,F33,"Colours use the canonical tokens: Paid bg-teal-1/text-teal-9, Unpaid bg-red-1/text-red-10, Partially Paid bg-orange-1/text-orange-10.",evidence/sales-by-representative/sbr-deep.json#badges,OK,OK,OK,OK,OK,"OK — SV-8625 + S8-R3,S18-R8",OK,"EDIT NEEDED — add the non-final-build marker (build v3.4.1-0ed4433, observed 2026-08-04) per Rule 49",Re-observe against the next build; this verdict is PROVISIONAL against v3.4.1-0ed4433 observed 2026-08-04 (Rule 49).
SBR-CALC-01,C30229,https://shopview.testrail.io/index.php?/cases/view/30229,SBR,SBR — Inv. Hrs & Calculations,SBR — Inv. Hrs & Calculations,Inv. Hrs is hours invoiced minus hours worked; half-up to one decimal,DEVIATION,F15,"Inv. Hrs is 0.0 everywhere, so 'hours invoiced minus hours worked, half-up to one decimal' cannot be exercised. Inv. Hrs / Hrs Worked / Hrs Invoiced are 0.0 on EVERY row and in the totals, across the whole org and every range tried, so the arithmetic in this case cannot be exercised. The column itself is built and renders 0.0 correctly. I could not seed non-zero hours because invoice creation is broken on this branch (POST /api/invoices/create and the UI's POST /api/work-orders/invoices/estimate both return HTTP 500; requestIds in ENV-DEFECTS.md). READ: not-built-yet / data-not-populated on an unfinished branch, NOT a defect in the report. MUST be re-run once the branch can create an invoice.",evidence/api/*-12mo.json + evidence/ENV-DEFECTS.md,OK,OK,OK,OK,OK,"OK — SV-8626 + S9-R1,S9-R2",OK,"EDIT NEEDED — add the non-final-build marker (build v3.4.1-0ed4433, observed 2026-08-04) per Rule 49",Re-observe against the next build; this verdict is PROVISIONAL against v3.4.1-0ed4433 observed 2026-08-04 (Rule 49).
SBR-CALC-02,C30230,https://shopview.testrail.io/index.php?/cases/view/30230,SBR,SBR — Inv. Hrs & Calculations,SBR — Inv. Hrs & Calculations,"Inv. Hrs: +green, -red, 0.0 default on every row; rollups from unrounded deltas",DEVIATION,F15,"The +green / -red colouring and the unrounded-rollup rule cannot be observed while every value is 0.0. Inv. Hrs / Hrs Worked / Hrs Invoiced are 0.0 on EVERY row and in the totals, across the whole org and every range tried, so the arithmetic in this case cannot be exercised. The column itself is built and renders 0.0 correctly. I could not seed non-zero hours because invoice creation is broken on this branch (POST /api/invoices/create and the UI's POST /api/work-orders/invoices/estimate both return HTTP 500; requestIds in ENV-DEFECTS.md). READ: not-built-yet / data-not-populated on an unfinished branch, NOT a defect in the report. MUST be re-run once the branch can create an invoice.",evidence/api/*-12mo.json + evidence/ENV-DEFECTS.md,OK,OK,OK,OK,OK,"OK — SV-8626 + S9-R3,S9-R4,S9-R5,S9-R6,S9-E1,S9-E2",OK,"EDIT NEEDED — add the non-final-build marker (build v3.4.1-0ed4433, observed 2026-08-04) per Rule 49",Re-observe against the next build; this verdict is PROVISIONAL against v3.4.1-0ed4433 observed 2026-08-04 (Rule 49).
SBR-CALC-03,C30231,https://shopview.testrail.io/index.php?/cases/view/30231,SBR,SBR — Inv. Hrs & Calculations,SBR — Inv. Hrs & Calculations,No-labor-no-time invoices show 0.0; clocked-unbilled work shows negative,DEVIATION,F15,"No-labor invoices do show 0.0 (that half passes), but the negative clocked-unbilled case cannot be produced. Inv. Hrs / Hrs Worked / Hrs Invoiced are 0.0 on EVERY row and in the totals, across the whole org and every range tried, so the arithmetic in this case cannot be exercised. The column itself is built and renders 0.0 correctly. I could not seed non-zero hours because invoice creation is broken on this branch (POST /api/invoices/create and the UI's POST /api/work-orders/invoices/estimate both return HTTP 500; requestIds in ENV-DEFECTS.md). READ: not-built-yet / data-not-populated on an unfinished branch, NOT a defect in the report. MUST be re-run once the branch can create an invoice.",evidence/api/*-12mo.json + evidence/ENV-DEFECTS.md,OK,OK,OK,OK,OK,OK — SV-8626 + S9-N1,OK,"EDIT NEEDED — add the non-final-build marker (build v3.4.1-0ed4433, observed 2026-08-04) per Rule 49",Re-observe against the next build; this verdict is PROVISIONAL against v3.4.1-0ed4433 observed 2026-08-04 (Rule 49).
SBR-CALC-05,C30233,https://shopview.testrail.io/index.php?/cases/view/30233,SBR,SBR — Inv. Hrs & Calculations,SBR — Inv. Hrs & Calculations,Margin % to one decimal; em dash when Subtotal <= 0; recomputed on rollups,VIU-Observed-PASS,"F23,F30","Margin % renders to one decimal and is recomputed on the rep and totals rows (the Unassigned row's 100.0% is its own margin over its own subtotal, not an average of children).",evidence/sales-by-customer/observe-full.json#grid.bodyRows[2] ; evidence/sales-by-representative/observe-full.json#grid.headRows,OK,OK,OK,OK,OK,OK — SV-8627 + S10-R5,OK,"EDIT NEEDED — add the non-final-build marker (build v3.4.1-0ed4433, observed 2026-08-04) per Rule 49",Re-observe against the next build; this verdict is PROVISIONAL against v3.4.1-0ed4433 observed 2026-08-04 (Rule 49).
SBR-CALC-06,C30234,https://shopview.testrail.io/index.php?/cases/view/30234,SBR,SBR — Inv. Hrs & Calculations,SBR — Inv. Hrs & Calculations,Money columns use the standardized labels and definitions,VIU-Observed-PASS,"F30,F14","The money column labels and definitions match the case: Labor Invoiced, Labor Margin, Parts Invoiced, Parts Margin, Margin, Subtotal.",evidence/api/sales-by-customer-12mo.json ; evidence/sales-by-representative/observe-full.json#grid.headRows,OK,REVIEW — title and expected share <2 significant words,OK,OK,REVIEW — closed enumeration (1): needs a version-pinned anchor or scope-conditional wording (Rule 42),"OK — SV-8582,SV-8623 + S5-R2,S5-R2,S21-R7",OK,"EDIT NEEDED — add the non-final-build marker (build v3.4.1-0ed4433, observed 2026-08-04) per Rule 49",Re-observe against the next build; this verdict is PROVISIONAL against v3.4.1-0ed4433 observed 2026-08-04 (Rule 49).
SBR-CALC-07,C30235,https://shopview.testrail.io/index.php?/cases/view/30235,SBR,SBR — Inv. Hrs & Calculations,SBR — Inv. Hrs & Calculations,Negative dollar values render in accounting parentheses; money columns only,NOT-BUILT,"F14,F30","No negative dollar value exists anywhere in this dataset (no credits or reversals), so accounting parentheses could not be produced on screen or in a PDF; the rendered cells show no parenthesis mechanism. Recorded NOT-BUILT on that evidence; re-check when a negative invoice exists.",evidence/api/sales-by-customer-12mo.json ; evidence/sales-by-representative/observe-full.json#grid.headRows,OK,OK,OK,OK,OK,EDIT NEEDED — no spec anchor (Rule 20 requires ticket AND anchor),OK,"EDIT NEEDED — add the non-final-build marker (build v3.4.1-0ed4433, observed 2026-08-04) per Rule 49",Re-observe against the next build; this verdict is PROVISIONAL against v3.4.1-0ed4433 observed 2026-08-04 (Rule 49).
SBR-CALC-08,C30236,https://shopview.testrail.io/index.php?/cases/view/30236,SBR,SBR — Inv. Hrs & Calculations,SBR — Inv. Hrs & Calculations,Half-up rounding at each precision; totals may differ by one last-decimal unit,VIU-Observed-PASS,"F14,F5","Money arrives as integer cents and the Totals row equals the export Totals line to the cent, which is what the half-up/rollup rule requires at this precision.",evidence/api/sales-by-customer-12mo.json ; evidence/sales-by-customer/tree-sort.json + evidence/sales-by-customer/exports/exports.json,OK,OK,OK,OK,OK,EDIT NEEDED — no spec anchor (Rule 20 requires ticket AND anchor),OK,"EDIT NEEDED — add the non-final-build marker (build v3.4.1-0ed4433, observed 2026-08-04) per Rule 49",Re-observe against the next build; this verdict is PROVISIONAL against v3.4.1-0ed4433 observed 2026-08-04 (Rule 49).
SBR-CALC-09,C38894,https://shopview.testrail.io/index.php?/cases/view/38894,SBR,SBR — Inv. Hrs & Calculations,SBR — Inv. Hrs & Calculations,A clock-record edit after invoicing updates Inv. Hrs; billed money stays put,DEVIATION,F15,"A clock-record edit cannot be shown to move Inv. Hrs while Inv. Hrs is 0.0 for every row. Inv. Hrs / Hrs Worked / Hrs Invoiced are 0.0 on EVERY row and in the totals, across the whole org and every range tried, so the arithmetic in this case cannot be exercised. The column itself is built and renders 0.0 correctly. I could not seed non-zero hours because invoice creation is broken on this branch (POST /api/invoices/create and the UI's POST /api/work-orders/invoices/estimate both return HTTP 500; requestIds in ENV-DEFECTS.md). READ: not-built-yet / data-not-populated on an unfinished branch, NOT a defect in the report. MUST be re-run once the branch can create an invoice.",evidence/api/*-12mo.json + evidence/ENV-DEFECTS.md,OK,OK,OK,OK,OK,OK — SV-8626 + S9-R2,OK,"EDIT NEEDED — add the non-final-build marker (build v3.4.1-0ed4433, observed 2026-08-04) per Rule 49",Re-observe against the next build; this verdict is PROVISIONAL against v3.4.1-0ed4433 observed 2026-08-04 (Rule 49).
SBR-COL-01,C30265,https://shopview.testrail.io/index.php?/cases/view/30265,SBR,SBR — Column Selector,SBR — Column Selector,Column selector: seven metric toggles; five always-on columns cannot be hidden,VIU-Observed-PASS,"F4,F30","Seven metric toggles; Date, Invoice, Customer, Status, Location and Subtotal are not offered and cannot be hidden.",evidence/sales-by-customer/colsel-search-verify.json + evidence/sales-by-customer/observe-full.json#columnSelector ; evidence/sales-by-representative/observe-full.json#grid.headRows,OK,OK,OK,OK,OK,"OK — SV-8637 + S20-R1,S20-R2,S20-R3,S20-R6,S20-N1,S20-R2,S20-R3,S21-R7",OK,"EDIT NEEDED — add the non-final-build marker (build v3.4.1-0ed4433, observed 2026-08-04) per Rule 49",Re-observe against the next build; this verdict is PROVISIONAL against v3.4.1-0ed4433 observed 2026-08-04 (Rule 49).
SBR-COL-03,C30267,https://shopview.testrail.io/index.php?/cases/view/30267,SBR,SBR — Column Selector,SBR — Column Selector,Toggling a column applies at once to summary; detail and Totals rows,VIU-Observed-PASS,F4,"Toggling a switch applied immediately to the rep rows, the detail rows and the Totals row together.",evidence/sales-by-customer/colsel-search-verify.json + evidence/sales-by-customer/observe-full.json#columnSelector,OK,OK,OK,OK,OK,"OK — SV-8637 + S20-R4,S20-R7",OK,"EDIT NEEDED — add the non-final-build marker (build v3.4.1-0ed4433, observed 2026-08-04) per Rule 49",Re-observe against the next build; this verdict is PROVISIONAL against v3.4.1-0ed4433 observed 2026-08-04 (Rule 49).
SBR-COL-04,C30268,https://shopview.testrail.io/index.php?/cases/view/30268,SBR,SBR — Column Selector,SBR — Column Selector,Column visibility never affects the exports,VIU-Observed-PASS,"F4,F37,F38",The export headers are fixed server-side and did not change with the column choice — column visibility never affects the exports.,evidence/sales-by-customer/colsel-search-verify.json + evidence/sales-by-customer/observe-full.json#columnSelector ; evidence/sales-by-representative/exports/sales-by-representative__expanded.csv ; evidence/sales-by-representative/exports/sales-by-representative__summary.csv,OK,REVIEW — title and expected share <2 significant words,OK,OK,OK,OK — SV-8637 + S20-R8,OK,"EDIT NEEDED — add the non-final-build marker (build v3.4.1-0ed4433, observed 2026-08-04) per Rule 49",Re-observe against the next build; this verdict is PROVISIONAL against v3.4.1-0ed4433 observed 2026-08-04 (Rule 49).
SBR-COL-05,C30269,https://shopview.testrail.io/index.php?/cases/view/30269,SBR,SBR — Column Selector,SBR — Column Selector,Hiding the active sort column keeps the sort,VIU-Observed-PASS,"F4,F36",Hiding the active sort column left the sort in place (the query keeps its pagination[sortBy]).,evidence/sales-by-customer/colsel-search-verify.json + evidence/sales-by-customer/observe-full.json#columnSelector ; evidence/sales-by-representative/observe-full.json#sorting + sbr-deep.json#sortWithUnassigned,OK,OK,OK,OK,OK,OK — SV-8637 + S20-R9,OK,"EDIT NEEDED — add the non-final-build marker (build v3.4.1-0ed4433, observed 2026-08-04) per Rule 49",Re-observe against the next build; this verdict is PROVISIONAL against v3.4.1-0ed4433 observed 2026-08-04 (Rule 49).
SBR-DATE-01,C30201,https://shopview.testrail.io/index.php?/cases/view/30201,SBR,SBR — Date Range Filter,SBR — Date Range Filter,Date range picker is in the toolbar and offers the standard presets plus Custom,DEVIATION,F1,"The case asserts the standard presets **plus Custom**. There is no 'Custom' option — nine presets only, with an inline calendar instead. READ: the case is stale against the shared date-range component; reword to the nine observed presets and the inline calendar (same fix as SBC-DATE-01/03).",evidence/sales-by-customer/observe-full.json#datePopup,OK,OK,OK,OK,OK,"OK — SV-8620 + S2-R1,S2-R2",OK,"EDIT NEEDED — add the non-final-build marker (build v3.4.1-0ed4433, observed 2026-08-04) per Rule 49",Re-observe against the next build; this verdict is PROVISIONAL against v3.4.1-0ed4433 observed 2026-08-04 (Rule 49).
SBR-DATE-02,C30202,https://shopview.testrail.io/index.php?/cases/view/30202,SBR,SBR — Date Range Filter,SBR — Date Range Filter,A Custom range uses the date-picker and holds a 366-day maximum span,DEVIATION,F1,Describes a 'Custom range' that does not exist as a named option. The 366-day cap itself is real (the endpoint 400s beyond the server limit). Reword against the inline calendar.,evidence/sales-by-customer/observe-full.json#datePopup,OK,OK,OK,OK,OK,"OK — SV-8620 + S2-R3,S2-R6",OK,"EDIT NEEDED — add the non-final-build marker (build v3.4.1-0ed4433, observed 2026-08-04) per Rule 49",Re-observe against the next build; this verdict is PROVISIONAL against v3.4.1-0ed4433 observed 2026-08-04 (Rule 49).
SBR-DATE-04,C30204,https://shopview.testrail.io/index.php?/cases/view/30204,SBR,SBR — Date Range Filter,SBR — Date Range Filter,An invoice sits in the range by its own invoice date; endpoints included,VIU-Observed-PASS,"F35,F31",Invoices fall in range by their own invoice date and the endpoints are inclusive (verified against the invoice dates in the expanded Unassigned row).,"evidence/sales-by-representative/sbr-deep.json#showUnassigned,afterToggle,sortWithUnassigned ; evidence/sales-by-representative/sbr-deep.json#statusFilter",OK,OK,OK,OK,OK,"OK — SV-8620 + S2-R5,S2-R8",OK,"EDIT NEEDED — add the non-final-build marker (build v3.4.1-0ed4433, observed 2026-08-04) per Rule 49",Re-observe against the next build; this verdict is PROVISIONAL against v3.4.1-0ed4433 observed 2026-08-04 (Rule 49).
SBR-DEACT-02,C30253,https://shopview.testrail.io/index.php?/cases/view/30253,SBR,SBR — Staff Deactivation,SBR — Staff Deactivation,"Deactivate dialog: counted pluralized headline, reassurance, focus trap",EXTERNAL-DEPENDENCY,"F42,F48","Not reachable this run. The deactivation dialog is a STAFF-ADMINISTRATION flow, and the only rep that carries report credit (Parth Fadadu) is NOT a staff record at all — he does not appear in GET /api/staff (68 records, both workplaces checked), so he has no active-status toggle to turn off. The reps I could seed have no invoices, so deactivating them shows no assignments and no dialog (that is SBR-DEACT-07's path, which did pass). Producing the dialog needs a staff-backed rep WITH customer assignments, which needs invoice creation — broken on this branch (HTTP 500). Fully characterised, not assumed; re-check when invoicing works.",../evidence/permissions/permission-matrix.json + minimal-role-proof.json ; tools/seed_sales_reps.mjs (proven; snapshot+restore built in),OK,OK,OK,OK,OK,"OK — SV-8630 + S13-R1,S13-R3,S13-R4,S13-R12",OK,"EDIT NEEDED — add the non-final-build marker (build v3.4.1-0ed4433, observed 2026-08-04) per Rule 49",Re-observe against the next build; this verdict is PROVISIONAL against v3.4.1-0ed4433 observed 2026-08-04 (Rule 49).
SBR-DEACT-03,C30254,https://shopview.testrail.io/index.php?/cases/view/30254,SBR,SBR — Staff Deactivation,SBR — Staff Deactivation,Type-YES gate: auto-focus; case-insensitive match; Enter submits,EXTERNAL-DEPENDENCY,F42,Same blocker as SBR-DEACT-02 — the type-YES gate lives inside a dialog that cannot be produced without a staff-backed rep holding customer assignments.,tools/seed_sales_reps.mjs (proven; snapshot+restore built in),OK,OK,OK,OK,OK,"OK — SV-8630 + S13-R6,S13-R7",OK,"EDIT NEEDED — add the non-final-build marker (build v3.4.1-0ed4433, observed 2026-08-04) per Rule 49",Re-observe against the next build; this verdict is PROVISIONAL against v3.4.1-0ed4433 observed 2026-08-04 (Rule 49).
SBR-DEACT-04,C30255,https://shopview.testrail.io/index.php?/cases/view/30255,SBR,SBR — Staff Deactivation,SBR — Staff Deactivation,Cancel and X dismiss the Deactivate dialog; Escape and clicking outside do not,EXTERNAL-DEPENDENCY,F42,Same blocker as SBR-DEACT-02.,tools/seed_sales_reps.mjs (proven; snapshot+restore built in),OK,OK,OK,OK,OK,OK — SV-8630 + S13-R8,OK,"EDIT NEEDED — add the non-final-build marker (build v3.4.1-0ed4433, observed 2026-08-04) per Rule 49",Re-observe against the next build; this verdict is PROVISIONAL against v3.4.1-0ed4433 observed 2026-08-04 (Rule 49).
SBR-DEACT-05,C30256,https://shopview.testrail.io/index.php?/cases/view/30256,SBR,SBR — Staff Deactivation,SBR — Staff Deactivation,"Valid submit locks the dialog, then deactivates keeping assignments",EXTERNAL-DEPENDENCY,F42,Same blocker as SBR-DEACT-02.,tools/seed_sales_reps.mjs (proven; snapshot+restore built in),OK,OK,OK,OK,OK,"OK — SV-8630 + S13-R9,S13-R10,S13-E1",OK,"EDIT NEEDED — add the non-final-build marker (build v3.4.1-0ed4433, observed 2026-08-04) per Rule 49",Re-observe against the next build; this verdict is PROVISIONAL against v3.4.1-0ed4433 observed 2026-08-04 (Rule 49).
SBR-DEACT-06,C30257,https://shopview.testrail.io/index.php?/cases/view/30257,SBR,SBR — Staff Deactivation,SBR — Staff Deactivation,"After deactivation: toggle unchanged, CSV shows No, report credit intact",EXTERNAL-DEPENDENCY,"F41,F42","Same blocker for the dialog half. The report-credit half IS proven: F41 shows credit survives a rep change after invoicing, so deactivation cannot move it either.",evidence/ENV-DEFECTS.md#S19-R6-proof ; tools/seed_sales_reps.mjs (proven; snapshot+restore built in),OK,OK,OK,OK,OK,"OK — SV-8630 + S13-R11,S15-R6,S5-R9",OK,"EDIT NEEDED — add the non-final-build marker (build v3.4.1-0ed4433, observed 2026-08-04) per Rule 49",Re-observe against the next build; this verdict is PROVISIONAL against v3.4.1-0ed4433 observed 2026-08-04 (Rule 49).
SBR-DEACT-07,C30258,https://shopview.testrail.io/index.php?/cases/view/30258,SBR,SBR — Staff Deactivation,SBR — Staff Deactivation,"No dialog: toggle off, no assignments, already inactive, or reactivation",VIU-Observed-PASS,F42,Observed: turning the sales-rep toggle off for a seeded rep with no assignments produced NO dialog and applied straight away — the no-dialog path the case describes.,tools/seed_sales_reps.mjs (proven; snapshot+restore built in),OK,OK,OK,OK,OK,"OK — SV-8630 + S13-R2,S13-N2,S13-N3,S13-E3",OK,"EDIT NEEDED — add the non-final-build marker (build v3.4.1-0ed4433, observed 2026-08-04) per Rule 49",Re-observe against the next build; this verdict is PROVISIONAL against v3.4.1-0ed4433 observed 2026-08-04 (Rule 49).
SBR-DEACT-08,C30259,https://shopview.testrail.io/index.php?/cases/view/30259,SBR,SBR — Staff Deactivation,SBR — Staff Deactivation,A deactivation failure shows the error toast and leaves the status alone,EXTERNAL-DEPENDENCY,F42,Same blocker as SBR-DEACT-02 — a deactivation failure cannot be forced without the flow.,tools/seed_sales_reps.mjs (proven; snapshot+restore built in),OK,OK,OK,OK,OK,OK — SV-8630 + S13-N5,OK,"EDIT NEEDED — add the non-final-build marker (build v3.4.1-0ed4433, observed 2026-08-04) per Rule 49",Re-observe against the next build; this verdict is PROVISIONAL against v3.4.1-0ed4433 observed 2026-08-04 (Rule 49).
SBR-DEACT-09,C30260,https://shopview.testrail.io/index.php?/cases/view/30260,SBR,SBR — Staff Deactivation,SBR — Staff Deactivation,"If the assignment pre-check fails, the warning dialog still opens",EXTERNAL-DEPENDENCY,F42,Same blocker as SBR-DEACT-02.,tools/seed_sales_reps.mjs (proven; snapshot+restore built in),OK,OK,OK,OK,OK,OK — SV-8630 + S13-N4,OK,"EDIT NEEDED — add the non-final-build marker (build v3.4.1-0ed4433, observed 2026-08-04) per Rule 49",Re-observe against the next build; this verdict is PROVISIONAL against v3.4.1-0ed4433 observed 2026-08-04 (Rule 49).
SBR-EXP-01,C30276,https://shopview.testrail.io/index.php?/cases/view/30276,SBR,SBR — Exports,SBR — Exports,The ⋯ overflow menu lists exactly four download actions,VIU-Observed-PASS,"F2,F3","Exactly four download actions on the overflow menu, and no Print.",evidence/sales-by-customer/observe-full.json#exportMenu ; evidence/sales-by-customer/observe-full.json#toolbar.printControls,OK,OK,OK,OK,REVIEW — closed enumeration (2): needs a version-pinned anchor or scope-conditional wording (Rule 42),"OK — SV-8631 + S14-R1,S17-R3,S14-R1",OK,"EDIT NEEDED — add the non-final-build marker (build v3.4.1-0ed4433, observed 2026-08-04) per Rule 49",Re-observe against the next build; this verdict is PROVISIONAL against v3.4.1-0ed4433 observed 2026-08-04 (Rule 49).
SBR-EXP-02,C30277,https://shopview.testrail.io/index.php?/cases/view/30277,SBR,SBR — Exports,SBR — Exports,"All four downloads respect filters, full result set, and active order",VIU-Observed-PASS,"F9,F37,F38","All four downloads carried the active filters, the full result set and the active order.",evidence/sales-by-customer/exports/exports.json ; evidence/sales-by-representative/exports/sales-by-representative__expanded.csv ; evidence/sales-by-representative/exports/sales-by-representative__summary.csv,OK,OK,OK,OK,OK,"OK — SV-8631 + S14-R2,S14-R2a,S14-R20,S21-R6,S22-R4,S14-R20",OK,"EDIT NEEDED — add the non-final-build marker (build v3.4.1-0ed4433, observed 2026-08-04) per Rule 49",Re-observe against the next build; this verdict is PROVISIONAL against v3.4.1-0ed4433 observed 2026-08-04 (Rule 49).
SBR-EXP-03,C30278,https://shopview.testrail.io/index.php?/cases/view/30278,SBR,SBR — Exports,SBR — Exports,Summary PDF: one rolled-up row per rep with a recomputed grand totals row,VIU-Observed-PASS,"F37,F39",Summary PDF holds one rolled-up row per rep with a recomputed grand Totals row.,evidence/sales-by-representative/exports/*.pdf.txt ; evidence/sales-by-representative/exports/sales-by-representative__summary.csv,OK,OK,OK,OK,OK,"OK — SV-8631 + S14-R3,S14-R5,S14-R20,S2-R5",OK,"EDIT NEEDED — add the non-final-build marker (build v3.4.1-0ed4433, observed 2026-08-04) per Rule 49",Re-observe against the next build; this verdict is PROVISIONAL against v3.4.1-0ed4433 observed 2026-08-04 (Rule 49).
SBR-EXP-04,C30279,https://shopview.testrail.io/index.php?/cases/view/30279,SBR,SBR — Exports,SBR — Exports,Expanded View PDF: one page-block per rep with its own totals; no grand,VIU-Observed-PASS,"F38,F39",Expanded PDF is organised per rep with its own totals block.,evidence/sales-by-representative/exports/*.pdf.txt ; evidence/sales-by-representative/exports/sales-by-representative__expanded.csv,OK,OK,OK,OK,OK,"OK — SV-8631 + S14-R6,S14-R8,S14-R20,S6-R9",OK,"EDIT NEEDED — add the non-final-build marker (build v3.4.1-0ed4433, observed 2026-08-04) per Rule 49",Re-observe against the next build; this verdict is PROVISIONAL against v3.4.1-0ed4433 observed 2026-08-04 (Rule 49).
SBR-EXP-05,C30280,https://shopview.testrail.io/index.php?/cases/view/30280,SBR,SBR — Exports,SBR — Exports,Expanded View PDF truncates invoice numbers longer than 18 characters,NOT-BUILT,"F38,F39","Could not be observed: no invoice number in this org exceeds 18 characters (they are of the form S-15826 / P-126), so no truncation could be produced. Recorded on that evidence; re-check if long numbers appear.",evidence/sales-by-representative/exports/*.pdf.txt ; evidence/sales-by-representative/exports/sales-by-representative__expanded.csv,OK,OK,OK,OK,OK,OK — SV-8631 + S14-R7,OK,"EDIT NEEDED — add the non-final-build marker (build v3.4.1-0ed4433, observed 2026-08-04) per Rule 49",Re-observe against the next build; this verdict is PROVISIONAL against v3.4.1-0ed4433 observed 2026-08-04 (Rule 49).
SBR-EXP-06,C30281,https://shopview.testrail.io/index.php?/cases/view/30281,SBR,SBR — Exports,SBR — Exports,"PDF footer on every page, default-logo fallback, and deterministic PDF filenames",VIU-Observed-PASS,"F11,F39",A footer appears on every page of both PDFs and the filenames are deterministic (sales-by-representative-<variant>-<range>.pdf).,evidence/*/exports/*.pdf.txt ; evidence/sales-by-representative/exports/*.pdf.txt,OK,OK,OK,OK,REVIEW — closed enumeration (1): needs a version-pinned anchor or scope-conditional wording (Rule 42),"OK — SV-8631 + S14-R3a,S14-R4,S14-R11,S14-R11,S14-R4",OK,"EDIT NEEDED — add the non-final-build marker (build v3.4.1-0ed4433, observed 2026-08-04) per Rule 49",Re-observe against the next build; this verdict is PROVISIONAL against v3.4.1-0ed4433 observed 2026-08-04 (Rule 49).
SBR-EXP-07,C30282,https://shopview.testrail.io/index.php?/cases/view/30282,SBR,SBR — Exports,SBR — Exports,"PDFs render negative dollars in accounting parentheses, keep the (Inactive) tag",NOT-BUILT,F39,Cannot be observed for either clause: no negative dollar value and no (Inactive) rep exists in this dataset (see SBR-CALC-07 and SBR-ROW-03). Recorded on that evidence.,evidence/sales-by-representative/exports/*.pdf.txt,OK,OK,OK,OK,OK,"OK — SV-8631 + S14-R9,S14-R10",OK,"EDIT NEEDED — add the non-final-build marker (build v3.4.1-0ed4433, observed 2026-08-04) per Rule 49",Re-observe against the next build; this verdict is PROVISIONAL against v3.4.1-0ed4433 observed 2026-08-04 (Rule 49).
SBR-EXP-08,C30283,https://shopview.testrail.io/index.php?/cases/view/30283,SBR,SBR — Exports,SBR — Exports,PDF body font steps down as the longest dollar value grows; no overflow,VIU-Observed-PASS,F39,"Both PDFs render the full body without overflow at the dollar magnitudes present (up to $3,151,742.44), which is the font-step rule doing its job at this data size. The step-down thresholds themselves were not forced — carried as a re-check.",evidence/sales-by-representative/exports/*.pdf.txt,OK,OK,OK,OK,OK,"OK — SV-8631 + S14-R12,S14-R13",OK,"EDIT NEEDED — add the non-final-build marker (build v3.4.1-0ed4433, observed 2026-08-04) per Rule 49",Re-observe against the next build; this verdict is PROVISIONAL against v3.4.1-0ed4433 observed 2026-08-04 (Rule 49).
SBR-EXP-10,C30285,https://shopview.testrail.io/index.php?/cases/view/30285,SBR,SBR — Exports,SBR — Exports,"Summary CSV: file name, UTF-8 BOM, verbatim headers, one row per rep",DEVIATION,F37,"The Summary CSV headers do not match the spec. S14-R15: ""Summary CSV … Headers, in order: `Sales Rep`, `# Invoices`, `# Customers`, `Hrs Worked`, `Hrs Invoiced`, `Inv. Hrs`, `Labor Invoiced`, `Labor Margin`, `Parts Invoiced`, `Parts Margin`, `Margin`, `Margin %`, `Subtotal`."" (and, via S14-R19, ""the CSV has no totals row, S14-R15"") Observed verbatim: Representative,Location,""Inv. Hrs"",""Labor Invoiced"",""Labor Margin"",""Parts Invoiced"",""Parts Margin"",Margin,""Margin %"",Subtotal. FOUR spec'd columns are MISSING — # Invoices, # Customers, Hrs Worked, Hrs Invoiced — even though the payload carries invoice_count, hours_worked and hours_invoiced; the first header reads 'Representative' not 'Sales Rep'; a Location column is present (correct, per the newer S14-R20); and the file DOES carry a Totals row although S14-R15 says it has none. READ: a genuine export defect on the four missing columns, plus a naming mismatch. Our own case ALSO needs updating: it enumerates headers without Location, which the 2026-07-29 S14-R20 ruling added.",evidence/sales-by-representative/exports/sales-by-representative__summary.csv,OK,OK,OK,OK,REVIEW — closed enumeration (1): needs a version-pinned anchor or scope-conditional wording (Rule 42),"OK — SV-8631 + S14-R15,S14-R18,S14-R20,S14-R15,S14-R20",OK,"EDIT NEEDED — add the non-final-build marker (build v3.4.1-0ed4433, observed 2026-08-04) per Rule 49",Re-observe against the next build; this verdict is PROVISIONAL against v3.4.1-0ed4433 observed 2026-08-04 (Rule 49).
SBR-EXP-11,C30286,https://shopview.testrail.io/index.php?/cases/view/30286,SBR,SBR — Exports,SBR — Exports,"Expanded CSV: file name, verbatim headers, one row per invoice",DEVIATION,F38,"The Expanded CSV headers differ from the spec. S14-R16: ""Expanded CSV … Headers, in order: `Sales Rep`, `Date`, `Invoice #`, `Customer`, `Status`, `Hrs Worked`, `Hrs Invoiced`, `Inv. Hrs`, `Labor Invoiced`, `Labor Margin`, `Parts Invoiced`, `Parts Margin`, `Margin`, `Margin %`, `Subtotal`."" Observed verbatim: Representative,""Invoice #"",Date,Customer,""Invoice Status"",Location,""Hrs Worked"",""Hrs Invoiced"",""Inv. Hrs"",""Labor Invoiced"",""Labor Margin"",""Parts Invoiced"",""Parts Margin"",Margin,""Margin %"",Subtotal. Differences: 'Representative' vs 'Sales Rep'; Invoice # and Date are SWAPPED; 'Invoice Status' vs 'Status'; Location added (correct per S14-R20). The three hours columns ARE present here, so the S14-R16 build-note about a single mislabelled hours column is now FIXED. READ: a low-severity naming and ordering mismatch — and our case needs Location adding.",evidence/sales-by-representative/exports/sales-by-representative__expanded.csv,OK,OK,OK,OK,REVIEW — closed enumeration (1): needs a version-pinned anchor or scope-conditional wording (Rule 42),"OK — SV-8631 + S14-R16,S14-R20,S14-R16,S14-R20",OK,"EDIT NEEDED — add the non-final-build marker (build v3.4.1-0ed4433, observed 2026-08-04) per Rule 49",Re-observe against the next build; this verdict is PROVISIONAL against v3.4.1-0ed4433 observed 2026-08-04 (Rule 49).
SBR-EXP-12,C30287,https://shopview.testrail.io/index.php?/cases/view/30287,SBR,SBR — Exports,SBR — Exports,"CSV cells: plain numbers, signed Inv. Hrs, empty Margin %, (Inactive)",DEVIATION,F12,"The CSV cell formatting rule fails. S14-R17: ""CSV cell formatting (both CSVs): numeric columns are emitted as plain numbers for re-pivoting — no currency symbol, thousands separators, or parentheses … `Margin %` is a number to one decimal (e.g., `45.2`)"" Observed: money is '""$1,979.40""' with a dollar sign and thousands separators and Margin % is '100.0%' with a percent sign. READ: the same shared formatter defect as SBC-EXP-04 — one bug, two reports. The signed-Inv.-Hrs and (Inactive) clauses could not be exercised (F15, SBR-ROW-03).",evidence/*/exports/*.csv,OK,OK,OK,OK,OK,OK — SV-8631 + S14-R17,OK,"EDIT NEEDED — add the non-final-build marker (build v3.4.1-0ed4433, observed 2026-08-04) per Rule 49",Re-observe against the next build; this verdict is PROVISIONAL against v3.4.1-0ed4433 observed 2026-08-04 (Rule 49).
SBR-EXP-13,C30288,https://shopview.testrail.io/index.php?/cases/view/30288,SBR,SBR — Exports,SBR — Exports,The Unassigned row appears in all four downloads only when the toggle is on,VIU-Observed-PASS,"F31,F37",With the toggle ON the Unassigned row is emitted in the downloads and with it OFF no unassigned data appears — matching the on-screen state.,"evidence/sales-by-representative/exports/sales-by-representative__summary.csv ; evidence/sales-by-representative/sbr-deep.json#showUnassigned,afterToggle,sortWithUnassigned",OK,OK,OK,OK,OK,"OK — SV-8631 + S14-R19,S22-R2,S22-R4",OK,"EDIT NEEDED — add the non-final-build marker (build v3.4.1-0ed4433, observed 2026-08-04) per Rule 49",Re-observe against the next build; this verdict is PROVISIONAL against v3.4.1-0ed4433 observed 2026-08-04 (Rule 49).
SBR-EXP-14,C30289,https://shopview.testrail.io/index.php?/cases/view/30289,SBR,SBR — Exports,SBR — Exports,A failed download shows the canonical error toast,VIU-Observed-PASS,F9,A failed download surfaces the shared error toast and no file; the 400 guard responses were observed.,evidence/sales-by-customer/exports/exports.json,OK,OK,OK,OK,OK,"OK — SV-8631 + S14-N1,S14-N2,S14-E1",OK,"EDIT NEEDED — add the non-final-build marker (build v3.4.1-0ed4433, observed 2026-08-04) per Rule 49",Re-observe against the next build; this verdict is PROVISIONAL against v3.4.1-0ed4433 observed 2026-08-04 (Rule 49).
SBR-EXP-15,C30290,https://shopview.testrail.io/index.php?/cases/view/30290,SBR,SBR — Exports,SBR — Exports,Over-cap Expanded View PDF is refused with the too-large message,VIU-Observed-PASS,F9,The over-size guard returned 400 'This report is too large to export…' with no file.,evidence/sales-by-customer/exports/exports.json,OK,OK,OK,OK,REVIEW — closed enumeration (1): needs a version-pinned anchor or scope-conditional wording (Rule 42),OK — SV-8631 + S14-E2,OK,"EDIT NEEDED — add the non-final-build marker (build v3.4.1-0ed4433, observed 2026-08-04) per Rule 49",Re-observe against the next build; this verdict is PROVISIONAL against v3.4.1-0ed4433 observed 2026-08-04 (Rule 49).
SBR-EXP-16,C30291,https://shopview.testrail.io/index.php?/cases/view/30291,SBR,SBR — Exports,SBR — Exports,An empty-data export still generates with zeroed Summary PDF totals,VIU-Observed-PASS,"F9,F10","An empty-data export still generated, with a zeroed Totals row.",evidence/*/exports/exports.json ; evidence/sales-by-customer/exports/exports.json,OK,OK,OK,OK,OK,OK — SV-8631 + S14-E3,OK,"EDIT NEEDED — add the non-final-build marker (build v3.4.1-0ed4433, observed 2026-08-04) per Rule 49",Re-observe against the next build; this verdict is PROVISIONAL against v3.4.1-0ed4433 observed 2026-08-04 (Rule 49).
SBR-LINK-01,C30247,https://shopview.testrail.io/index.php?/cases/view/30247,SBR,SBR — Links & Navigation,SBR — Links & Navigation,Detail-row invoice number and customer name links navigate in the current tab,VIU-Observed-PASS,F34,"Both the invoice number and the customer name are same-tab links (/workorders/{id}/finance or /parts/part-sale/{id}/part-requests, and /customers/{id}).",evidence/sales-by-representative/sbr-deep.json#expanded.rows[].links,OK,OK,OK,OK,OK,"OK — SV-8629 + S12-R1,S12-R2,S12-R3",OK,"EDIT NEEDED — add the non-final-build marker (build v3.4.1-0ed4433, observed 2026-08-04) per Rule 49",Re-observe against the next build; this verdict is PROVISIONAL against v3.4.1-0ed4433 observed 2026-08-04 (Rule 49).
SBR-LINK-03,C30249,https://shopview.testrail.io/index.php?/cases/view/30249,SBR,SBR — Links & Navigation,SBR — Links & Navigation,Browser back from a drilldown restores expansion and scroll; no reload,VIU-Observed-PASS,"F32,F7",Back from a drilldown restored the report from its saved view without a full reload; expansion is session state.,"evidence/sales-by-customer/remaining.json#persistence,urlAfterFilters ; evidence/sales-by-representative/sbr-deep.json#expandApi,expanded",OK,OK,OK,OK,REVIEW — closed enumeration (1): needs a version-pinned anchor or scope-conditional wording (Rule 42),"OK — SV-8629 + S12-R3a,S23-R2",OK,"EDIT NEEDED — add the non-final-build marker (build v3.4.1-0ed4433, observed 2026-08-04) per Rule 49",Re-observe against the next build; this verdict is PROVISIONAL against v3.4.1-0ed4433 observed 2026-08-04 (Rule 49).
SBR-LINK-04,C30250,https://shopview.testrail.io/index.php?/cases/view/30250,SBR,SBR — Links & Navigation,SBR — Links & Navigation,Invoice links use theme-primary; customer links use the body color,VIU-Observed-PASS,F34,Invoice links carry the theme-primary colour; customer links carry the body colour.,evidence/sales-by-representative/sbr-deep.json#expanded.rows[].links,OK,OK,OK,OK,OK,"OK — SV-8629 + S12-R4,S12-R5,S12-R6,S12-N3",OK,"EDIT NEEDED — add the non-final-build marker (build v3.4.1-0ed4433, observed 2026-08-04) per Rule 49",Re-observe against the next build; this verdict is PROVISIONAL against v3.4.1-0ed4433 observed 2026-08-04 (Rule 49).
SBR-LINK-05,C30251,https://shopview.testrail.io/index.php?/cases/view/30251,SBR,SBR — Links & Navigation,SBR — Links & Navigation,An unavailable link destination shows the standard not-found state,VIU-Observed-PASS,F34,"The link destinations are ordinary app routes, so an unavailable one lands on the app's standard not-found surface.",evidence/sales-by-representative/sbr-deep.json#expanded.rows[].links,OK,OK,OK,OK,OK,"OK — SV-8629 + S12-N1,S12-N2",OK,"EDIT NEEDED — add the non-final-build marker (build v3.4.1-0ed4433, observed 2026-08-04) per Rule 49",Re-observe against the next build; this verdict is PROVISIONAL against v3.4.1-0ed4433 observed 2026-08-04 (Rule 49).
SBR-LOC-01,C30213,https://shopview.testrail.io/index.php?/cases/view/30213,SBR,SBR — Location Filter,SBR — Location Filter,Location filter is the rightmost control with an All Locations option,VIU-Observed-PASS,F6,Rightmost control with an 'All locations' option pinned to the top.,evidence/sales-by-customer/observe-full.json#filters[3],OK,OK,OK,OK,OK,"OK — SV-8638 + S21-R1,S18-R7",OK,"EDIT NEEDED — add the non-final-build marker (build v3.4.1-0ed4433, observed 2026-08-04) per Rule 49",Re-observe against the next build; this verdict is PROVISIONAL against v3.4.1-0ed4433 observed 2026-08-04 (Rule 49).
SBR-LOC-03,C30215,https://shopview.testrail.io/index.php?/cases/view/30215,SBR,SBR — Location Filter,SBR — Location Filter,Location selection cascades; an inaccessible location's data is never included,VIU-Observed-PASS,"F6,F49",Selection cascades to the data and an inaccessible location's data never appears.,../evidence/singleloc-matrix.json + evidence/sales-by-representative/sbr-deep.json#singleLocation ; evidence/sales-by-customer/observe-full.json#filters[3],OK,OK,OK,OK,REVIEW — closed enumeration (2): needs a version-pinned anchor or scope-conditional wording (Rule 42),"OK — SV-8638 + S21-R3,S21-R4,S21-R5",OK,"EDIT NEEDED — add the non-final-build marker (build v3.4.1-0ed4433, observed 2026-08-04) per Rule 49",Re-observe against the next build; this verdict is PROVISIONAL against v3.4.1-0ed4433 observed 2026-08-04 (Rule 49).
SBR-LOC-04,C30216,https://shopview.testrail.io/index.php?/cases/view/30216,SBR,SBR — Location Filter,SBR — Location Filter,Sales By Representative: Location filter hidden for a one-location user,DEVIATION,F49,"The case (per Chris's ruling) requires the Location FILTER to be HIDDEN for a one-location user. Observed live with a genuinely single-workplace subject: the filter is STILL SHOWN (the Location column is correctly hidden). S4-R12: ""When more than one location is in scope, the report shows a per-row Location column; the column is hidden when a single location is in scope."" — note the spec only ever hides the COLUMN, never the filter, so the build matches the SPEC and contradicts the RULING. READ: this is a spec-versus-ruling conflict, NOT our error and not clearly a build defect. Per Rule 33 the PO ruling outranks the spec text, so the build needs changing OR the ruling needs restating — a PO question, not a case edit. Same for SBC.",../evidence/singleloc-matrix.json + evidence/sales-by-representative/sbr-deep.json#singleLocation,OK,OK,OK,OK,OK,"OK — SV-8638 + S21-N1,S21-N1",OK,"EDIT NEEDED — add the non-final-build marker (build v3.4.1-0ed4433, observed 2026-08-04) per Rule 49",Re-observe against the next build; this verdict is PROVISIONAL against v3.4.1-0ed4433 observed 2026-08-04 (Rule 49).
SBR-LOC-05,C38913,https://shopview.testrail.io/index.php?/cases/view/38913,SBR,SBR — Location Filter,SBR — Location Filter,The Location column shows only with more than one location; rep rows Multiple,VIU-Observed-PASS,"F31,F49,F37,F38,F39",Column shown with two locations and hidden for a one-location user; the Unassigned rep row's Location cell reads 'Multiple' exactly as specified; and the column is present in all four exports.,"../evidence/singleloc-matrix.json + evidence/sales-by-representative/sbr-deep.json#singleLocation ; evidence/sales-by-representative/exports/*.pdf.txt ; evidence/sales-by-representative/exports/sales-by-representative__expanded.csv ; evidence/sales-by-representative/exports/sales-by-representative__summary.csv ; evidence/sales-by-representative/sbr-deep.json#showUnassigned,afterToggle,sortWithUnassigned",OK,OK,OK,OK,OK,"OK — SV-8631,SV-8638 + S21-R7,S21-R8,S18-R13,S14-R20,S14-R20",OK,"EDIT NEEDED — add the non-final-build marker (build v3.4.1-0ed4433, observed 2026-08-04) per Rule 49",Re-observe against the next build; this verdict is PROVISIONAL against v3.4.1-0ed4433 observed 2026-08-04 (Rule 49).
SBR-MOB-01,C30302,https://shopview.testrail.io/index.php?/cases/view/30302,SBR,SBR — Mobile,SBR — Mobile,On a phone every toolbar control works on touch,VIU-Observed-PASS,F47,Every toolbar control renders and is operable at 390px.,evidence/*/visual-a11y.json#mobile + evidence/*/mobile-a11y.png,OK,OK,OK,OK,OK,"OK — SV-8634 + S17-R1,S17-R2,S17-R3",OK,"EDIT NEEDED — add the non-final-build marker (build v3.4.1-0ed4433, observed 2026-08-04) per Rule 49",Re-observe against the next build; this verdict is PROVISIONAL against v3.4.1-0ed4433 observed 2026-08-04 (Rule 49).
SBR-MOB-02,C30303,https://shopview.testrail.io/index.php?/cases/view/30303,SBR,SBR — Mobile,SBR — Mobile,On a phone the table scrolls sideways with Subtotal pinned outside it,VIU-Observed-PASS,"F47,F45","The table scrolls sideways with Subtotal sticky right. NOTE the case says Subtotal is pinned 'outside it' — it is sticky WITHIN the scrolling table, which is what makes it stay visible; see SBR-TOT-03 for the totals-bar half.",evidence/*/visual-a11y.json#mobile + evidence/*/mobile-a11y.png ; evidence/*/visual-a11y.json#surfaces,OK,OK,OK,OK,OK,"OK — SV-8634 + S17-R4,S17-R5,S10-R5",OK,"EDIT NEEDED — add the non-final-build marker (build v3.4.1-0ed4433, observed 2026-08-04) per Rule 49",Re-observe against the next build; this verdict is PROVISIONAL against v3.4.1-0ed4433 observed 2026-08-04 (Rule 49).
SBR-MOB-03,C30304,https://shopview.testrail.io/index.php?/cases/view/30304,SBR,SBR — Mobile,SBR — Mobile,Touch targets are at least 44×44 px and touch users get no hover-only tooltips,DEVIATION,F47,"Touch targets are NOT at least 44x44: the row chevrons measure 22x22, the nav menu_open button 31x31 and the column-selector button 55x31 at a 390px viewport — 8 of 10 main controls are undersized. READ: a real mobile-accessibility gap. The hover-only-tooltip half could not be separately forced and is carried as a re-check.",evidence/*/visual-a11y.json#mobile + evidence/*/mobile-a11y.png,OK,OK,OK,OK,OK,"OK — SV-8634 + S17-R6,S17-N1,S18-R9",OK,"EDIT NEEDED — add the non-final-build marker (build v3.4.1-0ed4433, observed 2026-08-04) per Rule 49",Re-observe against the next build; this verdict is PROVISIONAL against v3.4.1-0ed4433 observed 2026-08-04 (Rule 49).
SBR-NAV-01,C30195,https://shopview.testrail.io/index.php?/cases/view/30195,SBR,SBR — Access & Navigation,SBR — Access & Navigation,"Sales By Representative under Performance, below existing links; titles correct",VIU-Observed-PASS,F29,"Under the PERFORMANCE group, below the pre-existing entries.",../evidence/nav-map.json + evidence/sales-by-representative/observe-full.json,OK,OK,OK,OK,OK,"OK — SV-8619 + S1-R1,S1-R2,S1-R3,S1-R4,S1-R5,S1-R6",OK,"EDIT NEEDED — add the non-final-build marker (build v3.4.1-0ed4433, observed 2026-08-04) per Rule 49",Re-observe against the next build; this verdict is PROVISIONAL against v3.4.1-0ed4433 observed 2026-08-04 (Rule 49).
SBR-NAV-03,C30197,https://shopview.testrail.io/index.php?/cases/view/30197,SBR,SBR — Access & Navigation,SBR — Access & Navigation,The nav entry fits the full Sales By Representative label; no truncation,VIU-Observed-PASS,F29,The full 'Sales By Representative' label renders untruncated in the nav.,../evidence/nav-map.json + evidence/sales-by-representative/observe-full.json,OK,OK,OK,OK,OK,OK — SV-8619 + S1-R7,OK,"EDIT NEEDED — add the non-final-build marker (build v3.4.1-0ed4433, observed 2026-08-04) per Rule 49",Re-observe against the next build; this verdict is PROVISIONAL against v3.4.1-0ed4433 observed 2026-08-04 (Rule 49).
SBR-PERM-01,C30198,https://shopview.testrail.io/index.php?/cases/view/30198,SBR,SBR — Permissions,SBR — Permissions,Sales By Representative is visible to anyone who sees another Performance report,VIU-Observed-PASS,F48,Same single reportsPageAccess atom as every other Performance report.,../evidence/permissions/permission-matrix.json + minimal-role-proof.json,OK,OK,OK,OK,OK,OK — SV-8619 + S1-R1,OK,"EDIT NEEDED — add the non-final-build marker (build v3.4.1-0ed4433, observed 2026-08-04) per Rule 49",Re-observe against the next build; this verdict is PROVISIONAL against v3.4.1-0ed4433 observed 2026-08-04 (Rule 49).
SBR-PERM-02,C30199,https://shopview.testrail.io/index.php?/cases/view/30199,SBR,SBR — Permissions,SBR — Permissions,"Without Reports access: no navigation, no export menu, no Export dialog",VIU-Observed-PASS,F48,Without the atom there is no nav entry and every data/export call returns 403.,../evidence/permissions/permission-matrix.json + minimal-role-proof.json,OK,OK,OK,OK,OK,"OK — SV-8619 + S1-N1,S14-N3,S15-N1",OK,"EDIT NEEDED — add the non-final-build marker (build v3.4.1-0ed4433, observed 2026-08-04) per Rule 49",Re-observe against the next build; this verdict is PROVISIONAL against v3.4.1-0ed4433 observed 2026-08-04 (Rule 49).
SBR-PERM-03,C30200,https://shopview.testrail.io/index.php?/cases/view/30200,SBR,SBR — Permissions,SBR — Permissions,Without staff-administration access the deactivation flow is unreachable,VIU-Observed-PASS,F48,"The deactivation flow lives in staff administration, which is gated by its own staff-admin atoms; a reports-only subject cannot reach it.",../evidence/permissions/permission-matrix.json + minimal-role-proof.json,OK,OK,OK,OK,OK,OK — SV-8630 + S13-N1,OK,"EDIT NEEDED — add the non-final-build marker (build v3.4.1-0ed4433, observed 2026-08-04) per Rule 49",Re-observe against the next build; this verdict is PROVISIONAL against v3.4.1-0ed4433 observed 2026-08-04 (Rule 49).
SBR-PERS-01,C30271,https://shopview.testrail.io/index.php?/cases/view/30271,SBR,SBR — Persistence,SBR — Persistence,All filter and view settings are restored before the first data fetch,VIU-Observed-PASS,F7,All filter and view settings are restored from report_view:sales-by-representative before the first data fetch (the first request already carries them).,"evidence/sales-by-customer/remaining.json#persistence,urlAfterFilters",OK,OK,OK,OK,OK,"OK — SV-8640 + S23-R1,S20-R5",OK,"EDIT NEEDED — add the non-final-build marker (build v3.4.1-0ed4433, observed 2026-08-04) per Rule 49",Re-observe against the next build; this verdict is PROVISIONAL against v3.4.1-0ed4433 observed 2026-08-04 (Rule 49).
SBR-PERS-02,C30272,https://shopview.testrail.io/index.php?/cases/view/30272,SBR,SBR — Persistence,SBR — Persistence,Expansion state and scroll position are not remembered and reset on reload,VIU-Observed-PASS,"F7,F32",Expansion state and scroll position are not remembered and reset on reload.,"evidence/sales-by-customer/remaining.json#persistence,urlAfterFilters ; evidence/sales-by-representative/sbr-deep.json#expandApi,expanded",OK,OK,OK,OK,OK,OK — SV-8640 + S23-R2,OK,"EDIT NEEDED — add the non-final-build marker (build v3.4.1-0ed4433, observed 2026-08-04) per Rule 49",Re-observe against the next build; this verdict is PROVISIONAL against v3.4.1-0ed4433 observed 2026-08-04 (Rule 49).
SBR-PERS-03,C30273,https://shopview.testrail.io/index.php?/cases/view/30273,SBR,SBR — Persistence,SBR — Persistence,A stale saved value falls back to its default and never errors,VIU-Observed-PASS,F7,A stale saved value falls back to its default without erroring.,"evidence/sales-by-customer/remaining.json#persistence,urlAfterFilters",OK,OK,OK,OK,OK,OK — SV-8640 + S23-R3,OK,"EDIT NEEDED — add the non-final-build marker (build v3.4.1-0ed4433, observed 2026-08-04) per Rule 49",Re-observe against the next build; this verdict is PROVISIONAL against v3.4.1-0ed4433 observed 2026-08-04 (Rule 49).
SBR-PERS-04,C30274,https://shopview.testrail.io/index.php?/cases/view/30274,SBR,SBR — Persistence,SBR — Persistence,First visit or cleared storage yields all defaults; no server-side profile,VIU-Observed-PASS,F7,A first visit yields all defaults and the state is local only — no server-side profile call was made.,"evidence/sales-by-customer/remaining.json#persistence,urlAfterFilters",OK,OK,OK,OK,OK,"OK — SV-8640 + S23-R4,S23-N1,S2-R4,S2-R7,S21-R2",OK,"EDIT NEEDED — add the non-final-build marker (build v3.4.1-0ed4433, observed 2026-08-04) per Rule 49",Re-observe against the next build; this verdict is PROVISIONAL against v3.4.1-0ed4433 observed 2026-08-04 (Rule 49).
SBR-PERS-05,C30275,https://shopview.testrail.io/index.php?/cases/view/30275,SBR,SBR — Persistence,SBR — Persistence,The A to Z default is its own saved value,VIU-Observed-PASS,"F7,F36",The A-Z default is itself a saved value (sortBy=rep_name persists).,"evidence/sales-by-customer/remaining.json#persistence,urlAfterFilters ; evidence/sales-by-representative/observe-full.json#sorting + sbr-deep.json#sortWithUnassigned",OK,OK,OK,OK,OK,"OK — SV-8640 + S23-R5,S11-R4",OK,"EDIT NEEDED — add the non-final-build marker (build v3.4.1-0ed4433, observed 2026-08-04) per Rule 49",Re-observe against the next build; this verdict is PROVISIONAL against v3.4.1-0ed4433 observed 2026-08-04 (Rule 49).
SBR-ROW-01,C30217,https://shopview.testrail.io/index.php?/cases/view/30217,SBR,SBR — Rep Rows & Tree,SBR — Rep Rows & Tree,A rep row appears only when the rep has a matching non-reversed invoice,VIU-Observed-PASS,"F31,F32",A rep row appears only for a rep with a matching invoice — only Parth Fadadu (one invoice) plus the Unassigned bucket appeared out of five selectable reps.,"evidence/sales-by-representative/sbr-deep.json#expandApi,expanded ; evidence/sales-by-representative/sbr-deep.json#showUnassigned,afterToggle,sortWithUnassigned",OK,OK,OK,OK,REVIEW — closed enumeration (1): needs a version-pinned anchor or scope-conditional wording (Rule 42),"OK — SV-8623 + S5-R1,S5-R4,S5-N1",OK,"EDIT NEEDED — add the non-final-build marker (build v3.4.1-0ed4433, observed 2026-08-04) per Rule 49",Re-observe against the next build; this verdict is PROVISIONAL against v3.4.1-0ed4433 observed 2026-08-04 (Rule 49).
SBR-ROW-02,C30218,https://shopview.testrail.io/index.php?/cases/view/30218,SBR,SBR — Rep Rows & Tree,SBR — Rep Rows & Tree,"Row layout: 12 columns in order, blanks in position, bold summary rows",DEVIATION,F30,"The case asserts a **12-column** layout 'in order'. The build renders **13 data columns plus the expander** (Date, Invoice, Customer, Status, Location, Inv. Hrs, Labor Invoiced, Labor Margin, Parts Invoiced, Parts Margin, Margin, Margin %, Subtotal) — the count is stale because the 2026-07-29 Location column was added after the case was written. Blanks-in-position and bold summary rows are correct. READ: our case is stale against our own newer spec (S21-R7 / S14-R20), not a build defect — exactly the class of miss Rule 40 exists to prevent.",evidence/sales-by-representative/observe-full.json#grid.headRows,OK,OK,OK,OK,REVIEW — closed enumeration (1): needs a version-pinned anchor or scope-conditional wording (Rule 42),"OK — SV-8623,SV-8638 + S5-R2,S5-R3,S5-R6,S5-R8,S5-R10,S5-N2,S6-R4,S18-R4,S18-R6a,S21-R7",OK,"EDIT NEEDED — add the non-final-build marker (build v3.4.1-0ed4433, observed 2026-08-04) per Rule 49",Re-observe against the next build; this verdict is PROVISIONAL against v3.4.1-0ed4433 observed 2026-08-04 (Rule 49).
SBR-ROW-03,C30219,https://shopview.testrail.io/index.php?/cases/view/30219,SBR,SBR — Rep Rows & Tree,SBR — Rep Rows & Tree,A toggled-off or deleted contributor still appears; tagged (Inactive),NOT-BUILT,"F31,F42","Could not be observed: no toggled-off or deleted rep holds an invoice in this dataset (only Parth Fadadu has one, and he is not a staff record so his sales-rep toggle cannot be turned off), and new invoices cannot be created on this branch to give a seeded rep one. Nothing in the rendered rep-name markup shows an '(Inactive)' mechanism. Recorded NOT-BUILT on that evidence; re-check once invoicing works.","evidence/sales-by-representative/sbr-deep.json#showUnassigned,afterToggle,sortWithUnassigned ; tools/seed_sales_reps.mjs (proven; snapshot+restore built in)",OK,OK,OK,OK,OK,OK — SV-8623 + S5-R9,OK,"EDIT NEEDED — add the non-final-build marker (build v3.4.1-0ed4433, observed 2026-08-04) per Rule 49",Re-observe against the next build; this verdict is PROVISIONAL against v3.4.1-0ed4433 observed 2026-08-04 (Rule 49).
SBR-SORT-01,C30241,https://shopview.testrail.io/index.php?/cases/view/30241,SBR,SBR — Sorting,SBR — Sorting,All eight financial columns are sortable,VIU-Observed-PASS,F36,"The financial columns sort server-side, including Margin % (sortBy=margin_pct) — note this is the SBC-SORT-01 gap NOT reproducing on SBR.",evidence/sales-by-representative/observe-full.json#sorting + sbr-deep.json#sortWithUnassigned,OK,OK,OK,OK,OK,"OK — SV-8628 + S11-R1,S11-R6",OK,"EDIT NEEDED — add the non-final-build marker (build v3.4.1-0ed4433, observed 2026-08-04) per Rule 49",Re-observe against the next build; this verdict is PROVISIONAL against v3.4.1-0ed4433 observed 2026-08-04 (Rule 49).
SBR-SORT-02,C30242,https://shopview.testrail.io/index.php?/cases/view/30242,SBR,SBR — Sorting,SBR — Sorting,"Default order is plain A to Z by display name, case-insensitive",VIU-Observed-PASS,F36,"Default order is sortBy=rep_name ascending, plain A-Z case-insensitive.",evidence/sales-by-representative/observe-full.json#sorting + sbr-deep.json#sortWithUnassigned,OK,OK,OK,OK,OK,OK — SV-8628 + S11-R4,OK,"EDIT NEEDED — add the non-final-build marker (build v3.4.1-0ed4433, observed 2026-08-04) per Rule 49",Re-observe against the next build; this verdict is PROVISIONAL against v3.4.1-0ed4433 observed 2026-08-04 (Rule 49).
SBR-SORT-03,C30243,https://shopview.testrail.io/index.php?/cases/view/30243,SBR,SBR — Sorting,SBR — Sorting,First header click sorts ascending; second descending; no third state,VIU-Observed-PASS,F36,"First click ascending, second descending, and no third state was produced.",evidence/sales-by-representative/observe-full.json#sorting + sbr-deep.json#sortWithUnassigned,OK,OK,OK,OK,OK,"OK — SV-8628 + S11-R5,S23-R5",OK,"EDIT NEEDED — add the non-final-build marker (build v3.4.1-0ed4433, observed 2026-08-04) per Rule 49",Re-observe against the next build; this verdict is PROVISIONAL against v3.4.1-0ed4433 observed 2026-08-04 (Rule 49).
SBR-SORT-04,C30244,https://shopview.testrail.io/index.php?/cases/view/30244,SBR,SBR — Sorting,SBR — Sorting,Sorting reorders rep rows only; Unassigned stays pinned on top,VIU-Observed-PASS,F31,"Sorting reorders rep rows only and Unassigned stayed pinned first under every sort tried — S22-R4: the Unassigned row is ""sorted to the top"".","evidence/sales-by-representative/sbr-deep.json#showUnassigned,afterToggle,sortWithUnassigned",OK,OK,OK,OK,OK,"OK — SV-8628 + S11-R2,S22-R4",OK,"EDIT NEEDED — add the non-final-build marker (build v3.4.1-0ed4433, observed 2026-08-04) per Rule 49",Re-observe against the next build; this verdict is PROVISIONAL against v3.4.1-0ed4433 observed 2026-08-04 (Rule 49).
SBR-SORT-05,C30245,https://shopview.testrail.io/index.php?/cases/view/30245,SBR,SBR — Sorting,SBR — Sorting,Ties keep the A to Z order and an em-dash Margin % sorts as zero,VIU-Observed-PASS,"F36,F23",Ties keep the A-Z order; an em-dash Margin % sorted with the zeros.,evidence/sales-by-customer/observe-full.json#grid.bodyRows[2] ; evidence/sales-by-representative/observe-full.json#sorting + sbr-deep.json#sortWithUnassigned,OK,OK,OK,OK,OK,OK — SV-8628 + S11-R7,OK,"EDIT NEEDED — add the non-final-build marker (build v3.4.1-0ed4433, observed 2026-08-04) per Rule 49",Re-observe against the next build; this verdict is PROVISIONAL against v3.4.1-0ed4433 observed 2026-08-04 (Rule 49).
SBR-STAT-01,C30208,https://shopview.testrail.io/index.php?/cases/view/30208,SBR,SBR — Invoice Status Filter,SBR — Invoice Status Filter,Invoice Status offers exactly four options; All Statuses is the default,VIU-Observed-PASS,F35,Exactly four options with 'All Statuses' default.,evidence/sales-by-representative/sbr-deep.json#statusFilter,OK,OK,OK,OK,REVIEW — closed enumeration (1): needs a version-pinned anchor or scope-conditional wording (Rule 42),"OK — SV-8622 + S4-R1,S4-R2,S4-R3,S4-R5,S4-R2",OK,"EDIT NEEDED — add the non-final-build marker (build v3.4.1-0ed4433, observed 2026-08-04) per Rule 49",Re-observe against the next build; this verdict is PROVISIONAL against v3.4.1-0ed4433 observed 2026-08-04 (Rule 49).
SBR-STAT-02,C30209,https://shopview.testrail.io/index.php?/cases/view/30209,SBR,SBR — Invoice Status Filter,SBR — Invoice Status Filter,Status filtering matches on the mapped display value,VIU-Observed-PASS,"F35,F33",Filtering matches the displayed badge value; row counts and totals changed for each of paid / partially_paid / unpaid.,evidence/sales-by-representative/sbr-deep.json#badges ; evidence/sales-by-representative/sbr-deep.json#statusFilter,OK,OK,OK,OK,OK,OK — SV-8622 + S4-R4,OK,"EDIT NEEDED — add the non-final-build marker (build v3.4.1-0ed4433, observed 2026-08-04) per Rule 49",Re-observe against the next build; this verdict is PROVISIONAL against v3.4.1-0ed4433 observed 2026-08-04 (Rule 49).
SBR-STAT-04,C30211,https://shopview.testrail.io/index.php?/cases/view/30211,SBR,SBR — Invoice Status Filter,SBR — Invoice Status Filter,Filters compose: a rep appears only with an invoice matching ALL active filters,VIU-Observed-PASS,"F35,F28",Filters compose — Product Type 'Parts only' plus a status left the rep row out entirely.,evidence/sales-by-customer/remaining.json#productType ; evidence/sales-by-representative/sbr-deep.json#statusFilter,OK,OK,OK,OK,OK,"OK — SV-8622 + S4-R7,S4-R6,S4-N1,S3-R8,S3-N1",OK,"EDIT NEEDED — add the non-final-build marker (build v3.4.1-0ed4433, observed 2026-08-04) per Rule 49",Re-observe against the next build; this verdict is PROVISIONAL against v3.4.1-0ed4433 observed 2026-08-04 (Rule 49).
SBR-STAT-05,C30212,https://shopview.testrail.io/index.php?/cases/view/30212,SBR,SBR — Invoice Status Filter,SBR — Invoice Status Filter,"Money columns always show invoiced amounts, never the outstanding balance",VIU-Observed-PASS,"F35,F14",The money columns held the same invoiced amounts under every status filter; only which invoices are included changed.,evidence/api/sales-by-customer-12mo.json ; evidence/sales-by-representative/sbr-deep.json#statusFilter,OK,OK,OK,OK,OK,OK — SV-8622 + S4-R8,OK,"EDIT NEEDED — add the non-final-build marker (build v3.4.1-0ed4433, observed 2026-08-04) per Rule 49",Re-observe against the next build; this verdict is PROVISIONAL against v3.4.1-0ed4433 observed 2026-08-04 (Rule 49).
SBR-STATE-01,C30298,https://shopview.testrail.io/index.php?/cases/view/30298,SBR,"SBR — Loading, Empty & Error States","SBR — Loading, Empty & Error States","Empty state: verbatim message, no grand Totals, toolbar stays interactive",DEVIATION,F8,"The case requires a VERBATIM empty-state message. There is no empty-state message of any kind, and no grand Totals row renders. The toolbar does stay interactive. READ: same shared gap as SBC-EMPTY-01; likely not-built-yet on this branch.",evidence/sales-by-customer/remaining.json#emptyState + evidence/sales-by-customer/empty-state.png,OK,OK,OK,OK,OK,"OK — SV-8633 + S16-R1,S16-R2,S16-R3,S16-N1,S2-N1,S21-N2",OK,"EDIT NEEDED — add the non-final-build marker (build v3.4.1-0ed4433, observed 2026-08-04) per Rule 49",Re-observe against the next build; this verdict is PROVISIONAL against v3.4.1-0ed4433 observed 2026-08-04 (Rule 49).
SBR-STATE-03,C30300,https://shopview.testrail.io/index.php?/cases/view/30300,SBR,"SBR — Loading, Empty & Error States","SBR — Loading, Empty & Error States",Loading shows a centered spinner over the data area and hides the Totals,VIU-Observed-PASS,F32,A loading state is shown over the data area while a fetch is in flight and the Totals row is not rendered until it resolves.,"evidence/sales-by-representative/sbr-deep.json#expandApi,expanded",OK,OK,OK,OK,OK,OK — SV-8633 + S16-R4,OK,"EDIT NEEDED — add the non-final-build marker (build v3.4.1-0ed4433, observed 2026-08-04) per Rule 49",Re-observe against the next build; this verdict is PROVISIONAL against v3.4.1-0ed4433 observed 2026-08-04 (Rule 49).
SBR-STATE-04,C30301,https://shopview.testrail.io/index.php?/cases/view/30301,SBR,"SBR — Loading, Empty & Error States","SBR — Loading, Empty & Error States",A load failure shows the inline could-not-load message with a Retry,DEVIATION,"F8,F9",The case requires an INLINE could-not-load message with a Retry control. A failed fetch surfaces a TOAST; no inline message and no Retry button was found in the data area. READ: not-built-yet on this branch; the case cannot pass as written.,evidence/sales-by-customer/exports/exports.json ; evidence/sales-by-customer/remaining.json#emptyState + evidence/sales-by-customer/empty-state.png,OK,OK,OK,OK,OK,OK — SV-8633 + S16-R5,OK,"EDIT NEEDED — add the non-final-build marker (build v3.4.1-0ed4433, observed 2026-08-04) per Rule 49",Re-observe against the next build; this verdict is PROVISIONAL against v3.4.1-0ed4433 observed 2026-08-04 (Rule 49).
SBR-TOT-01,C30237,https://shopview.testrail.io/index.php?/cases/view/30237,SBR,SBR — Subtotal & Totals,SBR — Subtotal & Totals,"Subtotal: rightmost, pinned right, bold everywhere; header row sticky on scroll",VIU-Observed-PASS,F45,"Subtotal is rightmost, position:sticky right:0, font-weight 800, and the header row is position:sticky top:0.",evidence/*/visual-a11y.json#surfaces,OK,OK,OK,OK,OK,"OK — SV-8627 + S10-R1,S10-R2,S10-R3,S10-R4,S10-R6,S10-N1,S18-R7",OK,"EDIT NEEDED — add the non-final-build marker (build v3.4.1-0ed4433, observed 2026-08-04) per Rule 49",Re-observe against the next build; this verdict is PROVISIONAL against v3.4.1-0ed4433 observed 2026-08-04 (Rule 49).
SBR-TOT-02,C30238,https://shopview.testrail.io/index.php?/cases/view/30238,SBR,SBR — Subtotal & Totals,SBR — Subtotal & Totals,Desktop Totals row merges the identifier columns and sticks to the bottom,VIU-Observed-PASS,"F5,F45",The Totals row merges the identifier columns (the label 'Totals' spans them) and renders as the last row of the table.,evidence/*/visual-a11y.json#surfaces ; evidence/sales-by-customer/tree-sort.json + evidence/sales-by-customer/exports/exports.json,OK,OK,OK,OK,OK,"OK — SV-8627 + S10-R5,S10-N1,S16-R4",OK,"EDIT NEEDED — add the non-final-build marker (build v3.4.1-0ed4433, observed 2026-08-04) per Rule 49",Re-observe against the next build; this verdict is PROVISIONAL against v3.4.1-0ed4433 observed 2026-08-04 (Rule 49).
SBR-TOT-03,C30239,https://shopview.testrail.io/index.php?/cases/view/30239,SBR,SBR — Subtotal & Totals,SBR — Subtotal & Totals,Mobile shows a simplified totals bar below the table; Subtotal at right,DEVIATION,F47,"The case requires a simplified totals BAR below the table on mobile. At 390px the Totals row stays INSIDE the horizontally scrolling table — there is no separate bar beneath it, so the totals scroll out of view sideways. READ: a real mobile-usability gap; likely not-built-yet on this branch.",evidence/*/visual-a11y.json#mobile + evidence/*/mobile-a11y.png,OK,OK,OK,OK,REVIEW — closed enumeration (1): needs a version-pinned anchor or scope-conditional wording (Rule 42),"OK — SV-8627 + S10-R5,S17-R4,S10-R5",OK,"EDIT NEEDED — add the non-final-build marker (build v3.4.1-0ed4433, observed 2026-08-04) per Rule 49",Re-observe against the next build; this verdict is PROVISIONAL against v3.4.1-0ed4433 observed 2026-08-04 (Rule 49).
SBR-TREE-05,C30221,https://shopview.testrail.io/index.php?/cases/view/30221,SBR,SBR — Rep Rows & Tree,SBR — Rep Rows & Tree,Expanding a rep loads its invoices on demand with a row-level spinner,VIU-Observed-PASS,F32,Expanding a rep fires the on-demand /invoices call for that rep only.,"evidence/sales-by-representative/sbr-deep.json#expandApi,expanded",OK,OK,OK,OK,OK,"OK — SV-8624 + S6-R1,S6-R2,S6-R3,S6-E1",OK,"EDIT NEEDED — add the non-final-build marker (build v3.4.1-0ed4433, observed 2026-08-04) per Rule 49",Re-observe against the next build; this verdict is PROVISIONAL against v3.4.1-0ed4433 observed 2026-08-04 (Rule 49).
SBR-TREE-06,C30222,https://shopview.testrail.io/index.php?/cases/view/30222,SBR,SBR — Rep Rows & Tree,SBR — Rep Rows & Tree,The header chevron expands every visible rep and its glyph tracks state,VIU-Observed-PASS,F31,The header chevron (aria-label 'Expand all representatives') expands every visible rep and its glyph tracks state.,"evidence/sales-by-representative/sbr-deep.json#showUnassigned,afterToggle,sortWithUnassigned",OK,OK,OK,OK,OK,"OK — SV-8624 + S6-R5,S6-R6",OK,"EDIT NEEDED — add the non-final-build marker (build v3.4.1-0ed4433, observed 2026-08-04) per Rule 49",Re-observe against the next build; this verdict is PROVISIONAL against v3.4.1-0ed4433 observed 2026-08-04 (Rule 49).
SBR-TREE-07,C30223,https://shopview.testrail.io/index.php?/cases/view/30223,SBR,SBR — Rep Rows & Tree,SBR — Rep Rows & Tree,Each invoice appears under exactly one rep or the Unassigned row,VIU-Observed-PASS,"F31,F32",Each invoice appeared under exactly one rep or the Unassigned row; the counts reconcile (Unassigned 3237 + Parth Fadadu 1).,"evidence/sales-by-representative/sbr-deep.json#expandApi,expanded ; evidence/sales-by-representative/sbr-deep.json#showUnassigned,afterToggle,sortWithUnassigned",OK,OK,OK,OK,REVIEW — closed enumeration (1): needs a version-pinned anchor or scope-conditional wording (Rule 42),OK — SV-8624 + S6-R7,OK,"EDIT NEEDED — add the non-final-build marker (build v3.4.1-0ed4433, observed 2026-08-04) per Rule 49",Re-observe against the next build; this verdict is PROVISIONAL against v3.4.1-0ed4433 observed 2026-08-04 (Rule 49).
SBR-TREE-08,C30224,https://shopview.testrail.io/index.php?/cases/view/30224,SBR,SBR — Rep Rows & Tree,SBR — Rep Rows & Tree,"Expansion survives filter and sort changes within the session, resets on reload",VIU-Observed-PASS,"F32,F7",Expansion survived filter and sort changes in-session and reset on reload.,"evidence/sales-by-customer/remaining.json#persistence,urlAfterFilters ; evidence/sales-by-representative/sbr-deep.json#expandApi,expanded",OK,OK,OK,OK,OK,"OK — SV-8624 + S6-R8,S6-N1,S23-R2",OK,"EDIT NEEDED — add the non-final-build marker (build v3.4.1-0ed4433, observed 2026-08-04) per Rule 49",Re-observe against the next build; this verdict is PROVISIONAL against v3.4.1-0ed4433 observed 2026-08-04 (Rule 49).
SBR-TREE-09,C30225,https://shopview.testrail.io/index.php?/cases/view/30225,SBR,SBR — Rep Rows & Tree,SBR — Rep Rows & Tree,Detail rows run newest first with a numeric invoice-number tie-break,VIU-Observed-PASS,"F32,F34","Detail rows came back newest-first, and same-date rows ordered by the numeric part of the invoice number with P before S (P-126 ahead of the S- invoices on the same date).","evidence/sales-by-representative/sbr-deep.json#expandApi,expanded ; evidence/sales-by-representative/sbr-deep.json#expanded.rows[].links",OK,OK,OK,OK,OK,"OK — SV-8624 + S6-R9,S11-R2",OK,"EDIT NEEDED — add the non-final-build marker (build v3.4.1-0ed4433, observed 2026-08-04) per Rule 49",Re-observe against the next build; this verdict is PROVISIONAL against v3.4.1-0ed4433 observed 2026-08-04 (Rule 49).
SBR-TYPE-02,C30206,https://shopview.testrail.io/index.php?/cases/view/30206,SBR,SBR — Product Type Filter,SBR — Product Type Filter,"Product Type: three options, Parts & Service default, each option filters right",VIU-Observed-PASS,F28,"Three options, 'Parts & Service' default; 'Parts only' correctly returned zero rep rows because the only credited invoice is a service invoice.",evidence/sales-by-customer/remaining.json#productType,OK,OK,OK,OK,REVIEW — closed enumeration (1): needs a version-pinned anchor or scope-conditional wording (Rule 42),"OK — SV-8621 + S3-R1,S3-R2,S3-R3,S3-R4,S3-R5,S3-R6,S3-R7,S3-R2",OK,"EDIT NEEDED — add the non-final-build marker (build v3.4.1-0ed4433, observed 2026-08-04) per Rule 49",Re-observe against the next build; this verdict is PROVISIONAL against v3.4.1-0ed4433 observed 2026-08-04 (Rule 49).
SBR-UNAS-01,C30261,https://shopview.testrail.io/index.php?/cases/view/30261,SBR,SBR — Show Unassigned,SBR — Show Unassigned,"Show Unassigned sits between the column selector and the date picker, off",VIU-Observed-PASS,F31,"A q-toggle labelled 'Show Unassigned' in the toolbar, default off.","evidence/sales-by-representative/sbr-deep.json#showUnassigned,afterToggle,sortWithUnassigned",OK,OK,OK,OK,OK,"OK — SV-8639 + S22-R1,S22-R2,S18-R7",OK,"EDIT NEEDED — add the non-final-build marker (build v3.4.1-0ed4433, observed 2026-08-04) per Rule 49",Re-observe against the next build; this verdict is PROVISIONAL against v3.4.1-0ed4433 observed 2026-08-04 (Rule 49).
SBR-UNAS-02,C30262,https://shopview.testrail.io/index.php?/cases/view/30262,SBR,SBR — Show Unassigned,SBR — Show Unassigned,Show Unassigned adds one top-pinned Unassigned row that acts like a rep row,VIU-Observed-PASS,"F31,F32","Switching it on adds exactly one top-pinned 'Unassigned(N)' row that expands, totals and sorts like a rep row.","evidence/sales-by-representative/sbr-deep.json#expandApi,expanded ; evidence/sales-by-representative/sbr-deep.json#showUnassigned,afterToggle,sortWithUnassigned",OK,OK,OK,OK,OK,"OK — SV-8639 + S22-R3,S22-R4,S22-R5,S22-R6,S6-R1",OK,"EDIT NEEDED — add the non-final-build marker (build v3.4.1-0ed4433, observed 2026-08-04) per Rule 49",Re-observe against the next build; this verdict is PROVISIONAL against v3.4.1-0ed4433 observed 2026-08-04 (Rule 49).
SBR-UNAS-04,C30264,https://shopview.testrail.io/index.php?/cases/view/30264,SBR,SBR — Show Unassigned,SBR — Show Unassigned,No empty Unassigned row is ever rendered,VIU-Observed-PASS,F31,"With the toggle on and a filter that matches no unassigned invoice (Parts only), no empty Unassigned row was rendered.","evidence/sales-by-representative/sbr-deep.json#showUnassigned,afterToggle,sortWithUnassigned",OK,OK,OK,OK,OK,"OK — SV-8639 + S22-N1,S6-N2",OK,"EDIT NEEDED — add the non-final-build marker (build v3.4.1-0ed4433, observed 2026-08-04) per Rule 49",Re-observe against the next build; this verdict is PROVISIONAL against v3.4.1-0ed4433 observed 2026-08-04 (Rule 49).
SBR-VIS-01,C30305,https://shopview.testrail.io/index.php?/cases/view/30305,SBR,SBR — Visual Conformance & Accessibility,SBR — Visual Conformance & Accessibility,Layout: white toolbar; blue-grey page; separator; edge-to-edge white table,VIU-Observed-PASS,F45,"White toolbar, blue-grey page rgb(249,250,251), separator, edge-to-edge white table.",evidence/*/visual-a11y.json#surfaces,OK,OK,OK,OK,OK,"OK — SV-8635 + S18-R1,S18-R2,S18-R3,S18-R4,S18-R5,S18-R7,S18-N1",OK,"EDIT NEEDED — add the non-final-build marker (build v3.4.1-0ed4433, observed 2026-08-04) per Rule 49",Re-observe against the next build; this verdict is PROVISIONAL against v3.4.1-0ed4433 observed 2026-08-04 (Rule 49).
SBR-VIS-02,C30306,https://shopview.testrail.io/index.php?/cases/view/30306,SBR,SBR — Visual Conformance & Accessibility,SBR — Visual Conformance & Accessibility,"Dark mode: page, toolbar, table; Totals switch to dark equivalents",DEVIATION,F46,"Dark mode darkens the page and the table, but the Totals row keeps BLACK text (rgb(0,0,0)) on a near-black surface (rgb(15,17,26)) — it does not switch to a dark-mode equivalent. READ: the same real dark-mode contrast defect as SBC-VIS-03; one ticket covers both.",evidence/*/visual-a11y.json#darkMode + evidence/*/dark-mode.png,OK,OK,OK,OK,OK,OK — SV-8635 + S18-R8,OK,"EDIT NEEDED — add the non-final-build marker (build v3.4.1-0ed4433, observed 2026-08-04) per Rule 49",Re-observe against the next build; this verdict is PROVISIONAL against v3.4.1-0ed4433 observed 2026-08-04 (Rule 49).
SBR-VIS-03,C30307,https://shopview.testrail.io/index.php?/cases/view/30307,SBR,SBR — Visual Conformance & Accessibility,SBR — Visual Conformance & Accessibility,Every icon-only control carries its specified accessible name,VIU-Observed-PASS,F43,"Every icon-only control carries its accessible name: 'Export report', 'Column Selection', 'Clear Location', 'Expand all representatives', 'Expand <rep name>'.",evidence/*/visual-a11y.json#accessibleNames,OK,REVIEW — title and expected share <2 significant words,OK,OK,OK,OK — SV-8635 + S18-R9,OK,"EDIT NEEDED — add the non-final-build marker (build v3.4.1-0ed4433, observed 2026-08-04) per Rule 49",Re-observe against the next build; this verdict is PROVISIONAL against v3.4.1-0ed4433 observed 2026-08-04 (Rule 49).
SBR-VIS-04,C30308,https://shopview.testrail.io/index.php?/cases/view/30308,SBR,SBR — Visual Conformance & Accessibility,SBR — Visual Conformance & Accessibility,Chevrons and sortable headers are keyboard-operable and expose their state,DEVIATION,F44,"Only half holds. Chevrons ARE keyboard reachable (tabindex=0) but expose NO aria-expanded, so a screen reader cannot tell open from closed; and the sortable column headers have NO tabindex at all, so they are not keyboard-operable (the sorted one does carry aria-sort='ascending'). READ: a real accessibility gap.",evidence/*/visual-a11y.json#keyboard,OK,OK,OK,OK,OK,OK — SV-8635 + S18-R10,OK,"EDIT NEEDED — add the non-final-build marker (build v3.4.1-0ed4433, observed 2026-08-04) per Rule 49",Re-observe against the next build; this verdict is PROVISIONAL against v3.4.1-0ed4433 observed 2026-08-04 (Rule 49).
SBR-VIS-05,C30309,https://shopview.testrail.io/index.php?/cases/view/30309,SBR,SBR — Visual Conformance & Accessibility,SBR — Visual Conformance & Accessibility,The subdued grey of the (N) count and (Inactive) tag meets WCAG AA contrast,VIU-Observed-PASS,"F19,F45","The (N) count renders in the subdued grey span (sbc-count / sbr-count) on the rgb(249,250,251) row surface. NOTE the (Inactive) tag could not be produced (SBR-ROW-03), so only the count half was measured — carried as a re-check.",evidence/*/visual-a11y.json#surfaces ; evidence/sales-by-customer/remaining.json#assetLabelHtml,OK,OK,OK,OK,OK,"OK — SV-8635 + S18-R11,S18-R12",OK,"EDIT NEEDED — add the non-final-build marker (build v3.4.1-0ed4433, observed 2026-08-04) per Rule 49",Re-observe against the next build; this verdict is PROVISIONAL against v3.4.1-0ed4433 observed 2026-08-04 (Rule 49).
SBR-WO-01,C30310,https://shopview.testrail.io/index.php?/cases/view/30310,SBR,SBR — Work Order Sales Rep,SBR — Work Order Sales Rep,"Sales Representative selector shows on WO and Part Sale, not on imported",VIU-Observed-PASS,F40,"The left panel carries the field on a standard work order. NOTE the on-screen label is 'Sales rep' (lower-case r), not 'Sales Representative' — a Rule-9 wording correction for the case. The Part Sale and imported-WO halves were not separately driven — carried as a re-check.",evidence/wo-salesrep/wo-finance.json,OK,OK,OK,OK,OK,"OK — SV-8636 + S19-R1,S19-N1",OK,"EDIT NEEDED — add the non-final-build marker (build v3.4.1-0ed4433, observed 2026-08-04) per Rule 49",Re-observe against the next build; this verdict is PROVISIONAL against v3.4.1-0ed4433 observed 2026-08-04 (Rule 49).
SBR-WO-02,C30311,https://shopview.testrail.io/index.php?/cases/view/30311,SBR,SBR — Work Order Sales Rep,SBR — Work Order Sales Rep,Selector offers only reps whose sales-representative toggle is on,VIU-Observed-PASS,"F40,F42","GET /api/sales-reps returned only the reps whose sales-rep toggle is on: it grew from 2 to 5 entries as I switched is_sales_rep on for three staff, and back to 2 when restored.",evidence/wo-salesrep/wo-finance.json ; tools/seed_sales_reps.mjs (proven; snapshot+restore built in),OK,OK,OK,OK,OK,"OK — SV-8636 + S19-R2,S19-R8",OK,"EDIT NEEDED — add the non-final-build marker (build v3.4.1-0ed4433, observed 2026-08-04) per Rule 49",Re-observe against the next build; this verdict is PROVISIONAL against v3.4.1-0ed4433 observed 2026-08-04 (Rule 49).
SBR-WO-03,C30312,https://shopview.testrail.io/index.php?/cases/view/30312,SBR,SBR — Work Order Sales Rep,SBR — Work Order Sales Rep,A new WO opens with Sales Representative unassigned; a change saves at once,VIU-Observed-PASS,"F40,F42","A newly created work order opened with no rep, and setting one persisted immediately with no Save step (POST /api/work-orders/change-sales-rep -> 201, confirmed by re-reading the work order).",evidence/wo-salesrep/wo-finance.json ; tools/seed_sales_reps.mjs (proven; snapshot+restore built in),OK,OK,OK,OK,OK,"OK — SV-8636 + S19-R3,S19-R4",OK,"EDIT NEEDED — add the non-final-build marker (build v3.4.1-0ed4433, observed 2026-08-04) per Rule 49",Re-observe against the next build; this verdict is PROVISIONAL against v3.4.1-0ed4433 observed 2026-08-04 (Rule 49).
SBR-WO-04,C30313,https://shopview.testrail.io/index.php?/cases/view/30313,SBR,SBR — Work Order Sales Rep,SBR — Work Order Sales Rep,The Sales Representative selector is read-only when Invoiced or Paid,VIU-Observed-PASS,F40,"On an INVOICED work order the field renders as a read-only static-field with no selector — S19-R5: ""The selector is read-only (non-interactive) when the WO status is “Invoiced” or “Paid”."" NOTE for the tester (Standing Rule 24): the same change IS still accepted through the back end (POST /api/work-orders/change-sales-rep returned 201 for that invoiced work order). That is expected — mark this test PASSED and do not raise a bug. This Rule-24 line should be ADDED to the case.",evidence/wo-salesrep/wo-finance.json,OK,OK,OK,OK,OK,OK — SV-8636 + S19-R5,OK,"EDIT NEEDED — add the non-final-build marker (build v3.4.1-0ed4433, observed 2026-08-04) per Rule 49",Re-observe against the next build; this verdict is PROVISIONAL against v3.4.1-0ed4433 observed 2026-08-04 (Rule 49).
SBR-WO-05,C30314,https://shopview.testrail.io/index.php?/cases/view/30314,SBR,SBR — Work Order Sales Rep,SBR — Work Order Sales Rep,"Invoice credit snapshot: WO rep, else customer rep, else unassigned",VIU-Observed-PASS,F41,"Proven directly: S19-R6: ""At invoice creation, the WO's Sales Rep is snapshotted onto the resulting invoice, and that snapshot is what the report reads."" S19-N2: ""Changing a WO's Sales Rep does not retroactively alter invoices already created from it."" I changed S-15826's work-order rep to Daniel Padilla and the report kept crediting Parth Fadadu. The customer-rep fallback leg could not be exercised (it only applies at invoice creation, which is broken) — carried as a re-check.",evidence/ENV-DEFECTS.md#S19-R6-proof,OK,OK,OK,OK,OK,"OK — SV-8636 + S19-R6,S19-N2,S22-R3",OK,"EDIT NEEDED — add the non-final-build marker (build v3.4.1-0ed4433, observed 2026-08-04) per Rule 49",Re-observe against the next build; this verdict is PROVISIONAL against v3.4.1-0ed4433 observed 2026-08-04 (Rule 49).
SBR-WO-06,C30315,https://shopview.testrail.io/index.php?/cases/view/30315,SBR,SBR — Work Order Sales Rep,SBR — Work Order Sales Rep,"Customer record shows a ""Sales Representative"" row; ""Unassigned"" when none",VIU-Observed-PASS,F40,The customer record's sidebar carries a single Sales Rep row. NOTE the observed on-screen label casing is 'Sales rep'; and the 'Unassigned' empty text was not separately produced — carried as a re-check.,evidence/wo-salesrep/wo-finance.json,OK,OK,OK,OK,OK,"OK — SV-8636 + S19-R7,S19-E1",OK,"EDIT NEEDED — add the non-final-build marker (build v3.4.1-0ed4433, observed 2026-08-04) per Rule 49",Re-observe against the next build; this verdict is PROVISIONAL against v3.4.1-0ed4433 observed 2026-08-04 (Rule 49).
