internal_id,testrail_case_id,testrail_link,report,section,title,title_len,d1_useful,d1_reason,d2a_sense,d2a_reason,d3_genuine_layman,d3_traceable,d3_jargon_in_tester_text,d3_internal_id_in_tester_text,refs
IV-API-01,C30605,https://shopview.testrail.io/index.php?/cases/view/30605,IV,IV — API,Nightly snapshot records one row per in-stock non-core part per location,72,KEEP,Server-side contract (pagination/sort/snapshot/enforcement) — placed in an API section per Rule 4; verifiable via network tab/DB; failures are real defects.,SENSIBLE,"Cold-read PASS: preconditions reachable (seeding stated where needed), steps executable in order, expected follows, no contradiction, every control spec-traceable, domain logic sound, pass/fail observable.",PASS,yes,,,SV-8678 (specs/inventory-value.md Story 11 S11-R1; S11-R4)
IV-API-02,C30606,https://shopview.testrail.io/index.php?/cases/view/30606,IV,IV — API,A recorded snapshot day equals what the live report showed that day,67,KEEP,Server-side contract (pagination/sort/snapshot/enforcement) — placed in an API section per Rule 4; verifiable via network tab/DB; failures are real defects.,SENSIBLE,"Cold-read PASS: preconditions reachable (seeding stated where needed), steps executable in order, expected follows, no contradiction, every control spec-traceable, domain logic sound, pass/fail observable.",PASS,yes,,,SV-8678 (specs/inventory-value.md Story 11 S11-R2; §2 Relationship to nightly history)
IV-API-03,C30607,https://shopview.testrail.io/index.php?/cases/view/30607,IV,IV — API,Nightly snapshot: re-running the capture for a date replaces that date's rows,77,KEEP,Idempotent snapshot re-run (no duplicate rows) — protects the data the whole report stands on.,SENSIBLE,"Cold-read PASS: preconditions reachable (seeding stated where needed), steps executable in order, expected follows, no contradiction, every control spec-traceable, domain logic sound, pass/fail observable.",PASS,yes,,,SV-8678 (specs/inventory-value.md Story 11 S11-R3)
IV-API-04,C30608,https://shopview.testrail.io/index.php?/cases/view/30608,IV,IV — API,Nightly snapshot: a re-run records today's truth; it cannot rebuild a past day,78,KEEP,Server-side contract (pagination/sort/snapshot/enforcement) — placed in an API section per Rule 4; verifiable via network tab/DB; failures are real defects.,SENSIBLE,"Cold-read PASS: preconditions reachable (seeding stated where needed), steps executable in order, expected follows, no contradiction, every control spec-traceable, domain logic sound, pass/fail observable.",PASS,yes,,,SV-8678 (specs/inventory-value.md Story 11 S11-R5; Story 5 S5-E1)
IV-API-05,C30609,https://shopview.testrail.io/index.php?/cases/view/30609,IV,IV — API,Snapshot retention: daily captures are kept for 0–13 months,59,KEEP,"Snapshot retention thinning (13 months daily, then monthly) — spec change-log item; data-lifecycle contract.",SENSIBLE,"Cold-read PASS: preconditions reachable (seeding stated where needed), steps executable in order, expected follows, no contradiction, every control spec-traceable, domain logic sound, pass/fail observable.",PASS,yes,,,SV-8678 (specs/inventory-value.md Story 11 S11-R6)
IV-API-06,C30610,https://shopview.testrail.io/index.php?/cases/view/30610,IV,IV — API,Thinned history still served by the closest-recorded-day rule,61,KEEP,Server-side contract (pagination/sort/snapshot/enforcement) — placed in an API section per Rule 4; verifiable via network tab/DB; failures are real defects.,SENSIBLE,"Cold-read PASS: preconditions reachable (seeding stated where needed), steps executable in order, expected follows, no contradiction, every control spec-traceable, domain logic sound, pass/fail observable.",PASS,yes,,,SV-8678 (specs/inventory-value.md Story 11 S11-E1; S11-R6; Story 5 S5-R4; S5-R5; S5-N1)
IV-CALC-01,C30545,https://shopview.testrail.io/index.php?/cases/view/30545,IV,IV — Valuation & Columns,Unit Sell uses the part's fixed sell price when one is set,58,KEEP,"Calculation contract with a worked example; a failure is a real, reportable money/hours bug.",SENSIBLE,"Cold-read PASS: preconditions reachable (seeding stated where needed), steps executable in order, expected follows, no contradiction, every control spec-traceable, domain logic sound, pass/fail observable.",PASS,yes,,,SV-8670 (specs/inventory-value.md Story 3 S3-R5 (fixed-price branch); §3 Key Decisions (unit sell resolved like the parts list))
IV-CALC-02,C30546,https://shopview.testrail.io/index.php?/cases/view/30546,IV,IV — Valuation & Columns,With no fixed sell price Unit Sell is the category's pricing-matrix markup,74,KEEP,"Calculation contract with a worked example; a failure is a real, reportable money/hours bug.",SENSIBLE,"Cold-read PASS: preconditions reachable (seeding stated where needed), steps executable in order, expected follows, no contradiction, every control spec-traceable, domain logic sound, pass/fail observable.",PASS,yes,,,SV-8670 (specs/inventory-value.md Story 3 S3-R5 (matrix branch); §5 Assumptions)
IV-CALC-03,C30547,https://shopview.testrail.io/index.php?/cases/view/30547,IV,IV — Valuation & Columns,"With no fixed sell price and no category, Unit Sell equals Unit Cost",68,KEEP,"Sell-price fallback chain end (no price, no category -> valued at cost) — valuation contract.",SENSIBLE,"Cold-read PASS: preconditions reachable (seeding stated where needed), steps executable in order, expected follows, no contradiction, every control spec-traceable, domain logic sound, pass/fail observable.",PASS,yes,,,SV-8670 (specs/inventory-value.md Story 3 S3-R5 (no-category fallback) + context note; §5 Assumptions)
IV-CALC-04,C30548,https://shopview.testrail.io/index.php?/cases/view/30548,IV,IV — Valuation & Columns,Total Sell is quantity × Unit Sell and Total Cost is quantity × Unit Cost,73,KEEP,"Calculation contract with a worked example; a failure is a real, reportable money/hours bug.",SENSIBLE,"Cold-read PASS: preconditions reachable (seeding stated where needed), steps executable in order, expected follows, no contradiction, every control spec-traceable, domain logic sound, pass/fail observable.",PASS,yes,,,SV-8670 (specs/inventory-value.md Story 3 S3-R6; S3-R7; §4 Terminology)
IV-CALC-05,C30549,https://shopview.testrail.io/index.php?/cases/view/30549,IV,IV — Valuation & Columns,Margin is Total Sell minus Total Cost for the whole on-hand quantity,68,KEEP,"Calculation contract with a worked example; a failure is a real, reportable money/hours bug.",SENSIBLE,"Cold-read PASS: preconditions reachable (seeding stated where needed), steps executable in order, expected follows, no contradiction, every control spec-traceable, domain logic sound, pass/fail observable.",PASS,yes,,,SV-8670 (specs/inventory-value.md Story 3 S3-R8; §3 Key Decisions (extended margin); §4 Terminology)
IV-CALC-06,C30550,https://shopview.testrail.io/index.php?/cases/view/30550,IV,IV — Valuation & Columns,Margin % is Margin over Total Sell to one decimal; em-dash when Sell <= 0,73,KEEP,"Calculation contract with a worked example; a failure is a real, reportable money/hours bug.",SENSIBLE,"Cold-read PASS: preconditions reachable (seeding stated where needed), steps executable in order, expected follows, no contradiction, every control spec-traceable, domain logic sound, pass/fail observable.",PASS,yes,,,SV-8670 (specs/inventory-value.md Story 3 S3-R9; S3-E3)
IV-COL-01,C30551,https://shopview.testrail.io/index.php?/cases/view/30551,IV,IV — Valuation & Columns,With every column on they appear in the fixed order with the set alignment,74,KEEP,Column selector behavior contract (contents/effect/exports interaction).,SENSIBLE,"Cold-read PASS: preconditions reachable (seeding stated where needed), steps executable in order, expected follows, no contradiction, every control spec-traceable, domain logic sound, pass/fail observable.",PASS,yes,,,SV-8670 (specs/inventory-value.md Story 3 S3-R1; S3-R2)
IV-COL-02,C30552,https://shopview.testrail.io/index.php?/cases/view/30552,IV,IV — Valuation & Columns,Value formats: Qty on Hand to two decimals; money as US-dollar currency,71,KEEP,Column selector behavior contract (contents/effect/exports interaction).,SENSIBLE,"Cold-read PASS: preconditions reachable (seeding stated where needed), steps executable in order, expected follows, no contradiction, every control spec-traceable, domain logic sound, pass/fail observable.",PASS,yes,,,SV-8670 (specs/inventory-value.md Story 3 S3-R3; S3-R4; S3-R5 (display); S3-R10; §4 Terminology (On-hand quantity))
IV-COL-03,C30553,https://shopview.testrail.io/index.php?/cases/view/30553,IV,IV — Valuation & Columns,Total Cost is bold and pinned far right; it stays put on sideways scroll,72,KEEP,Column selector behavior contract (contents/effect/exports interaction).,SENSIBLE,"Cold-read PASS: preconditions reachable (seeding stated where needed), steps executable in order, expected follows, no contradiction, every control spec-traceable, domain logic sound, pass/fail observable.",PASS,yes,,,SV-8670 (specs/inventory-value.md Story 3 S3-R11; Story 12 S12-R4; §3 Key Decisions)
IV-COL-04,C30554,https://shopview.testrail.io/index.php?/cases/view/30554,IV,IV — Valuation & Columns,On a first visit the default columns show and the rest stay available,69,KEEP,Column selector behavior contract (contents/effect/exports interaction).,SENSIBLE,"Cold-read PASS: preconditions reachable (seeding stated where needed), steps executable in order, expected follows, no contradiction, every control spec-traceable, domain logic sound, pass/fail observable.",PASS,yes,,,SV-8670 (specs/inventory-value.md Story 3 S3-R12; S3-R13; Story 8 S8-R3)
IV-COL-05,C30555,https://shopview.testrail.io/index.php?/cases/view/30555,IV,IV — Valuation & Columns,"Category and Vendor show their names; an em dash (""—"") when the part has none",77,WEAK-KEEP,"Em-dash for missing category/vendor; a rendering default, low value.",SENSIBLE,"Cold-read PASS: preconditions reachable (seeding stated where needed), steps executable in order, expected follows, no contradiction, every control spec-traceable, domain logic sound, pass/fail observable.",PASS,yes,,,SV-8670 (specs/inventory-value.md Story 3 S3-R14; S3-E1; S3-E2)
IV-DATE-01,C30561,https://shopview.testrail.io/index.php?/cases/view/30561,IV,IV — As-of Date & Snapshots,Date range offers the standard presets plus Custom; no All Time option,70,KEEP,Date-range semantics (presets/cap/anchoring) — drives every number on the report.,SENSIBLE,"Cold-read PASS: preconditions reachable (seeding stated where needed), steps executable in order, expected follows, no contradiction, every control spec-traceable, domain logic sound, pass/fail observable.",PASS,yes,,,SV-8672 (specs/inventory-value.md Story 5 S5-R1; §2 Known Limitations (v1))
IV-DATE-02,C30562,https://shopview.testrail.io/index.php?/cases/view/30562,IV,IV — As-of Date & Snapshots,The report values inventory as of the END of the selected range,63,KEEP,"The date is an as-of anchor, not a created-date filter — the report's core semantic; testers WILL misread this without the case.",SENSIBLE,"Cold-read PASS: preconditions reachable (seeding stated where needed), steps executable in order, expected follows, no contradiction, every control spec-traceable, domain logic sound, pass/fail observable.",PASS,yes,,,SV-8672 (specs/inventory-value.md Story 5 S5-R2 (+ context note))
IV-DATE-03,C30563,https://shopview.testrail.io/index.php?/cases/view/30563,IV,IV — As-of Date & Snapshots,A window reaching today with today not yet recorded values live stock,69,KEEP,Date-range semantics (presets/cap/anchoring) — drives every number on the report.,SENSIBLE,"Cold-read PASS: preconditions reachable (seeding stated where needed), steps executable in order, expected follows, no contradiction, every control spec-traceable, domain logic sound, pass/fail observable.",PASS,yes,,,SV-8672 (specs/inventory-value.md Story 5 S5-R3; §3 Key Decisions (live fallback for today))
IV-DATE-04,C30564,https://shopview.testrail.io/index.php?/cases/view/30564,IV,IV — As-of Date & Snapshots,For a past date the report replays the closest recorded day on or before it,75,KEEP,Date-range semantics (presets/cap/anchoring) — drives every number on the report.,SENSIBLE,"Cold-read PASS: preconditions reachable (seeding stated where needed), steps executable in order, expected follows, no contradiction, every control spec-traceable, domain logic sound, pass/fail observable.",PASS,yes,,,SV-8672 (specs/inventory-value.md Story 5 S5-R4; §2 Relationship to nightly history)
IV-DATE-05,C30565,https://shopview.testrail.io/index.php?/cases/view/30565,IV,IV — As-of Date & Snapshots,"""As of"" indicator names the day shown; hidden when it matches the ask",69,KEEP,Date-range semantics (presets/cap/anchoring) — drives every number on the report.,SENSIBLE,"Cold-read PASS: preconditions reachable (seeding stated where needed), steps executable in order, expected follows, no contradiction, every control spec-traceable, domain logic sound, pass/fail observable.",PASS,yes,,,SV-8672 (specs/inventory-value.md Story 5 S5-R5; S5-R6)
IV-DATE-06,C30566,https://shopview.testrail.io/index.php?/cases/view/30566,IV,IV — As-of Date & Snapshots,A Custom range values stock as of the picked end date; capped at today,70,KEEP,Date-range semantics (presets/cap/anchoring) — drives every number on the report.,SENSIBLE,"Cold-read PASS: preconditions reachable (seeding stated where needed), steps executable in order, expected follows, no contradiction, every control spec-traceable, domain logic sound, pass/fail observable.",PASS,yes,,,SV-8672 (specs/inventory-value.md Story 5 S5-R7; S5-R8)
IV-DATE-08,C30568,https://shopview.testrail.io/index.php?/cases/view/30568,IV,IV — As-of Date & Snapshots,History accrues forward only; a pre-first-recording date is not shown,69,KEEP,Date-range semantics (presets/cap/anchoring) — drives every number on the report.,SENSIBLE,"Cold-read PASS: preconditions reachable (seeding stated where needed), steps executable in order, expected follows, no contradiction, every control spec-traceable, domain logic sound, pass/fail observable.",PASS,yes,,,SV-8672 (specs/inventory-value.md Story 5 S5-E1; §2 Known Limitations (v1); §2 Out of scope)
IV-DATE-09,C38892,https://shopview.testrail.io/index.php?/cases/view/38892,IV,IV — As-of Date & Snapshots,A recorded day keeps its category and vendor names after a rename or delete,75,KEEP,Snapshot rows keep the category/vendor NAMES they were recorded with after a rename or delete. A genuine historical-integrity contract; failure = silently rewritten history.,SENSIBLE,"Cold-read PASS 2026-07-31: preconditions reachable (seeding named where needed), steps executable in order, expected follows from the steps, no internal contradiction, every control traceable to the spec or the driving story, domain logic sound, pass/fail observable by a non-technical tester.",PASS,yes,,,SV-8678 (specs/inventory-value.md Story 11 S11-R2; Story 5 S5-R4; tech-plan-2026-07-29 B4.1 — names stored with the recorded rows on purpose)
IV-EXP-01,C30587,https://shopview.testrail.io/index.php?/cases/view/30587,IV,IV — Exports,Inventory Value: a three-dot menu holds Download (PDF) and Download (CSV),73,KEEP,Export content/behavior contract (what is in the file / when it is refused) — distinct observable outcome.,SENSIBLE,"Cold-read PASS: preconditions reachable (seeding stated where needed), steps executable in order, expected follows, no contradiction, every control spec-traceable, domain logic sound, pass/fail observable.",PASS,yes,,,SV-8677 (specs/inventory-value.md Story 10 S10-R1; S10-R2)
IV-EXP-02,C30588,https://shopview.testrail.io/index.php?/cases/view/30588,IV,IV — Exports,"Downloads keep shown columns and order, honor filters, and include Totals",73,KEEP,Export content/behavior contract (what is in the file / when it is refused) — distinct observable outcome.,SENSIBLE,"Cold-read PASS: preconditions reachable (seeding stated where needed), steps executable in order, expected follows, no contradiction, every control spec-traceable, domain logic sound, pass/fail observable.",PASS,yes,,,SV-8677 (specs/inventory-value.md Story 10 S10-R3; S10-R4; S10-R5; S10-R6 + Locations: line in every CSV/PDF export per Chris Ward group message 2026-07-29 (chris-update-2026-07-29/chris-message-2026-07-29.md; NEWEST source; last-update-wins))
IV-EXP-03,C30589,https://shopview.testrail.io/index.php?/cases/view/30589,IV,IV — Exports,Export number formats: money to 2 decimals; Margin % to 1 with em-dash,70,KEEP,Export content/behavior contract (what is in the file / when it is refused) — distinct observable outcome.,SENSIBLE,"Cold-read PASS: preconditions reachable (seeding stated where needed), steps executable in order, expected follows, no contradiction, every control spec-traceable, domain logic sound, pass/fail observable.",PASS,yes,,,SV-8677 (specs/inventory-value.md Story 10 S10-R7 (+ context note))
IV-EXP-04,C30590,https://shopview.testrail.io/index.php?/cases/view/30590,IV,IV — Exports,PDF header shows report name; org; period and an as-of line; logo if set,72,KEEP,Export content/behavior contract (what is in the file / when it is refused) — distinct observable outcome.,SENSIBLE,"Cold-read PASS: preconditions reachable (seeding stated where needed), steps executable in order, expected follows, no contradiction, every control spec-traceable, domain logic sound, pass/fail observable.",PASS,yes,,,SV-8677 (specs/inventory-value.md Story 10 S10-R8; S10-R9)
IV-EXP-05,C30591,https://shopview.testrail.io/index.php?/cases/view/30591,IV,IV — Exports,Downloaded files are named inventory-value-report.pdf and .csv,62,WEAK-KEEP,"Verbatim filenames; string conformance, verify once.",SENSIBLE,"Cold-read PASS: preconditions reachable (seeding stated where needed), steps executable in order, expected follows, no contradiction, every control spec-traceable, domain logic sound, pass/fail observable.",PASS,yes,,,SV-8677 (specs/inventory-value.md Story 10 S10-R10)
IV-EXP-06,C30592,https://shopview.testrail.io/index.php?/cases/view/30592,IV,IV — Exports,Exports are generated server-side over the full filtered set,60,KEEP,Export content/behavior contract (what is in the file / when it is refused) — distinct observable outcome.,SENSIBLE,"Cold-read PASS: preconditions reachable (seeding stated where needed), steps executable in order, expected follows, no contradiction, every control spec-traceable, domain logic sound, pass/fail observable.",PASS,yes,,,SV-8677 (specs/inventory-value.md Story 10 S10-R11)
IV-EXP-07,C30593,https://shopview.testrail.io/index.php?/cases/view/30593,IV,IV — Exports,An over-cap set produces no file and shows the too-large-to-export message,74,KEEP,Export content/behavior contract (what is in the file / when it is refused) — distinct observable outcome.,SENSIBLE,"Cold-read PASS: preconditions reachable (seeding stated where needed), steps executable in order, expected follows, no contradiction, every control spec-traceable, domain logic sound, pass/fail observable.",PASS,yes,,,SV-8677 (specs/inventory-value.md Story 10 S10-R12; §7 User Feedback Summary)
IV-EXP-09,C30595,https://shopview.testrail.io/index.php?/cases/view/30595,IV,IV — Exports,Download notifications: verbatim success and failure texts per format,69,KEEP,Export content/behavior contract (what is in the file / when it is refused) — distinct observable outcome.,SENSIBLE,"Cold-read PASS: preconditions reachable (seeding stated where needed), steps executable in order, expected follows, no contradiction, every control spec-traceable, domain logic sound, pass/fail observable.",PASS,yes,,,SV-8677 (specs/inventory-value.md Story 10 S10-R13; S10-R14; §7 User Feedback Summary)
IV-FLT-01,C30569,https://shopview.testrail.io/index.php?/cases/view/30569,IV,IV — Filters & Part Search,Category and Vendor multi-selects reload the report to matching parts only,74,KEEP,Filter data-effect contract — changes which rows/totals appear; failures are real.,SENSIBLE,"Cold-read PASS: preconditions reachable (seeding stated where needed), steps executable in order, expected follows, no contradiction, every control spec-traceable, domain logic sound, pass/fail observable.",PASS,yes,,,SV-8673 (specs/inventory-value.md Story 6 S6-R1; S6-R2; S6-R3; S6-R4)
IV-FLT-02,C30570,https://shopview.testrail.io/index.php?/cases/view/30570,IV,IV — Filters & Part Search,"Category, Vendor and part search are server-side; each change returns page 1",76,KEEP,Filter data-effect contract — changes which rows/totals appear; failures are real.,SENSIBLE,"Cold-read PASS: preconditions reachable (seeding stated where needed), steps executable in order, expected follows, no contradiction, every control spec-traceable, domain logic sound, pass/fail observable.",PASS,yes,,,SV-8673 (specs/inventory-value.md Story 6 S6-R5; Story 1 S1-R4; S1-R5; S1-R7; S1-R8)
IV-FLT-03,C30571,https://shopview.testrail.io/index.php?/cases/view/30571,IV,IV — Filters & Part Search,With no category or vendor selected all parts show,50,WEAK-KEEP,No-selection-means-no-narrowing; restates the absence of a filter (trivial inverse).,SENSIBLE,"Cold-read PASS: preconditions reachable (seeding stated where needed), steps executable in order, expected follows, no contradiction, every control spec-traceable, domain logic sound, pass/fail observable.",PASS,yes,,,SV-8673 (specs/inventory-value.md Story 6 S6-R7)
IV-FLT-04,C30572,https://shopview.testrail.io/index.php?/cases/view/30572,IV,IV — Filters & Part Search,Part search matches part number or description on the server; case-insensitive,78,KEEP,Filter data-effect contract — changes which rows/totals appear; failures are real.,SENSIBLE,"Cold-read PASS: preconditions reachable (seeding stated where needed), steps executable in order, expected follows, no contradiction, every control spec-traceable, domain logic sound, pass/fail observable.",PASS,yes,,,SV-8673 (specs/inventory-value.md Story 6 S6-R8; S6-R5)
IV-FLT-05,C30573,https://shopview.testrail.io/index.php?/cases/view/30573,IV,IV — Filters & Part Search,"Date range, Location, Category, Vendor, and the part search combine with AND",76,KEEP,Filter data-effect contract — changes which rows/totals appear; failures are real.,SENSIBLE,"Cold-read PASS: preconditions reachable (seeding stated where needed), steps executable in order, expected follows, no contradiction, every control spec-traceable, domain logic sound, pass/fail observable.",PASS,yes,,,SV-8673 (specs/inventory-value.md Story 6 S6-R9)
IV-LOC-01,C30574,https://shopview.testrail.io/index.php?/cases/view/30574,IV,IV — Location Filter,The Location filter is a rightmost multi-select with an All locations toggle,76,KEEP,Location scoping/fallback contract — includes the accessible-locations security boundary.,SENSIBLE,"Cold-read PASS: preconditions reachable (seeding stated where needed), steps executable in order, expected follows, no contradiction, every control spec-traceable, domain logic sound, pass/fail observable. [NOTE: this case was video-edited concurrently (commit 3bd08a7) — this sense verdict applies to the PRE-EDIT text; re-check after the video edits land.]",PASS,yes,,,SV-8674 (specs/inventory-value.md Story 7 S7-R1; S7-R2; Story 12 S12-R3 — per-row location identifier in All-locations view ADDED per kickoff video P10 40:58-41:20; user ruling 2026-07-28: video overrides spec (video newer; last-update-wins))
IV-LOC-02,C30575,https://shopview.testrail.io/index.php?/cases/view/30575,IV,IV — Location Filter,"Selecting one, several, or all locations reloads the report scoped to that set",78,KEEP,Location scoping/fallback contract — includes the accessible-locations security boundary.,SENSIBLE,"Cold-read PASS: preconditions reachable (seeding stated where needed), steps executable in order, expected follows, no contradiction, every control spec-traceable, domain logic sound, pass/fail observable.",PASS,yes,,,SV-8674 (specs/inventory-value.md Story 7 S7-R3 + on-screen location-scope indicator per Chris Ward group message 2026-07-29 (chris-update-2026-07-29/chris-message-2026-07-29.md; NEWEST source; last-update-wins))
IV-LOC-03,C30576,https://shopview.testrail.io/index.php?/cases/view/30576,IV,IV — Location Filter,Scoping never includes an inaccessible location,47,KEEP,Location scoping/fallback contract — includes the accessible-locations security boundary.,SENSIBLE,"Cold-read PASS: preconditions reachable (seeding stated where needed), steps executable in order, expected follows, no contradiction, every control spec-traceable, domain logic sound, pass/fail observable.",PASS,yes,,,SV-8674 (specs/inventory-value.md Story 7 S7-R4; S7-R5)
IV-LOC-04,C30577,https://shopview.testrail.io/index.php?/cases/view/30577,IV,IV — Location Filter,Inventory Value: the Location filter is hidden for a one-location user,70,WEAK-KEEP,Single-location-still-sees-filter: contradicted by pending video P33; may invert.,SENSIBLE,"Cold-read PASS: preconditions reachable (seeding stated where needed), steps executable in order, expected follows, no contradiction, every control spec-traceable, domain logic sound, pass/fail observable. [NOTE: this case was video-edited concurrently (commit 3bd08a7) — this sense verdict applies to the PRE-EDIT text; re-check after the video edits land.]",PASS,yes,,,"SV-8674 (IV spec Story 7 S7-N1 — RULED HIDDEN by Chris Ward answer 2026-07-31 Q1=A ""classic spec drift""; the S7-N1 ""still sees the filter"" note is stale; spec edit pending)"
IV-LOC-06,C38917,https://shopview.testrail.io/index.php?/cases/view/38917,IV,IV — Location Filter,"The Location column is automatic, sits after Vendor, and never reads Multiple",77,KEEP,"Per-row Location column for IV: its own position (after Vendor), its own NEVER-'Multiple' rule (one part at one location), not in the column selector. Different contract from the other five reports' Location columns.",SENSIBLE,"Cold-read PASS 2026-07-31: preconditions reachable (seeding named where needed), steps executable in order, expected follows from the steps, no internal contradiction, every control traceable to the spec or the driving story, domain logic sound, pass/fail observable by a non-technical tester.",PASS,yes,,,"SV-8674 (IV spec v3 2026-07-29 S7-R6; S7-R7; S3-R1; S12-R10 — Location column inserted between Vendor and Qty on Hand; automatic visibility; never ""Multiple"")"
IV-NAV-01,C30534,https://shopview.testrail.io/index.php?/cases/view/30534,IV,IV — Access & Display,Inventory Value appears in the reports navigation under the Parts group,71,KEEP,Navigation/entry contract — additive placement was an explicit PO instruction on the video.,SENSIBLE,"Cold-read PASS: preconditions reachable (seeding stated where needed), steps executable in order, expected follows, no contradiction, every control spec-traceable, domain logic sound, pass/fail observable.",PASS,yes,,,SV-8668 (specs/inventory-value.md Story 1 S1-R1)
IV-NAV-02,C30535,https://shopview.testrail.io/index.php?/cases/view/30535,IV,IV — Access & Display,One row per in-stock part at the selected locations valued at the resolved date,79,KEEP,"Report opening scope: one row per in-stock part, valued as of the resolved date.",SENSIBLE,"Cold-read PASS: preconditions reachable (seeding stated where needed), steps executable in order, expected follows, no contradiction, every control spec-traceable, domain logic sound, pass/fail observable.",PASS,yes,,,SV-8668 (specs/inventory-value.md Story 1 S1-R2; S1-R6)
IV-NAV-03,C30536,https://shopview.testrail.io/index.php?/cases/view/30536,IV,IV — Access & Display,First visit defaults to the current calendar month and the active location,74,KEEP,"First-visit defaults (current month, active location).",SENSIBLE,"Cold-read PASS: preconditions reachable (seeding stated where needed), steps executable in order, expected follows, no contradiction, every control spec-traceable, domain logic sound, pass/fail observable.",PASS,yes,,,SV-8668 (specs/inventory-value.md Story 1 S1-R3; Story 7 S7-R2)
IV-NAV-05,C30538,https://shopview.testrail.io/index.php?/cases/view/30538,IV,IV — Access & Display,The report is server-paginated: one page of rows at a time,58,KEEP,Server pagination + return-to-first-page contract.,SENSIBLE,"Cold-read PASS: preconditions reachable (seeding stated where needed), steps executable in order, expected follows, no contradiction, every control spec-traceable, domain logic sound, pass/fail observable.",PASS,yes,,,SV-8668 (specs/inventory-value.md Story 1 S1-R8; §2 Scale and data model)
IV-NAV-06,C30539,https://shopview.testrail.io/index.php?/cases/view/30539,IV,IV — Access & Display,"No qualifying parts, day or location: the no-data message shows and no totals",77,KEEP,Navigation/entry contract — additive placement was an explicit PO instruction on the video.,SENSIBLE,"Cold-read PASS: preconditions reachable (seeding stated where needed), steps executable in order, expected follows, no contradiction, every control spec-traceable, domain logic sound, pass/fail observable.",PASS,yes,,,SV-8668 (specs/inventory-value.md Story 1 S1-N2; Story 5 S5-N1; Story 7 S7-N2; Story 12; §7 User Feedback Summary)
IV-PERM-01,C30603,https://shopview.testrail.io/index.php?/cases/view/30603,IV,IV — Permissions,User with the existing inventory-reports permission can open the report,71,KEEP,Permission gate (positive/negative observable behavior). NOTE: Q2 permission-model discrepancy raised to Chris/dev 2026-07-28; cases stay per the shipped mixed model per user ruling.,SENSIBLE,"Cold-read PASS: preconditions reachable (seeding stated where needed), steps executable in order, expected follows, no contradiction, every control spec-traceable, domain logic sound, pass/fail observable.",PASS,yes,,,SV-8668 (specs/inventory-value.md Story 1 Prerequisites)
IV-PERM-02,C30604,https://shopview.testrail.io/index.php?/cases/view/30604,IV,IV — Permissions,Without the permission Inventory Value is absent from the reports navigation,76,KEEP,Permission gate (positive/negative observable behavior). NOTE: Q2 permission-model discrepancy raised to Chris/dev 2026-07-28; cases stay per the shipped mixed model per user ruling.,SENSIBLE,"Cold-read PASS: preconditions reachable (seeding stated where needed), steps executable in order, expected follows, no contradiction, every control spec-traceable, domain logic sound, pass/fail observable.",PASS,yes,,,SV-8668 (specs/inventory-value.md Story 1 S1-N1)
IV-PERS-01,C30579,https://shopview.testrail.io/index.php?/cases/view/30579,IV,IV — Column Selection & Persistence,Column Selection toggles columns; Total Cost cannot be turned off,65,KEEP,Persistence/restore contract. NOTE: Stefan flagged on the kickoff that per-user-per-device persistence may be delegated to the Filters squad — re-check before execution.,SENSIBLE,"Cold-read PASS: preconditions reachable (seeding stated where needed), steps executable in order, expected follows, no contradiction, every control spec-traceable, domain logic sound, pass/fail observable.",PASS,yes,,,SV-8675 (specs/inventory-value.md Story 8 S8-R1; S8-R2)
IV-PERS-02,C30580,https://shopview.testrail.io/index.php?/cases/view/30580,IV,IV — Column Selection & Persistence,Toggling columns never reorders them,36,KEEP,Persistence/restore contract. NOTE: Stefan flagged on the kickoff that per-user-per-device persistence may be delegated to the Filters squad — re-check before execution.,SENSIBLE,"Cold-read PASS: preconditions reachable (seeding stated where needed), steps executable in order, expected follows, no contradiction, every control spec-traceable, domain logic sound, pass/fail observable.",PASS,yes,,,SV-8675 (specs/inventory-value.md Story 8 S8-R4; Story 3 S3-R1)
IV-PERS-03,C30581,https://shopview.testrail.io/index.php?/cases/view/30581,IV,IV — Column Selection & Persistence,The report remembers all filters; columns and sort per browser,62,KEEP,Persistence/restore contract. NOTE: Stefan flagged on the kickoff that per-user-per-device persistence may be delegated to the Filters squad — re-check before execution.,SENSIBLE,"Cold-read PASS: preconditions reachable (seeding stated where needed), steps executable in order, expected follows, no contradiction, every control spec-traceable, domain logic sound, pass/fail observable.",PASS,yes,,,SV-8675 (specs/inventory-value.md Story 8 S8-R5 (+ context note); Story 9 S9-R5)
IV-PERS-04,C30582,https://shopview.testrail.io/index.php?/cases/view/30582,IV,IV — Column Selection & Persistence,Defensive restore: a stale saved category or vendor is dropped on load,70,KEEP,Persistence/restore contract. NOTE: Stefan flagged on the kickoff that per-user-per-device persistence may be delegated to the Filters squad — re-check before execution.,SENSIBLE,"was FIX-WORDING in the 2026-07-28 audit; repaired and pushed the same day (see reconciliation-2026-07-28/testrail-execution-log-2026-07-28.md) - original finding: Expected line 1 asserts the GENERAL rule ""an invalid saved value falls back to its default"" but the steps only drive the stale-category/vendor path — ",PASS,yes,,,SV-8675 (specs/inventory-value.md Story 8 S8-R6)
IV-SCOPE-01,C30540,https://shopview.testrail.io/index.php?/cases/view/30540,IV,IV — Row Scope,A part appears only if not a core charge and on-hand quantity is above zero,75,KEEP,"Row-model/scope contract (who appears, where, exactly once) — data-correctness core.",SENSIBLE,"Cold-read PASS: preconditions reachable (seeding stated where needed), steps executable in order, expected follows, no contradiction, every control spec-traceable, domain logic sound, pass/fail observable.",PASS,yes,,,SV-8669 (specs/inventory-value.md Story 2 S2-R1; S2-R2; S2-N1; S2-N2; §3 Key Decisions)
IV-SCOPE-02,C30541,https://shopview.testrail.io/index.php?/cases/view/30541,IV,IV — Row Scope,A part stocked at two selected locations shows as two rows; never merged,72,KEEP,"Row-model/scope contract (who appears, where, exactly once) — data-correctness core.",SENSIBLE,"Cold-read PASS: preconditions reachable (seeding stated where needed), steps executable in order, expected follows, no contradiction, every control spec-traceable, domain logic sound, pass/fail observable.",PASS,yes,,,SV-8669 (specs/inventory-value.md Story 2 S2-R3; §2 Known Limitations (v1))
IV-SCOPE-05,C30544,https://shopview.testrail.io/index.php?/cases/view/30544,IV,IV — Row Scope,There is no dead-stock exclusion - a slow-moving part still appears,67,KEEP,"Row-model/scope contract (who appears, where, exactly once) — data-correctness core.",SENSIBLE,"Cold-read PASS: preconditions reachable (seeding stated where needed), steps executable in order, expected follows, no contradiction, every control spec-traceable, domain logic sound, pass/fail observable.",PASS,yes,,,SV-8669 (specs/inventory-value.md Story 2 context note (no dead-stock exclusion))
IV-SORT-01,C30583,https://shopview.testrail.io/index.php?/cases/view/30583,IV,IV — Sorting,Rows are sorted by Total Cost highest first on load and after any reload,72,KEEP,"Sorting contract (default/direction/null placement/scope) — spec-defined, observable, distinct.",SENSIBLE,"Cold-read PASS: preconditions reachable (seeding stated where needed), steps executable in order, expected follows, no contradiction, every control spec-traceable, domain logic sound, pass/fail observable.",PASS,yes,,,SV-8676 (specs/inventory-value.md Story 9 S9-R1; §3 Key Decisions (Total Cost default sort))
IV-SORT-02,C30584,https://shopview.testrail.io/index.php?/cases/view/30584,IV,IV — Sorting,Header clicks sort ascending then descending; no third state; page 1 returns,76,KEEP,"Sorting contract (default/direction/null placement/scope) — spec-defined, observable, distinct.",SENSIBLE,"Cold-read PASS: preconditions reachable (seeding stated where needed), steps executable in order, expected follows, no contradiction, every control spec-traceable, domain logic sound, pass/fail observable.",PASS,yes,,,SV-8676 (specs/inventory-value.md Story 9 S9-R2)
IV-SORT-03,C30585,https://shopview.testrail.io/index.php?/cases/view/30585,IV,IV — Sorting,Money and numeric columns sort by value; text columns sort as text,66,KEEP,"Sorting contract (default/direction/null placement/scope) — spec-defined, observable, distinct.",SENSIBLE,"Cold-read PASS: preconditions reachable (seeding stated where needed), steps executable in order, expected follows, no contradiction, every control spec-traceable, domain logic sound, pass/fail observable.",PASS,yes,,,SV-8676 (specs/inventory-value.md Story 9 S9-R3)
IV-SORT-04,C30586,https://shopview.testrail.io/index.php?/cases/view/30586,IV,IV — Sorting,Sorting reorders only the data rows — the totals row stays at the bottom,72,KEEP,"Sorting contract (default/direction/null placement/scope) — spec-defined, observable, distinct.",SENSIBLE,"Cold-read PASS: preconditions reachable (seeding stated where needed), steps executable in order, expected follows, no contradiction, every control spec-traceable, domain logic sound, pass/fail observable.",PASS,yes,,,SV-8676 (specs/inventory-value.md Story 9 S9-R4; S9-R5)
IV-TOT-01,C30556,https://shopview.testrail.io/index.php?/cases/view/30556,IV,IV — Totals Row,"Totals row: Total label, blank identity/per-unit cells, pinned bold Total Cost",78,KEEP,Totals/summary aggregation contract over the full filtered set — catches real aggregation bugs.,SENSIBLE,"Cold-read PASS: preconditions reachable (seeding stated where needed), steps executable in order, expected follows, no contradiction, every control spec-traceable, domain logic sound, pass/fail observable.",PASS,yes,,,SV-8671 (specs/inventory-value.md Story 4 S4-R1; S4-R4; S4-R5; S4-R6; S4-R7; Story 12 S12-R5)
IV-TOT-02,C30557,https://shopview.testrail.io/index.php?/cases/view/30557,IV,IV — Totals Row,"Totals row sums the FULL filtered set on the server, not just the visible page",78,KEEP,Totals/summary aggregation contract over the full filtered set — catches real aggregation bugs.,SENSIBLE,"Cold-read PASS: preconditions reachable (seeding stated where needed), steps executable in order, expected follows, no contradiction, every control spec-traceable, domain logic sound, pass/fail observable.",PASS,yes,,,SV-8671 (specs/inventory-value.md Story 4 S4-R2; S4-R8; Story 6 S6-R6; §2 Scale and data model; §4 Terminology (Filtered set))
IV-TOT-03,C30558,https://shopview.testrail.io/index.php?/cases/view/30558,IV,IV — Totals Row,Totals-row Margin % is recomputed from the totals; not an average of rows,73,KEEP,Totals/summary aggregation contract over the full filtered set — catches real aggregation bugs.,SENSIBLE,"Cold-read PASS: preconditions reachable (seeding stated where needed), steps executable in order, expected follows, no contradiction, every control spec-traceable, domain logic sound, pass/fail observable.",PASS,yes,,,SV-8671 (specs/inventory-value.md Story 4 S4-R3)
IV-VIS-01,C30596,https://shopview.testrail.io/index.php?/cases/view/30596,IV,IV — Visual & Accessibility,All-white table with no row shading on the standard report backdrop,67,WEAK-KEEP,"All-white/backdrop theme; cosmetic, verify once.",SENSIBLE,"Cold-read PASS: preconditions reachable (seeding stated where needed), steps executable in order, expected follows, no contradiction, every control spec-traceable, domain logic sound, pass/fail observable.",PASS,yes,,,SV-8679 (specs/inventory-value.md Story 12 S12-R1)
IV-VIS-02,C30597,https://shopview.testrail.io/index.php?/cases/view/30597,IV,IV — Visual & Accessibility,Toolbar layout: menu leftmost then Column Selection; then the 5 filters,71,WEAK-KEEP,Toolbar control order; cosmetic conformance.,SENSIBLE,"Cold-read PASS: preconditions reachable (seeding stated where needed), steps executable in order, expected follows, no contradiction, every control spec-traceable, domain logic sound, pass/fail observable.",PASS,yes,,,SV-8679 (specs/inventory-value.md Story 12 S12-R2; S12-R3)
IV-VIS-04,C30599,https://shopview.testrail.io/index.php?/cases/view/30599,IV,IV — Visual & Accessibility,Long Description; Category and Vendor truncate on hover; Part # never does,74,KEEP,Accessibility/visual conformance requirement from the spec.,SENSIBLE,"Cold-read PASS: preconditions reachable (seeding stated where needed), steps executable in order, expected follows, no contradiction, every control spec-traceable, domain logic sound, pass/fail observable.",PASS,yes,,,SV-8679 (specs/inventory-value.md Story 12 S12-R6)
IV-VIS-05,C30600,https://shopview.testrail.io/index.php?/cases/view/30600,IV,IV — Visual & Accessibility,"In dark mode the page background, toolbar, cells; the ""—"" glyph remain legible",78,WEAK-KEEP,Dark mode legibility; verify once.,SENSIBLE,"Cold-read PASS: preconditions reachable (seeding stated where needed), steps executable in order, expected follows, no contradiction, every control spec-traceable, domain logic sound, pass/fail observable.",PASS,yes,,,SV-8679 (specs/inventory-value.md Story 12 S12-R7)
IV-VIS-06,C30601,https://shopview.testrail.io/index.php?/cases/view/30601,IV,IV — Visual & Accessibility,Each sortable header exposes its sort state and shows the direction,67,WEAK-KEEP,aria-sort exposure; one-time a11y check.,SENSIBLE,"Cold-read PASS: preconditions reachable (seeding stated where needed), steps executable in order, expected follows, no contradiction, every control spec-traceable, domain logic sound, pass/fail observable.",PASS,yes,,,SV-8679 (specs/inventory-value.md Story 12 S12-R8)
IV-VIS-07,C30602,https://shopview.testrail.io/index.php?/cases/view/30602,IV,IV — Visual & Accessibility,The icon-only download and Column Selection buttons carry accessible names,74,WEAK-KEEP,Accessible names on icon buttons; one-time a11y check.,SENSIBLE,"Cold-read PASS: preconditions reachable (seeding stated where needed), steps executable in order, expected follows, no contradiction, every control spec-traceable, domain logic sound, pass/fail observable.",PASS,yes,,,SV-8679 (specs/inventory-value.md Story 12 S12-R9)
PV-API-01,C30388,https://shopview.testrail.io/index.php?/cases/view/30388,PV,PV — API,The report is server-paginated - the backend returns one page of rows at a time,79,KEEP,Server-side contract (pagination/sort/snapshot/enforcement) — placed in an API section per Rule 4; verifiable via network tab/DB; failures are real defects.,SENSIBLE,"Cold-read PASS: preconditions reachable (seeding stated where needed), steps executable in order, expected follows, no contradiction, every control spec-traceable, domain logic sound, pass/fail observable. [NOTE: this case was video-edited concurrently (commit 3bd08a7) — this sense verdict applies to the PRE-EDIT text; re-check after the video edits land.]",PASS,yes,,,SV-8642 (specs/parts-velocity.md §2 (server-paginated); S2-R10)
PV-API-02,C30389,https://shopview.testrail.io/index.php?/cases/view/30389,PV,PV — API,Each filter or search change re-queries the server and returns page one,71,KEEP,Server-side contract (pagination/sort/snapshot/enforcement) — placed in an API section per Rule 4; verifiable via network tab/DB; failures are real defects.,SENSIBLE,"Cold-read PASS: preconditions reachable (seeding stated where needed), steps executable in order, expected follows, no contradiction, every control spec-traceable, domain logic sound, pass/fail observable. [NOTE: this case was video-edited concurrently (commit 3bd08a7) — this sense verdict applies to the PRE-EDIT text; re-check after the video edits land.]",PASS,yes,,,SV-8642 (specs/parts-velocity.md S2-R10)
PV-API-03,C30390,https://shopview.testrail.io/index.php?/cases/view/30390,PV,PV — API,Header-click sorting re-queries the server; nulls first asc and last desc,73,KEEP,Server-side contract (pagination/sort/snapshot/enforcement) — placed in an API section per Rule 4; verifiable via network tab/DB; failures are real defects.,SENSIBLE,"Cold-read PASS: preconditions reachable (seeding stated where needed), steps executable in order, expected follows, no contradiction, every control spec-traceable, domain logic sound, pass/fail observable.",PASS,yes,,,SV-8643 (specs/parts-velocity.md S3-R3)
PV-API-04,C30391,https://shopview.testrail.io/index.php?/cases/view/30391,PV,PV — API,The backend denies report data AND export without Inventory Reports View,72,KEEP,Server-side contract (pagination/sort/snapshot/enforcement) — placed in an API section per Rule 4; verifiable via network tab/DB; failures are real defects.,SENSIBLE,"Cold-read PASS: preconditions reachable (seeding stated where needed), steps executable in order, expected follows, no contradiction, every control spec-traceable, domain logic sound, pass/fail observable.",PASS,yes,,PV-PERM-03,SV-8641 (specs/parts-velocity.md S1-R4; S1-N2)
PV-CALC-01,C30359,https://shopview.testrail.io/index.php?/cases/view/30359,PV,PV — Columns & Calculations,Units Sold for an inventory part is net stock movement,54,KEEP,"Calculation contract with a worked example; a failure is a real, reportable money/hours bug.",SENSIBLE,"Cold-read PASS: preconditions reachable (seeding stated where needed), steps executable in order, expected follows, no contradiction, every control spec-traceable, domain logic sound, pass/fail observable.",PASS,yes,,,SV-8645 (specs/parts-velocity.md S5-R1; S5-R4 (Units Sold; inventory); §4)
PV-CALC-02,C30360,https://shopview.testrail.io/index.php?/cases/view/30360,PV,PV — Columns & Calculations,"Special Order Units Sold = in-window request quantity, net of reversals",71,KEEP,"Calculation contract with a worked example; a failure is a real, reportable money/hours bug.",SENSIBLE,"Cold-read PASS: preconditions reachable (seeding stated where needed), steps executable in order, expected follows, no contradiction, every control spec-traceable, domain logic sound, pass/fail observable.",PASS,yes,,,SV-8645 (specs/parts-velocity.md S5-R2; S5-R4 (Units Sold; catalogue); S5-R4b)
PV-CALC-03,C30361,https://shopview.testrail.io/index.php?/cases/view/30361,PV,PV — Columns & Calculations,Units Returned counts initiated part returns and parts-sale credits,67,KEEP,"Calculation contract with a worked example; a failure is a real, reportable money/hours bug.",SENSIBLE,"Cold-read PASS: preconditions reachable (seeding stated where needed), steps executable in order, expected follows, no contradiction, every control spec-traceable, domain logic sound, pass/fail observable.",PASS,yes,,,SV-8645 (specs/parts-velocity.md S5-R3; S5-R4 (Units Returned); §3 Key Decisions)
PV-CALC-04,C30362,https://shopview.testrail.io/index.php?/cases/view/30362,PV,PV — Columns & Calculations,"Units Returned is windowed by initiation date, ignores invoice status",69,KEEP,"Calculation contract with a worked example; a failure is a real, reportable money/hours bug.",SENSIBLE,"Cold-read PASS: preconditions reachable (seeding stated where needed), steps executable in order, expected follows, no contradiction, every control spec-traceable, domain logic sound, pass/fail observable.",PASS,yes,,,SV-8645 (specs/parts-velocity.md S5-R3)
PV-CALC-05,C30363,https://shopview.testrail.io/index.php?/cases/view/30363,PV,PV — Columns & Calculations,"Sold (WO) counts Service work orders, Sold (Parts Sale) counts Parts",68,KEEP,"Calculation contract with a worked example; a failure is a real, reportable money/hours bug.",SENSIBLE,"Cold-read PASS: preconditions reachable (seeding stated where needed), steps executable in order, expected follows, no contradiction, every control spec-traceable, domain logic sound, pass/fail observable.",PASS,yes,,,SV-8645 (specs/parts-velocity.md S5-R4 (Sold via WO / Sold via Parts Sale); §5 Assumptions)
PV-CALC-06,C30364,https://shopview.testrail.io/index.php?/cases/view/30364,PV,PV — Columns & Calculations,Demand counts each transaction once; a reversal neither adds nor subtracts,74,KEEP,"Calculation contract with a worked example; a failure is a real, reportable money/hours bug.",SENSIBLE,"Cold-read PASS: preconditions reachable (seeding stated where needed), steps executable in order, expected follows, no contradiction, every control spec-traceable, domain logic sound, pass/fail observable.",PASS,yes,,,SV-8645 (specs/parts-velocity.md S5-R4 (Demand); §4; §3 Key Decisions)
PV-CALC-07,C30365,https://shopview.testrail.io/index.php?/cases/view/30365,PV,PV — Columns & Calculations,Last Sale is whole days since the most recent sale over all-time history,72,KEEP,"Calculation contract with a worked example; a failure is a real, reportable money/hours bug.",SENSIBLE,"Cold-read PASS: preconditions reachable (seeding stated where needed), steps executable in order, expected follows, no contradiction, every control spec-traceable, domain logic sound, pass/fail observable.",PASS,yes,,,SV-8645 (specs/parts-velocity.md S5-R4 (Last Sale); §4; S5-R5; tech-plan-2026-07-29 B3.1 (last-sale re-anchor on reversal — spec-silent))
PV-CALC-08,C30366,https://shopview.testrail.io/index.php?/cases/view/30366,PV,PV — Columns & Calculations,On Hand shows the row's own location stock,42,KEEP,"Calculation contract with a worked example; a failure is a real, reportable money/hours bug.",SENSIBLE,"Cold-read PASS: preconditions reachable (seeding stated where needed), steps executable in order, expected follows, no contradiction, every control spec-traceable, domain logic sound, pass/fail observable.",PASS,yes,,,SV-8645 (specs/parts-velocity.md S5-R4 (On Hand / Min / Max); §2 Out of Scope; S5-R5)
PV-CALC-09,C30367,https://shopview.testrail.io/index.php?/cases/view/30367,PV,PV — Columns & Calculations,"Turns / Yr annualizes the sales rate, is 0.00 at zero stock, can be negative",76,KEEP,"Calculation contract with a worked example; a failure is a real, reportable money/hours bug.",SENSIBLE,"Cold-read PASS: preconditions reachable (seeding stated where needed), steps executable in order, expected follows, no contradiction, every control spec-traceable, domain logic sound, pass/fail observable.",PASS,yes,,,SV-8645 (specs/parts-velocity.md S5-R4 (Turns / Yr); S5 Definitions (Window))
PV-CALC-10,C30368,https://shopview.testrail.io/index.php?/cases/view/30368,PV,PV — Columns & Calculations,"Revenue, Margin, Unit Cost, Sell Price and Margin % use the billed formulas",75,KEEP,"Calculation contract with a worked example; a failure is a real, reportable money/hours bug.",SENSIBLE,"Cold-read PASS: preconditions reachable (seeding stated where needed), steps executable in order, expected follows, no contradiction, every control spec-traceable, domain logic sound, pass/fail observable.",PASS,yes,,,SV-8645 (specs/parts-velocity.md S5-R4a; §4)
PV-CALC-11,C30369,https://shopview.testrail.io/index.php?/cases/view/30369,PV,PV — Columns & Calculations,A reversed or voided sale is excluded from every billed-line column,67,KEEP,"Calculation contract with a worked example; a failure is a real, reportable money/hours bug.",SENSIBLE,"Cold-read PASS: preconditions reachable (seeding stated where needed), steps executable in order, expected follows, no contradiction, every control spec-traceable, domain logic sound, pass/fail observable.",PASS,yes,,,SV-8645 (specs/parts-velocity.md S5-R4b; S5-R4a; §3 Key Decisions)
PV-CALC-12,C30370,https://shopview.testrail.io/index.php?/cases/view/30370,PV,PV — Columns & Calculations,Unit Cost / Sell Price and Margin % use independent null triggers,65,KEEP,"Calculation contract with a worked example; a failure is a real, reportable money/hours bug.",SENSIBLE,"Cold-read PASS: preconditions reachable (seeding stated where needed), steps executable in order, expected follows, no contradiction, every control spec-traceable, domain logic sound, pass/fail observable.",PASS,yes,,,SV-8645 (specs/parts-velocity.md S5-R4a (null rules + mixed-row paragraph); S3-R9)
PV-CALC-13,C30371,https://shopview.testrail.io/index.php?/cases/view/30371,PV,PV — Columns & Calculations,Number formats match the spec per column; rounding is half away from zero,73,KEEP,"Calculation contract with a worked example; a failure is a real, reportable money/hours bug.",SENSIBLE,"Cold-read PASS: preconditions reachable (seeding stated where needed), steps executable in order, expected follows, no contradiction, every control spec-traceable, domain logic sound, pass/fail observable.",PASS,yes,,,SV-8645 (specs/parts-velocity.md S5-R5; S5-R7 (rounding))
PV-CALC-14,C30372,https://shopview.testrail.io/index.php?/cases/view/30372,PV,PV — Columns & Calculations,Core parts are excluded from both the inventory and special-order result sets,77,KEEP,"Calculation contract with a worked example; a failure is a real, reportable money/hours bug.",SENSIBLE,"Cold-read PASS: preconditions reachable (seeding stated where needed), steps executable in order, expected follows, no contradiction, every control spec-traceable, domain logic sound, pass/fail observable.",PASS,yes,,,SV-8645 (specs/parts-velocity.md S5-R1; S5-R2; §3 Key Decisions)
PV-CALC-15,C30373,https://shopview.testrail.io/index.php?/cases/view/30373,PV,PV — Columns & Calculations,Movement and billed bases may differ; Sold (WO) + Sold (Parts Sale) = billed,76,KEEP,"Calculation contract with a worked example; a failure is a real, reportable money/hours bug.",SENSIBLE,"Cold-read PASS: preconditions reachable (seeding stated where needed), steps executable in order, expected follows, no contradiction, every control spec-traceable, domain logic sound, pass/fail observable.",PASS,yes,,,SV-8645 (specs/parts-velocity.md S5-R7; §3 Key Decisions)
PV-CALC-16,C30374,https://shopview.testrail.io/index.php?/cases/view/30374,PV,PV — Columns & Calculations,"Window anchors: movement uses the event date, billed uses the WO date",69,KEEP,"Calculation contract with a worked example; a failure is a real, reportable money/hours bug.",SENSIBLE,"Cold-read PASS: preconditions reachable (seeding stated where needed), steps executable in order, expected follows, no contradiction, every control spec-traceable, domain logic sound, pass/fail observable.",PASS,yes,,PV-CALC-07,SV-8645 (specs/parts-velocity.md S5 Definitions (Window / Work-order date); S5-R7)
PV-COL-01,C30351,https://shopview.testrail.io/index.php?/cases/view/30351,PV,PV — Columns & Remembered View,Column picker lists all 20 columns and never offers the internal cost,69,KEEP,Column selector behavior contract (contents/effect/exports interaction).,SENSIBLE,"Cold-read PASS: preconditions reachable (seeding stated where needed), steps executable in order, expected follows, no contradiction, every control spec-traceable, domain logic sound, pass/fail observable.",PASS,yes,,,SV-8644 (specs/parts-velocity.md S4-R1; S4-R4; S5-R6)
PV-COL-02,C30352,https://shopview.testrail.io/index.php?/cases/view/30352,PV,PV — Columns & Remembered View,First visit shows exactly the 14 default columns in the specified order,71,KEEP,Column selector behavior contract (contents/effect/exports interaction).,SENSIBLE,"Cold-read PASS: preconditions reachable (seeding stated where needed), steps executable in order, expected follows, no contradiction, every control spec-traceable, domain logic sound, pass/fail observable.",PASS,yes,,,SV-8644 (specs/parts-velocity.md S4-R2; S4-R3)
PV-COL-03,C30353,https://shopview.testrail.io/index.php?/cases/view/30353,PV,PV — Columns & Remembered View,"A re-enabled column returns to its canonical slot, with no reload",65,KEEP,Column selector behavior contract (contents/effect/exports interaction).,SENSIBLE,"Cold-read PASS: preconditions reachable (seeding stated where needed), steps executable in order, expected follows, no contradiction, every control spec-traceable, domain logic sound, pass/fail observable.",PASS,yes,,,SV-8644 (specs/parts-velocity.md S4-R4; S4-R5)
PV-COL-04,C30354,https://shopview.testrail.io/index.php?/cases/view/30354,PV,PV — Columns & Remembered View,Filters; columns and sort are remembered per browser before the first fetch,75,KEEP,Column selector behavior contract (contents/effect/exports interaction).,SENSIBLE,"Cold-read PASS: preconditions reachable (seeding stated where needed), steps executable in order, expected follows, no contradiction, every control spec-traceable, domain logic sound, pass/fail observable.",PASS,yes,,,SV-8644 (specs/parts-velocity.md S4-R6; S1-R2)
PV-COL-05,C30355,https://shopview.testrail.io/index.php?/cases/view/30355,PV,PV — Columns & Remembered View,A saved value that is no longer valid falls back to that setting's default,74,KEEP,Column selector behavior contract (contents/effect/exports interaction).,SENSIBLE,"Cold-read PASS: preconditions reachable (seeding stated where needed), steps executable in order, expected follows, no contradiction, every control spec-traceable, domain logic sound, pass/fail observable.",PASS,yes,,,SV-8644 (specs/parts-velocity.md S4-R6)
PV-COL-06,C30356,https://shopview.testrail.io/index.php?/cases/view/30356,PV,PV — Columns & Remembered View,A different user signing in on the same browser inherits the saved view,71,KEEP,Column selector behavior contract (contents/effect/exports interaction).,SENSIBLE,"Cold-read PASS: preconditions reachable (seeding stated where needed), steps executable in order, expected follows, no contradiction, every control spec-traceable, domain logic sound, pass/fail observable.",PASS,yes,,,SV-8644 (specs/parts-velocity.md S4-R6)
PV-COL-08,C30358,https://shopview.testrail.io/index.php?/cases/view/30358,PV,PV — Columns & Remembered View,All 20 columns can be hidden; the empty selection is never restored,67,WEAK-KEEP,All-20-columns-hidden edge + not-restored subtlety; legitimate but low value.,SENSIBLE,"Cold-read PASS: preconditions reachable (seeding stated where needed), steps executable in order, expected follows, no contradiction, every control spec-traceable, domain logic sound, pass/fail observable.",PASS,yes,,,SV-8644 (specs/parts-velocity.md S4-E1; S4-R6)
PV-EXP-01,C30375,https://shopview.testrail.io/index.php?/cases/view/30375,PV,PV — Exports,The overflow button opens Download (PDF) then Download (CSV) in that order,74,KEEP,Export content/behavior contract (what is in the file / when it is refused) — distinct observable outcome.,SENSIBLE,"Cold-read PASS: preconditions reachable (seeding stated where needed), steps executable in order, expected follows, no contradiction, every control spec-traceable, domain logic sound, pass/fail observable.",PASS,yes,,,SV-8646 (specs/parts-velocity.md S6-R1)
PV-EXP-02,C30376,https://shopview.testrail.io/index.php?/cases/view/30376,PV,PV — Exports,Both exports reflect the filters and search active at the time of export,72,KEEP,Export content/behavior contract (what is in the file / when it is refused) — distinct observable outcome.,SENSIBLE,"Cold-read PASS: preconditions reachable (seeding stated where needed), steps executable in order, expected follows, no contradiction, every control spec-traceable, domain logic sound, pass/fail observable.",PASS,yes,,,SV-8646 (specs/parts-velocity.md S6-R2; §3 Key Decisions + Locations: line in every CSV/PDF export per Chris Ward group message 2026-07-29 (chris-update-2026-07-29/chris-message-2026-07-29.md; NEWEST source; last-update-wins))
PV-EXP-03,C30377,https://shopview.testrail.io/index.php?/cases/view/30377,PV,PV — Exports,"Exports include only the enabled columns, in the canonical on-screen order",74,KEEP,Export content/behavior contract (what is in the file / when it is refused) — distinct observable outcome.,SENSIBLE,"Cold-read PASS: preconditions reachable (seeding stated where needed), steps executable in order, expected follows, no contradiction, every control spec-traceable, domain logic sound, pass/fail observable.",PASS,yes,,,SV-8646 (specs/parts-velocity.md S6-R3; S4-R4)
PV-EXP-04,C30378,https://shopview.testrail.io/index.php?/cases/view/30378,PV,PV — Exports,"Exports reflect the active sort, including Min/Max and null placement",69,KEEP,Export content/behavior contract (what is in the file / when it is refused) — distinct observable outcome.,SENSIBLE,"Cold-read PASS: preconditions reachable (seeding stated where needed), steps executable in order, expected follows, no contradiction, every control spec-traceable, domain logic sound, pass/fail observable.",PASS,yes,,,SV-8646 (specs/parts-velocity.md S6-R4; S3-R3)
PV-EXP-05,C30379,https://shopview.testrail.io/index.php?/cases/view/30379,PV,PV — Exports,"PDF: filename, A3 landscape, title, text truncation, and the shop logo",70,KEEP,Export content/behavior contract (what is in the file / when it is refused) — distinct observable outcome.,SENSIBLE,"Cold-read PASS: preconditions reachable (seeding stated where needed), steps executable in order, expected follows, no contradiction, every control spec-traceable, domain logic sound, pass/fail observable.",PASS,yes,,,SV-8646 (specs/parts-velocity.md S6-R5; S6-R6 + same-logo-treatment for every report per Chris Ward group message 2026-07-29 (chris-update-2026-07-29/chris-message-2026-07-29.md; NEWEST source; last-update-wins))
PV-EXP-06,C30380,https://shopview.testrail.io/index.php?/cases/view/30380,PV,PV — Exports,CSV is named velocity-report.csv and holds full untruncated text values,71,KEEP,Export content/behavior contract (what is in the file / when it is refused) — distinct observable outcome.,SENSIBLE,"Cold-read PASS: preconditions reachable (seeding stated where needed), steps executable in order, expected follows, no contradiction, every control spec-traceable, domain logic sound, pass/fail observable.",PASS,yes,,,SV-8646 (specs/parts-velocity.md S6-R5; S6-R6; S6-R8)
PV-EXP-07,C30381,https://shopview.testrail.io/index.php?/cases/view/30381,PV,PV — Exports,"Em-dash in both exports; Last Sale reads ""N days"" in the PDF",60,KEEP,Export content/behavior contract (what is in the file / when it is refused) — distinct observable outcome.,SENSIBLE,"Cold-read PASS: preconditions reachable (seeding stated where needed), steps executable in order, expected follows, no contradiction, every control spec-traceable, domain logic sound, pass/fail observable.",PASS,yes,,,SV-8646 (specs/parts-velocity.md S6-R7; S6-R8; S3-R9)
PV-EXP-08,C30382,https://shopview.testrail.io/index.php?/cases/view/30382,PV,PV — Exports,"PDF export alignment: Type centered, text left, numeric and money right",71,WEAK-KEEP,Export column alignment (centered/left/right); cosmetic conformance.,SENSIBLE,"was FIX-WORDING in the 2026-07-28 audit; repaired and pushed the same day (see reconciliation-2026-07-28/testrail-execution-log-2026-07-28.md) - original finding: Step 2 says ""Open the CSV in a spreadsheet tool and check the produced alignment"" — a CSV file carries no alignment (the spreadsheet applies its own);",PASS,yes,,,SV-8646 (specs/parts-velocity.md S6-R10; S3-R8)
PV-EXP-10,C30384,https://shopview.testrail.io/index.php?/cases/view/30384,PV,PV — Exports,Export toasts: exact success texts; server or fallback error text on failure,76,KEEP,Export content/behavior contract (what is in the file / when it is refused) — distinct observable outcome.,SENSIBLE,"Cold-read PASS: preconditions reachable (seeding stated where needed), steps executable in order, expected follows, no contradiction, every control spec-traceable, domain logic sound, pass/fail observable.",PASS,yes,,,SV-8646 (specs/parts-velocity.md S6-R9; S6-N1; §7 (casing note))
PV-EXP-11,C38885,https://shopview.testrail.io/index.php?/cases/view/38885,PV,PV — Exports,An over-cap Parts Velocity export is refused with the too-large message,71,KEEP,"Over-cap export refusal for PV. Per SV-8591 the guard 'takes a count callable/query per report', so each report's cap can fail independently - this is not a near-duplicate of another report's cap case.",SENSIBLE,"Cold-read PASS 2026-07-31: preconditions reachable (seeding named where needed), steps executable in order, expected follows from the steps, no internal contradiction, every control traceable to the spec or the driving story, domain logic sound, pass/fail observable by a non-technical tester.",PASS,yes,,,SV-8646 (specs/parts-velocity.md Story 6 exports — spec silent on a cap; tech-plan-2026-07-29 A3/FR-F4: suite-wide 10; 000-row export cap; locked by Chris 2026-07-21)
PV-FILT-01,C30328,https://shopview.testrail.io/index.php?/cases/view/30328,PV,PV — Filters,"Type filter: single-select, first in row, three options, default Both; reloads",78,KEEP,Filter data-effect contract — changes which rows/totals appear; failures are real.,SENSIBLE,"Cold-read PASS: preconditions reachable (seeding stated where needed), steps executable in order, expected follows, no contradiction, every control spec-traceable, domain logic sound, pass/fail observable. [NOTE: this case was video-edited concurrently (commit 3bd08a7) — this sense verdict applies to the PRE-EDIT text; re-check after the video edits land.]",PASS,yes,,,SV-8642 (PV spec S2-R1; S3-R5 - 'Catalogue' RENAMED to the exact label 'Special Order' [Type filter; Type column; export] per Chris Ward msg 2026-07-29 [newest-wins] [cf video P31])
PV-FILT-03,C30330,https://shopview.testrail.io/index.php?/cases/view/30330,PV,PV — Filters,Date range selector offers exactly the eleven bounded options and no All Time,77,KEEP,Filter data-effect contract — changes which rows/totals appear; failures are real.,SENSIBLE,"Cold-read PASS: preconditions reachable (seeding stated where needed), steps executable in order, expected follows, no contradiction, every control spec-traceable, domain logic sound, pass/fail observable.",PASS,yes,,,SV-8642 (specs/parts-velocity.md S2-R2; §2 Out of Scope)
PV-FILT-04,C30331,https://shopview.testrail.io/index.php?/cases/view/30331,PV,PV — Filters,A Custom date range needs valid dates and rejects a span over 366 days,70,KEEP,Filter data-effect contract — changes which rows/totals appear; failures are real.,SENSIBLE,"Cold-read PASS: preconditions reachable (seeding stated where needed), steps executable in order, expected follows, no contradiction, every control spec-traceable, domain logic sound, pass/fail observable.",PASS,yes,,,SV-8642 (specs/parts-velocity.md S2-R3)
PV-FILT-05,C30332,https://shopview.testrail.io/index.php?/cases/view/30332,PV,PV — Filters,Category and Vendor multi-select filters limit the table to matching parts,74,KEEP,Filter data-effect contract — changes which rows/totals appear; failures are real.,SENSIBLE,"Cold-read PASS: preconditions reachable (seeding stated where needed), steps executable in order, expected follows, no contradiction, every control spec-traceable, domain logic sound, pass/fail observable.",PASS,yes,,,SV-8642 (specs/parts-velocity.md S2-R4; S2-R5; S2-R10)
PV-FILT-06,C30333,https://shopview.testrail.io/index.php?/cases/view/30333,PV,PV — Filters,"Toolbar search matches part number or description, case-insensitively",69,KEEP,Filter data-effect contract — changes which rows/totals appear; failures are real.,SENSIBLE,"Cold-read PASS: preconditions reachable (seeding stated where needed), steps executable in order, expected follows, no contradiction, every control spec-traceable, domain logic sound, pass/fail observable.",PASS,yes,,,SV-8642 (specs/parts-velocity.md S2-R6; §3 Key Decisions)
PV-FILT-07,C30334,https://shopview.testrail.io/index.php?/cases/view/30334,PV,PV — Filters,All active filters combine with AND logic,41,KEEP,Filter data-effect contract — changes which rows/totals appear; failures are real.,SENSIBLE,"Cold-read PASS: preconditions reachable (seeding stated where needed), steps executable in order, expected follows, no contradiction, every control spec-traceable, domain logic sound, pass/fail observable.",PASS,yes,,,SV-8642 (specs/parts-velocity.md S2-R7)
PV-FILT-08,C30335,https://shopview.testrail.io/index.php?/cases/view/30335,PV,PV — Filters,The Bin multi-select limits the table to parts stocked in those bins,68,KEEP,Filter data-effect contract — changes which rows/totals appear; failures are real.,SENSIBLE,"Cold-read PASS: preconditions reachable (seeding stated where needed), steps executable in order, expected follows, no contradiction, every control spec-traceable, domain logic sound, pass/fail observable.",PASS,yes,,,SV-8642 (specs/parts-velocity.md S2-R8)
PV-FILT-09,C30336,https://shopview.testrail.io/index.php?/cases/view/30336,PV,PV — Filters,Bin filter excludes special-order rows; Bin plus that Type is empty by design,77,KEEP,Filter data-effect contract — changes which rows/totals appear; failures are real.,SENSIBLE,"Cold-read PASS: preconditions reachable (seeding stated where needed), steps executable in order, expected follows, no contradiction, every control spec-traceable, domain logic sound, pass/fail observable. [NOTE: this case was video-edited concurrently (commit 3bd08a7) — this sense verdict applies to the PRE-EDIT text; re-check after the video edits land.]",PASS,yes,,,SV-8642 (PV spec S2-R8 - 'Catalogue' RENAMED to the exact label 'Special Order' per Chris Ward msg 2026-07-29 [newest-wins] [cf video P31])
PV-FILT-10,C30337,https://shopview.testrail.io/index.php?/cases/view/30337,PV,PV — Filters,"Location filter is rightmost, defaults to the active location, accessible-only",78,KEEP,Filter data-effect contract — changes which rows/totals appear; failures are real.,SENSIBLE,"Cold-read PASS: preconditions reachable (seeding stated where needed), steps executable in order, expected follows, no contradiction, every control spec-traceable, domain logic sound, pass/fail observable. [NOTE: this case was video-edited concurrently (commit 3bd08a7) — this sense verdict applies to the PRE-EDIT text; re-check after the video edits land.]",PASS,yes,,,SV-8642 (PV spec S2-R9 — per-row location identifier in All-Locations view ADDED per kickoff video P10; [ruling 2026-07-28 video-overrides-spec]) + on-screen location-scope indicator per Chris Ward msg 2026-07-29 [newest-wins]
PV-FILT-11,C30338,https://shopview.testrail.io/index.php?/cases/view/30338,PV,PV — Filters,Empty state shows the standard no-data message when no parts match the filters,78,WEAK-KEEP,"Verbatim empty-state label; string conformance, verify once.",SENSIBLE,"Cold-read PASS: preconditions reachable (seeding stated where needed), steps executable in order, expected follows, no contradiction, every control spec-traceable, domain logic sound, pass/fail observable.",PASS,yes,,,SV-8642 (specs/parts-velocity.md S2-R11; S2-N1; §7)
PV-FILT-12,C30339,https://shopview.testrail.io/index.php?/cases/view/30339,PV,PV — Filters,Parts with no category; vendor or bin are excluded when that filter is on,73,KEEP,Filter data-effect contract — changes which rows/totals appear; failures are real.,SENSIBLE,"Cold-read PASS: preconditions reachable (seeding stated where needed), steps executable in order, expected follows, no contradiction, every control spec-traceable, domain logic sound, pass/fail observable.",PASS,yes,,,SV-8642 (specs/parts-velocity.md S2-E1; S2-E2; S2-E3)
PV-FILT-13,C30340,https://shopview.testrail.io/index.php?/cases/view/30340,PV,PV — Filters,Parts Velocity: the Location filter is hidden for a one-location user,69,WEAK-KEEP,Single-location-still-sees-filter: contradicted by pending video P33; may invert.,SENSIBLE,"Cold-read PASS: preconditions reachable (seeding stated where needed), steps executable in order, expected follows, no contradiction, every control spec-traceable, domain logic sound, pass/fail observable. [NOTE: this case was video-edited concurrently (commit 3bd08a7) — this sense verdict applies to the PRE-EDIT text; re-check after the video edits land.]",PASS,yes,,,"SV-8642 (PV spec S2-E4 — RULED HIDDEN by Chris Ward answer 2026-07-31 Q1=A ""classic spec drift""; the S2-E4 ""still sees the filter"" note is stale; spec edit pending)"
PV-FILT-14,C38914,https://shopview.testrail.io/index.php?/cases/view/38914,PV,PV — Filters,"The Location column shows only with more than one location, leftmost before Type",80,KEEP,"Per-row Location column for PV: leftmost before Type, and 'Multiple' DOES appear on the merged special-order row - the opposite of IV/WIP. A distinct display contract.",SENSIBLE,"Cold-read PASS 2026-07-31: preconditions reachable (seeding named where needed), steps executable in order, expected follows from the steps, no internal contradiction, every control traceable to the spec or the driving story, domain logic sound, pass/fail observable by a non-technical tester.",PASS,yes,,,"SV-8642 (PV spec v4 2026-07-29 S2-R12; S3-R10; S7-R8 — per-row Location column; leftmost before Type; ""Multiple"" on the merged special-order row; not in the picker)"
PV-NAV-01,C30322,https://shopview.testrail.io/index.php?/cases/view/30322,PV,PV — Access & Defaults,Parts Velocity appears under a new Parts section in the Reports navigation,74,KEEP,Navigation/entry contract — additive placement was an explicit PO instruction on the video.,SENSIBLE,"Cold-read PASS: preconditions reachable (seeding stated where needed), steps executable in order, expected follows, no contradiction, every control spec-traceable, domain logic sound, pass/fail observable.",PASS,yes,,,SV-8641 (PV spec S1-R1 — spec's 'only report' sentence superseded: Parts Velocity and Inventory Value BOTH live under Parts per PRD video 2026-07-30 00:35-01:18; PV-vs-IV S1-R1 clash on SPEC-WATCH)
PV-NAV-02,C30323,https://shopview.testrail.io/index.php?/cases/view/30323,PV,PV — Access & Defaults,First visit: date range defaults to This Year and data is fetched automatically,79,KEEP,"First-visit defaults (This Year, auto-fetch, Demand ranking) — PV's only defaults case.",SENSIBLE,"Cold-read PASS: preconditions reachable (seeding stated where needed), steps executable in order, expected follows, no contradiction, every control spec-traceable, domain logic sound, pass/fail observable.",PASS,yes,,PV-PERM-01,SV-8641 (specs/parts-velocity.md S1-R2; S4-R6)
PV-NAV-03,C30324,https://shopview.testrail.io/index.php?/cases/view/30324,PV,PV — Access & Defaults,A loading indicator shows and old rows are replaced only when data returns,74,WEAK-KEEP,"Loading-indicator/no-blank-flash; standard framework behavior, verify once.",SENSIBLE,"Cold-read PASS: preconditions reachable (seeding stated where needed), steps executable in order, expected follows, no contradiction, every control spec-traceable, domain logic sound, pass/fail observable.",PASS,yes,,,SV-8641 (specs/parts-velocity.md S1-R3)
PV-PERM-01,C30325,https://shopview.testrail.io/index.php?/cases/view/30325,PV,PV — Permissions,A user with Inventory Reports View can load the report and export it,68,KEEP,Permission gate (positive/negative observable behavior). NOTE: Q2 permission-model discrepancy raised to Chris/dev 2026-07-28; cases stay per the shipped mixed model per user ruling.,SENSIBLE,"Cold-read PASS: preconditions reachable (seeding stated where needed), steps executable in order, expected follows, no contradiction, every control spec-traceable, domain logic sound, pass/fail observable.",PASS,yes,,,SV-8641 (specs/parts-velocity.md S1-R4)
PV-PERM-02,C30326,https://shopview.testrail.io/index.php?/cases/view/30326,PV,PV — Permissions,Without the Manager or Office User role the report entry is not shown,69,KEEP,Permission gate (positive/negative observable behavior). NOTE: Q2 permission-model discrepancy raised to Chris/dev 2026-07-28; cases stay per the shipped mixed model per user ruling.,SENSIBLE,"Cold-read PASS: preconditions reachable (seeding stated where needed), steps executable in order, expected follows, no contradiction, every control spec-traceable, domain logic sound, pass/fail observable.",PASS,yes,,,SV-8641 (specs/parts-velocity.md S1-N1)
PV-PERM-03,C30327,https://shopview.testrail.io/index.php?/cases/view/30327,PV,PV — Permissions,Reports access without Inventory Reports View: entry shows; data denied,71,KEEP,Permission gate (positive/negative observable behavior). NOTE: Q2 permission-model discrepancy raised to Chris/dev 2026-07-28; cases stay per the shipped mixed model per user ruling.,SENSIBLE,"Cold-read PASS: preconditions reachable (seeding stated where needed), steps executable in order, expected follows, no contradiction, every control spec-traceable, domain logic sound, pass/fail observable.",PASS,yes,,,SV-8641 (specs/parts-velocity.md S1-N2; S1-R4)
PV-PREC-01,,,PV,PV — Columns & Calculations,Units Sold keeps an exact part-of-a-unit quantity and is never rounded off,74,KEEP,Fractional Units Sold survives a full round-trip un-truncated. Closes the one genuine gap in epic SV-8582 (SV-8589's own first named test); failure = the live truncation bug.,SENSIBLE,"Cold-read PASS 2026-07-31: preconditions reachable (seeding named where needed), steps executable in order, expected follows from the steps, no internal contradiction, every control traceable to the spec or the driving story, domain logic sound, pass/fail observable by a non-technical tester.",PASS,yes,,,SV-8589 (PV spec S5-R1 Units Sold net stock movement + S5-R5 two-decimal movement format; tech-plan-2026-07-29 Phase 0 / PR-1 D2; SV-8589 verbatim Tests: 'fractional-quantity round-trip regression')
PV-PREC-02,,,PV,PV — API,QuickBooks amount for a part-of-a-unit sale is exact and never inflated,71,KEEP,"The QuickBooks journal amount from a fractional movement is exact. SV-8589's own second named test, in a different system from PV-PREC-01; failure = real customer-ledger corruption.",SENSIBLE,"Cold-read PASS 2026-07-31: preconditions reachable (seeding named where needed), steps executable in order, expected follows from the steps, no internal contradiction, every control traceable to the spec or the driving story, domain logic sound, pass/fail observable by a non-technical tester.",PASS,yes,,,SV-8589 (verbatim Tests: 'QB journal amount exact from fractional movement'; Goal: 'QB journal-entry sync multiplies these into dollar amounts'; tech-plan-2026-07-29 Phase 0 / PR-1 D2 - no report spec covers QuickBooks)
PV-ROW-01,C30341,https://shopview.testrail.io/index.php?/cases/view/30341,PV,PV — Row Model,A part stocked at two selected locations shows as two per-location rows,71,KEEP,"Row-model/scope contract (who appears, where, exactly once) — data-correctness core.",SENSIBLE,"Cold-read PASS: preconditions reachable (seeding stated where needed), steps executable in order, expected follows, no contradiction, every control spec-traceable, domain logic sound, pass/fail observable.",PASS,yes,,,SV-8643 (specs/parts-velocity.md S3-R1a; §3 Key Decisions)
PV-ROW-02,C30342,https://shopview.testrail.io/index.php?/cases/view/30342,PV,PV — Row Model,A Special Order part is one merged row summed across selected locations,71,KEEP,"Row-model/scope contract (who appears, where, exactly once) — data-correctness core.",SENSIBLE,"Cold-read PASS: preconditions reachable (seeding stated where needed), steps executable in order, expected follows, no contradiction, every control spec-traceable, domain logic sound, pass/fail observable.",PASS,yes,,,SV-8643 (specs/parts-velocity.md S3-R1a; §3 Key Decisions)
PV-ROW-03,C30343,https://shopview.testrail.io/index.php?/cases/view/30343,PV,PV — Row Model,"Rows load ranked by Demand descending, indicator on the Demand header",69,KEEP,"Row-model/scope contract (who appears, where, exactly once) — data-correctness core.",SENSIBLE,"Cold-read PASS: preconditions reachable (seeding stated where needed), steps executable in order, expected follows, no contradiction, every control spec-traceable, domain logic sound, pass/fail observable.",PASS,yes,,,SV-8643 (specs/parts-velocity.md S3-R2)
PV-ROW-04,C30344,https://shopview.testrail.io/index.php?/cases/view/30344,PV,PV — Row Model,"A header click sorts ascending first, toggles, and places nulls by direction",76,KEEP,"Row-model/scope contract (who appears, where, exactly once) — data-correctness core.",SENSIBLE,"Cold-read PASS: preconditions reachable (seeding stated where needed), steps executable in order, expected follows, no contradiction, every control spec-traceable, domain logic sound, pass/fail observable.",PASS,yes,,,SV-8643 (specs/parts-velocity.md S3-R3)
PV-ROW-05,C30345,https://shopview.testrail.io/index.php?/cases/view/30345,PV,PV — Row Model,"Sticky header, all-left alignment on screen, and plain-text Type values",71,KEEP,"Row-model/scope contract (who appears, where, exactly once) — data-correctness core.",SENSIBLE,"Cold-read PASS: preconditions reachable (seeding stated where needed), steps executable in order, expected follows, no contradiction, every control spec-traceable, domain logic sound, pass/fail observable. [NOTE: this case was video-edited concurrently (commit 3bd08a7) — this sense verdict applies to the PRE-EDIT text; re-check after the video edits land.]",PASS,yes,,PV-EXP-08,SV-8643 (PV spec S3-R4; S3-R5; S3-R8 - Type value 'Catalogue' RENAMED to the exact label 'Special Order' per Chris Ward msg 2026-07-29 [newest-wins] [cf video P31])
PV-ROW-06,C30346,https://shopview.testrail.io/index.php?/cases/view/30346,PV,PV — Row Model,Info icons sit on Units Sold; Demand and Turns / Yr with descriptions,69,KEEP,"Row-model/scope contract (who appears, where, exactly once) — data-correctness core.",SENSIBLE,"Cold-read PASS: preconditions reachable (seeding stated where needed), steps executable in order, expected follows, no contradiction, every control spec-traceable, domain logic sound, pass/fail observable.",PASS,yes,,,SV-8643 (specs/parts-velocity.md S3-R6)
PV-ROW-07,C30347,https://shopview.testrail.io/index.php?/cases/view/30347,PV,PV — Row Model,Description; Category and Vendor truncate on hover; Part # never does,69,KEEP,"Row-model/scope contract (who appears, where, exactly once) — data-correctness core.",SENSIBLE,"Cold-read PASS: preconditions reachable (seeding stated where needed), steps executable in order, expected follows, no contradiction, every control spec-traceable, domain logic sound, pass/fail observable.",PASS,yes,,PV-EXP-05,SV-8643 (specs/parts-velocity.md S3-R7)
PV-ROW-08,C30348,https://shopview.testrail.io/index.php?/cases/view/30348,PV,PV — Row Model,Em-dash only in nullable fields; counts and Revenue/Margin are never null,73,KEEP,"Row-model/scope contract (who appears, where, exactly once) — data-correctness core.",SENSIBLE,"Cold-read PASS: preconditions reachable (seeding stated where needed), steps executable in order, expected follows, no contradiction, every control spec-traceable, domain logic sound, pass/fail observable.",PASS,yes,,,SV-8643 (specs/parts-velocity.md S3-R9; S5-R5)
PV-ROW-09,C30349,https://shopview.testrail.io/index.php?/cases/view/30349,PV,PV — Row Model,"An inventory part drops out only with no movement, no stock and no revenue",74,KEEP,"Row-model/scope contract (who appears, where, exactly once) — data-correctness core.",SENSIBLE,"Cold-read PASS: preconditions reachable (seeding stated where needed), steps executable in order, expected follows, no contradiction, every control spec-traceable, domain logic sound, pass/fail observable.",PASS,yes,,,SV-8643 (specs/parts-velocity.md S3-N1)
PV-ROW-10,C30350,https://shopview.testrail.io/index.php?/cases/view/30350,PV,PV — Row Model,A sale invoiced then fully reversed shows Demand 1 with Units Sold 0.00,71,KEEP,"Row-model/scope contract (who appears, where, exactly once) — data-correctness core.",SENSIBLE,"Cold-read PASS: preconditions reachable (seeding stated where needed), steps executable in order, expected follows, no contradiction, every control spec-traceable, domain logic sound, pass/fail observable.",PASS,yes,,,SV-8643 (specs/parts-velocity.md S3-E1; S5-R5)
PV-VIS-01,C30385,https://shopview.testrail.io/index.php?/cases/view/30385,PV,PV — Visual Conformance,The report uses the standard two-tone layout,44,WEAK-KEEP,Two-tone theme parroting; verify once.,SENSIBLE,"Cold-read PASS: preconditions reachable (seeding stated where needed), steps executable in order, expected follows, no contradiction, every control spec-traceable, domain logic sound, pass/fail observable.",PASS,yes,,,SV-8647 (specs/parts-velocity.md S7-R1; §2)
PV-VIS-02,C30386,https://shopview.testrail.io/index.php?/cases/view/30386,PV,PV — Visual Conformance,Toolbar and table detail styling matches the suite paddings and borders,71,WEAK-KEEP,Px paddings/1px borders; verify once.,SENSIBLE,"Cold-read PASS: preconditions reachable (seeding stated where needed), steps executable in order, expected follows, no contradiction, every control spec-traceable, domain logic sound, pass/fail observable.",PASS,yes,,,SV-8647 (specs/parts-velocity.md S7-R2; S7-R3; S7-R4; S7-R5)
PV-VIS-03,C30387,https://shopview.testrail.io/index.php?/cases/view/30387,PV,PV — Visual Conformance,Dark mode is supported and the grey info icon keeps 3:1 contrast in both,72,WEAK-KEEP,Dark mode + 3:1 icon contrast (tooling); one-time check.,SENSIBLE,"Cold-read PASS: preconditions reachable (seeding stated where needed), steps executable in order, expected follows, no contradiction, every control spec-traceable, domain logic sound, pass/fail observable.",PASS,yes,,,SV-8647 (specs/parts-velocity.md S7-R6)
SBC-API-01,C30190,https://shopview.testrail.io/index.php?/cases/view/30190,SBC,SBC — API,Asset and invoice rows are fetched on first expand; one call per customer,73,KEEP,Server-side contract (pagination/sort/snapshot/enforcement) — placed in an API section per Rule 4; verifiable via network tab/DB; failures are real defects.,SENSIBLE,"Cold-read PASS: preconditions reachable (seeding stated where needed), steps executable in order, expected follows, no contradiction, every control spec-traceable, domain logic sound, pass/fail observable.",PASS,yes,,,SV-8606 (specs/sbc-sales-by-customer.md Story 8 S8-R14; S8-R16)
SBC-API-02,C30191,https://shopview.testrail.io/index.php?/cases/view/30191,SBC,SBC — API,Sorting is applied on the server and re-fetches the first page,62,KEEP,Server-side contract (pagination/sort/snapshot/enforcement) — placed in an API section per Rule 4; verifiable via network tab/DB; failures are real defects.,SENSIBLE,"Cold-read PASS: preconditions reachable (seeding stated where needed), steps executable in order, expected follows, no contradiction, every control spec-traceable, domain logic sound, pass/fail observable.",PASS,yes,,,SV-8608 (specs/sbc-sales-by-customer.md Story 10 S10-R8; S10-R8b; tech-plan-2026-07-29 A2 (server sort whitelist))
SBC-API-03,C30192,https://shopview.testrail.io/index.php?/cases/view/30192,SBC,SBC — API,The Customer type-ahead queries the server instead of loading every name,72,KEEP,Server-side contract (pagination/sort/snapshot/enforcement) — placed in an API section per Rule 4; verifiable via network tab/DB; failures are real defects.,SENSIBLE,"Cold-read PASS: preconditions reachable (seeding stated where needed), steps executable in order, expected follows, no contradiction, every control spec-traceable, domain logic sound, pass/fail observable.",PASS,yes,,,SV-8616 (specs/sbc-sales-by-customer.md Story 18 S18-R2; S18-R4)
SBC-API-04,C30193,https://shopview.testrail.io/index.php?/cases/view/30193,SBC,SBC — API,Customer rows are server-paginated; the totals row is server-computed,69,KEEP,Server-side contract (pagination/sort/snapshot/enforcement) — placed in an API section per Rule 4; verifiable via network tab/DB; failures are real defects.,SENSIBLE,"Cold-read PASS: preconditions reachable (seeding stated where needed), steps executable in order, expected follows, no contradiction, every control spec-traceable, domain logic sound, pass/fail observable.",PASS,yes,,,SV-8616 (specs/sbc-sales-by-customer.md Story 18 S18-R6; S18-R11)
SBC-API-05,C30194,https://shopview.testrail.io/index.php?/cases/view/30194,SBC,SBC — API,"Exports are server-generated and the 10,000-row cap is counted first",68,KEEP,Server-side contract (pagination/sort/snapshot/enforcement) — placed in an API section per Rule 4; verifiable via network tab/DB; failures are real defects.,SENSIBLE,"Cold-read PASS: preconditions reachable (seeding stated where needed), steps executable in order, expected follows, no contradiction, every control spec-traceable, domain logic sound, pass/fail observable.",PASS,yes,,SBC-EXP-14,SV-8612 (specs/sbc-sales-by-customer.md Story 14 S14-R3; S14-R14; Story 15 S15-R3; S15-R22)
SBC-CALC-01,C30149,https://shopview.testrail.io/index.php?/cases/view/30149,SBC,SBC — Totals & Calculations,Financial columns run in the specified order with Subtotal and Margin rules,75,KEEP,"Calculation contract with a worked example; a failure is a real, reportable money/hours bug.",SENSIBLE,"Cold-read PASS: preconditions reachable (seeding stated where needed), steps executable in order, expected follows, no contradiction, every control spec-traceable, domain logic sound, pass/fail observable.",PASS,yes,,,SV-8605 (specs/sbc-sales-by-customer.md §2; §4 Terminology; Story 7 S7-R6; Story 11 S11-R1)
SBC-CALC-02,C30150,https://shopview.testrail.io/index.php?/cases/view/30150,SBC,SBC — Totals & Calculations,Margin % is Margin over Subtotal to one decimal; em dash when Subtotal <= 0,75,KEEP,"Calculation contract with a worked example; a failure is a real, reportable money/hours bug.",SENSIBLE,"Cold-read PASS: preconditions reachable (seeding stated where needed), steps executable in order, expected follows, no contradiction, every control spec-traceable, domain logic sound, pass/fail observable.",PASS,yes,,,SV-8605 (specs/sbc-sales-by-customer.md Story 7 S7-R11; S7-R12; S7-R13; S7-R14)
SBC-CALC-03,C30151,https://shopview.testrail.io/index.php?/cases/view/30151,SBC,SBC — Totals & Calculations,Inv. Hrs heading is verbatim; value shows +green / -red / 0.0 on every row,74,KEEP,"Calculation contract with a worked example; a failure is a real, reportable money/hours bug.",SENSIBLE,"Cold-read PASS: preconditions reachable (seeding stated where needed), steps executable in order, expected follows, no contradiction, every control spec-traceable, domain logic sound, pass/fail observable.",PASS,yes,,,SV-8610 (specs/sbc-sales-by-customer.md Story 12 S12-R1; S12-R2; S12-R3; S12-R4; S12-R5; S12-R6)
SBC-CALC-04,C30152,https://shopview.testrail.io/index.php?/cases/view/30152,SBC,SBC — Totals & Calculations,Inv. Hrs is never blank: no-labor rows and near-zero values both show 0.0,73,KEEP,"Calculation contract with a worked example; a failure is a real, reportable money/hours bug.",SENSIBLE,"Cold-read PASS: preconditions reachable (seeding stated where needed), steps executable in order, expected follows, no contradiction, every control spec-traceable, domain logic sound, pass/fail observable.",PASS,yes,,,SV-8610 (specs/sbc-sales-by-customer.md Story 12 S12-N1; S12-E1; S12-E2)
SBC-CALC-05,C30153,https://shopview.testrail.io/index.php?/cases/view/30153,SBC,SBC — Totals & Calculations,Invoice subtotals sum to their asset row and asset subtotals to the customer,76,KEEP,"Calculation contract with a worked example; a failure is a real, reportable money/hours bug.",SENSIBLE,"Cold-read PASS: preconditions reachable (seeding stated where needed), steps executable in order, expected follows, no contradiction, every control spec-traceable, domain logic sound, pass/fail observable.",PASS,yes,,,SV-8606 (specs/sbc-sales-by-customer.md Story 8 S8-R13)
SBC-CALC-06,C30154,https://shopview.testrail.io/index.php?/cases/view/30154,SBC,SBC — Totals & Calculations,Subtotal is the rightmost column; pinned on scroll and bold everywhere,70,KEEP,"Calculation contract with a worked example; a failure is a real, reportable money/hours bug.",SENSIBLE,"Cold-read PASS: preconditions reachable (seeding stated where needed), steps executable in order, expected follows, no contradiction, every control spec-traceable, domain logic sound, pass/fail observable.",PASS,yes,,,SV-8609 (specs/sbc-sales-by-customer.md Story 11 S11-R1; S11-R2; S11-R3; S11-N1)
SBC-CALC-07,C30155,https://shopview.testrail.io/index.php?/cases/view/30155,SBC,SBC — Totals & Calculations,The totals row covers the whole filtered set; not just the current page,71,KEEP,"Calculation contract with a worked example; a failure is a real, reportable money/hours bug.",SENSIBLE,"Cold-read PASS: preconditions reachable (seeding stated where needed), steps executable in order, expected follows, no contradiction, every control spec-traceable, domain logic sound, pass/fail observable.",PASS,yes,,,SV-8616 (specs/sbc-sales-by-customer.md Story 18 S18-R6)
SBC-COL-01,C30156,https://shopview.testrail.io/index.php?/cases/view/30156,SBC,SBC — Column Selector,Column selector is its own toolbar button with nine toggles all on,66,KEEP,Column selector behavior contract (contents/effect/exports interaction).,SENSIBLE,"Cold-read PASS: preconditions reachable (seeding stated where needed), steps executable in order, expected follows, no contradiction, every control spec-traceable, domain logic sound, pass/fail observable.",PASS,yes,,,SV-8611 (specs/sbc-sales-by-customer.md Story 13 S13-R1; S13-R2; S13-R3; S13-R4; S13-R7)
SBC-COL-02,C30157,https://shopview.testrail.io/index.php?/cases/view/30157,SBC,SBC — Column Selector,"Column toggles hide header+cells; Customer, Subtotal and chevron never in list",78,KEEP,Column selector behavior contract (contents/effect/exports interaction).,SENSIBLE,"Cold-read PASS: preconditions reachable (seeding stated where needed), steps executable in order, expected follows, no contradiction, every control spec-traceable, domain logic sound, pass/fail observable.",PASS,yes,,,SV-8611 (specs/sbc-sales-by-customer.md Story 13 S13-R5; S13-R6; S13-N1)
SBC-CUST-01,C30112,https://shopview.testrail.io/index.php?/cases/view/30112,SBC,SBC — Customer Filter,"Customer filter sits between Product Type and Location, carries a search icon",77,WEAK-KEEP,"Placement/search-icon/hint cosmetics of the Customer control; legitimate spec line, low failure value.",SENSIBLE,"Cold-read PASS: preconditions reachable (seeding stated where needed), steps executable in order, expected follows, no contradiction, every control spec-traceable, domain logic sound, pass/fail observable.",PASS,yes,,,SV-8616 (specs/sbc-sales-by-customer.md Story 18 S18-R1; S18-R2)
SBC-CUST-02,C30113,https://shopview.testrail.io/index.php?/cases/view/30113,SBC,SBC — Customer Filter,Typing in the Customer filter lists matching customers by contains match,72,KEEP,Filter data-effect contract — changes which rows/totals appear; failures are real.,SENSIBLE,"Cold-read PASS: preconditions reachable (seeding stated where needed), steps executable in order, expected follows, no contradiction, every control spec-traceable, domain logic sound, pass/fail observable.",PASS,yes,,,SV-8616 (specs/sbc-sales-by-customer.md Story 18 S18-R2)
SBC-CUST-03,C30114,https://shopview.testrail.io/index.php?/cases/view/30114,SBC,SBC — Customer Filter,Pinned control toggles All customers and Clear all; clearing shows empty state,78,KEEP,Filter data-effect contract — changes which rows/totals appear; failures are real.,SENSIBLE,"Cold-read PASS: preconditions reachable (seeding stated where needed), steps executable in order, expected follows, no contradiction, every control spec-traceable, domain logic sound, pass/fail observable.",PASS,yes,,,SV-8616 (specs/sbc-sales-by-customer.md Story 18 S18-R3; S18-N1; S17-E1)
SBC-CUST-04,C30115,https://shopview.testrail.io/index.php?/cases/view/30115,SBC,SBC — Customer Filter,First load starts in the all-customers state and the report shows every customer,80,KEEP,Filter data-effect contract — changes which rows/totals appear; failures are real.,SENSIBLE,"Cold-read PASS: preconditions reachable (seeding stated where needed), steps executable in order, expected follows, no contradiction, every control spec-traceable, domain logic sound, pass/fail observable.",PASS,yes,,,SV-8616 (specs/sbc-sales-by-customer.md Story 18 S18-R4; S18-R5; S18-R9; S18-E1)
SBC-CUST-05,C30116,https://shopview.testrail.io/index.php?/cases/view/30116,SBC,SBC — Customer Filter,"Collapsed label reads None, the customer's name, or N selected",62,KEEP,Filter data-effect contract — changes which rows/totals appear; failures are real.,SENSIBLE,"Cold-read PASS: preconditions reachable (seeding stated where needed), steps executable in order, expected follows, no contradiction, every control spec-traceable, domain logic sound, pass/fail observable.",PASS,yes,,,SV-8616 (specs/sbc-sales-by-customer.md Story 18 S18-R5)
SBC-CUST-06,C30117,https://shopview.testrail.io/index.php?/cases/view/30117,SBC,SBC — Customer Filter,Changing the customer selection narrows the table and refreshes the totals,74,KEEP,Filter data-effect contract — changes which rows/totals appear; failures are real.,SENSIBLE,"Cold-read PASS: preconditions reachable (seeding stated where needed), steps executable in order, expected follows, no contradiction, every control spec-traceable, domain logic sound, pass/fail observable.",PASS,yes,,,SV-8616 (specs/sbc-sales-by-customer.md Story 18 S18-R5; S18-R11)
SBC-CUST-09,C30120,https://shopview.testrail.io/index.php?/cases/view/30120,SBC,SBC — Customer Filter,A subset customer selection reconciles on a filter change; kept if present,74,KEEP,Filter data-effect contract — changes which rows/totals appear; failures are real.,SENSIBLE,"Cold-read PASS: preconditions reachable (seeding stated where needed), steps executable in order, expected follows, no contradiction, every control spec-traceable, domain logic sound, pass/fail observable.",PASS,yes,,,SV-8616 (specs/sbc-sales-by-customer.md Story 18 S18-R9; S18-E1)
SBC-DATE-01,C30102,https://shopview.testrail.io/index.php?/cases/view/30102,SBC,SBC — Date Range Filter,Date range picker offers eleven options in the specified order,62,KEEP,Date-range semantics (presets/cap/anchoring) — drives every number on the report.,SENSIBLE,"Cold-read PASS: preconditions reachable (seeding stated where needed), steps executable in order, expected follows, no contradiction, every control spec-traceable, domain logic sound, pass/fail observable.",PASS,yes,,,SV-8601 (specs/sbc-sales-by-customer.md Story 2 S2-R1; S2-R2)
SBC-DATE-03,C30104,https://shopview.testrail.io/index.php?/cases/view/30104,SBC,SBC — Date Range Filter,Custom range opens a start/end date dialog and cannot exceed a 366-day span,75,KEEP,Date-range semantics (presets/cap/anchoring) — drives every number on the report.,SENSIBLE,"Cold-read PASS: preconditions reachable (seeding stated where needed), steps executable in order, expected follows, no contradiction, every control spec-traceable, domain logic sound, pass/fail observable.",PASS,yes,,,SV-8601 (specs/sbc-sales-by-customer.md Story 2 S2-R3; S2-R4; S2-N2)
SBC-DATE-04,C30105,https://shopview.testrail.io/index.php?/cases/view/30105,SBC,SBC — Date Range Filter,Changing the date range writes it into the page link for sharing,64,KEEP,Date-range semantics (presets/cap/anchoring) — drives every number on the report.,SENSIBLE,"Cold-read PASS: preconditions reachable (seeding stated where needed), steps executable in order, expected follows, no contradiction, every control spec-traceable, domain logic sound, pass/fail observable.",PASS,yes,,,SV-8601 (specs/sbc-sales-by-customer.md Story 2 S2-R6; S2-R9 (context))
SBC-EMPTY-01,C30181,https://shopview.testrail.io/index.php?/cases/view/30181,SBC,SBC — Empty & Edge States,Empty state shows in the table body; toolbar interactive; kept selection returns,80,KEEP,Loading/empty/error state contract with exact recovery behavior.,SENSIBLE,"Cold-read PASS: preconditions reachable (seeding stated where needed), steps executable in order, expected follows, no contradiction, every control spec-traceable, domain logic sound, pass/fail observable.",PASS,yes,,,SV-8615 (specs/sbc-sales-by-customer.md Story 17 S17-R1; S17-R2; S17-R3; S17-E1; Story 2 S2-N1; Story 3 S3-N1; Story 4 S4-N2; Story 8 S8-N1)
SBC-EMPTY-02,C30182,https://shopview.testrail.io/index.php?/cases/view/30182,SBC,SBC — Empty & Edge States,The empty-state message never appears while the table is still loading,70,WEAK-KEEP,No-empty-message-while-loading; a race a manual tester can rarely drive deterministically.,SENSIBLE,"Cold-read PASS: preconditions reachable (seeding stated where needed), steps executable in order, expected follows, no contradiction, every control spec-traceable, domain logic sound, pass/fail observable.",PASS,yes,,,SV-8615 (specs/sbc-sales-by-customer.md Story 17 S17-N1)
SBC-EMPTY-04,C30184,https://shopview.testrail.io/index.php?/cases/view/30184,SBC,SBC — Empty & Edge States,A failed data fetch shows the error toast which fades after 5 seconds,69,KEEP,Loading/empty/error state contract with exact recovery behavior.,SENSIBLE,"Cold-read PASS: preconditions reachable (seeding stated where needed), steps executable in order, expected follows, no contradiction, every control spec-traceable, domain logic sound, pass/fail observable.",PASS,yes,,,SV-8582 (SBC spec §7 User Feedback Summary — the data-fetch error toast; CROSS-CUTTING: the SBC spec carries no error-state story of its own so the epic key is used deliberately)
SBC-EXP-01,C30159,https://shopview.testrail.io/index.php?/cases/view/30159,SBC,SBC — Exports,The overflow menu holds exactly the four download items - no Print,66,KEEP,Export content/behavior contract (what is in the file / when it is refused) — distinct observable outcome.,SENSIBLE,"Cold-read PASS: preconditions reachable (seeding stated where needed), steps executable in order, expected follows, no contradiction, every control spec-traceable, domain logic sound, pass/fail observable. [NOTE: this case was video-edited concurrently (commit 3bd08a7) — this sense verdict applies to the PRE-EDIT text; re-check after the video edits land.]",PASS,yes,,,SV-8612; SV-8613 (SBC spec S14-R1; S14-R2; S15-R1; S15-R2; S20-R16 - menu RESHAPED to 4 Summary/Expanded items by Chris Ward msg 2026-07-29 [newest-wins] [extends video P21]; 'Print' REMOVED per video P25 [same msg confirms])
SBC-EXP-02,C30160,https://shopview.testrail.io/index.php?/cases/view/30160,SBC,SBC — Exports,Download file names carry the version and the active date range,63,KEEP,Export content/behavior contract (what is in the file / when it is refused) — distinct observable outcome.,SENSIBLE,"Cold-read PASS: preconditions reachable (seeding stated where needed), steps executable in order, expected follows, no contradiction, every control spec-traceable, domain logic sound, pass/fail observable.",PASS,yes,,,SV-8612; SV-8613 (SBC spec v12 2026-07-29 S14-R14; S15-R6 — file names now carry the Summary/Expanded version; the old flat sales-by-customer-{range} map is superseded)
SBC-EXP-03,C30161,https://shopview.testrail.io/index.php?/cases/view/30161,SBC,SBC — Exports,"Expanded View CSV: column order, blank-cell rules, and the Locations line",73,KEEP,Export content/behavior contract (what is in the file / when it is refused) — distinct observable outcome.,SENSIBLE,"Cold-read PASS: preconditions reachable (seeding stated where needed), steps executable in order, expected follows, no contradiction, every control spec-traceable, domain logic sound, pass/fail observable.",PASS,yes,,,SV-8612 (SBC spec v12 2026-07-29 Story 14 S14-R5; S14-R6; S14-R7; S14-R13 — the Expanded CSV now has thirteen columns INCLUDING Asset; with per-level blank-cell rules; the old flat twelve-column shape is superseded)
SBC-EXP-04,C30162,https://shopview.testrail.io/index.php?/cases/view/30162,SBC,SBC — Exports,CSV formats: Margin % plain; dates mm-dd-yyyy; currency plain; no color,71,KEEP,Export content/behavior contract (what is in the file / when it is refused) — distinct observable outcome.,SENSIBLE,"Cold-read PASS: preconditions reachable (seeding stated where needed), steps executable in order, expected follows, no contradiction, every control spec-traceable, domain logic sound, pass/fail observable.",PASS,yes,,,SV-8612 (specs/sbc-sales-by-customer.md Story 14 S14-R10; S14-R11; S14-R12; S14-R13)
SBC-EXP-05,C30163,https://shopview.testrail.io/index.php?/cases/view/30163,SBC,SBC — Exports,CSV and PDF hold exactly the customers matching the active filters and sort,75,KEEP,"Exports reflect active filters — the PO stated this is ""very, very much intentional"" on the kickoff video.",SENSIBLE,"Cold-read PASS: preconditions reachable (seeding stated where needed), steps executable in order, expected follows, no contradiction, every control spec-traceable, domain logic sound, pass/fail observable.",PASS,yes,,,SV-8601 (specs/sbc-sales-by-customer.md Story 2 S2-R7; Story 3 S3-R7; Story 4 S4-R10; Story 14 S14-R3; Story 15 S15-R3; Story 18 S18-R7)
SBC-EXP-06,C30164,https://shopview.testrail.io/index.php?/cases/view/30164,SBC,SBC — Exports,Each download item shows a loading state and its own export-failed toast,72,KEEP,Export content/behavior contract (what is in the file / when it is refused) — distinct observable outcome.,SENSIBLE,"Cold-read PASS: preconditions reachable (seeding stated where needed), steps executable in order, expected follows, no contradiction, every control spec-traceable, domain logic sound, pass/fail observable.",PASS,yes,,,SV-8612; SV-8613 (SBC spec v12 2026-07-29 Story 14 S14-E1; S14-N1; Story 15 S15-E1; S15-N1; §7 — the loading state is now per menu item; four items)
SBC-EXP-08,C30166,https://shopview.testrail.io/index.php?/cases/view/30166,SBC,SBC — Exports,"PDF page: A4 landscape, uniform margins, ShopView footer and page numbers",73,WEAK-KEEP,A4/25px-margins/footer: px values not measurable by a manual tester without tooling.,SENSIBLE,"was FIX-WORDING in the 2026-07-28 audit; repaired and pushed the same day (see reconciliation-2026-07-28/testrail-execution-log-2026-07-28.md) - original finding: Expected asserts ""25px margins"" and px font conformance with no measurement method in the steps — a tester cannot eyeball 25px; either state the tooli",PASS,yes,,,SV-8613 (specs/sbc-sales-by-customer.md Story 15 S15-R5; S15-R6)
SBC-EXP-09,C30167,https://shopview.testrail.io/index.php?/cases/view/30167,SBC,SBC — Exports,"PDF header: title, organization, date range, Product Type and Locations lines",77,KEEP,Export content/behavior contract (what is in the file / when it is refused) — distinct observable outcome.,SENSIBLE,"Cold-read PASS: preconditions reachable (seeding stated where needed), steps executable in order, expected follows, no contradiction, every control spec-traceable, domain logic sound, pass/fail observable.",PASS,yes,,,SV-8613 (SBC spec Story 15 S15-R7; S15-R8; S15-R9; S15-R10; S15-R11 - old 'location not in the header' rule REVERSED by the Locations: line in every export per Chris Ward msg 2026-07-29 [newest-wins])
SBC-EXP-10,C30168,https://shopview.testrail.io/index.php?/cases/view/30168,SBC,SBC — Exports,"PDF logo is embedded, scales without distortion",47,KEEP,Export content/behavior contract (what is in the file / when it is refused) — distinct observable outcome.,SENSIBLE,"Cold-read PASS: preconditions reachable (seeding stated where needed), steps executable in order, expected follows, no contradiction, every control spec-traceable, domain logic sound, pass/fail observable.",PASS,yes,,,SV-8613 (specs/sbc-sales-by-customer.md Story 15 S15-R12; S15-R13; S15-R14; S15-R15)
SBC-EXP-11,C30169,https://shopview.testrail.io/index.php?/cases/view/30169,SBC,SBC — Exports,Expanded View PDF body matches the CSV's columns and on-screen rules,68,KEEP,Export content/behavior contract (what is in the file / when it is refused) — distinct observable outcome.,SENSIBLE,"Cold-read PASS: preconditions reachable (seeding stated where needed), steps executable in order, expected follows, no contradiction, every control spec-traceable, domain logic sound, pass/fail observable.",PASS,yes,,,SV-8613 (SBC spec v12 2026-07-29 Story 15 S15-R5; S15-R13; S15-R19; S15-R20; S15-R21; S15-R22; S15-R23; S15-R24 — Expanded PDF body = the Expanded columns with the asset layer; one block per customer; the title is the same for both versions)
SBC-EXP-14,C30172,https://shopview.testrail.io/index.php?/cases/view/30172,SBC,SBC — Exports,"An export over 10,000 data rows is refused with the too-large toast",67,KEEP,"10,000-row export cap with the exact refusal toast — spec change-log headline item.",SENSIBLE,"Cold-read PASS: preconditions reachable (seeding stated where needed), steps executable in order, expected follows, no contradiction, every control spec-traceable, domain logic sound, pass/fail observable. [NOTE: this case was video-edited concurrently (commit 3bd08a7) — this sense verdict applies to the PRE-EDIT text; re-check after the video edits land.]",PASS,yes,,,SV-8612; SV-8613 (specs/sbc-sales-by-customer.md Story 14 S14-R14; Story 15 S15-R22; §7 — the Print leg REMOVED per kickoff video P25 31:14 / SV-8614 overridden; user ruling 2026-07-28: video overrides spec (video newer; last-update-wins))
SBC-EXP-15,C30173,https://shopview.testrail.io/index.php?/cases/view/30173,SBC,SBC — Exports,A no-match export still downloads headers and a zero totals row,63,WEAK-KEEP,Empty export still downloads headers+zero totals; legitimate but low value.,SENSIBLE,"Cold-read PASS: preconditions reachable (seeding stated where needed), steps executable in order, expected follows, no contradiction, every control spec-traceable, domain logic sound, pass/fail observable.",PASS,yes,,,SV-8616 (specs/sbc-sales-by-customer.md Story 18 S18-R10)
SBC-EXP-16,C38856,https://shopview.testrail.io/index.php?/cases/view/38856,SBC,SBC — Exports,Summary and Expanded View downloads exist for both PDF and CSV,62,KEEP,"The four-item Summary/Expanded x PDF/CSV download menu plus the Summary file's exact ten-column order. A menu-shape + column-order contract, not a filter-matrix duplicate.",SENSIBLE,"Cold-read PASS 2026-07-31: preconditions reachable (seeding named where needed), steps executable in order, expected follows from the steps, no internal contradiction, every control traceable to the spec or the driving story, domain logic sound, pass/fail observable by a non-technical tester.",PASS,yes,,,SV-8612; SV-8613 (SBC spec v12 2026-07-29 Story 14 S14-R1/R2/R4 + Story 15 S15-R1/R2/R4/R5 — the four-item Summary/Expanded menu and the Summary column list are now spec-ratified)
SBC-LBL-01,C30134,https://shopview.testrail.io/index.php?/cases/view/30134,SBC,SBC — Asset Labels,"Asset identified by VIN, falling back to Unit #, then plate",59,KEEP,Asset-label identifier chain — flagged: video P24 (FIRM) switches the identifier to SERIAL NUMBER; expect rewrite when the spec catches up.,SENSIBLE,"Cold-read PASS: preconditions reachable (seeding stated where needed), steps executable in order, expected follows, no contradiction, every control spec-traceable, domain logic sound, pass/fail observable. [NOTE: this case was video-edited concurrently (commit 3bd08a7) — this sense verdict applies to the PRE-EDIT text; re-check after the video edits land.]",PASS,yes,,,SV-8606 (SBC spec Story 8 S8-R7; S8-R8; S8-R9; S8-R10 - identifier RE-RULED to the VIN chain (VIN -> Unit # -> plate); by Chris Ward msg 2026-07-29 [newest-wins]; supersedes video P24 serial ruling AND the spec's year/make/model rule)
SBC-LBL-04,C30137,https://shopview.testrail.io/index.php?/cases/view/30137,SBC,SBC — Asset Labels,Duplicate asset labels get stable (#1)/(#2) suffixes that survive reloads,73,KEEP,Report-specific behavior contract (hours math / lost-labor / per-day breakdown / labels).,SENSIBLE,"Cold-read PASS: preconditions reachable (seeding stated where needed), steps executable in order, expected follows, no contradiction, every control spec-traceable, domain logic sound, pass/fail observable. [NOTE: this case was video-edited concurrently (commit 3bd08a7) — this sense verdict applies to the PRE-EDIT text; re-check after the video edits land.]",PASS,yes,,,SV-8606 (specs/sbc-sales-by-customer.md Story 8 S8-R11)
SBC-LINK-01,C30138,https://shopview.testrail.io/index.php?/cases/view/30138,SBC,SBC — Invoice Links & Navigation,The invoice number opens the invoice in the same browser tab,60,KEEP,Drill-through/link target contract — the PO walked these hyperlinks on the video as a key feature.,SENSIBLE,"Cold-read PASS: preconditions reachable (seeding stated where needed), steps executable in order, expected follows, no contradiction, every control spec-traceable, domain logic sound, pass/fail observable.",PASS,yes,,,SV-8607 (specs/sbc-sales-by-customer.md Story 9 S9-R1; S9-R2; S9-R2a; S9-R2b)
SBC-LINK-02,C30139,https://shopview.testrail.io/index.php?/cases/view/30139,SBC,SBC — Invoice Links & Navigation,Browser back from an invoice restores filters; sort and columns; rows shut,74,KEEP,Drill-through/link target contract — the PO walked these hyperlinks on the video as a key feature.,SENSIBLE,"Cold-read PASS: preconditions reachable (seeding stated where needed), steps executable in order, expected follows, no contradiction, every control spec-traceable, domain logic sound, pass/fail observable.",PASS,yes,,,SV-8607 (specs/sbc-sales-by-customer.md Story 9 S9-R3; S9-R4)
SBC-LINK-03,C30140,https://shopview.testrail.io/index.php?/cases/view/30140,SBC,SBC — Invoice Links & Navigation,Customer name is plain text; the invoice link never turns visited-purple,72,WEAK-KEEP,Link color / no-visited-purple cosmetics.,SENSIBLE,"Cold-read PASS: preconditions reachable (seeding stated where needed), steps executable in order, expected follows, no contradiction, every control spec-traceable, domain logic sound, pass/fail observable.",PASS,yes,,,SV-8607 (specs/sbc-sales-by-customer.md Story 9 S9-R5; S9-R6; S9-R7; S9-R8)
SBC-LINK-04,C30141,https://shopview.testrail.io/index.php?/cases/view/30141,SBC,SBC — Invoice Links & Navigation,An invoice deleted after load shows the not-found state and back returns,72,KEEP,Drill-through/link target contract — the PO walked these hyperlinks on the video as a key feature.,SENSIBLE,"Cold-read PASS: preconditions reachable (seeding stated where needed), steps executable in order, expected follows, no contradiction, every control spec-traceable, domain logic sound, pass/fail observable.",PASS,yes,,,SV-8607 (specs/sbc-sales-by-customer.md Story 9 S9-N1)
SBC-LOC-01,C30109,https://shopview.testrail.io/index.php?/cases/view/30109,SBC,SBC — Location Filter,"Location filter: rightmost, lists accessible locations, All locations on top",76,KEEP,Location scoping/fallback contract — includes the accessible-locations security boundary.,SENSIBLE,"Cold-read PASS: preconditions reachable (seeding stated where needed), steps executable in order, expected follows, no contradiction, every control spec-traceable, domain logic sound, pass/fail observable.",PASS,yes,,,SV-8603 (SBC spec Story 4 S4-R1; S4-R2; S4-R3 + single-location filter HIDDEN per Chris Ward answer 2026-07-31 Q1=A; applied suite-wide)
SBC-LOC-03,C30111,https://shopview.testrail.io/index.php?/cases/view/30111,SBC,SBC — Location Filter,Selecting locations scopes the data; All locations covers every accessible one,78,KEEP,Location scoping/fallback contract — includes the accessible-locations security boundary.,SENSIBLE,"Cold-read PASS: preconditions reachable (seeding stated where needed), steps executable in order, expected follows, no contradiction, every control spec-traceable, domain logic sound, pass/fail observable. [NOTE: this case was video-edited concurrently (commit 3bd08a7) — this sense verdict applies to the PRE-EDIT text; re-check after the video edits land.]",PASS,yes,,,SV-8603 (SBC spec Story 4 S4-R5; S4-R6 — per-row location identifier in All-locations view ADDED per kickoff video P10; [ruling 2026-07-28 video-overrides-spec]) + on-screen location-scope indicator per Chris Ward msg 2026-07-29 [newest-wins]
SBC-LOC-04,C38912,https://shopview.testrail.io/index.php?/cases/view/38912,SBC,SBC — Location Filter,The Location column shows only with more than one location; Multiple on totals,78,KEEP,"Per-row Location column for SBC: after Date, and 'Multiple' on a customer/asset row whose invoices span locations - a roll-up rule no other report has.",SENSIBLE,"Cold-read PASS 2026-07-31: preconditions reachable (seeding named where needed), steps executable in order, expected follows from the steps, no internal contradiction, every control traceable to the spec or the driving story, domain logic sound, pass/fail observable by a non-technical tester.",PASS,yes,,,"SV-8603 (SBC spec v12 2026-07-29 S4-R12; S4-R12a; S20-R19 — per-row Location column with automatic visibility; ""Multiple"" on aggregating rows)"
SBC-MOB-01,C30188,https://shopview.testrail.io/index.php?/cases/view/30188,SBC,SBC — Mobile,On a phone every toolbar control works on touch; the toolbar splits in two,74,KEEP,Responsive/touch behavior at the spec-defined 1024px breakpoint.,SENSIBLE,"Cold-read PASS: preconditions reachable (seeding stated where needed), steps executable in order, expected follows, no contradiction, every control spec-traceable, domain logic sound, pass/fail observable.",PASS,yes,,,SV-8618 (specs/sbc-sales-by-customer.md Story 21 S21-R1; S21-R2; S21-R3)
SBC-MOB-02,C30189,https://shopview.testrail.io/index.php?/cases/view/30189,SBC,SBC — Mobile,On touch the table scrolls sideways with Subtotal pinned and chevrons work,74,KEEP,Responsive/touch behavior at the spec-defined 1024px breakpoint.,SENSIBLE,"Cold-read PASS: preconditions reachable (seeding stated where needed), steps executable in order, expected follows, no contradiction, every control spec-traceable, domain logic sound, pass/fail observable.",PASS,yes,,,SV-8618 (specs/sbc-sales-by-customer.md Story 21 S21-R4; S21-R5; S21-R6)
SBC-NAV-01,C30096,https://shopview.testrail.io/index.php?/cases/view/30096,SBC,SBC — Access & Navigation,"Sales By Customer listed under Performance, below existing links; titles correct",80,KEEP,Navigation/entry contract — additive placement was an explicit PO instruction on the video.,SENSIBLE,"Cold-read PASS: preconditions reachable (seeding stated where needed), steps executable in order, expected follows, no contradiction, every control spec-traceable, domain logic sound, pass/fail observable.",PASS,yes,,,SV-8600 (SBC spec Story 1 S1-R1; S1-R3; S1-R4 — Performance group + below-the-anchors placement per the PRD companion video 2026-07-30; access = ordinary reports permission per Chris Ward answer 2026-07-31 Q4=A)
SBC-PERM-01,C30098,https://shopview.testrail.io/index.php?/cases/view/30098,SBC,SBC — Permissions,Ordinary reports access opens Sales By Customer — no separate permission,72,KEEP,Permission gate (positive/negative observable behavior). NOTE: Q2 permission-model discrepancy raised to Chris/dev 2026-07-28; cases stay per the shipped mixed model per user ruling.,SENSIBLE,"Cold-read PASS: preconditions reachable (seeding stated where needed), steps executable in order, expected follows, no contradiction, every control spec-traceable, domain logic sound, pass/fail observable.",PASS,yes,,,"SV-8600 (SBC spec Story 1 S1-R2 — OVERRULED by Chris Ward answer 2026-07-31 Q4=A ""the intention is to not hide these from normal reports access""; S1-R2 + the build still use a dedicated permission; dev change ticket raised)"
SBC-PERM-02,C30099,https://shopview.testrail.io/index.php?/cases/view/30099,SBC,SBC — Permissions,"Without reports access, Sales By Customer is not listed and cannot open",71,KEEP,Permission gate (positive/negative observable behavior). NOTE: Q2 permission-model discrepancy raised to Chris/dev 2026-07-28; cases stay per the shipped mixed model per user ruling.,SENSIBLE,"Cold-read PASS: preconditions reachable (seeding stated where needed), steps executable in order, expected follows, no contradiction, every control spec-traceable, domain logic sound, pass/fail observable.",PASS,yes,,,SV-8600 (SBC spec Story 1 S1-N1 — permission model RULED to the ordinary reports access by Chris Ward answer 2026-07-31 Q4=A; the build still ships a dedicated permission)
SBC-PERM-03,C30100,https://shopview.testrail.io/index.php?/cases/view/30100,SBC,SBC — Permissions,Opening an invoice you lack permission for shows access-denied; back works,74,KEEP,Permission gate (positive/negative observable behavior). NOTE: Q2 permission-model discrepancy raised to Chris/dev 2026-07-28; cases stay per the shipped mixed model per user ruling.,SENSIBLE,"Cold-read PASS: preconditions reachable (seeding stated where needed), steps executable in order, expected follows, no contradiction, every control spec-traceable, domain logic sound, pass/fail observable.",PASS,yes,,,SV-8607 (specs/sbc-sales-by-customer.md Story 9 S9-N2)
SBC-PERM-04,C30101,https://shopview.testrail.io/index.php?/cases/view/30101,SBC,SBC — Permissions,Location access enforced: no data from a location the user cannot access,72,KEEP,Location-access enforcement (report never widens to inaccessible data) — a real security contract.,SENSIBLE,"was FIX-WORDING in the 2026-07-28 audit; repaired and pushed the same day (see reconciliation-2026-07-28/testrail-execution-log-2026-07-28.md) - original finding: Step 3 ""attempt to request a location you are not assigned to (for example by editing the page link if the location is carried there, or any other mea",PASS,yes,,,SV-8603 (specs/sbc-sales-by-customer.md Story 4 S4-R7; S4-R8; S4-R9; S4-N1)
SBC-PERS-01,C30174,https://shopview.testrail.io/index.php?/cases/view/30174,SBC,SBC — Saved View & Persistence,Filters; sort and visible columns are restored on the next visit,64,KEEP,Persistence/restore contract. NOTE: Stefan flagged on the kickoff that per-user-per-device persistence may be delegated to the Filters squad — re-check before execution.,SENSIBLE,"Cold-read PASS: preconditions reachable (seeding stated where needed), steps executable in order, expected follows, no contradiction, every control spec-traceable, domain logic sound, pass/fail observable.",PASS,yes,,,SV-8604 (specs/sbc-sales-by-customer.md Story 6 S6-R1; S6-R2; S6-R4; Story 2 S2-R8; Story 3 S3-R8; Story 4 S4-R11; Story 10 S10-R9; Story 13 S13-R8)
SBC-PERS-02,C30175,https://shopview.testrail.io/index.php?/cases/view/30175,SBC,SBC — Saved View & Persistence,"Type-ahead search text, expansion state and scroll position are not saved",73,KEEP,Persistence/restore contract. NOTE: Stefan flagged on the kickoff that per-user-per-device persistence may be delegated to the Filters squad — re-check before execution.,SENSIBLE,"Cold-read PASS: preconditions reachable (seeding stated where needed), steps executable in order, expected follows, no contradiction, every control spec-traceable, domain logic sound, pass/fail observable.",PASS,yes,,,SV-8604 (specs/sbc-sales-by-customer.md Story 6 S6-R3; Story 8 S8-R22)
SBC-PERS-03,C30176,https://shopview.testrail.io/index.php?/cases/view/30176,SBC,SBC — Saved View & Persistence,A saved value that is no longer valid is dropped and falls back to default,74,KEEP,Persistence/restore contract. NOTE: Stefan flagged on the kickoff that per-user-per-device persistence may be delegated to the Filters squad — re-check before execution.,SENSIBLE,"Cold-read PASS: preconditions reachable (seeding stated where needed), steps executable in order, expected follows, no contradiction, every control spec-traceable, domain logic sound, pass/fail observable.",PASS,yes,,,SV-8604 (specs/sbc-sales-by-customer.md Story 6 S6-R5; S6-R6)
SBC-PERS-04,C30177,https://shopview.testrail.io/index.php?/cases/view/30177,SBC,SBC — Saved View & Persistence,The saved view is specific to this report and does not affect any other report,78,KEEP,Persistence/restore contract. NOTE: Stefan flagged on the kickoff that per-user-per-device persistence may be delegated to the Filters squad — re-check before execution.,SENSIBLE,"Cold-read PASS: preconditions reachable (seeding stated where needed), steps executable in order, expected follows, no contradiction, every control spec-traceable, domain logic sound, pass/fail observable.",PASS,yes,,,SV-8604 (specs/sbc-sales-by-customer.md Story 6 S6-R7)
SBC-PERS-05,C30178,https://shopview.testrail.io/index.php?/cases/view/30178,SBC,SBC — Saved View & Persistence,With no saved view every setting uses its own default,53,KEEP,Persistence/restore contract. NOTE: Stefan flagged on the kickoff that per-user-per-device persistence may be delegated to the Filters squad — re-check before execution.,SENSIBLE,"Cold-read PASS: preconditions reachable (seeding stated where needed), steps executable in order, expected follows, no contradiction, every control spec-traceable, domain logic sound, pass/fail observable.",PASS,yes,,,SV-8604 (specs/sbc-sales-by-customer.md Story 6 S6-N1; Story 2 S2-R5; Story 4 S4-R4)
SBC-PERS-06,C30179,https://shopview.testrail.io/index.php?/cases/view/30179,SBC,SBC — Saved View & Persistence,When a saved view and a page-link range clash the saved view wins,65,KEEP,Persistence/restore contract. NOTE: Stefan flagged on the kickoff that per-user-per-device persistence may be delegated to the Filters squad — re-check before execution.,SENSIBLE,"Cold-read PASS: preconditions reachable (seeding stated where needed), steps executable in order, expected follows, no contradiction, every control spec-traceable, domain logic sound, pass/fail observable.",PASS,yes,,,SV-8601 (specs/sbc-sales-by-customer.md Story 2 S2-R9)
SBC-PERS-07,C30180,https://shopview.testrail.io/index.php?/cases/view/30180,SBC,SBC — Saved View & Persistence,Customer filter restore: all-customers stays all; an id set is intersected,74,KEEP,Persistence/restore contract. NOTE: Stefan flagged on the kickoff that per-user-per-device persistence may be delegated to the Filters squad — re-check before execution.,SENSIBLE,"Cold-read PASS: preconditions reachable (seeding stated where needed), steps executable in order, expected follows, no contradiction, every control spec-traceable, domain logic sound, pass/fail observable.",PASS,yes,,,SV-8616 (specs/sbc-sales-by-customer.md Story 18 S18-R8)
SBC-SORT-01,C30142,https://shopview.testrail.io/index.php?/cases/view/30142,SBC,SBC — Sorting,"All columns sortable except chevron; text alphabetical, numbers by value",72,KEEP,"Sorting contract (default/direction/null placement/scope) — spec-defined, observable, distinct.",SENSIBLE,"Cold-read PASS: preconditions reachable (seeding stated where needed), steps executable in order, expected follows, no contradiction, every control spec-traceable, domain logic sound, pass/fail observable.",PASS,yes,,,SV-8608 (specs/sbc-sales-by-customer.md Story 10 S10-R1; S10-R2; S10-R6)
SBC-SORT-02,C30143,https://shopview.testrail.io/index.php?/cases/view/30143,SBC,SBC — Sorting,Default sort is Customer name ascending case-insensitive,56,KEEP,"Sorting contract (default/direction/null placement/scope) — spec-defined, observable, distinct.",SENSIBLE,"Cold-read PASS: preconditions reachable (seeding stated where needed), steps executable in order, expected follows, no contradiction, every control spec-traceable, domain logic sound, pass/fail observable.",PASS,yes,,,SV-8608 (specs/sbc-sales-by-customer.md Story 10 S10-R4; S10-R7)
SBC-SORT-03,C30144,https://shopview.testrail.io/index.php?/cases/view/30144,SBC,SBC — Sorting,Missing values sort to the bottom ascending and to the top descending,69,KEEP,"Sorting contract (default/direction/null placement/scope) — spec-defined, observable, distinct.",SENSIBLE,"Cold-read PASS: preconditions reachable (seeding stated where needed), steps executable in order, expected follows, no contradiction, every control spec-traceable, domain logic sound, pass/fail observable.",PASS,yes,,,SV-8608 (specs/sbc-sales-by-customer.md Story 10 S10-R3)
SBC-SORT-04,C30145,https://shopview.testrail.io/index.php?/cases/view/30145,SBC,SBC — Sorting,Sorting by Date orders customers by their most recent invoice date,66,KEEP,"Sorting contract (default/direction/null placement/scope) — spec-defined, observable, distinct.",SENSIBLE,"Cold-read PASS: preconditions reachable (seeding stated where needed), steps executable in order, expected follows, no contradiction, every control spec-traceable, domain logic sound, pass/fail observable.",PASS,yes,,,SV-8608 (specs/sbc-sales-by-customer.md Story 10 S10-R5)
SBC-TREE-01,C30121,https://shopview.testrail.io/index.php?/cases/view/30121,SBC,SBC — Tree & Rows,Each customer gets one summary row with its invoice count in parentheses,72,KEEP,"Row-model/scope contract (who appears, where, exactly once) — data-correctness core.",SENSIBLE,"Cold-read PASS: preconditions reachable (seeding stated where needed), steps executable in order, expected follows, no contradiction, every control spec-traceable, domain logic sound, pass/fail observable.",PASS,yes,,,SV-8605 (specs/sbc-sales-by-customer.md Story 7 S7-R1; S7-R2; S7-R3; S7-R4; S7-R5)
SBC-TREE-02,C30122,https://shopview.testrail.io/index.php?/cases/view/30122,SBC,SBC — Tree & Rows,A customer with no matching invoices in the current view is not shown,69,KEEP,"Row-model/scope contract (who appears, where, exactly once) — data-correctness core.",SENSIBLE,"Cold-read PASS: preconditions reachable (seeding stated where needed), steps executable in order, expected follows, no contradiction, every control spec-traceable, domain logic sound, pass/fail observable.",PASS,yes,,,SV-8605 (specs/sbc-sales-by-customer.md Story 7 S7-N1)
SBC-TREE-03,C30123,https://shopview.testrail.io/index.php?/cases/view/30123,SBC,SBC — Tree & Rows,Expanding a customer reveals asset rows; chevrons toggle and are independent,76,KEEP,"Row-model/scope contract (who appears, where, exactly once) — data-correctness core.",SENSIBLE,"Cold-read PASS: preconditions reachable (seeding stated where needed), steps executable in order, expected follows, no contradiction, every control spec-traceable, domain logic sound, pass/fail observable.",PASS,yes,,,SV-8606 (specs/sbc-sales-by-customer.md Story 8 S8-R1; S8-R2; S8-R5; S8-R5a; S8-R5b; S8-R5c; S8-R15)
SBC-TREE-04,C30124,https://shopview.testrail.io/index.php?/cases/view/30124,SBC,SBC — Tree & Rows,Expanding an asset reveals its invoice rows with number link and date,69,KEEP,"Row-model/scope contract (who appears, where, exactly once) — data-correctness core.",SENSIBLE,"Cold-read PASS: preconditions reachable (seeding stated where needed), steps executable in order, expected follows, no contradiction, every control spec-traceable, domain logic sound, pass/fail observable.",PASS,yes,,,SV-8606 (specs/sbc-sales-by-customer.md Story 8 S8-R4; S8-R12; S8-R12a; Story 20 S20-R14)
SBC-TREE-05,C30125,https://shopview.testrail.io/index.php?/cases/view/30125,SBC,SBC — Tree & Rows,Invoices group into one asset row per vehicle record,52,KEEP,"Row-model/scope contract (who appears, where, exactly once) — data-correctness core.",SENSIBLE,"Cold-read PASS: preconditions reachable (seeding stated where needed), steps executable in order, expected follows, no contradiction, every control spec-traceable, domain logic sound, pass/fail observable.",PASS,yes,,,SV-8606 (specs/sbc-sales-by-customer.md Story 8 S8-R3)
SBC-TREE-06,C30126,https://shopview.testrail.io/index.php?/cases/view/30126,SBC,SBC — Tree & Rows,Asset rows order A to Z with the Parts Sales bucket always last,63,KEEP,"Row-model/scope contract (who appears, where, exactly once) — data-correctness core.",SENSIBLE,"Cold-read PASS: preconditions reachable (seeding stated where needed), steps executable in order, expected follows, no contradiction, every control spec-traceable, domain logic sound, pass/fail observable.",PASS,yes,,,SV-8606 (specs/sbc-sales-by-customer.md Story 8 S8-R6; S8-R6a; Story 10 S10-R6)
SBC-TREE-08,C30128,https://shopview.testrail.io/index.php?/cases/view/30128,SBC,SBC — Tree & Rows,Header-row chevron expands or collapses every customer on the current page,74,KEEP,"Row-model/scope contract (who appears, where, exactly once) — data-correctness core.",SENSIBLE,"Cold-read PASS: preconditions reachable (seeding stated where needed), steps executable in order, expected follows, no contradiction, every control spec-traceable, domain logic sound, pass/fail observable.",PASS,yes,,,SV-8606 (specs/sbc-sales-by-customer.md Story 8 S8-R16; S8-R17; S8-R18; S8-R19)
SBC-TREE-09,C30129,https://shopview.testrail.io/index.php?/cases/view/30129,SBC,SBC — Tree & Rows,Reload-causing changes collapse expansion; Customer filter typing does not,74,KEEP,"Row-model/scope contract (who appears, where, exactly once) — data-correctness core.",SENSIBLE,"Cold-read PASS: preconditions reachable (seeding stated where needed), steps executable in order, expected follows, no contradiction, every control spec-traceable, domain logic sound, pass/fail observable.",PASS,yes,,,SV-8606 (specs/sbc-sales-by-customer.md Story 8 S8-R20; S8-R21; Story 10 S10-R8a; S10-R8b; S10-R8c)
SBC-TREE-10,C30130,https://shopview.testrail.io/index.php?/cases/view/30130,SBC,SBC — Tree & Rows,Edge: a single-invoice asset can still be expanded,50,WEAK-KEEP,Low-yield edge (single-invoice asset expands; only-parts-sales customer); keep only if suite size is no concern.,SENSIBLE,"Cold-read PASS: preconditions reachable (seeding stated where needed), steps executable in order, expected follows, no contradiction, every control spec-traceable, domain logic sound, pass/fail observable.",PASS,yes,,,SV-8606 (specs/sbc-sales-by-customer.md Story 8 S8-E1; S8-E2)
SBC-TREE-11,C30131,https://shopview.testrail.io/index.php?/cases/view/30131,SBC,SBC — Tree & Rows,A service (S) invoice with no vehicle also lands in the Parts Sales bucket,74,KEEP,"Row-model/scope contract (who appears, where, exactly once) — data-correctness core.",SENSIBLE,"Cold-read PASS: preconditions reachable (seeding stated where needed), steps executable in order, expected follows, no contradiction, every control spec-traceable, domain logic sound, pass/fail observable.",PASS,yes,,,SV-8606 (specs/sbc-sales-by-customer.md Story 8 S8-E3)
SBC-TREE-12,C30132,https://shopview.testrail.io/index.php?/cases/view/30132,SBC,SBC — Tree & Rows,Reversed and voided invoices are excluded from every row; count and total,73,KEEP,Reversed/voided invoices excluded from every count/total — data-integrity contract.,SENSIBLE,"Cold-read PASS: preconditions reachable (seeding stated where needed), steps executable in order, expected follows, no contradiction, every control spec-traceable, domain logic sound, pass/fail observable.",PASS,yes,,,SV-8605 (specs/sbc-sales-by-customer.md Story 7 S7-R7; S7-N2; §3 Key Decisions)
SBC-TREE-13,C30133,https://shopview.testrail.io/index.php?/cases/view/30133,SBC,SBC — Tree & Rows,Every row type renders the same columns in the same order,57,WEAK-KEEP,Structural/font-weight invariant restating the layout; cosmetic-leaning.,SENSIBLE,"Cold-read PASS: preconditions reachable (seeding stated where needed), steps executable in order, expected follows, no contradiction, every control spec-traceable, domain logic sound, pass/fail observable.",PASS,yes,,,SV-8605 (specs/sbc-sales-by-customer.md Story 7 S7-R8; S7-R9; S7-R10; S7-R15; S7-R16)
SBC-TYPE-02,C30107,https://shopview.testrail.io/index.php?/cases/view/30107,SBC,SBC — Product Type Filter,Product Type: three options with Parts & Service default; S/P prefix filtering,78,KEEP,Filter data-effect contract — changes which rows/totals appear; failures are real.,SENSIBLE,"Cold-read PASS: preconditions reachable (seeding stated where needed), steps executable in order, expected follows, no contradiction, every control spec-traceable, domain logic sound, pass/fail observable.",PASS,yes,,,SV-8602 (specs/sbc-sales-by-customer.md Story 3 S3-R1; S3-R2; S3-R3; S3-R4; S3-R5; S3-R6)
SBC-VIS-01,C30185,https://shopview.testrail.io/index.php?/cases/view/30185,SBC,SBC — Visual Conformance,Page and toolbar match the suite theme in padding; surface and alignment,72,WEAK-KEEP,"Hex/px theme parroting (#f9fafb, 32px/24px/2rem); PO said his local visuals are broken and the video is the reference — verify once at build acceptance, not per cycle.",SENSIBLE,"Cold-read PASS: preconditions reachable (seeding stated where needed), steps executable in order, expected follows, no contradiction, every control spec-traceable, domain logic sound, pass/fail observable.",PASS,yes,,,SV-8617 (specs/sbc-sales-by-customer.md Story 20 S20-R1; S20-R2; S20-R3; S20-R4; S20-R5; S20-R6; S20-R7; S20-R12; S20-R13; S20-R15; S20-R17)
SBC-VIS-02,C30186,https://shopview.testrail.io/index.php?/cases/view/30186,SBC,SBC — Visual Conformance,Row surfaces alternate by tree level; header and totals rows stay white,71,WEAK-KEEP,Row-surface color assignments per tree level; verify once.,SENSIBLE,"Cold-read PASS: preconditions reachable (seeding stated where needed), steps executable in order, expected follows, no contradiction, every control spec-traceable, domain logic sound, pass/fail observable.",PASS,yes,,,SV-8617 (specs/sbc-sales-by-customer.md Story 20 S20-R8; S20-R9; S20-R10; S20-R11; S20-R14)
SBC-VIS-03,C30187,https://shopview.testrail.io/index.php?/cases/view/30187,SBC,SBC — Visual Conformance,Dark mode darkens every surface while the PDF always renders light,66,WEAK-KEEP,Dark mode + PDF-stays-light; verify once per report.,SENSIBLE,"Cold-read PASS: preconditions reachable (seeding stated where needed), steps executable in order, expected follows, no contradiction, every control spec-traceable, domain logic sound, pass/fail observable.",PASS,yes,,,SV-8617 (specs/sbc-sales-by-customer.md Story 20 S20-R18)
SBR-API-01,C30316,https://shopview.testrail.io/index.php?/cases/view/30316,SBR,SBR — API,A rep's invoice detail rows are fetched from the server only on the first expand,80,KEEP,Server-side contract (pagination/sort/snapshot/enforcement) — placed in an API section per Rule 4; verifiable via network tab/DB; failures are real defects.,SENSIBLE,"Cold-read PASS: preconditions reachable (seeding stated where needed), steps executable in order, expected follows, no contradiction, every control spec-traceable, domain logic sound, pass/fail observable.",PASS,yes,,,SV-8624 (specs/sbr-sales-by-representative.md Story 6 S6-R2)
SBR-API-02,C30317,https://shopview.testrail.io/index.php?/cases/view/30317,SBR,SBR — API,Sorting is performed server-side and returns the first page,59,KEEP,Server-side contract (pagination/sort/snapshot/enforcement) — placed in an API section per Rule 4; verifiable via network tab/DB; failures are real defects.,SENSIBLE,"Cold-read PASS: preconditions reachable (seeding stated where needed), steps executable in order, expected follows, no contradiction, every control spec-traceable, domain logic sound, pass/fail observable.",PASS,yes,,,SV-8628 (specs/sbr-sales-by-representative.md Story 11 S11-R5)
SBR-API-03,C30318,https://shopview.testrail.io/index.php?/cases/view/30318,SBR,SBR — API,Grand totals are server-computed over the full filtered set,59,KEEP,Server-side contract (pagination/sort/snapshot/enforcement) — placed in an API section per Rule 4; verifiable via network tab/DB; failures are real defects.,SENSIBLE,"Cold-read PASS: preconditions reachable (seeding stated where needed), steps executable in order, expected follows, no contradiction, every control spec-traceable, domain logic sound, pass/fail observable.",PASS,yes,,,SV-8627 (specs/sbr-sales-by-representative.md Story 10 S10-R5)
SBR-API-04,C30319,https://shopview.testrail.io/index.php?/cases/view/30319,SBR,SBR — API,All four exports are generated server-side against the active filters and sort,78,KEEP,Server-side contract (pagination/sort/snapshot/enforcement) — placed in an API section per Rule 4; verifiable via network tab/DB; failures are real defects.,SENSIBLE,"Cold-read PASS: preconditions reachable (seeding stated where needed), steps executable in order, expected follows, no contradiction, every control spec-traceable, domain logic sound, pass/fail observable.",PASS,yes,,,SV-8631 (specs/sbr-sales-by-representative.md Story 14 S14-R2a; S14-N2; S14-E3)
SBR-API-05,C30320,https://shopview.testrail.io/index.php?/cases/view/30320,SBR,SBR — API,"The Expanded View PDF's 10,000-row cap is enforced server-side BEFORE generation",80,KEEP,Server-side contract (pagination/sort/snapshot/enforcement) — placed in an API section per Rule 4; verifiable via network tab/DB; failures are real defects.,SENSIBLE,"Cold-read PASS: preconditions reachable (seeding stated where needed), steps executable in order, expected follows, no contradiction, every control spec-traceable, domain logic sound, pass/fail observable.",PASS,yes,,SBR-EXP-15,SV-8631 (specs/sbr-sales-by-representative.md Story 14 S14-E2)
SBR-API-06,C30321,https://shopview.testrail.io/index.php?/cases/view/30321,SBR,SBR — API,Deactivating a rep first runs a server pre-check returning the count,68,KEEP,Server-side contract (pagination/sort/snapshot/enforcement) — placed in an API section per Rule 4; verifiable via network tab/DB; failures are real defects.,SENSIBLE,"Cold-read PASS: preconditions reachable (seeding stated where needed), steps executable in order, expected follows, no contradiction, every control spec-traceable, domain logic sound, pass/fail observable.",PASS,yes,,,SV-8630 (specs/sbr-sales-by-representative.md Story 13 S13-R1; S13-R4)
SBR-ASGN-01,C30292,https://shopview.testrail.io/index.php?/cases/view/30292,SBR,SBR — Sales Rep Assignments Export,Report Name dropdown lists Sales Representative Assignments at the bottom,73,KEEP,"Sales Rep Assignments export contract — a distinct deliverable with its own dialog, sort and legacy rules.",SENSIBLE,"Cold-read PASS: preconditions reachable (seeding stated where needed), steps executable in order, expected follows, no contradiction, every control spec-traceable, domain logic sound, pass/fail observable.",PASS,yes,,,SV-8632 (specs/sbr-sales-by-representative.md Story 15 S15-R1; S15-R2)
SBR-ASGN-02,C30293,https://shopview.testrail.io/index.php?/cases/view/30293,SBR,SBR — Sales Rep Assignments Export,"Sales Representative Assignments CSV: file name, headers, success toast",71,KEEP,"Sales Rep Assignments export contract — a distinct deliverable with its own dialog, sort and legacy rules.",SENSIBLE,"Cold-read PASS: preconditions reachable (seeding stated where needed), steps executable in order, expected follows, no contradiction, every control spec-traceable, domain logic sound, pass/fail observable.",PASS,yes,,,SV-8632 (specs/sbr-sales-by-representative.md Story 15 S15-R3; S15-R4; §7)
SBR-ASGN-03,C30294,https://shopview.testrail.io/index.php?/cases/view/30294,SBR,SBR — Sales Rep Assignments Export,"Assignments CSV: one row per assigned customer, sorted customer then rep",72,KEEP,"Sales Rep Assignments export contract — a distinct deliverable with its own dialog, sort and legacy rules.",SENSIBLE,"Cold-read PASS: preconditions reachable (seeding stated where needed), steps executable in order, expected follows, no contradiction, every control spec-traceable, domain logic sound, pass/fail observable.",PASS,yes,,,SV-8632 (specs/sbr-sales-by-representative.md Story 15 S15-R5; S15-R7; S15-R10)
SBR-ASGN-04,C30295,https://shopview.testrail.io/index.php?/cases/view/30295,SBR,SBR — Sales Rep Assignments Export,"""Rep is active?"" tracks the staff-active status, not the toggle",63,KEEP,"Sales Rep Assignments export contract — a distinct deliverable with its own dialog, sort and legacy rules.",SENSIBLE,"Cold-read PASS: preconditions reachable (seeding stated where needed), steps executable in order, expected follows, no contradiction, every control spec-traceable, domain logic sound, pass/fail observable.",PASS,yes,,,SV-8632 (specs/sbr-sales-by-representative.md Story 15 S15-R6; Story 13 S13-R11)
SBR-ASGN-05,C30296,https://shopview.testrail.io/index.php?/cases/view/30296,SBR,SBR — Sales Rep Assignments Export,"A deleted rep record still exports one row from the stored name, marked No",74,KEEP,"Sales Rep Assignments export contract — a distinct deliverable with its own dialog, sort and legacy rules.",SENSIBLE,"Cold-read PASS: preconditions reachable (seeding stated where needed), steps executable in order, expected follows, no contradiction, every control spec-traceable, domain logic sound, pass/fail observable.",PASS,yes,,,SV-8632 (specs/sbr-sales-by-representative.md Story 15 S15-R8; S15-R9)
SBR-ASGN-06,C30297,https://shopview.testrail.io/index.php?/cases/view/30297,SBR,SBR — Sales Rep Assignments Export,Assignments export failure and nothing-to-export use the dialog's messages,74,KEEP,"Sales Rep Assignments export contract — a distinct deliverable with its own dialog, sort and legacy rules.",SENSIBLE,"Cold-read PASS: preconditions reachable (seeding stated where needed), steps executable in order, expected follows, no contradiction, every control spec-traceable, domain logic sound, pass/fail observable.",PASS,yes,,,SV-8632 (specs/sbr-sales-by-representative.md Story 15 S15-R11; S15-N2; §7)
SBR-BADGE-01,C30226,https://shopview.testrail.io/index.php?/cases/view/30226,SBR,SBR — Payment Status Badge,Status badge between Customer and Inv. Hrs; every detail row shows mapped text,78,KEEP,Status badge mapping contract (5 states -> 3 values).,SENSIBLE,"Cold-read PASS: preconditions reachable (seeding stated where needed), steps executable in order, expected follows, no contradiction, every control spec-traceable, domain logic sound, pass/fail observable.",PASS,yes,,SBR-STAT-02,SV-8625 (specs/sbr-sales-by-representative.md Story 8 S8-R1; S8-R2; S8-R4; S8-R5; S8-R6; S8-N1; §3 payment-status mapping; Story 18 S18-R6)
SBR-BADGE-02,C30227,https://shopview.testrail.io/index.php?/cases/view/30227,SBR,SBR — Payment Status Badge,Badge colors use the canonical payment-status tokens in light and dark,70,WEAK-KEEP,"Badge color tokens; cosmetic conformance, verify once.",SENSIBLE,"Cold-read PASS: preconditions reachable (seeding stated where needed), steps executable in order, expected follows, no contradiction, every control spec-traceable, domain logic sound, pass/fail observable.",PASS,yes,,,SV-8625 (specs/sbr-sales-by-representative.md Story 8 S8-R3; Story 18 S18-R8)
SBR-CALC-01,C30229,https://shopview.testrail.io/index.php?/cases/view/30229,SBR,SBR — Inv. Hrs & Calculations,Inv. Hrs is hours invoiced minus hours worked; half-up to one decimal,69,KEEP,"Calculation contract with a worked example; a failure is a real, reportable money/hours bug.",SENSIBLE,"Cold-read PASS: preconditions reachable (seeding stated where needed), steps executable in order, expected follows, no contradiction, every control spec-traceable, domain logic sound, pass/fail observable.",PASS,yes,,,SV-8626 (specs/sbr-sales-by-representative.md Story 9 S9-R1; S9-R2; §3)
SBR-CALC-02,C30230,https://shopview.testrail.io/index.php?/cases/view/30230,SBR,SBR — Inv. Hrs & Calculations,"Inv. Hrs: +green, -red, 0.0 default on every row; rollups from unrounded deltas",79,KEEP,"Calculation contract with a worked example; a failure is a real, reportable money/hours bug.",SENSIBLE,"Cold-read PASS: preconditions reachable (seeding stated where needed), steps executable in order, expected follows, no contradiction, every control spec-traceable, domain logic sound, pass/fail observable.",PASS,yes,,,SV-8626 (specs/sbr-sales-by-representative.md Story 9 S9-R3; S9-R4; S9-R5; S9-R6; S9-E1; S9-E2)
SBR-CALC-03,C30231,https://shopview.testrail.io/index.php?/cases/view/30231,SBR,SBR — Inv. Hrs & Calculations,No-labor-no-time invoices show 0.0; clocked-unbilled work shows negative,72,KEEP,"Calculation contract with a worked example; a failure is a real, reportable money/hours bug.",SENSIBLE,"Cold-read PASS: preconditions reachable (seeding stated where needed), steps executable in order, expected follows, no contradiction, every control spec-traceable, domain logic sound, pass/fail observable.",PASS,yes,,,SV-8626 (specs/sbr-sales-by-representative.md Story 9 S9-N1)
SBR-CALC-05,C30233,https://shopview.testrail.io/index.php?/cases/view/30233,SBR,SBR — Inv. Hrs & Calculations,Margin % to one decimal; em dash when Subtotal <= 0; recomputed on rollups,74,KEEP,"Calculation contract with a worked example; a failure is a real, reportable money/hours bug.",SENSIBLE,"Cold-read PASS: preconditions reachable (seeding stated where needed), steps executable in order, expected follows, no contradiction, every control spec-traceable, domain logic sound, pass/fail observable.",PASS,yes,,,SV-8627 (specs/sbr-sales-by-representative.md §3 Margin % definition; Story 10 S10-R5)
SBR-CALC-06,C30234,https://shopview.testrail.io/index.php?/cases/view/30234,SBR,SBR — Inv. Hrs & Calculations,Money columns use the standardized labels and definitions,57,KEEP,"Calculation contract with a worked example; a failure is a real, reportable money/hours bug.",SENSIBLE,"Cold-read PASS: preconditions reachable (seeding stated where needed), steps executable in order, expected follows, no contradiction, every control spec-traceable, domain logic sound, pass/fail observable.",PASS,yes,,,SV-8582 (SBR spec §3 definitions; §4 Terminology — money-column labels and the Subtotal/Margin definitions; CROSS-CUTTING across every SBR row level with no single owning story)
SBR-CALC-07,C30235,https://shopview.testrail.io/index.php?/cases/view/30235,SBR,SBR — Inv. Hrs & Calculations,Negative dollar values render in accounting parentheses; money columns only,75,KEEP,"Calculation contract with a worked example; a failure is a real, reportable money/hours bug.",SENSIBLE,"Cold-read PASS: preconditions reachable (seeding stated where needed), steps executable in order, expected follows, no contradiction, every control spec-traceable, domain logic sound, pass/fail observable.",PASS,yes,,,SV-8593 (SBR spec §3 Key Decisions accounting parentheses — owned by the shared A5 report-shell formatter module: verbatim 'accounting-parens negatives')
SBR-CALC-08,C30236,https://shopview.testrail.io/index.php?/cases/view/30236,SBR,SBR — Inv. Hrs & Calculations,Half-up rounding at each precision; totals may differ by one last-decimal unit,78,KEEP,"Calculation contract with a worked example; a failure is a real, reportable money/hours bug.",SENSIBLE,"was FIX-WORDING in the 2026-07-28 audit; repaired and pushed the same day (see reconciliation-2026-07-28/testrail-execution-log-2026-07-28.md) - original finding: Seeding hint ""seed ZZAUTOTEST data with values like $10.005"" is misleading — money fields take 2 decimals, so sub-cent values cannot be typed in; rewo",PASS,yes,,,SV-8582 (SBR spec §3 half-up rounding rule + round of unrounded rollups; CROSS-CUTTING display rule with no single owning story)
SBR-CALC-09,C38894,https://shopview.testrail.io/index.php?/cases/view/38894,SBR,SBR — Inv. Hrs & Calculations,A clock-record edit after invoicing updates Inv. Hrs; billed money stays put,76,KEEP,A clock edit after invoicing moves the worked-hours side but must never rewrite billed sell values. The SV-8592 immutability contract; failure = corrupted financial history.,SENSIBLE,"Cold-read PASS 2026-07-31: preconditions reachable (seeding named where needed), steps executable in order, expected follows from the steps, no internal contradiction, every control traceable to the spec or the driving story, domain logic sound, pass/fail observable by a non-technical tester.",PASS,yes,,,SV-8626 (specs/sbr-sales-by-representative.md §3 (hours worked = technician clocked hours recorded against that work order); Story 9 S9-R2; tech-plan-2026-07-29 Phase 4 FR-F7 clock-change rebuild)
SBR-COL-01,C30265,https://shopview.testrail.io/index.php?/cases/view/30265,SBR,SBR — Column Selector,Column selector: seven metric toggles; five always-on columns cannot be hidden,78,KEEP,Column selector behavior contract (contents/effect/exports interaction).,SENSIBLE,"Cold-read PASS: preconditions reachable (seeding stated where needed), steps executable in order, expected follows, no contradiction, every control spec-traceable, domain logic sound, pass/fail observable.",PASS,yes,,,SV-8637 (specs/sbr-sales-by-representative.md Story 20 S20-R1; S20-R2; S20-R3; S20-R6; S20-N1)
SBR-COL-03,C30267,https://shopview.testrail.io/index.php?/cases/view/30267,SBR,SBR — Column Selector,Toggling a column applies at once to summary; detail and Totals rows,68,KEEP,Column selector behavior contract (contents/effect/exports interaction).,SENSIBLE,"Cold-read PASS: preconditions reachable (seeding stated where needed), steps executable in order, expected follows, no contradiction, every control spec-traceable, domain logic sound, pass/fail observable.",PASS,yes,,,SV-8637 (specs/sbr-sales-by-representative.md Story 20 S20-R4; S20-R7)
SBR-COL-04,C30268,https://shopview.testrail.io/index.php?/cases/view/30268,SBR,SBR — Column Selector,Column visibility never affects the exports,43,KEEP,Column selector behavior contract (contents/effect/exports interaction).,SENSIBLE,"Cold-read PASS: preconditions reachable (seeding stated where needed), steps executable in order, expected follows, no contradiction, every control spec-traceable, domain logic sound, pass/fail observable.",PASS,yes,,,SV-8637 (specs/sbr-sales-by-representative.md Story 20 S20-R8)
SBR-COL-05,C30269,https://shopview.testrail.io/index.php?/cases/view/30269,SBR,SBR — Column Selector,Hiding the active sort column keeps the sort,44,KEEP,Column selector behavior contract (contents/effect/exports interaction).,SENSIBLE,"Cold-read PASS: preconditions reachable (seeding stated where needed), steps executable in order, expected follows, no contradiction, every control spec-traceable, domain logic sound, pass/fail observable.",PASS,yes,,,SV-8637 (specs/sbr-sales-by-representative.md Story 20 S20-R9)
SBR-DATE-01,C30201,https://shopview.testrail.io/index.php?/cases/view/30201,SBR,SBR — Date Range Filter,Date range picker is in the toolbar and offers the standard presets plus Custom,79,KEEP,Date-range semantics (presets/cap/anchoring) — drives every number on the report.,SENSIBLE,"Cold-read PASS: preconditions reachable (seeding stated where needed), steps executable in order, expected follows, no contradiction, every control spec-traceable, domain logic sound, pass/fail observable.",PASS,yes,,,SV-8620 (specs/sbr-sales-by-representative.md Story 2 S2-R1; S2-R2)
SBR-DATE-02,C30202,https://shopview.testrail.io/index.php?/cases/view/30202,SBR,SBR — Date Range Filter,A Custom range uses the date-picker and holds a 366-day maximum span,68,KEEP,Date-range semantics (presets/cap/anchoring) — drives every number on the report.,SENSIBLE,"Cold-read PASS: preconditions reachable (seeding stated where needed), steps executable in order, expected follows, no contradiction, every control spec-traceable, domain logic sound, pass/fail observable.",PASS,yes,,,SV-8620 (specs/sbr-sales-by-representative.md Story 2 S2-R3; S2-R6)
SBR-DATE-04,C30204,https://shopview.testrail.io/index.php?/cases/view/30204,SBR,SBR — Date Range Filter,An invoice sits in the range by its own invoice date; endpoints included,72,KEEP,Date-range semantics (presets/cap/anchoring) — drives every number on the report.,SENSIBLE,"Cold-read PASS: preconditions reachable (seeding stated where needed), steps executable in order, expected follows, no contradiction, every control spec-traceable, domain logic sound, pass/fail observable.",PASS,yes,,,SV-8620 (specs/sbr-sales-by-representative.md Story 2 S2-R5; S2-R8; §3)
SBR-DEACT-02,C30253,https://shopview.testrail.io/index.php?/cases/view/30253,SBR,SBR — Staff Deactivation,"Deactivate dialog: counted pluralized headline, reassurance, focus trap",71,KEEP,Deactivation dialog flow (gate/confirm/failure) — a destructive action with a spec-defined safety flow.,SENSIBLE,"Cold-read PASS: preconditions reachable (seeding stated where needed), steps executable in order, expected follows, no contradiction, every control spec-traceable, domain logic sound, pass/fail observable.",PASS,yes,,,SV-8630 (specs/sbr-sales-by-representative.md Story 13 S13-R1; S13-R3; S13-R4; S13-R12)
SBR-DEACT-03,C30254,https://shopview.testrail.io/index.php?/cases/view/30254,SBR,SBR — Staff Deactivation,Type-YES gate: auto-focus; case-insensitive match; Enter submits,64,KEEP,Deactivation dialog flow (gate/confirm/failure) — a destructive action with a spec-defined safety flow.,SENSIBLE,"Cold-read PASS: preconditions reachable (seeding stated where needed), steps executable in order, expected follows, no contradiction, every control spec-traceable, domain logic sound, pass/fail observable.",PASS,yes,,,SV-8630 (specs/sbr-sales-by-representative.md Story 13 S13-R6; S13-R7)
SBR-DEACT-04,C30255,https://shopview.testrail.io/index.php?/cases/view/30255,SBR,SBR — Staff Deactivation,Cancel and X dismiss the Deactivate dialog; Escape and clicking outside do not,78,KEEP,Esc must NOT close the dialog — Chris answered Q1=B on 2026-07-28; case already matches the answer.,SENSIBLE,"Cold-read PASS: preconditions reachable (seeding stated where needed), steps executable in order, expected follows, no contradiction, every control spec-traceable, domain logic sound, pass/fail observable.",PASS,yes,,,SV-8630 (specs/sbr-sales-by-representative.md Story 13 S13-R8)
SBR-DEACT-05,C30256,https://shopview.testrail.io/index.php?/cases/view/30256,SBR,SBR — Staff Deactivation,"Valid submit locks the dialog, then deactivates keeping assignments",67,KEEP,Deactivation dialog flow (gate/confirm/failure) — a destructive action with a spec-defined safety flow.,SENSIBLE,"Cold-read PASS: preconditions reachable (seeding stated where needed), steps executable in order, expected follows, no contradiction, every control spec-traceable, domain logic sound, pass/fail observable.",PASS,yes,,,SV-8630 (specs/sbr-sales-by-representative.md Story 13 S13-R9; S13-R10; S13-E1)
SBR-DEACT-06,C30257,https://shopview.testrail.io/index.php?/cases/view/30257,SBR,SBR — Staff Deactivation,"After deactivation: toggle unchanged, CSV shows No, report credit intact",72,KEEP,Deactivation dialog flow (gate/confirm/failure) — a destructive action with a spec-defined safety flow.,SENSIBLE,"Cold-read PASS: preconditions reachable (seeding stated where needed), steps executable in order, expected follows, no contradiction, every control spec-traceable, domain logic sound, pass/fail observable.",PASS,yes,,,SV-8630 (specs/sbr-sales-by-representative.md Story 13 S13-R11; Story 15 S15-R6; Story 5 S5-R9)
SBR-DEACT-07,C30258,https://shopview.testrail.io/index.php?/cases/view/30258,SBR,SBR — Staff Deactivation,"No dialog: toggle off, no assignments, already inactive, or reactivation",72,KEEP,Deactivation dialog flow (gate/confirm/failure) — a destructive action with a spec-defined safety flow.,SENSIBLE,"Cold-read PASS: preconditions reachable (seeding stated where needed), steps executable in order, expected follows, no contradiction, every control spec-traceable, domain logic sound, pass/fail observable.",PASS,yes,,,SV-8630 (specs/sbr-sales-by-representative.md Story 13 S13-R2; S13-N2; S13-N3; S13-E3)
SBR-DEACT-08,C30259,https://shopview.testrail.io/index.php?/cases/view/30259,SBR,SBR — Staff Deactivation,A deactivation failure shows the error toast and leaves the status alone,72,KEEP,Deactivation dialog flow (gate/confirm/failure) — a destructive action with a spec-defined safety flow.,SENSIBLE,"Cold-read PASS: preconditions reachable (seeding stated where needed), steps executable in order, expected follows, no contradiction, every control spec-traceable, domain logic sound, pass/fail observable.",PASS,yes,,,SV-8630 (specs/sbr-sales-by-representative.md Story 13 S13-N5; §7)
SBR-DEACT-09,C30260,https://shopview.testrail.io/index.php?/cases/view/30260,SBR,SBR — Staff Deactivation,"If the assignment pre-check fails, the warning dialog still opens",65,KEEP,Deactivation dialog flow (gate/confirm/failure) — a destructive action with a spec-defined safety flow.,SENSIBLE,"Cold-read PASS: preconditions reachable (seeding stated where needed), steps executable in order, expected follows, no contradiction, every control spec-traceable, domain logic sound, pass/fail observable.",PASS,yes,,,SV-8630 (specs/sbr-sales-by-representative.md Story 13 S13-N4)
SBR-EXP-01,C30276,https://shopview.testrail.io/index.php?/cases/view/30276,SBR,SBR — Exports,The ⋯ overflow menu lists exactly four download actions,55,KEEP,Export content/behavior contract (what is in the file / when it is refused) — distinct observable outcome.,SENSIBLE,"Cold-read PASS: preconditions reachable (seeding stated where needed), steps executable in order, expected follows, no contradiction, every control spec-traceable, domain logic sound, pass/fail observable.",PASS,yes,,,SV-8631 (specs/sbr-sales-by-representative.md Story 14 S14-R1; Story 17 S17-R3 (position))
SBR-EXP-02,C30277,https://shopview.testrail.io/index.php?/cases/view/30277,SBR,SBR — Exports,"All four downloads respect filters, full result set, and active order",69,KEEP,Export content/behavior contract (what is in the file / when it is refused) — distinct observable outcome.,SENSIBLE,"Cold-read PASS: preconditions reachable (seeding stated where needed), steps executable in order, expected follows, no contradiction, every control spec-traceable, domain logic sound, pass/fail observable.",PASS,yes,,,SV-8631 (SBR spec Story 14 S14-R2; S14-R2a; Story 21 S21-R6; Story 22 S22-R4 + Locations: line in every export per Chris Ward msg 2026-07-29 [newest-wins])
SBR-EXP-03,C30278,https://shopview.testrail.io/index.php?/cases/view/30278,SBR,SBR — Exports,Summary PDF: one rolled-up row per rep with a recomputed grand totals row,73,KEEP,Export content/behavior contract (what is in the file / when it is refused) — distinct observable outcome.,SENSIBLE,"Cold-read PASS: preconditions reachable (seeding stated where needed), steps executable in order, expected follows, no contradiction, every control spec-traceable, domain logic sound, pass/fail observable.",PASS,yes,,,SV-8631 (specs/sbr-sales-by-representative.md Story 14 S14-R3; S14-R5; Story 2 S2-R5; §3 Margin % definition)
SBR-EXP-04,C30279,https://shopview.testrail.io/index.php?/cases/view/30279,SBR,SBR — Exports,Expanded View PDF: one page-block per rep with its own totals; no grand,71,KEEP,Export content/behavior contract (what is in the file / when it is refused) — distinct observable outcome.,SENSIBLE,"Cold-read PASS: preconditions reachable (seeding stated where needed), steps executable in order, expected follows, no contradiction, every control spec-traceable, domain logic sound, pass/fail observable.",PASS,yes,,,SV-8631 (specs/sbr-sales-by-representative.md Story 14 S14-R6; S14-R8; Story 6 S6-R9)
SBR-EXP-05,C30280,https://shopview.testrail.io/index.php?/cases/view/30280,SBR,SBR — Exports,Expanded View PDF truncates invoice numbers longer than 18 characters,69,WEAK-KEEP,18-char PDF truncation detail; testable but low value.,SENSIBLE,"Cold-read PASS: preconditions reachable (seeding stated where needed), steps executable in order, expected follows, no contradiction, every control spec-traceable, domain logic sound, pass/fail observable.",PASS,yes,,,SV-8631 (specs/sbr-sales-by-representative.md Story 14 S14-R7)
SBR-EXP-06,C30281,https://shopview.testrail.io/index.php?/cases/view/30281,SBR,SBR — Exports,"PDF footer on every page, default-logo fallback, and deterministic PDF filenames",80,KEEP,Export content/behavior contract (what is in the file / when it is refused) — distinct observable outcome.,SENSIBLE,"Cold-read PASS: preconditions reachable (seeding stated where needed), steps executable in order, expected follows, no contradiction, every control spec-traceable, domain logic sound, pass/fail observable.",PASS,yes,,,SV-8631 (specs/sbr-sales-by-representative.md Story 14 S14-R4; S14-R3a; S14-R11)
SBR-EXP-07,C30282,https://shopview.testrail.io/index.php?/cases/view/30282,SBR,SBR — Exports,"PDFs render negative dollars in accounting parentheses, keep the (Inactive) tag",79,KEEP,Export content/behavior contract (what is in the file / when it is refused) — distinct observable outcome.,SENSIBLE,"Cold-read PASS: preconditions reachable (seeding stated where needed), steps executable in order, expected follows, no contradiction, every control spec-traceable, domain logic sound, pass/fail observable.",PASS,yes,,,SV-8631 (specs/sbr-sales-by-representative.md Story 14 S14-R9; S14-R10)
SBR-EXP-08,C30283,https://shopview.testrail.io/index.php?/cases/view/30283,SBR,SBR — Exports,PDF body font steps down as the longest dollar value grows; no overflow,71,WEAK-KEEP,PDF body font px by longest-dollar-string tier table; barely verifiable manually (kept only as the base rule; the edge rules case is CUT).,SENSIBLE,"was FIX-WORDING in the 2026-07-28 audit; repaired and pushed the same day (see reconciliation-2026-07-28/testrail-execution-log-2026-07-28.md) - original finding: The tier table (11/10/9/8px by longest-dollar-string) is not verifiable by eye; the case's own note concedes only ""the relative step-downs and the no-",PASS,yes,,,SV-8631 (specs/sbr-sales-by-representative.md Story 14 S14-R12; S14-R13)
SBR-EXP-10,C30285,https://shopview.testrail.io/index.php?/cases/view/30285,SBR,SBR — Exports,"Summary CSV: file name, UTF-8 BOM, verbatim headers, one row per rep",68,KEEP,Export content/behavior contract (what is in the file / when it is refused) — distinct observable outcome.,SENSIBLE,"Cold-read PASS: preconditions reachable (seeding stated where needed), steps executable in order, expected follows, no contradiction, every control spec-traceable, domain logic sound, pass/fail observable.",PASS,yes,,,SV-8631 (specs/sbr-sales-by-representative.md Story 14 S14-R15; S14-R18)
SBR-EXP-11,C30286,https://shopview.testrail.io/index.php?/cases/view/30286,SBR,SBR — Exports,"Expanded CSV: file name, verbatim headers, one row per invoice",62,KEEP,Export content/behavior contract (what is in the file / when it is refused) — distinct observable outcome.,SENSIBLE,"Cold-read PASS: preconditions reachable (seeding stated where needed), steps executable in order, expected follows, no contradiction, every control spec-traceable, domain logic sound, pass/fail observable.",PASS,yes,,,SV-8631 (specs/sbr-sales-by-representative.md Story 14 S14-R16)
SBR-EXP-12,C30287,https://shopview.testrail.io/index.php?/cases/view/30287,SBR,SBR — Exports,"CSV cells: plain numbers, signed Inv. Hrs, empty Margin %, (Inactive)",69,KEEP,Export content/behavior contract (what is in the file / when it is refused) — distinct observable outcome.,SENSIBLE,"Cold-read PASS: preconditions reachable (seeding stated where needed), steps executable in order, expected follows, no contradiction, every control spec-traceable, domain logic sound, pass/fail observable.",PASS,yes,,,SV-8631 (specs/sbr-sales-by-representative.md Story 14 S14-R17; §3 Key Decisions (CSVs monochrome / plain signed numbers))
SBR-EXP-13,C30288,https://shopview.testrail.io/index.php?/cases/view/30288,SBR,SBR — Exports,The Unassigned row appears in all four downloads only when the toggle is on,75,KEEP,Export content/behavior contract (what is in the file / when it is refused) — distinct observable outcome.,SENSIBLE,"Cold-read PASS: preconditions reachable (seeding stated where needed), steps executable in order, expected follows, no contradiction, every control spec-traceable, domain logic sound, pass/fail observable.",PASS,yes,,,SV-8631 (specs/sbr-sales-by-representative.md Story 14 S14-R19; Story 22 S22-R2; S22-R4)
SBR-EXP-14,C30289,https://shopview.testrail.io/index.php?/cases/view/30289,SBR,SBR — Exports,A failed download shows the canonical error toast,49,KEEP,Export content/behavior contract (what is in the file / when it is refused) — distinct observable outcome.,SENSIBLE,"Cold-read PASS: preconditions reachable (seeding stated where needed), steps executable in order, expected follows, no contradiction, every control spec-traceable, domain logic sound, pass/fail observable.",PASS,yes,,,SV-8631 (specs/sbr-sales-by-representative.md Story 14 S14-N1; S14-N2; S14-E1; §7)
SBR-EXP-15,C30290,https://shopview.testrail.io/index.php?/cases/view/30290,SBR,SBR — Exports,Over-cap Expanded View PDF is refused with the too-large message,64,KEEP,Export content/behavior contract (what is in the file / when it is refused) — distinct observable outcome.,SENSIBLE,"Cold-read PASS: preconditions reachable (seeding stated where needed), steps executable in order, expected follows, no contradiction, every control spec-traceable, domain logic sound, pass/fail observable.",PASS,yes,,,SV-8631 (specs/sbr-sales-by-representative.md Story 14 S14-E2; §7)
SBR-EXP-16,C30291,https://shopview.testrail.io/index.php?/cases/view/30291,SBR,SBR — Exports,An empty-data export still generates with zeroed Summary PDF totals,67,KEEP,Export content/behavior contract (what is in the file / when it is refused) — distinct observable outcome.,SENSIBLE,"Cold-read PASS: preconditions reachable (seeding stated where needed), steps executable in order, expected follows, no contradiction, every control spec-traceable, domain logic sound, pass/fail observable.",PASS,yes,,,SV-8631 (specs/sbr-sales-by-representative.md Story 14 S14-E3)
SBR-LINK-01,C30247,https://shopview.testrail.io/index.php?/cases/view/30247,SBR,SBR — Links & Navigation,Detail-row invoice number and customer name links navigate in the current tab,77,KEEP,Drill-through/link target contract — the PO walked these hyperlinks on the video as a key feature.,SENSIBLE,"Cold-read PASS: preconditions reachable (seeding stated where needed), steps executable in order, expected follows, no contradiction, every control spec-traceable, domain logic sound, pass/fail observable.",PASS,yes,,,SV-8629 (specs/sbr-sales-by-representative.md Story 12 S12-R1; S12-R2; S12-R3)
SBR-LINK-03,C30249,https://shopview.testrail.io/index.php?/cases/view/30249,SBR,SBR — Links & Navigation,Browser back from a drilldown restores expansion and scroll; no reload,70,KEEP,Drill-through/link target contract — the PO walked these hyperlinks on the video as a key feature.,SENSIBLE,"Cold-read PASS: preconditions reachable (seeding stated where needed), steps executable in order, expected follows, no contradiction, every control spec-traceable, domain logic sound, pass/fail observable.",PASS,yes,,,SV-8629 (specs/sbr-sales-by-representative.md Story 12 S12-R3a; Story 23 S23-R2)
SBR-LINK-04,C30250,https://shopview.testrail.io/index.php?/cases/view/30250,SBR,SBR — Links & Navigation,Invoice links use theme-primary; customer links use the body color,66,WEAK-KEEP,Link styling/hover/focus/never-purple; cosmetic.,SENSIBLE,"Cold-read PASS: preconditions reachable (seeding stated where needed), steps executable in order, expected follows, no contradiction, every control spec-traceable, domain logic sound, pass/fail observable.",PASS,yes,,,SV-8629 (specs/sbr-sales-by-representative.md Story 12 S12-R4; S12-R5; S12-R6; S12-N3)
SBR-LINK-05,C30251,https://shopview.testrail.io/index.php?/cases/view/30251,SBR,SBR — Links & Navigation,An unavailable link destination shows the standard not-found state,66,KEEP,Drill-through/link target contract — the PO walked these hyperlinks on the video as a key feature.,SENSIBLE,"Cold-read PASS: preconditions reachable (seeding stated where needed), steps executable in order, expected follows, no contradiction, every control spec-traceable, domain logic sound, pass/fail observable.",PASS,yes,,,SV-8629 (specs/sbr-sales-by-representative.md Story 12 S12-N1; S12-N2)
SBR-LOC-01,C30213,https://shopview.testrail.io/index.php?/cases/view/30213,SBR,SBR — Location Filter,Location filter is the rightmost control with an All Locations option,69,KEEP,Location scoping/fallback contract — includes the accessible-locations security boundary.,SENSIBLE,"Cold-read PASS: preconditions reachable (seeding stated where needed), steps executable in order, expected follows, no contradiction, every control spec-traceable, domain logic sound, pass/fail observable.",PASS,yes,,,SV-8638 (specs/sbr-sales-by-representative.md Story 21 S21-R1; Story 18 S18-R7.2)
SBR-LOC-03,C30215,https://shopview.testrail.io/index.php?/cases/view/30215,SBR,SBR — Location Filter,Location selection cascades; an inaccessible location's data is never included,78,KEEP,Location scoping/fallback contract — includes the accessible-locations security boundary.,SENSIBLE,"Cold-read PASS: preconditions reachable (seeding stated where needed), steps executable in order, expected follows, no contradiction, every control spec-traceable, domain logic sound, pass/fail observable. [NOTE: this case was video-edited concurrently (commit 3bd08a7) — this sense verdict applies to the PRE-EDIT text; re-check after the video edits land.]",PASS,yes,,,SV-8638 (SBR spec Story 21 S21-R3; S21-R4; S21-R5; §3 — per-row location identifier in All-Locations view ADDED per kickoff video P10 [ruling 2026-07-28 video-overrides-spec]) + on-screen location-scope indicator per Chris Ward 2026-07-29
SBR-LOC-04,C30216,https://shopview.testrail.io/index.php?/cases/view/30216,SBR,SBR — Location Filter,Sales By Representative: Location filter hidden for a one-location user,71,WEAK-KEEP,Single-location-still-sees-filter: directly contradicted by pending video P33 (hide when <=1 location) — likely to be inverted by the spec update.,SENSIBLE,"Cold-read PASS: preconditions reachable (seeding stated where needed), steps executable in order, expected follows, no contradiction, every control spec-traceable, domain logic sound, pass/fail observable. [NOTE: this case was video-edited concurrently (commit 3bd08a7) — this sense verdict applies to the PRE-EDIT text; re-check after the video edits land.]",PASS,yes,,,"SV-8638 (SBR spec S21-N1 — RULED HIDDEN by Chris Ward answer 2026-07-31 Q1=A ""classic spec drift""; the S21-N1 ""still sees the filter"" note is stale; spec edit pending)"
SBR-LOC-05,C38913,https://shopview.testrail.io/index.php?/cases/view/38913,SBR,SBR — Location Filter,The Location column shows only with more than one location; rep rows Multiple,77,KEEP,"Per-row Location column for SBR: after Status before Inv. Hrs, 'Multiple' on a rep summary row - distinct roll-up level.",SENSIBLE,"Cold-read PASS 2026-07-31: preconditions reachable (seeding named where needed), steps executable in order, expected follows from the steps, no internal contradiction, every control traceable to the spec or the driving story, domain logic sound, pass/fail observable by a non-technical tester.",PASS,yes,,,"SV-8638 (SBR spec v15 2026-07-29 S21-R7; S21-R8; S18-R13 — per-row Location column; ""Multiple"" verbatim on a rep row spanning locations; position after Status; constant-width filter)"
SBR-MOB-01,C30302,https://shopview.testrail.io/index.php?/cases/view/30302,SBR,SBR — Mobile,On a phone every toolbar control works on touch,47,KEEP,Responsive/touch behavior at the spec-defined 1024px breakpoint.,SENSIBLE,"Cold-read PASS: preconditions reachable (seeding stated where needed), steps executable in order, expected follows, no contradiction, every control spec-traceable, domain logic sound, pass/fail observable.",PASS,yes,,,SV-8634 (specs/sbr-sales-by-representative.md Story 17 S17-R1; S17-R2; S17-R3)
SBR-MOB-02,C30303,https://shopview.testrail.io/index.php?/cases/view/30303,SBR,SBR — Mobile,On a phone the table scrolls sideways with Subtotal pinned outside it,69,KEEP,Responsive/touch behavior at the spec-defined 1024px breakpoint.,SENSIBLE,"Cold-read PASS: preconditions reachable (seeding stated where needed), steps executable in order, expected follows, no contradiction, every control spec-traceable, domain logic sound, pass/fail observable.",PASS,yes,,,SV-8634 (specs/sbr-sales-by-representative.md Story 17 S17-R4; S17-R5; Story 10 S10-R5 (mobile))
SBR-MOB-03,C30304,https://shopview.testrail.io/index.php?/cases/view/30304,SBR,SBR — Mobile,Touch targets are at least 44×44 px and touch users get no hover-only tooltips,78,WEAK-KEEP,44x44px touch targets need measurement tooling; keep as a one-time design check.,SENSIBLE,"Cold-read PASS: preconditions reachable (seeding stated where needed), steps executable in order, expected follows, no contradiction, every control spec-traceable, domain logic sound, pass/fail observable.",PASS,yes,,,SV-8634 (specs/sbr-sales-by-representative.md Story 17 S17-R6; S17-N1; Story 18 S18-R9)
SBR-NAV-01,C30195,https://shopview.testrail.io/index.php?/cases/view/30195,SBR,SBR — Access & Navigation,"Sales By Representative under Performance, below existing links; titles correct",79,KEEP,Navigation/entry contract — additive placement was an explicit PO instruction on the video.,SENSIBLE,"was FIX-WORDING in the 2026-07-28 audit; repaired and pushed the same day (see reconciliation-2026-07-28/testrail-execution-log-2026-07-28.md) - original finding: Precondition/steps require comparing the nav order against ""before this report was added"" — a state a cold tester cannot observe on a build where the ",PASS,yes,,,SV-8619 (SBR spec Story 1 S1-R1; S1-R2; S1-R3; S1-R4; S1-R5; S1-R6 — 'at the bottom' = below the named anchors [Sales; Technician Efficiency; Advisor Analysis; Shop Efficiency] per PRD video 2026-07-30 01:18-02:05; order among the four not important)
SBR-NAV-03,C30197,https://shopview.testrail.io/index.php?/cases/view/30197,SBR,SBR — Access & Navigation,The nav entry fits the full Sales By Representative label; no truncation,72,WEAK-KEEP,"Real known issue (video: ""Representative"" squishes) but the FIX is undecided (padding vs other); asserting the padding solution is premature.",SENSIBLE,"Cold-read PASS: preconditions reachable (seeding stated where needed), steps executable in order, expected follows, no contradiction, every control spec-traceable, domain logic sound, pass/fail observable.",PASS,yes,,,SV-8619 (specs/sbr-sales-by-representative.md Story 1 S1-R7; §1 naming note)
SBR-PERM-01,C30198,https://shopview.testrail.io/index.php?/cases/view/30198,SBR,SBR — Permissions,Sales By Representative is visible to anyone who sees another Performance report,80,KEEP,Permission gate (positive/negative observable behavior). NOTE: Q2 permission-model discrepancy raised to Chris/dev 2026-07-28; cases stay per the shipped mixed model per user ruling.,SENSIBLE,"Cold-read PASS: preconditions reachable (seeding stated where needed), steps executable in order, expected follows, no contradiction, every control spec-traceable, domain logic sound, pass/fail observable.",PASS,yes,,,SV-8619 (specs/sbr-sales-by-representative.md Story 1 S1-R1)
SBR-PERM-02,C30199,https://shopview.testrail.io/index.php?/cases/view/30199,SBR,SBR — Permissions,"Without Reports access: no navigation, no export menu, no Export dialog",71,KEEP,Permission gate (positive/negative observable behavior). NOTE: Q2 permission-model discrepancy raised to Chris/dev 2026-07-28; cases stay per the shipped mixed model per user ruling.,SENSIBLE,"Cold-read PASS: preconditions reachable (seeding stated where needed), steps executable in order, expected follows, no contradiction, every control spec-traceable, domain logic sound, pass/fail observable.",PASS,yes,,,SV-8619 (specs/sbr-sales-by-representative.md Story 1 S1-N1; Story 14 S14-N3; Story 15 S15-N1)
SBR-PERM-03,C30200,https://shopview.testrail.io/index.php?/cases/view/30200,SBR,SBR — Permissions,Without staff-administration access the deactivation flow is unreachable,72,KEEP,Permission gate (positive/negative observable behavior). NOTE: Q2 permission-model discrepancy raised to Chris/dev 2026-07-28; cases stay per the shipped mixed model per user ruling.,SENSIBLE,"Cold-read PASS: preconditions reachable (seeding stated where needed), steps executable in order, expected follows, no contradiction, every control spec-traceable, domain logic sound, pass/fail observable.",PASS,yes,,,SV-8630 (specs/sbr-sales-by-representative.md Story 13 S13-N1)
SBR-PERS-01,C30271,https://shopview.testrail.io/index.php?/cases/view/30271,SBR,SBR — Persistence,All filter and view settings are restored before the first data fetch,69,KEEP,Persistence/restore contract. NOTE: Stefan flagged on the kickoff that per-user-per-device persistence may be delegated to the Filters squad — re-check before execution.,SENSIBLE,"Cold-read PASS: preconditions reachable (seeding stated where needed), steps executable in order, expected follows, no contradiction, every control spec-traceable, domain logic sound, pass/fail observable.",PASS,yes,,,SV-8640 (specs/sbr-sales-by-representative.md Story 23 S23-R1; Story 20 S20-R5)
SBR-PERS-02,C30272,https://shopview.testrail.io/index.php?/cases/view/30272,SBR,SBR — Persistence,Expansion state and scroll position are not remembered and reset on reload,74,KEEP,Persistence/restore contract. NOTE: Stefan flagged on the kickoff that per-user-per-device persistence may be delegated to the Filters squad — re-check before execution.,SENSIBLE,"Cold-read PASS: preconditions reachable (seeding stated where needed), steps executable in order, expected follows, no contradiction, every control spec-traceable, domain logic sound, pass/fail observable.",PASS,yes,,SBR-LINK-03,SV-8640 (specs/sbr-sales-by-representative.md Story 23 S23-R2; §2 Out of Scope)
SBR-PERS-03,C30273,https://shopview.testrail.io/index.php?/cases/view/30273,SBR,SBR — Persistence,A stale saved value falls back to its default and never errors,62,KEEP,Persistence/restore contract. NOTE: Stefan flagged on the kickoff that per-user-per-device persistence may be delegated to the Filters squad — re-check before execution.,SENSIBLE,"Cold-read PASS: preconditions reachable (seeding stated where needed), steps executable in order, expected follows, no contradiction, every control spec-traceable, domain logic sound, pass/fail observable.",PASS,yes,,,SV-8640 (specs/sbr-sales-by-representative.md Story 23 S23-R3)
SBR-PERS-04,C30274,https://shopview.testrail.io/index.php?/cases/view/30274,SBR,SBR — Persistence,First visit or cleared storage yields all defaults; no server-side profile,74,KEEP,Persistence/restore contract. NOTE: Stefan flagged on the kickoff that per-user-per-device persistence may be delegated to the Filters squad — re-check before execution.,SENSIBLE,"Cold-read PASS: preconditions reachable (seeding stated where needed), steps executable in order, expected follows, no contradiction, every control spec-traceable, domain logic sound, pass/fail observable.",PASS,yes,,,SV-8640 (specs/sbr-sales-by-representative.md Story 23 S23-R4; S23-N1; Story 2 S2-R4; Story 21 S21-R2)
SBR-PERS-05,C30275,https://shopview.testrail.io/index.php?/cases/view/30275,SBR,SBR — Persistence,The A to Z default is its own saved value,41,KEEP,Persistence/restore contract. NOTE: Stefan flagged on the kickoff that per-user-per-device persistence may be delegated to the Filters squad — re-check before execution.,SENSIBLE,"Cold-read PASS: preconditions reachable (seeding stated where needed), steps executable in order, expected follows, no contradiction, every control spec-traceable, domain logic sound, pass/fail observable.",PASS,yes,,,SV-8640 (specs/sbr-sales-by-representative.md Story 23 S23-R5; Story 11 S11-R4)
SBR-ROW-01,C30217,https://shopview.testrail.io/index.php?/cases/view/30217,SBR,SBR — Rep Rows & Tree,A rep row appears only when the rep has a matching non-reversed invoice,71,KEEP,"Row-model/scope contract (who appears, where, exactly once) — data-correctness core.",SENSIBLE,"Cold-read PASS: preconditions reachable (seeding stated where needed), steps executable in order, expected follows, no contradiction, every control spec-traceable, domain logic sound, pass/fail observable.",PASS,yes,,,SV-8623 (specs/sbr-sales-by-representative.md Story 5 S5-R1; S5-R4; S5-N1; §3 Key Decisions)
SBR-ROW-02,C30218,https://shopview.testrail.io/index.php?/cases/view/30218,SBR,SBR — Rep Rows & Tree,"Row layout: 12 columns in order, blanks in position, bold summary rows",70,KEEP,"Row-model/scope contract (who appears, where, exactly once) — data-correctness core.",SENSIBLE,"Cold-read PASS: preconditions reachable (seeding stated where needed), steps executable in order, expected follows, no contradiction, every control spec-traceable, domain logic sound, pass/fail observable.",PASS,yes,,,SV-8623 (specs/sbr-sales-by-representative.md Story 5 S5-R2; S5-R3; S5-R6; S5-R8; S5-R10; S5-N2; Story 6 S6-R4; Story 18 S18-R4; S18-R6a)
SBR-ROW-03,C30219,https://shopview.testrail.io/index.php?/cases/view/30219,SBR,SBR — Rep Rows & Tree,A toggled-off or deleted contributor still appears; tagged (Inactive),69,KEEP,Deactivated/deleted rep keeps historical credit with (Inactive) tag — protects historical data integrity.,SENSIBLE,"Cold-read PASS: preconditions reachable (seeding stated where needed), steps executable in order, expected follows, no contradiction, every control spec-traceable, domain logic sound, pass/fail observable.",PASS,yes,,,SV-8623 (specs/sbr-sales-by-representative.md Story 5 S5-R9; §3 Key Decisions; §4 Snapshot)
SBR-SORT-01,C30241,https://shopview.testrail.io/index.php?/cases/view/30241,SBR,SBR — Sorting,All eight financial columns are sortable,40,KEEP,"Sorting contract (default/direction/null placement/scope) — spec-defined, observable, distinct.",SENSIBLE,"Cold-read PASS: preconditions reachable (seeding stated where needed), steps executable in order, expected follows, no contradiction, every control spec-traceable, domain logic sound, pass/fail observable.",PASS,yes,,,SV-8628 (specs/sbr-sales-by-representative.md Story 11 S11-R1; S11-R6)
SBR-SORT-02,C30242,https://shopview.testrail.io/index.php?/cases/view/30242,SBR,SBR — Sorting,"Default order is plain A to Z by display name, case-insensitive",63,KEEP,"Sorting contract (default/direction/null placement/scope) — spec-defined, observable, distinct.",SENSIBLE,"Cold-read PASS: preconditions reachable (seeding stated where needed), steps executable in order, expected follows, no contradiction, every control spec-traceable, domain logic sound, pass/fail observable.",PASS,yes,,,SV-8628 (specs/sbr-sales-by-representative.md Story 11 S11-R4; §3 Key Decisions)
SBR-SORT-03,C30243,https://shopview.testrail.io/index.php?/cases/view/30243,SBR,SBR — Sorting,First header click sorts ascending; second descending; no third state,69,KEEP,"Sorting contract (default/direction/null placement/scope) — spec-defined, observable, distinct.",SENSIBLE,"Cold-read PASS: preconditions reachable (seeding stated where needed), steps executable in order, expected follows, no contradiction, every control spec-traceable, domain logic sound, pass/fail observable.",PASS,yes,,,SV-8628 (specs/sbr-sales-by-representative.md Story 11 S11-R5; Story 23 S23-R5)
SBR-SORT-04,C30244,https://shopview.testrail.io/index.php?/cases/view/30244,SBR,SBR — Sorting,Sorting reorders rep rows only; Unassigned stays pinned on top,62,KEEP,"Sorting contract (default/direction/null placement/scope) — spec-defined, observable, distinct.",SENSIBLE,"Cold-read PASS: preconditions reachable (seeding stated where needed), steps executable in order, expected follows, no contradiction, every control spec-traceable, domain logic sound, pass/fail observable.",PASS,yes,,,SV-8628 (specs/sbr-sales-by-representative.md Story 11 S11-R2; Story 22 S22-R4)
SBR-SORT-05,C30245,https://shopview.testrail.io/index.php?/cases/view/30245,SBR,SBR — Sorting,Ties keep the A to Z order and an em-dash Margin % sorts as zero,64,KEEP,"Sorting contract (default/direction/null placement/scope) — spec-defined, observable, distinct.",SENSIBLE,"Cold-read PASS: preconditions reachable (seeding stated where needed), steps executable in order, expected follows, no contradiction, every control spec-traceable, domain logic sound, pass/fail observable.",PASS,yes,,,SV-8628 (specs/sbr-sales-by-representative.md Story 11 S11-R7)
SBR-STAT-01,C30208,https://shopview.testrail.io/index.php?/cases/view/30208,SBR,SBR — Invoice Status Filter,Invoice Status offers exactly four options; All Statuses is the default,71,KEEP,Filter data-effect contract — changes which rows/totals appear; failures are real.,SENSIBLE,"Cold-read PASS: preconditions reachable (seeding stated where needed), steps executable in order, expected follows, no contradiction, every control spec-traceable, domain logic sound, pass/fail observable.",PASS,yes,,,SV-8622 (specs/sbr-sales-by-representative.md Story 4 S4-R1; S4-R2; S4-R3; S4-R5)
SBR-STAT-02,C30209,https://shopview.testrail.io/index.php?/cases/view/30209,SBR,SBR — Invoice Status Filter,Status filtering matches on the mapped display value,52,KEEP,5 system payment states -> 3 display values mapping — the spec change-log calls this the single source of truth.,SENSIBLE,"Cold-read PASS: preconditions reachable (seeding stated where needed), steps executable in order, expected follows, no contradiction, every control spec-traceable, domain logic sound, pass/fail observable.",PASS,yes,,,SV-8622 (specs/sbr-sales-by-representative.md Story 4 S4-R4; §3 payment-status mapping)
SBR-STAT-04,C30211,https://shopview.testrail.io/index.php?/cases/view/30211,SBR,SBR — Invoice Status Filter,Filters compose: a rep appears only with an invoice matching ALL active filters,79,KEEP,Filter data-effect contract — changes which rows/totals appear; failures are real.,SENSIBLE,"Cold-read PASS: preconditions reachable (seeding stated where needed), steps executable in order, expected follows, no contradiction, every control spec-traceable, domain logic sound, pass/fail observable.",PASS,yes,,,SV-8622 (specs/sbr-sales-by-representative.md Story 4 S4-R7; S4-R6; S4-N1; Story 3 S3-R8; S3-N1)
SBR-STAT-05,C30212,https://shopview.testrail.io/index.php?/cases/view/30212,SBR,SBR — Invoice Status Filter,"Money columns always show invoiced amounts, never the outstanding balance",73,KEEP,Filter data-effect contract — changes which rows/totals appear; failures are real.,SENSIBLE,"Cold-read PASS: preconditions reachable (seeding stated where needed), steps executable in order, expected follows, no contradiction, every control spec-traceable, domain logic sound, pass/fail observable.",PASS,yes,,,SV-8622 (specs/sbr-sales-by-representative.md Story 4 S4-R8)
SBR-STATE-01,C30298,https://shopview.testrail.io/index.php?/cases/view/30298,SBR,"SBR — Loading, Empty & Error States","Empty state: verbatim message, no grand Totals, toolbar stays interactive",73,KEEP,Loading/empty/error state contract with exact recovery behavior.,SENSIBLE,"Cold-read PASS: preconditions reachable (seeding stated where needed), steps executable in order, expected follows, no contradiction, every control spec-traceable, domain logic sound, pass/fail observable.",PASS,yes,,,SV-8633 (specs/sbr-sales-by-representative.md Story 16 S16-R1; S16-R2; S16-R3; S16-N1; §7)
SBR-STATE-03,C30300,https://shopview.testrail.io/index.php?/cases/view/30300,SBR,"SBR — Loading, Empty & Error States",Loading shows a centered spinner over the data area and hides the Totals,72,KEEP,Loading/empty/error state contract with exact recovery behavior.,SENSIBLE,"Cold-read PASS: preconditions reachable (seeding stated where needed), steps executable in order, expected follows, no contradiction, every control spec-traceable, domain logic sound, pass/fail observable.",PASS,yes,,,SV-8633 (specs/sbr-sales-by-representative.md Story 16 S16-R4)
SBR-STATE-04,C30301,https://shopview.testrail.io/index.php?/cases/view/30301,SBR,"SBR — Loading, Empty & Error States",A load failure shows the inline could-not-load message with a Retry,67,KEEP,Loading/empty/error state contract with exact recovery behavior.,SENSIBLE,"Cold-read PASS: preconditions reachable (seeding stated where needed), steps executable in order, expected follows, no contradiction, every control spec-traceable, domain logic sound, pass/fail observable.",PASS,yes,,,SV-8633 (specs/sbr-sales-by-representative.md Story 16 S16-R5; §7)
SBR-TOT-01,C30237,https://shopview.testrail.io/index.php?/cases/view/30237,SBR,SBR — Subtotal & Totals,"Subtotal: rightmost, pinned right, bold everywhere; header row sticky on scroll",79,KEEP,Totals/summary aggregation contract over the full filtered set — catches real aggregation bugs.,SENSIBLE,"Cold-read PASS: preconditions reachable (seeding stated where needed), steps executable in order, expected follows, no contradiction, every control spec-traceable, domain logic sound, pass/fail observable.",PASS,yes,,,SV-8627 (specs/sbr-sales-by-representative.md Story 10 S10-R1; S10-R2; S10-R3; S10-R4; S10-R6; S10-N1; Story 18 S18-R7.5)
SBR-TOT-02,C30238,https://shopview.testrail.io/index.php?/cases/view/30238,SBR,SBR — Subtotal & Totals,Desktop Totals row merges the identifier columns and sticks to the bottom,73,KEEP,Totals/summary aggregation contract over the full filtered set — catches real aggregation bugs.,SENSIBLE,"Cold-read PASS: preconditions reachable (seeding stated where needed), steps executable in order, expected follows, no contradiction, every control spec-traceable, domain logic sound, pass/fail observable.",PASS,yes,,,SV-8627 (specs/sbr-sales-by-representative.md Story 10 S10-R5; S10-N1; Story 16 S16-R4)
SBR-TOT-03,C30239,https://shopview.testrail.io/index.php?/cases/view/30239,SBR,SBR — Subtotal & Totals,Mobile shows a simplified totals bar below the table; Subtotal at right,71,KEEP,Totals/summary aggregation contract over the full filtered set — catches real aggregation bugs.,SENSIBLE,"Cold-read PASS: preconditions reachable (seeding stated where needed), steps executable in order, expected follows, no contradiction, every control spec-traceable, domain logic sound, pass/fail observable.",PASS,yes,,,SV-8627 (specs/sbr-sales-by-representative.md Story 10 S10-R5 (mobile); Story 17 S17-R4)
SBR-TREE-05,C30221,https://shopview.testrail.io/index.php?/cases/view/30221,SBR,SBR — Rep Rows & Tree,Expanding a rep loads its invoices on demand with a row-level spinner,69,KEEP,"Row-model/scope contract (who appears, where, exactly once) — data-correctness core.",SENSIBLE,"Cold-read PASS: preconditions reachable (seeding stated where needed), steps executable in order, expected follows, no contradiction, every control spec-traceable, domain logic sound, pass/fail observable.",PASS,yes,,,SV-8624 (specs/sbr-sales-by-representative.md Story 6 S6-R1; S6-R2; S6-R3; S6-E1)
SBR-TREE-06,C30222,https://shopview.testrail.io/index.php?/cases/view/30222,SBR,SBR — Rep Rows & Tree,The header chevron expands every visible rep and its glyph tracks state,71,KEEP,"Row-model/scope contract (who appears, where, exactly once) — data-correctness core.",SENSIBLE,"Cold-read PASS: preconditions reachable (seeding stated where needed), steps executable in order, expected follows, no contradiction, every control spec-traceable, domain logic sound, pass/fail observable.",PASS,yes,,,SV-8624 (specs/sbr-sales-by-representative.md Story 6 S6-R5; S6-R6)
SBR-TREE-07,C30223,https://shopview.testrail.io/index.php?/cases/view/30223,SBR,SBR — Rep Rows & Tree,Each invoice appears under exactly one rep or the Unassigned row,64,KEEP,"Row-model/scope contract (who appears, where, exactly once) — data-correctness core.",SENSIBLE,"Cold-read PASS: preconditions reachable (seeding stated where needed), steps executable in order, expected follows, no contradiction, every control spec-traceable, domain logic sound, pass/fail observable.",PASS,yes,,,SV-8624 (specs/sbr-sales-by-representative.md Story 6 S6-R7; §3 Key Decisions)
SBR-TREE-08,C30224,https://shopview.testrail.io/index.php?/cases/view/30224,SBR,SBR — Rep Rows & Tree,"Expansion survives filter and sort changes within the session, resets on reload",79,KEEP,"Row-model/scope contract (who appears, where, exactly once) — data-correctness core.",SENSIBLE,"Cold-read PASS: preconditions reachable (seeding stated where needed), steps executable in order, expected follows, no contradiction, every control spec-traceable, domain logic sound, pass/fail observable.",PASS,yes,,,SV-8624 (specs/sbr-sales-by-representative.md Story 6 S6-R8; S6-N1; Story 23 S23-R2)
SBR-TREE-09,C30225,https://shopview.testrail.io/index.php?/cases/view/30225,SBR,SBR — Rep Rows & Tree,Detail rows run newest first with a numeric invoice-number tie-break,68,KEEP,"Row-model/scope contract (who appears, where, exactly once) — data-correctness core.",SENSIBLE,"Cold-read PASS: preconditions reachable (seeding stated where needed), steps executable in order, expected follows, no contradiction, every control spec-traceable, domain logic sound, pass/fail observable.",PASS,yes,,,SV-8624 (specs/sbr-sales-by-representative.md Story 6 S6-R9; Story 11 S11-R2)
SBR-TYPE-02,C30206,https://shopview.testrail.io/index.php?/cases/view/30206,SBR,SBR — Product Type Filter,"Product Type: three options, Parts & Service default, each option filters right",79,KEEP,Filter data-effect contract — changes which rows/totals appear; failures are real.,SENSIBLE,"Cold-read PASS: preconditions reachable (seeding stated where needed), steps executable in order, expected follows, no contradiction, every control spec-traceable, domain logic sound, pass/fail observable.",PASS,yes,,,SV-8621 (specs/sbr-sales-by-representative.md Story 3 S3-R1; S3-R2; S3-R3; S3-R4; S3-R5; S3-R6; S3-R7)
SBR-UNAS-01,C30261,https://shopview.testrail.io/index.php?/cases/view/30261,SBR,SBR — Show Unassigned,"Show Unassigned sits between the column selector and the date picker, off",73,KEEP,Unassigned-row contract — off-by-default toggle the PO called out on the video.,SENSIBLE,"Cold-read PASS: preconditions reachable (seeding stated where needed), steps executable in order, expected follows, no contradiction, every control spec-traceable, domain logic sound, pass/fail observable.",PASS,yes,,,SV-8639 (specs/sbr-sales-by-representative.md Story 22 S22-R1; S22-R2; Story 18 S18-R7.2)
SBR-UNAS-02,C30262,https://shopview.testrail.io/index.php?/cases/view/30262,SBR,SBR — Show Unassigned,Show Unassigned adds one top-pinned Unassigned row that acts like a rep row,75,KEEP,Unassigned-row contract — off-by-default toggle the PO called out on the video.,SENSIBLE,"Cold-read PASS: preconditions reachable (seeding stated where needed), steps executable in order, expected follows, no contradiction, every control spec-traceable, domain logic sound, pass/fail observable.",PASS,yes,,,SV-8639 (specs/sbr-sales-by-representative.md Story 22 S22-R3; S22-R4; S22-R5; S22-R6; Story 6 S6-R1)
SBR-UNAS-04,C30264,https://shopview.testrail.io/index.php?/cases/view/30264,SBR,SBR — Show Unassigned,No empty Unassigned row is ever rendered,40,KEEP,Unassigned-row contract — off-by-default toggle the PO called out on the video.,SENSIBLE,"Cold-read PASS: preconditions reachable (seeding stated where needed), steps executable in order, expected follows, no contradiction, every control spec-traceable, domain logic sound, pass/fail observable.",PASS,yes,,,SV-8639 (specs/sbr-sales-by-representative.md Story 22 S22-N1; Story 6 S6-N2)
SBR-VIS-01,C30305,https://shopview.testrail.io/index.php?/cases/view/30305,SBR,SBR — Visual Conformance & Accessibility,Layout: white toolbar; blue-grey page; separator; edge-to-edge white table,74,WEAK-KEEP,Px/hex toolbar/table theme parroting; verify once.,SENSIBLE,"Cold-read PASS: preconditions reachable (seeding stated where needed), steps executable in order, expected follows, no contradiction, every control spec-traceable, domain logic sound, pass/fail observable.",PASS,yes,,,SV-8635 (specs/sbr-sales-by-representative.md Story 18 S18-R1; S18-R2; S18-R3; S18-R4; S18-R5; S18-R7.1–R7.6; S18-N1)
SBR-VIS-02,C30306,https://shopview.testrail.io/index.php?/cases/view/30306,SBR,SBR — Visual Conformance & Accessibility,"Dark mode: page, toolbar, table; Totals switch to dark equivalents",66,WEAK-KEEP,Dark-mode equivalents; verify once.,SENSIBLE,"Cold-read PASS: preconditions reachable (seeding stated where needed), steps executable in order, expected follows, no contradiction, every control spec-traceable, domain logic sound, pass/fail observable.",PASS,yes,,,SV-8635 (specs/sbr-sales-by-representative.md Story 18 S18-R8)
SBR-VIS-03,C30307,https://shopview.testrail.io/index.php?/cases/view/30307,SBR,SBR — Visual Conformance & Accessibility,Every icon-only control carries its specified accessible name,61,KEEP,Accessibility/visual conformance requirement from the spec.,SENSIBLE,"Cold-read PASS: preconditions reachable (seeding stated where needed), steps executable in order, expected follows, no contradiction, every control spec-traceable, domain logic sound, pass/fail observable.",PASS,yes,,,SV-8635 (specs/sbr-sales-by-representative.md Story 18 S18-R9)
SBR-VIS-04,C30308,https://shopview.testrail.io/index.php?/cases/view/30308,SBR,SBR — Visual Conformance & Accessibility,Chevrons and sortable headers are keyboard-operable and expose their state,74,KEEP,Accessibility/visual conformance requirement from the spec.,SENSIBLE,"Cold-read PASS: preconditions reachable (seeding stated where needed), steps executable in order, expected follows, no contradiction, every control spec-traceable, domain logic sound, pass/fail observable.",PASS,yes,,,SV-8635 (specs/sbr-sales-by-representative.md Story 18 S18-R10)
SBR-VIS-05,C30309,https://shopview.testrail.io/index.php?/cases/view/30309,SBR,SBR — Visual Conformance & Accessibility,The subdued grey of the (N) count and (Inactive) tag meets WCAG AA contrast,75,WEAK-KEEP,WCAG AA contrast ratio requires tooling; one-time a11y check.,SENSIBLE,"Cold-read PASS: preconditions reachable (seeding stated where needed), steps executable in order, expected follows, no contradiction, every control spec-traceable, domain logic sound, pass/fail observable.",PASS,yes,,,SV-8635 (specs/sbr-sales-by-representative.md Story 18 S18-R11; S18-R12)
SBR-WO-01,C30310,https://shopview.testrail.io/index.php?/cases/view/30310,SBR,SBR — Work Order Sales Rep,"Sales Representative selector shows on WO and Part Sale, not on imported",72,KEEP,"Sales-rep entry-point on Work Orders — the PO said the report ""goes a lot deeper"", these entry points are how data gets in.",SENSIBLE,"Cold-read PASS: preconditions reachable (seeding stated where needed), steps executable in order, expected follows, no contradiction, every control spec-traceable, domain logic sound, pass/fail observable.",PASS,yes,,,SV-8636 (specs/sbr-sales-by-representative.md Story 19 S19-R1; S19-N1)
SBR-WO-02,C30311,https://shopview.testrail.io/index.php?/cases/view/30311,SBR,SBR — Work Order Sales Rep,Selector offers only reps whose sales-representative toggle is on,65,KEEP,"Sales-rep entry-point on Work Orders — the PO said the report ""goes a lot deeper"", these entry points are how data gets in.",SENSIBLE,"Cold-read PASS: preconditions reachable (seeding stated where needed), steps executable in order, expected follows, no contradiction, every control spec-traceable, domain logic sound, pass/fail observable.",PASS,yes,,,SV-8636 (specs/sbr-sales-by-representative.md Story 19 S19-R2; S19-R8 — toggle entry path Settings -> Staff -> edit the staff member per the PRD companion video 2026-07-30 09:17-09:41; exact toggle label to confirm live in the build)
SBR-WO-03,C30312,https://shopview.testrail.io/index.php?/cases/view/30312,SBR,SBR — Work Order Sales Rep,A new WO opens with Sales Representative unassigned; a change saves at once,75,KEEP,"Sales-rep entry-point on Work Orders — the PO said the report ""goes a lot deeper"", these entry points are how data gets in.",SENSIBLE,"Cold-read PASS: preconditions reachable (seeding stated where needed), steps executable in order, expected follows, no contradiction, every control spec-traceable, domain logic sound, pass/fail observable.",PASS,yes,,,SV-8636 (specs/sbr-sales-by-representative.md Story 19 S19-R3; S19-R4)
SBR-WO-04,C30313,https://shopview.testrail.io/index.php?/cases/view/30313,SBR,SBR — Work Order Sales Rep,The Sales Representative selector is read-only when Invoiced or Paid,68,KEEP,"Sales-rep entry-point on Work Orders — the PO said the report ""goes a lot deeper"", these entry points are how data gets in.",SENSIBLE,"Cold-read PASS: preconditions reachable (seeding stated where needed), steps executable in order, expected follows, no contradiction, every control spec-traceable, domain logic sound, pass/fail observable.",PASS,yes,,,SV-8636 (specs/sbr-sales-by-representative.md Story 19 S19-R5)
SBR-WO-05,C30314,https://shopview.testrail.io/index.php?/cases/view/30314,SBR,SBR — Work Order Sales Rep,"Invoice credit snapshot: WO rep, else customer rep, else unassigned",67,KEEP,Invoice crediting snapshot precedence (WO rep > customer rep > unassigned; never retroactive) — the core crediting contract.,SENSIBLE,"Cold-read PASS: preconditions reachable (seeding stated where needed), steps executable in order, expected follows, no contradiction, every control spec-traceable, domain logic sound, pass/fail observable.",PASS,yes,,,SV-8636 (specs/sbr-sales-by-representative.md Story 19 S19-R6; S19-N2; §3 Key Decisions (single-rep snapshot); Story 22 S22-R3)
SBR-WO-06,C30315,https://shopview.testrail.io/index.php?/cases/view/30315,SBR,SBR — Work Order Sales Rep,"Customer record shows a ""Sales Representative"" row; ""Unassigned"" when none",74,KEEP,"Sales-rep entry-point on Work Orders — the PO said the report ""goes a lot deeper"", these entry points are how data gets in.",SENSIBLE,"Cold-read PASS: preconditions reachable (seeding stated where needed), steps executable in order, expected follows, no contradiction, every control spec-traceable, domain logic sound, pass/fail observable.",PASS,yes,,,"SV-8636 (SBR spec Story 19 S19-R7; S19-E1 — customer-card label RE-RULED to the full ""Sales Representative"" per the PRD companion video 2026-07-30 + Chris Ward answer 2026-07-31 Q5=A; the spec text still says ""Sales Rep"")"
TU-API-01,C30449,https://shopview.testrail.io/index.php?/cases/view/30449,TU,TU — API,The per-day breakdown is fetched only when a technician row is expanded,71,KEEP,Server-side contract (pagination/sort/snapshot/enforcement) — placed in an API section per Rule 4; verifiable via network tab/DB; failures are real defects.,SENSIBLE,"Cold-read PASS: preconditions reachable (seeding stated where needed), steps executable in order, expected follows, no contradiction, every control spec-traceable, domain logic sound, pass/fail observable.",PASS,yes,,,SV-8651 (specs/technician-utilization.md S4-R2; S4-R5)
TU-API-02,C30450,https://shopview.testrail.io/index.php?/cases/view/30450,TU,TU — API,Date-range and location changes trigger a fresh server load,59,KEEP,Server-side contract (pagination/sort/snapshot/enforcement) — placed in an API section per Rule 4; verifiable via network tab/DB; failures are real defects.,SENSIBLE,"Cold-read PASS: preconditions reachable (seeding stated where needed), steps executable in order, expected follows, no contradiction, every control spec-traceable, domain logic sound, pass/fail observable.",PASS,yes,,,SV-8648 (specs/technician-utilization.md S1-R5; S9-R3; S5 context note; S2-R13; §3)
TU-COL-01,C38859,https://shopview.testrail.io/index.php?/cases/view/38859,TU,TU — Visual & Accessibility,"Column Selection: Technician always on, the other five toggleable, remembered",77,KEEP,"The whole TU column selector: Technician not toggleable, five toggles on by default, Location never listed, no reorder, remembered per browser. One case for the control, not one per toggle.",SENSIBLE,"Cold-read PASS 2026-07-31: preconditions reachable (seeding named where needed), steps executable in order, expected follows from the steps, no internal contradiction, every control traceable to the spec or the driving story, domain logic sound, pass/fail observable by a non-technical tester.",PASS,yes,,,SV-8582 (TU spec v5 2026-07-29 Story 10 S10-R1; S10-R2; S10-R3; S10-R4; S10-R5; S10-R6 column selector — NO OWNING JIRA STORY: epic SV-8582 carries no TU Story-10 ticket and the spec's own Jira field reads TBD; epic key used and FLAGGED)
TU-DAY-01,C30418,https://shopview.testrail.io/index.php?/cases/view/30418,TU,TU — Per-Day Breakdown,Each technician row has an accessible expand/collapse control,61,WEAK-KEEP,Accessible-name wording of the chevron; one-time a11y check.,SENSIBLE,"Cold-read PASS: preconditions reachable (seeding stated where needed), steps executable in order, expected follows, no contradiction, every control spec-traceable, domain logic sound, pass/fail observable.",PASS,yes,,,SV-8651 (specs/technician-utilization.md S4-R1; S8-R12)
TU-DAY-02,C30419,https://shopview.testrail.io/index.php?/cases/view/30419,TU,TU — Per-Day Breakdown,"Expanding shows one row per clocked day in date order, loaded on demand",71,KEEP,Report-specific behavior contract (hours math / lost-labor / per-day breakdown / labels).,SENSIBLE,"Cold-read PASS: preconditions reachable (seeding stated where needed), steps executable in order, expected follows, no contradiction, every control spec-traceable, domain logic sound, pass/fail observable.",PASS,yes,,,SV-8651 (specs/technician-utilization.md S4-R2; S4-N1; S9-R4)
TU-DAY-03,C30420,https://shopview.testrail.io/index.php?/cases/view/30420,TU,TU — Per-Day Breakdown,Day rows use the same columns and formats as the technician rows,64,KEEP,Report-specific behavior contract (hours math / lost-labor / per-day breakdown / labels).,SENSIBLE,"Cold-read PASS: preconditions reachable (seeding stated where needed), steps executable in order, expected follows, no contradiction, every control spec-traceable, domain logic sound, pass/fail observable.",PASS,yes,,,SV-8651 (specs/technician-utilization.md S4-R3; S2-R8; §3)
TU-DAY-04,C30421,https://shopview.testrail.io/index.php?/cases/view/30421,TU,TU — Per-Day Breakdown,One control in the table header expands or collapses all technician rows,72,KEEP,Report-specific behavior contract (hours math / lost-labor / per-day breakdown / labels).,SENSIBLE,"Cold-read PASS: preconditions reachable (seeding stated where needed), steps executable in order, expected follows, no contradiction, every control spec-traceable, domain logic sound, pass/fail observable.",PASS,yes,,,SV-8651 (specs/technician-utilization.md S4-R4; S8-R12; S8-R3)
TU-DAY-05,C30422,https://shopview.testrail.io/index.php?/cases/view/30422,TU,TU — Per-Day Breakdown,Expansion state is view-only: it resets on any reload and fresh visit,69,KEEP,Report-specific behavior contract (hours math / lost-labor / per-day breakdown / labels).,SENSIBLE,"Cold-read PASS: preconditions reachable (seeding stated where needed), steps executable in order, expected follows, no contradiction, every control spec-traceable, domain logic sound, pass/fail observable.",PASS,yes,,,SV-8651 (specs/technician-utilization.md S4-R5)
TU-ELL-01,C30404,https://shopview.testrail.io/index.php?/cases/view/30404,TU,TU — Est. Lost Labor,Est. Lost Labor values internal hours at each location's default rate,69,KEEP,"Est. Lost Labor = per-location default labor rate x internal hours — the new calculator Chris called a ""highly sought-after Fabian ask"".",SENSIBLE,"Cold-read PASS: preconditions reachable (seeding stated where needed), steps executable in order, expected follows, no contradiction, every control spec-traceable, domain logic sound, pass/fail observable.",PASS,yes,,,SV-8649 (specs/technician-utilization.md S2-R8; S2-R9; §3)
TU-ELL-02,C30405,https://shopview.testrail.io/index.php?/cases/view/30405,TU,TU — Est. Lost Labor,"Est. Lost Labor, when shown, is pinned right and bold with the info icon",72,KEEP,Report-specific behavior contract (hours math / lost-labor / per-day breakdown / labels).,SENSIBLE,"Cold-read PASS: preconditions reachable (seeding stated where needed), steps executable in order, expected follows, no contradiction, every control spec-traceable, domain logic sound, pass/fail observable.",PASS,yes,,,"SV-8649 (TU spec v5 2026-07-29 S2-R10; S2-R11; S8-R4; S8-R6; S8-R7; S8-N1 — each re-worded ""When shown"" now that Est. Lost Labor is a hideable column; new Story 10 S10-R3)"
TU-ELL-03,C30406,https://shopview.testrail.io/index.php?/cases/view/30406,TU,TU — Est. Lost Labor,"Zero internal hours - or a configured $0.00 rate - shows $0.00, never an em-dash",80,KEEP,Report-specific behavior contract (hours math / lost-labor / per-day breakdown / labels).,SENSIBLE,"Cold-read PASS: preconditions reachable (seeding stated where needed), steps executable in order, expected follows, no contradiction, every control spec-traceable, domain logic sound, pass/fail observable.",PASS,yes,,,SV-8649 (specs/technician-utilization.md S2-E2; §5 Assumptions; S2 context note)
TU-ELL-04,C30407,https://shopview.testrail.io/index.php?/cases/view/30407,TU,TU — Est. Lost Labor,Internal hours with no default labor rate anywhere show an em-dash,66,KEEP,Report-specific behavior contract (hours math / lost-labor / per-day breakdown / labels).,SENSIBLE,"Cold-read PASS: preconditions reachable (seeding stated where needed), steps executable in order, expected follows, no contradiction, every control spec-traceable, domain logic sound, pass/fail observable.",PASS,yes,,,SV-8649 (specs/technician-utilization.md S2-E3; S8-R11; S2-R4)
TU-ELL-05,C30408,https://shopview.testrail.io/index.php?/cases/view/30408,TU,TU — Est. Lost Labor,Internal hours split across rated and unrated locations show a part value,73,KEEP,Report-specific behavior contract (hours math / lost-labor / per-day breakdown / labels).,SENSIBLE,"Cold-read PASS: preconditions reachable (seeding stated where needed), steps executable in order, expected follows, no contradiction, every control spec-traceable, domain logic sound, pass/fail observable.",PASS,yes,,,SV-8649 (specs/technician-utilization.md S2-E4)
TU-EXP-01,C30434,https://shopview.testrail.io/index.php?/cases/view/30434,TU,TU — Exports,"Three-dot menu is leftmost, then Column Selection; three download options",73,KEEP,Export content/behavior contract (what is in the file / when it is refused) — distinct observable outcome.,SENSIBLE,"Cold-read PASS: preconditions reachable (seeding stated where needed), steps executable in order, expected follows, no contradiction, every control spec-traceable, domain logic sound, pass/fail observable.",PASS,yes,,,"SV-8654 (TU spec v5 2026-07-29 S7-R1; S7-R2; S7-R3; S7-R4; S8-R2 — S8-R2 now adds ""followed by the Column Selection control"")"
TU-EXP-02,C30435,https://shopview.testrail.io/index.php?/cases/view/30435,TU,TU — Exports,The Summary PDF holds the technician rows plus the Summary,58,KEEP,Export content/behavior contract (what is in the file / when it is refused) — distinct observable outcome.,SENSIBLE,"Cold-read PASS: preconditions reachable (seeding stated where needed), steps executable in order, expected follows, no contradiction, every control spec-traceable, domain logic sound, pass/fail observable.",PASS,yes,,,SV-8654 (specs/technician-utilization.md S7-R5; S7-R6; S7-R12)
TU-EXP-03,C30436,https://shopview.testrail.io/index.php?/cases/view/30436,TU,TU — Exports,"The CSV is always summary-level, quotes comma-containing values",63,KEEP,Export content/behavior contract (what is in the file / when it is refused) — distinct observable outcome.,SENSIBLE,"Cold-read PASS: preconditions reachable (seeding stated where needed), steps executable in order, expected follows, no contradiction, every control spec-traceable, domain logic sound, pass/fail observable.",PASS,yes,,,SV-8654 (specs/technician-utilization.md S7-R7; S7-R10; S7-R12)
TU-EXP-04,C30437,https://shopview.testrail.io/index.php?/cases/view/30437,TU,TU — Exports,"Downloads cover only selected technicians, locations, and date range",68,KEEP,Export content/behavior contract (what is in the file / when it is refused) — distinct observable outcome.,SENSIBLE,"Cold-read PASS: preconditions reachable (seeding stated where needed), steps executable in order, expected follows, no contradiction, every control spec-traceable, domain logic sound, pass/fail observable.",PASS,yes,,,SV-8654 (TU spec v5 2026-07-29 S7-R8; S7-R9; S7-R10; S7-E1; S9-R8 — S7-R10 now says the downloads include the columns currently shown; mirroring the column selector)
TU-EXP-05,C30438,https://shopview.testrail.io/index.php?/cases/view/30438,TU,TU — Exports,Downloads always order rows Technician A to Z; the on-screen sort is ignored,76,KEEP,Export content/behavior contract (what is in the file / when it is refused) — distinct observable outcome.,SENSIBLE,"Cold-read PASS: preconditions reachable (seeding stated where needed), steps executable in order, expected follows, no contradiction, every control spec-traceable, domain logic sound, pass/fail observable.",PASS,yes,,,SV-8654 (specs/technician-utilization.md S7-R10; S7-R10a)
TU-EXP-06,C30439,https://shopview.testrail.io/index.php?/cases/view/30439,TU,TU — Exports,"PDF logo: the uploaded logo, else the bundled ShopView logo; CSV never",70,KEEP,Export content/behavior contract (what is in the file / when it is refused) — distinct observable outcome.,SENSIBLE,"Cold-read PASS: preconditions reachable (seeding stated where needed), steps executable in order, expected follows, no contradiction, every control spec-traceable, domain logic sound, pass/fail observable.",PASS,yes,,,SV-8654 (TU spec v5 2026-07-29 S7-R11; S7-N2; S7-N3 — logo now resolved by the shared resolver: the organization's uploaded logo; else the bundled ShopView default)
TU-EXP-07,C30440,https://shopview.testrail.io/index.php?/cases/view/30440,TU,TU — Exports,Choosing a download with no technician selected is a silent no-op,65,KEEP,Export content/behavior contract (what is in the file / when it is refused) — distinct observable outcome.,SENSIBLE,"Cold-read PASS: preconditions reachable (seeding stated where needed), steps executable in order, expected follows, no contradiction, every control spec-traceable, domain logic sound, pass/fail observable.",PASS,yes,,,SV-8654 (specs/technician-utilization.md S7-N1; §7 context note)
TU-EXP-08,C30441,https://shopview.testrail.io/index.php?/cases/view/30441,TU,TU — Exports,A starting download notifies; a failed one shows the failure message,68,WEAK-KEEP,"Verbatim toast texts (""Download started""/""Failed to download report""); string conformance.",SENSIBLE,"Cold-read PASS: preconditions reachable (seeding stated where needed), steps executable in order, expected follows, no contradiction, every control spec-traceable, domain logic sound, pass/fail observable.",PASS,yes,,,SV-8654 (specs/technician-utilization.md Story 7 Error Handling; §7)
TU-EXP-09,C38887,https://shopview.testrail.io/index.php?/cases/view/38887,TU,TU — Exports,An over-cap Technician Utilization export is refused with the too-large message,79,KEEP,Over-cap export refusal for TU (same per-report count-callable argument). Also the coverage Chris's Q3=A ruling created: the TU spec page never carried a cap.,SENSIBLE,"Cold-read PASS 2026-07-31: preconditions reachable (seeding named where needed), steps executable in order, expected follows from the steps, no internal contradiction, every control traceable to the spec or the driving story, domain logic sound, pass/fail observable by a non-technical tester.",PASS,yes,,,SV-8654 (specs/technician-utilization.md Story 7 exports — spec silent on a cap; tech-plan-2026-07-29 A3/FR-F4: suite-wide 10; 000-row export cap; locked by Chris 2026-07-21)
TU-HRS-02,C30401,https://shopview.testrail.io/index.php?/cases/view/30401,TU,TU — Hours & Utilization,"Headers in fixed order; Total, WO and Internal Hours show clocked hours (2 dp)",78,KEEP,Report-specific behavior contract (hours math / lost-labor / per-day breakdown / labels).,SENSIBLE,"Cold-read PASS: preconditions reachable (seeding stated where needed), steps executable in order, expected follows, no contradiction, every control spec-traceable, domain logic sound, pass/fail observable.",PASS,yes,,,SV-8649 (specs/technician-utilization.md S2-R1; S2-R2; S2-R3; S2-R4; S2-R5; §3)
TU-HRS-03,C30402,https://shopview.testrail.io/index.php?/cases/view/30402,TU,TU — Hours & Utilization,Utilization % is WO hours over total hours from unrounded values,64,KEEP,Report-specific behavior contract (hours math / lost-labor / per-day breakdown / labels).,SENSIBLE,"Cold-read PASS: preconditions reachable (seeding stated where needed), steps executable in order, expected follows, no contradiction, every control spec-traceable, domain logic sound, pass/fail observable.",PASS,yes,,,SV-8649 (specs/technician-utilization.md S2-R6; S2-R7; §3)
TU-HRS-04,C30403,https://shopview.testrail.io/index.php?/cases/view/30403,TU,TU — Hours & Utilization,A technician with only internal hours shows 0.0% utilization,60,KEEP,Report-specific behavior contract (hours math / lost-labor / per-day breakdown / labels).,SENSIBLE,"Cold-read PASS: preconditions reachable (seeding stated where needed), steps executable in order, expected follows, no contradiction, every control spec-traceable, domain logic sound, pass/fail observable.",PASS,yes,,,SV-8649 (specs/technician-utilization.md S2-E1; S2-R7; S2 context note)
TU-LINK-01,C30428,https://shopview.testrail.io/index.php?/cases/view/30428,TU,TU — Deep Links,Total Hours is a real link with a non-color affordance and keyboard access,74,KEEP,Drill-through/link target contract — the PO walked these hyperlinks on the video as a key feature.,SENSIBLE,"Cold-read PASS: preconditions reachable (seeding stated where needed), steps executable in order, expected follows, no contradiction, every control spec-traceable, domain logic sound, pass/fail observable.",PASS,yes,,,SV-8653 (specs/technician-utilization.md S6-R1; S6-N1; S8-R14)
TU-LINK-02,C30429,https://shopview.testrail.io/index.php?/cases/view/30429,TU,TU — Deep Links,The Total Hours link opens Timesheet Activities in the same tab,63,KEEP,Drill-through/link target contract — the PO walked these hyperlinks on the video as a key feature.,SENSIBLE,"Cold-read PASS: preconditions reachable (seeding stated where needed), steps executable in order, expected follows, no contradiction, every control spec-traceable, domain logic sound, pass/fail observable.",PASS,yes,,,SV-8653 (specs/technician-utilization.md S6-R2; S6-R3; S6-R4)
TU-LINK-03,C30430,https://shopview.testrail.io/index.php?/cases/view/30430,TU,TU — Deep Links,"Same range, single location, closed records: Total Hours matches Timesheet",74,KEEP,Cross-report reconciliation to the cent vs Timesheet Activities — defines when a mismatch IS a defect.,SENSIBLE,"was FIX-WORDING in the 2026-07-28 audit; repaired and pushed the same day (see reconciliation-2026-07-28/testrail-execution-log-2026-07-28.md) - original finding: Title/Expected say the totals ""reconcile to the cent"" — the compared totals are HOURS (two decimals), not currency; reword to ""match exactly, to two d",PASS,yes,,,SV-8648 (specs/technician-utilization.md S1-R9; §2; §5 Assumptions)
TU-LINK-04,C30431,https://shopview.testrail.io/index.php?/cases/view/30431,TU,TU — Deep Links,Reconcile exception (a): an open clock is snapshotted at each load instant,74,KEEP,Open-clock snapshot exception — prevents false bug reports on a known legitimate difference.,SENSIBLE,"Cold-read PASS: preconditions reachable (seeding stated where needed), steps executable in order, expected follows, no contradiction, every control spec-traceable, domain logic sound, pass/fail observable.",PASS,yes,,,SV-8648 (specs/technician-utilization.md S1-R9(a); S1-E1)
TU-LINK-05,C30432,https://shopview.testrail.io/index.php?/cases/view/30432,TU,TU — Deep Links,Reconciliation exception (b): the link passes no location,57,KEEP,Link passes no location — documents a real user-visible discrepancy so testers do not misfile it.,SENSIBLE,"Cold-read PASS: preconditions reachable (seeding stated where needed), steps executable in order, expected follows, no contradiction, every control spec-traceable, domain logic sound, pass/fail observable.",PASS,yes,,,SV-8653 (specs/technician-utilization.md S6-R6; S1-R9(b))
TU-LINK-06,C30433,https://shopview.testrail.io/index.php?/cases/view/30433,TU,TU — Deep Links,A day row's Total Hours links to that technician's single-day timesheet,71,KEEP,Drill-through/link target contract — the PO walked these hyperlinks on the video as a key feature.,SENSIBLE,"Cold-read PASS: preconditions reachable (seeding stated where needed), steps executable in order, expected follows, no contradiction, every control spec-traceable, domain logic sound, pass/fail observable.",PASS,yes,,,SV-8653 (specs/technician-utilization.md S6-R5)
TU-LOC-01,C30442,https://shopview.testrail.io/index.php?/cases/view/30442,TU,TU — Location Filter,The Location filter is the rightmost multi-select; All Locations = select-all,77,KEEP,Location scoping/fallback contract — includes the accessible-locations security boundary.,SENSIBLE,"Cold-read PASS: preconditions reachable (seeding stated where needed), steps executable in order, expected follows, no contradiction, every control spec-traceable, domain logic sound, pass/fail observable. [NOTE: this case was video-edited concurrently (commit 3bd08a7) — this sense verdict applies to the PRE-EDIT text; re-check after the video edits land.]",PASS,yes,,,SV-8656 (specs/technician-utilization.md S9-R1 — per-row location identifier in All-Locations view ADDED per kickoff video P10 40:58-41:20; user ruling 2026-07-28: video overrides spec (video newer; last-update-wins))
TU-LOC-02,C30443,https://shopview.testrail.io/index.php?/cases/view/30443,TU,TU — Location Filter,Location changes reload with hours pooled into one row per technician,69,KEEP,Location scoping/fallback contract — includes the accessible-locations security boundary.,SENSIBLE,"Cold-read PASS: preconditions reachable (seeding stated where needed), steps executable in order, expected follows, no contradiction, every control spec-traceable, domain logic sound, pass/fail observable.",PASS,yes,,,SV-8656 (specs/technician-utilization.md S9-R3; S9-R4; S9-R5 + on-screen location-scope indicator per Chris Ward group message 2026-07-29 (chris-update-2026-07-29/chris-message-2026-07-29.md; NEWEST source; last-update-wins))
TU-LOC-03,C30444,https://shopview.testrail.io/index.php?/cases/view/30444,TU,TU — Location Filter,The saved location selection restores defensively; bad ones are dropped,71,KEEP,Location scoping/fallback contract — includes the accessible-locations security boundary.,SENSIBLE,"Cold-read PASS: preconditions reachable (seeding stated where needed), steps executable in order, expected follows, no contradiction, every control spec-traceable, domain logic sound, pass/fail observable.",PASS,yes,,,SV-8656 (specs/technician-utilization.md S9-R6; S1-R8; S9-R2)
TU-LOC-04,C30445,https://shopview.testrail.io/index.php?/cases/view/30445,TU,TU — Location Filter,Deselecting every location falls back to the active location,60,KEEP,Location scoping/fallback contract — includes the accessible-locations security boundary.,SENSIBLE,"Cold-read PASS: preconditions reachable (seeding stated where needed), steps executable in order, expected follows, no contradiction, every control spec-traceable, domain logic sound, pass/fail observable.",PASS,yes,,,SV-8656 (specs/technician-utilization.md S9-R7)
TU-LOC-05,C30446,https://shopview.testrail.io/index.php?/cases/view/30446,TU,TU — Location Filter,Technician Utilization: Location filter hidden for a one-location user,70,WEAK-KEEP,Single-location-still-sees-filter: contradicted by pending video P33; may invert.,SENSIBLE,"Cold-read PASS: preconditions reachable (seeding stated where needed), steps executable in order, expected follows, no contradiction, every control spec-traceable, domain logic sound, pass/fail observable. [NOTE: this case was video-edited concurrently (commit 3bd08a7) — this sense verdict applies to the PRE-EDIT text; re-check after the video edits land.]",PASS,yes,,,"SV-8656 (TU spec S9-N1 — RULED HIDDEN by Chris Ward answer 2026-07-31 Q1=A ""classic spec drift""; the S9-N1 ""still sees the filter"" note is stale; spec edit pending)"
TU-LOC-06,C38915,https://shopview.testrail.io/index.php?/cases/view/38915,TU,TU — Location Filter,The Location column shows only with more than one location; Summary row blank,77,KEEP,Per-row Location column for TU: the Summary row's Location cell is BLANK - a distinct rule none of the others assert.,SENSIBLE,"Cold-read PASS 2026-07-31: preconditions reachable (seeding named where needed), steps executable in order, expected follows from the steps, no internal contradiction, every control traceable to the spec or the driving story, domain logic sound, pass/fail observable by a non-technical tester.",PASS,yes,,,"SV-8656 (TU spec v5 2026-07-29 S9-R9; S9-R10; S8-R15; S10-R4 — per-row Location column; leftmost before Technician; ""Multiple"" on a spanning row; Summary row blank; never in the selector)"
TU-NAV-01,C30392,https://shopview.testrail.io/index.php?/cases/view/30392,TU,TU — Access & Display,"Technician Utilization sits under Performance, below existing report links",74,KEEP,Navigation/entry contract — additive placement was an explicit PO instruction on the video.,SENSIBLE,"Cold-read PASS: preconditions reachable (seeding stated where needed), steps executable in order, expected follows, no contradiction, every control spec-traceable, domain logic sound, pass/fail observable. [NOTE: this case was video-edited concurrently (commit 3bd08a7) — this sense verdict applies to the PRE-EDIT text; re-check after the video edits land.]",PASS,yes,,,SV-8648 (TU spec S1-R1 — below the named anchor items [Sales; Technician Efficiency; Advisor Analysis; Shop Efficiency] per PRD video 2026-07-30 01:18-02:05; refines video P3 [newest-wins])
TU-NAV-02,C30393,https://shopview.testrail.io/index.php?/cases/view/30393,TU,TU — Access & Display,One row per technician who clocked time in the range at those locations,71,KEEP,Contributor rule: exactly one row per technician who clocked time in scope.,SENSIBLE,"Cold-read PASS: preconditions reachable (seeding stated where needed), steps executable in order, expected follows, no contradiction, every control spec-traceable, domain logic sound, pass/fail observable.",PASS,yes,,,SV-8648 (specs/technician-utilization.md S1-R2)
TU-NAV-03,C30394,https://shopview.testrail.io/index.php?/cases/view/30394,TU,TU — Access & Display,First visit defaults to the This Month preset and the user's active location,76,KEEP,"First-visit defaults (This Month, active location).",SENSIBLE,"Cold-read PASS: preconditions reachable (seeding stated where needed), steps executable in order, expected follows, no contradiction, every control spec-traceable, domain logic sound, pass/fail observable.",PASS,yes,,,SV-8648 (specs/technician-utilization.md S1-R3; S9-R2)
TU-NAV-04,C30395,https://shopview.testrail.io/index.php?/cases/view/30395,TU,TU — Access & Display,Changing the date range reloads the rows; a Custom range is capped at 366 days,78,KEEP,Date-range reload + 366-day Custom cap.,SENSIBLE,"Cold-read PASS: preconditions reachable (seeding stated where needed), steps executable in order, expected follows, no contradiction, every control spec-traceable, domain logic sound, pass/fail observable.",PASS,yes,,,SV-8648 (specs/technician-utilization.md S1-R4; S1-R5)
TU-NAV-05,C30396,https://shopview.testrail.io/index.php?/cases/view/30396,TU,TU — Access & Display,The loading indicator shows on load and reload; rows swap only on data,70,WEAK-KEEP,"Loading indicator/toolbar-interactive; framework behavior, verify once.",SENSIBLE,"Cold-read PASS: preconditions reachable (seeding stated where needed), steps executable in order, expected follows, no contradiction, every control spec-traceable, domain logic sound, pass/fail observable.",PASS,yes,,,SV-8648 (specs/technician-utilization.md S1-R10)
TU-NAV-06,C30397,https://shopview.testrail.io/index.php?/cases/view/30397,TU,TU — Access & Display,All clock records are day-grouped and windowed in one report-level time zone,76,KEEP,Timezone/day-grouping contract incl. cross-midnight record splitting — real calculation behavior.,SENSIBLE,"Cold-read PASS: preconditions reachable (seeding stated where needed), steps executable in order, expected follows, no contradiction, every control spec-traceable, domain logic sound, pass/fail observable.",PASS,yes,,,SV-8648 (specs/technician-utilization.md S1-R7; S1 context notes)
TU-NAV-07,C30398,https://shopview.testrail.io/index.php?/cases/view/30398,TU,TU — Access & Display,Without the timesheet-reports permission Technician Utilization is hidden,73,KEEP,Negative permission gate on navigation (timesheet-reports permission).,SENSIBLE,"Cold-read PASS: preconditions reachable (seeding stated where needed), steps executable in order, expected follows, no contradiction, every control spec-traceable, domain logic sound, pass/fail observable.",PASS,yes,,,SV-8648 (specs/technician-utilization.md S1-N1)
TU-NAV-08,C30399,https://shopview.testrail.io/index.php?/cases/view/30399,TU,TU — Access & Display,Standard no-data message when no time in scope or all technicians cleared,73,KEEP,Navigation/entry contract — additive placement was an explicit PO instruction on the video.,SENSIBLE,"Cold-read PASS: preconditions reachable (seeding stated where needed), steps executable in order, expected follows, no contradiction, every control spec-traceable, domain logic sound, pass/fail observable.",PASS,yes,,,SV-8648 (specs/technician-utilization.md S1-N2; S9-N2; S5-N1; S3-N1; §7)
TU-SORT-01,C30409,https://shopview.testrail.io/index.php?/cases/view/30409,TU,TU — Sorting,On load rows sort by Technician A to Z with the ascending indicator,67,KEEP,"Sorting contract (default/direction/null placement/scope) — spec-defined, observable, distinct.",SENSIBLE,"Cold-read PASS: preconditions reachable (seeding stated where needed), steps executable in order, expected follows, no contradiction, every control spec-traceable, domain logic sound, pass/fail observable.",PASS,yes,,,SV-8649 (specs/technician-utilization.md S2-R12; S8-R8; S8-R10)
TU-SORT-02,C30410,https://shopview.testrail.io/index.php?/cases/view/30410,TU,TU — Sorting,"All six columns sort on screen: ascending first, toggling with no third state",77,KEEP,"Sorting contract (default/direction/null placement/scope) — spec-defined, observable, distinct.",SENSIBLE,"Cold-read PASS: preconditions reachable (seeding stated where needed), steps executable in order, expected follows, no contradiction, every control spec-traceable, domain logic sound, pass/fail observable.",PASS,yes,,,SV-8649 (specs/technician-utilization.md S2-R13; S2-R14)
TU-SORT-03,C30411,https://shopview.testrail.io/index.php?/cases/view/30411,TU,TU — Sorting,A data reload resets the sort to Technician A to Z,50,KEEP,"Sorting contract (default/direction/null placement/scope) — spec-defined, observable, distinct.",SENSIBLE,"Cold-read PASS: preconditions reachable (seeding stated where needed), steps executable in order, expected follows, no contradiction, every control spec-traceable, domain logic sound, pass/fail observable.",PASS,yes,,,SV-8649 (specs/technician-utilization.md S2-R15; §3)
TU-SORT-04,C30412,https://shopview.testrail.io/index.php?/cases/view/30412,TU,TU — Sorting,Sorting reorders only the technician rows,41,KEEP,"Sorting contract (default/direction/null placement/scope) — spec-defined, observable, distinct.",SENSIBLE,"Cold-read PASS: preconditions reachable (seeding stated where needed), steps executable in order, expected follows, no contradiction, every control spec-traceable, domain logic sound, pass/fail observable.",PASS,yes,,,SV-8649 (specs/technician-utilization.md S2-R16)
TU-SORT-05,C30413,https://shopview.testrail.io/index.php?/cases/view/30413,TU,TU — Sorting,Sorting Est. Lost Labor keeps em-dash rows last both ways; $0.00 sorts as 0,75,KEEP,"Sorting contract (default/direction/null placement/scope) — spec-defined, observable, distinct.",SENSIBLE,"Cold-read PASS: preconditions reachable (seeding stated where needed), steps executable in order, expected follows, no contradiction, every control spec-traceable, domain logic sound, pass/fail observable.",PASS,yes,,,SV-8649 (specs/technician-utilization.md S2-R17)
TU-SUM-01,C30414,https://shopview.testrail.io/index.php?/cases/view/30414,TU,TU — Summary,"A pinned Summary row labeled Summary sits at the bottom, stays visible on scroll",80,KEEP,Totals/summary aggregation contract over the full filtered set — catches real aggregation bugs.,SENSIBLE,"Cold-read PASS: preconditions reachable (seeding stated where needed), steps executable in order, expected follows, no contradiction, every control spec-traceable, domain logic sound, pass/fail observable.",PASS,yes,,,SV-8650 (specs/technician-utilization.md S3-R1; S3-R2; S3-R6; S3-R7; S8-R5)
TU-SUM-02,C30415,https://shopview.testrail.io/index.php?/cases/view/30415,TU,TU — Summary,Summary totals visible technicians from unrounded hours; 0.01 drift expected,76,KEEP,Totals/summary aggregation contract over the full filtered set — catches real aggregation bugs.,SENSIBLE,"was FIX-WORDING in the 2026-07-28 audit; repaired and pushed the same day (see reconciliation-2026-07-28/testrail-execution-log-2026-07-28.md) - original finding: Expected says eye-summing ""MAY differ from the displayed Summary by a cent"" — the values are HOURS, not money; say ""by 0.01 (one unit in the last deci",PASS,yes,,,SV-8650 (specs/technician-utilization.md S3-R3; §3 context note; S5-E1)
TU-SUM-03,C30416,https://shopview.testrail.io/index.php?/cases/view/30416,TU,TU — Summary,Summary Utilization % is the weighted rate; not an average of the rows,70,KEEP,Weighted utilization (not average of percentages) — a classic real-world calc bug this would catch.,SENSIBLE,"Cold-read PASS: preconditions reachable (seeding stated where needed), steps executable in order, expected follows, no contradiction, every control spec-traceable, domain logic sound, pass/fail observable.",PASS,yes,,,SV-8650 (specs/technician-utilization.md S3-R4)
TU-SUM-04,C30417,https://shopview.testrail.io/index.php?/cases/view/30417,TU,TU — Summary,Summary Est. Lost Labor sums rated contributions; em-dash only if all are,73,KEEP,Totals/summary aggregation contract over the full filtered set — catches real aggregation bugs.,SENSIBLE,"Cold-read PASS: preconditions reachable (seeding stated where needed), steps executable in order, expected follows, no contradiction, every control spec-traceable, domain logic sound, pass/fail observable.",PASS,yes,,,SV-8650 (specs/technician-utilization.md S3-R5)
TU-TECH-01,C30423,https://shopview.testrail.io/index.php?/cases/view/30423,TU,TU — Technician Filter,Filter by Technician starts with every technician selected on a first visit,75,KEEP,Filter data-effect contract — changes which rows/totals appear; failures are real.,SENSIBLE,"Cold-read PASS: preconditions reachable (seeding stated where needed), steps executable in order, expected follows, no contradiction, every control spec-traceable, domain logic sound, pass/fail observable.",PASS,yes,,,SV-8652 (specs/technician-utilization.md S5-R1; S5-R2)
TU-TECH-02,C30424,https://shopview.testrail.io/index.php?/cases/view/30424,TU,TU — Technician Filter,Deselecting a technician hides the row and recalculates the Summary,67,KEEP,Filter data-effect contract — changes which rows/totals appear; failures are real.,SENSIBLE,"Cold-read PASS: preconditions reachable (seeding stated where needed), steps executable in order, expected follows, no contradiction, every control spec-traceable, domain logic sound, pass/fail observable.",PASS,yes,,,SV-8652 (specs/technician-utilization.md S5-R3; S5-R4; S5-R5; §3; S5 context note)
TU-TECH-03,C30425,https://shopview.testrail.io/index.php?/cases/view/30425,TU,TU — Technician Filter,Select all and Clear all controls set every technician on or off,64,KEEP,Filter data-effect contract — changes which rows/totals appear; failures are real.,SENSIBLE,"Cold-read PASS: preconditions reachable (seeding stated where needed), steps executable in order, expected follows, no contradiction, every control spec-traceable, domain logic sound, pass/fail observable.",PASS,yes,,,SV-8652 (specs/technician-utilization.md S5-R6; S5-R7; S5-R8; S5-R9)
TU-TECH-04,C30426,https://shopview.testrail.io/index.php?/cases/view/30426,TU,TU — Technician Filter,Previously deselected technicians stay deselected on the next visit,67,KEEP,Filter data-effect contract — changes which rows/totals appear; failures are real.,SENSIBLE,"Cold-read PASS: preconditions reachable (seeding stated where needed), steps executable in order, expected follows, no contradiction, every control spec-traceable, domain logic sound, pass/fail observable.",PASS,yes,,,SV-8652 (specs/technician-utilization.md S5-R10; S1-R8; §3)
TU-VIS-01,C30447,https://shopview.testrail.io/index.php?/cases/view/30447,TU,TU — Visual & Accessibility,All-white table with no row shading; toolbar controls in the fixed order,72,WEAK-KEEP,"All-white table / toolbar order; cosmetic, verify once.",SENSIBLE,"Cold-read PASS: preconditions reachable (seeding stated where needed), steps executable in order, expected follows, no contradiction, every control spec-traceable, domain logic sound, pass/fail observable.",PASS,yes,,,SV-8655 (TU spec v5 2026-07-29 S8-R1; S8-R2; S8-R3 — toolbar order rewritten: Column Selection inserted after the three-dot menu; and the date-range picker now precedes the technician filter)
TU-VIS-02,C30448,https://shopview.testrail.io/index.php?/cases/view/30448,TU,TU — Visual & Accessibility,Dark mode keeps every report element legible,44,WEAK-KEEP,Dark mode legibility + 3:1 contrast (tooling); one-time check.,SENSIBLE,"Cold-read PASS: preconditions reachable (seeding stated where needed), steps executable in order, expected follows, no contradiction, every control spec-traceable, domain logic sound, pass/fail observable.",PASS,yes,,,SV-8655 (specs/technician-utilization.md S8-R9; S8-R13; S8-R14)
WIP-API-01,C30528,https://shopview.testrail.io/index.php?/cases/view/30528,WIP,WIP — API,Nightly snapshot records one row per then-open job per calendar date,68,KEEP,Server-side contract (pagination/sort/snapshot/enforcement) — placed in an API section per Rule 4; verifiable via network tab/DB; failures are real defects.,SENSIBLE,"Cold-read PASS: preconditions reachable (seeding stated where needed), steps executable in order, expected follows, no contradiction, every control spec-traceable, domain logic sound, pass/fail observable.",PASS,yes,,,SV-8667 (specs/wip-work-in-progress.md Story 11 S11-R1; tech-plan-2026-07-29 B1.2 (idempotent re-run — WIP spec Story 11 is silent on re-runs))
WIP-API-02,C30529,https://shopview.testrail.io/index.php?/cases/view/30529,WIP,WIP — API,Each snapshot row captures the WO; status; money; location and the date,71,KEEP,Server-side contract (pagination/sort/snapshot/enforcement) — placed in an API section per Rule 4; verifiable via network tab/DB; failures are real defects.,SENSIBLE,"Cold-read PASS: preconditions reachable (seeding stated where needed), steps executable in order, expected follows, no contradiction, every control spec-traceable, domain logic sound, pass/fail observable.",PASS,yes,,,SV-8667 (specs/wip-work-in-progress.md Story 11 S11-R2)
WIP-API-03,C30530,https://shopview.testrail.io/index.php?/cases/view/30530,WIP,WIP — API,Captured Earned and Remaining use the same maths as the on-screen report,72,KEEP,Server-side contract (pagination/sort/snapshot/enforcement) — placed in an API section per Rule 4; verifiable via network tab/DB; failures are real defects.,SENSIBLE,"Cold-read PASS: preconditions reachable (seeding stated where needed), steps executable in order, expected follows, no contradiction, every control spec-traceable, domain logic sound, pass/fail observable.",PASS,yes,,,SV-8667 (specs/wip-work-in-progress.md Story 11 S11-R3)
WIP-API-04,C30531,https://shopview.testrail.io/index.php?/cases/view/30531,WIP,WIP — API,Nightly snapshot spans every location with no user location filter,66,KEEP,Server-side contract (pagination/sort/snapshot/enforcement) — placed in an API section per Rule 4; verifiable via network tab/DB; failures are real defects.,SENSIBLE,"Cold-read PASS: preconditions reachable (seeding stated where needed), steps executable in order, expected follows, no contradiction, every control spec-traceable, domain logic sound, pass/fail observable.",PASS,yes,,,SV-8667 (specs/wip-work-in-progress.md Story 11 S11-R4; Story 2 S2-R1 (first two conditions))
WIP-API-05,C30532,https://shopview.testrail.io/index.php?/cases/view/30532,WIP,WIP — API,Nightly snapshot: captured dollar values are stored to the cent,63,KEEP,Server-side contract (pagination/sort/snapshot/enforcement) — placed in an API section per Rule 4; verifiable via network tab/DB; failures are real defects.,SENSIBLE,"Cold-read PASS: preconditions reachable (seeding stated where needed), steps executable in order, expected follows, no contradiction, every control spec-traceable, domain logic sound, pass/fail observable.",PASS,yes,,,SV-8667 (specs/wip-work-in-progress.md Story 11 S11-R5)
WIP-API-06,C30533,https://shopview.testrail.io/index.php?/cases/view/30533,WIP,WIP — API,Nightly snapshot: a job with nothing approved is captured at $0.00; not skipped,79,KEEP,Server-side contract (pagination/sort/snapshot/enforcement) — placed in an API section per Rule 4; verifiable via network tab/DB; failures are real defects.,SENSIBLE,"Cold-read PASS: preconditions reachable (seeding stated where needed), steps executable in order, expected follows, no contradiction, every control spec-traceable, domain logic sound, pass/fail observable.",PASS,yes,,,SV-8667 (specs/wip-work-in-progress.md Story 11 S11-R6; Story 4 S4-E1)
WIP-CALC-01,C30474,https://shopview.testrail.io/index.php?/cases/view/30474,WIP,WIP — Earned & Remaining,Money columns show US dollars to two decimals with thousands separators,71,KEEP,"Calculation contract with a worked example; a failure is a real, reportable money/hours bug.",SENSIBLE,"Cold-read PASS: preconditions reachable (seeding stated where needed), steps executable in order, expected follows, no contradiction, every control spec-traceable, domain logic sound, pass/fail observable.",PASS,yes,,,SV-8660 (specs/wip-work-in-progress.md Story 4 S4-R14)
WIP-CALC-02,C30475,https://shopview.testrail.io/index.php?/cases/view/30475,WIP,WIP — Earned & Remaining,Labor Earned is the clocked share of each approved line's quoted value,70,KEEP,"Calculation contract with a worked example; a failure is a real, reportable money/hours bug.",SENSIBLE,"Cold-read PASS: preconditions reachable (seeding stated where needed), steps executable in order, expected follows, no contradiction, every control spec-traceable, domain logic sound, pass/fail observable.",PASS,yes,,,SV-8660 (specs/wip-work-in-progress.md Story 4 S4-R15; §4 Terminology (Earned))
WIP-CALC-03,C30476,https://shopview.testrail.io/index.php?/cases/view/30476,WIP,WIP — Earned & Remaining,Labor Remaining is the approved labor's quoted value minus Labor Earned,71,KEEP,"Calculation contract with a worked example; a failure is a real, reportable money/hours bug.",SENSIBLE,"Cold-read PASS: preconditions reachable (seeding stated where needed), steps executable in order, expected follows, no contradiction, every control spec-traceable, domain logic sound, pass/fail observable.",PASS,yes,,,SV-8660 (specs/wip-work-in-progress.md Story 4 S4-R16)
WIP-CALC-04,C30477,https://shopview.testrail.io/index.php?/cases/view/30477,WIP,WIP — Earned & Remaining,Parts Earned is the sell value of approved-line parts already received,70,KEEP,"Calculation contract with a worked example; a failure is a real, reportable money/hours bug.",SENSIBLE,"Cold-read PASS: preconditions reachable (seeding stated where needed), steps executable in order, expected follows, no contradiction, every control spec-traceable, domain logic sound, pass/fail observable.",PASS,yes,,,SV-8660 (specs/wip-work-in-progress.md Story 4 S4-R17)
WIP-CALC-05,C30478,https://shopview.testrail.io/index.php?/cases/view/30478,WIP,WIP — Earned & Remaining,Parts Remaining values the not-yet-received quantity at its sell price,70,KEEP,"Calculation contract with a worked example; a failure is a real, reportable money/hours bug.",SENSIBLE,"Cold-read PASS: preconditions reachable (seeding stated where needed), steps executable in order, expected follows, no contradiction, every control spec-traceable, domain logic sound, pass/fail observable.",PASS,yes,,,SV-8660 (specs/wip-work-in-progress.md Story 4 S4-R18)
WIP-CALC-06,C30479,https://shopview.testrail.io/index.php?/cases/view/30479,WIP,WIP — Earned & Remaining,Earned + Remaining make Total; not the WO's grand total,55,KEEP,"Total = Earned + Remaining, NOT the WO grand total — the report's central definitional contract.",SENSIBLE,"Cold-read PASS: preconditions reachable (seeding stated where needed), steps executable in order, expected follows, no contradiction, every control spec-traceable, domain logic sound, pass/fail observable.",PASS,yes,,,SV-8660 (specs/wip-work-in-progress.md Story 4 S4-R19; S4-R20; S4-R21; §3 Key Decisions)
WIP-CALC-07,C30480,https://shopview.testrail.io/index.php?/cases/view/30480,WIP,WIP — Earned & Remaining,Lines that are not yet approved contribute nothing to any money figure,70,KEEP,"Calculation contract with a worked example; a failure is a real, reportable money/hours bug.",SENSIBLE,"Cold-read PASS: preconditions reachable (seeding stated where needed), steps executable in order, expected follows, no contradiction, every control spec-traceable, domain logic sound, pass/fail observable.",PASS,yes,,,SV-8660 (WIP spec Story 4 S4-R15 verbatim 'summed across the work order's approved lines' + §2 Relationship to the work order; §4 Terminology Approved line)
WIP-CALC-08,C30481,https://shopview.testrail.io/index.php?/cases/view/30481,WIP,WIP — Earned & Remaining,Inv. Hrs shows quoted minus worked hours; signed to one decimal,63,KEEP,"Calculation contract with a worked example; a failure is a real, reportable money/hours bug.",SENSIBLE,"Cold-read PASS: preconditions reachable (seeding stated where needed), steps executable in order, expected follows, no contradiction, every control spec-traceable, domain logic sound, pass/fail observable.",PASS,yes,,,SV-8660 (specs/wip-work-in-progress.md Story 4 S4-R23; S4-R24; S4-E2)
WIP-CALC-09,C30482,https://shopview.testrail.io/index.php?/cases/view/30482,WIP,WIP — Earned & Remaining,An open estimate with no approved work shows $0.00 in every money column,72,KEEP,"Calculation contract with a worked example; a failure is a real, reportable money/hours bug.",SENSIBLE,"Cold-read PASS: preconditions reachable (seeding stated where needed), steps executable in order, expected follows, no contradiction, every control spec-traceable, domain logic sound, pass/fail observable.",PASS,yes,,,SV-8660 (specs/wip-work-in-progress.md Story 4 S4-E1; Story 2 S2-R4)
WIP-CALC-10,C38890,https://shopview.testrail.io/index.php?/cases/view/38890,WIP,WIP — Earned & Remaining,"A technician still clocked in counts toward Labor Earned, capped at the quote",77,KEEP,A RUNNING clock counts toward Labor Earned and is still capped at the quoted value. A distinct calculation edge no other WIP case drives.,SENSIBLE,"Cold-read PASS 2026-07-31: preconditions reachable (seeding named where needed), steps executable in order, expected follows from the steps, no internal contradiction, every control traceable to the spec or the driving story, domain logic sound, pass/fail observable by a non-technical tester.",PASS,yes,,,SV-8660 (specs/wip-work-in-progress.md Story 4 S4-R15; §4 Terminology (Earned) — spec silent on running clocks; tech-plan-2026-07-29 B1.2 open-clock policy)
WIP-COL-01,C30466,https://shopview.testrail.io/index.php?/cases/view/30466,WIP,WIP — Columns & Rows,"With all toggleable columns on, the fixed column order and alignment hold",73,KEEP,Column selector behavior contract (contents/effect/exports interaction).,SENSIBLE,"Cold-read PASS: preconditions reachable (seeding stated where needed), steps executable in order, expected follows, no contradiction, every control spec-traceable, domain logic sound, pass/fail observable.",PASS,yes,,,SV-8660 (WIP spec v6 2026-07-29 Story 4 S4-R1; S4-R3; S4-R4 — the Location column is no longer in the column selector; it shows automatically when more than one location is in scope)
WIP-COL-02,C30467,https://shopview.testrail.io/index.php?/cases/view/30467,WIP,WIP — Columns & Rows,First visit shows the default columns; the rest are in the column selector,74,KEEP,Column selector behavior contract (contents/effect/exports interaction).,SENSIBLE,"Cold-read PASS: preconditions reachable (seeding stated where needed), steps executable in order, expected follows, no contradiction, every control spec-traceable, domain logic sound, pass/fail observable.",PASS,yes,,,"SV-8660; SV-8664 (WIP spec v6 2026-07-29 Story 4 S4-R2; S4-R3 + Story 8 S8-R3; S8-R4 — S4-R3 verbatim: ""The Location column is not offered in the column selector; its visibility is automatic"")"
WIP-COL-03,C30468,https://shopview.testrail.io/index.php?/cases/view/30468,WIP,WIP — Columns & Rows,The WO # is a link that opens the WO in the same browser tab,60,KEEP,Column selector behavior contract (contents/effect/exports interaction).,SENSIBLE,"Cold-read PASS: preconditions reachable (seeding stated where needed), steps executable in order, expected follows, no contradiction, every control spec-traceable, domain logic sound, pass/fail observable.",PASS,yes,,,SV-8660 (specs/wip-work-in-progress.md Story 4 S4-R5 (+ context note))
WIP-COL-04,C30469,https://shopview.testrail.io/index.php?/cases/view/30469,WIP,WIP — Columns & Rows,Status shows as a color-coded badge whose label text is always present,70,KEEP,Column selector behavior contract (contents/effect/exports interaction).,SENSIBLE,"Cold-read PASS: preconditions reachable (seeding stated where needed), steps executable in order, expected follows, no contradiction, every control spec-traceable, domain logic sound, pass/fail observable.",PASS,yes,,,SV-8660 (specs/wip-work-in-progress.md Story 4 S4-R6; Story 10 S10-R8)
WIP-COL-05,C30470,https://shopview.testrail.io/index.php?/cases/view/30470,WIP,WIP — Columns & Rows,"Asset cell identifies the asset by VIN, falling back to Unit #, then plate",74,KEEP,Column selector behavior contract (contents/effect/exports interaction).,SENSIBLE,"Cold-read PASS: preconditions reachable (seeding stated where needed), steps executable in order, expected follows, no contradiction, every control spec-traceable, domain logic sound, pass/fail observable. [NOTE: this case was video-edited concurrently (commit 3bd08a7) — this sense verdict applies to the PRE-EDIT text; re-check after the video edits land.]",PASS,yes,,,SV-8660 (WIP spec Story 4 S4-R7; S4-R8; S4-R10 - identifier RE-RULED to the VIN chain (VIN -> Unit # -> plate); by Chris Ward answer 2026-07-29 [newest-wins]; supersedes video P24 serial ruling AND the spec's unit-number rule)
WIP-COL-06,C30471,https://shopview.testrail.io/index.php?/cases/view/30471,WIP,WIP — Columns & Rows,Customer shows the customer's company name,42,WEAK-KEEP,"Customer-name-or-blank; restates a default rendering, low value.",SENSIBLE,"Cold-read PASS: preconditions reachable (seeding stated where needed), steps executable in order, expected follows, no contradiction, every control spec-traceable, domain logic sound, pass/fail observable.",PASS,yes,,,SV-8660 (specs/wip-work-in-progress.md Story 4 S4-R11)
WIP-COL-07,C30472,https://shopview.testrail.io/index.php?/cases/view/30472,WIP,WIP — Columns & Rows,Days Open shows whole days since creation and reads 0 days / 1 days,67,KEEP,Column selector behavior contract (contents/effect/exports interaction).,SENSIBLE,"Cold-read PASS: preconditions reachable (seeding stated where needed), steps executable in order, expected follows, no contradiction, every control spec-traceable, domain logic sound, pass/fail observable.",PASS,yes,,,SV-8660 (specs/wip-work-in-progress.md Story 4 S4-R12; §2 Known Limitations (v1))
WIP-COL-08,C30473,https://shopview.testrail.io/index.php?/cases/view/30473,WIP,WIP — Columns & Rows,Last Activity shows Today; Xd ago; or an em-dash when there is none,67,KEEP,Column selector behavior contract (contents/effect/exports interaction).,SENSIBLE,"Cold-read PASS: preconditions reachable (seeding stated where needed), steps executable in order, expected follows, no contradiction, every control spec-traceable, domain logic sound, pass/fail observable.",PASS,yes,,,SV-8660 (specs/wip-work-in-progress.md Story 4 S4-R13)
WIP-EXP-01,C30510,https://shopview.testrail.io/index.php?/cases/view/30510,WIP,WIP — Exports,Work In Progress: a three-dot menu holds Download (PDF) and Download (CSV),74,KEEP,Export content/behavior contract (what is in the file / when it is refused) — distinct observable outcome.,SENSIBLE,"Cold-read PASS: preconditions reachable (seeding stated where needed), steps executable in order, expected follows, no contradiction, every control spec-traceable, domain logic sound, pass/fail observable.",PASS,yes,,,SV-8665 (specs/wip-work-in-progress.md Story 9 S9-R1)
WIP-EXP-02,C30511,https://shopview.testrail.io/index.php?/cases/view/30511,WIP,WIP — Exports,"Downloads keep shown columns, honor filters, include the tab's Totals row",73,KEEP,Export content/behavior contract (what is in the file / when it is refused) — distinct observable outcome.,SENSIBLE,"Cold-read PASS: preconditions reachable (seeding stated where needed), steps executable in order, expected follows, no contradiction, every control spec-traceable, domain logic sound, pass/fail observable.",PASS,yes,,,SV-8665 (specs/wip-work-in-progress.md Story 9 S9-R2; S9-R3; S9-R4 + Locations: line in every CSV/PDF export per Chris Ward group message 2026-07-29 (chris-update-2026-07-29/chris-message-2026-07-29.md; NEWEST source; last-update-wins))
WIP-EXP-03,C30512,https://shopview.testrail.io/index.php?/cases/view/30512,WIP,WIP — Exports,Downloaded money and Inv. Hrs values keep the on-screen formats,63,KEEP,Export content/behavior contract (what is in the file / when it is refused) — distinct observable outcome.,SENSIBLE,"Cold-read PASS: preconditions reachable (seeding stated where needed), steps executable in order, expected follows, no contradiction, every control spec-traceable, domain logic sound, pass/fail observable.",PASS,yes,,,SV-8665 (specs/wip-work-in-progress.md Story 9 S9-R5; S9-R6)
WIP-EXP-04,C30513,https://shopview.testrail.io/index.php?/cases/view/30513,WIP,WIP — Exports,Inv. Hrs green/red coloring appears on screen and in the PDF; not the CSV,73,KEEP,Export content/behavior contract (what is in the file / when it is refused) — distinct observable outcome.,SENSIBLE,"Cold-read PASS: preconditions reachable (seeding stated where needed), steps executable in order, expected follows, no contradiction, every control spec-traceable, domain logic sound, pass/fail observable.",PASS,yes,,,SV-8665 (specs/wip-work-in-progress.md Story 9 S9-R7)
WIP-EXP-05,C30514,https://shopview.testrail.io/index.php?/cases/view/30514,WIP,WIP — Exports,Days Open in a download is frozen at the moment the file is generated,69,KEEP,Export content/behavior contract (what is in the file / when it is refused) — distinct observable outcome.,SENSIBLE,"Cold-read PASS: preconditions reachable (seeding stated where needed), steps executable in order, expected follows, no contradiction, every control spec-traceable, domain logic sound, pass/fail observable.",PASS,yes,,,SV-8665 (specs/wip-work-in-progress.md Story 9 S9-R8; Story 4 context note (Days Open live vs frozen))
WIP-EXP-06,C30515,https://shopview.testrail.io/index.php?/cases/view/30515,WIP,WIP — Exports,"The downloaded files are named ""wip-2-report.pdf"" and ""wip-2-report.csv""",72,KEEP,"Odd ""wip-2-report"" filenames documented as expected — prevents a false bug ticket.",SENSIBLE,"Cold-read PASS: preconditions reachable (seeding stated where needed), steps executable in order, expected follows, no contradiction, every control spec-traceable, domain logic sound, pass/fail observable.",PASS,yes,,,SV-8665 (specs/wip-work-in-progress.md Story 9 S9-R9)
WIP-EXP-07,C30516,https://shopview.testrail.io/index.php?/cases/view/30516,WIP,WIP — Exports,"Export headers read ""Unit"" and ""Branch"" — documented limitation, do not file",76,KEEP,Unit/Branch export headers documented as expected v1 — prevents a false bug ticket.,SENSIBLE,"Cold-read PASS: preconditions reachable (seeding stated where needed), steps executable in order, expected follows, no contradiction, every control spec-traceable, domain logic sound, pass/fail observable. [NOTE: this case was video-edited concurrently (commit 3bd08a7) — this sense verdict applies to the PRE-EDIT text; re-check after the video edits land.]",PASS,yes,,,SV-8665 (WIP spec Story 9 S9-E1; §2 Known Limitations (v1) - asset identifier RE-RULED to the VIN chain (VIN -> Unit # -> plate) by Chris Ward answer 2026-07-29 [newest-wins]; supersedes video P24 serial ruling; export header text unpinned)
WIP-EXP-08,C30517,https://shopview.testrail.io/index.php?/cases/view/30517,WIP,WIP — Exports,The PDF shows the shop logo at the top when one is set,54,KEEP,Export content/behavior contract (what is in the file / when it is refused) — distinct observable outcome.,SENSIBLE,"Cold-read PASS: preconditions reachable (seeding stated where needed), steps executable in order, expected follows, no contradiction, every control spec-traceable, domain logic sound, pass/fail observable.",PASS,yes,,,SV-8665 (specs/wip-work-in-progress.md Story 9 S9-R10)
WIP-EXP-09,C30518,https://shopview.testrail.io/index.php?/cases/view/30518,WIP,WIP — Exports,"Export notifications: success caption, ""Empty export"" warning",61,KEEP,Export content/behavior contract (what is in the file / when it is refused) — distinct observable outcome.,SENSIBLE,"Cold-read PASS: preconditions reachable (seeding stated where needed), steps executable in order, expected follows, no contradiction, every control spec-traceable, domain logic sound, pass/fail observable.",PASS,yes,,,SV-8665 (specs/wip-work-in-progress.md Story 9 S9-R11; S9-R12; S9-R13; §7 User Feedback Summary)
WIP-EXP-10,C38918,https://shopview.testrail.io/index.php?/cases/view/38918,WIP,WIP — Exports,An over-cap Work In Progress download is refused with the too-large message,75,KEEP,"Over-cap export refusal for WIP - the third page Chris's Q3=A ruling brought into the cap, and the one the 2026-07-31 pass found missing.",SENSIBLE,"Cold-read PASS 2026-07-31: preconditions reachable (seeding named where needed), steps executable in order, expected follows from the steps, no internal contradiction, every control traceable to the spec or the driving story, domain logic sound, pass/fail observable by a non-technical tester.",PASS,yes,,,SV-8665 (WIP spec Story 9 — the 10; 000-row export cap applies to ALL SIX reports per Chris Ward answer 2026-07-31 Q3=A; the WIP spec page still has no cap line; his spec edit is pending)
WIP-FLT-01,C30498,https://shopview.testrail.io/index.php?/cases/view/30498,WIP,WIP — Filters,The Advisor filter lists the advisors in the loaded jobs; screen only,69,KEEP,Filter data-effect contract — changes which rows/totals appear; failures are real.,SENSIBLE,"Cold-read PASS: preconditions reachable (seeding stated where needed), steps executable in order, expected follows, no contradiction, every control spec-traceable, domain logic sound, pass/fail observable.",PASS,yes,,,SV-8663 (specs/wip-work-in-progress.md Story 7 S7-R1)
WIP-FLT-02,C30499,https://shopview.testrail.io/index.php?/cases/view/30499,WIP,WIP — Filters,"Customer filter is a type-ahead multi-select reading ""All customers""",68,KEEP,Filter data-effect contract — changes which rows/totals appear; failures are real.,SENSIBLE,"Cold-read PASS: preconditions reachable (seeding stated where needed), steps executable in order, expected follows, no contradiction, every control spec-traceable, domain logic sound, pass/fail observable.",PASS,yes,,,SV-8663 (specs/wip-work-in-progress.md Story 7 S7-R2; S7-R3)
WIP-FLT-03,C30500,https://shopview.testrail.io/index.php?/cases/view/30500,WIP,WIP — Filters,"Asset filter matches VIN, Unit #, or plate; ""All assets"" when empty",67,KEEP,Filter data-effect contract — changes which rows/totals appear; failures are real.,SENSIBLE,"Cold-read PASS: preconditions reachable (seeding stated where needed), steps executable in order, expected follows, no contradiction, every control spec-traceable, domain logic sound, pass/fail observable. [NOTE: this case was video-edited concurrently (commit 3bd08a7) — this sense verdict applies to the PRE-EDIT text; re-check after the video edits land.]",PASS,yes,,,SV-8663 (WIP spec Story 7 S7-R4; S7-R5 - option text + match fields RE-RULED to the VIN chain (VIN -> Unit # -> plate) by Chris Ward answer 2026-07-29 [supersedes video P24])
WIP-FLT-04,C30501,https://shopview.testrail.io/index.php?/cases/view/30501,WIP,WIP — Filters,The date range offers the presets plus Custom; This Week default; no All Time,77,KEEP,Filter data-effect contract — changes which rows/totals appear; failures are real.,SENSIBLE,"Cold-read PASS: preconditions reachable (seeding stated where needed), steps executable in order, expected follows, no contradiction, every control spec-traceable, domain logic sound, pass/fail observable.",PASS,yes,,,SV-8663 (specs/wip-work-in-progress.md Story 7 S7-R6; §3 Key Decisions (date range defaults to This Week))
WIP-FLT-05,C30502,https://shopview.testrail.io/index.php?/cases/view/30502,WIP,WIP — Filters,The date range filters on the WO's created date and reloads on change,69,KEEP,Filter data-effect contract — changes which rows/totals appear; failures are real.,SENSIBLE,"Cold-read PASS: preconditions reachable (seeding stated where needed), steps executable in order, expected follows, no contradiction, every control spec-traceable, domain logic sound, pass/fail observable.",PASS,yes,,,SV-8663 (specs/wip-work-in-progress.md Story 7 S7-R7; S7-R8)
WIP-FLT-06,C30503,https://shopview.testrail.io/index.php?/cases/view/30503,WIP,WIP — Filters,"Location filter: rightmost multi-select with All locations, reloads on change",77,KEEP,Filter data-effect contract — changes which rows/totals appear; failures are real.,SENSIBLE,"Cold-read PASS: preconditions reachable (seeding stated where needed), steps executable in order, expected follows, no contradiction, every control spec-traceable, domain logic sound, pass/fail observable.",PASS,yes,,,SV-8663 (WIP spec Story 7 S7-R9; S7-R10 + on-screen location-scope indicator; spec v6 2026-07-29; single-location filter HIDDEN per Chris Ward answer 2026-07-31 Q1=A)
WIP-FLT-07,C30504,https://shopview.testrail.io/index.php?/cases/view/30504,WIP,WIP — Filters,The location scope never includes an inaccessible location,58,KEEP,Filter data-effect contract — changes which rows/totals appear; failures are real.,SENSIBLE,"Cold-read PASS: preconditions reachable (seeding stated where needed), steps executable in order, expected follows, no contradiction, every control spec-traceable, domain logic sound, pass/fail observable.",PASS,yes,,,SV-8663 (specs/wip-work-in-progress.md Story 7 S7-R11; Story 8 S8-R8)
WIP-FLT-08,C30505,https://shopview.testrail.io/index.php?/cases/view/30505,WIP,WIP — Filters,"Advisor, customer and asset filters AND together and recompute strip and Totals",79,KEEP,Filter data-effect contract — changes which rows/totals appear; failures are real.,SENSIBLE,"Cold-read PASS: preconditions reachable (seeding stated where needed), steps executable in order, expected follows, no contradiction, every control spec-traceable, domain logic sound, pass/fail observable.",PASS,yes,,,SV-8663 (specs/wip-work-in-progress.md Story 7 S7-R12; S7-N1; Story 5 S5-R11; Story 6 S6-R6; §3 Key Decisions)
WIP-FLT-09,C38916,https://shopview.testrail.io/index.php?/cases/view/38916,WIP,WIP — Filters,The Location column is automatic and never reads Multiple on a work-order row,77,KEEP,"Per-row Location column for WIP: between VIN and Advisor, never 'Multiple', and exported under the header 'Branch' - a real screen-vs-export naming difference worth a test.",SENSIBLE,"Cold-read PASS 2026-07-31: preconditions reachable (seeding named where needed), steps executable in order, expected follows from the steps, no internal contradiction, every control traceable to the spec or the driving story, domain logic sound, pass/fail observable by a non-technical tester.",PASS,yes,,,"SV-8663 (WIP spec v6 2026-07-29 S7-R13; S7-R14; S4-R3; S9-E1; §4 Location (column) — automatic visibility; never ""Multiple""; export header ""Branch"")"
WIP-PERM-01,C30526,https://shopview.testrail.io/index.php?/cases/view/30526,WIP,WIP — Permissions,The Work In Progress reports permission covers opening and downloading,70,KEEP,Permission gate (positive/negative observable behavior). NOTE: Q2 permission-model discrepancy raised to Chris/dev 2026-07-28; cases stay per the shipped mixed model per user ruling.,SENSIBLE,"Cold-read PASS: preconditions reachable (seeding stated where needed), steps executable in order, expected follows, no contradiction, every control spec-traceable, domain logic sound, pass/fail observable.",PASS,yes,,,SV-8657 (specs/wip-work-in-progress.md Story 1 Prerequisites (+ context note))
WIP-PERM-02,C30527,https://shopview.testrail.io/index.php?/cases/view/30527,WIP,WIP — Permissions,Without the permission Work In Progress is absent from the reports navigation,77,KEEP,Permission gate (positive/negative observable behavior). NOTE: Q2 permission-model discrepancy raised to Chris/dev 2026-07-28; cases stay per the shipped mixed model per user ruling.,SENSIBLE,"Cold-read PASS: preconditions reachable (seeding stated where needed), steps executable in order, expected follows, no contradiction, every control spec-traceable, domain logic sound, pass/fail observable.",PASS,yes,,,SV-8657 (specs/wip-work-in-progress.md Story 1 S1-N1)
WIP-PERS-01,C30506,https://shopview.testrail.io/index.php?/cases/view/30506,WIP,WIP — Column Selection & Persistence,Column Selection toggles columns; Total is not offered at all,61,KEEP,Persistence/restore contract. NOTE: Stefan flagged on the kickoff that per-user-per-device persistence may be delegated to the Filters squad — re-check before execution.,SENSIBLE,"Cold-read PASS: preconditions reachable (seeding stated where needed), steps executable in order, expected follows, no contradiction, every control spec-traceable, domain logic sound, pass/fail observable.",PASS,yes,,,SV-8664 (specs/wip-work-in-progress.md Story 8 S8-R1; S8-R2)
WIP-PERS-02,C30507,https://shopview.testrail.io/index.php?/cases/view/30507,WIP,WIP — Column Selection & Persistence,Toggling columns never reorders them (Total always last),56,KEEP,Persistence/restore contract. NOTE: Stefan flagged on the kickoff that per-user-per-device persistence may be delegated to the Filters squad — re-check before execution.,SENSIBLE,"Cold-read PASS: preconditions reachable (seeding stated where needed), steps executable in order, expected follows, no contradiction, every control spec-traceable, domain logic sound, pass/fail observable.",PASS,yes,,,SV-8664 (specs/wip-work-in-progress.md Story 8 S8-R5; S8-R6; Story 4 S4-R1)
WIP-PERS-03,C30508,https://shopview.testrail.io/index.php?/cases/view/30508,WIP,WIP — Column Selection & Persistence,"Remembers the date range, filter selections, location, columns",62,KEEP,Persistence/restore contract. NOTE: Stefan flagged on the kickoff that per-user-per-device persistence may be delegated to the Filters squad — re-check before execution.,SENSIBLE,"Cold-read PASS: preconditions reachable (seeding stated where needed), steps executable in order, expected follows, no contradiction, every control spec-traceable, domain logic sound, pass/fail observable.",PASS,yes,,,SV-8664 (specs/wip-work-in-progress.md Story 8 S8-R7; §3 Key Decisions (context note: per-browser persistence))
WIP-PERS-04,C30509,https://shopview.testrail.io/index.php?/cases/view/30509,WIP,WIP — Column Selection & Persistence,A saved setting that is no longer valid falls back to its default,65,KEEP,Persistence/restore contract. NOTE: Stefan flagged on the kickoff that per-user-per-device persistence may be delegated to the Filters squad — re-check before execution.,SENSIBLE,"Cold-read PASS: preconditions reachable (seeding stated where needed), steps executable in order, expected follows, no contradiction, every control spec-traceable, domain logic sound, pass/fail observable.",PASS,yes,,,SV-8664 (specs/wip-work-in-progress.md Story 8 S8-R8)
WIP-PLACE-01,C30462,https://shopview.testrail.io/index.php?/cases/view/30462,WIP,WIP — Tab Placement,"Status-to-tab mapping: Estimate, Complete, In Progress and Review work orders",77,KEEP,"Row-model/scope contract (who appears, where, exactly once) — data-correctness core.",SENSIBLE,"Cold-read PASS: preconditions reachable (seeding stated where needed), steps executable in order, expected follows, no contradiction, every control spec-traceable, domain logic sound, pass/fail observable.",PASS,yes,,,SV-8659 (specs/wip-work-in-progress.md Story 3 S3-R1; S3-R2; S3-R3)
WIP-PLACE-03,C30464,https://shopview.testrail.io/index.php?/cases/view/30464,WIP,WIP — Tab Placement,Approved started-boundary: time or part received vs neither decides the tab,75,KEEP,"Row-model/scope contract (who appears, where, exactly once) — data-correctness core.",SENSIBLE,"Cold-read PASS: preconditions reachable (seeding stated where needed), steps executable in order, expected follows, no contradiction, every control spec-traceable, domain logic sound, pass/fail observable.",PASS,yes,,,SV-8659 (specs/wip-work-in-progress.md Story 3 S3-R4 (started + not-started branches + context note))
WIP-SCOPE-01,C30456,https://shopview.testrail.io/index.php?/cases/view/30456,WIP,WIP — Scope & Loading,Every open service WO at a selected location appears in the report,66,KEEP,"Row-model/scope contract (who appears, where, exactly once) — data-correctness core.",SENSIBLE,"Cold-read PASS: preconditions reachable (seeding stated where needed), steps executable in order, expected follows, no contradiction, every control spec-traceable, domain logic sound, pass/fail observable.",PASS,yes,,,SV-8658 (specs/wip-work-in-progress.md Story 2 S2-R1)
WIP-SCOPE-02,C30457,https://shopview.testrail.io/index.php?/cases/view/30457,WIP,WIP — Scope & Loading,Invoiced; Paid; Declined and part-sale work orders never appear,63,KEEP,"Row-model/scope contract (who appears, where, exactly once) — data-correctness core.",SENSIBLE,"Cold-read PASS: preconditions reachable (seeding stated where needed), steps executable in order, expected follows, no contradiction, every control spec-traceable, domain logic sound, pass/fail observable.",PASS,yes,,,SV-8658 (specs/wip-work-in-progress.md Story 2 S2-R2; S2-R3)
WIP-SCOPE-03,C30458,https://shopview.testrail.io/index.php?/cases/view/30458,WIP,WIP — Scope & Loading,Each qualifying work order appears exactly once in exactly one tab,66,KEEP,"Row-model/scope contract (who appears, where, exactly once) — data-correctness core.",SENSIBLE,"Cold-read PASS: preconditions reachable (seeding stated where needed), steps executable in order, expected follows, no contradiction, every control spec-traceable, domain logic sound, pass/fail observable.",PASS,yes,,,SV-8658 (specs/wip-work-in-progress.md Story 2 S2-R4; §3 Key Decisions (every open job is listed))
WIP-SCOPE-04,C30459,https://shopview.testrail.io/index.php?/cases/view/30459,WIP,WIP — Scope & Loading,While loading the standard indicator shows and old rows stay until data,71,WEAK-KEEP,"Loading indicator behavior; framework, verify once.",SENSIBLE,"Cold-read PASS: preconditions reachable (seeding stated where needed), steps executable in order, expected follows, no contradiction, every control spec-traceable, domain logic sound, pass/fail observable.",PASS,yes,,,SV-8658 (specs/wip-work-in-progress.md Story 2 S2-R5; S2-R6)
WIP-SCOPE-05,C30460,https://shopview.testrail.io/index.php?/cases/view/30460,WIP,WIP — Scope & Loading,No qualifying work orders: every tab shows the no-data message and no Totals,76,KEEP,"Row-model/scope contract (who appears, where, exactly once) — data-correctness core.",SENSIBLE,"Cold-read PASS: preconditions reachable (seeding stated where needed), steps executable in order, expected follows, no contradiction, every control spec-traceable, domain logic sound, pass/fail observable.",PASS,yes,,,SV-8658 (specs/wip-work-in-progress.md Story 2 S2-N1; S2-N2; §7 User Feedback Summary)
WIP-SORT-01,C30483,https://shopview.testrail.io/index.php?/cases/view/30483,WIP,WIP — Sorting,The initial sort is Days Open with the longest-open work order first,68,KEEP,"Sorting contract (default/direction/null placement/scope) — spec-defined, observable, distinct.",SENSIBLE,"Cold-read PASS: preconditions reachable (seeding stated where needed), steps executable in order, expected follows, no contradiction, every control spec-traceable, domain logic sound, pass/fail observable.",PASS,yes,,,SV-8660 (specs/wip-work-in-progress.md Story 4 S4-R25)
WIP-SORT-02,C30484,https://shopview.testrail.io/index.php?/cases/view/30484,WIP,WIP — Sorting,"Clicking a header sorts ascending, clicking again toggles descending",68,KEEP,"Sorting contract (default/direction/null placement/scope) — spec-defined, observable, distinct.",SENSIBLE,"Cold-read PASS: preconditions reachable (seeding stated where needed), steps executable in order, expected follows, no contradiction, every control spec-traceable, domain logic sound, pass/fail observable.",PASS,yes,,,SV-8660 (specs/wip-work-in-progress.md Story 4 S4-R26)
WIP-SORT-03,C30485,https://shopview.testrail.io/index.php?/cases/view/30485,WIP,WIP — Sorting,Columns sort by underlying values; Asset sorts by the identifier shown,70,KEEP,"Sorting contract (default/direction/null placement/scope) — spec-defined, observable, distinct.",SENSIBLE,"Cold-read PASS: preconditions reachable (seeding stated where needed), steps executable in order, expected follows, no contradiction, every control spec-traceable, domain logic sound, pass/fail observable. [NOTE: this case was video-edited concurrently (commit 3bd08a7) — this sense verdict applies to the PRE-EDIT text; re-check after the video edits land.]",PASS,yes,,,SV-8660 (WIP spec Story 4 S4-R27; S4-R9 - Asset sort key RE-RULED to the VIN chain (VIN -> Unit # -> plate) by Chris Ward answer 2026-07-29 [newest-wins]; supersedes video P24 serial ruling AND the spec's 'sorts by unit number' rule)
WIP-SORT-04,C30486,https://shopview.testrail.io/index.php?/cases/view/30486,WIP,WIP — Sorting,Sorting reorders only the active tab's rows; Totals stays at the bottom,71,KEEP,"Sorting contract (default/direction/null placement/scope) — spec-defined, observable, distinct.",SENSIBLE,"Cold-read PASS: preconditions reachable (seeding stated where needed), steps executable in order, expected follows, no contradiction, every control spec-traceable, domain logic sound, pass/fail observable.",PASS,yes,,,SV-8660 (specs/wip-work-in-progress.md Story 4 S4-R28)
WIP-SUM-01,C30487,https://shopview.testrail.io/index.php?/cases/view/30487,WIP,WIP — Summary Strip,The summary strip shows seven figures in a fixed order as US dollars,68,KEEP,Totals/summary aggregation contract over the full filtered set — catches real aggregation bugs.,SENSIBLE,"Cold-read PASS: preconditions reachable (seeding stated where needed), steps executable in order, expected follows, no contradiction, every control spec-traceable, domain logic sound, pass/fail observable.",PASS,yes,,,SV-8661 (specs/wip-work-in-progress.md Story 5 S5-R1; S5-R10)
WIP-SUM-02,C30488,https://shopview.testrail.io/index.php?/cases/view/30488,WIP,WIP — Summary Strip,Total Earned is the hero figure and equals the started-stage figures summed,75,KEEP,Hero figure math (Total Earned = Started-Earned + Ready to Invoice) — the number Chris said users come for.,SENSIBLE,"Cold-read PASS: preconditions reachable (seeding stated where needed), steps executable in order, expected follows, no contradiction, every control spec-traceable, domain logic sound, pass/fail observable.",PASS,yes,,,SV-8661 (specs/wip-work-in-progress.md Story 5 S5-R2)
WIP-SUM-03,C30489,https://shopview.testrail.io/index.php?/cases/view/30489,WIP,WIP — Summary Strip,Total Remaining equals Not Started plus Started — Remaining,59,KEEP,Totals/summary aggregation contract over the full filtered set — catches real aggregation bugs.,SENSIBLE,"Cold-read PASS: preconditions reachable (seeding stated where needed), steps executable in order, expected follows, no contradiction, every control spec-traceable, domain logic sound, pass/fail observable.",PASS,yes,,,SV-8661 (specs/wip-work-in-progress.md Story 5 S5-R3)
WIP-SUM-04,C30490,https://shopview.testrail.io/index.php?/cases/view/30490,WIP,WIP — Summary Strip,Each per-stage figure equals the matching tab's money total,59,KEEP,Totals/summary aggregation contract over the full filtered set — catches real aggregation bugs.,SENSIBLE,"Cold-read PASS: preconditions reachable (seeding stated where needed), steps executable in order, expected follows, no contradiction, every control spec-traceable, domain logic sound, pass/fail observable.",PASS,yes,,,SV-8661 (specs/wip-work-in-progress.md Story 5 S5-R4; S5-R5; S5-R6; S5-R7)
WIP-SUM-05,C30491,https://shopview.testrail.io/index.php?/cases/view/30491,WIP,WIP — Summary Strip,"The Estimates figure is the Estimates tab's total quoted value, shown muted",75,KEEP,Totals/summary aggregation contract over the full filtered set — catches real aggregation bugs.,SENSIBLE,"Cold-read PASS: preconditions reachable (seeding stated where needed), steps executable in order, expected follows, no contradiction, every control spec-traceable, domain logic sound, pass/fail observable.",PASS,yes,,,SV-8661 (specs/wip-work-in-progress.md Story 5 S5-R8; S5-R9)
WIP-SUM-07,C30493,https://shopview.testrail.io/index.php?/cases/view/30493,WIP,WIP — Summary Strip,Each summary figure's information icon reveals its plain explanation,68,KEEP,Totals/summary aggregation contract over the full filtered set — catches real aggregation bugs.,SENSIBLE,"Cold-read PASS: preconditions reachable (seeding stated where needed), steps executable in order, expected follows, no contradiction, every control spec-traceable, domain logic sound, pass/fail observable.",PASS,yes,,,SV-8661 (specs/wip-work-in-progress.md Story 5 S5-R12)
WIP-TAB-01,C30451,https://shopview.testrail.io/index.php?/cases/view/30451,WIP,WIP — Tabs,Work In Progress appears in the reports navigation under the Performance group,78,KEEP,Navigation/entry contract — additive placement was an explicit PO instruction on the video.,SENSIBLE,"Cold-read PASS: preconditions reachable (seeding stated where needed), steps executable in order, expected follows, no contradiction, every control spec-traceable, domain logic sound, pass/fail observable.",PASS,yes,,,SV-8657 (specs/wip-work-in-progress.md Story 1 S1-R1 — Performance group; below the named anchor items [Sales; Technician Efficiency; Advisor Analysis; Shop Efficiency] per the PRD companion video 2026-07-30 01:18-02:05)
WIP-TAB-02,C30452,https://shopview.testrail.io/index.php?/cases/view/30452,WIP,WIP — Tabs,Four tabs in a fixed order with the partially-completed tab selected,68,KEEP,Four fixed tabs + default tab — the report's primary structure.,SENSIBLE,"Cold-read PASS: preconditions reachable (seeding stated where needed), steps executable in order, expected follows, no contradiction, every control spec-traceable, domain logic sound, pass/fail observable.",PASS,yes,,,SV-8657 (specs/wip-work-in-progress.md Story 1 S1-R2; S1-R3; §3 Key Decisions (no on-screen status filter))
WIP-TAB-03,C30453,https://shopview.testrail.io/index.php?/cases/view/30453,WIP,WIP — Tabs,Each tab label shows its work-order count in parentheses,56,KEEP,"Tab counts match the listed rows — a real integrity check, including ""(0)"".",SENSIBLE,"Cold-read PASS: preconditions reachable (seeding stated where needed), steps executable in order, expected follows, no contradiction, every control spec-traceable, domain logic sound, pass/fail observable.",PASS,yes,,,SV-8657 (specs/wip-work-in-progress.md Story 1 S1-R4; Story 2 S2-N2 (count portion))
WIP-TAB-05,C30455,https://shopview.testrail.io/index.php?/cases/view/30455,WIP,WIP — Tabs,There is no Trend / over-time tab or chart,42,KEEP,No Trend tab / snapshot not read by any screen — prevents false expectations and false bugs.,SENSIBLE,"Cold-read PASS: preconditions reachable (seeding stated where needed), steps executable in order, expected follows, no contradiction, every control spec-traceable, domain logic sound, pass/fail observable.",PASS,yes,,,SV-8667 (specs/wip-work-in-progress.md §2 Out of scope; §2 Known Limitations (v1); Story 11 S11-R7)
WIP-TOT-01,C30494,https://shopview.testrail.io/index.php?/cases/view/30494,WIP,WIP — Totals Row,"Each tab has a Totals row pinned to the bottom, labeled ""Totals""",64,KEEP,Totals/summary aggregation contract over the full filtered set — catches real aggregation bugs.,SENSIBLE,"Cold-read PASS: preconditions reachable (seeding stated where needed), steps executable in order, expected follows, no contradiction, every control spec-traceable, domain logic sound, pass/fail observable.",PASS,yes,,,SV-8662 (specs/wip-work-in-progress.md Story 6 S6-R1; S6-R4; S6-R5)
WIP-TOT-02,C30495,https://shopview.testrail.io/index.php?/cases/view/30495,WIP,WIP — Totals Row,The Totals row sums each visible money column and the Inv. Hrs column,69,KEEP,Totals/summary aggregation contract over the full filtered set — catches real aggregation bugs.,SENSIBLE,"Cold-read PASS: preconditions reachable (seeding stated where needed), steps executable in order, expected follows, no contradiction, every control spec-traceable, domain logic sound, pass/fail observable.",PASS,yes,,,SV-8662 (specs/wip-work-in-progress.md Story 6 S6-R2; S6-R3)
WIP-VIS-01,C30519,https://shopview.testrail.io/index.php?/cases/view/30519,WIP,WIP — Visual & Accessibility,Each tab uses an all-white table with no alternating row shading,64,WEAK-KEEP,"All-white/no-zebra; cosmetic, verify once.",SENSIBLE,"Cold-read PASS: preconditions reachable (seeding stated where needed), steps executable in order, expected follows, no contradiction, every control spec-traceable, domain logic sound, pass/fail observable.",PASS,yes,,,SV-8666 (specs/wip-work-in-progress.md Story 10 S10-R1)
WIP-VIS-02,C30520,https://shopview.testrail.io/index.php?/cases/view/30520,WIP,WIP — Visual & Accessibility,The summary strip is a bold band ruled top and bottom above the tabs,68,WEAK-KEEP,"Strip band styling (rules, not cards); cosmetic.",SENSIBLE,"Cold-read PASS: preconditions reachable (seeding stated where needed), steps executable in order, expected follows, no contradiction, every control spec-traceable, domain logic sound, pass/fail observable.",PASS,yes,,,SV-8666 (specs/wip-work-in-progress.md Story 10 S10-R2)
WIP-VIS-03,C30521,https://shopview.testrail.io/index.php?/cases/view/30521,WIP,WIP — Visual & Accessibility,The Total column is bold and stays pinned right on sideways scroll,66,WEAK-KEEP,Bold/pinned Total column styling; overlaps TOT-01; cosmetic-leaning.,SENSIBLE,"Cold-read PASS: preconditions reachable (seeding stated where needed), steps executable in order, expected follows, no contradiction, every control spec-traceable, domain logic sound, pass/fail observable.",PASS,yes,,,SV-8660 (specs/wip-work-in-progress.md Story 4 S4-R22; Story 10 S10-R3)
WIP-VIS-04,C30522,https://shopview.testrail.io/index.php?/cases/view/30522,WIP,WIP — Visual & Accessibility,The Totals row stays visible while only the active tab's body scrolls,69,WEAK-KEEP,"Scroll-container/fill-height behavior; framework-leaning, verify once.",SENSIBLE,"Cold-read PASS: preconditions reachable (seeding stated where needed), steps executable in order, expected follows, no contradiction, every control spec-traceable, domain logic sound, pass/fail observable.",PASS,yes,,,SV-8666 (specs/wip-work-in-progress.md Story 10 S10-R4; S10-R5)
WIP-VIS-05,C30523,https://shopview.testrail.io/index.php?/cases/view/30523,WIP,WIP — Visual & Accessibility,The WO # link is keyboard-focusable and opens the work order,60,KEEP,Accessibility/visual conformance requirement from the spec.,SENSIBLE,"Cold-read PASS: preconditions reachable (seeding stated where needed), steps executable in order, expected follows, no contradiction, every control spec-traceable, domain logic sound, pass/fail observable.",PASS,yes,,,SV-8666 (specs/wip-work-in-progress.md Story 10 S10-R6)
WIP-VIS-06,C30524,https://shopview.testrail.io/index.php?/cases/view/30524,WIP,WIP — Visual & Accessibility,Each summary figure's info icon is keyboard-reachable and screen-read,69,KEEP,Accessibility/visual conformance requirement from the spec.,SENSIBLE,"Cold-read PASS: preconditions reachable (seeding stated where needed), steps executable in order, expected follows, no contradiction, every control spec-traceable, domain logic sound, pass/fail observable.",PASS,yes,,,SV-8666 (specs/wip-work-in-progress.md Story 10 S10-R7; Story 5 S5-R12)
WIP-VIS-07,C30525,https://shopview.testrail.io/index.php?/cases/view/30525,WIP,WIP — Visual & Accessibility,In dark mode every table; strip; link and coloring stays legible,64,WEAK-KEEP,Dark mode legibility; verify once.,SENSIBLE,"Cold-read PASS: preconditions reachable (seeding stated where needed), steps executable in order, expected follows, no contradiction, every control spec-traceable, domain logic sound, pass/fail observable.",PASS,yes,,,SV-8666 (specs/wip-work-in-progress.md Story 10 S10-R9)
