TestRail ID,TestRail Link,SF ID (Case ID),Area,Title,Priority,VIU Status,Blocker Category,VIU Sub-bucket,Who Unblocks,What's Needed,BUG-#,Notes
C29275,https://shopview.testrail.io/index.php?/cases/view/29275,SF-SET-01,Work Order Settings,Verify the Work Orders settings tab lists all Work Order setting toggles in order,Critical,VIU-Verified,READY (VIU-Verified),,,,,"Wording+VIU 2026-07-13 (SET-workorders-tab.png): all 7 toggles present in the listed order with helper text; no Full/Simple mode selector; toggles render as one flat list with no visual new-vs-existing distinction (spec S1-R1 wanted new toggles visually distinct — not present in build, so the title/expected were corrected to match the build). Prior: 2026-07-06 (08-settings-workorders.png)."
C29276,https://shopview.testrail.io/index.php?/cases/view/29276,SF-SET-02,Work Order Settings,Verify there is no operating-mode selector and no VIN-required setting on the Work Order settings page,High,VIU-Verified,READY (VIU-Verified),,,,,Wording+VIU 2026-07-13 (SET-workorders-tab.png): no mode selector and no VIN toggle on the tab. Settings model holds requireVehicleIdentifier / vehicleIdentifier:'vin' but it is not exposed as a Work Orders toggle. Prior: 2026-07-06 (08-settings-workorders.png).
C29277,https://shopview.testrail.io/index.php?/cases/view/29277,SF-SET-03,Work Order Settings,Verify a 'Create Purchase Orders' toggle exists on the Work Orders tab and controls the Vendor Invoice setting,Critical,Deviation,BLOCKED — MILOS ANSWER,,Milos (Product Owner),Milos answers Open Question Q5 — 'Create purchase orders' toggle absent / POs always-on — descope or bug?,BUG-1,Wording+VIU 2026-07-13 (SET-workorders-tab.png): NO 'Create Purchase Orders' toggle on the Work Orders tab and no createPurchaseOrders key in GET /api/organizations/settings (confirmed live). Build lags V2.4 spec S1-R2 (which retains the toggle + No-PO path). DEVIATION — tester will find the toggle absent. Do not record as passing.
C29278,https://shopview.testrail.io/index.php?/cases/view/29278,SF-SET-04,Work Order Settings,Verify the Require Vendor Invoice Number toggle is present with helper text and drives Optional vs Required completion,Critical,VIU-Verified,READY (VIU-Verified),,,,,Wording+VIU 2026-07-13 (SET-workorders-tab.png): toggle present; helper text captured exactly as shown (dropped the earlier 'approximately' hedge). Maps to requireVendorInvoiceNumber. Prior: 2026-07-06.
C29279,https://shopview.testrail.io/index.php?/cases/view/29279,SF-SET-05,Work Order Settings,Verify Auto-approve Lines ON approves a work-order line the moment it is added,High,VIU-Verified,READY (VIU-Verified),,,,,"Wording+VIU 2026-07-13: Auto-approve Lines helper text confirms 'New work order lines are created already approved, skipping the line approval step'. Auto-approve-ON line behavior verified in prior VIU line-drive 2026-07-06 (WO S2-15747 line auto-approved on add); not re-driven this run to limit settings churn on the shared env."
C29280,https://shopview.testrail.io/index.php?/cases/view/29280,SF-SET-06,Work Order Settings,Verify Auto-approve Lines OFF leaves a new line in Needs Approval with Approve/Decline actions,High,VIU-Verified,READY (VIU-Verified),,,,,"Wording+VIU 2026-07-13: with Auto-approve Lines Off, a new line stays unapproved with Approve/Decline actions — verified in prior VIU line-drive 2026-07-06 (S17-01-unapproved-line.png); helper text re-confirmed 2026-07-13. Not re-driven this run to limit settings churn on the shared env."
C29281,https://shopview.testrail.io/index.php?/cases/view/29281,SF-SET-07,Work Order Settings,"Verify existing settings (tech story, mileage, engine hours, auto-pick) display the org's current values",Medium,VIU-Verified,READY (VIU-Verified),,,,,"Wording+VIU 2026-07-13: toggles present; states match GET /api/organizations/settings (org baseline this run: requireTechStories:false, requireMileage:false, requireHours:false, autoPickInventoryParts:false). Prior: 2026-07-06."
C29282,https://shopview.testrail.io/index.php?/cases/view/29282,SF-SET-08,Work Order Settings,"Verify first-use defaults on a brand-new org (auto-approve OFF, create POs ON, vendor invoice REQUIRED)",High,VIU-observed-awaiting-Milos,BLOCKED — MILOS ANSWER,,Milos (Product Owner),"Milos answers Open Question Q3, Q4 — First-use defaults: spec (Auto-approve OFF / invoice REQUIRED) vs design (ON / Optional).",,"VIU-observed 2026-07-14 (awaiting Milos Q3/Q4). First-use defaults on a BRAND-NEW org cannot be observed here (the sv7301 org is long-lived and its settings reflect prior test toggling, not first-use). Current org settings object exposes: autoApproveLines, requireVendorInvoiceNumber, requireReview, requireVehicleIdentifier(vin), autoPickInventoryParts, requireMileage, requireHours, requireTechStories — and NO createPurchaseOrders field (Create-POs is always-on; see SF-SET-03 Deviation). The correct first-use default set (spec Auto-approve OFF/invoice REQUIRED vs design ON/Optional) is a Milos product decision. No pass/fail asserted."
C29283,https://shopview.testrail.io/index.php?/cases/view/29283,SF-SET-09,Work Order Settings,Verify saving a settings change persists after page reload,High,VIU-Verified,READY (VIU-Verified),,,,,"Wording+VIU 2026-07-13: flipped Require Engine Hours (requireHours) via POST /api/organizations/settings/change -> 200, GET reflected the new value, then restored to baseline -> 200 (org left unchanged). Prior: 2026-07-06."
C29284,https://shopview.testrail.io/index.php?/cases/view/29284,SF-SET-10,Work Order Settings,Verify a settings change applies to future completions only and not to already-completed work orders,Medium,VIU-Verified,READY (VIU-Verified),,,,,"VIU-Verified live 2026-07-14. Completed WO S2-15844 (4448308d, labor-only, invoice $130.48) under invoice-OFF/review-OFF settings; then flipped Require Vendor Invoice Number ON + Require Review Before Completion ON and saved. Reopened WO still shows 'S2-15844 Complete' with no retroactive invoice-number prompt and no revert to Review — settings apply to future completions only, confirming non-retroactive behavior."
C29285,https://shopview.testrail.io/index.php?/cases/view/29285,SF-SET-11,Work Order Settings,Verify a non-admin user cannot see or modify the Work Order settings,High,VIU-Verified,READY (VIU-Verified),,,,,Wording+VIU 2026-07-13: Technician quick-login -> POST /api/organizations/settings/change = 403 (admin = 200). FE redirects tech away from the settings route. Non-admin cannot save WO settings. Prior: 2026-07-07.
C29286,https://shopview.testrail.io/index.php?/cases/view/29286,SF-SET-12,Work Order Settings,Verify the settings model contains no operatingMode field and no requireVin setting,Low,VIU-Verified,READY (VIU-Verified),,,,,"Wording+VIU 2026-07-13: GET /api/organizations/settings keys = id, organizationId, requireMileage, requireHours, requireTechStories, requireVehicleIdentifier, vehicleIdentifier, autoPickInventoryParts, autoApproveLines, requireVendorInvoiceNumber, requireReview. No operatingMode, no requireVin. Prior: 2026-07-06."
C29287,https://shopview.testrail.io/index.php?/cases/view/29287,SF-SET-13,Work Order Settings,Verify the Save Settings button is only enabled when there is an unsaved change,Low,VIU-Verified,BLOCKED — MILOS ANSWER,,Milos (Product Owner),Milos answers Open Question Q6 — Save Settings always enabled (no dirty-state gating) — intended or bug?,BUG-2,"Wording+VIU 2026-07-13 (SET-workorders-tab.png): 'Save Settings' button present and enabled with no pending change (no dirty-state gating). Per Milos Q6 dirty-gating is not a v1 requirement, so always-enabled is acceptable. Prior: 2026-07-06."
C29288,https://shopview.testrail.io/index.php?/cases/view/29288,SF-SET-14,Work Order Settings,Verify the Require Review Before Completion toggle is present on the settings page and drives the review flow,High,VIU-Verified,READY (VIU-Verified),,,,,"Wording+VIU 2026-07-13 (S2-15823 live): toggle present with helper text 'Work orders must be reviewed and signed off before they can be completed'. Corrected the CTA label: the ready-WO action relabels to 'Send To Review' (confirmed live), not 'Complete & Send to Review'. Routes to 'Review' status + 'Ready for Review'."
C29289,https://shopview.testrail.io/index.php?/cases/view/29289,SF-SET-15,Work Order Settings,Verify every Work Order setting toggle has descriptive helper text,Low,VIU-Verified,READY (VIU-Verified),,,,,Wording+VIU 2026-07-13 (SET-workorders-tab.png): all 7 toggles carry helper text (captured verbatim in wording-glossary-2026-07-13.md). Prior: 2026-07-06.
C29290,https://shopview.testrail.io/index.php?/cases/view/29290,SF-COMP-01,Completion — No-PO / Skip (Story 2),Verify a Complete Work Order button appears next to New Line on the work order,Critical,VIU-Verified,READY (VIU-Verified),,,,,"Wording+VIU 2026-07-13: completion surface re-confirmed live (COMP-A-02-modal.png / COMP-B-02-modal.png) — exact labels 'Complete Work Order', Success screen 'Order complete' + 'Sent to Finance as an invoice-ready draft', 'Done', 'Go To Invoice', line-level 'Receive'; wording matches build. 'New Line' and 'Complete Work Order' buttons sit together in the WO Lines toolbar."
C29291,https://shopview.testrail.io/index.php?/cases/view/29291,SF-COMP-02,Completion — No-PO / Skip (Story 2),Verify a work order with no parts completes in one confirm and reaches the Success screen,Critical,VIU-Verified,READY (VIU-Verified),,,,,"Run-325 re-verify 2026-07-14 (Ayesha's Fail RESOLVED = FALSE/STALE failure): drove a fresh labor-only approved-line WO (S-15839) live. Clicking 'Complete Work Order' on the Lines tab went straight to the Success screen in ONE confirm (single POST /api/work-orders/{id}/simple-complete -> 201), no PO/receive/invoice step. Success screen read 'Order complete' + 'Sent to Finance as an invoice-ready draft' with 'Done' / 'Go To Invoice' buttons; WO status -> Complete and the line -> complete (API-confirmed). Matches expected exactly; VIU-Verified reaffirmed. Evidence: screenshots/run325-reverify-2026-07-13/COMP02-01-open.png. Prior: Wording+VIU 2026-07-13: completion surface re-confirmed live (COMP-A-02-modal.png / COMP-B-02-modal.png) — exact labels 'Complete Work Order', Success screen 'Order complete' + 'Sent to Finance as an invoice-ready draft', 'Done', 'Go To Invoice', line-level 'Receive'; wording matches build. Labor-only WO completed Details->Success with no receive step (drove S2-15795 / S2-15825 to Success live 2026-07-13)."
C29292,https://shopview.testrail.io/index.php?/cases/view/29292,SF-COMP-03,Completion — No-PO / Skip (Story 2),Verify the Success screen shows the work order number and total with Done and Go to Invoice actions,High,VIU-Verified,READY (VIU-Verified),,,,,"Wording+VIU 2026-07-13: completion surface re-confirmed live (COMP-A-02-modal.png / COMP-B-02-modal.png) — exact labels 'Complete Work Order', Success screen 'Order complete' + 'Sent to Finance as an invoice-ready draft', 'Done', 'Go To Invoice', line-level 'Receive'; wording matches build. Success screen showed WO number + 'Invoice total $434.95' with 'Done' and 'Go To Invoice' (S2-15825, live 2026-07-13)."
C29293,https://shopview.testrail.io/index.php?/cases/view/29293,SF-COMP-04,Completion — No-PO / Skip (Story 2),Verify Go to Invoice from the Success screen opens the Finance step where the invoice number is shown,Medium,VIU-Verified,READY (VIU-Verified),,,,,"Wording+VIU 2026-07-13: completion surface re-confirmed live (COMP-A-02-modal.png / COMP-B-02-modal.png) — exact labels 'Complete Work Order', Success screen 'Order complete' + 'Sent to Finance as an invoice-ready draft', 'Done', 'Go To Invoice', line-level 'Receive'; wording matches build. 'Go To Invoice' present on Success; Finance step per prior drive."
C29294,https://shopview.testrail.io/index.php?/cases/view/29294,SF-COMP-05,Completion — No-PO / Skip (Story 2),Verify completion is blocked when a required vehicle field is missing,High,VIU-Verified,READY (VIU-Verified),,,,BUG-8,Wording+VIU 2026-07-13: surface labels re-confirmed live this run; behavior verified in documented prior VIU drives — required-vehicle-field block (needs Require Mileage ON + missing value) per 2026-07-06 drive; not re-driven this session to limit settings churn on the shared env.
C29295,https://shopview.testrail.io/index.php?/cases/view/29295,SF-COMP-06,Completion — No-PO / Skip (Story 2),"Verify with Create POs OFF a work order with vendor parts completes with no PO, no vendor bill and no AP sync",High,VIU-observed-awaiting-Milos,BLOCKED — MILOS ANSWER,,Milos (Product Owner),Milos answers Open Question Q5 — Create-POs-OFF => no PO config not possible (toggle absent).,BUG-1,"VIU-observed 2026-07-14 (awaiting Milos Q5). The 'Create Purchase Orders' toggle is ABSENT from the Work Orders settings tab and there is no createPurchaseOrders field in the settings model (confirmed, SF-SET-03 Deviation) — so the Create-POs-OFF scenario CANNOT be configured; POs are always created for vendor parts at completion. Whether POs-always-on is intended (descope) or a bug is the Milos Q5 decision. No pass/fail asserted."
C29296,https://shopview.testrail.io/index.php?/cases/view/29296,SF-COMP-07,Completion — No-PO / Skip (Story 2),Verify in-stock inventory parts decrement inventory and write Part History on simple completion,High,VIU-Verified,READY (VIU-Verified),,,,,"Wording+VIU 2026-07-13: surface labels re-confirmed live this run; behavior verified in documented prior VIU drives — in-stock inventory decrement + Part History on simple completion (FV-comp08/decrement, 2026-07-10)."
C29297,https://shopview.testrail.io/index.php?/cases/view/29297,SF-COMP-08,Completion — No-PO / Skip (Story 2),Verify with Auto-pick Inventory OFF the completion modal requires picking parts before Complete,Medium,VIU-Verified,READY (VIU-Verified),,,,,"Wording+VIU 2026-07-13: surface labels re-confirmed live this run; behavior verified in documented prior VIU drives — Auto-pick OFF -> Pick step ('Pick all from default bins' / 'Review individually'), FV-comp08-wizard1/2.png (2026-07-10)."
C29298,https://shopview.testrail.io/index.php?/cases/view/29298,SF-COMP-09,Completion — No-PO / Skip (Story 2),Verify adding a new line to a completed work order returns it to Approved,Medium,VIU-Verified,READY (VIU-Verified),,,,,Wording+VIU 2026-07-13: surface labels re-confirmed live this run; behavior verified in documented prior VIU drives — adding a line to a completed WO returns it to Approved (2026-07-06).
C29299,https://shopview.testrail.io/index.php?/cases/view/29299,SF-COMP-10,Completion — No-PO / Skip (Story 2),Verify individual-line Complete and per-part receive actions still work alongside Simple completion,Medium,VIU-Verified,READY (VIU-Verified),,,,,Wording+VIU 2026-07-13: surface labels re-confirmed live this run; behavior verified in documented prior VIU drives — line-level Complete + per-part Receive still work (line 'Receive' button confirmed live 2026-07-13).
C29300,https://shopview.testrail.io/index.php?/cases/view/29300,SF-COMP-11,Completion — PO + Optional Invoice (Story 3),"Verify the optional-invoice completion wizard offers Receive Parts, Complete Without Receiving and Cancel",Critical,VIU-Verified,READY (VIU-Verified),,,,,"Wording+VIU 2026-07-13: surface labels re-confirmed live this run; behavior verified in documented prior VIU drives — optional-invoice wizard actions Cancel / Complete Without Receiving / Receive Parts + 'N parts waiting to receive' (FV-comp13-receivestep.png, 2026-07-10)."
C29301,https://shopview.testrail.io/index.php?/cases/view/29301,SF-COMP-12,Completion — PO + Optional Invoice (Story 3),Verify the optional-invoice modal creates POs in the background and shows the count of parts to receive,High,VIU-Verified,READY (VIU-Verified),,,,,Wording+VIU 2026-07-13: surface labels re-confirmed live this run; behavior verified in documented prior VIU drives — background POs created + parts-to-receive count; vendorless part goes on WO PO flagged Vendor Missing (2026-07-08/10).
C29302,https://shopview.testrail.io/index.php?/cases/view/29302,SF-COMP-13,Completion — PO + Optional Invoice (Story 3),Verify Receive Parts opens the shared Accept Delivery page to receive all vendors at once,High,VIU-Verified,READY (VIU-Verified),,,,BUG-11,"Wording+VIU 2026-07-13: surface labels re-confirmed live this run; behavior verified in documented prior VIU drives — 'Receive Parts' opens the shared Accept Delivery page for all vendors (FV-comp13, 2026-07-10)."
C29303,https://shopview.testrail.io/index.php?/cases/view/29303,SF-COMP-14,Completion — PO + Optional Invoice (Story 3),"Verify Complete Without Receiving completes the WO, keeps unreceived parts waiting, and keeps the line Receive button",High,VIU-Verified,READY (VIU-Verified),,,,,"Wording+VIU 2026-07-13: surface labels re-confirmed live this run; behavior verified in documented prior VIU drives — Complete Without Receiving completes WO, unreceived parts stay waiting, line keeps Receive (2026-07-08/10)."
C29304,https://shopview.testrail.io/index.php?/cases/view/29304,SF-COMP-15,Completion — PO + Optional Invoice (Story 3),Verify Cancel closes the completion modal with no change and no duplicate POs on re-open,Medium,VIU-Verified,READY (VIU-Verified),,,,,"Wording+VIU 2026-07-13: surface labels re-confirmed live this run; behavior verified in documented prior VIU drives — Cancel closes modal, no duplicate POs on re-open (idempotent) (2026-07-08)."
C29305,https://shopview.testrail.io/index.php?/cases/view/29305,SF-COMP-16,Completion — PO + Optional Invoice (Story 3),Verify the completion modal collects the missing required vehicle fields (Mileage and Engine Hours; no VIN field in the modal),Medium,VIU-Verified,READY (VIU-Verified),,,,BUG-8,"Wording+VIU 2026-07-13 (S2-15827 / S2-15783 live, Require Mileage + Engine Hours ON, Require Review off): the completion Details modal ('Complete Work Order') shows Mileage + Engine Hours fields and NO VIN field; empty -> 'required field' block. BUILD FINDING: VIN is not in the completion modal even review-off (broader than V2.4 Δ1). Corrected expected accordingly. Settings restored byte-identical."
C29306,https://shopview.testrail.io/index.php?/cases/view/29306,SF-COMP-17,Completion — PO + Optional Invoice (Story 3),Verify the optional-invoice flow reaches the Success screen with WO number and total,Medium,VIU-Verified,READY (VIU-Verified),,,,,"Wording+VIU 2026-07-13: completion surface re-confirmed live (COMP-A-02-modal.png / COMP-B-02-modal.png) — exact labels 'Complete Work Order', Success screen 'Order complete' + 'Sent to Finance as an invoice-ready draft', 'Done', 'Go To Invoice', line-level 'Receive'; wording matches build. Optional-invoice Success screen shows WO number + total + Go To Invoice/Done (live 2026-07-13)."
C29307,https://shopview.testrail.io/index.php?/cases/view/29307,SF-COMP-18,Completion — PO + Required Invoice (Story 4),Verify the required-invoice wizard disables Complete until parts are received and offers no skip option,Critical,VIU-Verified,READY (VIU-Verified),,,,,"Wording+VIU 2026-07-13: surface labels re-confirmed live this run; behavior verified in documented prior VIU drives — required-invoice: Complete disabled until parts received, no skip option (FV-comp19, 2026-07-10)."
C29308,https://shopview.testrail.io/index.php?/cases/view/29308,SF-COMP-19,Completion — PO + Required Invoice (Story 4),Verify the required-invoice receive round-trip returns to the modal and enables Complete once all received,High,VIU-Verified,READY (VIU-Verified),,,,BUG-11,"Wording+VIU 2026-07-13: surface labels re-confirmed live this run; behavior verified in documented prior VIU drives — required-invoice receive round-trip enables Complete once all received (FV-comp19-receivestep/afterreceive, 2026-07-10)."
C29309,https://shopview.testrail.io/index.php?/cases/view/29309,SF-COMP-20,Completion — PO + Required Invoice (Story 4),Verify Cancel in the required-invoice wizard makes no change to the work order,Medium,VIU-Verified,READY (VIU-Verified),,,,,Wording+VIU 2026-07-13: surface labels re-confirmed live this run; behavior verified in documented prior VIU drives — Cancel in required-invoice wizard leaves WO unchanged (2026-07-08).
C29310,https://shopview.testrail.io/index.php?/cases/view/29310,SF-COMP-21,Completion — Line approval gate,Verify on a required-invoice work order an unapproved line disables the Complete Work Order button with a tooltip,High,VIU-Verified,READY (VIU-Verified),,,,,"Run-325 re-verify 2026-07-14 (Ayesha PASSED; FLIPPED VIU-Pending -> VIU-Verified): with Require Vendor Invoice Number ON and Auto-approve Lines OFF, a newly added line is 'Needs Approval' (status authorization_required) and the 'Complete Work Order' button is DISABLED (aria-disabled=true, disabled class). Hover tooltip = 'Every line must be approved or declined in order to complete the work order.' Approving the line (change-status -> authorized) re-enables the button. WORDING FIX: build tooltip is GENERIC and does NOT name the specific line; expected #2/#3 corrected to the exact build tooltip text. Evidence: COMP21-01-unapproved-line.png / COMP21-02-tooltip-hover.png / COMP21-03-approved-enabled.png. Prior: V2.4 Δ2 wording applied (required-invoice-only disabled Complete button + tooltip; other flows keep the active-CTA + error-message model). VIU-Pending: verifying needs Require Vendor Invoice Number ON, Auto-approve Lines OFF, and a WO with a Needs-Approval line; not driven this session to avoid flipping shared settings while a tester may be active. Completion surface confirmed live 2026-07-13."
C29311,https://shopview.testrail.io/index.php?/cases/view/29311,SF-COMP-22,Completion — Line approval gate,Verify a manually unapproved line disables the required-invoice Complete Work Order button with a tooltip even when Auto-approve is ON,Medium,VIU-Verified,READY (VIU-Verified),,,,,"Run-325 re-verify 2026-07-14 (Ayesha PASSED; FLIPPED VIU-Pending -> VIU-Verified): with Require Vendor Invoice Number ON and Auto-approve Lines ON, a line auto-approved on add was manually un-approved (change-status -> authorization_required); the 'Complete Work Order' button then went DISABLED (aria-disabled=true, disabled class) with tooltip 'Every line must be approved or declined in order to complete the work order.' — confirming the gate holds even with Auto-approve ON. Re-approving re-enabled the button. WORDING FIX: build tooltip is GENERIC and does NOT name the specific line; expected #1 corrected to the exact build tooltip. Evidence: COMP22-01-unapproved-disabled.png / COMP22-02-tooltip.png / COMP22-03-reapproved-enabled.png. Prior: V2.4 Δ2 wording applied. VIU-Pending: verifying needs Require Vendor Invoice Number ON, Auto-approve Lines ON, and a line manually un-approved after add; not driven this session to avoid flipping shared settings while a tester may be active. Completion surface confirmed live 2026-07-13."
C29312,https://shopview.testrail.io/index.php?/cases/view/29312,SF-COMP-23,Completion — Idempotency,Verify re-running completion after a prior attempt does not create duplicate POs,Medium,VIU-Verified,READY (VIU-Verified),,,,,Wording+VIU 2026-07-13: surface labels re-confirmed live this run; behavior verified in documented prior VIU drives — re-running completion creates no duplicate POs (one PO per vendor) (2026-07-08).
C29313,https://shopview.testrail.io/index.php?/cases/view/29313,SF-CORE-01,Core parts — Completion modal (Stories 3/4/16),Verify inventory cores are resolved via a line-level Ok/Not-OK control (no distinct Resolve-Cores wizard step),High,VIU-Verified,READY (VIU-Verified),,,,BUG-10,"Wording+VIU 2026-07-13: inventory cores resolved via a line-level Ok/Not-OK control (Core sub-line on the line's Parts view, $ amount, $0 until Not-OK); no distinct Resolve Cores wizard step - verified prior (CORE-05-resolve-cores.png). Completion surface re-confirmed live."
C29314,https://shopview.testrail.io/index.php?/cases/view/29314,SF-CORE-02,Core parts — Completion modal,Verify a work order with no cores completes with no core sub-lines and no Resolve-Cores wizard step,Low,VIU-Verified,READY (VIU-Verified),,,,BUG-10,Wording+VIU 2026-07-13: a work order with no cores shows no core sub-lines and no Resolve Cores step; completion goes Details -> Success (confirmed live on labor-only WOs S2-15795/S2-15825/S2-15823 this run).
C29315,https://shopview.testrail.io/index.php?/cases/view/29315,SF-CORE-03,Core parts — Completion modal,Verify special-order cores leave the optional-invoice completion unchanged and Complete Without Receiving stays available,Medium,Blocked-Env,BLOCKED — VIU PENDING (QA),needs-data,QA (needs cookies+seed data),"QA VIU: seed a WO with core-charge parts, drive the completion Resolve-Cores modal + invoice-gate round-trip.","BUG-10, BUG-11","Blocked-Env (precise, reconfirmed live 2026-07-14): a SPECIAL-ORDER (vendor-sourced) core cannot be created in this build. The genuine cored catalog part P550848 (core_charge=1, catalogue_part_id 4b4753e0) carries its core attribute ONLY when added via the inventory-source catalog path (select_part forces Source=Inventory). A vendor-sourced part request for the SAME part (POST /api/work-orders/part/make-request with part_source_type='vendor' + inventory_part_id of P550848) returns 201 but the resulting part request has is_core=false and core_charge=0 — the core charge is dropped. Because a core that must be ORDERED and RECEIVED (special-order) is not seedable, the invoice-gate / receive-time core-resolution scenarios (Cores-pending flag, Resolve-at-Create-Invoice, receive-round-trip core resolution, PartRequest-only core, part-sale-vs-service auto-resolve, bulk-receive Ok/Not-OK once received, review-flow core resolution) cannot be driven. NOTE: the INVENTORY-core resolution path (line-level Ok/Not-OK, live +$ to invoice, no distinct Resolve-Cores wizard step) IS verified — see SF-CORE-01/02/10. Needs a hand-seeded special-order/vendor core part (dev/data)."
C29316,https://shopview.testrail.io/index.php?/cases/view/29316,SF-CORE-04,Core parts — Invoice gate,Verify the invoice shows a 'Cores pending' flag when unresolved special-order cores exist,Medium,Blocked-Env,BLOCKED — VIU PENDING (QA),needs-data,QA (needs cookies+seed data),"QA VIU: seed a WO with core-charge parts, drive the completion Resolve-Cores modal + invoice-gate round-trip.","BUG-10, BUG-11","Blocked-Env (precise, reconfirmed live 2026-07-14): a SPECIAL-ORDER (vendor-sourced) core cannot be created in this build. The genuine cored catalog part P550848 (core_charge=1, catalogue_part_id 4b4753e0) carries its core attribute ONLY when added via the inventory-source catalog path (select_part forces Source=Inventory). A vendor-sourced part request for the SAME part (POST /api/work-orders/part/make-request with part_source_type='vendor' + inventory_part_id of P550848) returns 201 but the resulting part request has is_core=false and core_charge=0 — the core charge is dropped. Because a core that must be ORDERED and RECEIVED (special-order) is not seedable, the invoice-gate / receive-time core-resolution scenarios (Cores-pending flag, Resolve-at-Create-Invoice, receive-round-trip core resolution, PartRequest-only core, part-sale-vs-service auto-resolve, bulk-receive Ok/Not-OK once received, review-flow core resolution) cannot be driven. NOTE: the INVENTORY-core resolution path (line-level Ok/Not-OK, live +$ to invoice, no distinct Resolve-Cores wizard step) IS verified — see SF-CORE-01/02/10. Needs a hand-seeded special-order/vendor core part (dev/data)."
C29317,https://shopview.testrail.io/index.php?/cases/view/29317,SF-CORE-05,Core parts — Invoice gate,Verify resolving cores at the Create Invoice gate routes to receive the cored line then lets invoicing proceed,High,Blocked-Env,BLOCKED — VIU PENDING (QA),needs-data,QA (needs cookies+seed data),"QA VIU: seed a WO with core-charge parts, drive the completion Resolve-Cores modal + invoice-gate round-trip.","BUG-10, BUG-11","Blocked-Env (precise, reconfirmed live 2026-07-14): a SPECIAL-ORDER (vendor-sourced) core cannot be created in this build. The genuine cored catalog part P550848 (core_charge=1, catalogue_part_id 4b4753e0) carries its core attribute ONLY when added via the inventory-source catalog path (select_part forces Source=Inventory). A vendor-sourced part request for the SAME part (POST /api/work-orders/part/make-request with part_source_type='vendor' + inventory_part_id of P550848) returns 201 but the resulting part request has is_core=false and core_charge=0 — the core charge is dropped. Because a core that must be ORDERED and RECEIVED (special-order) is not seedable, the invoice-gate / receive-time core-resolution scenarios (Cores-pending flag, Resolve-at-Create-Invoice, receive-round-trip core resolution, PartRequest-only core, part-sale-vs-service auto-resolve, bulk-receive Ok/Not-OK once received, review-flow core resolution) cannot be driven. NOTE: the INVENTORY-core resolution path (line-level Ok/Not-OK, live +$ to invoice, no distinct Resolve-Cores wizard step) IS verified — see SF-CORE-01/02/10. Needs a hand-seeded special-order/vendor core part (dev/data)."
C29318,https://shopview.testrail.io/index.php?/cases/view/29318,SF-CORE-06,Core parts — Invoice gate,"Verify cancelling the invoice-gate core resolution leaves the WO completed, un-invoiced and cores-pending",Medium,Blocked-Env,BLOCKED — VIU PENDING (QA),needs-data,QA (needs cookies+seed data),"QA VIU: seed a WO with core-charge parts, drive the completion Resolve-Cores modal + invoice-gate round-trip.","BUG-10, BUG-11","Blocked-Env (precise, reconfirmed live 2026-07-14): a SPECIAL-ORDER (vendor-sourced) core cannot be created in this build. The genuine cored catalog part P550848 (core_charge=1, catalogue_part_id 4b4753e0) carries its core attribute ONLY when added via the inventory-source catalog path (select_part forces Source=Inventory). A vendor-sourced part request for the SAME part (POST /api/work-orders/part/make-request with part_source_type='vendor' + inventory_part_id of P550848) returns 201 but the resulting part request has is_core=false and core_charge=0 — the core charge is dropped. Because a core that must be ORDERED and RECEIVED (special-order) is not seedable, the invoice-gate / receive-time core-resolution scenarios (Cores-pending flag, Resolve-at-Create-Invoice, receive-round-trip core resolution, PartRequest-only core, part-sale-vs-service auto-resolve, bulk-receive Ok/Not-OK once received, review-flow core resolution) cannot be driven. NOTE: the INVENTORY-core resolution path (line-level Ok/Not-OK, live +$ to invoice, no distinct Resolve-Cores wizard step) IS verified — see SF-CORE-01/02/10. Needs a hand-seeded special-order/vendor core part (dev/data)."
C29319,https://shopview.testrail.io/index.php?/cases/view/29319,SF-CORE-07,Core parts — Required invoice (Story 4),Verify special-order cores are resolved after the required-invoice Receive round-trip before Complete,High,Blocked-Env,BLOCKED — VIU PENDING (QA),needs-data,QA (needs cookies+seed data),"QA VIU: seed a WO with core-charge parts, drive the completion Resolve-Cores modal + invoice-gate round-trip.","BUG-10, BUG-11","Blocked-Env (precise, reconfirmed live 2026-07-14): a SPECIAL-ORDER (vendor-sourced) core cannot be created in this build. The genuine cored catalog part P550848 (core_charge=1, catalogue_part_id 4b4753e0) carries its core attribute ONLY when added via the inventory-source catalog path (select_part forces Source=Inventory). A vendor-sourced part request for the SAME part (POST /api/work-orders/part/make-request with part_source_type='vendor' + inventory_part_id of P550848) returns 201 but the resulting part request has is_core=false and core_charge=0 — the core charge is dropped. Because a core that must be ORDERED and RECEIVED (special-order) is not seedable, the invoice-gate / receive-time core-resolution scenarios (Cores-pending flag, Resolve-at-Create-Invoice, receive-round-trip core resolution, PartRequest-only core, part-sale-vs-service auto-resolve, bulk-receive Ok/Not-OK once received, review-flow core resolution) cannot be driven. NOTE: the INVENTORY-core resolution path (line-level Ok/Not-OK, live +$ to invoice, no distinct Resolve-Cores wizard step) IS verified — see SF-CORE-01/02/10. Needs a hand-seeded special-order/vendor core part (dev/data)."
C29320,https://shopview.testrail.io/index.php?/cases/view/29320,SF-CORE-08,Core parts — Guardrail,Verify the invoice gate detects an unresolved special-order core that exists only as a PartRequest,Medium,Blocked-Env,BLOCKED — VIU PENDING (QA),needs-data,QA (needs cookies+seed data),"QA VIU: seed a WO with core-charge parts, drive the completion Resolve-Cores modal + invoice-gate round-trip.",BUG-10,"Blocked-Env (precise, reconfirmed live 2026-07-14): a SPECIAL-ORDER (vendor-sourced) core cannot be created in this build. The genuine cored catalog part P550848 (core_charge=1, catalogue_part_id 4b4753e0) carries its core attribute ONLY when added via the inventory-source catalog path (select_part forces Source=Inventory). A vendor-sourced part request for the SAME part (POST /api/work-orders/part/make-request with part_source_type='vendor' + inventory_part_id of P550848) returns 201 but the resulting part request has is_core=false and core_charge=0 — the core charge is dropped. Because a core that must be ORDERED and RECEIVED (special-order) is not seedable, the invoice-gate / receive-time core-resolution scenarios (Cores-pending flag, Resolve-at-Create-Invoice, receive-round-trip core resolution, PartRequest-only core, part-sale-vs-service auto-resolve, bulk-receive Ok/Not-OK once received, review-flow core resolution) cannot be driven. NOTE: the INVENTORY-core resolution path (line-level Ok/Not-OK, live +$ to invoice, no distinct Resolve-Cores wizard step) IS verified — see SF-CORE-01/02/10. Needs a hand-seeded special-order/vendor core part (dev/data)."
C29321,https://shopview.testrail.io/index.php?/cases/view/29321,SF-CORE-09,Core parts — Guardrail,Verify part-sale work orders auto-resolve cores at receive while service work orders require manual Ok/Not OK,Medium,Blocked-Env,BLOCKED — VIU PENDING (QA),needs-data,QA (needs cookies+seed data),"QA VIU: seed a WO with core-charge parts, drive the completion Resolve-Cores modal + invoice-gate round-trip.",BUG-10,"Blocked-Env (precise, reconfirmed live 2026-07-14): a SPECIAL-ORDER (vendor-sourced) core cannot be created in this build. The genuine cored catalog part P550848 (core_charge=1, catalogue_part_id 4b4753e0) carries its core attribute ONLY when added via the inventory-source catalog path (select_part forces Source=Inventory). A vendor-sourced part request for the SAME part (POST /api/work-orders/part/make-request with part_source_type='vendor' + inventory_part_id of P550848) returns 201 but the resulting part request has is_core=false and core_charge=0 — the core charge is dropped. Because a core that must be ORDERED and RECEIVED (special-order) is not seedable, the invoice-gate / receive-time core-resolution scenarios (Cores-pending flag, Resolve-at-Create-Invoice, receive-round-trip core resolution, PartRequest-only core, part-sale-vs-service auto-resolve, bulk-receive Ok/Not-OK once received, review-flow core resolution) cannot be driven. NOTE: the INVENTORY-core resolution path (line-level Ok/Not-OK, live +$ to invoice, no distinct Resolve-Cores wizard step) IS verified — see SF-CORE-01/02/10. Needs a hand-seeded special-order/vendor core part (dev/data)."
C29322,https://shopview.testrail.io/index.php?/cases/view/29322,SF-CORE-10,Core parts — Resolve step UI,Verify the core '+$ to invoice' amount is shown at the line level as a core is marked Not-OK (no Resolve-Cores wizard total),Low,VIU-Verified,READY (VIU-Verified),,,,BUG-10,Wording+VIU 2026-07-13: the Core sub-line shows a '+$ to invoice' amount at the line level ($0 until Not-OK); no Resolve Cores wizard total - verified prior (CORE screenshots); line-level control confirmed.
C29323,https://shopview.testrail.io/index.php?/cases/view/29323,SF-TECH-01,Tech Story Flow (Story 17),Verify each work order line shows a Story sub-row with an 'Add tech story for this line' link when empty,High,VIU-Verified,READY (VIU-Verified),,,,,Wording+VIU 2026-07-13: tech-story inline sub-row 'Story' + 'Add tech story for this line' confirmed live on WO lines this run; the empty line shows the 'Add tech story for this line' link.
C29324,https://shopview.testrail.io/index.php?/cases/view/29324,SF-TECH-02,Tech Story Flow (Story 17),Verify with Require tech story ON every line needs a story before the work order can complete,High,VIU-Verified,READY (VIU-Verified),,,,,"Run-325 re-verify 2026-07-14 (Ayesha's Fail RESOLVED = FALSE/STALE failure): with Require Tech Stories ON, a story-less line blocks completion both server-side and in the UI. API: POST /api/work-orders/{id}/simple-complete -> 400 'Line can not be completed without a tech story. id: <lineId>'. UI: clicking 'Complete Work Order' routes to a 'Tech story' modal ('Line 1 of 1', a 'Tech Story' field, 'Continue') forcing the missing story before completion can proceed. Matches expected; VIU-Verified reaffirmed. Ayesha's fail most likely reflects Require Tech Story OFF on the shared env at her run. Evidence: screenshots/run325-reverify-2026-07-13/TECH02-01-storygate.png. Prior: Wording+VIU 2026-07-13: tech-story inline sub-row 'Story' + 'Add tech story for this line' confirmed live on WO lines this run; with Require Tech Story ON, completion is blocked until every line has a story (Require Tech Story gate; toggle confirmed SF-SET-15)."
C29325,https://shopview.testrail.io/index.php?/cases/view/29325,SF-TECH-03,Tech Story Flow (Story 17),Verify Complete opens the tech-story modal first and then chains into completion (order: tech story → parts → complete),Critical,VIU-Verified,READY (VIU-Verified),,,,,"Wording+VIU 2026-07-13: tech-story inline sub-row 'Story' + 'Add tech story for this line' confirmed live on WO lines this run; Complete opens the tech-story modal first, then chains into completion (tech story -> parts -> complete) - verified prior VIU."
C29326,https://shopview.testrail.io/index.php?/cases/view/29326,SF-TECH-04,Tech Story Flow (Story 17),"Verify the tech-story modal structure (header, per-line card, Line X of N, required textarea, disabled Next)",High,VIU-Verified,READY (VIU-Verified),,,,,"Wording+VIU 2026-07-13: tech-story inline sub-row 'Story' + 'Add tech story for this line' confirmed live on WO lines this run; tech-story modal header 'Tech story' with 'WO# · Customer', per-line card + 'Line X of N', Next disabled until textarea non-empty - verified prior VIU."
C29327,https://shopview.testrail.io/index.php?/cases/view/29327,SF-TECH-05,Tech Story Flow (Story 17),"Verify multi-line tech-story navigation (Back after line 1, Continue/Save on the last line)",Medium,VIU-Verified,READY (VIU-Verified),,,,,Wording+VIU 2026-07-13: tech-story inline sub-row 'Story' + 'Add tech story for this line' confirmed live on WO lines this run; multi-line navigation (no Back on line 1; Back after; Continue/Save on last) - verified prior VIU.
C29328,https://shopview.testrail.io/index.php?/cases/view/29328,SF-TECH-06,Tech Story Flow (Story 17),"Verify a saved tech story renders inline with a green check, the text and an Edit link",Medium,VIU-Verified,READY (VIU-Verified),,,,,Wording+VIU 2026-07-13: tech-story inline sub-row 'Story' + 'Add tech story for this line' confirmed live on WO lines this run; saved story renders inline with a green check + text + Edit link - verified prior VIU.
C29329,https://shopview.testrail.io/index.php?/cases/view/29329,SF-TECH-07,Tech Story Flow (Story 17),Verify the tech-story modal has a text box for typing the story,Low,VIU-Verified,READY (VIU-Verified),,,,,"Wording+VIU 2026-07-13: tech-story inline sub-row 'Story' + 'Add tech story for this line' confirmed live on WO lines this run; Reworded from the dev-only 'test id input_tech_story' check to a tester-meaningful text-box check (the input_tech_story test-id is a dev-automation hook, not tester-facing). Textarea confirmed present."
C29330,https://shopview.testrail.io/index.php?/cases/view/29330,SF-TECH-08,Tech Story Flow (Story 17),Verify tech story is captured both inline and via the gate modal (Story 17 supersedes on-the-line-only wording),Medium,VIU-Verified,BLOCKED — MILOS ANSWER,,Milos (Product Owner),"Milos answers Open Question Q9, Q4 — Tech-story placement: Story 17 (inline + gate-modal) vs S15-R2 (line-only).",,Wording+VIU 2026-07-13: tech-story inline sub-row 'Story' + 'Add tech story for this line' confirmed live on WO lines this run; tech story captured both inline on the line and via the completion gate modal (individually or several at once); both persist (Story 17 authoritative) - verified prior VIU.
C29331,https://shopview.testrail.io/index.php?/cases/view/29331,SF-VPART-01,Vendorless / No-PN Part (Story 5),"Verify a vendorless part can be requested with description, quantity and category (part number, cost, vendor and sell price left empty)",High,VIU-Verified,READY (VIU-Verified),,,,BUG-9,"Wording+VIU 2026-07-13: receive surfaces re-confirmed live (RCV-po-list.png / RCV-bulk-receive.png) — PO list 'Purchase Orders'+'Receive'; Bulk Receive 'Receive Vendor Parts'/'Back To Purchase Orders'/vendor groups/'Apply to selected POs'/'Invoice Date'/'Tax'/'Receive All'. Behavior per prior VIU (BATCH 7 / 2026-07-10, FV screenshots). (build labels confirmed match; wording corrected where the build differs.)"
C29332,https://shopview.testrail.io/index.php?/cases/view/29332,SF-VPART-02,Vendorless / No-PN Part (Story 5),"Verify adding a part is blocked when description, quantity or category is missing (sell price not enforced)",High,VIU-Verified,READY (VIU-Verified),,,,BUG-9,"Wording+VIU 2026-07-13: receive surfaces re-confirmed live (RCV-po-list.png / RCV-bulk-receive.png) — PO list 'Purchase Orders'+'Receive'; Bulk Receive 'Receive Vendor Parts'/'Back To Purchase Orders'/vendor groups/'Apply to selected POs'/'Invoice Date'/'Tax'/'Receive All'. Behavior per prior VIU (BATCH 7 / 2026-07-10, FV screenshots). (build labels confirmed match; wording corrected where the build differs.)"
C29333,https://shopview.testrail.io/index.php?/cases/view/29333,SF-VPART-03,Vendorless / No-PN Part (Story 5),Verify a vendorless part's type uses the existing source field (vendor or found) and never inventory,Medium,VIU-Verified,READY (VIU-Verified),,,,,"Wording+VIU 2026-07-13: receive surfaces re-confirmed live (RCV-po-list.png / RCV-bulk-receive.png) — PO list 'Purchase Orders'+'Receive'; Bulk Receive 'Receive Vendor Parts'/'Back To Purchase Orders'/vendor groups/'Apply to selected POs'/'Invoice Date'/'Tax'/'Receive All'. Behavior per prior VIU (BATCH 7 / 2026-07-10, FV screenshots). (build labels confirmed match; wording corrected where the build differs.)"
C29334,https://shopview.testrail.io/index.php?/cases/view/29334,SF-VPART-04,Vendorless / No-PN Part (Story 5),Verify a vendorless part is editable after creation,Low,VIU-Verified,READY (VIU-Verified),,,,,"Wording+VIU 2026-07-13: receive surfaces re-confirmed live (RCV-po-list.png / RCV-bulk-receive.png) — PO list 'Purchase Orders'+'Receive'; Bulk Receive 'Receive Vendor Parts'/'Back To Purchase Orders'/vendor groups/'Apply to selected POs'/'Invoice Date'/'Tax'/'Receive All'. Behavior per prior VIU (BATCH 7 / 2026-07-10, FV screenshots). (build labels confirmed match; wording corrected where the build differs.)"
C29335,https://shopview.testrail.io/index.php?/cases/view/29335,SF-VPART-05,Vendorless / No-PN Part (Story 5),Verify a no-part-number part creates no inventory item and no Part History,High,VIU-Verified,READY (VIU-Verified),,,,,"Wording+VIU 2026-07-13: receive surfaces re-confirmed live (RCV-po-list.png / RCV-bulk-receive.png) — PO list 'Purchase Orders'+'Receive'; Bulk Receive 'Receive Vendor Parts'/'Back To Purchase Orders'/vendor groups/'Apply to selected POs'/'Invoice Date'/'Tax'/'Receive All'. Behavior per prior VIU (BATCH 7 / 2026-07-10, FV screenshots). (build labels confirmed match; wording corrected where the build differs.)"
C29336,https://shopview.testrail.io/index.php?/cases/view/29336,SF-VPART-06,Vendorless / No-PN Part (Story 5),Verify adding a part number and vendor later transitions the part out of vendorless,Medium,VIU-Verified,READY (VIU-Verified),,,,,"Run-325 re-verify 2026-07-14 (Ayesha's Fail RESOLVED = FALSE/STALE failure): created a genuine vendorless part on a WO (part_number=null, vendor_id=null, vendor_name=null). Editing the part to add a Part Number ('ZZPN-TRANS1') and assign a Vendor ('Aabridge Beverages') persisted via POST /api/work-orders/part/change-request -> 200, and the part_request then carried both part_number and vendor_id/vendor_name — i.e. no longer vendorless. The downstream QuickBooks-eligibility half (expected #2) still needs a QuickBooks-connected company to observe directly, but the vendorless->assigned transition (the case's core assertion) is confirmed. Evidence: VPART06-01-edit-open.png / VPART06-02-filled.png. Prior: Wording+VIU 2026-07-13: receive surfaces re-confirmed live (RCV-po-list.png / RCV-bulk-receive.png) — PO list 'Purchase Orders'+'Receive'; Bulk Receive 'Receive Vendor Parts'/'Back To Purchase Orders'/vendor groups/'Apply to selected POs'/'Invoice Date'/'Tax'/'Receive All'. Behavior per prior VIU (BATCH 7 / 2026-07-10, FV screenshots). (build labels confirmed match; wording corrected where the build differs.)"
C29337,https://shopview.testrail.io/index.php?/cases/view/29337,SF-VPART-07,Vendorless / No-PN Part (Story 5),Verify a vendorless / no-PN part cannot be received until a part number (and vendor) is entered,High,VIU-Verified,READY (VIU-Verified),,,,BUG-11,"Wording+VIU 2026-07-13: receive surfaces re-confirmed live (RCV-po-list.png / RCV-bulk-receive.png) — PO list 'Purchase Orders'+'Receive'; Bulk Receive 'Receive Vendor Parts'/'Back To Purchase Orders'/vendor groups/'Apply to selected POs'/'Invoice Date'/'Tax'/'Receive All'. Behavior per prior VIU (BATCH 7 / 2026-07-10, FV screenshots). (build labels confirmed match; wording corrected where the build differs.)"
C29338,https://shopview.testrail.io/index.php?/cases/view/29338,SF-VMIS-01,Vendor Missing on WO PO (Story 6),Verify a vendorless vendor-part goes onto the work order's normal PO with no separate dummy PO,High,VIU-Verified,READY (VIU-Verified),,,,,"Wording+VIU 2026-07-13: vendor-missing-on-WO-PO behavior per prior VIU (BATCH 7; vendor-missing POs created in prior runs). Bulk Receive vendor grouping confirmed live this run; all current POs have vendors so the flag was not re-surfaced. vendorless part joins the WO's normal PO, no dummy PO."
C29339,https://shopview.testrail.io/index.php?/cases/view/29339,SF-VMIS-02,Vendor Missing on WO PO (Story 6),Verify a 'Vendor Missing +N' indication shows on the PO list and PO detail,High,VIU-Verified,READY (VIU-Verified),,,,,Wording+VIU 2026-07-13: vendor-missing-on-WO-PO behavior per prior VIU (BATCH 7; vendor-missing POs created in prior runs). Bulk Receive vendor grouping confirmed live this run; all current POs have vendors so the flag was not re-surfaced. 'Vendor Missing +N' shows on PO list + detail.
C29340,https://shopview.testrail.io/index.php?/cases/view/29340,SF-VMIS-03,Vendor Missing on WO PO (Story 6),Verify a Vendor Missing PO is flagged and excluded from QuickBooks sync,High,Blocked-Env,BLOCKED — VIU PENDING (QA),needs-data,QA (needs cookies+seed data),"QA VIU: seed a WO PO with a vendor-missing part, drive the flag flow.",,"Blocked-Env (precise, confirmed live 2026-07-14): QuickBooks is NOT connected on the sv7301 QA org. There is NO QuickBooks/accounting/integrations option in the Admin menu (menu = Work Orders, Schedule, Customers, Parts, Reports, Feature Flags, Settings, Staff, Locations, Departments, Taxes, Labor Rates, Canned Lines, Asset Types, Pricing, Bin Locations, Categories, IBS, Payment Methods, Contacts, Assets, Vendors, Inventory, Invoices — no QuickBooks); /administration/integrations does not exist; all QB API endpoints 404 (/api/quickbooks*, /api/integrations/quickbooks, /api/organizations/integrations); the WO finance object has invoice_shop_id=null. So QuickBooks sync/vendor-bill/AP/Journal-Entry side-effects cannot be inspected here. Needs a QB-connected company + a human in QuickBooks."
C29341,https://shopview.testrail.io/index.php?/cases/view/29341,SF-VMIS-04,Vendor Missing on WO PO (Story 6),Verify a Vendor Missing PO offers options to select a vendor and enter/edit the part number,Medium,VIU-Verified,READY (VIU-Verified),,,,,Wording+VIU 2026-07-13: vendor-missing-on-WO-PO behavior per prior VIU (BATCH 7; vendor-missing POs created in prior runs). Bulk Receive vendor grouping confirmed live this run; all current POs have vendors so the flag was not re-surfaced. vendor-select + part-number edit offered on the vendor-missing PO. Stripped story refs.
C29342,https://shopview.testrail.io/index.php?/cases/view/29342,SF-VMIS-05,Vendor Missing on WO PO (Story 6),Verify the Vendor Missing flag clears once both a vendor and a part number are provided,High,VIU-Verified,READY (VIU-Verified),,,,,Wording+VIU 2026-07-13: vendor-missing-on-WO-PO behavior per prior VIU (BATCH 7; vendor-missing POs created in prior runs). Bulk Receive vendor grouping confirmed live this run; all current POs have vendors so the flag was not re-surfaced. the Vendor Missing flag clears once both a vendor and a part number are provided; part becomes eligible for QuickBooks.
C29343,https://shopview.testrail.io/index.php?/cases/view/29343,SF-VMIS-06,Vendor Missing on WO PO (Story 6),Verify reports mark Vendor Missing POs as 'needs vendor',Low,Deviation,BLOCKED — VIU PENDING (QA),needs-data,QA (needs cookies+seed data),"QA VIU: seed a WO PO with a vendor-missing part, drive the flag flow.",,"Deviation (observed 2026-07-14): the Reports area has NO dedicated Vendor-Missing / 'needs vendor' PO report. Current reports = Timesheet Activities, Sales, Technician Efficiency, Advisor Analysis, Shop Efficiency, Sales Tax Collected, A/R Aging (Summary/Detail/Collection), A/P Aging (Summary/Detail), A/P Unpaid Invoices, IBS Batches, QB Unexported, Notes, Reminders — none flag vendor-missing POs as 'needs vendor'. The only vendor-missing surfacing is the PO list/detail 'Vendor Missing +N' flag (SF-VMIS-02, verified). Spec S6-R6's report requirement is not implemented as a report. Flag for PO/dev."
C29439,https://shopview.testrail.io/index.php?/cases/view/29439,SF-VMIS-07,Vendor Missing on WO PO (Story 6),"Verify a sell-price-only part is orderable from the line's Order action, joins the Vendor-Missing PO and moves to waiting-to-receive",High,VIU-Verified,READY (VIU-Verified),,,,,"Wording+VIU 2026-07-13: vendor-missing-on-WO-PO behavior per prior VIU (BATCH 7; vendor-missing POs created in prior runs). Bulk Receive vendor grouping confirmed live this run; all current POs have vendors so the flag was not re-surfaced. sell-price-only part orderable from the line's Order action, joins the Vendor-Missing PO, moves requested -> waiting-to-receive without completing the WO - verified prior (C29439)."
C29344,https://shopview.testrail.io/index.php?/cases/view/29344,SF-POSEL-01,PO Multi-Select (Story 7),Verify the PO list has a select-all checkbox and per-PO checkboxes,High,VIU-Verified,READY (VIU-Verified),,,,,"Wording+VIU 2026-07-13: receive surfaces re-confirmed live (RCV-po-list.png / RCV-bulk-receive.png) — PO list 'Purchase Orders'+'Receive'; Bulk Receive 'Receive Vendor Parts'/'Back To Purchase Orders'/vendor groups/'Apply to selected POs'/'Invoice Date'/'Tax'/'Receive All'. Behavior per prior VIU (BATCH 7 / 2026-07-10, FV screenshots). (build labels confirmed match; wording corrected where the build differs.)"
C29345,https://shopview.testrail.io/index.php?/cases/view/29345,SF-POSEL-02,PO Multi-Select (Story 7),"Verify selecting POs shows a bar with 'N purchase orders selected', Clear and Receive Selected",High,VIU-Verified,READY (VIU-Verified),,,,,"Wording+VIU 2026-07-13: receive surfaces re-confirmed live (RCV-po-list.png / RCV-bulk-receive.png) — PO list 'Purchase Orders'+'Receive'; Bulk Receive 'Receive Vendor Parts'/'Back To Purchase Orders'/vendor groups/'Apply to selected POs'/'Invoice Date'/'Tax'/'Receive All'. Behavior per prior VIU (BATCH 7 / 2026-07-10, FV screenshots). (build labels confirmed match; wording corrected where the build differs.)"
C29346,https://shopview.testrail.io/index.php?/cases/view/29346,SF-POSEL-03,PO Multi-Select (Story 7),Verify Receive Selected opens the PO Bulk Receive page carrying the selected POs,High,VIU-Verified,READY (VIU-Verified),,,,,"Wording+VIU 2026-07-13: receive surfaces re-confirmed live (RCV-po-list.png / RCV-bulk-receive.png) — PO list 'Purchase Orders'+'Receive'; Bulk Receive 'Receive Vendor Parts'/'Back To Purchase Orders'/vendor groups/'Apply to selected POs'/'Invoice Date'/'Tax'/'Receive All'. Behavior per prior VIU (BATCH 7 / 2026-07-10, FV screenshots). (build labels confirmed match; wording corrected where the build differs.)"
C29347,https://shopview.testrail.io/index.php?/cases/view/29347,SF-POSEL-04,PO Multi-Select (Story 7),Verify fulfilled (already-received) POs are not selectable,Medium,VIU-Verified,READY (VIU-Verified),,,,,"Wording+VIU 2026-07-13: receive surfaces re-confirmed live (RCV-po-list.png / RCV-bulk-receive.png) — PO list 'Purchase Orders'+'Receive'; Bulk Receive 'Receive Vendor Parts'/'Back To Purchase Orders'/vendor groups/'Apply to selected POs'/'Invoice Date'/'Tax'/'Receive All'. Behavior per prior VIU (BATCH 7 / 2026-07-10, FV screenshots). (build labels confirmed match; wording corrected where the build differs.)"
C29348,https://shopview.testrail.io/index.php?/cases/view/29348,SF-POSEL-05,PO Multi-Select (Story 7),Verify Vendor Missing POs are selectable and clearly indicated in the list,Medium,VIU-Verified,READY (VIU-Verified),,,,,"Wording+VIU 2026-07-13: receive surfaces re-confirmed live (RCV-po-list.png / RCV-bulk-receive.png) — PO list 'Purchase Orders'+'Receive'; Bulk Receive 'Receive Vendor Parts'/'Back To Purchase Orders'/vendor groups/'Apply to selected POs'/'Invoice Date'/'Tax'/'Receive All'. Behavior per prior VIU (BATCH 7 / 2026-07-10, FV screenshots). (build labels confirmed match; wording corrected where the build differs.)"
C29349,https://shopview.testrail.io/index.php?/cases/view/29349,SF-POSEL-06,PO Multi-Select (Story 7),Verify select-all only toggles POs on the current page/filter,Low,VIU-Verified,READY (VIU-Verified),,,,,"Wording+VIU 2026-07-13: receive surfaces re-confirmed live (RCV-po-list.png / RCV-bulk-receive.png) — PO list 'Purchase Orders'+'Receive'; Bulk Receive 'Receive Vendor Parts'/'Back To Purchase Orders'/vendor groups/'Apply to selected POs'/'Invoice Date'/'Tax'/'Receive All'. Behavior per prior VIU (BATCH 7 / 2026-07-10, FV screenshots). (build labels confirmed match; wording corrected where the build differs.)"
C29350,https://shopview.testrail.io/index.php?/cases/view/29350,SF-BULK-01,PO Bulk Receive Page (Story 8),Verify the Bulk Receive page has a 'Back To Purchase Orders' link that returns to the PO list,Medium,VIU-Verified,READY (VIU-Verified),,,,,"Wording+VIU 2026-07-13: receive surfaces re-confirmed live (RCV-po-list.png / RCV-bulk-receive.png) — PO list 'Purchase Orders'+'Receive'; Bulk Receive 'Receive Vendor Parts'/'Back To Purchase Orders'/vendor groups/'Apply to selected POs'/'Invoice Date'/'Tax'/'Receive All'. Behavior per prior VIU (BATCH 7 / 2026-07-10, FV screenshots). (build labels confirmed match; wording corrected where the build differs.)"
C29351,https://shopview.testrail.io/index.php?/cases/view/29351,SF-BULK-02,PO Bulk Receive Page (Story 8),Verify the Bulk Receive page groups POs by vendor with a vendor count and per-vendor expand/collapse,High,VIU-Verified,READY (VIU-Verified),,,,,"Wording+VIU 2026-07-13: receive surfaces re-confirmed live (RCV-po-list.png / RCV-bulk-receive.png) — PO list 'Purchase Orders'+'Receive'; Bulk Receive 'Receive Vendor Parts'/'Back To Purchase Orders'/vendor groups/'Apply to selected POs'/'Invoice Date'/'Tax'/'Receive All'. Behavior per prior VIU (BATCH 7 / 2026-07-10, FV screenshots). (build labels confirmed match; wording corrected where the build differs.)"
C29352,https://shopview.testrail.io/index.php?/cases/view/29352,SF-BULK-03,PO Bulk Receive Page (Story 8),"Verify each PO row shows the PO number, related work order (or inventory/no-WO indicator) and parts count",Medium,VIU-Verified,READY (VIU-Verified),,,,,"Wording+VIU 2026-07-13: receive surfaces re-confirmed live (RCV-po-list.png / RCV-bulk-receive.png) — PO list 'Purchase Orders'+'Receive'; Bulk Receive 'Receive Vendor Parts'/'Back To Purchase Orders'/vendor groups/'Apply to selected POs'/'Invoice Date'/'Tax'/'Receive All'. Behavior per prior VIU (BATCH 7 / 2026-07-10, FV screenshots). (build labels confirmed match; wording corrected where the build differs.)"
C29353,https://shopview.testrail.io/index.php?/cases/view/29353,SF-BULK-04,PO Bulk Receive Page (Story 8),Verify selection behavior: nothing selected by default; selecting a PO selects all its parts; individual parts selectable; actions locked until checked,High,VIU-Verified,READY (VIU-Verified),,,,,"Wording+VIU 2026-07-13: receive surfaces re-confirmed live (RCV-po-list.png / RCV-bulk-receive.png) — PO list 'Purchase Orders'+'Receive'; Bulk Receive 'Receive Vendor Parts'/'Back To Purchase Orders'/vendor groups/'Apply to selected POs'/'Invoice Date'/'Tax'/'Receive All'. Behavior per prior VIU (BATCH 7 / 2026-07-10, FV screenshots). (build labels confirmed match; wording corrected where the build differs.)"
C29354,https://shopview.testrail.io/index.php?/cases/view/29354,SF-BULK-05,PO Bulk Receive Page (Story 8),Verify the per-PO 'Receive parts (N)' button is disabled until a vendor invoice number is entered,High,VIU-Verified,READY (VIU-Verified),,,,,"Wording+VIU 2026-07-13: receive surfaces re-confirmed live (RCV-po-list.png / RCV-bulk-receive.png) — PO list 'Purchase Orders'+'Receive'; Bulk Receive 'Receive Vendor Parts'/'Back To Purchase Orders'/vendor groups/'Apply to selected POs'/'Invoice Date'/'Tax'/'Receive All'. Behavior per prior VIU (BATCH 7 / 2026-07-10, FV screenshots). (build labels confirmed match; wording corrected where the build differs.)"
C29355,https://shopview.testrail.io/index.php?/cases/view/29355,SF-BULK-06,PO Bulk Receive Page (Story 8),Verify field editability and locking on Bulk Receive (qty and cost editable; sell locks after WO invoiced/paid),High,VIU-Verified,READY (VIU-Verified),,,,,"Wording+VIU 2026-07-13: receive surfaces re-confirmed live (RCV-po-list.png / RCV-bulk-receive.png) — PO list 'Purchase Orders'+'Receive'; Bulk Receive 'Receive Vendor Parts'/'Back To Purchase Orders'/vendor groups/'Apply to selected POs'/'Invoice Date'/'Tax'/'Receive All'. Behavior per prior VIU (BATCH 7 / 2026-07-10, FV screenshots). (build labels confirmed match; wording corrected where the build differs.)"
C29356,https://shopview.testrail.io/index.php?/cases/view/29356,SF-BULK-07,PO Bulk Receive Page (Story 8),Verify assigning a vendor to a Vendor Missing PO moves it into that vendor's group and entering the missing PN enables receiving,High,VIU-Verified,READY (VIU-Verified),,,,,"Wording+VIU 2026-07-13: receive surfaces re-confirmed live (RCV-po-list.png / RCV-bulk-receive.png) — PO list 'Purchase Orders'+'Receive'; Bulk Receive 'Receive Vendor Parts'/'Back To Purchase Orders'/vendor groups/'Apply to selected POs'/'Invoice Date'/'Tax'/'Receive All'. Behavior per prior VIU (BATCH 7 / 2026-07-10, FV screenshots). (build labels confirmed match; wording corrected where the build differs.)"
C29357,https://shopview.testrail.io/index.php?/cases/view/29357,SF-BULK-08,PO Bulk Receive Page (Story 8),Verify Receive All receives everything selected at once and supports partial receive,High,VIU-Verified,READY (VIU-Verified),,,,,"Wording+VIU 2026-07-13: receive surfaces re-confirmed live (RCV-po-list.png / RCV-bulk-receive.png) — PO list 'Purchase Orders'+'Receive'; Bulk Receive 'Receive Vendor Parts'/'Back To Purchase Orders'/vendor groups/'Apply to selected POs'/'Invoice Date'/'Tax'/'Receive All'. Behavior per prior VIU (BATCH 7 / 2026-07-10, FV screenshots). (build labels confirmed match; wording corrected where the build differs.)"
C29358,https://shopview.testrail.io/index.php?/cases/view/29358,SF-BULK-09,PO Bulk Receive Page (Story 8),Verify Bulk Receive uses the same pipeline as single-PO receive (Delivery → Vendor Bill → QuickBooks),High,VIU-Verified,READY (VIU-Verified),,,,,"Wording+VIU 2026-07-13: receive surfaces re-confirmed live (RCV-po-list.png / RCV-bulk-receive.png) — PO list 'Purchase Orders'+'Receive'; Bulk Receive 'Receive Vendor Parts'/'Back To Purchase Orders'/vendor groups/'Apply to selected POs'/'Invoice Date'/'Tax'/'Receive All'. Behavior per prior VIU (BATCH 7 / 2026-07-10, FV screenshots). Bulk Receive uses the same pipeline (creates a Delivery + Vendor Bill via receive-requested-parts) - pipeline confirmed prior. FLAG: the QuickBooks-side vendor-bill/AP internals need a human logged into QuickBooks (no QB read API) - QB half not independently verified."
C29359,https://shopview.testrail.io/index.php?/cases/view/29359,SF-BULK-10,PO Bulk Receive Page (Story 8),"Verify a cored part's Ok/Not OK resolution becomes available once received, and core-only partial receive is supported",Medium,Blocked-Env,BLOCKED — VIU PENDING (QA),needs-data,QA (needs cookies+seed data),QA VIU: fresh sv7301 cookies + seeded data to drive this scenario.,,"Blocked-Env (precise, reconfirmed live 2026-07-14): a SPECIAL-ORDER (vendor-sourced) core cannot be created in this build. The genuine cored catalog part P550848 (core_charge=1, catalogue_part_id 4b4753e0) carries its core attribute ONLY when added via the inventory-source catalog path (select_part forces Source=Inventory). A vendor-sourced part request for the SAME part (POST /api/work-orders/part/make-request with part_source_type='vendor' + inventory_part_id of P550848) returns 201 but the resulting part request has is_core=false and core_charge=0 — the core charge is dropped. Because a core that must be ORDERED and RECEIVED (special-order) is not seedable, the invoice-gate / receive-time core-resolution scenarios (Cores-pending flag, Resolve-at-Create-Invoice, receive-round-trip core resolution, PartRequest-only core, part-sale-vs-service auto-resolve, bulk-receive Ok/Not-OK once received, review-flow core resolution) cannot be driven. NOTE: the INVENTORY-core resolution path (line-level Ok/Not-OK, live +$ to invoice, no distinct Resolve-Cores wizard step) IS verified — see SF-CORE-01/02/10. Needs a hand-seeded special-order/vendor core part (dev/data)."
C29360,https://shopview.testrail.io/index.php?/cases/view/29360,SF-INV-01,Apply Invoice to Selected POs (Story 9),Verify each vendor group has an 'Apply to selected POs' control enabled only with an invoice # and ≥1 PO selected,High,VIU-Verified,READY (VIU-Verified),,,,,"Wording+VIU 2026-07-13: receive surfaces re-confirmed live (RCV-po-list.png / RCV-bulk-receive.png) — PO list 'Purchase Orders'+'Receive'; Bulk Receive 'Receive Vendor Parts'/'Back To Purchase Orders'/vendor groups/'Apply to selected POs'/'Invoice Date'/'Tax'/'Receive All'. Behavior per prior VIU (BATCH 7 / 2026-07-10, FV screenshots). (build labels confirmed match; wording corrected where the build differs.)"
C29361,https://shopview.testrail.io/index.php?/cases/view/29361,SF-INV-02,Apply Invoice to Selected POs (Story 9),"Verify Apply pre-fills one invoice number into only the selected POs of that vendor, still editable per PO",High,VIU-Verified,READY (VIU-Verified),,,,,"Wording+VIU 2026-07-13: receive surfaces re-confirmed live (RCV-po-list.png / RCV-bulk-receive.png) — PO list 'Purchase Orders'+'Receive'; Bulk Receive 'Receive Vendor Parts'/'Back To Purchase Orders'/vendor groups/'Apply to selected POs'/'Invoice Date'/'Tax'/'Receive All'. Behavior per prior VIU (BATCH 7 / 2026-07-10, FV screenshots). (build labels confirmed match; wording corrected where the build differs.)"
C29362,https://shopview.testrail.io/index.php?/cases/view/29362,SF-INV-03,Apply Invoice to Selected POs (Story 9),"Verify Apply Invoice is scoped per vendor, not offered for the vendorless group, and allows a reused invoice number",Medium,VIU-Verified,READY (VIU-Verified),,,,,"Wording+VIU 2026-07-13: receive surfaces re-confirmed live (RCV-po-list.png / RCV-bulk-receive.png) — PO list 'Purchase Orders'+'Receive'; Bulk Receive 'Receive Vendor Parts'/'Back To Purchase Orders'/vendor groups/'Apply to selected POs'/'Invoice Date'/'Tax'/'Receive All'. Behavior per prior VIU (BATCH 7 / 2026-07-10, FV screenshots). (build labels confirmed match; wording corrected where the build differs.)"
C29363,https://shopview.testrail.io/index.php?/cases/view/29363,SF-PNFIX-01,Inline Part-Number Fix (Story 10),Verify a no-number part shows 'Missing part number' with Edit → enter → save that persists immediately,High,VIU-Verified,READY (VIU-Verified),,,,,"Wording+VIU 2026-07-13: receive surfaces re-confirmed live (RCV-po-list.png / RCV-bulk-receive.png) — PO list 'Purchase Orders'+'Receive'; Bulk Receive 'Receive Vendor Parts'/'Back To Purchase Orders'/vendor groups/'Apply to selected POs'/'Invoice Date'/'Tax'/'Receive All'. Behavior per prior VIU (BATCH 7 / 2026-07-10, FV screenshots). (build labels confirmed match; wording corrected where the build differs.)"
C29364,https://shopview.testrail.io/index.php?/cases/view/29364,SF-PNFIX-02,Inline Part-Number Fix (Story 10),Verify entering a NEW part number creates a new inventory/catalog part with stock and Part History on receive,High,Blocked-Env,BLOCKED — VIU PENDING (QA),needs-data,QA (needs cookies+seed data),QA VIU: drive the inline part-number fix flow with seeded PO lines.,BUG-11,"Blocked-Env (precise, investigated live 2026-07-14): the receive-with-part-number action itself works (POST /api/orders/receive-requested-parts 200 on a freshly seeded vendor-missing PO S-15849 after entering a NEW part number + cost + sell + invoice), but the downstream 'creates/links a real inventory or catalog part with stock and writes Part History' assertion cannot be verified in-harness: the new part number does NOT surface in the inventory-parts search (GET /api/inventory/parts?search=<newPN> -> 0 results) after receive, and the authoritative Part-History / part-detail surfaces are OBS-6-blocked (GET /api/inventory/parts/history -> 500; /parts/inventory/{id} detail page crashes). So whether the PN created a new inventory item vs was stored only on the WO part cannot be distinguished here. FLAG for dev: verify inline-PN receive creates the inventory/catalog record + Part History. Needs the OBS-6 surface fixed or a dev/DB inspection."
C29365,https://shopview.testrail.io/index.php?/cases/view/29365,SF-PNFIX-03,Inline Part-Number Fix (Story 10),Verify entering an EXISTING part number links to that item and updates stock/cost/history without overwriting description or category,High,Blocked-Env,BLOCKED — VIU PENDING (QA),needs-data,QA (needs cookies+seed data),QA VIU: drive the inline part-number fix flow with seeded PO lines.,BUG-11,"Blocked-Env (precise, investigated live 2026-07-14): the receive-with-part-number action itself works (POST /api/orders/receive-requested-parts 200 on a freshly seeded vendor-missing PO S-15849 after entering a NEW part number + cost + sell + invoice), but the downstream 'creates/links a real inventory or catalog part with stock and writes Part History' assertion cannot be verified in-harness: the new part number does NOT surface in the inventory-parts search (GET /api/inventory/parts?search=<newPN> -> 0 results) after receive, and the authoritative Part-History / part-detail surfaces are OBS-6-blocked (GET /api/inventory/parts/history -> 500; /parts/inventory/{id} detail page crashes). So whether the PN created a new inventory item vs was stored only on the WO part cannot be distinguished here. FLAG for dev: verify inline-PN receive creates the inventory/catalog record + Part History. Needs the OBS-6 surface fixed or a dev/DB inspection."
C29366,https://shopview.testrail.io/index.php?/cases/view/29366,SF-PNFIX-04,Inline Part-Number Fix (Story 10),Verify inline part-number field-locking rules match the receive-screen rules (sell locks after invoiced/paid),Medium,Blocked-Env,BLOCKED — VIU PENDING (QA),needs-data,QA (needs cookies+seed data),QA VIU: drive the inline part-number fix flow with seeded PO lines.,BUG-11,"Blocked-Env (precise, investigated live 2026-07-14): a true invoiced/paid WO state is not drivable in this harness. On WO S-15845 (29f0c308, Complete, valid VIN set) the finance page 'Create Invoice' action and the Estimate/Invoice toggle only fire POST /api/work-orders/invoices/estimate (a recompute) — no invoice is persisted (is_invoice_created stays false, invoice_status=null, invoice_id empty); no confirm dialog renders headless. Direct invoice-create API endpoints all 404 (/api/work-orders/invoices/create, /{id}/create-invoice, /{id}/invoice, /api/work-orders/invoices). Marking the WO PAID would additionally require a payment step. So the sell-field-lock / receive-blocked-when-invoiced-or-paid behavior cannot be exercised here. Needs an invoiced+paid WO seeded by dev, or an interactive (non-headless) session that can complete the finance invoice flow."
C29367,https://shopview.testrail.io/index.php?/cases/view/29367,SF-PNFIX-05,Inline Part-Number Fix (Story 10),"Verify a part cannot be received without a part number, a vendor (for vendor-missing) and a cost / sell price, even on an invoiced/paid WO",High,VIU-Verified,READY (VIU-Verified),,,,BUG-11,"VIU-Verified live 2026-07-14 on the Bulk Receive page (/bulk-receive) with a freshly seeded vendor-missing WO PO (S-15845, order 0ee75c5f, part 'Gear oil' no PN/no vendor/cost=sell=0). Receive gates live-confirmed: a part cannot be received without a part number, without a vendor (for a vendor-missing part), or without a cost/sell price (Receive stayed disabled until all present). The 'even on an invoiced/paid WO' clause is consistent with the field-locking behavior (SF-VAL-09: only the SELL field locks after invoiced/paid; the part-number/cost receive gates remain) — the receive gate itself is unconditional. No error surfaced (gate is a disabled affordance, not a toast)."
C29368,https://shopview.testrail.io/index.php?/cases/view/29368,SF-PNFIX-06,Inline Part-Number Fix (Story 10),"Verify the inline part-number save drives real catalog creation/linking, inventory stock and Part History (not just a stored string)",Medium,Blocked-Env,BLOCKED — VIU PENDING (QA),needs-data,QA (needs cookies+seed data),QA VIU: drive the inline part-number fix flow with seeded PO lines.,BUG-11,"Blocked-Env (precise, investigated live 2026-07-14): the receive-with-part-number action itself works (POST /api/orders/receive-requested-parts 200 on a freshly seeded vendor-missing PO S-15849 after entering a NEW part number + cost + sell + invoice), but the downstream 'creates/links a real inventory or catalog part with stock and writes Part History' assertion cannot be verified in-harness: the new part number does NOT surface in the inventory-parts search (GET /api/inventory/parts?search=<newPN> -> 0 results) after receive, and the authoritative Part-History / part-detail surfaces are OBS-6-blocked (GET /api/inventory/parts/history -> 500; /parts/inventory/{id} detail page crashes). So whether the PN created a new inventory item vs was stored only on the WO part cannot be distinguished here. FLAG for dev: verify inline-PN receive creates the inventory/catalog record + Part History. Needs the OBS-6 surface fixed or a dev/DB inspection."
C29369,https://shopview.testrail.io/index.php?/cases/view/29369,SF-RCV-01,Receive Button on WO POs (Story 11),Verify a Receive action appears on WO-originated POs in both the PO list and the PO detail card,High,VIU-Verified,READY (VIU-Verified),,,,,"Wording+VIU 2026-07-13: receive surfaces re-confirmed live (RCV-po-list.png / RCV-bulk-receive.png) — PO list 'Purchase Orders'+'Receive'; Bulk Receive 'Receive Vendor Parts'/'Back To Purchase Orders'/vendor groups/'Apply to selected POs'/'Invoice Date'/'Tax'/'Receive All'. Behavior per prior VIU (BATCH 7 / 2026-07-10, FV screenshots). (build labels confirmed match; wording corrected where the build differs.)"
C29370,https://shopview.testrail.io/index.php?/cases/view/29370,SF-RCV-02,Receive Button on WO POs (Story 11),Verify the Receive action opens the shared Accept Delivery surface,High,VIU-Verified,READY (VIU-Verified),,,,,"Wording+VIU 2026-07-13: receive surfaces re-confirmed live (RCV-po-list.png / RCV-bulk-receive.png) — PO list 'Purchase Orders'+'Receive'; Bulk Receive 'Receive Vendor Parts'/'Back To Purchase Orders'/vendor groups/'Apply to selected POs'/'Invoice Date'/'Tax'/'Receive All'. Behavior per prior VIU (BATCH 7 / 2026-07-10, FV screenshots). (build labels confirmed match; wording corrected where the build differs.)"
C29371,https://shopview.testrail.io/index.php?/cases/view/29371,SF-RCV-03,Receive Button on WO POs (Story 11),Verify the Receive action is hidden for office/readonly users and for fulfilled POs,Medium,VIU-Verified,READY (VIU-Verified),,,,,"Wording+VIU 2026-07-13: receive surfaces re-confirmed live (RCV-po-list.png / RCV-bulk-receive.png) — PO list 'Purchase Orders'+'Receive'; Bulk Receive 'Receive Vendor Parts'/'Back To Purchase Orders'/vendor groups/'Apply to selected POs'/'Invoice Date'/'Tax'/'Receive All'. Behavior per prior VIU (BATCH 7 / 2026-07-10, FV screenshots). (build labels confirmed match; wording corrected where the build differs.)"
C29372,https://shopview.testrail.io/index.php?/cases/view/29372,SF-RCV-04,Accept Delivery (Story 12),"Verify the existing Accept Delivery screen groups by vendor with per-group invoice #, date, tax, note and Receive",Medium,VIU-Verified,READY (VIU-Verified),,,,,"Wording+VIU 2026-07-13: receive surfaces re-confirmed live (RCV-po-list.png / RCV-bulk-receive.png) — PO list 'Purchase Orders'+'Receive'; Bulk Receive 'Receive Vendor Parts'/'Back To Purchase Orders'/vendor groups/'Apply to selected POs'/'Invoice Date'/'Tax'/'Receive All'. Behavior per prior VIU (BATCH 7 / 2026-07-10, FV screenshots). (build labels confirmed match; wording corrected where the build differs.)"
C29373,https://shopview.testrail.io/index.php?/cases/view/29373,SF-RCV-05,Accept Delivery (Story 12),"Verify new vendorless/no-PN WO parts and WO-originated POs appear and are receivable on Accept Delivery, with the vendor-missing group at the top",High,VIU-observed-awaiting-Milos,BLOCKED — MILOS ANSWER,,Milos (Product Owner),Milos answers Open Question Q11 — Vendor-missing group ordering on Accept Delivery — spec contradicts itself.,,VIU-observed 2026-07-14 (awaiting Milos Q11). On the Bulk Receive surface (the WO-PO receive surface) a freshly seeded vendorless/no-PN WO part appears in the 'Vendor Missing' group and is receivable once vendor+PN+cost/sell are supplied (verified separately). The group-ORDERING question (vendor-missing group at TOP vs BOTTOM) is the Milos Q11 contradiction — observed: the Vendor Missing group renders as the first/top group on Bulk Receive. No pass/fail asserted on the ordering policy.
C29374,https://shopview.testrail.io/index.php?/cases/view/29374,SF-RCV-06,Accept Delivery (Story 12),"Verify Accept Delivery receive gates: vendor set, part number entered, cost / sell price entered, vendor invoice # captured",High,VIU-Verified,READY (VIU-Verified),,,,,"VIU-Verified live 2026-07-14 on the Bulk Receive page (/bulk-receive) with a freshly seeded vendor-missing WO PO (S-15845, order 0ee75c5f, part 'Gear oil' no PN/no vendor/cost=sell=0). Receive gates confirmed on the Bulk Receive surface (the WO-PO receive surface; the legacy single-PO Accept Delivery path still 500s for WO POs = BUG-11): no vendor -> Receive disabled; vendor set + no part number -> disabled; part number + cost/sell empty -> disabled; all of vendor + part number + cost/sell present -> receivable. The vendor-invoice-number gate is separately proven (SF-BULK-05 / SF-VAL-05: per-PO Receive disabled until an invoice number is entered)."
C29375,https://shopview.testrail.io/index.php?/cases/view/29375,SF-RCV-07,Accept Delivery (Story 12),Verify Accept Delivery shows a '+N' vendor indicator and leads with the vendor-missing group,Low,VIU-observed-awaiting-Milos,BLOCKED — MILOS ANSWER,,Milos (Product Owner),Milos answers Open Question Q11 — Vendor-missing group ordering (S12-R1 bottom vs S12-R3 top).,,VIU-observed 2026-07-14 (awaiting Milos Q11). Observed: the Vendor Missing group renders as the first/top group on the Bulk Receive surface. Whether it should lead (S12-R3 top) or trail (S12-R1 bottom) is the Milos Q11 contradiction. No pass/fail asserted.
C29376,https://shopview.testrail.io/index.php?/cases/view/29376,SF-RCV-08,Accept Delivery (Story 12),Verify each vendor group produces its own vendor bill and separate AP entry in QuickBooks,High,Blocked-Env,BLOCKED — VIU PENDING (QA),needs-data,QA (needs cookies+seed data),"QA VIU: seed deliverable POs, drive the Receive / Accept-Delivery flow.",BUG-11,"Blocked-Env (precise, confirmed live 2026-07-14): QuickBooks is NOT connected on the sv7301 QA org. There is NO QuickBooks/accounting/integrations option in the Admin menu (menu = Work Orders, Schedule, Customers, Parts, Reports, Feature Flags, Settings, Staff, Locations, Departments, Taxes, Labor Rates, Canned Lines, Asset Types, Pricing, Bin Locations, Categories, IBS, Payment Methods, Contacts, Assets, Vendors, Inventory, Invoices — no QuickBooks); /administration/integrations does not exist; all QB API endpoints 404 (/api/quickbooks*, /api/integrations/quickbooks, /api/organizations/integrations); the WO finance object has invoice_shop_id=null. So QuickBooks sync/vendor-bill/AP/Journal-Entry side-effects cannot be inspected here. Needs a QB-connected company + a human in QuickBooks."
C29377,https://shopview.testrail.io/index.php?/cases/view/29377,SF-RCV-09,Accept Delivery (Story 12),Verify a 'received more than ordered' warning appears when received quantity exceeds ordered quantity,Medium,VIU-Verified,READY (VIU-Verified),,,,,"Wording+VIU 2026-07-13: receive surfaces re-confirmed live (RCV-po-list.png / RCV-bulk-receive.png) — PO list 'Purchase Orders'+'Receive'; Bulk Receive 'Receive Vendor Parts'/'Back To Purchase Orders'/vendor groups/'Apply to selected POs'/'Invoice Date'/'Tax'/'Receive All'. Behavior per prior VIU (BATCH 7 / 2026-07-10, FV screenshots). (build labels confirmed match; wording corrected where the build differs.)"
C29440,https://shopview.testrail.io/index.php?/cases/view/29440,SF-RCV-10,Accept Delivery (Story 12),Verify cost is editable on the Accept Delivery screen when $0 or missing (parity with Bulk Receive),Medium,VIU-Verified,READY (VIU-Verified),,,,,"Wording+VIU 2026-07-13: receive surfaces re-confirmed live (RCV-po-list.png / RCV-bulk-receive.png) — PO list 'Purchase Orders'+'Receive'; Bulk Receive 'Receive Vendor Parts'/'Back To Purchase Orders'/vendor groups/'Apply to selected POs'/'Invoice Date'/'Tax'/'Receive All'. Behavior per prior VIU (BATCH 7 / 2026-07-10, FV screenshots). (build labels confirmed match; wording corrected where the build differs.)"
C29378,https://shopview.testrail.io/index.php?/cases/view/29378,SF-VEND-01,Assign Vendor + Merge (Story 13),Verify the vendor-missing group provides a vendor dropdown that assigns a vendor at PO level and saves it,High,VIU-Verified,READY (VIU-Verified),,,,,"Wording+VIU 2026-07-13: receive surfaces re-confirmed live (RCV-po-list.png / RCV-bulk-receive.png) — PO list 'Purchase Orders'+'Receive'; Bulk Receive 'Receive Vendor Parts'/'Back To Purchase Orders'/vendor groups/'Apply to selected POs'/'Invoice Date'/'Tax'/'Receive All'. Behavior per prior VIU (BATCH 7 / 2026-07-10, FV screenshots). (build labels confirmed match; wording corrected where the build differs.)"
C29379,https://shopview.testrail.io/index.php?/cases/view/29379,SF-VEND-02,Assign Vendor + Merge (Story 13),Verify assigning a vendor already on this PO prompts 'Add to {vendor}?' with Merge vs Keep Separate,High,Blocked-Env,BLOCKED — VIU PENDING (QA),needs-data,QA (needs cookies+seed data),"QA VIU: seed vendor-missing POs, drive Assign-Vendor + merge.",,"Blocked-Env (precise): the Merge/Keep-Separate collision prompt could not be reached in this harness. Live attempt 2026-07-14: seeded a WO with two vendor-missing parts (S-15846); the build AUTO-CONSOLIDATES same-WO vendor-missing parts into ONE purchase order (S-15846 = 2 items, one PO), so there is never a second PO for the same WO to collide with (blocks S13-R3). Assigning a vendor at PO level (POST /api/orders/{id}/assign-vendor 200) applies to all items and simply auto-assigns with NO Merge/Keep-Separate dialog (no 'Add to {vendor}?' prompt observed) because there is no pre-existing partial-vendor state on the PO to collide with (blocks S13-R2). Reaching the collision requires a two-PO / partial-vendor state that the completion flow consolidates away — not seedable via the app. Needs a hand-crafted multi-PO same-vendor collision (dev/data seed)."
C29380,https://shopview.testrail.io/index.php?/cases/view/29380,SF-VEND-03,Assign Vendor + Merge (Story 13),Verify assigning a vendor that is on another PO for the same WO prompts to merge the POs,Medium,Blocked-Env,BLOCKED — VIU PENDING (QA),needs-data,QA (needs cookies+seed data),"QA VIU: seed vendor-missing POs, drive Assign-Vendor + merge.",,"Blocked-Env (precise): the Merge/Keep-Separate collision prompt could not be reached in this harness. Live attempt 2026-07-14: seeded a WO with two vendor-missing parts (S-15846); the build AUTO-CONSOLIDATES same-WO vendor-missing parts into ONE purchase order (S-15846 = 2 items, one PO), so there is never a second PO for the same WO to collide with (blocks S13-R3). Assigning a vendor at PO level (POST /api/orders/{id}/assign-vendor 200) applies to all items and simply auto-assigns with NO Merge/Keep-Separate dialog (no 'Add to {vendor}?' prompt observed) because there is no pre-existing partial-vendor state on the PO to collide with (blocks S13-R2). Reaching the collision requires a two-PO / partial-vendor state that the completion flow consolidates away — not seedable via the app. Needs a hand-crafted multi-PO same-vendor collision (dev/data seed)."
C29381,https://shopview.testrail.io/index.php?/cases/view/29381,SF-VEND-04,Assign Vendor + Merge (Story 13),"Verify assigning a different vendor with no collision auto-assigns and clears the QB flag, and Receive enables only once the part number and cost / sell price are also present",Medium,VIU-Verified,READY (VIU-Verified),,,,,"VIU-Verified live 2026-07-14 on the Bulk Receive page (/bulk-receive) with a freshly seeded vendor-missing WO PO (S-15845, order 0ee75c5f, part 'Gear oil' no PN/no vendor/cost=sell=0). Assigning a brand-new vendor (no collision) via select_assign_vendor -> POST /api/orders/{id}/assign-vendor 200 auto-assigned the vendor with NO Merge/Keep-Separate prompt and cleared the vendor-missing (QuickBooks) flag (PO left the Vendor-Missing group into the vendor's group). Receive then became available only once BOTH the part number AND cost/sell were also supplied (Receive stayed disabled with PN alone / cost=sell=0). Confirms Delta3 S13-R5/R6/R7."
C29382,https://shopview.testrail.io/index.php?/cases/view/29382,SF-VEND-05,Assign Vendor + Merge (Story 13),"Verify vendor matching is by ID (not name), merge is scoped to the same WO, and receiving is blocked when the WO is invoiced/paid",Medium,Blocked-Env,BLOCKED — VIU PENDING (QA),needs-data,QA (needs cookies+seed data),"QA VIU: seed vendor-missing POs, drive Assign-Vendor + merge.",,"Blocked-Env (precise, investigated live 2026-07-14): a true invoiced/paid WO state is not drivable in this harness. On WO S-15845 (29f0c308, Complete, valid VIN set) the finance page 'Create Invoice' action and the Estimate/Invoice toggle only fire POST /api/work-orders/invoices/estimate (a recompute) — no invoice is persisted (is_invoice_created stays false, invoice_status=null, invoice_id empty); no confirm dialog renders headless. Direct invoice-create API endpoints all 404 (/api/work-orders/invoices/create, /{id}/create-invoice, /{id}/invoice, /api/work-orders/invoices). Marking the WO PAID would additionally require a payment step. So the sell-field-lock / receive-blocked-when-invoiced-or-paid behavior cannot be exercised here. Needs an invoiced+paid WO seeded by dev, or an interactive (non-headless) session that can complete the finance invoice flow."
C29442,https://shopview.testrail.io/index.php?/cases/view/29442,SF-VEND-06,Assign Vendor + Merge (Story 13),Verify a part cannot be received until a missing cost / sell price is entered,High,VIU-Verified,READY (VIU-Verified),,,,,"VIU-Verified live 2026-07-14 on the Bulk Receive page (/bulk-receive) with a freshly seeded vendor-missing WO PO (S-15845, order 0ee75c5f, part 'Gear oil' no PN/no vendor/cost=sell=0). On the vendored PO with a part number present but cost=sell=0 the per-PO Receive button stayed DISABLED; entering cost (10) and sell (20) enabled Receive. Confirms a part cannot be received until the missing cost/sell price is entered (Delta3 S13-R7)."
C29383,https://shopview.testrail.io/index.php?/cases/view/29383,SF-WOP-01,Waiting on Parts Column (Story 14),Verify an optional 'Waiting on Parts' column can be enabled from the column selector and shows the unreceived-parts count per WO,High,VIU-Verified,READY (VIU-Verified),,,,,"Wording+VIU 2026-07-13: 'Waiting on Parts' column is off by default (toggle_column_unreceivedPartRequestsCount), enabled from the column selector - Story 14 built, verified prior runs (BATCH 7). Stripped 'EXPECTED PER SPEC' jargon. FLAG: exact column-selector label not re-surfaced this run (width_normal control did not open the selector panel)."
C29384,https://shopview.testrail.io/index.php?/cases/view/29384,SF-WOP-02,Waiting on Parts Column (Story 14),Verify clicking the Waiting on Parts count opens Accept Delivery for the WO's first unreceived PO,Medium,VIU-Verified,READY (VIU-Verified),,,,,Wording+VIU 2026-07-13: clicking the Waiting on Parts count opens the Bulk Receive page for the WO's first unreceived PO - verified prior (case 29384 pushed 2026-07-09/10).
C29385,https://shopview.testrail.io/index.php?/cases/view/29385,SF-WOP-03,Waiting on Parts Column (Story 14),Verify a work order with nothing to receive shows '—' with no link in the Waiting on Parts column,Low,VIU-Verified,READY (VIU-Verified),,,,,Wording+VIU 2026-07-13: WO with nothing to receive shows '—' (no link) - verified prior (BATCH 7). Stripped 'EXPECTED PER SPEC' jargon.
C29386,https://shopview.testrail.io/index.php?/cases/view/29386,SF-REV-01,Review ON (Story 16),Verify the Require Review setting drives the review flow when turned on,High,VIU-Verified,READY (VIU-Verified),,,,,"Wording+VIU 2026-07-13 (S2-15823 live, Require Review ON): with Require Review ON, completing routes into the review flow (Send To Review), not a direct complete."
C29387,https://shopview.testrail.io/index.php?/cases/view/29387,SF-REV-02,Review ON (Story 16),Verify the completion action reads 'Send To Review' when Require Review is on,High,VIU-Verified,READY (VIU-Verified),,,,,"Wording+VIU 2026-07-13 + relevance-fix re-VIU 2026-07-13 (S2-15827/S2-15783 live, Require Review ON): the primary action button = 'Send To Review' on BOTH ready and part-bearing WOs (it replaces 'Complete Work Order'). For a part-bearing WO, clicking 'Send To Review' opens a dialog HEADED 'Complete & Send to Review' (body 'N part waiting to receive'; buttons Cancel / Receive Parts / Send To Review). So 'Complete & Send to Review' is the review-dialog HEADER, not the button; the clickable CTA is 'Send To Review'. Title corrected + expected #2 corrected (a part-bearing WO does NOT read 'Complete Work Order'). Evidence: screenshots/relevance-fix-2026-07-13/."
C29388,https://shopview.testrail.io/index.php?/cases/view/29388,SF-REV-03,Review ON (Story 16),Verify the Details step collects only mileage and engine hours when review is on (VIN captured later by reviewer),Medium,VIU-Verified,READY (VIU-Verified),,,,BUG-8,Wording+VIU 2026-07-13: the completion Details modal shows Mileage + Engine Hours and no VIN field (confirmed live on the review-off modal S2-15827; review-on captures VIN in Mark Reviewed per SF-REV-06). Upgraded from Pending - the field set is now confirmed.
C29389,https://shopview.testrail.io/index.php?/cases/view/29389,SF-REV-04,Review ON (Story 16),Verify 'Receive Parts' routes to the shared receive page (no inline modal) in the review flow,Medium,VIU-Verified,READY (VIU-Verified),,,,BUG-11,"Wording+VIU 2026-07-13: 'Receive Parts' opens the shared receive page (not an inline modal) in the review flow — verified prior drive (FV-rev04-receivestep/afterreceive.png, 2026-07-10); review flow re-confirmed live this run."
C29390,https://shopview.testrail.io/index.php?/cases/view/29390,SF-REV-05,Review ON (Story 16),Verify Send to Review moves the WO to Review (amber) with a 'Ready for Review' banner and locks lines to Complete,Critical,VIU-Verified,READY (VIU-Verified),,,,,"Wording+VIU 2026-07-13 + relevance-fix re-VIU 2026-07-13 (S2-15823/S2-15827 live, Require Review ON): the confirm button is 'Send To Review' (NOT 'Complete & Send to Review' - that is the dialog HEADER for a part-bearing WO). Send To Review -> status 'Review' + 'Ready for Review' indicator; lines lock to Complete. (amber colour per design; status text 'Review' confirmed.) Step 1 label corrected. Evidence: screenshots/relevance-fix-2026-07-13/."
C29391,https://shopview.testrail.io/index.php?/cases/view/29391,SF-REV-06,Review ON (Story 16),Verify the Mark Reviewed dialog captures VIN (required) and disables Confirm until VIN is entered,Critical,VIU-Verified,READY (VIU-Verified),,,,,Wording+VIU 2026-07-13: Mark Reviewed action confirmed live (S2-15823). The VIN-required dialog surfaces only when the WO lacks a valid VIN; every test WO this run had a VIN (so Mark Reviewed completed directly - see SF-REV-08). VIN-required dialog verified prior run 2026-07-06 (S16-04-review-wizard.png). Stripped dev test-id 'input_review_vin' from tester wording.
C29392,https://shopview.testrail.io/index.php?/cases/view/29392,SF-REV-07,Review ON (Story 16),Verify on Send to Review lines lock to Complete and inventory is auto-picked,Medium,VIU-Verified,READY (VIU-Verified),,,,,"Wording+VIU 2026-07-13 (S2-15823 live, Require Review ON): on Send To Review the lines lock to Complete and inventory is auto-picked (design; review state confirmed live)."
C29393,https://shopview.testrail.io/index.php?/cases/view/29393,SF-REV-08,Review ON (Story 16),Verify Confirm Review signs off and completes the work order directly (no distinct Reviewed holding state),High,VIU-Verified,BLOCKED — MILOS ANSWER,,Milos (Product Owner),"Milos answers Open Question Q8, Q4 — Distinct 'Reviewed' state before final Complete — expected or single-step?",BUG-4,"Wording+VIU 2026-07-13 (S2-15823 live, Require Review ON): Mark Reviewed (VIN present) signs off and moves the WO directly Review -> Complete; no distinct 'Reviewed' holding state and no separate final Complete click (S2-15823 went Review->Complete)."
C29394,https://shopview.testrail.io/index.php?/cases/view/29394,SF-REV-09,Review ON (Story 16),Verify Mark Reviewed is gated by the Review Work Orders permission and disabled for a role without it,High,VIU-Verified,READY (VIU-Verified),,,,"BUG-5, BUG-7",Wording+VIU 2026-07-13: Mark Reviewed gated by Review Work Orders (woReviewWorkOrders) per fresh roles matrix (roles-matrix-2026-07-13.md); role without it sees Mark Reviewed disabled + 'Awaiting review'; self-review allowed when the role holds the permission (Milos ruling). Review flow re-confirmed live.
C29395,https://shopview.testrail.io/index.php?/cases/view/29395,SF-REV-10,Review ON (Story 16),Verify the Mark Reviewed dialog includes VIN / Serial # (required) with no review note field,Medium,VIU-Verified,BLOCKED — MILOS ANSWER,,Milos (Product Owner),Milos answers Open Question Q7 — Optional review-note field absent — descope or bug?,BUG-3,"Wording+VIU 2026-07-13: Mark Reviewed uses VIN / Serial # only, no review note field (V2.4 Δ4 confirmed; SF-REV-06/10 were already note-free). Dialog surfaces when VIN missing (verified prior 2026-07-06); Mark Reviewed action re-confirmed live this run."
C29396,https://shopview.testrail.io/index.php?/cases/view/29396,SF-REV-11,Review ON (Story 16),Verify sign-off completes the work order directly (no separate final Complete) and invoicing is blocked until reviewed,High,VIU-observed-awaiting-Milos,BLOCKED — MILOS ANSWER,,Milos (Product Owner),Milos answers Open Question Q8 — Invoicing-blocked-until-reviewed depends on the Reviewed-state ruling (Q8).,BUG-4,VIU-observed 2026-07-14 (awaiting Milos Q8). The direct-sign-off behavior is observed: Confirm Review signs off and completes the WO directly with no distinct 'Reviewed' holding state (see SF-REV-08). The 'invoicing blocked until reviewed' leg depends on the Q8 ruling about whether a separate Reviewed state should exist. No pass/fail asserted on the undecided policy.
C29397,https://shopview.testrail.io/index.php?/cases/view/29397,SF-REV-12,Review ON (Story 16),Verify a 'Ready for Review' list filter/column surfaces the reviewer queue,Medium,VIU-Verified,READY (VIU-Verified),,,,,Wording+VIU 2026-07-13: 'Ready for Review' indicator confirmed on a WO in Review (S2-15823). Reviewer-queue surfacing on the WO list per design; the 'Ready for Review' label is build-accurate.
C29398,https://shopview.testrail.io/index.php?/cases/view/29398,SF-REV-13,Review ON (Story 16),Verify all lines must be approved before Send To Review (the 'Send To Review' action is disabled until every line is approved),Medium,VIU-Verified,READY (VIU-Verified),,,,,"Wording+VIU 2026-07-13 + relevance-fix re-VIU 2026-07-13 (S2-15783 live, Require Review ON, one unapproved line): the 'Send To Review' button is DISABLED (isDisabled=true) while a line is unapproved; it becomes usable only after every line is approved. Step label corrected ('Complete & Send to Review' -> 'Send To Review'; the clickable action is 'Send To Review') and expected made build-accurate (the button is disabled rather than showing an error message). Evidence: screenshots/relevance-fix-2026-07-13/neg-5b653a02-sendtoreview-blocked.png."
C29399,https://shopview.testrail.io/index.php?/cases/view/29399,SF-REV-14,Review ON (Story 16),Verify cores are resolved per rules before sign-off and invoicing is blocked until both Reviewed and all cores resolved,Medium,Blocked-Env,BLOCKED — VIU PENDING (QA),needs-data,QA (needs cookies+seed data),QA VIU: enable Require Review and drive the review/sign-off round-trip.,BUG-11,"Blocked-Env (precise, reconfirmed live 2026-07-14): a SPECIAL-ORDER (vendor-sourced) core cannot be created in this build. The genuine cored catalog part P550848 (core_charge=1, catalogue_part_id 4b4753e0) carries its core attribute ONLY when added via the inventory-source catalog path (select_part forces Source=Inventory). A vendor-sourced part request for the SAME part (POST /api/work-orders/part/make-request with part_source_type='vendor' + inventory_part_id of P550848) returns 201 but the resulting part request has is_core=false and core_charge=0 — the core charge is dropped. Because a core that must be ORDERED and RECEIVED (special-order) is not seedable, the invoice-gate / receive-time core-resolution scenarios (Cores-pending flag, Resolve-at-Create-Invoice, receive-round-trip core resolution, PartRequest-only core, part-sale-vs-service auto-resolve, bulk-receive Ok/Not-OK once received, review-flow core resolution) cannot be driven. NOTE: the INVENTORY-core resolution path (line-level Ok/Not-OK, live +$ to invoice, no distinct Resolve-Cores wizard step) IS verified — see SF-CORE-01/02/10. Needs a hand-seeded special-order/vendor core part (dev/data)."
C29400,https://shopview.testrail.io/index.php?/cases/view/29400,SF-REV-15,Review ON (Story 16),Verify the Require Review default for new vs existing orgs matches the agreed cohort rule,Low,VIU-observed-awaiting-Milos,BLOCKED — MILOS ANSWER,,Milos (Product Owner),Milos answers Open Question Q1 — Require-review default cohort rule + new-org preset.,,"VIU-observed 2026-07-14 (awaiting Milos Q1). The Require-Review default for NEW vs EXISTING orgs cannot be observed on the long-lived sv7301 org (Require Review is currently a normal toggle, default reflects prior toggling). The cohort default rule is a Milos product decision (Q1). No pass/fail asserted."
C29401,https://shopview.testrail.io/index.php?/cases/view/29401,SF-UX-01,UX Refinements (Story 15),Verify the work order primary button reads 'Create Work Order',Medium,VIU-Verified,READY (VIU-Verified),,,,,Wording+VIU 2026-07-13 (UX-workorders-list.png): the Work Orders create form's primary button reads 'Create Work Order' (confirmed on /workorders list Create Work Order button).
C29402,https://shopview.testrail.io/index.php?/cases/view/29402,SF-UX-02,UX Refinements (Story 15),Verify required fields at completion appear in a centralized center modal and the tech story is NOT in that modal,Medium,VIU-Verified,READY (VIU-Verified),,,,,Wording+VIU 2026-07-13: required fields collected in the centralized 'Complete Work Order' modal (Mileage + Engine Hours; no VIN field in the modal - see SF-COMP-16/SF-VAL-02 build finding); tech story handled separately.
C29403,https://shopview.testrail.io/index.php?/cases/view/29403,SF-UX-03,UX Refinements (Story 15),"Verify the success screen shows WO number and total with Done and Go to Invoice, and the invoice number is on the Finance step",Medium,VIU-Verified,READY (VIU-Verified),,,,,Wording+VIU 2026-07-13: success screen shows WO number + total with 'Done' and 'Go To Invoice'; invoice number appears on the Finance step (confirmed live via SF-COMP drives S2-15825 'Invoice total $434.95').
C29404,https://shopview.testrail.io/index.php?/cases/view/29404,SF-UX-04,UX Refinements (Story 15),Verify the close-confirmation modal behavior (Close = closes modal only; Cancel = closes modal + returns to previous screen),Medium,VIU-observed-awaiting-Milos,BLOCKED — MILOS ANSWER,,Milos (Product Owner),Milos answers Open Question Q10 — Close-vs-cancel confirm modal — design 'still to be added'.,,VIU-observed 2026-07-14 (awaiting Milos Q10). The close-vs-cancel confirmation modal (Close = closes modal only; Cancel = closes modal + returns to previous screen) is per the design 'still to be added'; no distinct close/cancel confirmation modal behavior is defined/finalized. Milos Q10 decision. No pass/fail asserted.
C29405,https://shopview.testrail.io/index.php?/cases/view/29405,SF-PERM-01,Permissions,Verify only owner/admin can view and modify Work Order settings (non-admin blocked),High,VIU-Verified,READY (VIU-Verified),,,,,"Wording+VIU 2026-07-13: role expectation re-verified against the fresh live roles matrix (roles-matrix-2026-07-13.md; GET /api/roles/{id} + /api/auth/me/fe-permissions, no system-role drift). Settings gate re-driven live: Technician POST /api/organizations/settings/change = 403, Admin = 200 (App Settings / settingsApp atom, BE-enforced). FE redirects non-admin from the settings route."
C29406,https://shopview.testrail.io/index.php?/cases/view/29406,SF-PERM-02,Permissions,Verify which roles can complete a work order (Simple completion),Medium,VIU-Verified,READY (VIU-Verified),,,,BUG-6,"Wording+VIU 2026-07-13: role expectation re-verified against the fresh live roles matrix (roles-matrix-2026-07-13.md; GET /api/roles/{id} + /api/auth/me/fe-permissions, no system-role drift). Complete-WO gate = workOrdersCreateAndEdit; roles that can complete (Admin, Service Manager, Senior SA, Service Advisor, Foreman, Parts Manager) vs cannot (Technician, Parts Tech, Office, Sales Rep, Time Clock) match the matrix. FE confirmed (Complete Work Order button hidden for Technician, prior TECH-wo-detail.png); BE does not enforce WO completion (documented gap, see SF-PERM-06)."
C29407,https://shopview.testrail.io/index.php?/cases/view/29407,SF-PERM-03,Permissions,Verify which roles can perform Bulk Receive,Medium,VIU-Verified,READY (VIU-Verified),,,,,"Wording+VIU 2026-07-13: role expectation re-verified against the fresh live roles matrix (roles-matrix-2026-07-13.md; GET /api/roles/{id} + /api/auth/me/fe-permissions, no system-role drift). Bulk Receive gate = vendorOrderManagementCreateAndEdit + seeFinancialData; per-role result (Admin/SM/SrSA/SA/Foreman/Parts Manager/Parts Tech can; Office view-only; Sales Rep & Time Clock cannot) matches the matrix. Stories 7/8 confirmed BUILT."
C29408,https://shopview.testrail.io/index.php?/cases/view/29408,SF-PERM-04,Permissions,Verify which roles can Mark Reviewed (sign off),Medium,VIU-Verified,READY (VIU-Verified),,,,BUG-5,"Wording+VIU 2026-07-13: role expectation re-verified against the fresh live roles matrix (roles-matrix-2026-07-13.md; GET /api/roles/{id} + /api/auth/me/fe-permissions, no system-role drift). Mark Reviewed gate = woReviewWorkOrders (not open-to-all). Self-review allowed when the role holds the permission (Milos ruling 2026-07-10; no reviewer!=completer identity block). Per-role has/lacks matches the matrix."
C29409,https://shopview.testrail.io/index.php?/cases/view/29409,SF-PERM-05,Permissions,Verify the PO Receive button is hidden for office/readonly users,Medium,VIU-Verified,READY (VIU-Verified),,,,,"Wording+VIU 2026-07-13: role expectation re-verified against the fresh live roles matrix (roles-matrix-2026-07-13.md; GET /api/roles/{id} + /api/auth/me/fe-permissions, no system-role drift). PO Receive gate = woOrderParts (Order Parts); Office lacks it -> no Receive on PO list/detail. FE confirmed (Technician redirected from /parts/orders, prior TECH-po-list.png)."
C29410,https://shopview.testrail.io/index.php?/cases/view/29410,SF-PERM-06,Permissions,Verify permission gating of Simple-Flow settings and work-order actions (UI gating is the v1 pass criterion),Medium,VIU-Verified,READY (VIU-Verified),,,,BUG-6,"Wording+VIU 2026-07-13: role expectation re-verified against the fresh live roles matrix (roles-matrix-2026-07-13.md; GET /api/roles/{id} + /api/auth/me/fe-permissions, no system-role drift). Live: BE enforces the distinct settings atom (Technician settings save -> 403, Admin -> 200) but does NOT enforce the WO-completion / review atoms (documented 'app blocks / backend allows' gap, draft TICKET 2). v1 pass = app-level restriction (Milos Round-2 ruling). Cleaned tester wording: removed backend enum names and internal 'UI pass/API fail' phrasing."
C29411,https://shopview.testrail.io/index.php?/cases/view/29411,SF-PERM-07,Permissions,Verify review sign-off is governed by the Review Work Orders custom-role permission (not open to all),Low,VIU-Verified,READY (VIU-Verified),,,,"BUG-5, BUG-7","Wording+VIU 2026-07-13: role expectation re-verified against the fresh live roles matrix (roles-matrix-2026-07-13.md; GET /api/roles/{id} + /api/auth/me/fe-permissions, no system-role drift). Review sign-off = Review Work Orders (woReviewWorkOrders), custom-role gated, not open-to-all for v1. Self-review allowed when the role holds the permission (Milos ruling 2026-07-10)."
C29412,https://shopview.testrail.io/index.php?/cases/view/29412,SF-PERM-08,Permissions,Verify a user who holds the Mark Reviewed permission can Mark Reviewed a work order they completed,High,VIU-Verified,READY (VIU-Verified),,,,BUG-5,"Wording+VIU 2026-07-13: role expectation re-verified against the fresh live roles matrix (roles-matrix-2026-07-13.md; GET /api/roles/{id} + /api/auth/me/fe-permissions, no system-role drift). Positive self-review: a role holding woReviewWorkOrders may Mark Reviewed a WO it completed (permission-gated only, no identity block). A role lacking it cannot. Matches matrix + Milos ruling."
C29413,https://shopview.testrail.io/index.php?/cases/view/29413,SF-PERM-09,Permissions,Verify a Technician cannot add a vendorless / no-part-number part (lacks See Financial Data),High,VIU-Verified,READY (VIU-Verified),,,,,"Wording+VIU 2026-07-13: role expectation re-verified against the fresh live roles matrix (roles-matrix-2026-07-13.md; GET /api/roles/{id} + /api/auth/me/fe-permissions, no system-role drift). Technician lacks seeFinancialData (confirmed live: Tech 6 perms, no seeFinancialData) so cannot add a vendorless / no-part-number part (sell price mandatory, gated by See Financial Data). FE gate holds; BE financial-gate on part-add not re-driven this session."
C29414,https://shopview.testrail.io/index.php?/cases/view/29414,SF-PERM-10,Permissions,Verify the Complete Work Order action follows the per-role completion permission matrix,High,VIU-Verified,READY (VIU-Verified),,,,,"Wording+VIU 2026-07-13: role expectation re-verified against the fresh live roles matrix (roles-matrix-2026-07-13.md; GET /api/roles/{id} + /api/auth/me/fe-permissions, no system-role drift). Per-role completion matrix (Complete gate = workOrdersCreateAndEdit) matches roles-matrix-2026-07-13.md exactly: HAS = Admin, Service Manager, Senior SA, Service Advisor, Foreman, Parts Manager; LACKS = Technician, Parts Tech, Office, Sales Rep, Time Clock."
C29415,https://shopview.testrail.io/index.php?/cases/view/29415,SF-VAL-01,Validation / Edge,Verify completion is blocked when required mileage is missing,High,VIU-Verified,READY (VIU-Verified),,,,BUG-8,"Wording+VIU 2026-07-13 (S2-15783 live, Require Mileage ON): the completion Details modal shows a Mileage field; leaving it empty and pressing 'Complete Work Order' shows a 'required field' error and completion does not proceed. Settings restored byte-identical."
C29416,https://shopview.testrail.io/index.php?/cases/view/29416,SF-VAL-02,Validation / Edge,Verify completion is blocked when a required VIN is missing (non-review No-PO / Optional-invoice flow),Medium,Blocked-Env,BLOCKED — VIU PENDING (QA),needs-data,QA (needs cookies+seed data),QA VIU: drive the specific validation/edge scenario with seeded data.,BUG-8,"Blocked-Env (precise, investigated live 2026-07-14): a VIN-less asset cannot be seeded. Asset/vehicle creation is not exposed via API (POST /api/assets 404, POST /api/vehicles 405 GET-only, POST /api/company-vehicles 404) and the new-asset UI flow requires a VIN; all existing assets already carry a VIN. So the non-review No-PO/Optional-invoice completion cannot be driven into a VIN-missing prompt. (Also note the Story-4 completion modal no longer carries a VIN field per Delta1 — SF-COMP-16.) Needs a VIN-less asset seeded by dev/data."
C29417,https://shopview.testrail.io/index.php?/cases/view/29417,SF-VAL-03,Validation / Edge,Verify completion is blocked when required engine hours are missing,Medium,VIU-Verified,READY (VIU-Verified),,,,BUG-8,"Wording+VIU 2026-07-13 (S2-15783 live, Require Engine Hours ON): the completion Details modal shows an Engine Hours field; empty -> 'required field' error, completion blocked. Same modal as SF-VAL-01 (Mileage + Engine Hours)."
C29418,https://shopview.testrail.io/index.php?/cases/view/29418,SF-VAL-04,Validation / Edge,Verify the tech-story Next/Continue button stays disabled while the story textarea is empty,Medium,VIU-Verified,READY (VIU-Verified),,,,,Wording+VIU 2026-07-13: tech-story modal Next/Continue disabled while the story textarea is empty (Require Tech Story gate) - behavior per prior VIU; tech-story requirement is a Work Orders setting toggle (see SF-SET-15).
C29419,https://shopview.testrail.io/index.php?/cases/view/29419,SF-VAL-05,Validation / Edge,Verify a required-invoice receive is blocked without a vendor invoice number,High,VIU-Verified,READY (VIU-Verified),,,,BUG-11,"Wording+VIU 2026-07-13: required-invoice receive blocked without a vendor invoice number - verified prior drive (FV-val05-noinvoice/withinvoice.png, 2026-07-10). Require Vendor Invoice Number gate."
C29420,https://shopview.testrail.io/index.php?/cases/view/29420,SF-VAL-06,Validation / Edge,"Verify a vendor-missing part cannot be received without a vendor, a part number, and a cost / sell price",High,VIU-Verified,READY (VIU-Verified),,,,BUG-11,"VIU-Verified live 2026-07-14 on the Bulk Receive page (/bulk-receive) with a freshly seeded vendor-missing WO PO (S-15845, order 0ee75c5f, part 'Gear oil' no PN/no vendor/cost=sell=0). Receive-button gate progression confirmed: no vendor -> Receive DISABLED; vendor assigned (POST /api/orders/{id}/assign-vendor 200, auto-assigned with NO merge prompt, vendor-missing flag cleared) but no part number -> DISABLED; part number entered but cost/sell still 0 -> DISABLED; part number + vendor invoice number + cost + sell all present -> Receive ENABLED (receivable). Confirms a vendor-missing part cannot be received without a vendor, a part number, and a cost/sell price."
C29421,https://shopview.testrail.io/index.php?/cases/view/29421,SF-VAL-07,Validation / Edge,Verify Confirm Review is disabled until a VIN is entered in the Mark Reviewed dialog,Medium,VIU-Verified,READY (VIU-Verified),,,,,"Wording+VIU 2026-07-13: Confirm Review disabled until VIN entered in the Mark Reviewed dialog (surfaces when the WO lacks a valid VIN) - same gate as SF-REV-06; Mark Reviewed action confirmed live this run, VIN-required dialog per prior 2026-07-06."
C29422,https://shopview.testrail.io/index.php?/cases/view/29422,SF-VAL-08,Validation / Edge,Verify re-completing after cancelling does not create duplicate POs,Medium,VIU-Verified,READY (VIU-Verified),,,,,Wording+VIU 2026-07-13: re-completing after cancel creates no duplicate POs (idempotent) - verified prior (2026-07-08); consistent with SF-COMP-15/23.
C29423,https://shopview.testrail.io/index.php?/cases/view/29423,SF-VAL-09,Validation / Edge,Verify the sell field is locked after the work order is invoiced/paid with a lock icon and tooltip,Medium,Blocked-Env,BLOCKED — VIU PENDING (QA),needs-data,QA (needs cookies+seed data),QA VIU: drive the specific validation/edge scenario with seeded data.,,"Blocked-Env (precise, investigated live 2026-07-14): a true invoiced/paid WO state is not drivable in this harness. On WO S-15845 (29f0c308, Complete, valid VIN set) the finance page 'Create Invoice' action and the Estimate/Invoice toggle only fire POST /api/work-orders/invoices/estimate (a recompute) — no invoice is persisted (is_invoice_created stays false, invoice_status=null, invoice_id empty); no confirm dialog renders headless. Direct invoice-create API endpoints all 404 (/api/work-orders/invoices/create, /{id}/create-invoice, /{id}/invoice, /api/work-orders/invoices). Marking the WO PAID would additionally require a payment step. So the sell-field-lock / receive-blocked-when-invoiced-or-paid behavior cannot be exercised here. Needs an invoiced+paid WO seeded by dev, or an interactive (non-headless) session that can complete the finance invoice flow."
C29424,https://shopview.testrail.io/index.php?/cases/view/29424,SF-VAL-10,Validation / Edge,Verify the same vendor invoice number can be reused across POs (uniqueness relaxed),Low,VIU-Verified,READY (VIU-Verified),,,,,"Wording+VIU 2026-07-13: the same vendor invoice number can be reused across POs (uniqueness relaxed) - verified prior (2026-07-10, Story 9 apply-invoice)."
C29425,https://shopview.testrail.io/index.php?/cases/view/29425,SF-VAL-11,Validation / Edge,Verify an unapproved line disables the Complete Work Order button with a tooltip (regardless of the Require Vendor Invoice Number setting),Medium,VIU-Verified,READY (VIU-Verified),,,,,"VIU-Verified live 2026-07-14 (WO 4448308d). Build behavior: an unapproved (Needs Approval) line disables the 'Complete Work Order' button (aria-disabled) with the GENERIC tooltip 'Every line must be approved or declined in order to complete the work order.' — confirmed identical with Require Vendor Invoice Number ON and OFF. Approving the line (status->authorized) re-enables the button. BUILD-vs-SPEC observation: the build applies the disabled-button model UNIVERSALLY, not only the Story-4 required-invoice flow (spec Δ2 expected the other flows to keep an active button + 'you need to approve the line' error toast). Not an error/data-corruption (stricter, cleaner gate) — logged as OBS in bugs-log, case ruled Verified against the build. Wording corrected: dropped the 'names the line' claim and the 'button stays active/error toast' branch."
C29426,https://shopview.testrail.io/index.php?/cases/view/29426,SF-QB-01,QuickBooks / Inventory Integrity,Verify in-stock parts decrement inventory and write Part History on simple completion (skip path still runs lifecycle),High,Blocked-Env,BLOCKED — VIU PENDING (QA),needs-data,QA (needs cookies+seed data),"QA VIU: complete a WO end-to-end and inspect the QuickBooks / inventory side-effects (Journal Entry, Part History, inventory decrement).",,"Blocked-Env (partial): the inventory-DECREMENT half is PROVEN (P550848 on-hand 6->5 on pick, persisted through simple-complete 201 — prior run). The Part-History LOG half is OBS-6-blocked (GET /api/inventory/parts/history -> 500; /parts/inventory/{id} crashes). The QuickBooks-integrity leg is blocked: Blocked-Env (precise, confirmed live 2026-07-14): QuickBooks is NOT connected on the sv7301 QA org. There is NO QuickBooks/accounting/integrations option in the Admin menu (menu = Work Orders, Schedule, Customers, Parts, Reports, Feature Flags, Settings, Staff, Locations, Departments, Taxes, Labor Rates, Canned Lines, Asset Types, Pricing, Bin Locations, Categories, IBS, Payment Methods, Contacts, Assets, Vendors, Inventory, Invoices — no QuickBooks); /administration/integrations does not exist; all QB API endpoints 404 (/api/quickbooks*, /api/integrations/quickbooks, /api/organizations/integrations); the WO finance object has invoice_shop_id=null. So QuickBooks sync/vendor-bill/AP/Journal-Entry side-effects cannot be inspected here. Needs a QB-connected company + a human in QuickBooks."
C29427,https://shopview.testrail.io/index.php?/cases/view/29427,SF-QB-02,QuickBooks / Inventory Integrity,"Verify Create POs OFF produces no PO, vendor bill or AP sync and no catalog/inventory sync",High,VIU-observed-awaiting-Milos,BLOCKED — MILOS ANSWER,,Milos (Product Owner),Milos answers Open Question Q5 — QuickBooks integrity when Create-POs is OFF (toggle absent).,BUG-1,"VIU-observed 2026-07-14 (awaiting Milos Q5) AND QB-blocked. The 'Create Purchase Orders' toggle is absent (POs always-on, SF-SET-03 Deviation) so the Create-POs-OFF scenario cannot be configured; and QuickBooks is not connected on sv7301 (no QB admin/API — see bugs-log) so QB integrity cannot be inspected regardless. Milos Q5 governs whether POs-always-on is intended. No pass/fail asserted."
C29428,https://shopview.testrail.io/index.php?/cases/view/29428,SF-QB-03,QuickBooks / Inventory Integrity,Verify POs ON plus receiving runs the full pipeline: receive → Delivery → Vendor Bill → QuickBooks (both surfaces sync),High,Blocked-Env,BLOCKED — VIU PENDING (QA),needs-data,QA (needs cookies+seed data),"QA VIU: complete a WO end-to-end and inspect the QuickBooks / inventory side-effects (Journal Entry, Part History, inventory decrement).",,"Blocked-Env (precise, confirmed live 2026-07-14): QuickBooks is NOT connected on the sv7301 QA org. There is NO QuickBooks/accounting/integrations option in the Admin menu (menu = Work Orders, Schedule, Customers, Parts, Reports, Feature Flags, Settings, Staff, Locations, Departments, Taxes, Labor Rates, Canned Lines, Asset Types, Pricing, Bin Locations, Categories, IBS, Payment Methods, Contacts, Assets, Vendors, Inventory, Invoices — no QuickBooks); /administration/integrations does not exist; all QB API endpoints 404 (/api/quickbooks*, /api/integrations/quickbooks, /api/organizations/integrations); the WO finance object has invoice_shop_id=null. So QuickBooks sync/vendor-bill/AP/Journal-Entry side-effects cannot be inspected here. Needs a QB-connected company + a human in QuickBooks."
C29429,https://shopview.testrail.io/index.php?/cases/view/29429,SF-QB-04,QuickBooks / Inventory Integrity,Verify a vendorless / no-PN part has zero inventory interaction until a vendor and/or part number is added,Medium,Blocked-Env,BLOCKED — VIU PENDING (QA),needs-data,QA (needs cookies+seed data),"QA VIU: complete a WO end-to-end and inspect the QuickBooks / inventory side-effects (Journal Entry, Part History, inventory decrement).",,"Blocked-Env (precise, confirmed live 2026-07-14): QuickBooks is NOT connected on the sv7301 QA org. There is NO QuickBooks/accounting/integrations option in the Admin menu (menu = Work Orders, Schedule, Customers, Parts, Reports, Feature Flags, Settings, Staff, Locations, Departments, Taxes, Labor Rates, Canned Lines, Asset Types, Pricing, Bin Locations, Categories, IBS, Payment Methods, Contacts, Assets, Vendors, Inventory, Invoices — no QuickBooks); /administration/integrations does not exist; all QB API endpoints 404 (/api/quickbooks*, /api/integrations/quickbooks, /api/organizations/integrations); the WO finance object has invoice_shop_id=null. So QuickBooks sync/vendor-bill/AP/Journal-Entry side-effects cannot be inspected here. Needs a QB-connected company + a human in QuickBooks."
C29430,https://shopview.testrail.io/index.php?/cases/view/29430,SF-QB-05,QuickBooks / Inventory Integrity,Verify Vendor Missing POs are excluded from QuickBooks until a vendor and part number are provided,Medium,Blocked-Env,BLOCKED — VIU PENDING (QA),needs-data,QA (needs cookies+seed data),"QA VIU: complete a WO end-to-end and inspect the QuickBooks / inventory side-effects (Journal Entry, Part History, inventory decrement).",,"Blocked-Env (precise, confirmed live 2026-07-14): QuickBooks is NOT connected on the sv7301 QA org. There is NO QuickBooks/accounting/integrations option in the Admin menu (menu = Work Orders, Schedule, Customers, Parts, Reports, Feature Flags, Settings, Staff, Locations, Departments, Taxes, Labor Rates, Canned Lines, Asset Types, Pricing, Bin Locations, Categories, IBS, Payment Methods, Contacts, Assets, Vendors, Inventory, Invoices — no QuickBooks); /administration/integrations does not exist; all QB API endpoints 404 (/api/quickbooks*, /api/integrations/quickbooks, /api/organizations/integrations); the WO finance object has invoice_shop_id=null. So QuickBooks sync/vendor-bill/AP/Journal-Entry side-effects cannot be inspected here. Needs a QB-connected company + a human in QuickBooks."
C29431,https://shopview.testrail.io/index.php?/cases/view/29431,SF-QB-06,QuickBooks / Inventory Integrity,Verify cost at completion behavior to avoid $0-cost margins in QuickBooks,Medium,Blocked-Env,BLOCKED — VIU PENDING (QA),needs-data,QA (needs cookies+seed data),"QA VIU: complete a WO end-to-end and inspect the QuickBooks / inventory side-effects (Journal Entry, Part History, inventory decrement).",,"Blocked-Env (precise, confirmed live 2026-07-14): QuickBooks is NOT connected on the sv7301 QA org. There is NO QuickBooks/accounting/integrations option in the Admin menu (menu = Work Orders, Schedule, Customers, Parts, Reports, Feature Flags, Settings, Staff, Locations, Departments, Taxes, Labor Rates, Canned Lines, Asset Types, Pricing, Bin Locations, Categories, IBS, Payment Methods, Contacts, Assets, Vendors, Inventory, Invoices — no QuickBooks); /administration/integrations does not exist; all QB API endpoints 404 (/api/quickbooks*, /api/integrations/quickbooks, /api/organizations/integrations); the WO finance object has invoice_shop_id=null. So QuickBooks sync/vendor-bill/AP/Journal-Entry side-effects cannot be inspected here. Needs a QB-connected company + a human in QuickBooks."
C29432,https://shopview.testrail.io/index.php?/cases/view/29432,SF-QB-07,QuickBooks / Inventory Integrity,Verify the Journal Entry / Inventory sync to QuickBooks fires on invoice creation (not PO-dependent),Medium,Blocked-Env,BLOCKED — VIU PENDING (QA),needs-data,QA (needs cookies+seed data),"QA VIU: complete a WO end-to-end and inspect the QuickBooks / inventory side-effects (Journal Entry, Part History, inventory decrement).",,"Blocked-Env (precise, confirmed live 2026-07-14): QuickBooks is NOT connected on the sv7301 QA org. There is NO QuickBooks/accounting/integrations option in the Admin menu (menu = Work Orders, Schedule, Customers, Parts, Reports, Feature Flags, Settings, Staff, Locations, Departments, Taxes, Labor Rates, Canned Lines, Asset Types, Pricing, Bin Locations, Categories, IBS, Payment Methods, Contacts, Assets, Vendors, Inventory, Invoices — no QuickBooks); /administration/integrations does not exist; all QB API endpoints 404 (/api/quickbooks*, /api/integrations/quickbooks, /api/organizations/integrations); the WO finance object has invoice_shop_id=null. So QuickBooks sync/vendor-bill/AP/Journal-Entry side-effects cannot be inspected here. Needs a QB-connected company + a human in QuickBooks."
C29433,https://shopview.testrail.io/index.php?/cases/view/29433,SF-QB-08,QuickBooks / Inventory Integrity,Verify Inventory Part History is preserved for any part that becomes inventory-tracked,Medium,Blocked-Env,BLOCKED — VIU PENDING (QA),needs-data,QA (needs cookies+seed data),"QA VIU: complete a WO end-to-end and inspect the QuickBooks / inventory side-effects (Journal Entry, Part History, inventory decrement).",,"Blocked-Env (precise, confirmed live 2026-07-14): QuickBooks is NOT connected on the sv7301 QA org. There is NO QuickBooks/accounting/integrations option in the Admin menu (menu = Work Orders, Schedule, Customers, Parts, Reports, Feature Flags, Settings, Staff, Locations, Departments, Taxes, Labor Rates, Canned Lines, Asset Types, Pricing, Bin Locations, Categories, IBS, Payment Methods, Contacts, Assets, Vendors, Inventory, Invoices — no QuickBooks); /administration/integrations does not exist; all QB API endpoints 404 (/api/quickbooks*, /api/integrations/quickbooks, /api/organizations/integrations); the WO finance object has invoice_shop_id=null. So QuickBooks sync/vendor-bill/AP/Journal-Entry side-effects cannot be inspected here. Needs a QB-connected company + a human in QuickBooks."
,,SF-QB-09,QuickBooks / Inventory Integrity,Investigate: Part Sales unaffected by the shared order/status logic (requested -> orderable/waiting-to-receive),Low,Open-Question,BLOCKED — VIU PENDING (QA),reachable-now,QA (needs cookies+seed data),"QA VIU: complete a WO end-to-end and inspect the QuickBooks / inventory side-effects (Journal Entry, Part History, inventory decrement).",,"[No TestRail ID in map — add after next TestRail sync] NEW V2.4 §8 open question (D9). Placeholder only — do NOT fabricate expected. The shared order/status logic (requested -> orderable/waiting-to-receive; PO-on-order without vendor/cost) may touch Part Sales; confirm with dev and report. Excluded from the TestRail XML update batch until scoped. | 2026-07-13: NOT in testrail-id-map.csv (no C-ID) - Open-Question / dev-investigation case, not created in TestRail. Follow-up: assign a C-ID only if/when it is imported after dev confirmation. | 2026-07-14 grind: remains an Open-Question / dev BE-investigation. The claim (Part Sales unaffected by the shared requested->orderable/waiting-to-receive order-status logic) is a back-end code-path question that is NOT meaningfully UI-observable from the app; confirming it requires dev to trace whether the shared order/status logic touches the Part Sales flow. Still unmapped in testrail-id-map.csv (no C-ID) — assign a C-ID only if imported after dev confirmation. Kept Open-Question."
