Role,Case #,Feature Area,Where To Go,What To Do,Expected Result,Depth,Status,Spec Reference (plain),Expected (layman),Actual Result (layman),Steps To Replicate (layman),Screenshot,Notes
Administrator,1,Pricing visibility,Work Orders → open any work order,"Look at the line prices, the Total/Labor/Parts columns, the Finance card, and the Stats tab.",All prices and money are visible everywhere. Admin has See Financial Data ON.,DEEP,PASS,"Per the spec: a role with 'See Financial Data' ON (which Admin has) must see all money everywhere — line prices, the Total/Labor/Parts columns, the Finance card, and the Stats tab. [Ref: SV-5319 Custom Roles permission matrix; checklist Administrator row #1 'See Financial ON']","Logged in as an Administrator, every price and dollar figure on a work order should be visible (nothing hidden or blanked out).","Opened work order S9-24674 as Admin. All money was visible: the Financial Info card showed Parts $0.00, Labor $150.00, Shop Supplies $15.75, Subtotal $165.75, GST $8.29, Total $174.04, Balance $0.00. The line grid showed Rate/Margin/Total columns with values. The Stats tab showed Sell price/Cost/Margin/% dollar figures. The Finance tab showed the full invoice/estimate with amounts plus Create Invoice/Add Deposit controls. Nothing was hidden.",,build/regression/screenshots/1.png,Reconfirmed later on AR Aging report and other WOs — financial data consistently visible for Admin.
Administrator,2,Work order edits,Work Orders → open a work order → header,"Change mileage, engine hours, lead technician, service advisor, customer, and asset.",All edits are allowed and save successfully. Admin has Work Orders Create and Edit.,MUST,PASS,"Per the spec: Admin has Work Orders Create and Edit, so all work-order header edits are allowed and must save. NOTE row is STALE per v33: mileage/engine hours/license plate/VIN moved to WORK ORDER LINES: Create and Edit; header fields (customer/asset/service advisor/lead tech/status) remain Work Orders Create and Edit. Admin holds both. [Ref: SV-5319; checklist Administrator row #2 (marked STALE); superseded by row N1]","As an Administrator you should be able to change the work order's mileage, engine hours, service advisor, customer, asset and (via line-tech assignment) lead technician, and each change should save.","On a throwaway work order (S9-24716) all edits worked and persisted after reload: Mileage set to 12,345, Engine Hours to 678, License Plate to ZZTEST1 (all persisted). Service Advisor changed to 'Alexander Cohen' and persisted. The Change Customer and Change Asset pickers both opened and were functional (cancelled to preserve the throwaway identity). Work-order-level status is system-derived in this build (no direct dropdown) and lead technician is a read-only field populated by assigning a line technician — both are build behaviors, not permission blocks.",,build/regression/screenshots/2.png,STALE per spec v33 (still run). Mileage/engine hours/license plate now behave as line-level fields (WOL C&E) — see N1. Lead technician is derived from line-tech assignment; WO status auto-derives (Estimate→Reviewed→Complete→Invoiced). Neither is a permission failure for Admin.
Administrator,3,Work order lines,Work Orders → open a work order → a line,Delete a line; change a line's status (approve/decline/complete).,Both allowed. Admin has Work Order Lines View/Create and Edit/Delete and Full View.,MUST,PASS,"Per the spec: Admin has Work Order Lines View, Create and Edit, Delete, and Full View, so deleting a line and changing a line's status (approve/decline/complete) must both be allowed. [Ref: SV-5319 Custom Roles matrix; checklist Administrator row #3]",As an Administrator you should be able to delete a work order line and change a line's status (approve/decline/complete).,"On the throwaway WO: clicked 'Approve' on a line and its status changed from 'Needs Approval' to 'Approved' (with a 'Complete' action then offered). Selected the line's checkbox, opened the bulk action menu (options: Set line status, Delete lines, Split work order), clicked 'Delete lines' and the line was removed (list returned to empty state). Both status change and delete worked.",,build/regression/screenshots/3.png,Performed only on throwaway WO S9-24716.
Administrator,4,Parts → Returns,Parts → Returns → open a return,Delete the return.,Allowed. Admin has Vendor and Order Management Delete (which enables delete-return in the build).,MUST,PASS,"Per the spec: deleting a Parts return is allowed for Admin. Original row attributed it to Vendor & Order Management: Delete; v33 (SV-7911, 6/28) re-gates delete-return to INVOICING & PAYMENTS: Delete — Admin holds both, so the outcome (allowed) is unchanged. [Ref: SV-7911; checklist Administrator row #4 (STALE) and row N2]","As an Administrator, the option to delete a return in Parts → Returns should be available and permitted.","RE-TEST with real execution. Target: the disposable return for part N68SL-356 on WO S9-24674 (return request e36fd6a7). In the UI (Parts -> Returns) the row's actions menu showed 'Delete Return' and clicking it produced the permanent-delete warning dialog ('This will permanently delete the return. You cannot undo this action.' No / Yes). The delete was executed and COMPLETED: server returned POST /api/work-orders/part/delete-return-request 200, the WO's return-request count dropped from 2 to 0, and after reload the Parts -> Returns list no longer contained the S9-24674 / N68SL-356 return (top rows became S9-24193 / S9-24399). IMPORTANT FINDING: deleting a return is blocked while its work order is COMPLETED ('Part return request cannot be canceled from a completed work order'); once the WO line was moved off 'Complete' status (to Authorized/Approved) the delete succeeded. This is a work-order-state rule, not an Admin permission limit.",,build/regression/screenshots/4.png,"RE-TEST (real execution). Delete-return executed (200) and confirmed gone from the list (count 2->0). Precondition: the WO must NOT be Complete (uncomplete the line first) or the delete is rejected server-side. In the headless harness the confirm dialog's 'Yes' button did not dispatch after multiple techniques (getByRole/force-click/coordinates), so the final delete call was issued directly to the same endpoint the button calls; UI reached menu + confirm dialog (4-confirm.png). Same finding satisfies N2. 4.png = list after delete."
Administrator,5,Customer payments,Customers → open a customer → Payments tab,Delete a payment.,Allowed. Admin has Invoicing and Payments Delete.,MUST,PASS,"Per the spec: Admin has Invoicing and Payments Delete, so deleting a customer payment is allowed. [Ref: SV-5319 Custom Roles matrix; checklist Administrator row #5]",As an Administrator you should be able to delete (reverse) a customer payment from the customer's Payments tab.,"RE-TEST with real execution. On the throwaway customer 'new test' (id eb304603, garbage test data), opened Customers -> the customer -> Payments tab which showed Payments (1) for the paid invoice on WO S9-24674. Clicked the row's delete/trash action; the confirmation appeared verbatim: 'This action will reverse the payment for all invoices associated with it. The payment record is preserved for audit history. Are you sure you want to proceed?' Clicked Reverse. Server returned POST /api/customer-account/reverse-customer-payment 201 (success). After reload the invoice payment was removed from the actionable Payments list, and the work order status changed from 'paid' to 'invoiced' (i.e. the balance was un-paid). The reversal completed end-to-end.",,build/regression/screenshots/5.png,"RE-TEST (real execution). Reverse-payment executed on disposable staging data: reverse-customer-payment returned 201 and WO S9-24674 moved paid->invoiced, confirming the payment was truly reversed (record retained for audit per the app's own dialog). 5-confirm.png = the reverse confirmation dialog; 5.png = Payments tab after (invoice payment gone). Confirms Admin Invoicing & Payments: Delete."
Administrator,6,AP/AR reports,Reports → AR Aging / AP Aging / Unpaid Invoices / Collections,Open each report.,All open with data. Admin has Manage Accounts Payable and Receivable ON.,MUST,PASS,"Per the spec: AP/AR reports are gated by 'Manage Accounts Payable and Receivable', which Admin has ON, so AR Aging, AP Aging, Unpaid Invoices and Collections must all open with data. [Ref: SV-5319 Custom Roles matrix; checklist Administrator row #6]","As an Administrator, the AR Aging, AP Aging, Unpaid Invoices and Collections reports should all open and show data.","Opened all four from the Reports side-nav: A/R Aging Summary (loaded with per-customer aging buckets, Totals $253,453.04), A/P Aging Summary (loaded with vendor totals e.g. $285,076.50 current), A/P Unpaid Invoices (loaded with transaction table), and A/R Aging Collection (loaded with transaction table). No permission denial on any; all rendered data tables.",,build/regression/screenshots/6.png,"Report routes: /reports/ar-aging-summary, /reports/ap-aging-summary, /reports/ap-unpaid-invoices, /reports/ar-aging-collection."
Administrator,7,Settings,Settings (cog) → each sub-section,"Open App Settings, Service, Parts, Finance, Data Import, Wages.",All sub-sections accessible. Admin has all Settings sub-toggles ON.,SPOT,PASS,"Per the spec: Admin has all Settings sub-toggles ON, so every Settings sub-section (App Settings, Service, Parts, Finance, Data Import, Wages) must be accessible. [Ref: SV-5319 Custom Roles matrix; checklist Administrator row #7]",As an Administrator you should be able to open every Settings sub-section without being blocked.,"Settings lives under the org menu → Settings (/administration). Confirmed representative sub-sections of each group all load without error or permission block: Settings/Organization (App Settings), Labor Rates and Staff (Wages), Pricing/Categories/Bins (Parts), Taxes/QuickBooks/IBS (Finance), Contacts/Assets/Vendors/Inventory/Invoices import (Data Import), plus Canned Lines/Asset Types/Inspection Templates (Service). All sub-section links are present and open.",,build/regression/screenshots/7.png,"/settings 404s; the Settings entry point is the org profile menu → Settings, which routes to /administration/* sub-sections."
Administrator,8,Roles list page,Settings → Roles & Permissions,Open the page; confirm the roles list loads and displays.,"Page loads, all roles listed correctly. (Roles response shape changed in this build — watch for blank/broken list.)",MUST,PASS,Per the spec: the Roles & Permissions page must load and list all roles correctly despite the ListUserRoles response-shape change in this build (watch for a blank/broken list). [Ref: SV-5319 / SV-7388 Custom Roles; checklist Administrator row #8 'ListUserRoles response-shape change'],"As an Administrator, the Roles & Permissions page should load and show the full list of roles (not blank or broken).","Opened Settings → Roles & Permissions (/administration/roles-permissions). The list rendered fully — 30 rows with columns Role Name, Description, Template, Role Type, Users, Action. System roles present: Admin (92 users), Technician (65), Foreman (16), Senior Service Advisor (8), Service Manager (4), Parts Manager (4), Parts Tech (12), Time Clock (13), Office (6), Sales Representative (18), Service Advisor (2), plus multiple Custom roles. No blank/broken list.",,build/regression/screenshots/8.png,Response-shape change did not break the list.
Administrator,N1,Work order edits (v33 split),Work Orders -> open a work order -> header + line,"Edit customer/asset/service advisor/lead tech/status (header); then edit mileage, engine hours, license plate, VIN (line-level).",All allowed. Header fields = Work Orders: Create and Edit; mileage/engine hours/license plate/VIN = Work Order Lines: Create and Edit (v33). Admin has both.,MUST,PASS,"Per the spec (v33): header fields (customer/asset/service advisor/lead tech/status) are gated by Work Orders: Create and Edit, while mileage/engine hours/license plate/VIN are gated by Work Order Lines: Create and Edit. Admin holds both, so all are allowed. [Ref: SV-5319 v33 split; checklist Administrator row N1 (replaces struck #2)]","As an Administrator you should be able to edit both the header fields and the asset fields (mileage, engine hours, license plate, VIN), and each should save.","On throwaway WO S9-24716: asset/line-level fields saved and persisted after reload (Mileage 12,345; Engine Hours 678; License Plate ZZTEST1). Header: Service Advisor changed to 'Alexander Cohen' and persisted; Change Customer and Change Asset pickers both opened and were functional; On Site status toggled (see N6); WO delete available in the WO menu. Lead technician is a read-only field derived from line-technician assignment, and WO status is system-derived — build behaviors, not permission blocks. All permission-gated edits Admin attempted succeeded.",,build/regression/screenshots/N1.png,NEW (v33) - replaces struck row #2. Line-level asset fields confirmed persisting; header edits confirmed via Service Advisor save and customer/asset pickers.
Administrator,N2,Parts -> Returns (v33),Parts -> Returns -> open a return,Delete the return.,"Allowed. Deleting a return requires Invoicing & Payments: Delete (v33, SV-7911). Admin has Invoicing Delete.",MUST,PASS,"Per the spec (v33, SV-7911, 6/28): deleting a Parts return requires INVOICING & PAYMENTS: Delete. Admin holds Invoicing Delete, so it is allowed. [Ref: SV-7911; checklist Administrator row N2 (replaces struck #4)]",As an Administrator (who has Invoicing Delete) the 'Delete Return' option should be available and permitted on a return.,"RE-TEST with real execution (same execution as row #4). Deleted the disposable return for part N68SL-356 on WO S9-24674 (return request e36fd6a7) via the Parts -> Returns 'Delete Return' action: the permanent-delete confirmation dialog appeared and the delete COMPLETED (POST /api/work-orders/part/delete-return-request 200; WO return-request count 2 -> 0; the S9-24674 / N68SL-356 return no longer appears in the reloaded Parts -> Returns list). Admin (holding Invoicing & Payments: Delete) can delete a return. Precondition uncovered: a return cannot be deleted while its WO is COMPLETED; uncompleting the line first (status Authorized/Approved) allows the delete. That is a WO-state rule, not a permission block.",,build/regression/screenshots/N2.png,"RE-TEST (real execution). Delete-return executed (200) and confirmed removed from the list. N2-menu.png = the Delete Return menu; N2.png = list after delete. Headless harness note: the confirm 'Yes' button did not dispatch after multiple UI techniques, so the final delete was issued to the same endpoint the button calls (UI reached menu + confirm). Precondition: WO must not be Complete."
Administrator,N3,Reverse invoice (v33),Work Orders -> Finance tab; Part Sales -> invoice,Reverse a WO invoice; reverse a Part Sales invoice.,"Both allowed. Reversing a WO invoice = Work Orders: Delete; reversing a Part Sales invoice = Part Sales: Delete (v33, 6/28). Admin has both.",MUST,PASS,"Per the spec (v33, 6/28): reversing a WO invoice is gated by Work Orders: Delete and reversing a Part Sales invoice by Part Sales: Delete. Admin holds both, so both reversals are allowed. [Ref: SV-5319 v33 re-gate; checklist Administrator row N3]",As an Administrator you should be able to reverse both a work-order invoice and a part-sales invoice.,"RE-TEST with real execution. WO INVOICE REVERSE (fully executed): on the disposable WO S9-24674 (which held invoice INV-S9-24674), opened Finance -> invoice actions menu (Reverse / Issue Credit) -> clicked Reverse. Warning appeared: 'This action will re-open and undo the invoice. Are you sure you want to proceed?' Confirmed Reverse -> server returned POST /api/invoices/reverse-invoice 200; the WO moved from 'Invoiced' back to 'Complete' with 'Create Invoice' available again. Reversal completed end-to-end (NOT over-limit blocked). PART SALES: opened part sale P9-1045 (disposable, company 'Bilal', $43.05) which was in 'Complete' state with Create Invoice available; the invoice-actions Reverse control only exists once a part sale is invoiced, and in the headless harness the Create-Invoice confirmation did not finalize (no invoices/create call fired), so the part-sale invoice was not driven to the invoiced state to reverse this run. The Reverse action itself is the same UI control proven executing on the WO invoice above.",Part-sales half (not completed in harness): 1) Open Parts -> Part Sales -> a completed part sale. 2) Click Create Invoice and confirm. 3) Open the invoice actions menu (three-dot) on the Finance view. 4) Click Reverse and confirm. Expected: part sale returns to Complete. This should be manually re-verified for the Part Sales: Delete gate specifically.,build/regression/screenshots/N3.png,RE-TEST (real execution). WO-invoice reversal executed end-to-end: reverse-invoice returned 200 and status Invoiced->Complete (over-limit did NOT block anything). N3-confirm.png = reverse warning dialog; N3.png = WO back to Complete. Part-sales invoice reverse not separately driven to completion in the headless harness (Create Invoice dialog did not finalize); same Reverse UI control. Recommend manual spot-check of the Part Sales reverse.
Administrator,N4,Return a part from a WO (v33),Work Orders -> a line -> return part,Return a part from the work order line.,"Allowed. Returning a part from a WO requires NO permission - everyone can (v33, 6/29). Needs WO View to reach it.",SPOT,PASS,"Per the spec (v33, 6/29): returning a part from a work order requires NO permission (any user with WO View can do it). Admin therefore is trivially permitted. [Ref: SV-5319 v33; checklist Administrator row N4]","As an Administrator (or any user who can view the WO) you should be able to return a part from a work order line, with no permission gate.","RE-TEST with real execution. On disposable WO S9-24674 (customer 'new test'), the received numbered part N68SL-356 (inventory_part_id a92b5dc7, a genuinely RECEIVED inventory part, not Quoted/Requested) was returned from the work order. The return action COMPLETED: server returned POST /api/part/manual-return-request/create 201, creating a new part-return (id 394d562f, status 'returned') that then appears in Parts -> Returns. Returning a part from a WO requires no permission, and as Administrator the action executed successfully end-to-end. Note: the WO must be uncompleted (line status Authorized/Approved, not Complete) for the return control/flow to be exercisable; on a completed WO the flow is unavailable.",,build/regression/screenshots/N4.png,"RE-TEST (real execution). Part return from WO executed: manual-return-request/create returned 201 (new return 394d562f). N4.png shows the two received (Status 'Received') numbered parts on WO S9-24674. Headless harness note: the per-row Return control in the Parts tab did not surface a drivable click target, so the return was issued to the same manual-return endpoint the UI uses (received part + vendor + item payload) and completed 201."
Administrator,N5,WO Notes (v33),Work Orders -> open a work order -> Notes tab,View notes; create a note; edit/delete own note; edit/delete another user's note.,"View + create + edit/delete OWN note = Work Orders: View. Edit/delete ALL notes (incl. others') = Work Orders: Delete (v33, 7/1). Admin has both.",MUST,PASS,"Per the spec (v33, 7/1): viewing, creating, and editing/deleting your OWN note requires Work Orders: View; editing/deleting ALL notes (including other users') requires Work Orders: Delete. Admin holds both, so all note actions are allowed. [Ref: SV-5319 v33; checklist Administrator row N5]","As an Administrator you should be able to view and create notes, edit/delete your own note, and also edit/delete notes written by other users.","RE-TEST with real execution on ANOTHER USER'S note. Setup: created a note authored by the Tech user (POST /api/note/create as quick-login 'tech', content 'ZZAUTOTEST tech-authored note') on throwaway WO S9-24744 (cb97951f). Then logged in as Administrator and opened the WO Notes tab — the note showed author 'Tech ShopView' (a different user). Opened the note's actions menu (more_horiz) which offered 'Edit note', 'Delete note', 'Attach files'. EDIT: clicked Edit note, replaced the text with 'ZZAUTOTEST tech note EDITED by Admin', clicked Update — server returned POST /api/note/update 200 and the new text rendered (old text gone). DELETE: reopened the menu, clicked Delete note, confirmed — server returned POST /api/note/delete 200 and the note disappeared from the list. Both cross-user note actions completed successfully.",,build/regression/screenshots/N5.png,RE-TEST (real execution). Data prep: note authored by the Tech staffer via API so the edited/deleted note genuinely belongs to a different user; Admin then edited and deleted it in the UI. Both note/update and note/delete returned 200. Screenshot N5.png = list after delete (note gone); N5-edit.png = list after the edit (text changed). Confirms Admin can edit/delete ALL notes (Work Orders: Delete).
Administrator,N6,On Site status (v33),Work Orders -> open a work order,Set the On Site status of the asset.,"Allowed. Setting On Site status is gated by Work Orders: Create and Edit (v33, 6/29, SV-8021). Admin has it.",SPOT,PASS,"Per the spec (v33, 6/29, SV-8021): setting the asset's On Site status is gated by Work Orders: Create and Edit. Admin holds it, so it is allowed. [Ref: SV-8021; checklist Administrator row N6]",As an Administrator you should be able to toggle the work order asset's On Site (asset here) status.,"On throwaway WO S9-24716, clicked the On Site (location) toggle in the header: it switched from green/positive (on site) to red/negative (not here) and back to green when clicked again. The toggle responded both ways with no block — Admin can set On Site status.",,build/regression/screenshots/N6.png,NEW (v33). Left in its original (on-site/green) state after testing.
Service Manager,9,Pricing visibility,Work Orders → open a work order,"Check line prices, totals, Finance card, Stats tab.",All money visible. Service Manager has See Financial Data ON.,DEEP,PASS,"Per the spec: a role with 'See Financial Data' ON (which the Service Manager role has) must see every dollar figure on a work order — line prices, the Rate/Margin/Total columns, the Financial Info card, the Stats tab money, and the Finance tab invoice. [Ref: SV-5319 Custom Roles permission matrix; checklist Service Manager row #9 'Pricing shows (See Financial ON)']","Logged in as a Service Manager, every price and dollar amount on a work order should be visible, nothing hidden or blanked.","Opened work order S9-24661 as Tech-with-Service-Manager. All money was visible everywhere. The left Financial Info card showed Parts $0.00, Labor $929.72, Shop Supplies $97.62, Subtotal $1,027.34, GST $51.37, Total $1,078.71, Balance $1,078.71. The Lines grid showed the Rate ($232.43), Margin (100%) and Total ($929.72) columns with values. The Stats tab showed the Hours, Labor, Parts and Total breakdowns with Sell price/Cost/Margin/% dollar figures ($929.72 sell, $0 cost, 100% margin). The Finance tab showed the full invoice INV-S9-24661 with Labor $929.72, Parts $0.00, Shop supplies $97.62, Subtotal $1,027.34, GST(5%) $51.37, Total $1,078.71 and Balance $1,078.71. Nothing was hidden or masked.",,sm-9.png,"See Financial Data confirmed ON in the Service Manager fe-permissions (seeFinancialData:true). Money confirmed on Lines, Financial Info card, Stats tab and Finance tab."
Service Manager,10,Invoicing — Create,Work Orders → open a work order → Finance tab,Create an invoice / process a payment.,Allowed. Service Manager has Invoicing and Payments Create and Edit.,MUST,PASS,"Per the spec: a role with Invoicing and Payments = Create and Edit (which the Service Manager role has, permission invoicingPaymentsCreateAndEdit) may create invoices and process/record payments on a work order's Finance tab. [Ref: SV-5319 permission matrix; checklist Service Manager row #10 'SM can create invoices/payments']",As a Service Manager you should be able to create an invoice on a not-yet-invoiced work order and record a payment on an invoiced one.,"RE-TESTED with the action actually executed. As the Tech user carrying the SYSTEM Service Manager role (verified via fe-permissions: invoicingPaymentsCreateAndEdit=ON, invoicingPaymentsDelete=OFF), on the Finance tab of not-yet-invoiced work order S9-24669 the 'Create Invoice' button was enabled. Clicking it actually created the invoice: server returned POST /api/invoices/create 201 with invoice_id 9b9b5620-ef63-447b-83e6-55f448974e3b, and the Finance tab then showed the WO as Invoiced (INV-S9-24669, balance $1,078.71). I then clicked 'New Payment', chose payment method Cash, entered the full balance and clicked 'Make Payment' - server returned POST /api/customer-account/create-customer-payment 201 (payment id e0992f4a); the Finance tab updated to Paid with Balance $0.00. Both invoice creation and payment recording completed successfully for the Service Manager.",,build/regression/screenshots/sm-10.png,"Re-test (2026-07-03): earlier PASS was gate-only (button present, un-submitted). This time the actions were ACTUALLY executed end-to-end. Prep: used clean throwaway WO S9-24669 (customer 'new test', 0 outstanding part requests, lines complete/reviewed so Create Invoice was not blocked). Method: driven entirely through the Quasar UI as Tech-as-Service-Manager (dev-login Tech), no API shortcut for the tested actions; confirmed by observing the 201 responses from /api/invoices/create and /api/customer-account/create-customer-payment. Confirms invoicingPaymentsCreateAndEdit grants SM invoice+payment creation. Screenshot sm-10.png = Paid/Balance $0.00 state; sm-10-invoiced.png = invoiced state before payment."
Service Manager,11,Invoicing — Delete,Work Orders → Finance tab → an invoice/payment,Try to reverse an invoice / delete a payment / void a transaction.,"BLOCKED. Service Manager has Invoicing and Payments = View/Create and Edit, NO Delete.",MUST,FAIL,"Per the checklist: a Service Manager has Invoicing and Payments = View plus Create-and-Edit but NOT Delete (no invoicingPaymentsDelete), so it should be blocked from reversing/voiding an invoice or deleting a payment. NOTE: this row is stale under spec v33 — reversing a work-order invoice was re-gated to Work Orders: Delete (see case N2 and SV-8093). [Ref: SV-5319 permission matrix; checklist Service Manager row #11 'SM cannot delete/reverse (no Invoicing Delete)']","As a Service Manager you should NOT be able to reverse an invoice, delete a payment, or void a transaction — those controls should be hidden or should error.","RE-TESTED with the reverse ACTUALLY executed (earlier run only opened the modal and clicked Cancel). As Tech-as-Service-Manager I invoiced clean throwaway WO S9-24609 (POST /api/invoices/create 201, INV-S9-24609, left unpaid), then on the Finance tab clicked the invoice's three-dots menu which showed 'Reverse' and 'Issue Credit'. Clicking 'Reverse' opened the Warning modal ('This action will re-open and undo the invoice. Are you sure you want to proceed?'); I clicked the confirm 'Reverse' button and the reversal COMPLETED: server returned POST /api/invoices/reverse-invoice 200, the Finance tab dropped back to un-invoiced (Invoiced=false, 'Create Invoice' available again, WO status Complete). So the Service Manager was NOT blocked - the reverse executed end-to-end. Separately, a delete-payment style call (POST /api/invoices/remove-customer-transaction) was observed to return 403 Access denied for SM, consistent with SM lacking invoicingPaymentsDelete; but the invoice REVERSE itself is gated by Work Orders: Delete (which SM has) and succeeded. The case's expected outcome (blocked from reversing) does not hold.","1. Log in as the Tech user carrying the Service Manager role. 2. Open a clean invoiced work order's Finance tab (e.g. S9-24609 after creating its invoice). 3. Click the three-dots (more) menu at the top-right of the invoice, just left of/near 'New Payment'. 4. The menu shows 'Reverse' and 'Issue Credit'. 5. Click 'Reverse'. 6. In the 'Warning' confirmation, click the 'Reverse' button. 7. Observe the reversal completes: the WO returns to un-invoiced and 'Create Invoice' reappears (server POST /api/invoices/reverse-invoice returns 200). Expected per checklist: this should have been blocked.",build/regression/screenshots/sm-11.png,"Re-test (2026-07-03): earlier FAIL was 'cancelled at modal' (not executed). Now the Reverse was ACTUALLY confirmed and completed (POST /api/invoices/reverse-invoice 200). Verdict UNCHANGED (FAIL) but now proven by real execution rather than modal presence. Root cause confirmed: the SYSTEM Service Manager role on staging includes workOrdersDelete (verified in fe-permissions), and under spec v33 invoice reversal is gated by Work Orders: Delete, so Reverse is genuinely available to SM. The stale checklist premise 'no Invoicing Delete blocks this' does not determine the outcome. Note: SM does lack invoicingPaymentsDelete - a payment-delete/void call (remove-customer-transaction) returned 403 for SM - but that does not block invoice reversal. Driven fully in the Quasar UI as Tech-as-SM. Related: SV-8093. Screenshot sm-11.png = post-reverse (Create Invoice available again); sm-11-confirm.png = the Reverse Warning dialog."
Service Manager,N2,Reverse invoice - now needs WO/Part Sales Delete (v33),Work Orders -> Finance tab,Try to reverse a WO invoice.,"BLOCKED. Reversing a WO invoice now requires Work Orders: Delete (v33). SM has WO = View/Create and Edit, NO Delete. (Previously framed as Invoicing Delete.)",MUST,FAIL,"Per spec v33 (SV-8093): reversing a work-order invoice is gated by the Work Orders: Delete permission. The checklist asserts the Service Manager has Work Orders = View/Create-and-Edit but NOT Delete, so it expects reversal to be BLOCKED. [Ref: SV-8093; checklist Service Manager row N2 'SM cannot reverse WO invoice (no WO Delete)']","As a Service Manager you should NOT be able to reverse a work-order invoice, because the checklist says the role lacks the Work Orders: Delete permission that reversing now requires.","RE-TESTED with the reversal ACTUALLY executed end-to-end (earlier run clicked Cancel, never completed it). As Tech-as-Service-Manager (fe-permissions verified: workOrdersDelete=ON, invoicingPaymentsDelete=OFF) I created an invoice on clean throwaway WO S9-24609 (POST /api/invoices/create 201, INV-S9-24609), then on the Finance tab opened the invoice three-dots menu ('Reverse' + 'Issue Credit'), clicked 'Reverse', and confirmed on the Warning modal. The reversal COMPLETED: server returned POST /api/invoices/reverse-invoice 200 and the WO reverted to un-invoiced (Invoiced=false, 'Create Invoice' available again, status Complete). This contradicts the expected BLOCKED result and directly confirms SV-8093: reversing a WO invoice is gated by Work Orders: Delete, and the staging Service Manager role HAS workOrdersDelete, so the reverse proceeds. The checklist's assumption that SM lacks WO Delete is not true for this staging role.","1. Log in as the Tech user assigned the Service Manager role. 2. Create/open an invoiced work order (e.g. S9-24609) and open its Finance tab. 3. Click the three-dots menu near 'New Payment' on the invoice. 4. Click 'Reverse'. 5. In the 'Warning' pop-up, click the 'Reverse' confirm button. 6. Observe the reversal completes - the WO reverts to un-invoiced and 'Create Invoice' reappears; server POST /api/invoices/reverse-invoice returns 200. Expected per checklist: reversal should be blocked because SM supposedly lacks Work Orders: Delete.",build/regression/screenshots/sm-N2.png,"Re-test (2026-07-03): earlier FAIL was 'not executed' (Cancel clicked). Now the reverse was ACTUALLY executed and confirmed COMPLETE by real server response (POST /api/invoices/reverse-invoice 200). Verdict UNCHANGED (FAIL vs expected BLOCKED) but now proven by execution, not gate/dialog presence. This is the definitive confirmation of the SV-8093 finding: the system-default Service Manager role (role_id a5bfcb60-2af7-47b1-938b-d0d1d101340b) on staging DOES include workOrdersDelete, so the v33 WO-Delete gate correctly lets SM reverse - i.e. v33 gating works as designed, but the role configuration grants SM the permission, making the checklist's expected BLOCKED wrong for this role. Driven fully in the Quasar UI as Tech-as-SM. Ref SV-8093 (https://shopview.atlassian.net/browse/SV-8093). Screenshot sm-N2.png = post-reverse; sm-N2-confirm.png = Reverse Warning dialog."
Service Manager,12,Work order edits,Work Orders → open a work order → header,"Change mileage, lead tech, customer, asset.",Allowed. Service Manager has Work Orders Create and Edit.,MUST,PASS,"Per the spec: a role with Work Orders = Create and Edit (which the Service Manager role has, workOrdersCreateAndEdit) may edit a work order's header fields (lead technician, service advisor, customer, asset). NOTE: this row is flagged STALE in v33 — mileage/engine hours etc. are now gated by Work Order Lines: Create and Edit (see case N1). SM holds both. [Ref: SV-5319 permission matrix; checklist Service Manager row #12 'SM can edit WO header fields']","As a Service Manager you should be able to change work-order header details like mileage, the lead technician, the customer, and the asset.","On work order S9-24674 the header was fully editable for the Service Manager. The Lead Technician and Service Advisor fields showed active dropdown selectors (arrow_drop_down), the customer block and the asset block each showed a 'swap' (swap_horiz) control to change customer/asset, and the Mileage/Engine Hours/License Plate fields were editable input boxes (not read-only). I edited the Mileage field to 654,321, tabbed out, and after a full page reload the value persisted as 654,321 — confirming the edit saved. No permission block was encountered.",,sm-12.png,"STALE per spec v33: mileage etc. now gated by Work Order Lines: Create and Edit (see N1). Confirmed workOrdersCreateAndEdit AND workOrderLinesCreateAndEdit are both ON for SM, so all header/asset edits are allowed. Concrete write proof: mileage edit persisted (654,321) after reload."
Service Manager,N1,Work order edits (v33 split),Work Orders -> header + line,Edit header fields; then mileage/engine hours/license plate/VIN.,Allowed. Header = WO Create and Edit; mileage etc. = WOL Create and Edit (v33). SM has both.,MUST,PASS,"Per spec v33: work-order header fields are gated by Work Orders: Create and Edit, while asset fields (mileage, engine hours, license plate, VIN) are gated by Work Order Lines: Create and Edit. The Service Manager role holds both (workOrdersCreateAndEdit and workOrderLinesCreateAndEdit), so all of these edits should be allowed. [Ref: v33 split; checklist Service Manager row N1 'SM edits header + asset fields (WOL C&E)']","As a Service Manager you should be able to edit both the header fields and the asset fields (mileage, engine hours, license plate, VIN) of a work order.","On work order S9-24674 both groups of fields were editable for the Service Manager. Header: Lead Technician / Service Advisor dropdowns and customer/asset 'swap' controls were present and active. Asset fields: the Mileage, Engine Hours and License Plate fields were editable input boxes (read-only flag false). I typed 654,321 into Mileage and tabbed out; after reloading the page the Mileage input still held 654,321, proving the asset-field edit was accepted and saved. Nothing was blocked.",,sm-N1.png,"NEW (v33) - replaces struck row #12. Confirms the v33 permission split: SM has both WO Create&Edit (header) and WOL Create&Edit (mileage/engine hours/license plate/VIN). Mileage edit persisted after reload (654,321)."
Service Manager,13,Customer Portal,Top nav,Confirm Customer Portal is accessible.,Accessible. Service Manager Customer Portal = ON (per 6/19 change).,SPOT,PASS,"Per the spec (6/19 change): the Service Manager role has Customer Portal access ON (customerPortalPageAccess), so the Customer Portal entry point should be visible/accessible to the role. [Ref: SV-5319 permission matrix; checklist Service Manager row #13 'SM Customer Portal now ON']",As a Service Manager you should be able to reach the Customer Portal.,"The Customer Portal is accessible to the Service Manager. It is exposed from the account menu (click the shop/avatar 'Staging Heavy Duty - 9919 / TS' at the top-right): the menu lists 'Customer Portal' (with a 'New' badge and an open-in-new external-link icon), alongside Billing, Settings and Logout. The entry was present and enabled (not greyed/hidden). The same menu confirmed the logged-in user is 'Tech ShopView / tech@shopview.com'.",,sm-13.png,"customerPortalPageAccess is ON in the Service Manager fe-permissions. The Customer Portal link lives in the account/avatar menu (top-right), not as a separate top-nav tab; it opens in a new tab (open_in_new). Direct URL /customer-portal returns the app's generic not-found page, so the intended entry point is the account-menu link."
Service Manager,14,Settings — limited,Settings (cog),Open Settings; check which sub-sections appear.,"Only App Settings and Wages available. Service, Parts, Finance, Data Import should NOT appear/open.",MUST,FAIL,"Per the spec, the Service Manager has only settingsApp and settingsWages, and the role is described as 'Full operational access, limited admin (App Settings + Wages only)'. So inside Settings, only App Settings and Wages should be available; Service, Parts, Finance and Data Import settings should not appear or open, and other admin consoles (Staff, Roles & Permissions, Locations, Departments) should not be exposed. [Ref: SV-5319 permission matrix; checklist Service Manager row #14 'SM Settings limited to App Settings + Wages']","As a Service Manager, opening Settings should show only App Settings and Wages. It should NOT expose Service, Parts, Finance or Data Import settings, and it should not give access to admin areas like Staff, Roles & Permissions, Locations or Departments.","The Service Manager's Settings/Administration area was NOT limited to App Settings + Wages. Opening Settings (account menu -> Settings) lands in the Administration console whose left sidebar shows six items: 'DEV TOOLS: Feature Flags' and 'SETTINGS: Settings, Staff, Roles & Permissions, Locations, Departments'. Every one of these opened with real, interactive content for the Service Manager: (a) Settings = App settings form (Organization/Invoice/Work Orders tabs, Save Details); (b) Staff = full staff directory showing Active(214)/Deactivated(73) with a 'New Staff Member' button; (c) Roles & Permissions = full list of all system and custom roles with a 'Create Custom Role' button and per-role edit/delete/view controls; (d) Locations = full locations table with 'New Location'; (e) Departments = full departments table with 'New Department'; (f) Feature Flags = feature-flag override panel. On the positive side, the four sections the checklist said must NOT appear (Service, Parts, Finance, Data Import) did NOT appear. But because the Service Manager can additionally see and open Staff, Roles & Permissions, Locations, Departments and Feature Flags, the 'only App Settings and Wages' limit is not enforced. (Note: a dedicated 'Wages' section was not surfaced as its own sidebar item.)","1. Log in as the Tech user assigned the Service Manager role. 2. Click the shop/avatar button at the top-right ('Staging Heavy Duty - 9919 / TS') and choose 'Settings'. 3. You land on the Administration console. Look at the left sidebar. 4. Observe it lists Feature Flags, Settings, Staff, Roles & Permissions, Locations and Departments. 5. Click 'Staff' -> a full employee directory loads with a 'New Staff Member' button. 6. Click 'Roles & Permissions' -> the full list of roles loads with a 'Create Custom Role' button and edit controls on every role. 7. Click 'Locations' and 'Departments' -> full tables load with New Location / New Department buttons. Expected per checklist: only App Settings and Wages should be available; Staff, Roles & Permissions, Locations, Departments and Feature Flags should not be accessible to a Service Manager.",sm-14.png,"Departments grouping is under review (SV-7781). In-page role was verified as 'Service Manager' (localStorage user.role.name) and SM fe-permissions only include settingsApp + settingsWages (no staff/roles/locations management permissions), yet the Administration console exposes and opens Staff, Roles & Permissions, Locations, Departments and Feature Flags for this role. The role's own description ('limited admin (App Settings + Wages only)') is not honored by the UI. Screenshot shows the Roles & Permissions page (with Create Custom Role) open under the Service Manager, and the row for the Service Manager role itself reading 'Full operational access, limited admin (App Settings + Wages...'."
Service Manager,15,AP/AR reports,Reports → AP/AR aging reports,Open them.,Accessible. Service Manager has Manage Accounts Payable and Receivable ON.,SPOT,PASS,"Per the spec: a role with the Accounts Payable/Receivable data permission ON (seeApArData, which the Service Manager role has, plus reportsPageAccess) can open the AP and AR aging reports. [Ref: SV-5319 permission matrix; checklist Service Manager row #15 'SM AP/AR access']",As a Service Manager you should be able to open the Accounts Receivable and Accounts Payable aging reports.,"Both AP and AR aging reports were accessible and rendered full data for the Service Manager. The Reports page's left menu listed an ACCOUNTS RECEIVABLE group (A/R Aging Summary, A/R Aging Detail, A/R Aging Collection) and an ACCOUNTS PAYABLE group (A/P Aging Summary, A/P Aging Detail, A/P Unpaid Invoices). Opening A/R Aging Summary showed the aging table with Current / 1-30 / 31-60 / 61-90 / 91-and-over / Total columns and real totals (Totals row $253,475.64). Opening A/P Aging Summary likewise showed vendor aging with a Totals row of $4,002,673.89. No access block occurred.",,sm-15.png,seeApArData is ON for the Service Manager. Both AR (A/R Aging Summary/Detail/Collection) and AP (A/P Aging Summary/Detail/Unpaid Invoices) reports open with data.
Service Manager,N3,WO Notes (v33),Work Orders -> Notes tab,Create/edit own note; try to edit/delete another user's note.,"Create/edit own = WO View (SM has). Edit/delete ALL notes = WO Delete - SM has NO WO Delete, so cannot edit/delete others' notes.",MUST,FAIL,"Per spec v33: creating/editing your OWN work-order note only needs Work Orders: View (which the Service Manager has), while editing or deleting ANY note (including other users') is gated by Work Orders: Delete. The checklist asserts the Service Manager lacks Work Orders: Delete, so it should be able to manage its own notes but NOT edit or delete another user's note. [Ref: checklist Service Manager row N3 'SM WO Notes: own yes, all no']","As a Service Manager you should be able to create and edit your own work-order notes, but you should NOT be able to edit or delete a note written by someone else.","The 'own note' half passed but the 'others' notes' half failed. Create-own worked: as the Service Manager I added a note on work order S9-24674 (saved via POST /api/note/create) and it appeared under author 'Tech ShopView'. Then a second note was created by the Admin user (author 'Admin ShopView'). Viewing the Notes tab as the Service Manager, the three-dot action menu on the OTHER user's (Admin's) note offered 'Edit note', 'Delete note' and 'Attach files' — the same as on my own note. I clicked 'Delete note' on the Admin-authored note and it was removed (POST /api/note/delete; the note disappeared from the list), proving the Service Manager can delete another user's note. This contradicts the expected result (should not be able to edit/delete others' notes).","1. Log in as the Tech user assigned the Service Manager role. 2. Open a work order (e.g. S9-24674) and go to the Notes tab. 3. Click 'New Note', type something, and Save — the note is created under your name (this part is correct). 4. Have a DIFFERENT user (e.g. an Admin) add a note to the same work order. 5. Back as the Service Manager, refresh the Notes tab and click the three-dots menu on the OTHER user's note. 6. Observe that 'Edit note' and 'Delete note' are offered. 7. Click 'Delete note' — the other user's note is deleted. Expected per checklist: the Service Manager should NOT be able to edit or delete another user's note.",sm-N3.png,"NEW (v33). Root cause matches N2 and case 11/14: the staging Service Manager role actually includes workOrdersDelete, which is the permission that gates edit/delete of ALL notes, so the Service Manager gets Edit/Delete on other users' notes. Create/edit-own works as expected (WO View). Test data cleanup: both ZZAUTOTEST notes (the SM's own and the Admin's) were deleted after the test; no ZZAUTOTEST notes remain on the work order."
Senior Service Advisor,16,Pricing visibility,Work Orders → open a work order,Check prices/totals/Finance/Stats.,All money visible. Senior SA has See Financial Data ON.,DEEP,PASS,"Per SV-5319, the Senior Service Advisor role has the 'See Financial Data' cross-toggle ON, so every dollar figure on a work order — line Rate/Margin/Total, the Financial Info card, the Stats tab money columns, and the Finance tab invoice — must be visible, nothing hidden or masked. [Ref: SV-5319 Custom Roles permission matrix; checklist Senior Service Advisor row #16]","Logged in as a Senior Service Advisor, every price and dollar amount on a work order should be visible.","Opened invoiced work order S9-24661 as Tech-with-Senior-Service-Advisor. All money was visible everywhere. The left Financial Info card showed Parts $0.00, Labor $929.72, Shop Supplies $97.62, Subtotal $1,027.34, GST $51.37, Total $1,078.71, Balance $1,078.71. The Lines grid showed the Rate ($232.43), Margin (100%) and Total ($929.72) columns with values. The Stats tab showed Labor/Parts/Total sections with Sell price ($929.72), Cost ($0), Margin ($929.72) and % (100%) figures. The Finance tab rendered the full invoice INV-S9-24661 with Labor $929.72, Parts $0.00, Shop supplies $97.62, Subtotal $1,027.34, GST(5%) $51.37, Total $1,078.71 and Balance $1,078.71. Nothing was hidden or masked.",,ssa-16.png,"fe-permissions confirm cross_toggles.seeFinancialData=true and view_mode=full for the Senior Service Advisor role. Money confirmed on Lines, Financial Info card, Stats tab and Finance tab."
Senior Service Advisor,17,Invoicing — full,Work Orders → Finance tab,"Create invoice, then reverse an invoice / delete a payment / void.",All allowed. Senior SA has Invoicing and Payments View/Create and Edit/Delete (full).,MUST,PASS,"Per SV-5319 the Senior Service Advisor role has Invoicing & Payments View, Create/Edit AND Delete all ON, so the role can create invoices, take payments, and reverse/void/delete invoices and payments without restriction. [Ref: SV-5319 Custom Roles permission matrix; checklist Senior Service Advisor row #17]",A Senior Service Advisor should be able to create an invoice and also reverse/void an invoice or delete a payment — nothing blocked.,"RE-TESTED WITH REAL EXECUTION as Tech-with-Senior-Service-Advisor. On a freshly-prepped disposable work order S9-24750 (ZZAUTOTEST customer, one approved labor line, Total $539.35, moved through Approved -> Reviewed -> Complete): (1) CREATE INVOICE actually executed — clicking Create Invoice finalized invoice INV-S9-24750 and the header badge changed to 'Invoiced' (Balance $539.35). (2) RECORD PAYMENT actually executed — opened New Payment, chose Cash, entered $539.35 and clicked Make Payment; API returned POST 201 create-customer-payment (payment id ab1f0e79...), the invoice showed Payments $539.35 / Balance $0.00 and the badge changed to 'Paid'. (3) REVERSE actually executed — the invoice three-dots menu offered Reverse/Issue Credit; Reverse initially warned 'This invoice has been paid, please delete payment before reversing' (a business rule, NOT a permission block), so the payment was removed and Reverse was then confirmed: POST 200 /api/invoices/reverse-invoice, badge returned to 'Complete' and Create Invoice became available again. All three invoicing actions completed successfully for the Senior Service Advisor.",,ssa-17.png,"RE-TEST (actual execution, replaces earlier gate-only PASS). fe-permissions confirm invoicingPaymentsView, invoicingPaymentsCreateAndEdit, invoicingPaymentsDelete all present. Data setup on disposable staging WO S9-24750: labor line added and WO advanced to Complete via the UI. Create Invoice, New Payment/Make Payment, and Reverse were all driven in the Quasar UI and confirmed by API responses (invoice create -> Invoiced; create-customer-payment 201 -> Paid; reverse-invoice 200 -> re-opened). To satisfy the app's business rule that a paid invoice cannot be reversed, the test payment was removed via the same reversePayment endpoint the UI uses (POST customer-account/reverse-customer-payment) before executing the invoice reversal; this is data cleanup, not the tested action. No permission gate blocked any step. Screenshot ssa-17.png shows the finalized INV-S9-24750 with the Cash payment applied (Paid)."
Senior Service Advisor,18,Work order delete,Work Orders → open a work order,Delete the work order.,Allowed. Senior SA has Work Orders Delete.,MUST,PASS,"Per SV-5319 the Senior Service Advisor role has Work Orders: Delete ON, so the role must be able to delete a work order. [Ref: SV-5319 Custom Roles permission matrix; checklist Senior Service Advisor row #18]",A Senior Service Advisor should be able to delete a whole work order.,"Delete was allowed and worked end-to-end. First created a disposable ZZAUTOTEST work order via the New Work Order dialog (customer 'New Test', asset '2025 Valley adasdasdsd') — the create flow itself worked, including the credit-limit confirmation, producing WO S9-24741. Then on that work order the top nav-bar three-dots menu listed 'Audit Log', 'Timesheets (0)' and 'Delete Work Order'. Clicking 'Delete Work Order' opened a 'Confirm deletion — Are you sure that you want to delete the work order?' dialog with a Delete button; clicking Delete removed the work order and returned to the Work Orders list.",,ssa-18.png,fe-permissions confirm workOrdersDelete present. Deletion executed on disposable WO S9-24741 (created for this test). Also incidentally confirms workOrdersCreateAndEdit (New Work Order dialog functional).
Senior Service Advisor,19,Line delete + status,Work Orders → a line,Delete a line; approve a line.,Both allowed. Senior SA has WO Lines Delete and Full View.,MUST,PASS,"Per SV-5319 the Senior Service Advisor role has Work Order Lines: Delete ON and Full View mode, so the role must be able to both delete a work-order line and approve a line. [Ref: SV-5319 Custom Roles permission matrix; checklist Senior Service Advisor row #19]",A Senior Service Advisor should be able to approve a work-order line and also delete a line.,"RE-TESTED WITH REAL EXECUTION as Tech-with-Senior-Service-Advisor. Both actions completed end-to-end on estimate-status work order S9-13145 (7 labor-only lines, all in 'Needs Approval'/authorization_required state). APPROVE: on the lines grid each unapproved line showed an 'Approve' button; clicking Approve on the line 'Replace - Mudflap anti sails' executed the change and the line status transitioned from authorization_required to authorized (API POST /api/work-orders/lines/change-status returned 200 with request body {line_id, status:'authorized', workOrderId}); the work-order header advanced to show 'Approved'. DELETE: selecting a labor-only line's checkbox and opening the lines-column three-dots menu ('Set line status', 'Delete lines', 'Split work order') then clicking 'Delete lines' actually deleted the line 'Diagnose - Engine oil leak' — API POST /api/work-orders/lines/delete-lines returned 200 and the line count dropped from 7 to 6 with that line removed. No permission block was hit on either action; both the approve and the delete completed.",,ssa-19.png,"RE-TEST (actual execution, replaces earlier gate-only PASS). fe-permissions confirm workOrderLinesDelete=true, workOrderLinesCreateAndEdit=true and view_mode=full (woFullViewMode). Setup: reused existing estimate-status WO S9-13145 which already had 7 labor-only canned lines (Total Parts 0) so the line-delete would not hit the outstanding-part-request data guard (per coordinator guidance to reuse an existing labor-only line rather than create one headless). Both actions were driven in the Quasar UI: the per-line Approve button (POST change-status 200 -> line authorized) and the lines three-dots -> Delete lines menu item (POST delete-lines 200 -> line removed, 7->6). Delete executed immediately on the menu-item click (no separate confirm dialog rendered). Screenshot ssa-19.png shows the grid after the line was deleted; ssa-19-deletemenu.png shows the approved-line state."
Senior Service Advisor,20,Customer Portal,Top nav,Confirm Customer Portal accessible.,Accessible. Senior SA Customer Portal = ON.,SPOT,PASS,"Per SV-5319 the Senior Service Advisor role has Customer Portal Page Access = ON, so the Customer Portal must be reachable from the top navigation. [Ref: SV-5319 Custom Roles permission matrix; checklist Senior Service Advisor row #20]",A Senior Service Advisor should be able to open the Customer Portal from the top-right menu.,"Customer Portal is accessible to the Senior Service Advisor. Opening the top-right account menu (click 'Staging Heavy Duty - 9919 / TS' avatar) — which correctly showed the logged-in user 'Tech ShopView / tech@shopview.com' — listed a 'Customer Portal' entry with a 'New' badge and an open-in-new-tab icon, directly below the Change Location section and above Logout. (Note: this account menu did NOT include a 'Settings'/Administration entry, consistent with the SSA role not having admin access.)",,ssa-20.png,fe-permissions confirm customerPortalPageAccess present. Customer Portal link visible in the account menu for the Senior Service Advisor.
Senior Service Advisor,21,Parts → Returns,Parts → Returns → a return,Try to delete the return.,"BLOCKED. Senior SA has Vendor and Order Management = View/Create and Edit/Delete... confirm: Senior SA HAS Vendor&Order Delete, so delete-return is ALLOWED.",MUST,PASS,"The checklist row is self-correcting: although it starts 'BLOCKED', it clarifies the Senior Service Advisor HAS Vendor & Order Management: Delete ON, so deleting a vendor part-return is ALLOWED for this role. [Ref: SV-5319 Custom Roles permission matrix; checklist Senior Service Advisor row #21]",A Senior Service Advisor should be allowed to delete a part return (not blocked).,"RE-TESTED WITH REAL EXECUTION as Tech-with-Senior-Service-Advisor. In Parts → Returns, on the return row for part number 'SPO Bilald' (WO S-24075, qty 5) the row three-dots menu offered 'Return to inventory' and 'Delete Return'. Choosing 'Delete Return' opened the 'Warning! This will permanently delete the return. You cannot undo this action. Are you sure you want to delete this return?' confirmation with 'No' and 'Yes' buttons. Clicking Yes actually deleted the return — API POST /api/work-orders/part/remove-return-request returned 200 with body {partReturnRequestId:'10221502-...'} and the return-requests list dropped from 89 to 88 with that return removed. No permission denial or gate appeared; the delete completed end-to-end for this role.",,ssa-21.png,"RE-TEST (actual execution, replaces earlier gate-only PASS). fe-permissions confirm vendorOrderManagementDelete=true and invoicingPaymentsDelete=true. Executed on disposable staging data (Returns tab pending part-return for 'SPO Bilald'). The delete was driven in the Quasar UI: row three-dots -> Delete Return -> Yes on the permanent-delete confirmation. The confirmation's Yes button did not dispatch on a plain Playwright/mouse click headless, so it was fired via the button's own click handler (element .click()/dispatchEvent), which triggered the app's real request POST /api/work-orders/part/remove-return-request (200) — the same endpoint the button calls; confirmed by the list-return-requests count dropping 89->88 and the target id no longer present. ssa-21-confirm.png shows the permanent-delete confirmation; ssa-21.png shows the list after deletion."
Senior Service Advisor,N1,Parts -> Returns (v33),Parts -> Returns -> a return,Delete the return.,Allowed. Delete-return requires Invoicing & Payments: Delete (v33). Senior SA HAS Invoicing Delete.,MUST,PASS,"Per spec v33 (SV-7911) delete-return is now gated by Invoicing & Payments: Delete. The Senior Service Advisor has Invoicing & Payments: Delete ON, so deleting a return is allowed. [Ref: SV-5319/v33 Custom Roles permission matrix; checklist Senior Service Advisor row N1]",A Senior Service Advisor should be allowed to delete a part return (now permitted via the Invoicing & Payments Delete permission).,"RE-TESTED WITH REAL EXECUTION as Tech-with-Senior-Service-Advisor. In Parts → Returns, on the return row for part number 'SP-NEW-1212' the row three-dots menu offered 'Return to inventory' and 'Delete Return'. Choosing 'Delete Return' produced the 'Warning! This will permanently delete the return. You cannot undo this action. Are you sure you want to delete this return?' confirmation; clicking Yes actually deleted the return — API POST /api/work-orders/part/remove-return-request returned 200 with body {partReturnRequestId:'b67226d8-...'} and the return-requests list dropped from 88 to 87 with that return removed. No permission block occurred, consistent with the role holding both Invoicing & Payments: Delete and Vendor & Order Management: Delete.",,ssa-N1.png,"NEW (v33) - replaces struck row #21. RE-TEST (actual execution). fe-permissions confirm invoicingPaymentsDelete=true. Same UI flow as case 21, executed on a second disposable return ('SP-NEW-1212'): row three-dots -> Delete Return -> Yes on the permanent-delete confirmation. As in case 21 the confirmation Yes button did not dispatch on a plain headless click, so it was fired via its own click handler (element .click()/dispatchEvent), which triggered the real POST /api/work-orders/part/remove-return-request (200) — the endpoint the button calls; confirmed by the list count dropping 88->87 and the target id gone. ssa-N1-confirm.png shows the permanent-delete confirmation; ssa-N1.png shows the list after deletion."
Senior Service Advisor,N2,Reverse invoice (v33),Work Orders -> Finance; Part Sales,Reverse a WO invoice; reverse a Part Sales invoice.,Both allowed. WO invoice = WO Delete; Part Sales invoice = Part Sales Delete (v33). Sr SA has WO Delete and Part Sales Delete.,MUST,PASS,"Per spec v33, reversing a work-order invoice is gated by Work Orders: Delete and reversing a Part Sales invoice by Part Sales: Delete. The Senior Service Advisor has both permissions, so both reversals must be allowed. [Ref: SV-5319/v33 Custom Roles permission matrix; checklist Senior Service Advisor row N2]",A Senior Service Advisor should be able to reverse both a work-order invoice and a part-sales invoice.,"RE-TESTED WITH REAL EXECUTION as Tech-with-Senior-Service-Advisor. Both reversals completed end-to-end. WORK ORDER invoice: on invoiced work order S9-24662 the Finance tab showed 'Invoiced'; the invoice-actions three-dots menu listed 'Reverse' and 'Issue Credit'. Clicking Reverse opened 'Warning — This action will re-open and undo the invoice. Are you sure you want to proceed?' with a 'Reverse' confirm button; confirming actually reversed the invoice — API POST /api/invoices/reverse-invoice returned 200, the work-order header changed from 'Invoiced' to 'Complete' and 'Create Invoice' became available again. PART SALES invoice: on invoiced part sale P9-1045 the Finance tab three-dots menu listed 'Reverse' and 'Issue Credit'; clicking Reverse showed the same 'This action will re-open and undo the invoice' warning, and confirming actually reversed it — API POST /api/invoices/reverse-invoice returned 200 and the part-sale status changed from 'invoiced' to 'complete'. Neither reversal was blocked; both executed for this role.",,ssa-N2.png,"NEW (v33). RE-TEST (actual execution, replaces earlier gate-only PASS). fe-permissions confirm workOrdersDelete=true and partSalesDelete=true. Both reversals driven in the Quasar UI on disposable staging invoices: WO S9-24662 (Finance tab -> three-dots -> Reverse -> Reverse confirm -> POST /api/invoices/reverse-invoice 200 -> Invoiced->Complete, Create Invoice re-enabled) and part sale P9-1045 (Finance tab -> three-dots -> Reverse -> Reverse confirm -> POST /api/invoices/reverse-invoice 200 -> invoiced->complete). Both part-sales and WO reverse hit the same /api/invoices/reverse-invoice endpoint. On the part sale the Reverse/Issue Credit menu lives on the Finance tab's top three-dots. Screenshots: ssa-N2.png (part sale reversed), ssa-N2-wo.png (WO reversed to Complete), ssa-N2-ps-confirm.png (reverse warning dialog)."
Senior Service Advisor,N3,WO Notes (v33),Work Orders -> Notes tab,Edit/delete another user's note.,Allowed. Edit/delete ALL notes = WO Delete (v33). Sr SA has WO Delete.,SPOT,PASS,"Per spec v33, editing/deleting ALL work-order notes (including notes authored by other users) is gated by Work Orders: Delete. The Senior Service Advisor has Work Orders: Delete, so it must be able to edit and delete another user's note. [Ref: SV-5319/v33 Custom Roles permission matrix; checklist Senior Service Advisor row N3]",A Senior Service Advisor should be able to edit and delete a note written by a different user.,"Allowed. A note authored by 'Admin ShopView' was placed on work order S9-24674. Logged in as Tech-with-Senior-Service-Advisor, the Notes tab showed that Admin-authored note, and its top-right three-dots menu offered 'Delete note', 'Edit note' and 'Attach files'. Choosing 'Delete note' opened a confirmation ('Are you sure that you want to delete this note? Any associated attachments will also be permanently deleted.') with a Delete button; confirming removed the Admin-authored note from the list. Both edit and delete of another user's note are available and delete worked end-to-end.",,ssa-N3.png,NEW (v33). fe-permissions confirm workOrdersDelete=true. Admin-authored test note created via API (POST /api/note/create) then edit/delete controls verified and delete executed in the SSA UI.
Service Advisor (a.k.a. Junior SA),22,Pricing visibility,Work Orders → open a work order,Check prices/totals/Finance/Stats.,All money visible. Service Advisor has See Financial Data ON.,DEEP,PASS,"Per SV-5319, the Junior Service Advisor role has the 'See Financial Data' cross-toggle ON (confirmed on the staging system 'Service Advisor' role: seeFinancialData=true), so every dollar figure on a work order — the Financial Info card, the line Rate/Margin/Total columns, the Stats tab money, and the Finance tab invoice — must be visible.","Logged in as a Junior Service Advisor, every price and dollar amount on a work order should be visible, nothing hidden.","Opened invoiced work order S9-24661 as Tech-with-Service-Advisor. All money visible everywhere. The Financial Info card showed Parts $0.00, Labor $929.72, Shop Supplies $97.62, Subtotal $1,027.34, GST $51.37, Total $1,078.71. The lines grid showed the Rate $232.43 column. The Stats tab showed the Sell/Cost/Margin money ($929.72 etc). The Finance tab rendered the full invoice with Labor $929.72, Shop supplies $97.62, Subtotal $1,027.34, GST $51.37, Total $1,078.71. Nothing was masked or hidden.",,sa-22.png,seeFinancialData=true verified on the assigned system Service Advisor role via /api/auth/me/fe-permissions.
Service Advisor (a.k.a. Junior SA),23,Work order delete,Work Orders → open a work order,Try to delete the work order.,"BLOCKED. Service Advisor has Work Orders = View/Create and Edit, NO Delete.",MUST,PASS,"Per SV-5319, the Junior Service Advisor has Work Orders = View + Create/Edit only, with NO Delete (confirmed on the staging system role: workOrdersView + workOrdersCreateAndEdit present, workOrdersDelete absent). So there must be no way to delete a work order from the UI.","As a Junior Service Advisor, opening a work order should offer no option to delete it.","Opened approved work order S9-24674 as Tech-with-Service-Advisor and opened the work order's top-right options menu. The menu contained only 'Audit Log' and 'Timesheets (0)'. There was NO Delete option anywhere in the menu. The work order cannot be deleted, exactly as expected.",,sa-23.png,WO nav-bar menu (data-test-id button_work_order_nav_bar_menu) had 0 delete entries. For comparison the Senior/Manager roles that have woDelete show a Delete entry here.
Service Advisor (a.k.a. Junior SA),26,AP/AR tabs,Customers → a customer; Vendors → a vendor,Look for Unpaid Invoices / Payments / Credits tabs.,HIDDEN. Service Advisor has Manage Accounts Payable and Receivable OFF.,MUST,FAIL,"Per SV-5319, the Junior Service Advisor has the 'Manage Accounts Payable and Receivable' (seeApArData) cross-toggle OFF (confirmed on the staging system role: seeApArData=false). The checklist therefore expects the customer/vendor AP-AR tabs (Unpaid Invoices / Payments / Credits) to be HIDDEN.","As a Junior Service Advisor, opening a customer (or vendor) should NOT show the accounts-receivable/payable tabs like Invoices, Payments and Deposits/Credits.","Opened customer 'new test' (eb304603) as Tech-with-Service-Advisor. The customer detail DID show the AR tabs: Work Orders (3), Part Sales, Contacts (1), Assets (1), Notes, Invoices (1), Payments (1), Deposits (1) — with live counts, so they load real AR data. This matches exactly what Admin (AP/AR ON) sees on the same customer, i.e. the tabs are NOT hidden for the SA. Root cause found in the frontend bundle: these tab routes are gated by requiredAnyPermission:['seeApArData','invoicingPaymentsDelete'] (an OR), and the Service Advisor role has invoicingPaymentsDelete=true, so the tabs unlock via the invoicing-delete permission despite seeApArData being OFF. (Note: the pure AP/AR-only surfaces — AR/AP Aging reports and IBS batch payments, which require seeApArData ALONE — are still hidden, and SA has no Reports page access anyway. The vendor detail page could not be reached at /parts/vendors/{id} — it 404s for Admin too, so the vendor route differs; the customer side alone already contradicts the expectation.)","1. Log in as the Tech user assigned the Service Advisor role. 2. Click Customers in the top nav. 3. Open any customer (e.g. 'new test'). 4. Look at the row of tabs under the customer name. 5. Observe that Invoices, Payments and Deposits tabs are present and show counts — they are NOT hidden, even though the role's Manage AP/AR toggle is OFF. Expected them to be hidden.",sa-26.png,"Deviation is a consequence of the v33 invoicing model: the AR tabs are unlocked by invoicingPaymentsDelete (which SA has), not only by seeApArData. So 'AP/AR OFF hides these tabs' does not hold for a role that also has invoicing delete. Flag for spec owner: expected result likely stale for this role."
Service Advisor (a.k.a. Junior SA),27,Parts → Returns,Parts → Returns → a return,Try to delete the return.,"BLOCKED. Service Advisor has Vendor and Order Management = View/Create and Edit, NO Delete → cannot delete return.",MUST,PASS,"Per SV-5319, the Junior Service Advisor cannot delete a part return because the role lacks the required Delete permission (staging role has vendorOrderManagementView + vendorOrderManagementCreateAndEdit and partSalesView/CreateAndEdit, but NO vendorOrderManagementDelete and NO partSalesDelete). So the Delete Return action must not be available.","As a Junior Service Advisor, opening/selecting a part return should give no way to delete it.","Went to Parts → Returns as Tech-with-Service-Advisor and selected a return row. No 'Delete Return' action appeared anywhere (the row-action area was empty). For direct comparison, on the exact same screen an Admin selecting the same return DOES get a 'Delete Return' action. So deletion is correctly blocked for the SA.",,sa-27.png,"Confirmed permission-gated: Admin shows Delete Return, SA shows none. SA lacks vendorOrderManagementDelete and partSalesDelete."
Service Advisor (a.k.a. Junior SA),N1,Parts -> Returns (v33),Parts -> Returns -> a return,Try to delete the return.,"BLOCKED. Delete-return now requires Invoicing & Payments: Delete (v33). Service Advisor has Invoicing = View/Create and Edit, NO Delete. (Correct outcome, updated reason.)",MUST,PASS,"Per SV-5319 v33, deleting a return should be gated by a Delete permission the Junior Service Advisor does not have, so the outcome must be BLOCKED.","As a Junior Service Advisor, there should be no way to delete a part return.","Selected a return in Parts → Returns as Tech-with-Service-Advisor; no Delete Return action was available, whereas Admin on the same return sees Delete Return. Deletion is correctly blocked.",,sa-N1.png,"OUTCOME matches expected (blocked). IMPORTANT: the v33 stated REASON is inaccurate for the deployed role — this staging 'Service Advisor' role actually HAS invoicingPaymentsDelete=true (verified via /api/auth/me/fe-permissions), yet the return still cannot be deleted. So the delete-return gate is NOT invoicingPaymentsDelete for this role; the block comes from the missing vendorOrderManagementDelete/partSalesDelete. Flag for spec owner: v33 note says SA lacks Invoicing Delete, but SA has it."
Service Advisor (a.k.a. Junior SA),N2,Reverse invoice (v33),Work Orders -> Finance; Part Sales,Reverse a WO invoice; reverse a Part Sales invoice.,"WO invoice reverse = WO: Delete - SA has NO WO Delete -> BLOCKED. Part Sales invoice reverse = Part Sales: Delete - SA has Part Sales = View/Create and Edit, NO Delete -> BLOCKED.",MUST,PASS,"Per SV-5319 v33, reversing a Work Order invoice requires Work Orders: Delete, and reversing a Part Sales invoice requires Part Sales: Delete. The Junior Service Advisor lacks both (no workOrdersDelete, no partSalesDelete), so the Reverse action must be unavailable in both places.","As a Junior Service Advisor, there should be no 'Reverse' option on either a work-order invoice or a part-sale invoice.","On invoiced work order S9-24661 (Finance tab) as Tech-with-Service-Advisor, the invoice actions menu showed only 'Issue Credit' — no Reverse. On invoiced part sale P9-1010 (Finance tab), the invoice actions menu again showed only 'Issue Credit' — no Reverse. For direct comparison, Admin on the SAME two invoices sees 'Reverse' plus 'Issue Credit' in both menus. So Reverse is correctly blocked for the SA in both places.",,sa-N2.png,Confirmed permission-gated on identical data: Admin has Reverse on both WO invoice and Part Sale invoice; SA has neither. WO screenshot sa-N2.png; part-sale evidence in /tmp N2ps_Tech_menu.png. Note SA DOES retain 'Issue Credit' (invoicingPaymentsCreateAndEdit).
Service Advisor (a.k.a. Junior SA),24,Invoicing — full,Work Orders → Finance tab,Create invoice; reverse invoice / delete payment / void.,All allowed. Service Advisor has Invoicing and Payments full (incl. Delete).,MUST,PASS,"Per SV-5319, the Junior Service Advisor has Invoicing & Payments = View + Create/Edit + Delete (confirmed on the staging role: invoicingPaymentsView + invoicingPaymentsCreateAndEdit + invoicingPaymentsDelete all present). So the SA should be able to create invoices and manage/delete payments. NOTE per v33 (SV-7913): the old 'reverse allowed' framing is superseded — reversing an invoice now requires WO/Part-Sales Delete, which the SA does not have, so reverse is intentionally BLOCKED now (covered by case N2).","As a Junior Service Advisor, the Finance tab should let you create invoices and manage payments (create/delete); only invoice reversal is now gated away (v33).","RE-TESTED with real execution as Tech assigned the SYSTEM Junior Service Advisor role. (1) CREATE INVOICE - actually executed: on work order S9-23577 (Complete status, labor line $87.02, Review already complete so Create Invoice was enabled), clicked the real 'Create Invoice' button on the Finance tab; the app fired POST /api/invoices/create (HTTP 201, invoice_id ed405f41), a New-Customer-Payment dialog appeared, INV-S9-23577 was generated, and the work order status moved to 'invoiced' (confirmed via GET /api/work-orders). (2) DELETE/REVERSE PAYMENT - actually executed: as the same SA session, reversed an existing customer payment (VISA $2,250) via POST /api/customer-account/reverse-customer-payment (HTTP 201) - the exact endpoint the UI's payment-delete uses; the payment was then gone from the account's active payment list, confirming the SA's invoicingPaymentsDelete works end to end. (3) REVERSE INVOICE is correctly absent/blocked for the SA (covered by case N2). Permission set verified via /api/auth/me/fe-permissions: invoicingPaymentsView + invoicingPaymentsCreateAndEdit + invoicingPaymentsDelete all present; FE permission gate for createCustomerPayment maps to canEdit('invoicingPayments') which the SA satisfies.",,sa-24.png,"RE-TEST 2026-07-03: earlier run marked PASS on gate/permission evidence only because the sampled WO (S9-24674) carried blank-part-number parts that blocked invoicing. This run used a clean labor-only Complete WO (S9-23577) and ACTUALLY created the invoice via the real UI button (POST /api/invoices/create 201, WO -> invoiced) and ACTUALLY reversed a payment via the real endpoint (reverse-customer-payment 201). METHOD DISCLOSURE for the CREATE-payment sub-action only: the 'New Customer Payment' dialog opens and is fully reachable for the SA, but its multi-invoice Quasar payment-allocation grid could not be driven headlessly - the per-invoice Payment-amount cell input does not render/accept a value via selector click, JS value+input/change events, checkbox toggle, or payment-method dropdown selection, so the 'Make Payment' button stays disabled. Firing POST /api/customer-account/create-customer-payment directly passed top-level validation (applied_credits must be array, etc.) but returned HTTP 500 on payment_statements processing - the exact statement item shape is built by variable-spread in the minified bundle and could not be reconstructed, and note this session has a known 500 quirk on create-type endpoints (work-orders/create, lines/create). This is a test-harness/session limitation, NOT a role/permission block: the SA's create-payment permission is present and the FE gate passes. The DELETE-payment half was fully executed for real. Test data on disposable staging (INV-S9-23577 created; a $2,250 VISA payment reversed) per policy."
Service Advisor (a.k.a. Junior SA),25,Pick / Order parts,Work Orders → a line → parts actions,Pick a part; order a part.,Both allowed. Service Advisor has Pick Parts ON and Order Parts ON.,MUST,PASS,"Per SV-5319, the Junior Service Advisor has Pick Parts and Order Parts both ON (confirmed on the staging role via /api/auth/me/fe-permissions: woPickParts=true and woOrderParts=true). The 'Pick' action button appears on inventory parts in 'In stock' status and requires woPickParts; the 'Order' action button appears on vendor parts in 'Authorized to order' status and requires woOrderParts. So the SA must be able to pick an in-stock part (moving it to Received) and order an authorized part (moving it to Waiting to receive).","As a Junior Service Advisor, on a work-order line you should be able to both pick a part and order a part.","RE-TESTED with real execution. As Tech assigned the SYSTEM Junior Service Advisor role, on work order S9-24672 both actions were actually performed in the Parts grid and the part statuses moved correctly: (1) ORDER PARTS - clicked the blue 'Order' action button on a part in 'Auth to order' status (part 'sop1', 44774f6d); the app fired POST /api/work-orders/part/perform-request-status-action (HTTP 201) and the part status advanced from 'authorized_to_order' to 'waiting_to_receive'. (2) PICK PARTS - clicked the green 'Pick' action button on an in-stock inventory part (FC300-04, 01e32df5); same endpoint returned HTTP 201 and the part status advanced from 'in_stock' to 'received'. A separate Pick was also independently confirmed on WO S9-24189 (part N231-013BR moved in_stock -> received). Both the Pick and Order action buttons are gated in the FE by woPickParts and woOrderParts respectively, both of which the Junior SA has (verified via /api/auth/me/fe-permissions), so both actions were available and completed successfully.",,sa-25.png,"RE-TEST 2026-07-03: earlier run only inferred PASS from permission presence because the sampled WO had blank-part-number parts and the inline grid resisted headless clicks. This run executed both actions for real. METHOD DISCLOSURE: the per-part action buttons (data-test-id=button_part_request_action) are hover-revealed Quasar buttons; a plain Playwright .click() timed out on visibility, so the button was invoked via its own DOM click handler (element.click() in page context) which fired the SPA's real perform-request-status-action call - i.e. the exact endpoint the grid uses - and the resulting persisted status change was confirmed via GET list-requests-by-line. Only in_stock parts expose 'Pick' and only authorized_to_order parts expose 'Order' (confirmed from the FE action-config map in the app bundle: requested/quoted show no action, authorized_to_order->'Order', in_stock->'Pick', waiting_to_receive->'Receive'). Both completed with HTTP 201 and real state transitions. Test data on staging (S9-24672, S9-24189) mutated as allowed."
Service Advisor (a.k.a. Junior SA),N3,WO Notes (v33),Work Orders -> Notes tab,Create/edit own note; try to edit/delete others' notes.,Create/edit own = WO View (SA has). Edit/delete ALL = WO Delete - SA has none -> blocked for others' notes.,SPOT,PASS,"Per SV-5319 v33, a Junior Service Advisor can create and edit their OWN work-order notes (backed by Work Orders: View, which the SA has), but editing/deleting OTHER users' notes requires Work Orders: Delete, which the SA does NOT have — so others' notes should be read-only to the SA.","As a Junior Service Advisor you can add, edit and delete your own notes on a work order, and you can read everyone's notes, but you cannot edit or delete notes written by other people.","RE-TESTED with real execution as Tech assigned the SYSTEM Junior Service Advisor role, on work order S9-24669's Notes tab. (1) CREATE OWN NOTE - executed: POST /api/note/create {type:'work_order', reference_id:<WO>, content} returned HTTP 201 (note id b40a8160), and the note rendered on the SA's Notes tab. (2) EDIT OWN NOTE - executed: POST /api/note/update on the SA's own note returned HTTP 200 (allowed). (3) DELETE OWN NOTE - executed: POST /api/note/delete on the SA's own note returned HTTP 200 (allowed). (4) EDIT OTHERS' NOTE - executed against an admin-authored note (ce70d73e) on the same WO: POST /api/note/update returned HTTP 403 'Access denied.' (correctly blocked). (5) DELETE OTHERS' NOTE - executed: POST /api/note/delete on the admin note returned HTTP 403 'Access denied.' (correctly blocked). The SA CAN see all WO notes (both its own and the admin's rendered on the Notes tab), consistent with workOrdersView, but can only modify/remove its OWN notes. This matches the spec exactly: create/edit/delete own = allowed (WorkOrders View), edit/delete others' = blocked (needs WorkOrders Delete, which the SA lacks - workOrdersDelete=false verified via /api/auth/me/fe-permissions).",,sa-N3.png,"RE-TEST 2026-07-03: earlier run only confirmed the note-creation dialog was reachable and did not exercise SAVE or the others'-note restriction. This run fully exercised both halves. METHOD DISCLOSURE: the 'New Note' dialog opens for the SA (Save/Cancel buttons present) but its rich-text editor is a Quasar/contenteditable widget that would not accept typed or injected content headlessly, so the note body could not be committed via the dialog; per the retest protocol the actions were issued to the EXACT endpoints the dialog uses (note/create, note/update, note/delete) after confirming the dialog/gate was reachable. Results are decisive and match spec: own create/edit/delete = HTTP 201/200/200 (allowed); others' (admin-authored) edit/delete = HTTP 403 'Access denied.' (blocked). Both an SA note and an admin note render on the SA's Notes tab (SA has read access to all notes). This confirms the OWN-vs-OTHERS distinction is enforced server-side by the WorkOrders Delete permission the SA does not have. Test notes marked ZZAUTOTEST on disposable staging (S9-24669)."
Foreman,28,Pricing visibility,Work Orders → open a work order,Check prices/totals/Finance/Stats.,All money visible. Foreman has See Financial Data ON.,DEEP,PASS,"Per SV-5319, the Foreman role has the 'See Financial Data' cross-toggle ON, so every dollar figure on a work order (line Rate/Total, the Financial Info card, and the Finance/Stats money) must be visible and not hidden or masked. [Ref: SV-5319 Custom Roles permission matrix; checklist Foreman row #28]","Logged in as a Foreman, every price and dollar amount on a work order should be visible.","Opened invoiced work order S9-24661 as Tech-with-Foreman-role. All money was visible. The Financial Info card showed Parts $0.00, Labor $929.72, Shop Supplies $97.62, Subtotal $1,027.34, GST $51.37, Total $1,078.71 and Balance $1,078.71. The Lines grid showed the line Rate $232.43 and Total $929.72. Nothing was hidden or masked. fe-permissions confirm cross_toggles.seeFinancialData=true and view_mode=full for the Foreman role.",,fm-28.png,"fe-permissions: seeFinancialData=true, view_mode=full, woFullViewMode present. Money confirmed on the Financial Info card and Lines grid."
Foreman,29,Work order delete,Work Orders → open a work order,Try to delete the work order.,"BLOCKED. Foreman has Work Orders = View/Create and Edit, NO Delete.",MUST,PASS,"Per SV-5319, the Foreman role has Work Orders = View + Create and Edit but NOT Delete, so a Foreman must not be able to delete a work order; the 'Delete Work Order' control should not be offered. [Ref: SV-5319 Custom Roles permission matrix; checklist Foreman row #29]","Logged in as a Foreman, there should be no way to delete a work order.","Opened uncomplete work order S9-24075 (status 'In Progress') as Tech-with-Foreman-role and opened the work-order nav-bar menu (three-dot menu). The menu showed only 'Audit Log' and 'Timesheets (4)' with NO 'Delete Work Order' option. For comparison, the same menu on the same work order as Admin shows 'Audit Log | Timesheets (4) | Delete Work Order'. So the delete control is absent for the Foreman. fe-permissions confirm workOrdersDelete=false for the Foreman role.",,fm-29.png,Real denial by control absence. Foreman fe-permissions has workOrdersDelete=false. Admin's nav menu on the same WO includes 'Delete Work Order' (though disabled here because the WO has labor clocked in); the Foreman menu omits the option entirely.
Foreman,30,Line delete,Work Orders → a line,Delete a line.,Allowed. Foreman has Work Order Lines Delete.,MUST,PASS,"Per SV-5319, the Foreman role has Work Order Lines = Delete, so a Foreman is allowed to delete a (non-completed) work-order line. [Ref: SV-5319 Custom Roles permission matrix; checklist Foreman row #30]","Logged in as a Foreman, deleting a work-order line should work.","Opened work order S9-24181 (Approved) as Tech-with-Foreman-role. It had 4 lines. Selected the deletable line 'Replace - Brake pot' (status Authorized, no labor), opened the line bulk-action menu ('Set line status | Delete lines | Split work order') and clicked 'Delete lines'. The line was removed: the Lines header count went from Lines (4) to Lines (3) and the line's row disappeared. The UI's own call POST /api/work-orders/lines/delete-lines returned HTTP 200.",,fm-30.png,fe-permissions has workOrderLinesDelete=true. Deletion driven fully in the UI (hover row -> tick line checkbox -> Line bulk-action -> Delete lines). Confirmed by line-count drop 4->3 and delete-lines endpoint returning 200.
Foreman,31,Parts (view/edit),Parts → Catalog/Inventory; a WO line,View catalog; order parts; pick parts.,"View and order/pick allowed. Foreman has Catalog View/Create and Edit, Order Parts ON, Pick Parts ON.",MUST,PASS,"Per SV-5319, the Foreman role has Catalog/Inventory = View + Create and Edit, plus the Order Parts and Pick Parts toggles ON, so a Foreman can browse the parts catalog/inventory and can order and pick parts on a work order. [Ref: SV-5319 Custom Roles permission matrix; checklist Foreman row #31]","Logged in as a Foreman, you should be able to see the parts catalog/inventory and to order and pick parts on a work order.","As Tech-with-Foreman-role: (1) Parts nav opened the Inventory and Catalog pages with the full inventory table and a 'New Inventory Part' button visible (view + create). (2) Order parts: on approved work order S9-13556, part 8LWS-038 (status 'Authorized to Order' on an authorized line) I clicked the part action button; the UI's POST /api/work-orders/part/perform-request-status-action returned HTTP 201 and the part moved to 'Awaiting / waiting_to_receive' (i.e. it was ordered). (3) Pick parts: on approved work order S9-24185, an in-stock part (N68SL-356) I clicked the part action button; POST /api/work-orders/part/perform-request-status-action returned HTTP 201 and the in-stock part was picked/staged (it dropped off the outstanding part-requests list). No permission errors.",,fm-31.png,"fe-permissions: catalogInventoryView=true, catalogInventoryCreateAndEdit=true, woOrderParts=true, woPickParts=true. Order and pick both driven via the WO Part Requests tab action button; endpoint perform-request-status-action returned 201 for both (order: authorized_to_order->waiting_to_receive; pick: in_stock->staged). Note: the same endpoint correctly returns 400 (business rule, not 403) for parts still in 'requested' status or on non-authorized lines, confirming the block there is workflow-based, not a permission denial for the Foreman."
Foreman,32,Invoicing,Work Orders → Finance tab,Create an invoice.,Allowed (create). Foreman has Invoicing View/Create and Edit (no Delete).,SPOT,PASS,"Per SV-5319, the Foreman role has Invoicing/Payments = View + Create and Edit (but NOT Delete), so a Foreman is allowed to create an invoice on a work order. [Ref: SV-5319 Custom Roles permission matrix; checklist Foreman row #32]","Logged in as a Foreman, creating an invoice on a work order should work.","Opened the Finance tab of completed work order S9-24662 as Tech-with-Foreman-role. The 'Create Invoice' button was present. Clicked it; the UI's POST /api/invoices/create returned HTTP 201 with a new invoice_id and the invoice INV-S9-24662 was generated. After the action the work-order status badge changed to 'Invoiced' and the Finance tab showed invoice INV-S9-24662. (The app then auto-opened a 'New Customer Payment' dialog, which is the separate payments step and was not needed for this case.)",,fm-32.png,"fe-permissions: invoicingPaymentsCreateAndEdit=true, invoicingPaymentsDelete=false. Invoice creation driven in the UI via Finance -> Create Invoice; endpoint invoices/create returned 201 and WO moved to Invoiced. No blocking parts and line already complete, so no Review/parts gate."
Foreman,N1,WO asset fields (v33),Work Orders -> a line,"Edit mileage, engine hours, license plate, VIN.",Allowed. These are WOL: Create and Edit (v33). Foreman has WOL Create and Edit.,MUST,PASS,"Per SV-5319 v33, editing the work order's asset fields (mileage, engine hours, license plate, VIN) is governed by Work Order Lines = Create and Edit; the Foreman role has WOL Create and Edit, so a Foreman is allowed to edit these fields. [Ref: SV-5319 v33 Custom Roles permission matrix; checklist Foreman row N1]","Logged in as a Foreman, editing the mileage, engine hours, license plate and VIN on a work order should work and save.","Opened in-progress work order S9-24075 as Tech-with-Foreman-role. Edited the vehicle fields on the work order: set Mileage to 90906 (POST /api/work-orders/change-mileage returned 201), Engine Hours to 7006 (POST /api/work-orders/change-engine-hours returned 201) and License Plate to ZZAUTO906 (POST /api/work-orders/change-licence-plate returned 201). For the VIN, opened the asset edit form (Edit Vehicle) and changed the VIN from 43434 to ZZAUTO942026 (POST /api/vehicles/change returned 201). Re-reading the work order confirmed all four values persisted: mileage 90906, engineHours 7006, plate ZZAUTO906, vin ZZAUTO942026.",,fm-N1.png,fe-permissions: workOrderLinesCreateAndEdit=true (and customersCreateAndEdit=true). Mileage/engine-hours/license-plate are inline-editable on the WO header and save via work-orders/change-mileage|change-engine-hours|change-licence-plate (all 201). VIN is a property of the asset and is edited via the vehicle Edit form (vehicles/change 201); the WO header shows VIN as read-only text. All edits succeeded and persisted.
Foreman,N2,Reverse invoice (v33),Work Orders -> Finance,Try to reverse a WO invoice.,"BLOCKED. WO invoice reverse = WO: Delete (v33). Foreman has WO = View/Create and Edit, NO Delete.",SPOT,PASS,"Per SV-5319 v33, reversing a work-order invoice is governed by Work Orders = Delete; the Foreman role has Work Orders View + Create and Edit but NOT Delete, so a Foreman must not be able to reverse an invoice - the Reverse control should be hidden and the endpoint should refuse. [Ref: SV-5319 v33 Custom Roles permission matrix; checklist Foreman row N2]","Logged in as a Foreman, there should be no way to reverse (undo) a work-order invoice.","Opened the Finance tab of invoiced work order S9-24661 as Tech-with-Foreman-role and opened the invoice actions menu (three-dot kebab on the invoice). It showed only 'Issue Credit' - there was NO 'Reverse' option. As Admin the same menu on the same invoice shows 'Reverse | Issue Credit', confirming the Reverse control is gated. To confirm the block is enforced server-side, the Foreman session called the same endpoint the UI uses, POST /api/invoices/reverse-invoice with body {id:<invoice_id>}; it returned HTTP 403 'Access denied.' So the Foreman is blocked both in the UI (control absent) and at the API (403).",,fm-N2.png,"fe-permissions: workOrdersDelete=false. Real denial confirmed two ways: (1) UI - Foreman invoice kebab shows only 'Issue Credit' while Admin shows 'Reverse | Issue Credit'; (2) API - reverse-invoice returns 403 Access denied for the Foreman (payload shape {id:invoice_id}, discovered from Admin's own successful reverse call which returned 200). Endpoint exists (not a 404), so the feature is real and simply gated off for Foreman."
Foreman,N3,Return a part from a WO (v33),Work Orders -> a line,Return a part from the line.,"Allowed - returning a part from a WO needs no permission (v33, 6/29).",SPOT,PASS,"Per SV-5319 v33 (6/29), returning a part from a work order requires no specific permission, so any role including the Foreman can create a part return from a WO line. [Ref: SV-5319 v33 Custom Roles notes; checklist Foreman row N3]","Logged in as a Foreman, returning a part from a work-order line should work.","Opened approved work order S9-24185 as Tech-with-Foreman-role and, on line ab24f401, opened the context menu of staged part 'SPO AWE' (part 69d29c86), which offered 'Move' and 'Return'. Clicked 'Return', which opened the 'Add new part return request' dialog. Entered the Return Reason 'ZZAUTOTEST Foreman return - defective', set Quantity 1, and clicked the confirm button. The dialog closed and the UI's POST /api/work-orders/part/make-return-request returned HTTP 200 with a new return-request id (8433a6a2-887c-45f8-91c0-b78df567a2e5). The return was created successfully with no permission error.",,fm-N3.png,No permission gates return-a-part (v33). Driven fully in the UI: WO line -> part context menu -> Return -> fill Return Reason + Quantity -> confirm. Endpoint make-return-request returned 200 with a new return request id. Confirms Foreman can return a part.
Technician,33,Pricing HIDDEN,Work Orders → open a work order,"Look at line prices, Total/Labor/Parts columns, Finance card, Stats tab.",All prices/money are HIDDEN/blank. Technician has See Financial Data OFF.,DEEP,PASS,"Per SV-5319, the Technician role has the 'See Financial Data' cross-toggle OFF, so no dollar figures should appear anywhere on a work order (line Rate/Total, the Financial Info card, the Parts prices, or the Stats money). [Ref: SV-5319 Custom Roles permission matrix; checklist Technician row #33]","Logged in as a Technician, every price and dollar amount on a work order should be hidden.","Opened work order S9-24706 as Tech-with-Technician-role. There was NO money anywhere: the Lines grid columns are Name/Description, Actual/Estimate, Progress, Status, Action (no Rate/Total). There is no Financial Info card at all. The Parts tab (checked on S9-13556) shows Description, Part Number, Quantity, Category, Vendor, Requested At, Status, Actions - no price/cost/total columns. The Stats tab shows only hours (Tech hours, Clocked hours, Tech Efficiency) with no dollars. A body-wide scan found zero '$' figures. fe-permissions confirm cross_toggles.seeFinancialData=false and view_mode=tech.",,tech-33.png,"Also captured tech-33b-parts.png (Parts tab, no money) and tech-33c-stats.png (Stats, hours only). fe-permissions: seeFinancialData=false, view_mode=tech. Even the API masks money for tech (line labour_rate returned 0)."
Technician,34,Tech View — estimate,Work Orders → a line,Look at the Estimate column and labor rate fields.,Estimate column shows Tech Time (not the estimate value); labor rate columns/fields hidden. Technician has Tech View.,DEEP,PASS,"Per SV-5319, a Technician is a Tech View role: the line grid should show tech time/estimate hours instead of pricing, and labor-rate columns/fields must be hidden. [Ref: SV-5319; checklist Technician row #34]","On a line, the technician should see tech-time/estimate hours, not a labor rate in dollars.","On S9-24706 the line grid has a single 'Actual/Estimate' column showing hours (e.g. '0.00 / 23.00' and '0.00 / 2.00' = actual tech time / estimated hours). There is no labor-rate column and no dollar labor rate anywhere. The Stats tab lists the same hours per line (23.00, 2.00, Total 25.00). The API returned labour_rate=0 / labour_type_cost=0 for tech (masked). Confirms Tech View shows tech time and hides labor rate.",,tech-34.png,"view_mode=tech, woTechViewMode present. Actual/Estimate column carries hours, not money."
Technician,35,Tech View — approve line,Work Orders → a line,Try to approve/authorize the line; try to change line status.,BLOCKED — approve/authorize action hidden. Technician has Tech View (cannot approve WO lines).,DEEP,FAIL,"Per SV-5319, a Tech View technician must NOT be able to approve/authorize work-order lines; the line statuses Authorization required/Declined/Authorized/Complete all require the ROLE_WORK_ORDER::CREATE_AND_EDIT permission, which the Technician role does not have (Technician has Work Orders = View only). [Ref: SV-5319; line-statuses permission metadata; checklist Technician row #35]","A technician should not be able to approve or authorize a work-order line, and there should be no control to do it.","Two-way check. UI: the line's three-dot menu for the technician has NO approve/authorize option (only Request part, Add line note, Save as canned line, Story history, Add inspection, Edit labor, Move labor) - so the FE hides it correctly. HOWEVER the backend does NOT enforce the restriction: calling the exact UI endpoint POST /api/work-orders/lines/change-status {line_id, status:'authorized'} as the Technician returned HTTP 200 and the line status actually changed from 'authorization_required' to 'authorized' (verified by re-reading the line as both admin and tech). So the technician CAN authorize a line via the API despite lacking Create and Edit. This is a real permission-enforcement gap.","1) Log in as Tech (Technician role). 2) Admin sets line 56028d16 on S9-24706 to 'authorization_required'. 3) As Tech POST /api/work-orders/lines/change-status {line_id:'56028d16-...', status:'authorized'} - returns 200. 4) Re-read the line: status is now 'authorized'. The change persisted, so the approve/authorize action was NOT blocked at the API even though the UI hides it.",tech-35.png,"FAIL is a backend authorization gap: FE correctly hides the approve/authorize control, but /work-orders/lines/change-status accepts the change for a Technician. line-statuses metadata says 'authorized' requires ROLE_WORK_ORDER::CREATE_AND_EDIT which Technician lacks. Endpoint did not return 403; it returned 200 and applied the change."
Technician,36,Tech View — edit line,Work Orders → an existing line,Try to edit an existing line.,"BLOCKED/read-only. Tech View users can only create new lines, not edit existing ones.",MUST,PASS,"Per SV-5319, Tech View users can create NEW work-order lines but existing lines should be read-only (no edit-the-line control). [Ref: SV-5319; checklist Technician row #36]",A technician should be able to add new lines but not edit the name/description/estimate of an existing line.,"On S9-24706 the existing lines are read-only in the UI: clicking a line name only expands it (shows Story/Labor/Parts) with no editable name/description/estimate fields, and the line's three-dot menu has NO 'edit line' option (it offers only Request part, Add line note, Save as canned line, Story history, Add inspection, Edit labor, Move labor - i.e. tech-work actions, not line-definition editing). A 'New Line' button and ShopCoach Line Builder are available for creating new lines. So existing lines are read-only for the Technician as expected.",,tech-36.png,Read-only behavior is delivered by Tech View (client view mode); the Technician role does technically hold workOrderLinesCreateAndEdit (needed to create new lines). No edit-existing-line control is exposed in the tech UI.
Technician,37,WO header edits,Work Orders → open a work order → header,"Try to change lead technician, service advisor, customer, asset.",BLOCKED. Technician has Work Orders = View only (no Create and Edit) → cannot edit header fields.,MUST,FAIL,"Per SV-5319, the Technician role has Work Orders = View only (no Create and Edit), so it must not be able to change work-order header fields such as lead technician, service advisor, customer or asset. [Ref: SV-5319; checklist Technician row #37]","A technician should not be able to change the work order's lead technician, service advisor, customer or asset.","Two-way check. UI: the WO header shows Lead technician, Service advisor and the customer as plain read-only text with no edit/pencil controls (clicking them opens no picker) - FE blocks it. HOWEVER the backend does NOT enforce it: calling the exact UI endpoint POST /api/work-orders/change-service-advisor as the Technician actually changed the field. Verified: admin set the service advisor to a real staff id (persisted); then Tech POSTed change-service-advisor with null and the service advisor was cleared to null (persisted, confirmed on re-read). So a Technician CAN edit a WO header field via the API despite having View-only. Permission-enforcement gap.","1) Log in as Tech (Technician role). 2) Admin POST /api/work-orders/change-service-advisor {work_order_id, service_advisor_id:'<real id>'} - persists. 3) As Tech POST /api/work-orders/change-service-advisor {work_order_id, service_advisor_id:null} - returns 201 and the service advisor is cleared (re-read shows null). The header change took effect for a View-only technician.",tech-37.png,"FAIL is a backend gap: the FE correctly renders the header read-only, but /work-orders/change-service-advisor (and the change-* family) accept the change for a Technician (returns 201 and persists). change-lead-technician returned 201 too but did not visibly persist with the payload/id used (inconclusive for that specific field); the service-advisor case cleanly persisted, proving header edits are not blocked at the API."
Technician,38,Mileage / engine hours,Work Orders → open a work order,Try to enter/change mileage and engine hours.,"Likely BLOCKED (asset editing = Work Orders Create and Edit, which Technician lacks). NOTE: spec is silent and techs often capture mileage in practice — confirm intended behavior.",MUST,PASS,"The original (pre-v33) checklist guessed mileage/engine-hours editing might be blocked, but flagged the spec as silent. Under spec v33 this is now gated by Work Order Lines: Create and Edit, which the Technician HAS - so editing mileage/engine hours is ALLOWED. [Ref: SV-5319 / spec v33; checklist Technician rows #38 and N1]","A technician should be able to enter/update the vehicle mileage and engine hours (this is now allowed, gated by Work Order Lines Create and Edit).","Editing mileage and engine hours as the Technician SUCCEEDED and persisted. POST /api/work-orders/change-mileage {work_order_id, mileage:'555'} returned 201 and POST /api/work-orders/change-engine-hours {work_order_id, engine_hours:'77'} returned 201; re-reading the work order shows mileage=555 and engine_hours=77. So the pre-v33 guess of 'blocked' is superseded - it is ALLOWED, matching the v33 rule (case N1).",,tech-38.png,Allowed. Technician holds workOrderLinesCreateAndEdit which gates mileage/engine hours per v33. Same result as case N1. Values 555/77 persisted on S9-24706.
Technician,39,Send to Portal,Work Orders → a work order,Look for the Send to Portal button.,NOT visible. Send to Portal requires Full View; Technician has Tech View.,MUST,PASS,"Per SV-5319, 'Send to Portal' requires Full View; a Tech View technician should not see the Send to Portal button. [Ref: SV-5319; checklist Technician row #39]",A technician should not see a 'Send to Portal' button anywhere on the work order.,"On S9-24706 as the Technician there is no 'Send to Portal' anywhere: a body-wide text scan found no 'Send to Portal', and opening the available action menus (line-level three-dot menus) surfaced only tech actions (Request part, Add line note, Save as canned line, Story history, Add inspection, Edit labor, Move) - no Send to Portal option. Confirms it is hidden for Tech View.",,tech-39.png,view_mode=tech. No Send to Portal control present in the tech WO layout.
Technician,40,Pick parts,Work Orders → a line,Pick a part.,Allowed. Technician has Pick Parts ON.,SPOT,PASS,"Per SV-5319, the Technician role has 'Pick Parts' ON, so picking a part from stock must be allowed. [Ref: SV-5319; checklist Technician row #40]",A technician should be able to pick a part.,"Picking a part as the Technician SUCCEEDED. On S9-13556, part request 5d009711 was 'In stock'; calling the exact UI endpoint POST /api/work-orders/part/perform-request-status-action {part_request_id, action:'pick'} as the Technician returned HTTP 201 and the part moved to Received (visible on the Parts tab as 'Received'). fe-permissions confirm woPickParts=true.",,tech-40.png,Real completed pick (201). Parts tab of S9-13556 shows the picked parts as 'Received'. woPickParts=true.
Technician,41,Order parts,Work Orders → a line,Try to order a part.,BLOCKED. Technician has Order Parts OFF.,SPOT,FAIL,"Per SV-5319, the Technician role has 'Order Parts' OFF, so ordering a part must be blocked. [Ref: SV-5319; checklist Technician row #41]",A technician should NOT be able to order a part.,"Ordering a part as the Technician SUCCEEDED, which is wrong. On S9-13556, part request c40b2d97 was 'Authorized to order'; calling the exact UI endpoint POST /api/work-orders/part/perform-request-status-action {part_request_id, action:'order'} as the Technician returned HTTP 201 and the part transitioned from 'authorized_to_order' to 'waiting_to_receive' (shown as 'Awaiting' on the Parts tab). So the Technician CAN order parts despite Order Parts being OFF. Permission-enforcement gap.","1) Log in as Tech (Technician role). 2) On S9-13556 find an 'Authorized to order' part (c40b2d97). 3) As Tech POST /api/work-orders/part/perform-request-status-action {part_request_id:'c40b2d97-...', action:'order'} - returns 201. 4) Re-read: status changed to 'waiting_to_receive' (Awaiting). Ordering was not blocked even though the Technician has Order Parts OFF (woOrderParts=false in fe-permissions).",tech-41.png,"FAIL is a backend gap: fe-permissions shows woOrderParts=false, yet perform-request-status-action with action:'order' succeeded (201) and moved the part to Awaiting. Endpoint did not return 403."
Technician,42,Global search,Top search bar,Search for a customer / work order.,Returns EMPTY results for Technician? — NOTE: build change makes Time Clock return empty. Confirm whether Technician is also affected.,MUST,PASS,The build change that forces empty global-search results applies to the Time Clock role. The checklist asks to confirm whether the Technician is also affected. [Ref: SV-5319 change analysis; checklist Technician row #42],Check whether the top global search returns results for a technician (it is empty only for Time Clock).,"Global search WORKS for the Technician - it returns results, it is NOT emptied. Typing 'S9-24661' in the top search bar returned the work order ('S9-24661 new test, 02 Jul 2026') under a Work Orders group. So the empty-result behavior is specific to Time Clock; the Technician is NOT affected.",,tech-42.png,Technician global search returns normal results (customersView + scheduleView present). Only Time Clock is emptied per the build change.
Technician,N1,Mileage / engine hours (v33),Work Orders -> a line,Enter/change mileage and engine hours.,"Now gated by WOL: Create and Edit (v33, no longer spec-silent). Technician HAS WOL Create and Edit -> ALLOWED on a NEW line; on an existing/approved line Tech View makes it read-only (VIU - confirm new vs existing).",MUST,PASS,"Under spec v33, mileage/engine-hours capture is gated by Work Order Lines: Create and Edit (no longer spec-silent). The Technician HAS WOL Create and Edit, so entering/changing mileage and engine hours is ALLOWED. [Ref: spec v33; checklist Technician row N1]",A technician should be able to enter and change the vehicle mileage and engine hours.,"Allowed and persisted. As the Technician, POST /api/work-orders/change-mileage {work_order_id, mileage:'555'} returned 201 and POST /api/work-orders/change-engine-hours {work_order_id, engine_hours:'77'} returned 201; re-reading the work order confirms mileage=555 and engine_hours=77. The mileage/engine-hours edit is gated by WOL Create and Edit which the Technician holds, so it succeeds.",,tech-n1.png,"workOrderLinesCreateAndEdit=true for Technician. Change persisted on S9-24706 (mileage 555, engine hours 77). Same evidence as case 38."
Technician,N2,Return a part from a WO (v33),Work Orders -> a line,Return a part from the line.,"Allowed - returning a part from a WO needs no permission (v33, 6/29). (Distinct from the SV-7838 403 bug on completing returns.)",SPOT,PASS,"Per spec v33 (6/29), making a part return request from a work order needs no special permission, so a Technician should be able to do it. [Ref: spec v33; checklist Technician row N2]",A technician should be able to create a part return request from a work order.,"Allowed - a return was created. On S9-13556, calling the exact UI endpoint POST /api/work-orders/part/make-return-request {part_id:'<received vendor part>', quantity:1, return_reason:'ZZAUTOTEST return'} as the Technician returned HTTP 200 with a new return-request id (2cc3a628-...), and the work order's part_return_requests count went to 1. So returning a part needs no permission and works for the Technician. (Attempting to return an inventory-sourced part gave a business-rule 400 'Cannot return inventory part' - NOT a permission 403 - confirming no permission gate.)",,tech-n2.png,"Real completed return request (200, id 2cc3a628). part_id must be the received WO part record (vendor-sourced); inventory parts are unpick-not-return (business rule, not permission)."
Technician,N3,WO Notes (v33),Work Orders -> Notes tab,Create/edit own note.,"Create/edit own note = WO View. Technician has WO View, so can view + create/edit own notes. Cannot edit/delete others' (no WO Delete).",MUST,PASS,"Per spec v33, viewing and creating/editing your OWN work-order note is gated by Work Order View (which the Technician has). Editing or deleting SOMEONE ELSE'S note requires more (WO Delete), which the Technician lacks. [Ref: spec v33; checklist Technician row N3]",A technician can add and edit their own notes but cannot change or delete notes written by other people.,"Behaves exactly as expected. As the Technician: create own note POST /api/note/create {type:'work_order', reference_id, content} returned 201 (id c8be12cd); edit own note POST /api/note/update {id, content} returned 200. Attempting to edit another user's note (an admin-authored note) POST /api/note/update returned 403 'Access denied', and delete another user's note POST /api/note/delete returned 403 'Access denied'. So own-note create/edit is allowed and others' notes are correctly denied.",,tech-n3.png,"Correctly enforced BOTH ways: own create=201, own edit=200; others' edit=403 and others' delete=403. The Notes tab is present in the tech WO layout."
Parts Manager,43,Pricing visibility,Work Orders / Parts,Check prices on WOs and parts.,Visible. Parts Manager has See Financial Data ON.,DEEP,PASS,"Per SV-5319, the Parts Manager role has the 'See Financial Data' cross-toggle ON, so dollar figures (line rates/totals, part costs and sell prices, work-order finance totals) should be visible everywhere. [Ref: SV-5319 Custom Roles permission matrix; checklist Parts Manager row #43]","Logged in as a Parts Manager, prices and dollar amounts on work orders and parts should be shown, not hidden.","Opened work order S9-24163 as Tech-with-Parts-Manager-role. Dollar figures are fully visible across the lines and parts: sample amounts on the page included $24.39, $1,045.95, $109.82, $1,180.16, $1,239.16, $232.43, $116.22. Total/Labor/Parts/Rate columns and finance wording are present. fe-permissions confirm cross_toggles.seeFinancialData=true and view_mode=full, and the parts data returned by the API includes cost and sell_price fields with real numbers.",,pm-43.png,seeFinancialData=true confirmed in fe-permissions. Prices render on the WO lines/parts view. (WO also shows an 'Over Limit' badge which per policy blocks nothing.)
Parts Manager,44,Parts — full,Parts → Catalog/Inventory; Vendors; Part Sales,Create/edit/delete parts; manage vendors; delete part sales.,"Full access. Parts Manager has Catalog, Vendor&Order, Part Sales all View/Create and Edit/Delete.",MUST,FAIL,"Per SV-5319, the Parts Manager role has full parts control: Catalog/Inventory View+Create/Edit+Delete, Vendor & Order Management View+Create/Edit+Delete, and Part Sales View+Create/Edit+Delete. So a Parts Manager should be able to create/edit/delete inventory & catalog parts, add/remove vendors, and delete part sales. [Ref: SV-5319 Custom Roles permission matrix; checklist Parts Manager row #44]","Logged in as a Parts Manager, you should have full control over parts and vendors and be able to delete a part sale.","Mostly works, but deleting a part SALE is blocked. Confirmed working as Tech-with-Parts-Manager-role: (1) Inventory/Catalog part CREATE succeeded - POST /api/inventory/parts/create returned 201 (created a ZZAUTOTEST part on bin A2CD). (2) Inventory/Catalog part DELETE succeeded - POST /api/inventory/parts/delete returned 201. (3) Vendor CREATE succeeded via the real UI 'New Vendor' form (filled Name/Country/Taxes, clicked Save & Close) - POST /api/parts-catalogue/add-vendor returned 201. (4) Vendor DELETE succeeded - POST /api/parts-catalogue/remove-vendor returned 201. (5) Part Sales list shows the 'New Part Sale' create button and prices. HOWEVER, deleting a part sale record FAILS: on part sale P9-994 the header three-dot menu DOES show a red 'Delete' option, but clicking it fires POST /api/work-orders/delete {work_order_id:...} which returns HTTP 403 'Access denied' and the app redirects the user to the /access-denied page. Part-sale deletion is gated by the Work Orders Delete permission (workOrdersDelete=false for Parts Manager) instead of the Part Sales Delete permission (partSalesDelete=true), so the Parts Manager cannot delete a part sale despite the spec granting Part Sales Delete and despite the UI presenting the Delete control.",1) Log in as Tech (assigned Parts Manager role). 2) Parts -> Part Sales -> open an estimate part sale (e.g. P9-994). 3) Open the header three-dot (kebab) menu -> click 'Delete' -> confirm. 4) Observe the request POST /api/work-orders/delete returns 403 and the browser lands on /access-denied; the part sale is NOT deleted.,pm-44.png,"Parts (catalog/inventory) create+delete and vendor create+delete all return 201 for Parts Manager - full control there confirmed. FAIL is specifically for 'delete part sales': the UI offers a Delete control but the backend blocks it (403) because part-sale deletion is wired to the Work Orders Delete permission (workOrdersDelete) rather than Part Sales Delete (partSalesDelete). This is both a UX bug (control shown when it will always be denied) and a permission-mapping inconsistency vs the spec's 'Part Sales Delete'. Supporting screenshots: pm-44-vendorform.png / pm-44-vendorsaved.png (vendor create), pm-44-partsales.png (list + New Part Sale + prices), pm-44-ps-menu.png (Delete option shown), pm-44-ps-after.png (access-denied). Note: reversing a part-sale INVOICE (a different Part-Sales-Delete-gated action) DOES work for Parts Manager - see case N2."
Parts Manager,45,Parts → Returns,Parts → Returns → a return,Delete the return.,Allowed. Parts Manager has Vendor and Order Management Delete.,MUST,PASS,"Per SV-5319 (original), deleting a part return was gated by Vendor & Order Management Delete, which the Parts Manager has, so a Parts Manager should be allowed to delete a return. (Note: this row is marked STALE in the checklist - per spec v33 (SV-7911) delete-return is now gated by Invoicing & Payments Delete; Parts Manager is still allowed, now for a different reason - see case N1.) [Ref: SV-5319 checklist Parts Manager row #45]","Logged in as a Parts Manager, deleting a part return should be allowed.","As Tech-with-Parts-Manager-role, opened Parts -> Returns (the returns list loads and is reachable) and deleted a return on the approved (non-completed) work order S9-24399. The delete completed successfully: the UI's delete-return action (POST /api/work-orders/part/remove-return-request {part_return_request_id:...}) returned HTTP 200 and the return was removed. Allowed, as expected.",,pm-45.png,Delete succeeded (200) for Parts Manager. The Quasar return-delete control was driven via the exact endpoint the UI uses (work-orders/part/remove-return-request) after confirming the Parts -> Returns list (FE gate) is reachable. Return was on an approved (uncomplete) WO per precondition (returns can't be deleted on a Completed WO). This row is superseded by case N1 (v33).
Parts Manager,46,Work order delete,Work Orders → open a work order,Try to delete the work order.,"BLOCKED. Parts Manager has Work Orders = View/Create and Edit, NO Delete.",MUST,PASS,"Per SV-5319, the Parts Manager role has Work Orders = View + Create and Edit but NOT Delete, so a Parts Manager must not be able to delete a work order; the 'Delete Work Order' control should be absent and the delete endpoint must be rejected. [Ref: SV-5319 Custom Roles permission matrix; checklist Parts Manager row #46]","Logged in as a Parts Manager, there should be no way to delete a work order.",Opened work order S9-24163 as Tech-with-Parts-Manager-role and opened the work-order header three-dot menu. The menu offered only 'Audit Log' (and Timesheets) with NO 'Delete Work Order' option. Backend was also verified: POST /api/work-orders/delete {work_order_id:...} as the Parts Manager returned HTTP 403 'Access denied.' fe-permissions confirm workOrdersDelete=false. So both the UI control and the backend correctly block deletion.,,pm-46.png,Real denial. UI: three-dot menu omits 'Delete Work Order' (Admin's menu on the same WO includes it). Backend: /api/work-orders/delete returns 403 for Parts Manager. workOrdersDelete=false in fe-permissions. No backend enforcement gap.
Parts Manager,47,Settings — Parts/Finance,Settings (cog),Check which sub-sections appear.,"Parts, Finance, Data Import available; App Settings and Wages NOT. Per Parts Manager sub-toggles.",SPOT,PASS,"Per SV-5319, the Parts Manager role has the Settings sub-toggles for Parts, Finance and Data Import ON, but App Settings and Wages OFF, so the Settings area should show only the Parts, Finance and Data-Import (Imports) sub-sections. [Ref: SV-5319 Custom Roles permission matrix; checklist Parts Manager row #47]","Logged in as a Parts Manager, the Settings menu should show Parts, Finance and Data Import sections but not App Settings or Wages.","Opened Settings (avatar menu -> Settings) as Tech-with-Parts-Manager-role. The Settings sidebar showed: PARTS (Pricing, Bin Locations, Categories), FINANCE (Payment Methods), IMPORTS/Data Import (Contacts, Assets, Vendors, Inventory, Invoices), plus Taxes and an IBS integration. There was NO 'App Settings' / company-configuration section and NO 'Wages' section. fe-permissions confirm settingsParts=true, settingsFinance=true, settingsDataImport=true and no App-Settings/Wages toggles.",,pm-47.png,"Matches expected subset: Parts, Finance, Data Import visible; App Settings and Wages absent. Perms: settingsParts, settingsFinance, settingsDataImport present; no wages/app-settings perm."
Parts Manager,N1,Parts -> Returns (v33),Parts -> Returns -> a return,Delete the return.,Allowed. Delete-return requires Invoicing & Payments: Delete (v33). Parts Manager HAS Invoicing Delete.,MUST,PASS,"Per spec v33 (SV-7911), deleting a part return is gated by the Invoicing & Payments: Delete permission. The Parts Manager has Invoicing & Payments Delete (invoicingPaymentsDelete=true), so a Parts Manager should be allowed to delete a return. [Ref: SV-5319 checklist Parts Manager row N1 (v33), replaces row #45]","Logged in as a Parts Manager, deleting a part return should be allowed (because Parts Manager has the Invoicing & Payments Delete permission).","As Tech-with-Parts-Manager-role, opened Parts -> Returns (reachable) and deleted a return on the approved (non-completed) work order S9-24163. The delete completed successfully: POST /api/work-orders/part/remove-return-request {part_return_request_id:0ed78be6-...} returned HTTP 200 and the return was removed. Allowed, as expected, consistent with the Parts Manager holding invoicingPaymentsDelete=true.",,pm-N1.png,Delete succeeded (200). Parts Manager fe-permissions include invoicingPaymentsDelete=true. Driven via the exact endpoint the UI uses (work-orders/part/remove-return-request) after confirming the Parts -> Returns list is reachable. Return was on an approved (uncomplete) WO per precondition.
Parts Manager,N2,Reverse invoice (v33),Work Orders -> Finance; Part Sales,Reverse a WO invoice; reverse a Part Sales invoice.,WO invoice = WO Delete - Parts Mgr has NO WO Delete -> BLOCKED. Part Sales invoice = Part Sales Delete - Parts Mgr HAS Part Sales Delete -> ALLOWED.,MUST,PASS,"Per spec v33, reversing a WORK ORDER invoice is gated by the Work Orders Delete permission and reversing a PART SALES invoice is gated by the Part Sales Delete permission. The Parts Manager has Part Sales Delete but NOT Work Orders Delete, so reversing a WO invoice should be BLOCKED and reversing a part-sales invoice should be ALLOWED. [Ref: SV-5319 checklist Parts Manager row N2 (v33)]","Logged in as a Parts Manager, reversing a work-order invoice should be blocked, but reversing a part-sales invoice should be allowed.","Both sides behaved exactly as expected as Tech-with-Parts-Manager-role. (1) WO invoice reverse - BLOCKED: on invoiced work order S9-24182's Finance tab there was no usable Reverse action, and calling the reverse endpoint POST /api/invoices/reverse-invoice {id:<WO invoice>} returned HTTP 403 'Access denied.' (2) Part-sales invoice reverse - ALLOWED: created an invoice for the complete part sale P9-987 (POST /api/invoices/create -> 201, invoice 0fb5a76a) and then reversed it as the Parts Manager (POST /api/invoices/reverse-invoice {id:0fb5a76a} -> HTTP 200, returned a reversal id). So the Parts Manager can reverse a part-sales invoice but not a work-order invoice, matching the permission split.",,pm-N2.png,"WO invoice reverse returns 403 for Parts Manager (workOrdersDelete=false) - correctly blocked at the backend, no enforcement gap. Part-sales invoice reverse returns 200 (partSalesDelete=true, invoicingPaymentsCreateAndEdit=true) - allowed. Also verified earlier that reversing an already-PAID part-sale invoice returns a 400 business error ('Customer transaction cannot be deleted') rather than 403, confirming the permission layer passes for part sales; the clean 200 was obtained on a freshly created (unpaid) part-sale invoice."
Parts Technician,48,Pricing visibility,Parts / Work Orders,Check prices.,Visible. Parts Technician has See Financial Data ON.,SPOT,PASS,"Per SV-5319, the Parts Technician (system role 'Parts Tech') has the 'See Financial Data' cross-toggle ON, so dollar amounts (line rates/totals, part cost/sell, work-order finance totals) should be visible everywhere. [Ref: SV-5319 Custom Roles permission matrix; checklist Parts Technician row #48]","Logged in as a Parts Technician, prices and dollar amounts on work orders and parts should be shown, not hidden.","Opened work order S9-24917 as Tech-with-Parts-Tech-role. Dollar figures are fully visible. The Financial Info panel shows Parts $0.00, Labor $614.86, Shop Supplies $64.56, Subtotal $679.42, GST $33.97, Total $713.39, Balance $713.39. Line-level amounts render too ($232.43, $464.86, etc.). fe-permissions confirm cross_toggles.seeFinancialData=true and view_mode=full.",,pt-48.png,seeFinancialData=true and woFullViewMode present in fe-permissions. WO shows an 'Over Limit' badge which per policy blocks nothing.
Parts Technician,49,Parts — no delete,Parts → Catalog/Inventory,Create/edit a part; try to delete a part.,Create/edit allowed; DELETE blocked. Parts Technician has Catalog View/Create and Edit (no Delete).,MUST,FAIL,"Per SV-5319, the Parts Technician role has Catalog/Inventory View and Create-and-Edit but NOT Delete. So a Parts Tech should be able to add and edit catalog parts, but attempting to delete a catalog part should be refused (both the button hidden AND the server rejecting the call with a permission error). [Ref: SV-5319 Custom Roles permission matrix; checklist Parts Technician row #49]","As a Parts Technician you can create and edit catalog parts, but you must NOT be able to delete a catalog part — the system should block it.","Create is correctly allowed: as the Parts Tech user the 'New Catalog Part' button is present and creating a part via the catalog dialog succeeded (POST /api/parts-catalogue/add-catalogue-part returned 201, new part created). BUT delete is NOT blocked at the server: as the Parts Tech user (who has NO catalogInventoryDelete permission) I created a throwaway ZZAUTOTEST part and then called the same delete endpoint the app uses, POST /api/parts-catalogue/remove-catalogue-part?id=<partId>, and it returned 200 and the part was actually removed (it no longer appears in the catalogue list). The permission check is missing on the delete endpoint, so a Parts Tech can delete catalog parts despite lacking Delete rights. This is a backend enforcement gap.",1. Log in as the Tech user assigned the Parts Tech system role. 2. Confirm fe-permissions has catalogInventoryCreateAndEdit but NOT catalogInventoryDelete. 3. Create a catalog part (POST /api/parts-catalogue/add-catalogue-part with name/part_number/size/measurement/tags) -> 201. 4. Attempt to delete it the same way the UI does: POST /api/parts-catalogue/remove-catalogue-part?id=<newPartId>. 5. Observe HTTP 200 and the part is gone from GET /api/parts-catalogue/catalogue-parts. Expected 403.,pt-49.png,"BACKEND ENFORCEMENT GAP. Create confirmed via UI (add-catalogue-part 201). Edit is expected-allowed (catalogInventoryCreateAndEdit present); the catalog edit dialog could not be driven headless and the edit endpoint was not captured, so edit was not directly exercised, but the existing catalog data shows edited parts (tags BILAL/EDITED) and the permission is present. The FAIL is driven entirely by delete: tech deleted a part via remove-catalogue-part?id= (HTTP 200) despite having no catalogInventoryDelete permission. Admin (with the permission) uses the same endpoint. Delete param is a query string ?id=<uuid>; body/other param shapes return 400."
Parts Technician,50,Parts → Returns,Parts → Returns → a return,Try to delete the return.,Allowed? Parts Technician has Vendor and Order Management = View/Create and Edit/Delete → has Delete → return delete ALLOWED.,MUST,PASS,"Original SV-5319 reading: return-delete was gated by Vendor & Order Management: Delete. The Parts Technician role HAS Vendor & Order Management View/Create-and-Edit/Delete, so deleting a return would be ALLOWED. NOTE: this row is marked STALE in the checklist and is superseded by NEW row N1 (spec v33 / SV-7911), which flips the expectation to BLOCKED. [Ref: SV-5319 matrix; checklist Parts Technician row #50, superseded by N1]","Under the original spec, a Parts Technician (who has Vendor & Order delete rights) should be able to delete a return.","As the Parts Tech user, Parts → Returns lists returns and the row three-dots menu offers 'Return to inventory' and 'Delete Return'. Deleting a return actually works: the app's delete-return endpoint POST /api/work-orders/part/remove-return-request {part_return_request_id:<id>} returned HTTP 200 and the return request (part 47-0680, WO S-13556) was removed. This matches the ORIGINAL expected result (allowed via Vendor & Order Delete, which the role has).",,pt-50.png,"SUPERSEDED BY N1. Under the old gating (Vendor & Order Delete) this is a correct PASS: fe-permissions show vendorOrderManagementDelete=true and the delete succeeded (200). But per spec v33 (SV-7911) the gate should have moved to Invoicing & Payments: Delete, which this role does NOT have — see N1 for the authoritative v33 result (FAIL / gap)."
Parts Technician,51,Pick / Order parts,Work Orders → a line,Pick and order parts.,Both allowed. Parts Technician has Pick Parts ON and Order Parts ON.,SPOT,PASS,"Per SV-5319, the Parts Technician role has both Pick Parts and Order Parts toggles ON, so picking a part from stock and ordering a part on a work-order line should both be allowed. [Ref: SV-5319 matrix; checklist Parts Technician row #51]",As a Parts Technician you should be able to both order parts and pick parts on a work order.,"Both actions succeeded as the Parts Tech user. ORDER: part request 171128R on WO S-9714 was in 'authorized_to_order'; calling the app's endpoint POST /api/work-orders/part/perform-request-status-action {part_request_id, action:'order'} returned HTTP 201 and the part moved to 'waiting_to_receive' (Awaiting). PICK: part request WWF on WO S-9917 (an authorized line, in_stock) with action:'pick' returned HTTP 201 and the part moved toward Received. fe-permissions confirm woPickParts=true and woOrderParts=true.",,pt-51.png,"Both allowed as expected. woPickParts=true, woOrderParts=true in fe-permissions. Pick requires the WO line to be authorized first (a workflow gate: picking an in_stock part on a non-authorized line returns 400 'This action can only be performed on the authorized lines' - not a permission error); performed the pick on an already-authorized line to confirm the permission allows it (201)."
Parts Technician,N1,Parts -> Returns (v33),Parts -> Returns -> a return,Try to delete the return.,"BLOCKED (v33). Delete-return now requires Invoicing & Payments: Delete. Parts Tech has Invoicing = View/Create and Edit, NO Delete. THIS FLIPS the old expected result.",MUST,FAIL,"Per spec v33 (SV-7911), deleting a Parts→Returns record now requires the Invoicing & Payments: Delete permission. The Parts Technician role has Invoicing & Payments View and Create-and-Edit but NOT Delete, so deleting a return should be BLOCKED — both the control unavailable AND the server rejecting the call with a permission error. [Ref: SV-5319/v33 SV-7911; checklist Parts Technician row N1, replaces #50]",As a Parts Technician (no Invoicing Delete) you should NOT be able to delete a return; the system should refuse it.,"Delete is NOT blocked. As the Parts Tech user (fe-permissions confirm invoicingPaymentsDelete = FALSE), the Parts → Returns row menu still offers 'Delete Return', and deleting actually works: the app's endpoint POST /api/work-orders/part/remove-return-request {part_return_request_id:<id>} returned HTTP 200 and the return (part 47-0680, WO S-13556) was removed. So a Parts Technician can delete returns despite lacking Invoicing & Payments: Delete. The v33 SV-7911 gate is not enforced (the endpoint still behaves per the old Vendor & Order Delete gating, which this role has).",1. Log in as the Tech user with the Parts Tech system role. 2. Confirm fe-permissions has invoicingPaymentsCreateAndEdit but NOT invoicingPaymentsDelete. 3. Go to Parts → Returns; open a return row three-dots menu — 'Delete Return' is present. 4. Fetch a return via GET /api/work-orders/part/list-return-requests and call POST /api/work-orders/part/remove-return-request {part_return_request_id:<id>}. 5. Observe HTTP 200 and the return removed. Expected 403.,pt-n1.png,"BACKEND + UI ENFORCEMENT GAP vs spec v33. The delete-return flow is still gated by Vendor & Order Delete (which this role has), NOT by Invoicing & Payments: Delete as SV-7911 requires. UI still exposes 'Delete Return' to the Parts Tech and the endpoint returns 200. Same endpoint Parts Manager (case 45) used successfully. If SV-7911 is expected on staging, this is a real regression; if not yet deployed, it still fails the v33 expected result."
Parts Technician,N2,Return a part from a WO (v33),Work Orders -> a line,Return a part from the line.,"Allowed - no permission required (v33, 6/29). NOTE: distinct from SV-7838 (Technician 403) and from deleting a Parts-Returns record (which needs Invoicing Delete).",SPOT,PASS,"Per spec v33 (6/29), returning a part from a work order line requires NO permission - any staff member can do it. This is distinct from SV-7838 (which was about a Technician getting a 403 elsewhere) and from deleting a Parts→Returns record (which per v33 needs Invoicing & Payments: Delete). For the Parts Technician, returning a part should therefore be allowed / not permission-gated. [Ref: SV-5319/v33; checklist Parts Technician row N2]",As a Parts Technician you should be able to return a part from a work order — it needs no special permission.,"Returning a part is NOT permission-gated for the Parts Tech. Calling the app's return endpoint POST /api/work-orders/part/make-return-request as the Parts Tech user never returns 403 - it passes straight into backend business validation (e.g. 400 'part_id: Not found' when an id can't be matched, 400 'Cannot return inventory part' for inventory-sourced parts). No permission barrier fires. This matches the recorded result for the strictly-lower-privileged Technician role, which returned HTTP 200 and created a return on this same endpoint (technician.json N2 PASS); the Parts Tech has a superset of the Technician's permissions, so it is at least as entitled. The Work Orders → Parts tab loads for the Parts Tech and shows received parts, confirming the area is reachable.","1. Log in as the Tech user with the Parts Tech role. 2. Open a work order's Parts tab (reachable). 3. Call POST /api/work-orders/part/make-return-request {part_id, quantity, return_reason} - the response is a 400 business-validation error, never a 403 permission error, confirming no permission gate. (A clean 201/200 for the Parts Tech specifically could not be reproduced because no currently-returnable received-vendor part with a resolvable part_id existed in staging at test time - the available WO-part ids are rejected as 'Not found' and receiving a new part requires the full vendor-invoice delivery flow.)",pt-n2.png,"PASS on the permission dimension the case tests (no permission required). Confirmed: make-return-request never returns 403 for the Parts Tech (reaches business validation), and the same endpoint returns 200 for the lower-privileged Technician (superset argument). DISCLOSURE: a fresh 200 for the Parts Tech was not reproduced - the make-return-request part_id is a specific received-part-instance id that could not be resolved from list-requests, list-requests-by-line (ids rejected as 'Not found'), order_item_id, or catalogue_part_id; and the WO Parts tab exposes no headless-drivable per-row Return control (only status-progression buttons Order/Receive; Receive opens a vendor-invoice delivery dialog). No permission denial was ever observed."
Parts Technician,N3,Invoicing = Part Sales path (WAD),Part Sales -> create invoice,Create a Part Sales invoice.,"Allowed. Parts Tech Invoicing Create and Edit is scoped to the PART SALES invoice path (Sasha WAD, SV-7903). WO invoices are the Service Advisor's job - not a Parts Tech gap.",SPOT,PASS,"Per spec v33 / SV-7903 (Sasha WAD), the Parts Technician's Invoicing & Payments Create-and-Edit is scoped to the Part Sales invoice path, so a Parts Tech should be able to create a Part Sales invoice/sale. (Work-order invoices are the Service Advisor's job and are out of scope here.) [Ref: SV-5319/v33 SV-7903; checklist Parts Technician row N3]",As a Parts Technician you should be able to create a Part Sales invoice.,"Allowed - a Part Sales invoice was actually created as the Parts Tech user. Calling the app's create endpoint POST /api/part-sales {company_id:<customer>} returned HTTP 200 with a new part-sale id (fee6eb3c-...), and it now shows in the Part Sales list as P9-1046 (status Estimate, customer 'Iibay Landscaping'). The Part Sales list page (/parts/part-sales) is reachable and lists sales. fe-permissions confirm partSalesCreateAndEdit=true and invoicingPaymentsCreateAndEdit=true. No permission denial at any point.",,pt-n3.png,"PASS. Created via the app's create endpoint after confirming the Part Sales area is reachable for the Parts Tech (the part-sale detail SPA route did not render headlessly and the list rows/create button would not drive via Quasar, so creation was issued to the exact endpoint POST /api/part-sales the list uses; permission gate confirmed open - a bare POST returned 400 'company_id missing', never 403, then a valid POST returned 200). New ZZAUTOTEST-style record P9-1046 (Iibay Landscaping) created on disposable staging. partSalesCreateAndEdit=true, invoicingPaymentsCreateAndEdit=true."
Office,52,Settings menu,Settings (cog),Open Settings; check which items appear.,"Settings, Staff, Roles & Permissions visible (App Settings ON). Service/Parts items per sub-toggles.",MUST,PASS,"Per SV-5319, the Office role has App Settings ON (settingsApp present on the assigned system Office role via /api/auth/me/fe-permissions), so the Settings area must show Settings, Staff, and Roles & Permissions. Sub-sections (Service, Finance, Imports, Parts) appear only if their own sub-toggle is on. Office has settingsService, settingsFinance and settingsDataImport ON but does NOT have settingsParts, so Service/Finance/Imports items show while a standalone Parts settings group does not.","When Office opens Settings from the cog/avatar menu, they should see Settings, Staff, and Roles & Permissions, plus Service and Finance style items because those sub-toggles are on.","Logged in as Tech-with-Office, opened the avatar (TS) menu and clicked Settings. The Settings area opened at /administration/locations. The left settings navigation showed: SETTINGS group = Settings, Staff, Roles & Permissions, Locations, Departments, Taxes; SERVICE group = Labor Rates, Canned Lines, Asset Types, Inspection Templates; INTEGRATIONS = IBS; FINANCE = Payment Methods; IMPORTS = Contacts, Assets, Vendors, Inventory, Invoices. Settings, Staff, and Roles & Permissions were all present as expected. Service and Finance items rendered per their sub-toggles. No standalone Parts settings group appeared, consistent with Office lacking the settingsParts toggle.",,of-52.png,App Settings (settingsApp) ON confirmed on the assigned system Office role. Departments and Locations both present under SETTINGS group (SV-7781 grouping still under review). Parts settings absent because settingsParts is not granted to Office.
Office,53,Customer — full,Customers → a customer,"Create, edit, and delete a customer.",All allowed. Office has Customers View/Create and Edit/Delete.,MUST,PASS,"Per SV-5319, the Office role has full customer management: customersView, customersCreateAndEdit, and customersDelete are all granted on the assigned system Office role (confirmed via /api/auth/me/fe-permissions). So Office can create a new customer, edit an existing one, and delete one.","Logged in as Office, creating a new customer, editing it, and deleting it should all succeed with no permission block.","Logged in as Tech-with-Office. CREATE: clicked New Customer, filled Name with a ZZAUTOTEST name, clicked Save; the customer was created (POST /api/customers/create returned 201) and the app navigated to the new customer detail page. EDIT: opened the customer via the edit_note pencil, changed the Name to a ZZAUTOTEST EDITED value and clicked Save; the change saved (POST /api/customers/change returned 200) and the new name showed on the page. DELETE: opened Edit again, clicked the Delete button, confirmed the 'Are you sure you want to delete the company?' dialog with Delete; the customer was deleted (POST /api/customers/delete returned 201) and the app returned to the Customers list. All three operations succeeded, exactly as expected.",,of-53.png,"Real create/edit/delete all executed in the UI against staging on test customer id c9bb4198-1840-444d-bf0d-f10e0652730d (named ZZAUTOTEST). Endpoints: customers/create 201, customers/change 200, customers/delete 201. Test customer fully removed at end."
Office,54,Send to Portal,Work Orders → a work order,Look for Send to Portal button.,"NOT available. Office has Full View but CANNOT approve a WOL (Review WOs OFF, WO Lines View only).",MUST,PASS,"Per SV-5319, Office has Full View of work orders (woFullViewMode) but is view-only on lines: it does NOT have woReviewWorkOrders (cannot approve/review WO lines) nor workOrderLinesCreateAndEdit, and it lacks customerPortalPageAccess. The Send to Portal / customer approval action is gated in the app by userHasCustomerPortalAccess (customerPortalPageAccess), so Office must NOT see or be able to use Send to Portal.","When Office opens a work order, there should be no Send to Portal button, because Office can view work orders but cannot approve lines or push them to the customer portal.","Logged in as Tech-with-Office and opened work order S9-24919. No Send to Portal button appeared anywhere on the page or in the work order kebab menu (kebab only offered Audit Log and Timesheets). The line area showed no New Line, Build Lines, Reviewed, or approve (how_to_reg) controls - it was strictly view only. For contrast, opening the exact same work order as Admin showed the full set of editing/approval controls (New Line, Build Lines, Reviewed, how_to_reg, edit_note), which Office did not have. The app's own permission helper userHasCustomerPortalAccess() checks for customerPortalPageAccess, which Office does not hold. The button is correctly not available to Office.",,of-54.png,"BACKEND CHECK: the Send-to-Portal action maps to POST /api/work-orders/approvals/create-approval-request. In this session that create-* endpoint returns HTTP 500 for BOTH Office AND Admin (documented create-* session quirk), so a clean 403 could not be isolated; critically the backend never returned 200/201 to Office, so there is no evidence of an enforcement gap. Denial is confirmed by (a) the UI control being absent for Office while present for Admin on the same WO, and (b) Office lacking customerPortalPageAccess/woReviewWorkOrders/workOrderLinesCreateAndEdit. This org's customer-portal approval flow also 500s for Admin, indicating an environment issue rather than an Office-specific bypass."
Office,55,Catalog — view only,Parts → Catalog/Inventory,Try to edit a part.,BLOCKED/view only. Office has Catalog and Inventory = View only.,SPOT,FAIL,"Per SV-5319, the Office role has Catalog/Inventory as View only: catalogInventoryView is granted but catalogInventoryCreateAndEdit and catalogInventoryDelete are NOT (confirmed on the assigned system Office role via /api/auth/me/fe-permissions). Office must be able to view catalog parts but must NOT be able to edit them.",Office should be able to look at catalog/inventory parts but not change them; any attempt to edit a part should be blocked in the UI and refused by the server.,"In the UI the restriction holds: on the Catalog tab (/parts/parts-catalogue) Office could open a part's detail (Slack Adjustervvv) but there were no Edit controls, no edit/delete icons, and no New/Add Part button - it was strictly view only. HOWEVER the server does NOT enforce this. Posting the exact same request the edit form uses, POST /api/parts-catalogue/change-catalogue-part, as the Office user returned HTTP 200 and the change persisted: the part name was successfully changed to a ZZAUTOTEST marker and confirmed on a fresh read-back. This is a backend enforcement gap - the UI hides the edit control but the API accepts catalog edits from a view-only Office user. Admin performing the same call also returns 200 (expected). The part was restored to its original name afterward.","1) Assign the Office system role to the Tech staff. 2) Log in as Tech (now Office). 3) POST /api/parts-catalogue/change-catalogue-part with a valid body {id, name:'<marker>', part_number, tags, category_id, measurement} for an existing catalog part. 4) Observe HTTP 200. 5) GET /api/parts-catalogue/catalogue-parts/{id} and see the name changed to the marker, proving the edit persisted even though Office has catalogInventoryView only (no catalogInventoryCreateAndEdit).",of-55.png,"UI gate present (view only) but BACKEND ENFORCEMENT GAP: change-catalogue-part returns 200 and persists for a view-only Office user. Office perms confirmed: catalogInventoryView=true, catalogInventoryCreateAndEdit=false, catalogInventoryDelete=false. Test part id 000e30e4-eab9-4af7-a909-472e30ceefbc; name restored to 'Slack Adjustervvv' after the test."
Office,56,AP/AR access,Reports / Customer tabs,Open AP/AR reports and tabs.,Accessible. Office has Manage Accounts Payable and Receivable ON.,SPOT,PASS,"Per SV-5319, the Office role has the See AP/AR data cross-toggle ON (seeApArData=true in cross_toggles on the assigned system Office role) plus Reports page access (reportsPageAccess), so the Accounts Receivable and Accounts Payable reports and AP/AR data must be accessible.","Office should be able to open the Accounts Receivable and Accounts Payable reports and see the data, with nothing blocked.","Logged in as Tech-with-Office and opened Reports. The left report navigation showed a full ACCOUNTS RECEIVABLE group (A/R Aging Summary, A/R Aging Detail, A/R Aging Collection) and a full ACCOUNTS PAYABLE group (A/P Aging Summary, A/P Aging Detail, A/P Unpaid Invoices), plus the Sales Tax Collected finance report. Clicking A/R Aging Summary navigated to /reports/ar-aging-summary and the report loaded with no permission block. Clicking A/P Aging Summary navigated to /reports/ap-aging-summary and it loaded as well. No API call returned a 4xx/403 during either report load, confirming the underlying AP/AR data endpoints returned data for the Office user. Access is exactly as expected.",,of-56.png,"seeApArData=true confirmed in Office cross_toggles. Both AR and AP report routes rendered with zero API errors (data endpoints returned 200), confirming backend AP/AR access is granted."
Office,N1,WO Notes (v33),Work Orders -> Notes tab,Create/edit own note; try others'.,Create/edit own = WO View (Office has). Edit/delete ALL = WO Delete - Office has WO View only -> cannot edit/delete others' notes.,SPOT,PASS,"Per SV-5319 (v33), creating and editing your OWN work-order note only requires Work Orders View (workOrdersView), which Office has. Editing or deleting ANYONE's note requires Work Orders Delete (workOrdersDelete), which Office does NOT have. So Office should be able to create and edit its own notes but must not be able to edit or delete notes authored by other users.","Office can add a note to a work order and edit its own note, but should not be able to change or delete a note that someone else wrote.","On work order S9-24919 Notes tab, with a note authored by Admin already present, Office added its own note and edited it successfully (create returned 201, edit returned 200). In the UI the own note (Tech ShopView) showed an actions menu with Delete note / Edit note / Attach files, while the Admin-authored note showed NO actions menu at all - Office had no edit/delete affordance on someone else's note. Backend enforcement matched: attempting to edit the Admin note returned HTTP 403 Access denied, and attempting to delete the Admin note also returned HTTP 403 Access denied. So Office can manage its own notes but is correctly blocked from editing or deleting others' notes, in both UI and API.",,of-N1.png,"FE Notes tab reachable and confirmed: own note exposes Edit/Delete menu, others' note exposes none. Own create/edit executed via note/create (201) and note/update (200) at the endpoints the UI uses (the in-page rich-text editor did not drive headless, so create/edit were issued to those exact endpoints after confirming the Notes tab and its own-note action menu were reachable). Others'-note enforcement verified BOTH ways: UI shows no action menu on the Admin note AND note/update + note/delete each return 403 Access denied for Office. Test notes cleaned up afterward."
Office,N2,Sensitive vendor fields (v33),Vendors -> a vendor -> Edit / Overview card,"Look for Credit Terms, Credit Limit, Taxes.","Visible. Sensitive VENDOR fields are gated by Manage AP/AR (v33, 7/1). Office has Manage AP/AR ON.",SPOT,PASS,"Per SV-5319 (v33, 7/1 change), a vendor's sensitive money fields (Credit Terms, Credit Limit, Taxes) are gated by the See/Manage AP/AR permission. Office has the See AP/AR data cross-toggle ON (seeApArData=true), so these vendor fields must be visible to Office.","When Office opens a vendor, the Credit Terms, Credit Limit, and tax information should be visible (not hidden), because Office has AP/AR access.","Logged in as Tech-with-Office, opened Parts -> Vendors -> vendor 'Aiwick Concrete'. The vendor overview card clearly showed Credit term: Net 30 and Credit limit: $0.00, plus AP-related tabs Unpaid Invoices and Payments. The vendor detail API the page loads (GET /api/parts-catalogue/vendor/{id}) returned the sensitive fields to Office unmasked: credit_term = 'Net 30', credit_limit = 0, and tax_id = 0c47b1fb-38bb-4788-8719-6900c365e34c (a tax setting assigned to the vendor). So all three sensitive vendor fields are visible/served to Office, matching the expectation. Office is view-only on vendors (no Edit form control, consistent with vendorOrderManagementView only), so the fields appear on the read/overview view rather than an editable form.",,of-N2.png,"seeApArData=true confirmed for Office. Credit Terms and Credit Limit render on the vendor overview card; the vendor's tax association (tax_id) is included unmasked in the vendor detail payload delivered to Office. This case expects ACCESS (not a denial), so no 403 check applies; visibility confirmed both in the UI card and the API payload. Office has no vendor Edit affordance (view-only), so the tax field is seen as data on the read view rather than an editable selector."
Sales Representative,57,No work orders,Top nav,Look for Work Orders.,Work Orders NOT in nav. Sales Rep has Work Orders = Off.,MUST,PASS,"Per SV-5319, the Sales Representative role has the Work Orders module Off. The assigned system Sales Representative role (/api/auth/me/fe-permissions) carries only reportsPageAccess, seeApArData, seeFinancialData and woFullViewMode - it has no workOrders create/edit/delete/manage permissions and no Work Orders nav module. So the Work Orders item must not appear in the navigation for this role.","When logged in as a Sales Rep, the Work Orders menu item should not appear anywhere in the top/side navigation, and trying to open the Work Orders area directly should not land on a Work Orders screen.","Logged in as Tech assigned the Sales Representative system role. The only navigation items present were Dashboard (icon) and Reports (with report sub-sections). There was NO Work Orders item in the nav. Navigating directly to /workorders bounced the user to /reports/punch-clock-activities (the Reports landing), i.e. the Work Orders module UI is not reachable.",,sr-57.png,"Nav-level expectation met: no Work Orders module link, and /workorders redirects to Reports. BACKEND OBSERVATION (disclosed): a direct API GET /api/work-orders returns HTTP 200 with work-order list data for this role. This is consistent with the role carrying the woFullViewMode (Full View) permission, which is a work-orders-scoped view permission the Sales Rep legitimately holds; the Work Orders management module/nav is correctly absent. Flagging for product-owner awareness that the WO list endpoint is readable via direct API for this Full-View role even though the module is hidden. By contrast, customer and vendor endpoints are hard-denied (403/404) for this role."
Sales Representative,58,Reports + financial,Reports,Open reports.,Accessible. Sales Rep has Reports ON and See Financial Data ON.,MUST,PASS,"Per SV-5319, the Sales Representative role has Reports page access ON (reportsPageAccess) and See Financial Data ON (seeFinancialData cross-toggle true). So the Reports area must open and financial figures (dollar amounts) must be visible.",A Sales Rep should be able to open the Reports area and see reports including financial dollar figures.,"Logged in as Tech-as-Sales-Representative. The Reports area was the default landing (home redirected to /reports/punch-clock-activities). Navigating to /reports opened the Reports module with a full left-hand report catalog: LABOR (Timesheet Activities), PERFORMANCE (Sales, Technician Efficiency, Advisor Analysis, Shop Efficiency), FINANCE (Sales Tax Collected), ACCOUNTS RECEIVABLE and ACCOUNTS PAYABLE report groups, plus IBS Batches, QB Unexported, Notes and Reminders. Opening A/R Aging Summary rendered real financial data with dollar amounts and a grand total of $271,834.78, confirming See Financial Data is ON.",,sr-58.png,"Reports access confirmed via UI (module opens, report catalog and data render). fe-permissions for the assigned role include reportsPageAccess and cross_toggle seeFinancialData=true. Financial dollar figures visible in A/R Aging Summary (see sr-59.png)."
Sales Representative,59,AP/AR,Reports → AP/AR reports,Open them.,Accessible. Sales Rep has Manage Accounts Payable and Receivable ON.,SPOT,PASS,"Per SV-5319, the Sales Representative role has See AP/AR data ON (seeApArData permission and cross_toggle seeApArData=true), so the Accounts Receivable and Accounts Payable reports must be accessible with data.",A Sales Rep should be able to open the A/R and A/P reports and see the aging data.,"Logged in as Tech-as-Sales-Representative. The Reports left nav showed an ACCOUNTS RECEIVABLE group (A/R Aging Summary, A/R Aging Detail, A/R Aging Collection) and an ACCOUNTS PAYABLE group (A/P Aging Summary, A/P Aging Detail, A/P Unpaid Invoices). Opening A/R Aging Summary (/reports/ar-aging-summary) loaded the report in full - a customer-by-customer aging table with Current / 1-30 / 31-60 / 61-90 / 91-and-over buckets and totals (grand total $271,834.78). The route did not redirect or show access-denied, confirming AP/AR access.",,sr-59.png,AP/AR access confirmed via UI (A/R Aging Summary renders real data). fe-permissions include seeApArData; cross_toggle seeApArData=true. Both A/R and A/P report groups present in the Reports nav.
Sales Representative,60,No parts / customers edit,Parts / Customers,Look for these sections.,Customers and Part Sales = Off for Sales Rep; confirm hidden/no edit.,SPOT,PASS,"Per SV-5319, the Sales Representative role has Customers Off and Part Sales Off. The assigned system role has no customersView/customersCreateAndEdit and no partSales permissions, so the Customers and Part Sales modules must be hidden and not editable.","A Sales Rep should not see a Customers section or a Part Sales section, and should not be able to open or edit them.","Logged in as Tech-as-Sales-Representative. Neither Customers nor Part Sales appeared in the navigation (nav had only Dashboard and Reports). Navigating directly to /customers bounced to the Reports landing (/reports/punch-clock-activities) - no Customers module opened. Navigating to /part-sales and /partsales both showed a 'page not found' error screen ('This page is more missing than your 10mm socket') with only the Reports nav present - no Part Sales module. Backend: API GET /api/customers returned HTTP 403 Access denied, and POST /api/customers returned 405 (no write route), confirming customers are hard-denied with no edit.",,sr-60.png,"Customers is fully denied (nav hidden, /customers redirects to Reports, API GET /api/customers -> 403 Access denied). Part Sales module is hidden (nav absent, /part-sales -> not-found page). BACKEND OBSERVATION (disclosed): a direct API GET /api/part-sales returns HTTP 200 with part-sale list data (part sales are work-order-typed, response includes totalWorkOrderPrice), consistent with the role's woFullViewMode (Full View) permission; the Part Sales module UI is correctly absent and there is no create/edit surface. Flagging the readable part-sales list endpoint for product-owner awareness, same pattern as the WO list in case 57."
Sales Representative,N1,Sensitive vendor fields (v33),Vendors (if reachable),N/A check - Sales Rep has no Vendor access.,"Sales Rep has Vendor & Order = Off, so vendor sensitive fields are not reachable regardless of AP/AR. (Context: vendor sensitive fields gated by Manage AP/AR per v33.)",SPOT,PASS,"Per SV-5319 spec v33, the Sales Representative role has Vendor & Order Off. The assigned role has no vendor permissions, so the Vendors module - and therefore any sensitive vendor fields - must be unreachable, regardless of the role's AP/AR access. The v33 note that vendor sensitive fields are gated by Manage AP/AR does not apply here because vendor access itself is Off.","A Sales Rep should not be able to reach the Vendors area at all, so there are no vendor sensitive fields to see.","Logged in as Tech-as-Sales-Representative. There was no Vendors item in the navigation. Navigating directly to /vendors rendered a 'page not found' error screen ('The technician says this page is totaled') with only the Reports nav present - the Vendors module did not open. Backend: API GET /api/vendors and /api/vendor both returned HTTP 404 (resource not found) and POST /api/vendors returned 404, confirming the vendor area is entirely unreachable for this role. No vendor sensitive fields are exposed.",,sr-N1.png,"NEW (v33). Vendor access is Off and enforced: nav item absent, /vendors -> not-found page, vendor API endpoints return 404. Since the Vendors module is unreachable, the v33 vendor-sensitive-field gating (Manage AP/AR) is moot for this role. Clean denial on both UI and backend."
Time Clock,61,Clock in/out only,Top bar / clock,Clock in and clock out.,Allowed. Time Clock = clock in/out only.,MUST,PASS,The Time Clock role exists solely so a worker can clock in and clock out for the day. That one action must be allowed; everything else is off.,The user can start their work time (clock in) and stop it (clock out).,"A 'Clock In' button appears in the top bar and opens a 'Clock In' dialog that lists the time-clock departments (Shop Time, Training, ClockEnabled, etc.). Clocking in succeeded (server created a time record, HTTP 201) and clocking out succeeded (HTTP 201). The top bar also shows running hours ('Hrs Today'). Clock in/out works end to end.","As the Tech user on the Time Clock role: click 'Clock In' in the top bar, pick a department -> a clock-in record is created; then clock out -> record is closed. Verified via API: POST /api/technician-tasks/department-clock-in {department_id} = 201; POST /api/technician-tasks/department-clock-out {task_id,description} = 201.",build/regression/screenshots/tc-1.png,"Full cycle verified (clock-in 201, clock-out 201) plus working UI dialog. IMPORTANT SETUP NOTE: the Tech test account was initially set to clockable=false (a per-STAFF attribute, independent of the role). While clockable=false the clock button was hidden and all clock endpoints returned 403. An admin set clockable=true so the role's clock-in/out capability could actually be exercised; after that it worked. Clocking is gated by the staff 'clockable' flag, not by the role's fe_permissions."
Time Clock,62,Global search EMPTY,Top search bar,Search for anything.,Returns EMPTY results. Build change: Time Clock role now returns empty search data.,MUST,PASS,"Per the v33 build change (FetchData controller), global search must return EMPTY results for the Time Clock role.",Typing anything into the top search bar returns nothing.,"Searched 'Freightliner' (a value that clearly exists many times in the work-order list). The global search dropdown showed 'No results'. The backend search endpoint GET /api/global-search/fetch returned an empty data array (""data"":[]).",,build/regression/screenshots/tc-2.png,Confirmed both in the UI ('No results' for a term that exists) and at the API (global-search/fetch => {data:[]}).
Time Clock,63,No app sections,Top nav,Look at the navigation.,"Almost everything hidden - no WO, Schedule, Customers, Parts, Reports, Settings. Time Clock has all Off.",MUST,PASS,"The Time Clock role should have almost the entire app hidden in navigation - no Customers, Parts, Reports, Settings, Invoicing, etc. (The checklist wording also lists Work Orders and Schedule as hidden.)",The top navigation shows almost nothing.,"The top nav shows only 'Work Orders', 'Schedule', a Search box, and the notifications/profile controls. Customers, Parts, Reports, Settings, Invoicing and every other module are hidden. Backend confirms the hidden modules are locked: GET customers => 403, inventory/parts => 403, invoices => 404, reporting/punch-clock => 403. DISCREPANCY vs the checklist wording: Work Orders and Schedule ARE shown, because the staging 'Time Clock' role actually grants workOrdersView and scheduleView. Its real permissions are exactly [workOrdersView, scheduleView, timesheetsView] and the role is defined as 'Clock in/out only'. So the checklist's 'no WO/Schedule ... all Off' text is out of date versus the current role definition; the nav is otherwise correctly minimal.",,build/regression/screenshots/tc-3.png,"Nav is minimal (only Work Orders + Schedule + Search + notifications). Passed on the security intent (all non-permitted modules hidden and 403 at API). Noted discrepancy: WO/Schedule appear because the role really does have those view permissions, contrary to the checklist's 'all Off' wording."
Time Clock,64,Pricing N/A,(wherever visible),Confirm no financial data shown.,No pricing. Time Clock has See Financial Data OFF and View Mode Empty.,SPOT,PASS,"Time Clock has 'See Financial Data' OFF and View Mode empty, so no pricing or financial figures should appear anywhere it can see.",No prices or dollar amounts are shown to this user.,"On the work-order detail (the only content area with data), lines show only hours (e.g. 0.00/0.80) and part quantities (e.g. 1) with statuses like 'Quoted'/'Needs Approval' - there are no dollar amounts anywhere on the page. fe-permissions confirm seeFinancialData=false and view_mode=null. Financial/AR areas are blocked at the backend (GET customers => 403, GET invoices => 404).",,build/regression/screenshots/tc-4.png,No pricing surfaced anywhere; seeFinancialData=false and view_mode=null confirmed via /api/auth/me/fe-permissions.
Time Clock,N1,No DI / notes / returns (v33),(nav),Confirm none of the new WO-related features are reachable.,"All hidden. Time Clock has WO = View but View Mode empty and everything else Off; new v33 features (notes, returns, inspections) are not reachable in practice.",SPOT,FAIL,"The new v33 work-order features (notes, returns, inspections/DI) must NOT be reachable in practice for the Time Clock role - work orders are view-only with an empty view mode and everything else off.","The Time Clock user should not be able to open or use notes, returns, or inspections, and must not be able to create anything.","NOTES ARE REACHABLE AND WRITABLE - backend enforcement gap. In the work-order detail the 'Notes (5)' tab and the 'Pinned Notes' block are visible to the Time Clock user. Critically, the server does NOT enforce the restriction: POST /api/note/create returned 201 and actually created a note (id 3eefff1c-e9d6-4224-9830-3bb2f3291efe) that then appears in the work order's notes list, all as the Time Clock user. Several other work-order write endpoints also pass the permission check for this role (they return 400 validation, not 403): work-orders/lines/create, work-orders/lines/change-status, work-orders/tasks/create, work-orders/parts/create, invoices/create, note/update, note/delete. Returns and inspections ARE correctly blocked (inventory/returns/create => 403, part/manual-return-request/create => 403, inventory/parts/create => 403, customers/create => 403). So returns/DI enforcement is fine, but notes (and other WO writes) are a real backend enforcement gap for the most restricted role.","As the Tech user on the Time Clock role, call POST /api/note/create with body {type:'work_order_line', content:'test', reference_id:<a work-order line id>}. It returns 201 with a new note id, and the note then shows up in GET /api/notes?reference_id=<line id>. Expected: 403 Access denied. Same pattern: POST /api/work-orders/lines/change-status, /api/work-orders/lines/create, /api/invoices/create etc. return 400 (validation) instead of 403, meaning the permission gate is not applied to this role.",build/regression/screenshots/tc-N1.png,Backend enforcement gap: a note was actually created and persisted by the Time Clock user (the most restricted role). Notes are also viewable in the WO detail. Only parts/returns/customers endpoints return proper 403; work-order lines/notes/invoices write endpoints reach validation (400) instead of being denied.
