id,cid,testrail_link,rep,area,title,verdict,field,detail,field_title,field_title_vs_expected,field_references,field_section,field_notes,curated
IV-NAV-01,C30534,https://shopview.testrail.io/index.php?/cases/view/30534,IV,NAV,Inventory Value appears in the reports navigation under the Parts group,CORRECT AS IS,-,Route and navigation placement observed live; see the nav map. Any group-name claim is corrected in the label diff.,OK,OK,OK (ticket + spec anchor),OK,"EDIT NEEDED - add the non-final-build marker (build v3.4.1-0ed4433, observed 2026-08-03)",no
IV-NAV-02,C30535,https://shopview.testrail.io/index.php?/cases/view/30535,IV,NAV,One row per in-stock part at the selected locations valued at the resolved date,CORRECT AS IS,-,Route and navigation placement observed live; see the nav map. Any group-name claim is corrected in the label diff.,OK,OK,OK (ticket + spec anchor),OK,"EDIT NEEDED - add the non-final-build marker (build v3.4.1-0ed4433, observed 2026-08-03)",no
IV-NAV-03,C30536,https://shopview.testrail.io/index.php?/cases/view/30536,IV,NAV,First visit defaults to the current calendar month and the active location,CORRECT AS IS,-,Route and navigation placement observed live; see the nav map. Any group-name claim is corrected in the label diff.,OK,OK,OK (ticket + spec anchor),OK,"EDIT NEEDED - add the non-final-build marker (build v3.4.1-0ed4433, observed 2026-08-03)",no
IV-NAV-05,C30538,https://shopview.testrail.io/index.php?/cases/view/30538,IV,NAV,The report is server-paginated: one page of rows at a time,CORRECT AS IS,-,Route and navigation placement observed live; see the nav map. Any group-name claim is corrected in the label diff.,OK,OK,OK (ticket + spec anchor),OK,"EDIT NEEDED - add the non-final-build marker (build v3.4.1-0ed4433, observed 2026-08-03)",no
IV-NAV-06,C30539,https://shopview.testrail.io/index.php?/cases/view/30539,IV,NAV,"No qualifying parts, day or location: the no-data message shows and no totals",CORRECT AS IS,-,Route and navigation placement observed live; see the nav map. Any group-name claim is corrected in the label diff.,OK,OK,OK (ticket + spec anchor),OK,"EDIT NEEDED - add the non-final-build marker (build v3.4.1-0ed4433, observed 2026-08-03)",no
IV-SCOPE-01,C30540,https://shopview.testrail.io/index.php?/cases/view/30540,IV,SCOPE,A part appears only if not a core charge and on-hand quantity is above zero,PARTLY OBSERVED,-,Row membership and one-tab-only were verified over all 178 live rows.,OK,OK,OK (ticket + spec anchor),OK,"EDIT NEEDED - add the non-final-build marker (build v3.4.1-0ed4433, observed 2026-08-03)",no
IV-SCOPE-02,C30541,https://shopview.testrail.io/index.php?/cases/view/30541,IV,SCOPE,A part stocked at two selected locations shows as two rows; never merged,PARTLY OBSERVED,-,Row membership and one-tab-only were verified over all 178 live rows.,OK,REVIEW (title words not reflected in the expected result),OK (ticket + spec anchor),OK,"EDIT NEEDED - add the non-final-build marker (build v3.4.1-0ed4433, observed 2026-08-03)",no
IV-SCOPE-05,C30544,https://shopview.testrail.io/index.php?/cases/view/30544,IV,SCOPE,There is no dead-stock exclusion - a slow-moving part still appears,PARTLY OBSERVED,-,Row membership and one-tab-only were verified over all 178 live rows.,OK,OK,OK (ticket + spec anchor),OK,"EDIT NEEDED - add the non-final-build marker (build v3.4.1-0ed4433, observed 2026-08-03)",no
IV-COL-01,C30551,https://shopview.testrail.io/index.php?/cases/view/30551,IV,COL,With every column on they appear in the fixed order with the set alignment,EDIT NEEDED,Expected,"CURRENT: item 1: ""...Part #, Description, Category, Vendor, Qty on Hand, Unit Cost...""  ||  PROPOSED: The build's header is ""Qty"", not ""Qty on Hand"". Everything else matches, including Location sitting between Vendor and Qty when more than one location is in scope, and Total Cost last on screen.",OK,OK,OK (ticket + spec anchor),OK,"EDIT NEEDED - add the non-final-build marker (build v3.4.1-0ed4433, observed 2026-08-03)",yes
IV-COL-02,C30552,https://shopview.testrail.io/index.php?/cases/view/30552,IV,COL,Value formats: Qty on Hand to two decimals; money as US-dollar currency,CORRECT AS IS,-,"Column headers, order and the Column Selection contents were captured verbatim from the build.",OK,OK,OK (ticket + spec anchor),OK,"EDIT NEEDED - add the non-final-build marker (build v3.4.1-0ed4433, observed 2026-08-03)",no
IV-CALC-01,C30545,https://shopview.testrail.io/index.php?/cases/view/30545,IV,CALC,Unit Sell uses the part's fixed sell price when one is set,PARTLY OBSERVED,-,Money and hours invariants were recomputed against the live payload where the report exposes them.,OK,OK,OK (ticket + spec anchor),OK,"EDIT NEEDED - add the non-final-build marker (build v3.4.1-0ed4433, observed 2026-08-03)",no
IV-CALC-02,C30546,https://shopview.testrail.io/index.php?/cases/view/30546,IV,CALC,With no fixed sell price Unit Sell is the category's pricing-matrix markup,PARTLY OBSERVED,-,Money and hours invariants were recomputed against the live payload where the report exposes them.,OK,OK,OK (ticket + spec anchor),OK,"EDIT NEEDED - add the non-final-build marker (build v3.4.1-0ed4433, observed 2026-08-03)",no
IV-CALC-03,C30547,https://shopview.testrail.io/index.php?/cases/view/30547,IV,CALC,"With no fixed sell price and no category, Unit Sell equals Unit Cost",PARTLY OBSERVED,-,Money and hours invariants were recomputed against the live payload where the report exposes them.,OK,OK,OK (ticket + spec anchor),OK,"EDIT NEEDED - add the non-final-build marker (build v3.4.1-0ed4433, observed 2026-08-03)",no
IV-CALC-04,C30548,https://shopview.testrail.io/index.php?/cases/view/30548,IV,CALC,Total Sell is quantity × Unit Sell and Total Cost is quantity × Unit Cost,PARTLY OBSERVED,-,Money and hours invariants were recomputed against the live payload where the report exposes them.,OK,OK,OK (ticket + spec anchor),OK,"EDIT NEEDED - add the non-final-build marker (build v3.4.1-0ed4433, observed 2026-08-03)",no
IV-CALC-05,C30549,https://shopview.testrail.io/index.php?/cases/view/30549,IV,CALC,Margin is Total Sell minus Total Cost for the whole on-hand quantity,PARTLY OBSERVED,-,Money and hours invariants were recomputed against the live payload where the report exposes them.,OK,OK,OK (ticket + spec anchor),OK,"EDIT NEEDED - add the non-final-build marker (build v3.4.1-0ed4433, observed 2026-08-03)",no
IV-CALC-06,C30550,https://shopview.testrail.io/index.php?/cases/view/30550,IV,CALC,Margin % is Margin over Total Sell to one decimal; em-dash when Sell <= 0,PARTLY OBSERVED,-,Money and hours invariants were recomputed against the live payload where the report exposes them.,OK,OK,OK (ticket + spec anchor),OK,"EDIT NEEDED - add the non-final-build marker (build v3.4.1-0ed4433, observed 2026-08-03)",no
IV-COL-03,C30553,https://shopview.testrail.io/index.php?/cases/view/30553,IV,COL,Total Cost is bold and pinned far right; it stays put on sideways scroll,CORRECT AS IS,-,"Column headers, order and the Column Selection contents were captured verbatim from the build.",OK,OK,OK (ticket + spec anchor),OK,"EDIT NEEDED - add the non-final-build marker (build v3.4.1-0ed4433, observed 2026-08-03)",no
IV-COL-04,C30554,https://shopview.testrail.io/index.php?/cases/view/30554,IV,COL,On a first visit the default columns show and the rest stay available,CORRECT AS IS,-,"Column headers, order and the Column Selection contents were captured verbatim from the build.",OK,OK,OK (ticket + spec anchor),OK,"EDIT NEEDED - add the non-final-build marker (build v3.4.1-0ed4433, observed 2026-08-03)",no
IV-COL-05,C30555,https://shopview.testrail.io/index.php?/cases/view/30555,IV,COL,"Category and Vendor show their names; an em dash (""—"") when the part has none",CORRECT AS IS,-,"Column headers, order and the Column Selection contents were captured verbatim from the build.",OK,OK,OK (ticket + spec anchor),OK,"EDIT NEEDED - add the non-final-build marker (build v3.4.1-0ed4433, observed 2026-08-03)",no
IV-TOT-01,C30556,https://shopview.testrail.io/index.php?/cases/view/30556,IV,TOT,"Totals row: Total label, blank identity/per-unit cells, pinned bold Total Cost",PARTLY OBSERVED,-,Totals row observed on screen and in the CSVs.,OK,OK,OK (ticket + spec anchor),OK,"EDIT NEEDED - add the non-final-build marker (build v3.4.1-0ed4433, observed 2026-08-03)",no
IV-TOT-02,C30557,https://shopview.testrail.io/index.php?/cases/view/30557,IV,TOT,"Totals row sums the FULL filtered set on the server, not just the visible page",PARTLY OBSERVED,-,Totals row observed on screen and in the CSVs.,OK,OK,OK (ticket + spec anchor),OK,"EDIT NEEDED - add the non-final-build marker (build v3.4.1-0ed4433, observed 2026-08-03)",no
IV-TOT-03,C30558,https://shopview.testrail.io/index.php?/cases/view/30558,IV,TOT,Totals-row Margin % is recomputed from the totals; not an average of rows,PARTLY OBSERVED,-,Totals row observed on screen and in the CSVs.,OK,OK,OK (ticket + spec anchor),OK,"EDIT NEEDED - add the non-final-build marker (build v3.4.1-0ed4433, observed 2026-08-03)",no
IV-DATE-01,C30561,https://shopview.testrail.io/index.php?/cases/view/30561,IV,DATE,Date range offers the standard presets plus Custom; no All Time option,PARTLY OBSERVED,-,The date-range picker presets and controls were captured verbatim; individual range maths not driven.,OK,OK,OK (ticket + spec anchor),OK,"EDIT NEEDED - add the non-final-build marker (build v3.4.1-0ed4433, observed 2026-08-03)",no
IV-DATE-02,C30562,https://shopview.testrail.io/index.php?/cases/view/30562,IV,DATE,The report values inventory as of the END of the selected range,PARTLY OBSERVED,-,The date-range picker presets and controls were captured verbatim; individual range maths not driven.,OK,OK,OK (ticket + spec anchor),OK,"EDIT NEEDED - add the non-final-build marker (build v3.4.1-0ed4433, observed 2026-08-03)",no
IV-DATE-03,C30563,https://shopview.testrail.io/index.php?/cases/view/30563,IV,DATE,A window reaching today with today not yet recorded values live stock,PARTLY OBSERVED,-,The date-range picker presets and controls were captured verbatim; individual range maths not driven.,OK,OK,OK (ticket + spec anchor),OK,"EDIT NEEDED - add the non-final-build marker (build v3.4.1-0ed4433, observed 2026-08-03)",no
IV-DATE-04,C30564,https://shopview.testrail.io/index.php?/cases/view/30564,IV,DATE,For a past date the report replays the closest recorded day on or before it,PARTLY OBSERVED,-,The date-range picker presets and controls were captured verbatim; individual range maths not driven.,OK,OK,OK (ticket + spec anchor),OK,"EDIT NEEDED - add the non-final-build marker (build v3.4.1-0ed4433, observed 2026-08-03)",no
IV-DATE-05,C30565,https://shopview.testrail.io/index.php?/cases/view/30565,IV,DATE,"""As of"" indicator names the day shown; hidden when it matches the ask",PARTLY OBSERVED,-,The date-range picker presets and controls were captured verbatim; individual range maths not driven.,OK,OK,OK (ticket + spec anchor),OK,"EDIT NEEDED - add the non-final-build marker (build v3.4.1-0ed4433, observed 2026-08-03)",no
IV-DATE-06,C30566,https://shopview.testrail.io/index.php?/cases/view/30566,IV,DATE,A Custom range values stock as of the picked end date; capped at today,PARTLY OBSERVED,-,The date-range picker presets and controls were captured verbatim; individual range maths not driven.,OK,OK,OK (ticket + spec anchor),OK,"EDIT NEEDED - add the non-final-build marker (build v3.4.1-0ed4433, observed 2026-08-03)",no
IV-DATE-08,C30568,https://shopview.testrail.io/index.php?/cases/view/30568,IV,DATE,History accrues forward only; a pre-first-recording date is not shown,PARTLY OBSERVED,-,The date-range picker presets and controls were captured verbatim; individual range maths not driven.,OK,REVIEW (title words not reflected in the expected result),OK (ticket + spec anchor),OK,"EDIT NEEDED - add the non-final-build marker (build v3.4.1-0ed4433, observed 2026-08-03)",no
IV-FLT-01,C30569,https://shopview.testrail.io/index.php?/cases/view/30569,IV,FLT,Category and Vendor multi-selects reload the report to matching parts only,PARTLY OBSERVED,-,Filter labels and option lists captured; the filtering BEHAVIOUR (does selecting X actually narrow the rows) was not driven.,OK,OK,OK (ticket + spec anchor),OK,"EDIT NEEDED - add the non-final-build marker (build v3.4.1-0ed4433, observed 2026-08-03)",no
IV-FLT-02,C30570,https://shopview.testrail.io/index.php?/cases/view/30570,IV,FLT,"Category, Vendor and part search are server-side; each change returns page 1",PARTLY OBSERVED,-,Filter labels and option lists captured; the filtering BEHAVIOUR (does selecting X actually narrow the rows) was not driven.,OK,OK,OK (ticket + spec anchor),OK,"EDIT NEEDED - add the non-final-build marker (build v3.4.1-0ed4433, observed 2026-08-03)",no
IV-FLT-03,C30571,https://shopview.testrail.io/index.php?/cases/view/30571,IV,FLT,With no category or vendor selected all parts show,PARTLY OBSERVED,-,Filter labels and option lists captured; the filtering BEHAVIOUR (does selecting X actually narrow the rows) was not driven.,OK,OK,OK (ticket + spec anchor),OK,"EDIT NEEDED - add the non-final-build marker (build v3.4.1-0ed4433, observed 2026-08-03)",no
IV-FLT-04,C30572,https://shopview.testrail.io/index.php?/cases/view/30572,IV,FLT,Part search matches part number or description on the server; case-insensitive,PARTLY OBSERVED,-,Filter labels and option lists captured; the filtering BEHAVIOUR (does selecting X actually narrow the rows) was not driven.,OK,OK,OK (ticket + spec anchor),OK,"EDIT NEEDED - add the non-final-build marker (build v3.4.1-0ed4433, observed 2026-08-03)",no
IV-FLT-05,C30573,https://shopview.testrail.io/index.php?/cases/view/30573,IV,FLT,"Date range, Location, Category, Vendor, and the part search combine with AND",PARTLY OBSERVED,-,Filter labels and option lists captured; the filtering BEHAVIOUR (does selecting X actually narrow the rows) was not driven.,OK,OK,OK (ticket + spec anchor),OK,"EDIT NEEDED - add the non-final-build marker (build v3.4.1-0ed4433, observed 2026-08-03)",no
IV-LOC-01,C30574,https://shopview.testrail.io/index.php?/cases/view/30574,IV,LOC,The Location filter is a rightmost multi-select with an All locations toggle,CORRECT AS IS,-,"Location column and filter observed on screen and in the CSVs, for single-location and multi-location scope.",OK,OK,OK (ticket + spec anchor),OK,"EDIT NEEDED - add the non-final-build marker (build v3.4.1-0ed4433, observed 2026-08-03)",no
IV-LOC-02,C30575,https://shopview.testrail.io/index.php?/cases/view/30575,IV,LOC,"Selecting one, several, or all locations reloads the report scoped to that set",CORRECT AS IS,-,"Location column and filter observed on screen and in the CSVs, for single-location and multi-location scope.",OK,OK,OK (ticket + spec anchor),OK,"EDIT NEEDED - add the non-final-build marker (build v3.4.1-0ed4433, observed 2026-08-03)",no
IV-LOC-03,C30576,https://shopview.testrail.io/index.php?/cases/view/30576,IV,LOC,Scoping never includes an inaccessible location,CORRECT AS IS,-,"Location column and filter observed on screen and in the CSVs, for single-location and multi-location scope.",OK,REVIEW (title words not reflected in the expected result),OK (ticket + spec anchor),OK,"EDIT NEEDED - add the non-final-build marker (build v3.4.1-0ed4433, observed 2026-08-03)",no
IV-LOC-04,C30577,https://shopview.testrail.io/index.php?/cases/view/30577,IV,LOC,Inventory Value: the Location filter is hidden for a one-location user,DEVIATION,Expected,CURRENT: single-location Location filter hidden  ||  PROPOSED: NO CHANGE - same live observation as C30216.,OK,OK,OK (ticket + spec anchor),OK,"EDIT NEEDED - add the non-final-build marker (build v3.4.1-0ed4433, observed 2026-08-03)",yes
IV-DATE-09,C38892,https://shopview.testrail.io/index.php?/cases/view/38892,IV,DATE,A recorded day keeps its category and vendor names after a rename or delete,PARTLY OBSERVED,-,The date-range picker presets and controls were captured verbatim; individual range maths not driven.,OK,OK,OK (ticket + spec anchor),OK,"EDIT NEEDED - add the non-final-build marker (build v3.4.1-0ed4433, observed 2026-08-03)",no
IV-LOC-06,C38917,https://shopview.testrail.io/index.php?/cases/view/38917,IV,LOC,"The Location column is automatic, sits after Vendor, and never reads Multiple",CORRECT AS IS,-,"Location column and filter observed on screen and in the CSVs, for single-location and multi-location scope.",OK,OK,OK (ticket + spec anchor),OK,"EDIT NEEDED - add the non-final-build marker (build v3.4.1-0ed4433, observed 2026-08-03)",no
IV-PERS-01,C30579,https://shopview.testrail.io/index.php?/cases/view/30579,IV,PERS,Column Selection toggles columns; Total Cost cannot be turned off,NOT REACHED,-,"Persistence needs a set-then-revisit-then-reload pass, plus a second browser profile for the per-browser claim.",OK,OK,OK (ticket + spec anchor),OK,"EDIT NEEDED - add the non-final-build marker (build v3.4.1-0ed4433, observed 2026-08-03)",no
IV-PERS-02,C30580,https://shopview.testrail.io/index.php?/cases/view/30580,IV,PERS,Toggling columns never reorders them,NOT REACHED,-,"Persistence needs a set-then-revisit-then-reload pass, plus a second browser profile for the per-browser claim.",OK,OK,OK (ticket + spec anchor),OK,"EDIT NEEDED - add the non-final-build marker (build v3.4.1-0ed4433, observed 2026-08-03)",no
IV-PERS-03,C30581,https://shopview.testrail.io/index.php?/cases/view/30581,IV,PERS,The report remembers all filters; columns and sort per browser,NOT REACHED,-,"Persistence needs a set-then-revisit-then-reload pass, plus a second browser profile for the per-browser claim.",OK,OK,OK (ticket + spec anchor),OK,"EDIT NEEDED - add the non-final-build marker (build v3.4.1-0ed4433, observed 2026-08-03)",no
IV-PERS-04,C30582,https://shopview.testrail.io/index.php?/cases/view/30582,IV,PERS,Defensive restore: a stale saved category or vendor is dropped on load,NOT REACHED,-,"Persistence needs a set-then-revisit-then-reload pass, plus a second browser profile for the per-browser claim.",OK,OK,OK (ticket + spec anchor),OK,"EDIT NEEDED - add the non-final-build marker (build v3.4.1-0ed4433, observed 2026-08-03)",no
IV-SORT-01,C30583,https://shopview.testrail.io/index.php?/cases/view/30583,IV,SORT,Rows are sorted by Total Cost highest first on load and after any reload,NOT REACHED,-,Header-click sorting was not driven. Needs a UI pass clicking each sortable header and reading the resulting order.,OK,OK,OK (ticket + spec anchor),OK,"EDIT NEEDED - add the non-final-build marker (build v3.4.1-0ed4433, observed 2026-08-03)",no
IV-SORT-02,C30584,https://shopview.testrail.io/index.php?/cases/view/30584,IV,SORT,Header clicks sort ascending then descending; no third state; page 1 returns,NOT REACHED,-,Header-click sorting was not driven. Needs a UI pass clicking each sortable header and reading the resulting order.,OK,OK,OK (ticket + spec anchor),OK,"EDIT NEEDED - add the non-final-build marker (build v3.4.1-0ed4433, observed 2026-08-03)",no
IV-SORT-03,C30585,https://shopview.testrail.io/index.php?/cases/view/30585,IV,SORT,Money and numeric columns sort by value; text columns sort as text,NOT REACHED,-,Header-click sorting was not driven. Needs a UI pass clicking each sortable header and reading the resulting order.,OK,OK,OK (ticket + spec anchor),OK,"EDIT NEEDED - add the non-final-build marker (build v3.4.1-0ed4433, observed 2026-08-03)",no
IV-SORT-04,C30586,https://shopview.testrail.io/index.php?/cases/view/30586,IV,SORT,Sorting reorders only the data rows — the totals row stays at the bottom,NOT REACHED,-,Header-click sorting was not driven. Needs a UI pass clicking each sortable header and reading the resulting order.,OK,OK,OK (ticket + spec anchor),OK,"EDIT NEEDED - add the non-final-build marker (build v3.4.1-0ed4433, observed 2026-08-03)",no
IV-EXP-01,C30587,https://shopview.testrail.io/index.php?/cases/view/30587,IV,EXP,Inventory Value: a three-dot menu holds Download (PDF) and Download (CSV),CORRECT AS IS,Expected,"""Download (PDF)"" and ""Download (CSV)"" match verbatim.",OK,OK,OK (ticket + spec anchor),OK,"EDIT NEEDED - add the non-final-build marker (build v3.4.1-0ed4433, observed 2026-08-03)",yes
IV-EXP-02,C30588,https://shopview.testrail.io/index.php?/cases/view/30588,IV,EXP,"Downloads keep shown columns and order, honor filters, and include Totals",DEVIATION,Expected,"CURRENT: item 1: ""...in the same left-to-right order as the screen, with Total Cost last.""  ||  PROPOSED: The export re-orders: Part #, Description, Category, Vendor, [Location], Qty, Unit Cost, Unit Sell, Total Cost, Total Sell, Margin, Margin % - Total Cost is 9th and Margin % is last, whereas on screen Total Cost IS last. Same columns, different order. Also the file carries ""As of: <date>"" as line 1 with the Locations line beneath it.",OK,OK,OK (ticket + spec anchor),OK,"EDIT NEEDED - add the non-final-build marker (build v3.4.1-0ed4433, observed 2026-08-03)",yes
IV-EXP-03,C30589,https://shopview.testrail.io/index.php?/cases/view/30589,IV,EXP,Export number formats: money to 2 decimals; Margin % to 1 with em-dash,PARTLY OBSERVED,-,"Export menu wording, CSV headers, the Locations line, the Totals row and the row-cap message were observed; PDF file CONTENTS were not (no PDF text extractor available).",OK,OK,OK (ticket + spec anchor),OK,"EDIT NEEDED - add the non-final-build marker (build v3.4.1-0ed4433, observed 2026-08-03)",no
IV-EXP-04,C30590,https://shopview.testrail.io/index.php?/cases/view/30590,IV,EXP,PDF header shows report name; org; period and an as-of line; logo if set,PARTLY OBSERVED,-,"Export menu wording, CSV headers, the Locations line, the Totals row and the row-cap message were observed; PDF file CONTENTS were not (no PDF text extractor available).",OK,OK,OK (ticket + spec anchor),OK,"EDIT NEEDED - add the non-final-build marker (build v3.4.1-0ed4433, observed 2026-08-03)",no
IV-EXP-05,C30591,https://shopview.testrail.io/index.php?/cases/view/30591,IV,EXP,Downloaded files are named inventory-value-report.pdf and .csv,PARTLY OBSERVED,-,"Export menu wording, CSV headers, the Locations line, the Totals row and the row-cap message were observed; PDF file CONTENTS were not (no PDF text extractor available).",OK,OK,OK (ticket + spec anchor),OK,"EDIT NEEDED - add the non-final-build marker (build v3.4.1-0ed4433, observed 2026-08-03)",no
IV-EXP-06,C30592,https://shopview.testrail.io/index.php?/cases/view/30592,IV,EXP,Exports are generated server-side over the full filtered set,PARTLY OBSERVED,-,"Export menu wording, CSV headers, the Locations line, the Totals row and the row-cap message were observed; PDF file CONTENTS were not (no PDF text extractor available).",OK,OK,OK (ticket + spec anchor),OK,"EDIT NEEDED - add the non-final-build marker (build v3.4.1-0ed4433, observed 2026-08-03)",no
IV-EXP-07,C30593,https://shopview.testrail.io/index.php?/cases/view/30593,IV,EXP,An over-cap set produces no file and shows the too-large-to-export message,PARTLY OBSERVED,-,"Export menu wording, CSV headers, the Locations line, the Totals row and the row-cap message were observed; PDF file CONTENTS were not (no PDF text extractor available).",OK,OK,OK (ticket + spec anchor),OK,"EDIT NEEDED - add the non-final-build marker (build v3.4.1-0ed4433, observed 2026-08-03)",no
IV-EXP-09,C30595,https://shopview.testrail.io/index.php?/cases/view/30595,IV,EXP,Download notifications: verbatim success and failure texts per format,PARTLY OBSERVED,-,"Export menu wording, CSV headers, the Locations line, the Totals row and the row-cap message were observed; PDF file CONTENTS were not (no PDF text extractor available).",OK,OK,OK (ticket + spec anchor),OK,"EDIT NEEDED - add the non-final-build marker (build v3.4.1-0ed4433, observed 2026-08-03)",no
IV-VIS-01,C30596,https://shopview.testrail.io/index.php?/cases/view/30596,IV,VIS,All-white table with no row shading on the standard report backdrop,PARTLY OBSERVED,-,"Some visual facts observed (bold Totals row, pinned Total); font weights, colours and sticky behaviour on scroll were not measured.",OK,OK,OK (ticket + spec anchor),OK,"EDIT NEEDED - add the non-final-build marker (build v3.4.1-0ed4433, observed 2026-08-03)",no
IV-VIS-02,C30597,https://shopview.testrail.io/index.php?/cases/view/30597,IV,VIS,Toolbar layout: menu leftmost then Column Selection; then the 5 filters,PARTLY OBSERVED,-,"Some visual facts observed (bold Totals row, pinned Total); font weights, colours and sticky behaviour on scroll were not measured.",OK,OK,OK (ticket + spec anchor),OK,"EDIT NEEDED - add the non-final-build marker (build v3.4.1-0ed4433, observed 2026-08-03)",no
IV-VIS-04,C30599,https://shopview.testrail.io/index.php?/cases/view/30599,IV,VIS,Long Description; Category and Vendor truncate on hover; Part # never does,PARTLY OBSERVED,-,"Some visual facts observed (bold Totals row, pinned Total); font weights, colours and sticky behaviour on scroll were not measured.",OK,OK,OK (ticket + spec anchor),OK,"EDIT NEEDED - add the non-final-build marker (build v3.4.1-0ed4433, observed 2026-08-03)",no
IV-VIS-05,C30600,https://shopview.testrail.io/index.php?/cases/view/30600,IV,VIS,"In dark mode the page background, toolbar, cells; the ""—"" glyph remain legible",PARTLY OBSERVED,-,"Some visual facts observed (bold Totals row, pinned Total); font weights, colours and sticky behaviour on scroll were not measured.",OK,OK,OK (ticket + spec anchor),OK,"EDIT NEEDED - add the non-final-build marker (build v3.4.1-0ed4433, observed 2026-08-03)",no
IV-VIS-06,C30601,https://shopview.testrail.io/index.php?/cases/view/30601,IV,VIS,Each sortable header exposes its sort state and shows the direction,PARTLY OBSERVED,-,"Some visual facts observed (bold Totals row, pinned Total); font weights, colours and sticky behaviour on scroll were not measured.",OK,OK,OK (ticket + spec anchor),OK,"EDIT NEEDED - add the non-final-build marker (build v3.4.1-0ed4433, observed 2026-08-03)",no
IV-VIS-07,C30602,https://shopview.testrail.io/index.php?/cases/view/30602,IV,VIS,The icon-only download and Column Selection buttons carry accessible names,PARTLY OBSERVED,-,"Some visual facts observed (bold Totals row, pinned Total); font weights, colours and sticky behaviour on scroll were not measured.",OK,REVIEW (title words not reflected in the expected result),OK (ticket + spec anchor),OK,"EDIT NEEDED - add the non-final-build marker (build v3.4.1-0ed4433, observed 2026-08-03)",no
IV-PERM-01,C30603,https://shopview.testrail.io/index.php?/cases/view/30603,IV,PERM,A user with ordinary reports access can open Inventory Value,CORRECT AS IS,-,Verified both ways live: with ordinary reports access all six reports and exports return 200; without it all six return 403 Access denied.,OK,OK,OK (ticket + spec anchor),OK,"EDIT NEEDED - add the non-final-build marker (build v3.4.1-0ed4433, observed 2026-08-03)",no
IV-PERM-02,C30604,https://shopview.testrail.io/index.php?/cases/view/30604,IV,PERM,Without reports access Inventory Value is absent from the navigation,CORRECT AS IS,-,Verified both ways live: with ordinary reports access all six reports and exports return 200; without it all six return 403 Access denied.,OK,REVIEW (title words not reflected in the expected result),OK (ticket + spec anchor),OK,"EDIT NEEDED - add the non-final-build marker (build v3.4.1-0ed4433, observed 2026-08-03)",no
IV-API-01,C30605,https://shopview.testrail.io/index.php?/cases/view/30605,IV,API,Nightly snapshot records one row per in-stock non-core part per location,PARTLY OBSERVED,-,"Endpoints, parameters and status codes observed; pagination/sort round-trips not exercised case by case.",OK,OK,OK (ticket + spec anchor),API case - must sit in an API-titled section,"EDIT NEEDED - add the non-final-build marker (build v3.4.1-0ed4433, observed 2026-08-03)",no
IV-API-02,C30606,https://shopview.testrail.io/index.php?/cases/view/30606,IV,API,A recorded snapshot day equals what the live report showed that day,PARTLY OBSERVED,-,"Endpoints, parameters and status codes observed; pagination/sort round-trips not exercised case by case.",OK,OK,OK (ticket + spec anchor),API case - must sit in an API-titled section,"EDIT NEEDED - add the non-final-build marker (build v3.4.1-0ed4433, observed 2026-08-03)",no
IV-API-03,C30607,https://shopview.testrail.io/index.php?/cases/view/30607,IV,API,Nightly snapshot: re-running the capture for a date replaces that date's rows,PARTLY OBSERVED,-,"Endpoints, parameters and status codes observed; pagination/sort round-trips not exercised case by case.",OK,OK,OK (ticket + spec anchor),API case - must sit in an API-titled section,"EDIT NEEDED - add the non-final-build marker (build v3.4.1-0ed4433, observed 2026-08-03)",no
IV-API-04,C30608,https://shopview.testrail.io/index.php?/cases/view/30608,IV,API,Nightly snapshot: a re-run records today's truth; it cannot rebuild a past day,PARTLY OBSERVED,-,"Endpoints, parameters and status codes observed; pagination/sort round-trips not exercised case by case.",OK,OK,OK (ticket + spec anchor),API case - must sit in an API-titled section,"EDIT NEEDED - add the non-final-build marker (build v3.4.1-0ed4433, observed 2026-08-03)",no
IV-API-05,C30609,https://shopview.testrail.io/index.php?/cases/view/30609,IV,API,Snapshot retention: daily captures are kept for 0–13 months,PARTLY OBSERVED,-,"Endpoints, parameters and status codes observed; pagination/sort round-trips not exercised case by case.",OK,OK,OK (ticket + spec anchor),API case - must sit in an API-titled section,"EDIT NEEDED - add the non-final-build marker (build v3.4.1-0ed4433, observed 2026-08-03)",no
IV-API-06,C30610,https://shopview.testrail.io/index.php?/cases/view/30610,IV,API,Thinned history still served by the closest-recorded-day rule,PARTLY OBSERVED,-,"Endpoints, parameters and status codes observed; pagination/sort round-trips not exercised case by case.",OK,OK,OK (ticket + spec anchor),API case - must sit in an API-titled section,"EDIT NEEDED - add the non-final-build marker (build v3.4.1-0ed4433, observed 2026-08-03)",no
PV-NAV-01,C30322,https://shopview.testrail.io/index.php?/cases/view/30322,PV,NAV,Parts Velocity appears under a new Parts section in the Reports navigation,CORRECT AS IS,-,Route and navigation placement observed live; see the nav map. Any group-name claim is corrected in the label diff.,OK,OK,OK (ticket + spec anchor),OK,"EDIT NEEDED - add the non-final-build marker (build v3.4.1-0ed4433, observed 2026-08-03)",no
PV-NAV-02,C30323,https://shopview.testrail.io/index.php?/cases/view/30323,PV,NAV,First visit: date range defaults to This Year and data is fetched automatically,CORRECT AS IS,-,Route and navigation placement observed live; see the nav map. Any group-name claim is corrected in the label diff.,OK,OK,OK (ticket + spec anchor),OK,"EDIT NEEDED - add the non-final-build marker (build v3.4.1-0ed4433, observed 2026-08-03)",no
PV-NAV-03,C30324,https://shopview.testrail.io/index.php?/cases/view/30324,PV,NAV,A loading indicator shows and old rows are replaced only when data returns,CORRECT AS IS,-,Route and navigation placement observed live; see the nav map. Any group-name claim is corrected in the label diff.,OK,OK,OK (ticket + spec anchor),OK,"EDIT NEEDED - add the non-final-build marker (build v3.4.1-0ed4433, observed 2026-08-03)",no
PV-PERM-01,C30325,https://shopview.testrail.io/index.php?/cases/view/30325,PV,PERM,A user with ordinary reports access can load the report and export it,CORRECT AS IS,-,Verified both ways live: with ordinary reports access all six reports and exports return 200; without it all six return 403 Access denied.,OK,OK,OK (ticket + spec anchor),OK,"EDIT NEEDED - add the non-final-build marker (build v3.4.1-0ed4433, observed 2026-08-03)",no
PV-PERM-02,C30326,https://shopview.testrail.io/index.php?/cases/view/30326,PV,PERM,Without the Manager or Office User role the report entry is not shown,CORRECT AS IS,-,Verified both ways live: with ordinary reports access all six reports and exports return 200; without it all six return 403 Access denied.,OK,OK,OK (ticket + spec anchor),OK,"EDIT NEEDED - add the non-final-build marker (build v3.4.1-0ed4433, observed 2026-08-03)",no
PV-PERM-03,C30327,https://shopview.testrail.io/index.php?/cases/view/30327,PV,PERM,Ordinary reports access alone opens Parts Velocity and its export,CORRECT AS IS,-,Verified both ways live: with ordinary reports access all six reports and exports return 200; without it all six return 403 Access denied.,OK,OK,OK (ticket + spec anchor),OK,"EDIT NEEDED - add the non-final-build marker (build v3.4.1-0ed4433, observed 2026-08-03)",no
PV-FILT-01,C30328,https://shopview.testrail.io/index.php?/cases/view/30328,PV,FILT,"Type filter: single-select, first in row, three options, default Both; reloads",CORRECT AS IS,Expected,Type options are exactly Both / Inventory / Special Order - the rename Chris made is live.,OK,OK,OK (ticket + spec anchor),OK,"EDIT NEEDED - add the non-final-build marker (build v3.4.1-0ed4433, observed 2026-08-03)",yes
PV-FILT-03,C30330,https://shopview.testrail.io/index.php?/cases/view/30330,PV,FILT,Date range selector offers exactly the eleven bounded options and no All Time,PARTLY OBSERVED,-,Filter labels and option lists captured; the filtering behaviour was not driven.,OK,OK,OK (ticket + spec anchor),OK,"EDIT NEEDED - add the non-final-build marker (build v3.4.1-0ed4433, observed 2026-08-03)",no
PV-FILT-04,C30331,https://shopview.testrail.io/index.php?/cases/view/30331,PV,FILT,A Custom date range needs valid dates and rejects a span over 366 days,PARTLY OBSERVED,-,Filter labels and option lists captured; the filtering behaviour was not driven.,OK,OK,OK (ticket + spec anchor),OK,"EDIT NEEDED - add the non-final-build marker (build v3.4.1-0ed4433, observed 2026-08-03)",no
PV-FILT-05,C30332,https://shopview.testrail.io/index.php?/cases/view/30332,PV,FILT,Category and Vendor multi-select filters limit the table to matching parts,PARTLY OBSERVED,-,Filter labels and option lists captured; the filtering behaviour was not driven.,OK,OK,OK (ticket + spec anchor),OK,"EDIT NEEDED - add the non-final-build marker (build v3.4.1-0ed4433, observed 2026-08-03)",no
PV-FILT-06,C30333,https://shopview.testrail.io/index.php?/cases/view/30333,PV,FILT,"Toolbar search matches part number or description, case-insensitively",PARTLY OBSERVED,-,Filter labels and option lists captured; the filtering behaviour was not driven.,OK,OK,OK (ticket + spec anchor),OK,"EDIT NEEDED - add the non-final-build marker (build v3.4.1-0ed4433, observed 2026-08-03)",no
PV-FILT-07,C30334,https://shopview.testrail.io/index.php?/cases/view/30334,PV,FILT,All active filters combine with AND logic,PARTLY OBSERVED,-,Filter labels and option lists captured; the filtering behaviour was not driven.,OK,OK,OK (ticket + spec anchor),OK,"EDIT NEEDED - add the non-final-build marker (build v3.4.1-0ed4433, observed 2026-08-03)",no
PV-FILT-08,C30335,https://shopview.testrail.io/index.php?/cases/view/30335,PV,FILT,The Bin multi-select limits the table to parts stocked in those bins,PARTLY OBSERVED,-,Filter labels and option lists captured; the filtering behaviour was not driven.,OK,OK,OK (ticket + spec anchor),OK,"EDIT NEEDED - add the non-final-build marker (build v3.4.1-0ed4433, observed 2026-08-03)",no
PV-FILT-09,C30336,https://shopview.testrail.io/index.php?/cases/view/30336,PV,FILT,Bin filter excludes special-order rows; Bin plus that Type is empty by design,PARTLY OBSERVED,-,Filter labels and option lists captured; the filtering behaviour was not driven.,OK,OK,OK (ticket + spec anchor),OK,"EDIT NEEDED - add the non-final-build marker (build v3.4.1-0ed4433, observed 2026-08-03)",no
PV-FILT-10,C30337,https://shopview.testrail.io/index.php?/cases/view/30337,PV,FILT,"Location filter is rightmost, defaults to the active location, accessible-only",PARTLY OBSERVED,-,Filter labels and option lists captured; the filtering behaviour was not driven.,OK,OK,OK (ticket + spec anchor),OK,"EDIT NEEDED - add the non-final-build marker (build v3.4.1-0ed4433, observed 2026-08-03)",no
PV-FILT-11,C30338,https://shopview.testrail.io/index.php?/cases/view/30338,PV,FILT,Empty state shows the standard no-data message when no parts match the filters,PARTLY OBSERVED,-,Filter labels and option lists captured; the filtering behaviour was not driven.,OK,OK,OK (ticket + spec anchor),OK,"EDIT NEEDED - add the non-final-build marker (build v3.4.1-0ed4433, observed 2026-08-03)",no
PV-FILT-12,C30339,https://shopview.testrail.io/index.php?/cases/view/30339,PV,FILT,Parts with no category; vendor or bin are excluded when that filter is on,PARTLY OBSERVED,-,Filter labels and option lists captured; the filtering behaviour was not driven.,OK,OK,OK (ticket + spec anchor),OK,"EDIT NEEDED - add the non-final-build marker (build v3.4.1-0ed4433, observed 2026-08-03)",no
PV-FILT-13,C30340,https://shopview.testrail.io/index.php?/cases/view/30340,PV,FILT,Parts Velocity: the Location filter is hidden for a one-location user,DEVIATION,Expected,CURRENT: single-location Location filter hidden  ||  PROPOSED: NO CHANGE - same live observation as C30216.,OK,OK,OK (ticket + spec anchor),OK,"EDIT NEEDED - add the non-final-build marker (build v3.4.1-0ed4433, observed 2026-08-03)",yes
PV-FILT-14,C38914,https://shopview.testrail.io/index.php?/cases/view/38914,PV,FILT,"The Location column shows only with more than one location, leftmost before Type",PARTLY OBSERVED,-,Filter labels and option lists captured; the filtering behaviour was not driven.,OK,OK,OK (ticket + spec anchor),OK,"EDIT NEEDED - add the non-final-build marker (build v3.4.1-0ed4433, observed 2026-08-03)",no
PV-ROW-01,C30341,https://shopview.testrail.io/index.php?/cases/view/30341,PV,ROW,A part stocked at two selected locations shows as two per-location rows,PARTLY OBSERVED,-,Row model confirmed from the live payload; on-screen row rendering not read (virtualised grid).,OK,OK,OK (ticket + spec anchor),OK,"EDIT NEEDED - add the non-final-build marker (build v3.4.1-0ed4433, observed 2026-08-03)",no
PV-ROW-02,C30342,https://shopview.testrail.io/index.php?/cases/view/30342,PV,ROW,A Special Order part is one merged row summed across selected locations,PARTLY OBSERVED,-,Row model confirmed from the live payload; on-screen row rendering not read (virtualised grid).,OK,OK,OK (ticket + spec anchor),OK,"EDIT NEEDED - add the non-final-build marker (build v3.4.1-0ed4433, observed 2026-08-03)",no
PV-ROW-03,C30343,https://shopview.testrail.io/index.php?/cases/view/30343,PV,ROW,"Rows load ranked by Demand descending, indicator on the Demand header",PARTLY OBSERVED,-,Row model confirmed from the live payload; on-screen row rendering not read (virtualised grid).,OK,OK,OK (ticket + spec anchor),OK,"EDIT NEEDED - add the non-final-build marker (build v3.4.1-0ed4433, observed 2026-08-03)",no
PV-ROW-04,C30344,https://shopview.testrail.io/index.php?/cases/view/30344,PV,ROW,"A header click sorts ascending first, toggles, and places nulls by direction",PARTLY OBSERVED,-,Row model confirmed from the live payload; on-screen row rendering not read (virtualised grid).,OK,OK,OK (ticket + spec anchor),OK,"EDIT NEEDED - add the non-final-build marker (build v3.4.1-0ed4433, observed 2026-08-03)",no
PV-ROW-05,C30345,https://shopview.testrail.io/index.php?/cases/view/30345,PV,ROW,"Sticky header, all-left alignment on screen, and plain-text Type values",PARTLY OBSERVED,-,Row model confirmed from the live payload; on-screen row rendering not read (virtualised grid).,OK,OK,OK (ticket + spec anchor),OK,"EDIT NEEDED - add the non-final-build marker (build v3.4.1-0ed4433, observed 2026-08-03)",no
PV-ROW-06,C30346,https://shopview.testrail.io/index.php?/cases/view/30346,PV,ROW,Info icons sit on Units Sold; Demand and Turns / Yr with descriptions,EDIT NEEDED,Expected,"CURRENT: ""Turns / Yr""  ||  PROPOSED: The build's header is ""Turns/Yr"" with no spaces. The three info icons are present on Units Sold, Demand and Turns/Yr as asserted; the tooltip TEXTS were not read this run.",OK,OK,OK (ticket + spec anchor),OK,"EDIT NEEDED - add the non-final-build marker (build v3.4.1-0ed4433, observed 2026-08-03)",yes
PV-ROW-07,C30347,https://shopview.testrail.io/index.php?/cases/view/30347,PV,ROW,Description; Category and Vendor truncate on hover; Part # never does,PARTLY OBSERVED,-,Row model confirmed from the live payload; on-screen row rendering not read (virtualised grid).,OK,OK,OK (ticket + spec anchor),OK,"EDIT NEEDED - add the non-final-build marker (build v3.4.1-0ed4433, observed 2026-08-03)",no
PV-ROW-08,C30348,https://shopview.testrail.io/index.php?/cases/view/30348,PV,ROW,Em-dash only in nullable fields; counts and Revenue/Margin are never null,PARTLY OBSERVED,-,Row model confirmed from the live payload; on-screen row rendering not read (virtualised grid).,OK,OK,OK (ticket + spec anchor),OK,"EDIT NEEDED - add the non-final-build marker (build v3.4.1-0ed4433, observed 2026-08-03)",no
PV-ROW-09,C30349,https://shopview.testrail.io/index.php?/cases/view/30349,PV,ROW,"An inventory part drops out only with no movement, no stock and no revenue",PARTLY OBSERVED,-,Row model confirmed from the live payload; on-screen row rendering not read (virtualised grid).,OK,OK,OK (ticket + spec anchor),OK,"EDIT NEEDED - add the non-final-build marker (build v3.4.1-0ed4433, observed 2026-08-03)",no
PV-ROW-10,C30350,https://shopview.testrail.io/index.php?/cases/view/30350,PV,ROW,A sale invoiced then fully reversed shows Demand 1 with Units Sold 0.00,PARTLY OBSERVED,-,Row model confirmed from the live payload; on-screen row rendering not read (virtualised grid).,OK,OK,OK (ticket + spec anchor),OK,"EDIT NEEDED - add the non-final-build marker (build v3.4.1-0ed4433, observed 2026-08-03)",no
PV-COL-01,C30351,https://shopview.testrail.io/index.php?/cases/view/30351,PV,COL,Column picker lists all 20 columns and never offers the internal cost,CORRECT AS IS,-,"Column headers, order and the Column Selection contents were captured verbatim from the build.",OK,OK,OK (ticket + spec anchor),OK,"EDIT NEEDED - add the non-final-build marker (build v3.4.1-0ed4433, observed 2026-08-03)",no
PV-COL-02,C30352,https://shopview.testrail.io/index.php?/cases/view/30352,PV,COL,First visit shows exactly the 14 default columns in the specified order,CORRECT AS IS,-,"Column headers, order and the Column Selection contents were captured verbatim from the build.",OK,OK,OK (ticket + spec anchor),OK,"EDIT NEEDED - add the non-final-build marker (build v3.4.1-0ed4433, observed 2026-08-03)",no
PV-COL-03,C30353,https://shopview.testrail.io/index.php?/cases/view/30353,PV,COL,"A re-enabled column returns to its canonical slot, with no reload",CORRECT AS IS,-,"Column headers, order and the Column Selection contents were captured verbatim from the build.",OK,OK,OK (ticket + spec anchor),OK,"EDIT NEEDED - add the non-final-build marker (build v3.4.1-0ed4433, observed 2026-08-03)",no
PV-COL-04,C30354,https://shopview.testrail.io/index.php?/cases/view/30354,PV,COL,Filters; columns and sort are remembered per browser before the first fetch,CORRECT AS IS,-,"Column headers, order and the Column Selection contents were captured verbatim from the build.",OK,OK,OK (ticket + spec anchor),OK,"EDIT NEEDED - add the non-final-build marker (build v3.4.1-0ed4433, observed 2026-08-03)",no
PV-COL-05,C30355,https://shopview.testrail.io/index.php?/cases/view/30355,PV,COL,A saved value that is no longer valid falls back to that setting's default,CORRECT AS IS,-,"Column headers, order and the Column Selection contents were captured verbatim from the build.",OK,OK,OK (ticket + spec anchor),OK,"EDIT NEEDED - add the non-final-build marker (build v3.4.1-0ed4433, observed 2026-08-03)",no
PV-COL-06,C30356,https://shopview.testrail.io/index.php?/cases/view/30356,PV,COL,A different user signing in on the same browser inherits the saved view,CORRECT AS IS,-,"Column headers, order and the Column Selection contents were captured verbatim from the build.",OK,OK,OK (ticket + spec anchor),OK,"EDIT NEEDED - add the non-final-build marker (build v3.4.1-0ed4433, observed 2026-08-03)",no
PV-COL-08,C30358,https://shopview.testrail.io/index.php?/cases/view/30358,PV,COL,All 20 columns can be hidden; the empty selection is never restored,CORRECT AS IS,-,"Column headers, order and the Column Selection contents were captured verbatim from the build.",OK,OK,OK (ticket + spec anchor),OK,"EDIT NEEDED - add the non-final-build marker (build v3.4.1-0ed4433, observed 2026-08-03)",no
PV-CALC-01,C30359,https://shopview.testrail.io/index.php?/cases/view/30359,PV,CALC,Units Sold for an inventory part is net stock movement,PARTLY OBSERVED,-,Money and hours invariants were recomputed against the live payload where the report exposes them.,OK,OK,OK (ticket + spec anchor),OK,"EDIT NEEDED - add the non-final-build marker (build v3.4.1-0ed4433, observed 2026-08-03)",no
PV-CALC-02,C30360,https://shopview.testrail.io/index.php?/cases/view/30360,PV,CALC,"Special Order Units Sold = in-window request quantity, net of reversals",PARTLY OBSERVED,-,Money and hours invariants were recomputed against the live payload where the report exposes them.,OK,OK,OK (ticket + spec anchor),OK,"EDIT NEEDED - add the non-final-build marker (build v3.4.1-0ed4433, observed 2026-08-03)",no
PV-CALC-03,C30361,https://shopview.testrail.io/index.php?/cases/view/30361,PV,CALC,Units Returned counts initiated part returns and parts-sale credits,PARTLY OBSERVED,-,Money and hours invariants were recomputed against the live payload where the report exposes them.,OK,OK,OK (ticket + spec anchor),OK,"EDIT NEEDED - add the non-final-build marker (build v3.4.1-0ed4433, observed 2026-08-03)",no
PV-CALC-04,C30362,https://shopview.testrail.io/index.php?/cases/view/30362,PV,CALC,"Units Returned is windowed by initiation date, ignores invoice status",PARTLY OBSERVED,-,Money and hours invariants were recomputed against the live payload where the report exposes them.,OK,OK,OK (ticket + spec anchor),OK,"EDIT NEEDED - add the non-final-build marker (build v3.4.1-0ed4433, observed 2026-08-03)",no
PV-CALC-05,C30363,https://shopview.testrail.io/index.php?/cases/view/30363,PV,CALC,"Sold (WO) counts Service work orders, Sold (Parts Sale) counts Parts",PARTLY OBSERVED,-,Money and hours invariants were recomputed against the live payload where the report exposes them.,OK,OK,OK (ticket + spec anchor),OK,"EDIT NEEDED - add the non-final-build marker (build v3.4.1-0ed4433, observed 2026-08-03)",no
PV-CALC-06,C30364,https://shopview.testrail.io/index.php?/cases/view/30364,PV,CALC,Demand counts each transaction once; a reversal neither adds nor subtracts,PARTLY OBSERVED,-,Money and hours invariants were recomputed against the live payload where the report exposes them.,OK,OK,OK (ticket + spec anchor),OK,"EDIT NEEDED - add the non-final-build marker (build v3.4.1-0ed4433, observed 2026-08-03)",no
PV-CALC-07,C30365,https://shopview.testrail.io/index.php?/cases/view/30365,PV,CALC,Last Sale is whole days since the most recent sale over all-time history,PARTLY OBSERVED,-,Money and hours invariants were recomputed against the live payload where the report exposes them.,OK,OK,OK (ticket + spec anchor),OK,"EDIT NEEDED - add the non-final-build marker (build v3.4.1-0ed4433, observed 2026-08-03)",no
PV-CALC-08,C30366,https://shopview.testrail.io/index.php?/cases/view/30366,PV,CALC,On Hand shows the row's own location stock,PARTLY OBSERVED,-,Money and hours invariants were recomputed against the live payload where the report exposes them.,OK,OK,OK (ticket + spec anchor),OK,"EDIT NEEDED - add the non-final-build marker (build v3.4.1-0ed4433, observed 2026-08-03)",no
PV-CALC-09,C30367,https://shopview.testrail.io/index.php?/cases/view/30367,PV,CALC,"Turns / Yr annualizes the sales rate, is 0.00 at zero stock, can be negative",PARTLY OBSERVED,-,Money and hours invariants were recomputed against the live payload where the report exposes them.,OK,OK,OK (ticket + spec anchor),OK,"EDIT NEEDED - add the non-final-build marker (build v3.4.1-0ed4433, observed 2026-08-03)",no
PV-CALC-10,C30368,https://shopview.testrail.io/index.php?/cases/view/30368,PV,CALC,"Revenue, Margin, Unit Cost, Sell Price and Margin % use the billed formulas",PARTLY OBSERVED,-,Money and hours invariants were recomputed against the live payload where the report exposes them.,OK,OK,OK (ticket + spec anchor),OK,"EDIT NEEDED - add the non-final-build marker (build v3.4.1-0ed4433, observed 2026-08-03)",no
PV-CALC-11,C30369,https://shopview.testrail.io/index.php?/cases/view/30369,PV,CALC,A reversed or voided sale is excluded from every billed-line column,PARTLY OBSERVED,-,Money and hours invariants were recomputed against the live payload where the report exposes them.,OK,OK,OK (ticket + spec anchor),OK,"EDIT NEEDED - add the non-final-build marker (build v3.4.1-0ed4433, observed 2026-08-03)",no
PV-CALC-12,C30370,https://shopview.testrail.io/index.php?/cases/view/30370,PV,CALC,Unit Cost / Sell Price and Margin % use independent null triggers,PARTLY OBSERVED,-,Money and hours invariants were recomputed against the live payload where the report exposes them.,OK,OK,OK (ticket + spec anchor),OK,"EDIT NEEDED - add the non-final-build marker (build v3.4.1-0ed4433, observed 2026-08-03)",no
PV-CALC-13,C30371,https://shopview.testrail.io/index.php?/cases/view/30371,PV,CALC,Number formats match the spec per column; rounding is half away from zero,PARTLY OBSERVED,-,Money and hours invariants were recomputed against the live payload where the report exposes them.,OK,OK,OK (ticket + spec anchor),OK,"EDIT NEEDED - add the non-final-build marker (build v3.4.1-0ed4433, observed 2026-08-03)",no
PV-CALC-14,C30372,https://shopview.testrail.io/index.php?/cases/view/30372,PV,CALC,Core parts are excluded from both the inventory and special-order result sets,PARTLY OBSERVED,-,Money and hours invariants were recomputed against the live payload where the report exposes them.,OK,OK,OK (ticket + spec anchor),OK,"EDIT NEEDED - add the non-final-build marker (build v3.4.1-0ed4433, observed 2026-08-03)",no
PV-CALC-15,C30373,https://shopview.testrail.io/index.php?/cases/view/30373,PV,CALC,Movement and billed bases may differ; Sold (WO) + Sold (Parts Sale) = billed,PARTLY OBSERVED,-,Money and hours invariants were recomputed against the live payload where the report exposes them.,OK,OK,OK (ticket + spec anchor),OK,"EDIT NEEDED - add the non-final-build marker (build v3.4.1-0ed4433, observed 2026-08-03)",no
PV-CALC-16,C30374,https://shopview.testrail.io/index.php?/cases/view/30374,PV,CALC,"Window anchors: movement uses the event date, billed uses the WO date",PARTLY OBSERVED,-,Money and hours invariants were recomputed against the live payload where the report exposes them.,OK,OK,OK (ticket + spec anchor),OK,"EDIT NEEDED - add the non-final-build marker (build v3.4.1-0ed4433, observed 2026-08-03)",no
PV-PREC-01,C38924,https://shopview.testrail.io/index.php?/cases/view/38924,PV,PREC,Units Sold keeps an exact part-of-a-unit quantity and is never rounded off,NOT REACHED,-,"QuickBooks is not connected on this branch - a genuine external dependency, not a data gap.",OK,OK,OK (ticket + spec anchor),OK,"EDIT NEEDED - add the non-final-build marker (build v3.4.1-0ed4433, observed 2026-08-03)",no
PV-EXP-01,C30375,https://shopview.testrail.io/index.php?/cases/view/30375,PV,EXP,The overflow button opens Download (PDF) then Download (CSV) in that order,PARTLY OBSERVED,-,"Export menu wording, CSV headers, the Locations line, the Totals row and the row-cap message were observed; PDF file CONTENTS were not (no PDF text extractor available).",OK,OK,OK (ticket + spec anchor),OK,"EDIT NEEDED - add the non-final-build marker (build v3.4.1-0ed4433, observed 2026-08-03)",no
PV-EXP-02,C30376,https://shopview.testrail.io/index.php?/cases/view/30376,PV,EXP,Both exports reflect the filters and search active at the time of export,PARTLY OBSERVED,-,"Export menu wording, CSV headers, the Locations line, the Totals row and the row-cap message were observed; PDF file CONTENTS were not (no PDF text extractor available).",OK,OK,OK (ticket + spec anchor),OK,"EDIT NEEDED - add the non-final-build marker (build v3.4.1-0ed4433, observed 2026-08-03)",no
PV-EXP-03,C30377,https://shopview.testrail.io/index.php?/cases/view/30377,PV,EXP,"Exports include only the enabled columns, in the canonical on-screen order",PARTLY OBSERVED,-,"Export menu wording, CSV headers, the Locations line, the Totals row and the row-cap message were observed; PDF file CONTENTS were not (no PDF text extractor available).",OK,OK,OK (ticket + spec anchor),OK,"EDIT NEEDED - add the non-final-build marker (build v3.4.1-0ed4433, observed 2026-08-03)",no
PV-EXP-04,C30378,https://shopview.testrail.io/index.php?/cases/view/30378,PV,EXP,"Exports reflect the active sort, including Min/Max and null placement",PARTLY OBSERVED,-,"Export menu wording, CSV headers, the Locations line, the Totals row and the row-cap message were observed; PDF file CONTENTS were not (no PDF text extractor available).",OK,OK,OK (ticket + spec anchor),OK,"EDIT NEEDED - add the non-final-build marker (build v3.4.1-0ed4433, observed 2026-08-03)",no
PV-EXP-05,C30379,https://shopview.testrail.io/index.php?/cases/view/30379,PV,EXP,"PDF: filename, A3 landscape, title, text truncation, and the shop logo",PARTLY OBSERVED,-,"Export menu wording, CSV headers, the Locations line, the Totals row and the row-cap message were observed; PDF file CONTENTS were not (no PDF text extractor available).",OK,OK,OK (ticket + spec anchor),OK,"EDIT NEEDED - add the non-final-build marker (build v3.4.1-0ed4433, observed 2026-08-03)",no
PV-EXP-06,C30380,https://shopview.testrail.io/index.php?/cases/view/30380,PV,EXP,CSV is named velocity-report.csv and holds full untruncated text values,PARTLY OBSERVED,-,"Export menu wording, CSV headers, the Locations line, the Totals row and the row-cap message were observed; PDF file CONTENTS were not (no PDF text extractor available).",OK,OK,OK (ticket + spec anchor),OK,"EDIT NEEDED - add the non-final-build marker (build v3.4.1-0ed4433, observed 2026-08-03)",no
PV-EXP-07,C30381,https://shopview.testrail.io/index.php?/cases/view/30381,PV,EXP,"Em-dash in both exports; Last Sale reads ""N days"" in the PDF",PARTLY OBSERVED,-,"Export menu wording, CSV headers, the Locations line, the Totals row and the row-cap message were observed; PDF file CONTENTS were not (no PDF text extractor available).",OK,OK,OK (ticket + spec anchor),OK,"EDIT NEEDED - add the non-final-build marker (build v3.4.1-0ed4433, observed 2026-08-03)",no
PV-EXP-08,C30382,https://shopview.testrail.io/index.php?/cases/view/30382,PV,EXP,"PDF export alignment: Type centered, text left, numeric and money right",PARTLY OBSERVED,-,"Export menu wording, CSV headers, the Locations line, the Totals row and the row-cap message were observed; PDF file CONTENTS were not (no PDF text extractor available).",OK,OK,OK (ticket + spec anchor),OK,"EDIT NEEDED - add the non-final-build marker (build v3.4.1-0ed4433, observed 2026-08-03)",no
PV-EXP-10,C30384,https://shopview.testrail.io/index.php?/cases/view/30384,PV,EXP,Export toasts: exact success texts; server or fallback error text on failure,NOT REACHED,Expected,Toast texts need a UI export click with data; the failure path is reachable (PDF 500s at full scope) so this is worth re-running.,OK,OK,OK (ticket + spec anchor),OK,"EDIT NEEDED - add the non-final-build marker (build v3.4.1-0ed4433, observed 2026-08-03)",yes
PV-VIS-01,C30385,https://shopview.testrail.io/index.php?/cases/view/30385,PV,VIS,The report uses the standard two-tone layout,PARTLY OBSERVED,-,"Some visual facts observed (bold Totals row, pinned Total); font weights, colours and sticky behaviour on scroll were not measured.",OK,OK,OK (ticket + spec anchor),OK,"EDIT NEEDED - add the non-final-build marker (build v3.4.1-0ed4433, observed 2026-08-03)",no
PV-VIS-02,C30386,https://shopview.testrail.io/index.php?/cases/view/30386,PV,VIS,Toolbar and table detail styling matches the suite paddings and borders,PARTLY OBSERVED,-,"Some visual facts observed (bold Totals row, pinned Total); font weights, colours and sticky behaviour on scroll were not measured.",OK,REVIEW (title words not reflected in the expected result),OK (ticket + spec anchor),OK,"EDIT NEEDED - add the non-final-build marker (build v3.4.1-0ed4433, observed 2026-08-03)",no
PV-VIS-03,C30387,https://shopview.testrail.io/index.php?/cases/view/30387,PV,VIS,Dark mode is supported and the grey info icon keeps 3:1 contrast in both,PARTLY OBSERVED,-,"Some visual facts observed (bold Totals row, pinned Total); font weights, colours and sticky behaviour on scroll were not measured.",OK,REVIEW (title words not reflected in the expected result),OK (ticket + spec anchor),OK,"EDIT NEEDED - add the non-final-build marker (build v3.4.1-0ed4433, observed 2026-08-03)",no
PV-API-01,C30388,https://shopview.testrail.io/index.php?/cases/view/30388,PV,API,The report is server-paginated - the backend returns one page of rows at a time,PARTLY OBSERVED,-,"Endpoints, parameters and status codes observed; pagination/sort round-trips not exercised case by case.",OK,OK,OK (ticket + spec anchor),API case - must sit in an API-titled section,"EDIT NEEDED - add the non-final-build marker (build v3.4.1-0ed4433, observed 2026-08-03)",no
PV-API-02,C30389,https://shopview.testrail.io/index.php?/cases/view/30389,PV,API,Each filter or search change re-queries the server and returns page one,PARTLY OBSERVED,-,"Endpoints, parameters and status codes observed; pagination/sort round-trips not exercised case by case.",OK,OK,OK (ticket + spec anchor),API case - must sit in an API-titled section,"EDIT NEEDED - add the non-final-build marker (build v3.4.1-0ed4433, observed 2026-08-03)",no
PV-API-03,C30390,https://shopview.testrail.io/index.php?/cases/view/30390,PV,API,Header-click sorting re-queries the server; nulls first asc and last desc,PARTLY OBSERVED,-,"Endpoints, parameters and status codes observed; pagination/sort round-trips not exercised case by case.",OK,OK,OK (ticket + spec anchor),API case - must sit in an API-titled section,"EDIT NEEDED - add the non-final-build marker (build v3.4.1-0ed4433, observed 2026-08-03)",no
PV-API-04,C30391,https://shopview.testrail.io/index.php?/cases/view/30391,PV,API,The back end serves report data and export on ordinary reports access,PARTLY OBSERVED,-,"Endpoints, parameters and status codes observed; pagination/sort round-trips not exercised case by case.",OK,OK,OK (ticket + spec anchor),API case - must sit in an API-titled section,"EDIT NEEDED - add the non-final-build marker (build v3.4.1-0ed4433, observed 2026-08-03)",no
PV-EXP-11,C38885,https://shopview.testrail.io/index.php?/cases/view/38885,PV,EXP,An over-cap Parts Velocity export is refused with the too-large message,PARTLY OBSERVED,-,"Export menu wording, CSV headers, the Locations line, the Totals row and the row-cap message were observed; PDF file CONTENTS were not (no PDF text extractor available).",OK,OK,OK (ticket + spec anchor),OK,"EDIT NEEDED - add the non-final-build marker (build v3.4.1-0ed4433, observed 2026-08-03)",no
PV-PREC-02,C38925,https://shopview.testrail.io/index.php?/cases/view/38925,PV,PREC,QuickBooks amount for a part-of-a-unit sale is exact and never inflated,NOT REACHED,References,"CURRENT: no spec anchor - refs cite the tech plan and say no report spec covers QuickBooks  ||  PROPOSED: Honest documented exception rather than an unsourced case. QuickBooks is not connected on this branch, so this is an external dependency, not a seeding gap.",OK,OK,GAP: no spec anchor,API case - must sit in an API-titled section,"EDIT NEEDED - add the non-final-build marker (build v3.4.1-0ed4433, observed 2026-08-03)",yes
SBC-NAV-01,C30096,https://shopview.testrail.io/index.php?/cases/view/30096,SBC,NAV,"Sales By Customer listed under Performance, below existing links; titles correct",EDIT NEEDED,Expected,"CURRENT: item 1: ""\""Sales By Customer\"" is listed in the Performance group of the Reports left-side navigation, BELOW the pre-existing entries (Sales, Technician Efficiency, Advisor Analysis, Shop Efficiency)""  ||  PROPOSED: The build lists it under a SALES group heading of its own, not under PERFORMANCE. Live nav order: LABOR / PERFORMANCE (Sales, Technician Efficiency, Advisor Analysis, Shop Efficiency, Work In Progress, Technician Utilization, Sales By Representative) / PARTS (Parts Velocity, Inventory Value) / SALES (Sales By Customer) / FINANCE / ... Note the SBC spec v13 S1-R1 names no group at all, so there is nothing to contradict - this is a straight wording correction.",OK,OK,OK (ticket + spec anchor),OK,"EDIT NEEDED - add the non-final-build marker (build v3.4.1-0ed4433, observed 2026-08-03)",yes
SBC-PERM-01,C30098,https://shopview.testrail.io/index.php?/cases/view/30098,SBC,PERM,Ordinary reports access opens Sales By Customer — no separate permission,CORRECT AS IS,-,Verified both ways live: with ordinary reports access all six reports and exports return 200; without it all six return 403 Access denied.,OK,OK,OK (ticket + spec anchor),OK,"EDIT NEEDED - add the non-final-build marker (build v3.4.1-0ed4433, observed 2026-08-03)",no
SBC-PERM-02,C30099,https://shopview.testrail.io/index.php?/cases/view/30099,SBC,PERM,"Without reports access, Sales By Customer is not listed and cannot open",CORRECT AS IS,-,Verified both ways live: with ordinary reports access all six reports and exports return 200; without it all six return 403 Access denied.,OK,OK,OK (ticket + spec anchor),OK,"EDIT NEEDED - add the non-final-build marker (build v3.4.1-0ed4433, observed 2026-08-03)",no
SBC-PERM-03,C30100,https://shopview.testrail.io/index.php?/cases/view/30100,SBC,PERM,Opening an invoice you lack permission for shows access-denied; back works,CORRECT AS IS,-,Verified both ways live: with ordinary reports access all six reports and exports return 200; without it all six return 403 Access denied.,OK,REVIEW (title words not reflected in the expected result),OK (ticket + spec anchor),OK,"EDIT NEEDED - add the non-final-build marker (build v3.4.1-0ed4433, observed 2026-08-03)",no
SBC-PERM-04,C30101,https://shopview.testrail.io/index.php?/cases/view/30101,SBC,PERM,Location access enforced: no data from a location the user cannot access,CORRECT AS IS,-,Verified both ways live: with ordinary reports access all six reports and exports return 200; without it all six return 403 Access denied.,OK,OK,OK (ticket + spec anchor),OK,"EDIT NEEDED - add the non-final-build marker (build v3.4.1-0ed4433, observed 2026-08-03)",no
SBC-PERM-05,C39447,https://shopview.testrail.io/index.php?/cases/view/39447,SBC,PERM,No Sales By Customer permission is offered in the role permission editor,CORRECT AS IS,-,Verified both ways live: with ordinary reports access all six reports and exports return 200; without it all six return 403 Access denied.,OK,OK,OK (ticket + spec anchor),OK,"EDIT NEEDED - add the non-final-build marker (build v3.4.1-0ed4433, observed 2026-08-03)",no
SBC-DATE-01,C30102,https://shopview.testrail.io/index.php?/cases/view/30102,SBC,DATE,Date range picker offers eleven options in the specified order,DEVIATION,Expected,"CURRENT: item 2: ""It offers eleven options, in this order: Today, Yesterday, This Week, Last Week, This Month, Last Month, This Year, Last Year, This Quarter, Last Quarter, Custom.""  ||  PROPOSED: The build offers NINE presets: Last 12 Months, This Year, Last Year, This Quarter, Last Quarter, This Month, Last Month, This Week, Last Week - plus an inline calendar, a ""Range: N days"" readout and an Apply button. No Today, no Yesterday, no item called Custom. Item 3 (""no All Time"") MATCHES. Spec S2-R2 closes the list, so this needs a product decision, not a silent edit. My read: unbuilt-as-specified in a shared component, not a defect.",OK,OK,OK (ticket + spec anchor),OK,"EDIT NEEDED - add the non-final-build marker (build v3.4.1-0ed4433, observed 2026-08-03)",yes
SBC-DATE-03,C30104,https://shopview.testrail.io/index.php?/cases/view/30104,SBC,DATE,Custom range opens a start/end date dialog and cannot exceed a 366-day span,DEVIATION,Steps,"CURRENT: step: choose ""Custom"" from the date range picker  ||  PROPOSED: Not executable - there is no ""Custom"" item. A custom range is made by picking dates on the inline calendar and pressing Apply. The 366-day cap is therefore untested. Same product decision as C30102.",OK,OK,OK (ticket + spec anchor),OK,"EDIT NEEDED - add the non-final-build marker (build v3.4.1-0ed4433, observed 2026-08-03)",yes
SBC-DATE-04,C30105,https://shopview.testrail.io/index.php?/cases/view/30105,SBC,DATE,Changing the date range writes it into the page link for sharing,PARTLY OBSERVED,-,The date-range picker presets and controls were captured verbatim; individual range maths not driven.,OK,REVIEW (title words not reflected in the expected result),OK (ticket + spec anchor),OK,"EDIT NEEDED - add the non-final-build marker (build v3.4.1-0ed4433, observed 2026-08-03)",no
SBC-TYPE-02,C30107,https://shopview.testrail.io/index.php?/cases/view/30107,SBC,TYPE,Product Type: three options with Parts & Service default; S/P prefix filtering,CORRECT AS IS,-,The Product Type option list was captured verbatim.,OK,OK,OK (ticket + spec anchor),OK,"EDIT NEEDED - add the non-final-build marker (build v3.4.1-0ed4433, observed 2026-08-03)",no
SBC-LOC-01,C30109,https://shopview.testrail.io/index.php?/cases/view/30109,SBC,LOC,"Location filter: rightmost, lists accessible locations, All locations on top",CORRECT AS IS,-,"Location column and filter observed on screen and in the CSVs, for single-location and multi-location scope.",OK,OK,OK (ticket + spec anchor),OK,"EDIT NEEDED - add the non-final-build marker (build v3.4.1-0ed4433, observed 2026-08-03)",no
SBC-LOC-03,C30111,https://shopview.testrail.io/index.php?/cases/view/30111,SBC,LOC,Selecting locations scopes the data; All locations covers every accessible one,CORRECT AS IS,-,"Location column and filter observed on screen and in the CSVs, for single-location and multi-location scope.",OK,REVIEW (title words not reflected in the expected result),OK (ticket + spec anchor),OK,"EDIT NEEDED - add the non-final-build marker (build v3.4.1-0ed4433, observed 2026-08-03)",no
SBC-CUST-01,C30112,https://shopview.testrail.io/index.php?/cases/view/30112,SBC,CUST,"Customer filter sits between Product Type and Location, carries a search icon",PARTLY OBSERVED,-,The Customer filter control and its type-ahead exist; searching behaviour not driven.,OK,OK,OK (ticket + spec anchor),OK,"EDIT NEEDED - add the non-final-build marker (build v3.4.1-0ed4433, observed 2026-08-03)",no
SBC-CUST-02,C30113,https://shopview.testrail.io/index.php?/cases/view/30113,SBC,CUST,Typing in the Customer filter lists matching customers by contains match,PARTLY OBSERVED,-,The Customer filter control and its type-ahead exist; searching behaviour not driven.,OK,OK,OK (ticket + spec anchor),OK,"EDIT NEEDED - add the non-final-build marker (build v3.4.1-0ed4433, observed 2026-08-03)",no
SBC-CUST-03,C30114,https://shopview.testrail.io/index.php?/cases/view/30114,SBC,CUST,Pinned control toggles All customers and Clear all; clearing shows empty state,PARTLY OBSERVED,-,The Customer filter control and its type-ahead exist; searching behaviour not driven.,OK,OK,OK (ticket + spec anchor),OK,"EDIT NEEDED - add the non-final-build marker (build v3.4.1-0ed4433, observed 2026-08-03)",no
SBC-CUST-04,C30115,https://shopview.testrail.io/index.php?/cases/view/30115,SBC,CUST,First load starts in the all-customers state and the report shows every customer,PARTLY OBSERVED,-,The Customer filter control and its type-ahead exist; searching behaviour not driven.,OK,OK,OK (ticket + spec anchor),OK,"EDIT NEEDED - add the non-final-build marker (build v3.4.1-0ed4433, observed 2026-08-03)",no
SBC-CUST-05,C30116,https://shopview.testrail.io/index.php?/cases/view/30116,SBC,CUST,"Collapsed label reads None, the customer's name, or N selected",PARTLY OBSERVED,-,The Customer filter control and its type-ahead exist; searching behaviour not driven.,OK,OK,OK (ticket + spec anchor),OK,"EDIT NEEDED - add the non-final-build marker (build v3.4.1-0ed4433, observed 2026-08-03)",no
SBC-CUST-06,C30117,https://shopview.testrail.io/index.php?/cases/view/30117,SBC,CUST,Changing the customer selection narrows the table and refreshes the totals,PARTLY OBSERVED,-,The Customer filter control and its type-ahead exist; searching behaviour not driven.,OK,OK,OK (ticket + spec anchor),OK,"EDIT NEEDED - add the non-final-build marker (build v3.4.1-0ed4433, observed 2026-08-03)",no
SBC-CUST-09,C30120,https://shopview.testrail.io/index.php?/cases/view/30120,SBC,CUST,A subset customer selection reconciles on a filter change; kept if present,PARTLY OBSERVED,-,The Customer filter control and its type-ahead exist; searching behaviour not driven.,OK,OK,OK (ticket + spec anchor),OK,"EDIT NEEDED - add the non-final-build marker (build v3.4.1-0ed4433, observed 2026-08-03)",no
SBC-LOC-04,C38912,https://shopview.testrail.io/index.php?/cases/view/38912,SBC,LOC,The Location column shows only with more than one location; Multiple on totals,NOT REACHED,Expected,"The ""Multiple"" cell wording was not observed (needs a row spanning locations).",OK,OK,OK (ticket + spec anchor),OK,"EDIT NEEDED - add the non-final-build marker (build v3.4.1-0ed4433, observed 2026-08-03)",yes
SBC-TREE-01,C30121,https://shopview.testrail.io/index.php?/cases/view/30121,SBC,TREE,Each customer gets one summary row with its invoice count in parentheses,NOT REACHED,-,"Row expansion was not read - the grid is virtualised, so the child rows need a scroll-and-read pass.",OK,OK,OK (ticket + spec anchor),OK,"EDIT NEEDED - add the non-final-build marker (build v3.4.1-0ed4433, observed 2026-08-03)",no
SBC-TREE-02,C30122,https://shopview.testrail.io/index.php?/cases/view/30122,SBC,TREE,A customer with no matching invoices in the current view is not shown,NOT REACHED,-,"Row expansion was not read - the grid is virtualised, so the child rows need a scroll-and-read pass.",OK,OK,OK (ticket + spec anchor),OK,"EDIT NEEDED - add the non-final-build marker (build v3.4.1-0ed4433, observed 2026-08-03)",no
SBC-TREE-03,C30123,https://shopview.testrail.io/index.php?/cases/view/30123,SBC,TREE,Expanding a customer reveals asset rows; chevrons toggle and are independent,NOT REACHED,-,"Row expansion was not read - the grid is virtualised, so the child rows need a scroll-and-read pass.",OK,OK,OK (ticket + spec anchor),OK,"EDIT NEEDED - add the non-final-build marker (build v3.4.1-0ed4433, observed 2026-08-03)",no
SBC-TREE-04,C30124,https://shopview.testrail.io/index.php?/cases/view/30124,SBC,TREE,Expanding an asset reveals its invoice rows with number link and date,NOT REACHED,-,"Row expansion was not read - the grid is virtualised, so the child rows need a scroll-and-read pass.",OK,OK,OK (ticket + spec anchor),OK,"EDIT NEEDED - add the non-final-build marker (build v3.4.1-0ed4433, observed 2026-08-03)",no
SBC-TREE-05,C30125,https://shopview.testrail.io/index.php?/cases/view/30125,SBC,TREE,Invoices group into one asset row per vehicle record,NOT REACHED,-,"Row expansion was not read - the grid is virtualised, so the child rows need a scroll-and-read pass.",OK,OK,OK (ticket + spec anchor),OK,"EDIT NEEDED - add the non-final-build marker (build v3.4.1-0ed4433, observed 2026-08-03)",no
SBC-TREE-06,C30126,https://shopview.testrail.io/index.php?/cases/view/30126,SBC,TREE,Asset rows order A to Z with the Parts Sales bucket always last,NOT REACHED,-,"Row expansion was not read - the grid is virtualised, so the child rows need a scroll-and-read pass.",OK,OK,OK (ticket + spec anchor),OK,"EDIT NEEDED - add the non-final-build marker (build v3.4.1-0ed4433, observed 2026-08-03)",no
SBC-TREE-08,C30128,https://shopview.testrail.io/index.php?/cases/view/30128,SBC,TREE,Header-row chevron expands or collapses every customer on the current page,NOT REACHED,-,"Row expansion was not read - the grid is virtualised, so the child rows need a scroll-and-read pass.",OK,OK,OK (ticket + spec anchor),OK,"EDIT NEEDED - add the non-final-build marker (build v3.4.1-0ed4433, observed 2026-08-03)",no
SBC-TREE-09,C30129,https://shopview.testrail.io/index.php?/cases/view/30129,SBC,TREE,Reload-causing changes collapse expansion; Customer filter typing does not,NOT REACHED,-,"Row expansion was not read - the grid is virtualised, so the child rows need a scroll-and-read pass.",OK,OK,OK (ticket + spec anchor),OK,"EDIT NEEDED - add the non-final-build marker (build v3.4.1-0ed4433, observed 2026-08-03)",no
SBC-TREE-10,C30130,https://shopview.testrail.io/index.php?/cases/view/30130,SBC,TREE,Edge: a single-invoice asset can still be expanded,NOT REACHED,-,"Row expansion was not read - the grid is virtualised, so the child rows need a scroll-and-read pass.",OK,OK,OK (ticket + spec anchor),OK,"EDIT NEEDED - add the non-final-build marker (build v3.4.1-0ed4433, observed 2026-08-03)",no
SBC-TREE-11,C30131,https://shopview.testrail.io/index.php?/cases/view/30131,SBC,TREE,A service (S) invoice with no vehicle also lands in the Parts Sales bucket,NOT REACHED,-,"Row expansion was not read - the grid is virtualised, so the child rows need a scroll-and-read pass.",OK,OK,OK (ticket + spec anchor),OK,"EDIT NEEDED - add the non-final-build marker (build v3.4.1-0ed4433, observed 2026-08-03)",no
SBC-TREE-12,C30132,https://shopview.testrail.io/index.php?/cases/view/30132,SBC,TREE,Reversed and voided invoices are excluded from every row; count and total,NOT REACHED,-,"Row expansion was not read - the grid is virtualised, so the child rows need a scroll-and-read pass.",OK,OK,OK (ticket + spec anchor),OK,"EDIT NEEDED - add the non-final-build marker (build v3.4.1-0ed4433, observed 2026-08-03)",no
SBC-TREE-13,C30133,https://shopview.testrail.io/index.php?/cases/view/30133,SBC,TREE,Every row type renders the same columns in the same order,NOT REACHED,-,"Row expansion was not read - the grid is virtualised, so the child rows need a scroll-and-read pass.",OK,OK,OK (ticket + spec anchor),OK,"EDIT NEEDED - add the non-final-build marker (build v3.4.1-0ed4433, observed 2026-08-03)",no
SBC-LBL-01,C30134,https://shopview.testrail.io/index.php?/cases/view/30134,SBC,LBL,"Asset identified by VIN, falling back to Unit #, then plate",NOT REACHED,-,Cell-level label rendering needs the virtualised rows read.,OK,OK,OK (ticket + spec anchor),OK,"EDIT NEEDED - add the non-final-build marker (build v3.4.1-0ed4433, observed 2026-08-03)",no
SBC-LBL-04,C30137,https://shopview.testrail.io/index.php?/cases/view/30137,SBC,LBL,Duplicate asset labels get stable (#1)/(#2) suffixes that survive reloads,NOT REACHED,-,Cell-level label rendering needs the virtualised rows read.,OK,REVIEW (title words not reflected in the expected result),OK (ticket + spec anchor),OK,"EDIT NEEDED - add the non-final-build marker (build v3.4.1-0ed4433, observed 2026-08-03)",no
SBC-LINK-01,C30138,https://shopview.testrail.io/index.php?/cases/view/30138,SBC,LINK,The invoice number opens the invoice in the same browser tab,NOT REACHED,-,Link targets need clicking through from a data row.,OK,OK,OK (ticket + spec anchor),OK,"EDIT NEEDED - add the non-final-build marker (build v3.4.1-0ed4433, observed 2026-08-03)",no
SBC-LINK-02,C30139,https://shopview.testrail.io/index.php?/cases/view/30139,SBC,LINK,Browser back from an invoice restores filters; sort and columns; rows shut,NOT REACHED,-,Link targets need clicking through from a data row.,OK,OK,OK (ticket + spec anchor),OK,"EDIT NEEDED - add the non-final-build marker (build v3.4.1-0ed4433, observed 2026-08-03)",no
SBC-LINK-03,C30140,https://shopview.testrail.io/index.php?/cases/view/30140,SBC,LINK,Customer name is plain text; the invoice link never turns visited-purple,NOT REACHED,-,Link targets need clicking through from a data row.,OK,OK,OK (ticket + spec anchor),OK,"EDIT NEEDED - add the non-final-build marker (build v3.4.1-0ed4433, observed 2026-08-03)",no
SBC-LINK-04,C30141,https://shopview.testrail.io/index.php?/cases/view/30141,SBC,LINK,An invoice deleted after load shows the not-found state and back returns,NOT REACHED,-,Link targets need clicking through from a data row.,OK,OK,OK (ticket + spec anchor),OK,"EDIT NEEDED - add the non-final-build marker (build v3.4.1-0ed4433, observed 2026-08-03)",no
SBC-SORT-01,C30142,https://shopview.testrail.io/index.php?/cases/view/30142,SBC,SORT,"All columns sortable except chevron; text alphabetical, numbers by value",NOT REACHED,-,Header-click sorting was not driven. Needs a UI pass clicking each sortable header and reading the resulting order.,OK,OK,OK (ticket + spec anchor),OK,"EDIT NEEDED - add the non-final-build marker (build v3.4.1-0ed4433, observed 2026-08-03)",no
SBC-SORT-02,C30143,https://shopview.testrail.io/index.php?/cases/view/30143,SBC,SORT,Default sort is Customer name ascending case-insensitive,NOT REACHED,-,Header-click sorting was not driven. Needs a UI pass clicking each sortable header and reading the resulting order.,OK,OK,OK (ticket + spec anchor),OK,"EDIT NEEDED - add the non-final-build marker (build v3.4.1-0ed4433, observed 2026-08-03)",no
SBC-SORT-03,C30144,https://shopview.testrail.io/index.php?/cases/view/30144,SBC,SORT,Missing values sort to the bottom ascending and to the top descending,NOT REACHED,-,Header-click sorting was not driven. Needs a UI pass clicking each sortable header and reading the resulting order.,OK,OK,OK (ticket + spec anchor),OK,"EDIT NEEDED - add the non-final-build marker (build v3.4.1-0ed4433, observed 2026-08-03)",no
SBC-SORT-04,C30145,https://shopview.testrail.io/index.php?/cases/view/30145,SBC,SORT,Sorting by Date orders customers by their most recent invoice date,NOT REACHED,-,Header-click sorting was not driven. Needs a UI pass clicking each sortable header and reading the resulting order.,OK,OK,OK (ticket + spec anchor),OK,"EDIT NEEDED - add the non-final-build marker (build v3.4.1-0ed4433, observed 2026-08-03)",no
SBC-CALC-01,C30149,https://shopview.testrail.io/index.php?/cases/view/30149,SBC,CALC,Financial columns run in the specified order with Subtotal and Margin rules,PARTLY OBSERVED,-,Money and hours invariants were recomputed against the live payload where the report exposes them.,OK,OK,OK (ticket + spec anchor),OK,"EDIT NEEDED - add the non-final-build marker (build v3.4.1-0ed4433, observed 2026-08-03)",no
SBC-CALC-02,C30150,https://shopview.testrail.io/index.php?/cases/view/30150,SBC,CALC,Margin % is Margin over Subtotal to one decimal; em dash when Subtotal <= 0,PARTLY OBSERVED,-,Money and hours invariants were recomputed against the live payload where the report exposes them.,OK,OK,OK (ticket + spec anchor),OK,"EDIT NEEDED - add the non-final-build marker (build v3.4.1-0ed4433, observed 2026-08-03)",no
SBC-CALC-03,C30151,https://shopview.testrail.io/index.php?/cases/view/30151,SBC,CALC,Inv. Hrs heading is verbatim; value shows +green / -red / 0.0 on every row,PARTLY OBSERVED,-,Money and hours invariants were recomputed against the live payload where the report exposes them.,OK,OK,OK (ticket + spec anchor),OK,"EDIT NEEDED - add the non-final-build marker (build v3.4.1-0ed4433, observed 2026-08-03)",no
SBC-CALC-04,C30152,https://shopview.testrail.io/index.php?/cases/view/30152,SBC,CALC,Inv. Hrs is never blank: no-labor rows and near-zero values both show 0.0,PARTLY OBSERVED,-,Money and hours invariants were recomputed against the live payload where the report exposes them.,OK,OK,OK (ticket + spec anchor),OK,"EDIT NEEDED - add the non-final-build marker (build v3.4.1-0ed4433, observed 2026-08-03)",no
SBC-CALC-05,C30153,https://shopview.testrail.io/index.php?/cases/view/30153,SBC,CALC,Invoice subtotals sum to their asset row and asset subtotals to the customer,PARTLY OBSERVED,-,Money and hours invariants were recomputed against the live payload where the report exposes them.,OK,OK,OK (ticket + spec anchor),OK,"EDIT NEEDED - add the non-final-build marker (build v3.4.1-0ed4433, observed 2026-08-03)",no
SBC-CALC-06,C30154,https://shopview.testrail.io/index.php?/cases/view/30154,SBC,CALC,Subtotal is the rightmost column; pinned on scroll and bold everywhere,PARTLY OBSERVED,-,Money and hours invariants were recomputed against the live payload where the report exposes them.,OK,OK,OK (ticket + spec anchor),OK,"EDIT NEEDED - add the non-final-build marker (build v3.4.1-0ed4433, observed 2026-08-03)",no
SBC-CALC-07,C30155,https://shopview.testrail.io/index.php?/cases/view/30155,SBC,CALC,The totals row covers the whole filtered set; not just the current page,PARTLY OBSERVED,-,Money and hours invariants were recomputed against the live payload where the report exposes them.,OK,REVIEW (title words not reflected in the expected result),OK (ticket + spec anchor),OK,"EDIT NEEDED - add the non-final-build marker (build v3.4.1-0ed4433, observed 2026-08-03)",no
SBC-COL-01,C30156,https://shopview.testrail.io/index.php?/cases/view/30156,SBC,COL,Column selector is its own toolbar button with nine toggles all on,CORRECT AS IS,Expected,"Nine toggles match in order; tooltip is ""Column Selection""; no Location toggle - all three confirmed. Tiny nit: our text puts the full stop inside the quotes.",OK,OK,OK (ticket + spec anchor),OK,"EDIT NEEDED - add the non-final-build marker (build v3.4.1-0ed4433, observed 2026-08-03)",yes
SBC-COL-02,C30157,https://shopview.testrail.io/index.php?/cases/view/30157,SBC,COL,"Column toggles hide header+cells; Customer, Subtotal and chevron never in list",CORRECT AS IS,Expected,"Customer, Subtotal and the chevron column are absent from the selector and always present.",OK,OK,OK (ticket + spec anchor),OK,"EDIT NEEDED - add the non-final-build marker (build v3.4.1-0ed4433, observed 2026-08-03)",yes
SBC-EXP-01,C30159,https://shopview.testrail.io/index.php?/cases/view/30159,SBC,EXP,The overflow menu holds exactly the four download items - no Print,CORRECT AS IS,Expected,"Four menu items match verbatim and in order, and there is no Print item anywhere on the build. This also answers the standing Print question.",OK,OK,OK (ticket + spec anchor),OK,"EDIT NEEDED - add the non-final-build marker (build v3.4.1-0ed4433, observed 2026-08-03)",yes
SBC-EXP-02,C30160,https://shopview.testrail.io/index.php?/cases/view/30160,SBC,EXP,Download file names carry the version and the active date range,PARTLY OBSERVED,-,"Export menu wording, CSV headers, the Locations line, the Totals row and the row-cap message were observed; PDF file CONTENTS were not (no PDF text extractor available).",OK,OK,OK (ticket + spec anchor),OK,"EDIT NEEDED - add the non-final-build marker (build v3.4.1-0ed4433, observed 2026-08-03)",no
SBC-EXP-03,C30161,https://shopview.testrail.io/index.php?/cases/view/30161,SBC,EXP,"Expanded View CSV: column order, blank-cell rules, and the Locations line",CORRECT AS IS,Expected,"PERFECT MATCH on both scopes: 13 columns single-location in the exact stated order, 14 with Location immediately after Date when more than one location is in scope.",OK,OK,OK (ticket + spec anchor),OK,"EDIT NEEDED - add the non-final-build marker (build v3.4.1-0ed4433, observed 2026-08-03)",yes
SBC-EXP-04,C30162,https://shopview.testrail.io/index.php?/cases/view/30162,SBC,EXP,CSV formats: Margin % plain; dates mm-dd-yyyy; currency plain; no color,PARTLY OBSERVED,-,"Export menu wording, CSV headers, the Locations line, the Totals row and the row-cap message were observed; PDF file CONTENTS were not (no PDF text extractor available).",OK,OK,OK (ticket + spec anchor),OK,"EDIT NEEDED - add the non-final-build marker (build v3.4.1-0ed4433, observed 2026-08-03)",no
SBC-EXP-05,C30163,https://shopview.testrail.io/index.php?/cases/view/30163,SBC,EXP,CSV and PDF hold exactly the customers matching the active filters and sort,PARTLY OBSERVED,-,"Export menu wording, CSV headers, the Locations line, the Totals row and the row-cap message were observed; PDF file CONTENTS were not (no PDF text extractor available).",OK,OK,OK (ticket + spec anchor),OK,"EDIT NEEDED - add the non-final-build marker (build v3.4.1-0ed4433, observed 2026-08-03)",no
SBC-EXP-06,C30164,https://shopview.testrail.io/index.php?/cases/view/30164,SBC,EXP,Each download item shows a loading state and its own export-failed toast,PARTLY OBSERVED,-,"Export menu wording, CSV headers, the Locations line, the Totals row and the row-cap message were observed; PDF file CONTENTS were not (no PDF text extractor available).",OK,OK,OK (ticket + spec anchor),OK,"EDIT NEEDED - add the non-final-build marker (build v3.4.1-0ed4433, observed 2026-08-03)",no
SBC-EXP-08,C30166,https://shopview.testrail.io/index.php?/cases/view/30166,SBC,EXP,"PDF page: A4 landscape, uniform margins, ShopView footer and page numbers",PARTLY OBSERVED,-,"Export menu wording, CSV headers, the Locations line, the Totals row and the row-cap message were observed; PDF file CONTENTS were not (no PDF text extractor available).",OK,OK,OK (ticket + spec anchor),OK,"EDIT NEEDED - add the non-final-build marker (build v3.4.1-0ed4433, observed 2026-08-03)",no
SBC-EXP-09,C30167,https://shopview.testrail.io/index.php?/cases/view/30167,SBC,EXP,"PDF header: title, organization, date range, Product Type and Locations lines",EDIT NEEDED,Expected,"CURRENT: the ""Locations:"" line  ||  PROPOSED: Position is now pinned: it is the FIRST line of the file. Also, with every location in scope it prints the words ""All locations"" rather than naming them.",OK,OK,OK (ticket + spec anchor),OK,"EDIT NEEDED - add the non-final-build marker (build v3.4.1-0ed4433, observed 2026-08-03)",yes
SBC-EXP-10,C30168,https://shopview.testrail.io/index.php?/cases/view/30168,SBC,EXP,"PDF logo is embedded, scales without distortion",PARTLY OBSERVED,-,"Export menu wording, CSV headers, the Locations line, the Totals row and the row-cap message were observed; PDF file CONTENTS were not (no PDF text extractor available).",OK,OK,OK (ticket + spec anchor),OK,"EDIT NEEDED - add the non-final-build marker (build v3.4.1-0ed4433, observed 2026-08-03)",no
SBC-EXP-11,C30169,https://shopview.testrail.io/index.php?/cases/view/30169,SBC,EXP,Expanded View PDF body matches the CSV's columns and on-screen rules,PARTLY OBSERVED,-,"Export menu wording, CSV headers, the Locations line, the Totals row and the row-cap message were observed; PDF file CONTENTS were not (no PDF text extractor available).",OK,OK,OK (ticket + spec anchor),OK,"EDIT NEEDED - add the non-final-build marker (build v3.4.1-0ed4433, observed 2026-08-03)",no
SBC-EXP-14,C30172,https://shopview.testrail.io/index.php?/cases/view/30172,SBC,EXP,"An export over 10,000 data rows is refused with the too-large toast",CORRECT AS IS,Expected,The too-large message matches the build verbatim. Observed at the API layer; the toast rendering still needs a UI step.,OK,OK,OK (ticket + spec anchor),OK,"EDIT NEEDED - add the non-final-build marker (build v3.4.1-0ed4433, observed 2026-08-03)",yes
SBC-EXP-15,C30173,https://shopview.testrail.io/index.php?/cases/view/30173,SBC,EXP,A no-match export still downloads headers and a zero totals row,REFUTED / EDIT NEEDED,Expected,"CURRENT: item 1: ""The export still downloads - no error and no warning is shown.""  ||  PROPOSED: The build shows a warning toast ""Empty export"" / ""Export didn't yield any results"" with a Close action and starts NO download.",OK,OK,OK (ticket + spec anchor),OK,"EDIT NEEDED - add the non-final-build marker (build v3.4.1-0ed4433, observed 2026-08-03)",yes
SBC-PERS-01,C30174,https://shopview.testrail.io/index.php?/cases/view/30174,SBC,PERS,Filters; sort and visible columns are restored on the next visit,NOT REACHED,-,"Persistence needs a set-then-revisit-then-reload pass, plus a second browser profile for the per-browser claim.",OK,OK,OK (ticket + spec anchor),OK,"EDIT NEEDED - add the non-final-build marker (build v3.4.1-0ed4433, observed 2026-08-03)",no
SBC-PERS-02,C30175,https://shopview.testrail.io/index.php?/cases/view/30175,SBC,PERS,"Type-ahead search text, expansion state and scroll position are not saved",NOT REACHED,-,"Persistence needs a set-then-revisit-then-reload pass, plus a second browser profile for the per-browser claim.",OK,OK,OK (ticket + spec anchor),OK,"EDIT NEEDED - add the non-final-build marker (build v3.4.1-0ed4433, observed 2026-08-03)",no
SBC-PERS-03,C30176,https://shopview.testrail.io/index.php?/cases/view/30176,SBC,PERS,A saved value that is no longer valid is dropped and falls back to default,NOT REACHED,-,"Persistence needs a set-then-revisit-then-reload pass, plus a second browser profile for the per-browser claim.",OK,OK,OK (ticket + spec anchor),OK,"EDIT NEEDED - add the non-final-build marker (build v3.4.1-0ed4433, observed 2026-08-03)",no
SBC-PERS-04,C30177,https://shopview.testrail.io/index.php?/cases/view/30177,SBC,PERS,The saved view is specific to this report and does not affect any other report,NOT REACHED,-,"Persistence needs a set-then-revisit-then-reload pass, plus a second browser profile for the per-browser claim.",OK,OK,OK (ticket + spec anchor),OK,"EDIT NEEDED - add the non-final-build marker (build v3.4.1-0ed4433, observed 2026-08-03)",no
SBC-PERS-05,C30178,https://shopview.testrail.io/index.php?/cases/view/30178,SBC,PERS,With no saved view every setting uses its own default,NOT REACHED,-,"Persistence needs a set-then-revisit-then-reload pass, plus a second browser profile for the per-browser claim.",OK,REVIEW (title words not reflected in the expected result),OK (ticket + spec anchor),OK,"EDIT NEEDED - add the non-final-build marker (build v3.4.1-0ed4433, observed 2026-08-03)",no
SBC-PERS-06,C30179,https://shopview.testrail.io/index.php?/cases/view/30179,SBC,PERS,When a saved view and a page-link range clash the saved view wins,NOT REACHED,-,"Persistence needs a set-then-revisit-then-reload pass, plus a second browser profile for the per-browser claim.",OK,OK,OK (ticket + spec anchor),OK,"EDIT NEEDED - add the non-final-build marker (build v3.4.1-0ed4433, observed 2026-08-03)",no
SBC-PERS-07,C30180,https://shopview.testrail.io/index.php?/cases/view/30180,SBC,PERS,Customer filter restore: all-customers stays all; an id set is intersected,NOT REACHED,-,"Persistence needs a set-then-revisit-then-reload pass, plus a second browser profile for the per-browser claim.",OK,OK,OK (ticket + spec anchor),OK,"EDIT NEEDED - add the non-final-build marker (build v3.4.1-0ed4433, observed 2026-08-03)",no
SBC-EXP-16,C38856,https://shopview.testrail.io/index.php?/cases/view/38856,SBC,EXP,Summary and Expanded View downloads exist for both PDF and CSV,PARTLY OBSERVED,-,"Export menu wording, CSV headers, the Locations line, the Totals row and the row-cap message were observed; PDF file CONTENTS were not (no PDF text extractor available).",OK,OK,OK (ticket + spec anchor),OK,"EDIT NEEDED - add the non-final-build marker (build v3.4.1-0ed4433, observed 2026-08-03)",no
SBC-EMPTY-01,C30181,https://shopview.testrail.io/index.php?/cases/view/30181,SBC,EMPTY,Empty state shows in the table body; toolbar interactive; kept selection returns,PARTLY OBSERVED,-,The empty-grid text and the empty-export toast were observed; the per-filter empty variants were not.,OK,OK,OK (ticket + spec anchor),OK,"EDIT NEEDED - add the non-final-build marker (build v3.4.1-0ed4433, observed 2026-08-03)",no
SBC-EMPTY-02,C30182,https://shopview.testrail.io/index.php?/cases/view/30182,SBC,EMPTY,The empty-state message never appears while the table is still loading,PARTLY OBSERVED,-,The empty-grid text and the empty-export toast were observed; the per-filter empty variants were not.,OK,OK,OK (ticket + spec anchor),OK,"EDIT NEEDED - add the non-final-build marker (build v3.4.1-0ed4433, observed 2026-08-03)",no
SBC-EMPTY-04,C30184,https://shopview.testrail.io/index.php?/cases/view/30184,SBC,EMPTY,A failed data fetch shows the error toast which fades after 5 seconds,PARTLY OBSERVED,-,The empty-grid text and the empty-export toast were observed; the per-filter empty variants were not.,OK,OK,OK (ticket + spec anchor),OK,"EDIT NEEDED - add the non-final-build marker (build v3.4.1-0ed4433, observed 2026-08-03)",no
SBC-VIS-01,C30185,https://shopview.testrail.io/index.php?/cases/view/30185,SBC,VIS,Page and toolbar match the suite theme in padding; surface and alignment,PARTLY OBSERVED,-,"Some visual facts observed (bold Totals row, pinned Total); font weights, colours and sticky behaviour on scroll were not measured.",OK,OK,OK (ticket + spec anchor),OK,"EDIT NEEDED - add the non-final-build marker (build v3.4.1-0ed4433, observed 2026-08-03)",no
SBC-VIS-02,C30186,https://shopview.testrail.io/index.php?/cases/view/30186,SBC,VIS,Row surfaces alternate by tree level; header and totals rows stay white,PARTLY OBSERVED,-,"Some visual facts observed (bold Totals row, pinned Total); font weights, colours and sticky behaviour on scroll were not measured.",OK,OK,OK (ticket + spec anchor),OK,"EDIT NEEDED - add the non-final-build marker (build v3.4.1-0ed4433, observed 2026-08-03)",no
SBC-VIS-03,C30187,https://shopview.testrail.io/index.php?/cases/view/30187,SBC,VIS,Dark mode darkens every surface while the PDF always renders light,PARTLY OBSERVED,-,"Some visual facts observed (bold Totals row, pinned Total); font weights, colours and sticky behaviour on scroll were not measured.",OK,OK,OK (ticket + spec anchor),OK,"EDIT NEEDED - add the non-final-build marker (build v3.4.1-0ed4433, observed 2026-08-03)",no
SBC-MOB-01,C30188,https://shopview.testrail.io/index.php?/cases/view/30188,SBC,MOB,On a phone every toolbar control works on touch; the toolbar splits in two,NOT REACHED,-,Needs a narrow-viewport pass.,OK,OK,OK (ticket + spec anchor),OK,"EDIT NEEDED - add the non-final-build marker (build v3.4.1-0ed4433, observed 2026-08-03)",no
SBC-MOB-02,C30189,https://shopview.testrail.io/index.php?/cases/view/30189,SBC,MOB,On touch the table scrolls sideways with Subtotal pinned and chevrons work,NOT REACHED,-,Needs a narrow-viewport pass.,OK,OK,OK (ticket + spec anchor),OK,"EDIT NEEDED - add the non-final-build marker (build v3.4.1-0ed4433, observed 2026-08-03)",no
SBC-API-01,C30190,https://shopview.testrail.io/index.php?/cases/view/30190,SBC,API,Asset and invoice rows are fetched on first expand; one call per customer,PARTLY OBSERVED,-,"Endpoints, parameters and status codes observed; pagination/sort round-trips not exercised case by case.",OK,OK,OK (ticket + spec anchor),API case - must sit in an API-titled section,"EDIT NEEDED - add the non-final-build marker (build v3.4.1-0ed4433, observed 2026-08-03)",no
SBC-API-02,C30191,https://shopview.testrail.io/index.php?/cases/view/30191,SBC,API,Sorting is applied on the server and re-fetches the first page,PARTLY OBSERVED,-,"Endpoints, parameters and status codes observed; pagination/sort round-trips not exercised case by case.",OK,OK,OK (ticket + spec anchor),API case - must sit in an API-titled section,"EDIT NEEDED - add the non-final-build marker (build v3.4.1-0ed4433, observed 2026-08-03)",no
SBC-API-03,C30192,https://shopview.testrail.io/index.php?/cases/view/30192,SBC,API,The Customer type-ahead queries the server instead of loading every name,PARTLY OBSERVED,-,"Endpoints, parameters and status codes observed; pagination/sort round-trips not exercised case by case.",OK,REVIEW (title words not reflected in the expected result),OK (ticket + spec anchor),API case - must sit in an API-titled section,"EDIT NEEDED - add the non-final-build marker (build v3.4.1-0ed4433, observed 2026-08-03)",no
SBC-API-04,C30193,https://shopview.testrail.io/index.php?/cases/view/30193,SBC,API,Customer rows are server-paginated; the totals row is server-computed,PARTLY OBSERVED,-,"Endpoints, parameters and status codes observed; pagination/sort round-trips not exercised case by case.",OK,OK,OK (ticket + spec anchor),API case - must sit in an API-titled section,"EDIT NEEDED - add the non-final-build marker (build v3.4.1-0ed4433, observed 2026-08-03)",no
SBC-API-05,C30194,https://shopview.testrail.io/index.php?/cases/view/30194,SBC,API,"Exports are server-generated and the 10,000-row cap is counted first",PARTLY OBSERVED,-,"Endpoints, parameters and status codes observed; pagination/sort round-trips not exercised case by case.",OK,OK,OK (ticket + spec anchor),API case - must sit in an API-titled section,"EDIT NEEDED - add the non-final-build marker (build v3.4.1-0ed4433, observed 2026-08-03)",no
SBR-NAV-01,C30195,https://shopview.testrail.io/index.php?/cases/view/30195,SBR,NAV,"Sales By Representative under Performance, below existing links; titles correct",CORRECT AS IS,-,Route and navigation placement observed live; see the nav map. Any group-name claim is corrected in the label diff.,OK,OK,OK (ticket + spec anchor),OK,"EDIT NEEDED - add the non-final-build marker (build v3.4.1-0ed4433, observed 2026-08-03)",no
SBR-NAV-03,C30197,https://shopview.testrail.io/index.php?/cases/view/30197,SBR,NAV,The nav entry fits the full Sales By Representative label; no truncation,CORRECT AS IS,-,Route and navigation placement observed live; see the nav map. Any group-name claim is corrected in the label diff.,OK,OK,OK (ticket + spec anchor),OK,"EDIT NEEDED - add the non-final-build marker (build v3.4.1-0ed4433, observed 2026-08-03)",no
SBR-PERM-01,C30198,https://shopview.testrail.io/index.php?/cases/view/30198,SBR,PERM,Sales By Representative is visible to anyone who sees another Performance report,CORRECT AS IS,-,Verified both ways live: with ordinary reports access all six reports and exports return 200; without it all six return 403 Access denied.,OK,OK,OK (ticket + spec anchor),OK,"EDIT NEEDED - add the non-final-build marker (build v3.4.1-0ed4433, observed 2026-08-03)",no
SBR-PERM-02,C30199,https://shopview.testrail.io/index.php?/cases/view/30199,SBR,PERM,"Without Reports access: no navigation, no export menu, no Export dialog",CORRECT AS IS,-,Verified both ways live: with ordinary reports access all six reports and exports return 200; without it all six return 403 Access denied.,OK,OK,OK (ticket + spec anchor),OK,"EDIT NEEDED - add the non-final-build marker (build v3.4.1-0ed4433, observed 2026-08-03)",no
SBR-PERM-03,C30200,https://shopview.testrail.io/index.php?/cases/view/30200,SBR,PERM,Without staff-administration access the deactivation flow is unreachable,CORRECT AS IS,-,Verified both ways live: with ordinary reports access all six reports and exports return 200; without it all six return 403 Access denied.,OK,REVIEW (title words not reflected in the expected result),OK (ticket + spec anchor),OK,"EDIT NEEDED - add the non-final-build marker (build v3.4.1-0ed4433, observed 2026-08-03)",no
SBR-DATE-01,C30201,https://shopview.testrail.io/index.php?/cases/view/30201,SBR,DATE,Date range picker is in the toolbar and offers the standard presets plus Custom,PARTLY OBSERVED,-,The date-range picker presets and controls were captured verbatim; individual range maths not driven.,OK,OK,OK (ticket + spec anchor),OK,"EDIT NEEDED - add the non-final-build marker (build v3.4.1-0ed4433, observed 2026-08-03)",no
SBR-DATE-02,C30202,https://shopview.testrail.io/index.php?/cases/view/30202,SBR,DATE,A Custom range uses the date-picker and holds a 366-day maximum span,PARTLY OBSERVED,-,The date-range picker presets and controls were captured verbatim; individual range maths not driven.,OK,OK,OK (ticket + spec anchor),OK,"EDIT NEEDED - add the non-final-build marker (build v3.4.1-0ed4433, observed 2026-08-03)",no
SBR-DATE-04,C30204,https://shopview.testrail.io/index.php?/cases/view/30204,SBR,DATE,An invoice sits in the range by its own invoice date; endpoints included,PARTLY OBSERVED,-,The date-range picker presets and controls were captured verbatim; individual range maths not driven.,OK,OK,OK (ticket + spec anchor),OK,"EDIT NEEDED - add the non-final-build marker (build v3.4.1-0ed4433, observed 2026-08-03)",no
SBR-TYPE-02,C30206,https://shopview.testrail.io/index.php?/cases/view/30206,SBR,TYPE,"Product Type: three options, Parts & Service default, each option filters right",CORRECT AS IS,-,The Product Type option list was captured verbatim.,OK,OK,OK (ticket + spec anchor),OK,"EDIT NEEDED - add the non-final-build marker (build v3.4.1-0ed4433, observed 2026-08-03)",no
SBR-STAT-01,C30208,https://shopview.testrail.io/index.php?/cases/view/30208,SBR,STAT,Invoice Status offers exactly four options; All Statuses is the default,PARTLY OBSERVED,-,The Invoice Status option list was captured verbatim; filtering behaviour not driven.,OK,OK,OK (ticket + spec anchor),OK,"EDIT NEEDED - add the non-final-build marker (build v3.4.1-0ed4433, observed 2026-08-03)",no
SBR-STAT-02,C30209,https://shopview.testrail.io/index.php?/cases/view/30209,SBR,STAT,Status filtering matches on the mapped display value,PARTLY OBSERVED,-,The Invoice Status option list was captured verbatim; filtering behaviour not driven.,OK,OK,OK (ticket + spec anchor),OK,"EDIT NEEDED - add the non-final-build marker (build v3.4.1-0ed4433, observed 2026-08-03)",no
SBR-STAT-04,C30211,https://shopview.testrail.io/index.php?/cases/view/30211,SBR,STAT,Filters compose: a rep appears only with an invoice matching ALL active filters,PARTLY OBSERVED,-,The Invoice Status option list was captured verbatim; filtering behaviour not driven.,OK,OK,OK (ticket + spec anchor),OK,"EDIT NEEDED - add the non-final-build marker (build v3.4.1-0ed4433, observed 2026-08-03)",no
SBR-STAT-05,C30212,https://shopview.testrail.io/index.php?/cases/view/30212,SBR,STAT,"Money columns always show invoiced amounts, never the outstanding balance",PARTLY OBSERVED,-,The Invoice Status option list was captured verbatim; filtering behaviour not driven.,OK,REVIEW (title words not reflected in the expected result),OK (ticket + spec anchor),OK,"EDIT NEEDED - add the non-final-build marker (build v3.4.1-0ed4433, observed 2026-08-03)",no
SBR-LOC-01,C30213,https://shopview.testrail.io/index.php?/cases/view/30213,SBR,LOC,Location filter is the rightmost control with an All Locations option,CORRECT AS IS,-,"Location column and filter observed on screen and in the CSVs, for single-location and multi-location scope.",OK,OK,OK (ticket + spec anchor),OK,"EDIT NEEDED - add the non-final-build marker (build v3.4.1-0ed4433, observed 2026-08-03)",no
SBR-LOC-03,C30215,https://shopview.testrail.io/index.php?/cases/view/30215,SBR,LOC,Location selection cascades; an inaccessible location's data is never included,CORRECT AS IS,-,"Location column and filter observed on screen and in the CSVs, for single-location and multi-location scope.",OK,OK,OK (ticket + spec anchor),OK,"EDIT NEEDED - add the non-final-build marker (build v3.4.1-0ed4433, observed 2026-08-03)",no
SBR-LOC-04,C30216,https://shopview.testrail.io/index.php?/cases/view/30216,SBR,LOC,Sales By Representative: Location filter hidden for a one-location user,DEVIATION,Expected,"CURRENT: the Location filter is hidden for a single-location user  ||  PROPOSED: NO CHANGE - the case follows Chris Ward Q1=A (hidden). OBSERVED LIVE: a user with access to ONE location still SEES the Location filter on all six reports, i.e. the build follows the un-updated spec text (""still sees the filter""). Build behind the ruling. This is the highest-risk open item.",OK,OK,OK (ticket + spec anchor),OK,"EDIT NEEDED - add the non-final-build marker (build v3.4.1-0ed4433, observed 2026-08-03)",yes
SBR-LOC-05,C38913,https://shopview.testrail.io/index.php?/cases/view/38913,SBR,LOC,The Location column shows only with more than one location; rep rows Multiple,CORRECT AS IS,-,"Location column and filter observed on screen and in the CSVs, for single-location and multi-location scope.",OK,OK,OK (ticket + spec anchor),OK,"EDIT NEEDED - add the non-final-build marker (build v3.4.1-0ed4433, observed 2026-08-03)",no
SBR-ROW-01,C30217,https://shopview.testrail.io/index.php?/cases/view/30217,SBR,ROW,A rep row appears only when the rep has a matching non-reversed invoice,PARTLY OBSERVED,-,Row model confirmed from the live payload; on-screen row rendering not read (virtualised grid).,OK,OK,OK (ticket + spec anchor),OK,"EDIT NEEDED - add the non-final-build marker (build v3.4.1-0ed4433, observed 2026-08-03)",no
SBR-ROW-02,C30218,https://shopview.testrail.io/index.php?/cases/view/30218,SBR,ROW,"Row layout: 12 columns in order, blanks in position, bold summary rows",PARTLY OBSERVED,-,Row model confirmed from the live payload; on-screen row rendering not read (virtualised grid).,OK,OK,OK (ticket + spec anchor),OK,"EDIT NEEDED - add the non-final-build marker (build v3.4.1-0ed4433, observed 2026-08-03)",no
SBR-ROW-03,C30219,https://shopview.testrail.io/index.php?/cases/view/30219,SBR,ROW,A toggled-off or deleted contributor still appears; tagged (Inactive),PARTLY OBSERVED,-,Row model confirmed from the live payload; on-screen row rendering not read (virtualised grid).,OK,OK,OK (ticket + spec anchor),OK,"EDIT NEEDED - add the non-final-build marker (build v3.4.1-0ed4433, observed 2026-08-03)",no
SBR-TREE-05,C30221,https://shopview.testrail.io/index.php?/cases/view/30221,SBR,TREE,Expanding a rep loads its invoices on demand with a row-level spinner,NOT REACHED,-,"Row expansion was not read - the grid is virtualised, so the child rows need a scroll-and-read pass.",OK,REVIEW (title words not reflected in the expected result),OK (ticket + spec anchor),OK,"EDIT NEEDED - add the non-final-build marker (build v3.4.1-0ed4433, observed 2026-08-03)",no
SBR-TREE-06,C30222,https://shopview.testrail.io/index.php?/cases/view/30222,SBR,TREE,The header chevron expands every visible rep and its glyph tracks state,NOT REACHED,-,"Row expansion was not read - the grid is virtualised, so the child rows need a scroll-and-read pass.",OK,OK,OK (ticket + spec anchor),OK,"EDIT NEEDED - add the non-final-build marker (build v3.4.1-0ed4433, observed 2026-08-03)",no
SBR-TREE-07,C30223,https://shopview.testrail.io/index.php?/cases/view/30223,SBR,TREE,Each invoice appears under exactly one rep or the Unassigned row,NOT REACHED,-,"Row expansion was not read - the grid is virtualised, so the child rows need a scroll-and-read pass.",OK,OK,OK (ticket + spec anchor),OK,"EDIT NEEDED - add the non-final-build marker (build v3.4.1-0ed4433, observed 2026-08-03)",no
SBR-TREE-08,C30224,https://shopview.testrail.io/index.php?/cases/view/30224,SBR,TREE,"Expansion survives filter and sort changes within the session, resets on reload",NOT REACHED,-,"Row expansion was not read - the grid is virtualised, so the child rows need a scroll-and-read pass.",OK,OK,OK (ticket + spec anchor),OK,"EDIT NEEDED - add the non-final-build marker (build v3.4.1-0ed4433, observed 2026-08-03)",no
SBR-TREE-09,C30225,https://shopview.testrail.io/index.php?/cases/view/30225,SBR,TREE,Detail rows run newest first with a numeric invoice-number tie-break,NOT REACHED,-,"Row expansion was not read - the grid is virtualised, so the child rows need a scroll-and-read pass.",OK,OK,OK (ticket + spec anchor),OK,"EDIT NEEDED - add the non-final-build marker (build v3.4.1-0ed4433, observed 2026-08-03)",no
SBR-BADGE-01,C30226,https://shopview.testrail.io/index.php?/cases/view/30226,SBR,BADGE,Status badge between Customer and Inv. Hrs; every detail row shows mapped text,NOT REACHED,-,Badge colours/labels need a rendered data row.,OK,OK,OK (ticket + spec anchor),OK,"EDIT NEEDED - add the non-final-build marker (build v3.4.1-0ed4433, observed 2026-08-03)",no
SBR-BADGE-02,C30227,https://shopview.testrail.io/index.php?/cases/view/30227,SBR,BADGE,Badge colors use the canonical payment-status tokens in light and dark,NOT REACHED,-,Badge colours/labels need a rendered data row.,OK,OK,OK (ticket + spec anchor),OK,"EDIT NEEDED - add the non-final-build marker (build v3.4.1-0ed4433, observed 2026-08-03)",no
SBR-CALC-01,C30229,https://shopview.testrail.io/index.php?/cases/view/30229,SBR,CALC,Inv. Hrs is hours invoiced minus hours worked; half-up to one decimal,PARTLY OBSERVED,-,Money and hours invariants were recomputed against the live payload where the report exposes them.,OK,OK,OK (ticket + spec anchor),OK,"EDIT NEEDED - add the non-final-build marker (build v3.4.1-0ed4433, observed 2026-08-03)",no
SBR-CALC-02,C30230,https://shopview.testrail.io/index.php?/cases/view/30230,SBR,CALC,"Inv. Hrs: +green, -red, 0.0 default on every row; rollups from unrounded deltas",PARTLY OBSERVED,-,Money and hours invariants were recomputed against the live payload where the report exposes them.,OK,OK,OK (ticket + spec anchor),OK,"EDIT NEEDED - add the non-final-build marker (build v3.4.1-0ed4433, observed 2026-08-03)",no
SBR-CALC-03,C30231,https://shopview.testrail.io/index.php?/cases/view/30231,SBR,CALC,No-labor-no-time invoices show 0.0; clocked-unbilled work shows negative,PARTLY OBSERVED,-,Money and hours invariants were recomputed against the live payload where the report exposes them.,OK,OK,OK (ticket + spec anchor),OK,"EDIT NEEDED - add the non-final-build marker (build v3.4.1-0ed4433, observed 2026-08-03)",no
SBR-CALC-05,C30233,https://shopview.testrail.io/index.php?/cases/view/30233,SBR,CALC,Margin % to one decimal; em dash when Subtotal <= 0; recomputed on rollups,PARTLY OBSERVED,-,Money and hours invariants were recomputed against the live payload where the report exposes them.,OK,OK,OK (ticket + spec anchor),OK,"EDIT NEEDED - add the non-final-build marker (build v3.4.1-0ed4433, observed 2026-08-03)",no
SBR-CALC-06,C30234,https://shopview.testrail.io/index.php?/cases/view/30234,SBR,CALC,Money columns use the standardized labels and definitions,PARTLY OBSERVED,-,Money and hours invariants were recomputed against the live payload where the report exposes them.,OK,REVIEW (title words not reflected in the expected result),OK (ticket + spec anchor),OK,"EDIT NEEDED - add the non-final-build marker (build v3.4.1-0ed4433, observed 2026-08-03)",no
SBR-CALC-07,C30235,https://shopview.testrail.io/index.php?/cases/view/30235,SBR,CALC,Negative dollar values render in accounting parentheses; money columns only,PARTLY OBSERVED,-,Money and hours invariants were recomputed against the live payload where the report exposes them.,OK,OK,OK (ticket + spec anchor),OK,"EDIT NEEDED - add the non-final-build marker (build v3.4.1-0ed4433, observed 2026-08-03)",no
SBR-CALC-08,C30236,https://shopview.testrail.io/index.php?/cases/view/30236,SBR,CALC,Half-up rounding at each precision; totals may differ by one last-decimal unit,PARTLY OBSERVED,-,Money and hours invariants were recomputed against the live payload where the report exposes them.,OK,OK,OK (ticket + spec anchor),OK,"EDIT NEEDED - add the non-final-build marker (build v3.4.1-0ed4433, observed 2026-08-03)",no
SBR-TOT-01,C30237,https://shopview.testrail.io/index.php?/cases/view/30237,SBR,TOT,"Subtotal: rightmost, pinned right, bold everywhere; header row sticky on scroll",PARTLY OBSERVED,-,Totals row observed on screen and in the CSVs.,OK,OK,OK (ticket + spec anchor),OK,"EDIT NEEDED - add the non-final-build marker (build v3.4.1-0ed4433, observed 2026-08-03)",no
SBR-TOT-02,C30238,https://shopview.testrail.io/index.php?/cases/view/30238,SBR,TOT,Desktop Totals row merges the identifier columns and sticks to the bottom,PARTLY OBSERVED,-,Totals row observed on screen and in the CSVs.,OK,OK,OK (ticket + spec anchor),OK,"EDIT NEEDED - add the non-final-build marker (build v3.4.1-0ed4433, observed 2026-08-03)",no
SBR-TOT-03,C30239,https://shopview.testrail.io/index.php?/cases/view/30239,SBR,TOT,Mobile shows a simplified totals bar below the table; Subtotal at right,PARTLY OBSERVED,-,Totals row observed on screen and in the CSVs.,OK,OK,OK (ticket + spec anchor),OK,"EDIT NEEDED - add the non-final-build marker (build v3.4.1-0ed4433, observed 2026-08-03)",no
SBR-SORT-01,C30241,https://shopview.testrail.io/index.php?/cases/view/30241,SBR,SORT,All eight financial columns are sortable,NOT REACHED,-,Header-click sorting was not driven. Needs a UI pass clicking each sortable header and reading the resulting order.,OK,OK,OK (ticket + spec anchor),OK,"EDIT NEEDED - add the non-final-build marker (build v3.4.1-0ed4433, observed 2026-08-03)",no
SBR-SORT-02,C30242,https://shopview.testrail.io/index.php?/cases/view/30242,SBR,SORT,"Default order is plain A to Z by display name, case-insensitive",NOT REACHED,-,Header-click sorting was not driven. Needs a UI pass clicking each sortable header and reading the resulting order.,OK,OK,OK (ticket + spec anchor),OK,"EDIT NEEDED - add the non-final-build marker (build v3.4.1-0ed4433, observed 2026-08-03)",no
SBR-SORT-03,C30243,https://shopview.testrail.io/index.php?/cases/view/30243,SBR,SORT,First header click sorts ascending; second descending; no third state,NOT REACHED,-,Header-click sorting was not driven. Needs a UI pass clicking each sortable header and reading the resulting order.,OK,OK,OK (ticket + spec anchor),OK,"EDIT NEEDED - add the non-final-build marker (build v3.4.1-0ed4433, observed 2026-08-03)",no
SBR-SORT-04,C30244,https://shopview.testrail.io/index.php?/cases/view/30244,SBR,SORT,Sorting reorders rep rows only; Unassigned stays pinned on top,NOT REACHED,-,Header-click sorting was not driven. Needs a UI pass clicking each sortable header and reading the resulting order.,OK,OK,OK (ticket + spec anchor),OK,"EDIT NEEDED - add the non-final-build marker (build v3.4.1-0ed4433, observed 2026-08-03)",no
SBR-SORT-05,C30245,https://shopview.testrail.io/index.php?/cases/view/30245,SBR,SORT,Ties keep the A to Z order and an em-dash Margin % sorts as zero,NOT REACHED,-,Header-click sorting was not driven. Needs a UI pass clicking each sortable header and reading the resulting order.,OK,OK,OK (ticket + spec anchor),OK,"EDIT NEEDED - add the non-final-build marker (build v3.4.1-0ed4433, observed 2026-08-03)",no
SBR-CALC-09,C38894,https://shopview.testrail.io/index.php?/cases/view/38894,SBR,CALC,A clock-record edit after invoicing updates Inv. Hrs; billed money stays put,PARTLY OBSERVED,-,Money and hours invariants were recomputed against the live payload where the report exposes them.,OK,OK,OK (ticket + spec anchor),OK,"EDIT NEEDED - add the non-final-build marker (build v3.4.1-0ed4433, observed 2026-08-03)",no
SBR-LINK-01,C30247,https://shopview.testrail.io/index.php?/cases/view/30247,SBR,LINK,Detail-row invoice number and customer name links navigate in the current tab,NOT REACHED,-,Link targets need clicking through from a data row.,OK,OK,OK (ticket + spec anchor),OK,"EDIT NEEDED - add the non-final-build marker (build v3.4.1-0ed4433, observed 2026-08-03)",no
SBR-LINK-03,C30249,https://shopview.testrail.io/index.php?/cases/view/30249,SBR,LINK,Browser back from a drilldown restores expansion and scroll; no reload,NOT REACHED,-,Link targets need clicking through from a data row.,OK,OK,OK (ticket + spec anchor),OK,"EDIT NEEDED - add the non-final-build marker (build v3.4.1-0ed4433, observed 2026-08-03)",no
SBR-LINK-04,C30250,https://shopview.testrail.io/index.php?/cases/view/30250,SBR,LINK,Invoice links use theme-primary; customer links use the body color,NOT REACHED,-,Link targets need clicking through from a data row.,OK,OK,OK (ticket + spec anchor),OK,"EDIT NEEDED - add the non-final-build marker (build v3.4.1-0ed4433, observed 2026-08-03)",no
SBR-LINK-05,C30251,https://shopview.testrail.io/index.php?/cases/view/30251,SBR,LINK,An unavailable link destination shows the standard not-found state,NOT REACHED,-,Link targets need clicking through from a data row.,OK,OK,OK (ticket + spec anchor),OK,"EDIT NEEDED - add the non-final-build marker (build v3.4.1-0ed4433, observed 2026-08-03)",no
SBR-DEACT-02,C30253,https://shopview.testrail.io/index.php?/cases/view/30253,SBR,DEACT,"Deactivate dialog: counted pluralized headline, reassurance, focus trap",NOT REACHED,-,The rep-deactivation dialog needs to be driven end to end.,OK,OK,OK (ticket + spec anchor),OK,"EDIT NEEDED - add the non-final-build marker (build v3.4.1-0ed4433, observed 2026-08-03)",no
SBR-DEACT-03,C30254,https://shopview.testrail.io/index.php?/cases/view/30254,SBR,DEACT,Type-YES gate: auto-focus; case-insensitive match; Enter submits,NOT REACHED,-,The rep-deactivation dialog needs to be driven end to end.,OK,OK,OK (ticket + spec anchor),OK,"EDIT NEEDED - add the non-final-build marker (build v3.4.1-0ed4433, observed 2026-08-03)",no
SBR-DEACT-04,C30255,https://shopview.testrail.io/index.php?/cases/view/30255,SBR,DEACT,Cancel and X dismiss the Deactivate dialog; Escape and clicking outside do not,NOT REACHED,-,The rep-deactivation dialog needs to be driven end to end.,OK,OK,OK (ticket + spec anchor),OK,"EDIT NEEDED - add the non-final-build marker (build v3.4.1-0ed4433, observed 2026-08-03)",no
SBR-DEACT-05,C30256,https://shopview.testrail.io/index.php?/cases/view/30256,SBR,DEACT,"Valid submit locks the dialog, then deactivates keeping assignments",NOT REACHED,-,The rep-deactivation dialog needs to be driven end to end.,OK,OK,OK (ticket + spec anchor),OK,"EDIT NEEDED - add the non-final-build marker (build v3.4.1-0ed4433, observed 2026-08-03)",no
SBR-DEACT-06,C30257,https://shopview.testrail.io/index.php?/cases/view/30257,SBR,DEACT,"After deactivation: toggle unchanged, CSV shows No, report credit intact",NOT REACHED,-,The rep-deactivation dialog needs to be driven end to end.,OK,OK,OK (ticket + spec anchor),OK,"EDIT NEEDED - add the non-final-build marker (build v3.4.1-0ed4433, observed 2026-08-03)",no
SBR-DEACT-07,C30258,https://shopview.testrail.io/index.php?/cases/view/30258,SBR,DEACT,"No dialog: toggle off, no assignments, already inactive, or reactivation",NOT REACHED,-,The rep-deactivation dialog needs to be driven end to end.,OK,OK,OK (ticket + spec anchor),OK,"EDIT NEEDED - add the non-final-build marker (build v3.4.1-0ed4433, observed 2026-08-03)",no
SBR-DEACT-08,C30259,https://shopview.testrail.io/index.php?/cases/view/30259,SBR,DEACT,A deactivation failure shows the error toast and leaves the status alone,NOT REACHED,-,The rep-deactivation dialog needs to be driven end to end.,OK,OK,OK (ticket + spec anchor),OK,"EDIT NEEDED - add the non-final-build marker (build v3.4.1-0ed4433, observed 2026-08-03)",no
SBR-UNAS-01,C30261,https://shopview.testrail.io/index.php?/cases/view/30261,SBR,UNAS,"Show Unassigned sits between the column selector and the date picker, off",PARTLY OBSERVED,-,"The ""Show Unassigned"" control exists on the build; its behaviour was not driven.",OK,OK,OK (ticket + spec anchor),OK,"EDIT NEEDED - add the non-final-build marker (build v3.4.1-0ed4433, observed 2026-08-03)",no
SBR-UNAS-02,C30262,https://shopview.testrail.io/index.php?/cases/view/30262,SBR,UNAS,Show Unassigned adds one top-pinned Unassigned row that acts like a rep row,PARTLY OBSERVED,-,"The ""Show Unassigned"" control exists on the build; its behaviour was not driven.",OK,OK,OK (ticket + spec anchor),OK,"EDIT NEEDED - add the non-final-build marker (build v3.4.1-0ed4433, observed 2026-08-03)",no
SBR-UNAS-04,C30264,https://shopview.testrail.io/index.php?/cases/view/30264,SBR,UNAS,No empty Unassigned row is ever rendered,PARTLY OBSERVED,-,"The ""Show Unassigned"" control exists on the build; its behaviour was not driven.",OK,OK,OK (ticket + spec anchor),OK,"EDIT NEEDED - add the non-final-build marker (build v3.4.1-0ed4433, observed 2026-08-03)",no
SBR-COL-01,C30265,https://shopview.testrail.io/index.php?/cases/view/30265,SBR,COL,Column selector: seven metric toggles; five always-on columns cannot be hidden,CORRECT AS IS,Expected,Seven toggles and the five always-on columns both match the build exactly.,OK,OK,OK (ticket + spec anchor),OK,"EDIT NEEDED - add the non-final-build marker (build v3.4.1-0ed4433, observed 2026-08-03)",yes
SBR-COL-03,C30267,https://shopview.testrail.io/index.php?/cases/view/30267,SBR,COL,Toggling a column applies at once to summary; detail and Totals rows,CORRECT AS IS,-,"Column headers, order and the Column Selection contents were captured verbatim from the build.",OK,OK,OK (ticket + spec anchor),OK,"EDIT NEEDED - add the non-final-build marker (build v3.4.1-0ed4433, observed 2026-08-03)",no
SBR-COL-04,C30268,https://shopview.testrail.io/index.php?/cases/view/30268,SBR,COL,Column visibility never affects the exports,CORRECT AS IS,-,"Column headers, order and the Column Selection contents were captured verbatim from the build.",OK,REVIEW (title words not reflected in the expected result),OK (ticket + spec anchor),OK,"EDIT NEEDED - add the non-final-build marker (build v3.4.1-0ed4433, observed 2026-08-03)",no
SBR-COL-05,C30269,https://shopview.testrail.io/index.php?/cases/view/30269,SBR,COL,Hiding the active sort column keeps the sort,CORRECT AS IS,-,"Column headers, order and the Column Selection contents were captured verbatim from the build.",OK,OK,OK (ticket + spec anchor),OK,"EDIT NEEDED - add the non-final-build marker (build v3.4.1-0ed4433, observed 2026-08-03)",no
SBR-PERS-01,C30271,https://shopview.testrail.io/index.php?/cases/view/30271,SBR,PERS,All filter and view settings are restored before the first data fetch,NOT REACHED,-,"Persistence needs a set-then-revisit-then-reload pass, plus a second browser profile for the per-browser claim.",OK,OK,OK (ticket + spec anchor),OK,"EDIT NEEDED - add the non-final-build marker (build v3.4.1-0ed4433, observed 2026-08-03)",no
SBR-PERS-02,C30272,https://shopview.testrail.io/index.php?/cases/view/30272,SBR,PERS,Expansion state and scroll position are not remembered and reset on reload,NOT REACHED,-,"Persistence needs a set-then-revisit-then-reload pass, plus a second browser profile for the per-browser claim.",OK,OK,OK (ticket + spec anchor),OK,"EDIT NEEDED - add the non-final-build marker (build v3.4.1-0ed4433, observed 2026-08-03)",no
SBR-PERS-03,C30273,https://shopview.testrail.io/index.php?/cases/view/30273,SBR,PERS,A stale saved value falls back to its default and never errors,NOT REACHED,-,"Persistence needs a set-then-revisit-then-reload pass, plus a second browser profile for the per-browser claim.",OK,OK,OK (ticket + spec anchor),OK,"EDIT NEEDED - add the non-final-build marker (build v3.4.1-0ed4433, observed 2026-08-03)",no
SBR-PERS-04,C30274,https://shopview.testrail.io/index.php?/cases/view/30274,SBR,PERS,First visit or cleared storage yields all defaults; no server-side profile,NOT REACHED,-,"Persistence needs a set-then-revisit-then-reload pass, plus a second browser profile for the per-browser claim.",OK,OK,OK (ticket + spec anchor),OK,"EDIT NEEDED - add the non-final-build marker (build v3.4.1-0ed4433, observed 2026-08-03)",no
SBR-PERS-05,C30275,https://shopview.testrail.io/index.php?/cases/view/30275,SBR,PERS,The A to Z default is its own saved value,NOT REACHED,-,"Persistence needs a set-then-revisit-then-reload pass, plus a second browser profile for the per-browser claim.",OK,OK,OK (ticket + spec anchor),OK,"EDIT NEEDED - add the non-final-build marker (build v3.4.1-0ed4433, observed 2026-08-03)",no
SBR-EXP-01,C30276,https://shopview.testrail.io/index.php?/cases/view/30276,SBR,EXP,The ⋯ overflow menu lists exactly four download actions,PARTLY OBSERVED,-,"Export menu wording, CSV headers, the Locations line, the Totals row and the row-cap message were observed; PDF file CONTENTS were not (no PDF text extractor available).",OK,OK,OK (ticket + spec anchor),OK,"EDIT NEEDED - add the non-final-build marker (build v3.4.1-0ed4433, observed 2026-08-03)",no
SBR-EXP-02,C30277,https://shopview.testrail.io/index.php?/cases/view/30277,SBR,EXP,"All four downloads respect filters, full result set, and active order",PARTLY OBSERVED,-,"Export menu wording, CSV headers, the Locations line, the Totals row and the row-cap message were observed; PDF file CONTENTS were not (no PDF text extractor available).",OK,OK,OK (ticket + spec anchor),OK,"EDIT NEEDED - add the non-final-build marker (build v3.4.1-0ed4433, observed 2026-08-03)",no
SBR-EXP-03,C30278,https://shopview.testrail.io/index.php?/cases/view/30278,SBR,EXP,Summary PDF: one rolled-up row per rep with a recomputed grand totals row,PARTLY OBSERVED,-,"Export menu wording, CSV headers, the Locations line, the Totals row and the row-cap message were observed; PDF file CONTENTS were not (no PDF text extractor available).",OK,OK,OK (ticket + spec anchor),OK,"EDIT NEEDED - add the non-final-build marker (build v3.4.1-0ed4433, observed 2026-08-03)",no
SBR-EXP-04,C30279,https://shopview.testrail.io/index.php?/cases/view/30279,SBR,EXP,Expanded View PDF: one page-block per rep with its own totals; no grand,PARTLY OBSERVED,-,"Export menu wording, CSV headers, the Locations line, the Totals row and the row-cap message were observed; PDF file CONTENTS were not (no PDF text extractor available).",OK,OK,OK (ticket + spec anchor),OK,"EDIT NEEDED - add the non-final-build marker (build v3.4.1-0ed4433, observed 2026-08-03)",no
SBR-EXP-05,C30280,https://shopview.testrail.io/index.php?/cases/view/30280,SBR,EXP,Expanded View PDF truncates invoice numbers longer than 18 characters,PARTLY OBSERVED,-,"Export menu wording, CSV headers, the Locations line, the Totals row and the row-cap message were observed; PDF file CONTENTS were not (no PDF text extractor available).",OK,OK,OK (ticket + spec anchor),OK,"EDIT NEEDED - add the non-final-build marker (build v3.4.1-0ed4433, observed 2026-08-03)",no
SBR-EXP-06,C30281,https://shopview.testrail.io/index.php?/cases/view/30281,SBR,EXP,"PDF footer on every page, default-logo fallback, and deterministic PDF filenames",PARTLY OBSERVED,-,"Export menu wording, CSV headers, the Locations line, the Totals row and the row-cap message were observed; PDF file CONTENTS were not (no PDF text extractor available).",OK,OK,OK (ticket + spec anchor),OK,"EDIT NEEDED - add the non-final-build marker (build v3.4.1-0ed4433, observed 2026-08-03)",no
SBR-EXP-07,C30282,https://shopview.testrail.io/index.php?/cases/view/30282,SBR,EXP,"PDFs render negative dollars in accounting parentheses, keep the (Inactive) tag",PARTLY OBSERVED,-,"Export menu wording, CSV headers, the Locations line, the Totals row and the row-cap message were observed; PDF file CONTENTS were not (no PDF text extractor available).",OK,OK,OK (ticket + spec anchor),OK,"EDIT NEEDED - add the non-final-build marker (build v3.4.1-0ed4433, observed 2026-08-03)",no
SBR-EXP-08,C30283,https://shopview.testrail.io/index.php?/cases/view/30283,SBR,EXP,PDF body font steps down as the longest dollar value grows; no overflow,PARTLY OBSERVED,-,"Export menu wording, CSV headers, the Locations line, the Totals row and the row-cap message were observed; PDF file CONTENTS were not (no PDF text extractor available).",OK,OK,OK (ticket + spec anchor),OK,"EDIT NEEDED - add the non-final-build marker (build v3.4.1-0ed4433, observed 2026-08-03)",no
SBR-EXP-10,C30285,https://shopview.testrail.io/index.php?/cases/view/30285,SBR,EXP,"Summary CSV: file name, UTF-8 BOM, verbatim headers, one row per rep",DEVIATION,Expected,"CURRENT: item 2: ""the headers, in order, are exactly: Sales Representative, # Invoices, # Customers, Hrs Worked, Hrs Invoiced, Inv. Hrs, Labor Invoiced, Labor Margin, Parts Invoiced, Parts Margin, Margin, Margin %, Subtotal.""  ||  PROPOSED: The build produced NINE headers: Representative, Inv. Hrs, Labor Invoiced, Labor Margin, Parts Invoiced, Parts Margin, Margin, Margin %, Subtotal. Missing: # Invoices, # Customers, Hrs Worked, Hrs Invoiced - although the data payload does carry invoice_count, hours_worked and hours_invoiced, so the numbers exist and only the export is short. And the rep column is headed ""Representative"", a THIRD spelling (spec says Sales Rep, Chris ruled Sales Representative). DO NOT EDIT until Chris rules on the word. My read: unfinished export.",OK,OK,OK (ticket + spec anchor),OK,"EDIT NEEDED - add the non-final-build marker (build v3.4.1-0ed4433, observed 2026-08-03)",yes
SBR-EXP-11,C30286,https://shopview.testrail.io/index.php?/cases/view/30286,SBR,EXP,"Expanded CSV: file name, verbatim headers, one row per invoice",DEVIATION,Expected,"CURRENT: item 2: ""Sales Representative, Date, Invoice #, Customer, Status, Hrs Worked, ...""  ||  PROPOSED: Build: Representative, Invoice # , Date, Customer, Invoice Status, [Location,] Hrs Worked, Hrs Invoiced, Inv. Hrs, ... Subtotal. Count matches at 15. Differences: Invoice # comes BEFORE Date; the status column is headed ""Invoice Status"" not ""Status""; and the rep column reads ""Representative"". Location correctly lands right after Invoice Status when more than one location is in scope - which is exactly what the other author's automated case asserted.",OK,OK,OK (ticket + spec anchor),OK,"EDIT NEEDED - add the non-final-build marker (build v3.4.1-0ed4433, observed 2026-08-03)",yes
SBR-EXP-12,C30287,https://shopview.testrail.io/index.php?/cases/view/30287,SBR,EXP,"CSV cells: plain numbers, signed Inv. Hrs, empty Margin %, (Inactive)",PARTLY OBSERVED,-,"Export menu wording, CSV headers, the Locations line, the Totals row and the row-cap message were observed; PDF file CONTENTS were not (no PDF text extractor available).",OK,OK,OK (ticket + spec anchor),OK,"EDIT NEEDED - add the non-final-build marker (build v3.4.1-0ed4433, observed 2026-08-03)",no
SBR-EXP-13,C30288,https://shopview.testrail.io/index.php?/cases/view/30288,SBR,EXP,The Unassigned row appears in all four downloads only when the toggle is on,PARTLY OBSERVED,-,"Export menu wording, CSV headers, the Locations line, the Totals row and the row-cap message were observed; PDF file CONTENTS were not (no PDF text extractor available).",OK,OK,OK (ticket + spec anchor),OK,"EDIT NEEDED - add the non-final-build marker (build v3.4.1-0ed4433, observed 2026-08-03)",no
SBR-EXP-14,C30289,https://shopview.testrail.io/index.php?/cases/view/30289,SBR,EXP,A failed download shows the canonical error toast,PARTLY OBSERVED,-,"Export menu wording, CSV headers, the Locations line, the Totals row and the row-cap message were observed; PDF file CONTENTS were not (no PDF text extractor available).",OK,OK,OK (ticket + spec anchor),OK,"EDIT NEEDED - add the non-final-build marker (build v3.4.1-0ed4433, observed 2026-08-03)",no
SBR-EXP-15,C30290,https://shopview.testrail.io/index.php?/cases/view/30290,SBR,EXP,Over-cap Expanded View PDF is refused with the too-large message,PARTLY OBSERVED,-,"Export menu wording, CSV headers, the Locations line, the Totals row and the row-cap message were observed; PDF file CONTENTS were not (no PDF text extractor available).",OK,OK,OK (ticket + spec anchor),OK,"EDIT NEEDED - add the non-final-build marker (build v3.4.1-0ed4433, observed 2026-08-03)",no
SBR-EXP-16,C30291,https://shopview.testrail.io/index.php?/cases/view/30291,SBR,EXP,An empty-data export still generates with zeroed Summary PDF totals,PARTLY OBSERVED,-,"Export menu wording, CSV headers, the Locations line, the Totals row and the row-cap message were observed; PDF file CONTENTS were not (no PDF text extractor available).",OK,OK,OK (ticket + spec anchor),OK,"EDIT NEEDED - add the non-final-build marker (build v3.4.1-0ed4433, observed 2026-08-03)",no
SBR-ASGN-01,C30292,https://shopview.testrail.io/index.php?/cases/view/30292,SBR,ASGN,Report Name dropdown lists Sales Representative Assignments at the bottom,NOT REACHED,-,The Sales Representative Assignments screen was not opened.,OK,OK,OK (ticket + spec anchor),OK,"EDIT NEEDED - add the non-final-build marker (build v3.4.1-0ed4433, observed 2026-08-03)",no
SBR-ASGN-02,C30293,https://shopview.testrail.io/index.php?/cases/view/30293,SBR,ASGN,"Sales Representative Assignments CSV: file name, headers, success toast",NOT REACHED,-,The Sales Representative Assignments screen was not opened.,OK,OK,OK (ticket + spec anchor),OK,"EDIT NEEDED - add the non-final-build marker (build v3.4.1-0ed4433, observed 2026-08-03)",no
SBR-ASGN-03,C30294,https://shopview.testrail.io/index.php?/cases/view/30294,SBR,ASGN,"Assignments CSV: one row per assigned customer, sorted customer then rep",NOT REACHED,-,The Sales Representative Assignments screen was not opened.,OK,OK,OK (ticket + spec anchor),OK,"EDIT NEEDED - add the non-final-build marker (build v3.4.1-0ed4433, observed 2026-08-03)",no
SBR-ASGN-04,C30295,https://shopview.testrail.io/index.php?/cases/view/30295,SBR,ASGN,"""Rep is active?"" tracks the staff-active status, not the toggle",NOT REACHED,-,The Sales Representative Assignments screen was not opened.,OK,OK,OK (ticket + spec anchor),OK,"EDIT NEEDED - add the non-final-build marker (build v3.4.1-0ed4433, observed 2026-08-03)",no
SBR-ASGN-05,C30296,https://shopview.testrail.io/index.php?/cases/view/30296,SBR,ASGN,"A deleted rep record still exports one row from the stored name, marked No",NOT REACHED,-,The Sales Representative Assignments screen was not opened.,OK,REVIEW (title words not reflected in the expected result),OK (ticket + spec anchor),OK,"EDIT NEEDED - add the non-final-build marker (build v3.4.1-0ed4433, observed 2026-08-03)",no
SBR-ASGN-06,C30297,https://shopview.testrail.io/index.php?/cases/view/30297,SBR,ASGN,Assignments export failure and nothing-to-export use the dialog's messages,NOT REACHED,-,The Sales Representative Assignments screen was not opened.,OK,OK,OK (ticket + spec anchor),OK,"EDIT NEEDED - add the non-final-build marker (build v3.4.1-0ed4433, observed 2026-08-03)",no
SBR-STATE-01,C30298,https://shopview.testrail.io/index.php?/cases/view/30298,SBR,STATE,"Empty state: verbatim message, no grand Totals, toolbar stays interactive",NOT REACHED,-,Error and loading states need the request to be made to fail deliberately.,OK,OK,OK (ticket + spec anchor),OK,"EDIT NEEDED - add the non-final-build marker (build v3.4.1-0ed4433, observed 2026-08-03)",no
SBR-STATE-03,C30300,https://shopview.testrail.io/index.php?/cases/view/30300,SBR,STATE,Loading shows a centered spinner over the data area and hides the Totals,NOT REACHED,-,Error and loading states need the request to be made to fail deliberately.,OK,OK,OK (ticket + spec anchor),OK,"EDIT NEEDED - add the non-final-build marker (build v3.4.1-0ed4433, observed 2026-08-03)",no
SBR-STATE-04,C30301,https://shopview.testrail.io/index.php?/cases/view/30301,SBR,STATE,A load failure shows the inline could-not-load message with a Retry,NOT REACHED,-,Error and loading states need the request to be made to fail deliberately.,OK,OK,OK (ticket + spec anchor),OK,"EDIT NEEDED - add the non-final-build marker (build v3.4.1-0ed4433, observed 2026-08-03)",no
SBR-MOB-01,C30302,https://shopview.testrail.io/index.php?/cases/view/30302,SBR,MOB,On a phone every toolbar control works on touch,NOT REACHED,-,Needs a narrow-viewport pass.,OK,OK,OK (ticket + spec anchor),OK,"EDIT NEEDED - add the non-final-build marker (build v3.4.1-0ed4433, observed 2026-08-03)",no
SBR-MOB-02,C30303,https://shopview.testrail.io/index.php?/cases/view/30303,SBR,MOB,On a phone the table scrolls sideways with Subtotal pinned outside it,NOT REACHED,-,Needs a narrow-viewport pass.,OK,OK,OK (ticket + spec anchor),OK,"EDIT NEEDED - add the non-final-build marker (build v3.4.1-0ed4433, observed 2026-08-03)",no
SBR-MOB-03,C30304,https://shopview.testrail.io/index.php?/cases/view/30304,SBR,MOB,Touch targets are at least 44×44 px and touch users get no hover-only tooltips,NOT REACHED,-,Needs a narrow-viewport pass.,OK,OK,OK (ticket + spec anchor),OK,"EDIT NEEDED - add the non-final-build marker (build v3.4.1-0ed4433, observed 2026-08-03)",no
SBR-VIS-01,C30305,https://shopview.testrail.io/index.php?/cases/view/30305,SBR,VIS,Layout: white toolbar; blue-grey page; separator; edge-to-edge white table,PARTLY OBSERVED,-,"Some visual facts observed (bold Totals row, pinned Total); font weights, colours and sticky behaviour on scroll were not measured.",OK,OK,OK (ticket + spec anchor),OK,"EDIT NEEDED - add the non-final-build marker (build v3.4.1-0ed4433, observed 2026-08-03)",no
SBR-VIS-02,C30306,https://shopview.testrail.io/index.php?/cases/view/30306,SBR,VIS,"Dark mode: page, toolbar, table; Totals switch to dark equivalents",PARTLY OBSERVED,-,"Some visual facts observed (bold Totals row, pinned Total); font weights, colours and sticky behaviour on scroll were not measured.",OK,OK,OK (ticket + spec anchor),OK,"EDIT NEEDED - add the non-final-build marker (build v3.4.1-0ed4433, observed 2026-08-03)",no
SBR-VIS-03,C30307,https://shopview.testrail.io/index.php?/cases/view/30307,SBR,VIS,Every icon-only control carries its specified accessible name,PARTLY OBSERVED,-,"Some visual facts observed (bold Totals row, pinned Total); font weights, colours and sticky behaviour on scroll were not measured.",OK,REVIEW (title words not reflected in the expected result),OK (ticket + spec anchor),OK,"EDIT NEEDED - add the non-final-build marker (build v3.4.1-0ed4433, observed 2026-08-03)",no
SBR-VIS-04,C30308,https://shopview.testrail.io/index.php?/cases/view/30308,SBR,VIS,Chevrons and sortable headers are keyboard-operable and expose their state,PARTLY OBSERVED,-,"Some visual facts observed (bold Totals row, pinned Total); font weights, colours and sticky behaviour on scroll were not measured.",OK,OK,OK (ticket + spec anchor),OK,"EDIT NEEDED - add the non-final-build marker (build v3.4.1-0ed4433, observed 2026-08-03)",no
SBR-VIS-05,C30309,https://shopview.testrail.io/index.php?/cases/view/30309,SBR,VIS,The subdued grey of the (N) count and (Inactive) tag meets WCAG AA contrast,PARTLY OBSERVED,-,"Some visual facts observed (bold Totals row, pinned Total); font weights, colours and sticky behaviour on scroll were not measured.",OK,OK,OK (ticket + spec anchor),OK,"EDIT NEEDED - add the non-final-build marker (build v3.4.1-0ed4433, observed 2026-08-03)",no
SBR-WO-01,C30310,https://shopview.testrail.io/index.php?/cases/view/30310,SBR,WO,"Sales Representative selector shows on WO and Part Sale, not on imported",NOT REACHED,-,"Needs the customer/work-order screens driven, not just the report.",OK,OK,OK (ticket + spec anchor),OK,"EDIT NEEDED - add the non-final-build marker (build v3.4.1-0ed4433, observed 2026-08-03)",no
SBR-WO-02,C30311,https://shopview.testrail.io/index.php?/cases/view/30311,SBR,WO,Selector offers only reps whose sales-representative toggle is on,NOT REACHED,-,"Needs the customer/work-order screens driven, not just the report.",OK,OK,OK (ticket + spec anchor),OK,"EDIT NEEDED - add the non-final-build marker (build v3.4.1-0ed4433, observed 2026-08-03)",no
SBR-WO-03,C30312,https://shopview.testrail.io/index.php?/cases/view/30312,SBR,WO,A new WO opens with Sales Representative unassigned; a change saves at once,NOT REACHED,-,"Needs the customer/work-order screens driven, not just the report.",OK,OK,OK (ticket + spec anchor),OK,"EDIT NEEDED - add the non-final-build marker (build v3.4.1-0ed4433, observed 2026-08-03)",no
SBR-WO-04,C30313,https://shopview.testrail.io/index.php?/cases/view/30313,SBR,WO,The Sales Representative selector is read-only when Invoiced or Paid,NOT REACHED,-,"Needs the customer/work-order screens driven, not just the report.",OK,OK,OK (ticket + spec anchor),OK,"EDIT NEEDED - add the non-final-build marker (build v3.4.1-0ed4433, observed 2026-08-03)",no
SBR-WO-05,C30314,https://shopview.testrail.io/index.php?/cases/view/30314,SBR,WO,"Invoice credit snapshot: WO rep, else customer rep, else unassigned",NOT REACHED,-,"Needs the customer/work-order screens driven, not just the report.",OK,OK,OK (ticket + spec anchor),OK,"EDIT NEEDED - add the non-final-build marker (build v3.4.1-0ed4433, observed 2026-08-03)",no
SBR-WO-06,C30315,https://shopview.testrail.io/index.php?/cases/view/30315,SBR,WO,"Customer record shows a ""Sales Representative"" row; ""Unassigned"" when none",NOT REACHED,-,"Needs the customer/work-order screens driven, not just the report.",OK,OK,OK (ticket + spec anchor),OK,"EDIT NEEDED - add the non-final-build marker (build v3.4.1-0ed4433, observed 2026-08-03)",no
SBR-DEACT-09,C30260,https://shopview.testrail.io/index.php?/cases/view/30260,SBR,DEACT,"If the assignment pre-check fails, the warning dialog still opens",NOT REACHED,-,The rep-deactivation dialog needs to be driven end to end.,OK,OK,OK (ticket + spec anchor),OK,"EDIT NEEDED - add the non-final-build marker (build v3.4.1-0ed4433, observed 2026-08-03)",no
SBR-API-01,C30316,https://shopview.testrail.io/index.php?/cases/view/30316,SBR,API,A rep's invoice detail rows are fetched from the server only on the first expand,PARTLY OBSERVED,-,"Endpoints, parameters and status codes observed; pagination/sort round-trips not exercised case by case.",OK,OK,OK (ticket + spec anchor),API case - must sit in an API-titled section,"EDIT NEEDED - add the non-final-build marker (build v3.4.1-0ed4433, observed 2026-08-03)",no
SBR-API-02,C30317,https://shopview.testrail.io/index.php?/cases/view/30317,SBR,API,Sorting is performed server-side and returns the first page,PARTLY OBSERVED,-,"Endpoints, parameters and status codes observed; pagination/sort round-trips not exercised case by case.",OK,REVIEW (title words not reflected in the expected result),OK (ticket + spec anchor),API case - must sit in an API-titled section,"EDIT NEEDED - add the non-final-build marker (build v3.4.1-0ed4433, observed 2026-08-03)",no
SBR-API-03,C30318,https://shopview.testrail.io/index.php?/cases/view/30318,SBR,API,Grand totals are server-computed over the full filtered set,PARTLY OBSERVED,-,"Endpoints, parameters and status codes observed; pagination/sort round-trips not exercised case by case.",OK,OK,OK (ticket + spec anchor),API case - must sit in an API-titled section,"EDIT NEEDED - add the non-final-build marker (build v3.4.1-0ed4433, observed 2026-08-03)",no
SBR-API-04,C30319,https://shopview.testrail.io/index.php?/cases/view/30319,SBR,API,All four exports are generated server-side against the active filters and sort,PARTLY OBSERVED,-,"Endpoints, parameters and status codes observed; pagination/sort round-trips not exercised case by case.",OK,OK,OK (ticket + spec anchor),API case - must sit in an API-titled section,"EDIT NEEDED - add the non-final-build marker (build v3.4.1-0ed4433, observed 2026-08-03)",no
SBR-API-05,C30320,https://shopview.testrail.io/index.php?/cases/view/30320,SBR,API,"The Expanded View PDF's 10,000-row cap is enforced server-side BEFORE generation",PARTLY OBSERVED,-,"Endpoints, parameters and status codes observed; pagination/sort round-trips not exercised case by case.",OK,OK,OK (ticket + spec anchor),API case - must sit in an API-titled section,"EDIT NEEDED - add the non-final-build marker (build v3.4.1-0ed4433, observed 2026-08-03)",no
SBR-API-06,C30321,https://shopview.testrail.io/index.php?/cases/view/30321,SBR,API,Deactivating a rep first runs a server pre-check returning the count,PARTLY OBSERVED,-,"Endpoints, parameters and status codes observed; pagination/sort round-trips not exercised case by case.",OK,OK,OK (ticket + spec anchor),API case - must sit in an API-titled section,"EDIT NEEDED - add the non-final-build marker (build v3.4.1-0ed4433, observed 2026-08-03)",no
TU-NAV-01,C30392,https://shopview.testrail.io/index.php?/cases/view/30392,TU,NAV,"Technician Utilization sits under Performance, below existing report links",CORRECT AS IS,-,Route and navigation placement observed live; see the nav map. Any group-name claim is corrected in the label diff.,OK,OK,OK (ticket + spec anchor),OK,"EDIT NEEDED - add the non-final-build marker (build v3.4.1-0ed4433, observed 2026-08-03)",no
TU-NAV-02,C30393,https://shopview.testrail.io/index.php?/cases/view/30393,TU,NAV,One row per technician who clocked time in the range at those locations,CORRECT AS IS,-,Route and navigation placement observed live; see the nav map. Any group-name claim is corrected in the label diff.,OK,OK,OK (ticket + spec anchor),OK,"EDIT NEEDED - add the non-final-build marker (build v3.4.1-0ed4433, observed 2026-08-03)",no
TU-NAV-03,C30394,https://shopview.testrail.io/index.php?/cases/view/30394,TU,NAV,First visit defaults to the This Month preset and the user's active location,CORRECT AS IS,-,Route and navigation placement observed live; see the nav map. Any group-name claim is corrected in the label diff.,OK,OK,OK (ticket + spec anchor),OK,"EDIT NEEDED - add the non-final-build marker (build v3.4.1-0ed4433, observed 2026-08-03)",no
TU-NAV-04,C30395,https://shopview.testrail.io/index.php?/cases/view/30395,TU,NAV,Changing the date range reloads the rows; a Custom range is capped at 366 days,CORRECT AS IS,-,Route and navigation placement observed live; see the nav map. Any group-name claim is corrected in the label diff.,OK,OK,OK (ticket + spec anchor),OK,"EDIT NEEDED - add the non-final-build marker (build v3.4.1-0ed4433, observed 2026-08-03)",no
TU-NAV-05,C30396,https://shopview.testrail.io/index.php?/cases/view/30396,TU,NAV,The loading indicator shows on load and reload; rows swap only on data,CORRECT AS IS,-,Route and navigation placement observed live; see the nav map. Any group-name claim is corrected in the label diff.,OK,OK,OK (ticket + spec anchor),OK,"EDIT NEEDED - add the non-final-build marker (build v3.4.1-0ed4433, observed 2026-08-03)",no
TU-NAV-06,C30397,https://shopview.testrail.io/index.php?/cases/view/30397,TU,NAV,All clock records are day-grouped and windowed in one report-level time zone,CORRECT AS IS,-,Route and navigation placement observed live; see the nav map. Any group-name claim is corrected in the label diff.,OK,OK,OK (ticket + spec anchor),OK,"EDIT NEEDED - add the non-final-build marker (build v3.4.1-0ed4433, observed 2026-08-03)",no
TU-NAV-07,C30398,https://shopview.testrail.io/index.php?/cases/view/30398,TU,NAV,Without reports access Technician Utilization is hidden,CORRECT AS IS,-,Route and navigation placement observed live; see the nav map. Any group-name claim is corrected in the label diff.,OK,REVIEW (title words not reflected in the expected result),OK (ticket + spec anchor),OK,"EDIT NEEDED - add the non-final-build marker (build v3.4.1-0ed4433, observed 2026-08-03)",no
TU-NAV-08,C30399,https://shopview.testrail.io/index.php?/cases/view/30399,TU,NAV,Standard no-data message when no time in scope or all technicians cleared,CORRECT AS IS,-,Route and navigation placement observed live; see the nav map. Any group-name claim is corrected in the label diff.,OK,OK,OK (ticket + spec anchor),OK,"EDIT NEEDED - add the non-final-build marker (build v3.4.1-0ed4433, observed 2026-08-03)",no
TU-HRS-02,C30401,https://shopview.testrail.io/index.php?/cases/view/30401,TU,HRS,"Headers in fixed order; Total, WO and Internal Hours show clocked hours (2 dp)",NOT REACHED,-,Needs clocked time records in range.,OK,OK,OK (ticket + spec anchor),OK,"EDIT NEEDED - add the non-final-build marker (build v3.4.1-0ed4433, observed 2026-08-03)",no
TU-HRS-03,C30402,https://shopview.testrail.io/index.php?/cases/view/30402,TU,HRS,Utilization % is WO hours over total hours from unrounded values,NOT REACHED,-,Needs clocked time records in range.,OK,OK,OK (ticket + spec anchor),OK,"EDIT NEEDED - add the non-final-build marker (build v3.4.1-0ed4433, observed 2026-08-03)",no
TU-HRS-04,C30403,https://shopview.testrail.io/index.php?/cases/view/30403,TU,HRS,A technician with only internal hours shows 0.0% utilization,NOT REACHED,-,Needs clocked time records in range.,OK,OK,OK (ticket + spec anchor),OK,"EDIT NEEDED - add the non-final-build marker (build v3.4.1-0ed4433, observed 2026-08-03)",no
TU-ELL-01,C30404,https://shopview.testrail.io/index.php?/cases/view/30404,TU,ELL,Est. Lost Labor values internal hours at each location's default rate,NOT REACHED,-,Text-truncation behaviour needs a narrow column and a long value.,OK,OK,OK (ticket + spec anchor),OK,"EDIT NEEDED - add the non-final-build marker (build v3.4.1-0ed4433, observed 2026-08-03)",no
TU-ELL-02,C30405,https://shopview.testrail.io/index.php?/cases/view/30405,TU,ELL,"Est. Lost Labor, when shown, is pinned right and bold with the info icon",NOT REACHED,-,Text-truncation behaviour needs a narrow column and a long value.,OK,OK,OK (ticket + spec anchor),OK,"EDIT NEEDED - add the non-final-build marker (build v3.4.1-0ed4433, observed 2026-08-03)",no
TU-ELL-03,C30406,https://shopview.testrail.io/index.php?/cases/view/30406,TU,ELL,"Zero internal hours - or a configured $0.00 rate - shows $0.00, never an em-dash",NOT REACHED,-,Text-truncation behaviour needs a narrow column and a long value.,OK,OK,OK (ticket + spec anchor),OK,"EDIT NEEDED - add the non-final-build marker (build v3.4.1-0ed4433, observed 2026-08-03)",no
TU-ELL-04,C30407,https://shopview.testrail.io/index.php?/cases/view/30407,TU,ELL,Internal hours with no default labor rate anywhere show an em-dash,NOT REACHED,-,Text-truncation behaviour needs a narrow column and a long value.,OK,OK,OK (ticket + spec anchor),OK,"EDIT NEEDED - add the non-final-build marker (build v3.4.1-0ed4433, observed 2026-08-03)",no
TU-ELL-05,C30408,https://shopview.testrail.io/index.php?/cases/view/30408,TU,ELL,Internal hours split across rated and unrated locations show a part value,NOT REACHED,-,Text-truncation behaviour needs a narrow column and a long value.,OK,OK,OK (ticket + spec anchor),OK,"EDIT NEEDED - add the non-final-build marker (build v3.4.1-0ed4433, observed 2026-08-03)",no
TU-SORT-01,C30409,https://shopview.testrail.io/index.php?/cases/view/30409,TU,SORT,On load rows sort by Technician A to Z with the ascending indicator,NOT REACHED,-,Header-click sorting was not driven. Needs a UI pass clicking each sortable header and reading the resulting order.,OK,OK,OK (ticket + spec anchor),OK,"EDIT NEEDED - add the non-final-build marker (build v3.4.1-0ed4433, observed 2026-08-03)",no
TU-SORT-02,C30410,https://shopview.testrail.io/index.php?/cases/view/30410,TU,SORT,"All six columns sort on screen: ascending first, toggling with no third state",NOT REACHED,-,Header-click sorting was not driven. Needs a UI pass clicking each sortable header and reading the resulting order.,OK,OK,OK (ticket + spec anchor),OK,"EDIT NEEDED - add the non-final-build marker (build v3.4.1-0ed4433, observed 2026-08-03)",no
TU-SORT-03,C30411,https://shopview.testrail.io/index.php?/cases/view/30411,TU,SORT,A data reload resets the sort to Technician A to Z,NOT REACHED,-,Header-click sorting was not driven. Needs a UI pass clicking each sortable header and reading the resulting order.,OK,OK,OK (ticket + spec anchor),OK,"EDIT NEEDED - add the non-final-build marker (build v3.4.1-0ed4433, observed 2026-08-03)",no
TU-SORT-04,C30412,https://shopview.testrail.io/index.php?/cases/view/30412,TU,SORT,Sorting reorders only the technician rows,NOT REACHED,-,Header-click sorting was not driven. Needs a UI pass clicking each sortable header and reading the resulting order.,OK,REVIEW (title words not reflected in the expected result),OK (ticket + spec anchor),OK,"EDIT NEEDED - add the non-final-build marker (build v3.4.1-0ed4433, observed 2026-08-03)",no
TU-SORT-05,C30413,https://shopview.testrail.io/index.php?/cases/view/30413,TU,SORT,Sorting Est. Lost Labor keeps em-dash rows last both ways; $0.00 sorts as 0,NOT REACHED,-,Header-click sorting was not driven. Needs a UI pass clicking each sortable header and reading the resulting order.,OK,OK,OK (ticket + spec anchor),OK,"EDIT NEEDED - add the non-final-build marker (build v3.4.1-0ed4433, observed 2026-08-03)",no
TU-SUM-01,C30414,https://shopview.testrail.io/index.php?/cases/view/30414,TU,SUM,"A pinned Summary row labeled Summary sits at the bottom, stays visible on scroll",PARTLY OBSERVED,-,The on-screen Totals row was observed; the per-stage summary panel was not read.,OK,OK,OK (ticket + spec anchor),OK,"EDIT NEEDED - add the non-final-build marker (build v3.4.1-0ed4433, observed 2026-08-03)",no
TU-SUM-02,C30415,https://shopview.testrail.io/index.php?/cases/view/30415,TU,SUM,Summary totals visible technicians from unrounded hours; 0.01 drift expected,PARTLY OBSERVED,-,The on-screen Totals row was observed; the per-stage summary panel was not read.,OK,OK,OK (ticket + spec anchor),OK,"EDIT NEEDED - add the non-final-build marker (build v3.4.1-0ed4433, observed 2026-08-03)",no
TU-SUM-03,C30416,https://shopview.testrail.io/index.php?/cases/view/30416,TU,SUM,Summary Utilization % is the weighted rate; not an average of the rows,PARTLY OBSERVED,-,The on-screen Totals row was observed; the per-stage summary panel was not read.,OK,OK,OK (ticket + spec anchor),OK,"EDIT NEEDED - add the non-final-build marker (build v3.4.1-0ed4433, observed 2026-08-03)",no
TU-SUM-04,C30417,https://shopview.testrail.io/index.php?/cases/view/30417,TU,SUM,Summary Est. Lost Labor sums rated contributions; em-dash only if all are,PARTLY OBSERVED,-,The on-screen Totals row was observed; the per-stage summary panel was not read.,OK,OK,OK (ticket + spec anchor),OK,"EDIT NEEDED - add the non-final-build marker (build v3.4.1-0ed4433, observed 2026-08-03)",no
TU-DAY-01,C30418,https://shopview.testrail.io/index.php?/cases/view/30418,TU,DAY,Each technician row has an accessible expand/collapse control,NOT REACHED,-,"The per-day breakdown needs a technician row expanded, which needs clocked hours in range.",OK,OK,OK (ticket + spec anchor),OK,"EDIT NEEDED - add the non-final-build marker (build v3.4.1-0ed4433, observed 2026-08-03)",no
TU-DAY-02,C30419,https://shopview.testrail.io/index.php?/cases/view/30419,TU,DAY,"Expanding shows one row per clocked day in date order, loaded on demand",NOT REACHED,-,"The per-day breakdown needs a technician row expanded, which needs clocked hours in range.",OK,OK,OK (ticket + spec anchor),OK,"EDIT NEEDED - add the non-final-build marker (build v3.4.1-0ed4433, observed 2026-08-03)",no
TU-DAY-03,C30420,https://shopview.testrail.io/index.php?/cases/view/30420,TU,DAY,Day rows use the same columns and formats as the technician rows,NOT REACHED,-,"The per-day breakdown needs a technician row expanded, which needs clocked hours in range.",OK,OK,OK (ticket + spec anchor),OK,"EDIT NEEDED - add the non-final-build marker (build v3.4.1-0ed4433, observed 2026-08-03)",no
TU-DAY-04,C30421,https://shopview.testrail.io/index.php?/cases/view/30421,TU,DAY,One control in the table header expands or collapses all technician rows,NOT REACHED,-,"The per-day breakdown needs a technician row expanded, which needs clocked hours in range.",OK,OK,OK (ticket + spec anchor),OK,"EDIT NEEDED - add the non-final-build marker (build v3.4.1-0ed4433, observed 2026-08-03)",no
TU-DAY-05,C30422,https://shopview.testrail.io/index.php?/cases/view/30422,TU,DAY,Expansion state is view-only: it resets on any reload and fresh visit,NOT REACHED,-,"The per-day breakdown needs a technician row expanded, which needs clocked hours in range.",OK,OK,OK (ticket + spec anchor),OK,"EDIT NEEDED - add the non-final-build marker (build v3.4.1-0ed4433, observed 2026-08-03)",no
TU-TECH-01,C30423,https://shopview.testrail.io/index.php?/cases/view/30423,TU,TECH,Filter by Technician starts with every technician selected on a first visit,NOT REACHED,-,Needs technicians with clocked hours in the selected range.,OK,OK,OK (ticket + spec anchor),OK,"EDIT NEEDED - add the non-final-build marker (build v3.4.1-0ed4433, observed 2026-08-03)",no
TU-TECH-02,C30424,https://shopview.testrail.io/index.php?/cases/view/30424,TU,TECH,Deselecting a technician hides the row and recalculates the Summary,NOT REACHED,-,Needs technicians with clocked hours in the selected range.,OK,OK,OK (ticket + spec anchor),OK,"EDIT NEEDED - add the non-final-build marker (build v3.4.1-0ed4433, observed 2026-08-03)",no
TU-TECH-03,C30425,https://shopview.testrail.io/index.php?/cases/view/30425,TU,TECH,Select all and Clear all controls set every technician on or off,NOT REACHED,-,Needs technicians with clocked hours in the selected range.,OK,OK,OK (ticket + spec anchor),OK,"EDIT NEEDED - add the non-final-build marker (build v3.4.1-0ed4433, observed 2026-08-03)",no
TU-TECH-04,C30426,https://shopview.testrail.io/index.php?/cases/view/30426,TU,TECH,Previously deselected technicians stay deselected on the next visit,NOT REACHED,-,Needs technicians with clocked hours in the selected range.,OK,OK,OK (ticket + spec anchor),OK,"EDIT NEEDED - add the non-final-build marker (build v3.4.1-0ed4433, observed 2026-08-03)",no
TU-LINK-01,C30428,https://shopview.testrail.io/index.php?/cases/view/30428,TU,LINK,Total Hours is a real link with a non-color affordance and keyboard access,NOT REACHED,-,Link targets need clicking through from a data row.,OK,OK,OK (ticket + spec anchor),OK,"EDIT NEEDED - add the non-final-build marker (build v3.4.1-0ed4433, observed 2026-08-03)",no
TU-LINK-02,C30429,https://shopview.testrail.io/index.php?/cases/view/30429,TU,LINK,The Total Hours link opens Timesheet Activities in the same tab,NOT REACHED,-,Link targets need clicking through from a data row.,OK,OK,OK (ticket + spec anchor),OK,"EDIT NEEDED - add the non-final-build marker (build v3.4.1-0ed4433, observed 2026-08-03)",no
TU-LINK-03,C30430,https://shopview.testrail.io/index.php?/cases/view/30430,TU,LINK,"Same range, single location, closed records: Total Hours matches Timesheet",NOT REACHED,-,Link targets need clicking through from a data row.,OK,OK,OK (ticket + spec anchor),OK,"EDIT NEEDED - add the non-final-build marker (build v3.4.1-0ed4433, observed 2026-08-03)",no
TU-LINK-04,C30431,https://shopview.testrail.io/index.php?/cases/view/30431,TU,LINK,Reconcile exception (a): an open clock is snapshotted at each load instant,NOT REACHED,-,Link targets need clicking through from a data row.,OK,REVIEW (title words not reflected in the expected result),OK (ticket + spec anchor),OK,"EDIT NEEDED - add the non-final-build marker (build v3.4.1-0ed4433, observed 2026-08-03)",no
TU-LINK-05,C30432,https://shopview.testrail.io/index.php?/cases/view/30432,TU,LINK,Reconciliation exception (b): the link passes no location,NOT REACHED,-,Link targets need clicking through from a data row.,OK,OK,OK (ticket + spec anchor),OK,"EDIT NEEDED - add the non-final-build marker (build v3.4.1-0ed4433, observed 2026-08-03)",no
TU-LINK-06,C30433,https://shopview.testrail.io/index.php?/cases/view/30433,TU,LINK,A day row's Total Hours links to that technician's single-day timesheet,NOT REACHED,-,Link targets need clicking through from a data row.,OK,OK,OK (ticket + spec anchor),OK,"EDIT NEEDED - add the non-final-build marker (build v3.4.1-0ed4433, observed 2026-08-03)",no
TU-EXP-01,C30434,https://shopview.testrail.io/index.php?/cases/view/30434,TU,EXP,"Three-dot menu is leftmost, then Column Selection; three download options",DEVIATION,Expected,"CURRENT: item 2: ""The menu holds: \""Download Summary (PDF)\"", \""Download Expanded View (PDF)\"", and \""Download (CSV)\"".""  ||  PROPOSED: The build has FOUR items with different words and a different grouping: ""Summary (PDF)"", ""Summary (CSV)"", ""Expanded (PDF)"", ""Expanded (CSV)"" - no ""Download"" prefix anywhere. Spec S7-R3/R4 closes the list, so Chris must say which is right.",OK,OK,OK (ticket + spec anchor),OK,"EDIT NEEDED - add the non-final-build marker (build v3.4.1-0ed4433, observed 2026-08-03)",yes
TU-EXP-02,C30435,https://shopview.testrail.io/index.php?/cases/view/30435,TU,EXP,The Summary PDF holds the technician rows plus the Summary,NOT REACHED,Expected,Depends on the menu question in C30434; PDF file names and contents were not read (no PDF text extractor in this container).,OK,OK,OK (ticket + spec anchor),OK,"EDIT NEEDED - add the non-final-build marker (build v3.4.1-0ed4433, observed 2026-08-03)",yes
TU-EXP-03,C30436,https://shopview.testrail.io/index.php?/cases/view/30436,TU,EXP,"The CSV is always summary-level, quotes comma-containing values",PARTLY OBSERVED,-,"Export menu wording, CSV headers, the Locations line, the Totals row and the row-cap message were observed; PDF file CONTENTS were not (no PDF text extractor available).",OK,OK,OK (ticket + spec anchor),OK,"EDIT NEEDED - add the non-final-build marker (build v3.4.1-0ed4433, observed 2026-08-03)",no
TU-EXP-04,C30437,https://shopview.testrail.io/index.php?/cases/view/30437,TU,EXP,"Downloads cover only selected technicians, locations, and date range",PARTLY OBSERVED,-,"Export menu wording, CSV headers, the Locations line, the Totals row and the row-cap message were observed; PDF file CONTENTS were not (no PDF text extractor available).",OK,OK,OK (ticket + spec anchor),OK,"EDIT NEEDED - add the non-final-build marker (build v3.4.1-0ed4433, observed 2026-08-03)",no
TU-EXP-05,C30438,https://shopview.testrail.io/index.php?/cases/view/30438,TU,EXP,Downloads always order rows Technician A to Z; the on-screen sort is ignored,PARTLY OBSERVED,-,"Export menu wording, CSV headers, the Locations line, the Totals row and the row-cap message were observed; PDF file CONTENTS were not (no PDF text extractor available).",OK,OK,OK (ticket + spec anchor),OK,"EDIT NEEDED - add the non-final-build marker (build v3.4.1-0ed4433, observed 2026-08-03)",no
TU-EXP-06,C30439,https://shopview.testrail.io/index.php?/cases/view/30439,TU,EXP,"PDF logo: the uploaded logo, else the bundled ShopView logo; CSV never",PARTLY OBSERVED,-,"Export menu wording, CSV headers, the Locations line, the Totals row and the row-cap message were observed; PDF file CONTENTS were not (no PDF text extractor available).",OK,OK,OK (ticket + spec anchor),OK,"EDIT NEEDED - add the non-final-build marker (build v3.4.1-0ed4433, observed 2026-08-03)",no
TU-EXP-07,C30440,https://shopview.testrail.io/index.php?/cases/view/30440,TU,EXP,Choosing a download with no technician selected is a silent no-op,PARTLY OBSERVED,-,"Export menu wording, CSV headers, the Locations line, the Totals row and the row-cap message were observed; PDF file CONTENTS were not (no PDF text extractor available).",OK,OK,OK (ticket + spec anchor),OK,"EDIT NEEDED - add the non-final-build marker (build v3.4.1-0ed4433, observed 2026-08-03)",no
TU-EXP-08,C30441,https://shopview.testrail.io/index.php?/cases/view/30441,TU,EXP,A starting download notifies; a failed one shows the failure message,PARTLY OBSERVED,-,"Export menu wording, CSV headers, the Locations line, the Totals row and the row-cap message were observed; PDF file CONTENTS were not (no PDF text extractor available).",OK,REVIEW (title words not reflected in the expected result),OK (ticket + spec anchor),OK,"EDIT NEEDED - add the non-final-build marker (build v3.4.1-0ed4433, observed 2026-08-03)",no
TU-LOC-01,C30442,https://shopview.testrail.io/index.php?/cases/view/30442,TU,LOC,The Location filter is the rightmost multi-select; All Locations = select-all,EDIT NEEDED,Expected,"CURRENT: item 2: ""plus an \""All Locations\"" option""  ||  PROPOSED: The build's option reads ""All locations"" (lower-case l), and the filter also offers a ""Clear all"" action the case does not mention. Item 1 (labelled ""Location"", rightmost) MATCHES.",OK,OK,OK (ticket + spec anchor),OK,"EDIT NEEDED - add the non-final-build marker (build v3.4.1-0ed4433, observed 2026-08-03)",yes
TU-LOC-02,C30443,https://shopview.testrail.io/index.php?/cases/view/30443,TU,LOC,Location changes reload with hours pooled into one row per technician,CORRECT AS IS,-,"Location column and filter observed on screen and in the CSVs, for single-location and multi-location scope.",OK,OK,OK (ticket + spec anchor),OK,"EDIT NEEDED - add the non-final-build marker (build v3.4.1-0ed4433, observed 2026-08-03)",no
TU-LOC-03,C30444,https://shopview.testrail.io/index.php?/cases/view/30444,TU,LOC,The saved location selection restores defensively; bad ones are dropped,CORRECT AS IS,-,"Location column and filter observed on screen and in the CSVs, for single-location and multi-location scope.",OK,OK,OK (ticket + spec anchor),OK,"EDIT NEEDED - add the non-final-build marker (build v3.4.1-0ed4433, observed 2026-08-03)",no
TU-LOC-04,C30445,https://shopview.testrail.io/index.php?/cases/view/30445,TU,LOC,Deselecting every location falls back to the active location,CORRECT AS IS,-,"Location column and filter observed on screen and in the CSVs, for single-location and multi-location scope.",OK,OK,OK (ticket + spec anchor),OK,"EDIT NEEDED - add the non-final-build marker (build v3.4.1-0ed4433, observed 2026-08-03)",no
TU-LOC-05,C30446,https://shopview.testrail.io/index.php?/cases/view/30446,TU,LOC,Technician Utilization: Location filter hidden for a one-location user,DEVIATION,Expected,CURRENT: single-location Location filter hidden  ||  PROPOSED: NO CHANGE - same live observation as C30216.,OK,OK,OK (ticket + spec anchor),OK,"EDIT NEEDED - add the non-final-build marker (build v3.4.1-0ed4433, observed 2026-08-03)",yes
TU-EXP-09,C38887,https://shopview.testrail.io/index.php?/cases/view/38887,TU,EXP,An over-cap Technician Utilization export is refused with the too-large message,PARTLY OBSERVED,-,"Export menu wording, CSV headers, the Locations line, the Totals row and the row-cap message were observed; PDF file CONTENTS were not (no PDF text extractor available).",OK,OK,OK (ticket + spec anchor),OK,"EDIT NEEDED - add the non-final-build marker (build v3.4.1-0ed4433, observed 2026-08-03)",no
TU-LOC-06,C38915,https://shopview.testrail.io/index.php?/cases/view/38915,TU,LOC,The Location column shows only with more than one location; Summary row blank,CORRECT AS IS,-,"Location column and filter observed on screen and in the CSVs, for single-location and multi-location scope.",OK,OK,OK (ticket + spec anchor),OK,"EDIT NEEDED - add the non-final-build marker (build v3.4.1-0ed4433, observed 2026-08-03)",no
TU-VIS-01,C30447,https://shopview.testrail.io/index.php?/cases/view/30447,TU,VIS,All-white table with no row shading; toolbar controls in the fixed order,PARTLY OBSERVED,-,"Some visual facts observed (bold Totals row, pinned Total); font weights, colours and sticky behaviour on scroll were not measured.",OK,OK,OK (ticket + spec anchor),OK,"EDIT NEEDED - add the non-final-build marker (build v3.4.1-0ed4433, observed 2026-08-03)",no
TU-VIS-02,C30448,https://shopview.testrail.io/index.php?/cases/view/30448,TU,VIS,Dark mode keeps every report element legible,PARTLY OBSERVED,-,"Some visual facts observed (bold Totals row, pinned Total); font weights, colours and sticky behaviour on scroll were not measured.",OK,OK,OK (ticket + spec anchor),OK,"EDIT NEEDED - add the non-final-build marker (build v3.4.1-0ed4433, observed 2026-08-03)",no
TU-COL-01,C38859,https://shopview.testrail.io/index.php?/cases/view/38859,TU,COL,"Column Selection: Technician always on, the other five toggleable, remembered",CORRECT AS IS,Expected,"Tooltip ""Column Selection"", the five toggles, and Technician always-on all match the build.",OK,OK,OK (ticket + spec anchor),OK,"EDIT NEEDED - add the non-final-build marker (build v3.4.1-0ed4433, observed 2026-08-03)",yes
TU-API-01,C30449,https://shopview.testrail.io/index.php?/cases/view/30449,TU,API,The per-day breakdown is fetched only when a technician row is expanded,PARTLY OBSERVED,-,"Endpoints, parameters and status codes observed; pagination/sort round-trips not exercised case by case.",OK,OK,OK (ticket + spec anchor),API case - must sit in an API-titled section,"EDIT NEEDED - add the non-final-build marker (build v3.4.1-0ed4433, observed 2026-08-03)",no
TU-API-02,C30450,https://shopview.testrail.io/index.php?/cases/view/30450,TU,API,Date-range and location changes trigger a fresh server load,PARTLY OBSERVED,-,"Endpoints, parameters and status codes observed; pagination/sort round-trips not exercised case by case.",OK,OK,OK (ticket + spec anchor),API case - must sit in an API-titled section,"EDIT NEEDED - add the non-final-build marker (build v3.4.1-0ed4433, observed 2026-08-03)",no
WIP-TAB-01,C30451,https://shopview.testrail.io/index.php?/cases/view/30451,WIP,TAB,Work In Progress appears in the reports navigation under the Performance group,CORRECT AS IS,-,The four WIP tabs and their live counts were observed.,OK,OK,OK (ticket + spec anchor),OK,"EDIT NEEDED - add the non-final-build marker (build v3.4.1-0ed4433, observed 2026-08-03)",no
WIP-TAB-02,C30452,https://shopview.testrail.io/index.php?/cases/view/30452,WIP,TAB,Four tabs in a fixed order with the partially-completed tab selected,CORRECT AS IS,-,The four WIP tabs and their live counts were observed.,OK,OK,OK (ticket + spec anchor),OK,"EDIT NEEDED - add the non-final-build marker (build v3.4.1-0ed4433, observed 2026-08-03)",no
WIP-TAB-03,C30453,https://shopview.testrail.io/index.php?/cases/view/30453,WIP,TAB,Each tab label shows its work-order count in parentheses,CORRECT AS IS,-,The four WIP tabs and their live counts were observed.,OK,OK,OK (ticket + spec anchor),OK,"EDIT NEEDED - add the non-final-build marker (build v3.4.1-0ed4433, observed 2026-08-03)",no
WIP-TAB-05,C30455,https://shopview.testrail.io/index.php?/cases/view/30455,WIP,TAB,There is no Trend / over-time tab or chart,CORRECT AS IS,-,The four WIP tabs and their live counts were observed.,OK,OK,OK (ticket + spec anchor),OK,"EDIT NEEDED - add the non-final-build marker (build v3.4.1-0ed4433, observed 2026-08-03)",no
WIP-SCOPE-01,C30456,https://shopview.testrail.io/index.php?/cases/view/30456,WIP,SCOPE,Every open service WO at a selected location appears in the report,PARTLY OBSERVED,-,Row membership and one-tab-only were verified over all 178 live rows.,OK,OK,OK (ticket + spec anchor),OK,"EDIT NEEDED - add the non-final-build marker (build v3.4.1-0ed4433, observed 2026-08-03)",no
WIP-SCOPE-02,C30457,https://shopview.testrail.io/index.php?/cases/view/30457,WIP,SCOPE,Invoiced; Paid; Declined and part-sale work orders never appear,PARTLY OBSERVED,-,Row membership and one-tab-only were verified over all 178 live rows.,OK,OK,OK (ticket + spec anchor),OK,"EDIT NEEDED - add the non-final-build marker (build v3.4.1-0ed4433, observed 2026-08-03)",no
WIP-SCOPE-03,C30458,https://shopview.testrail.io/index.php?/cases/view/30458,WIP,SCOPE,Each qualifying work order appears exactly once in exactly one tab,PARTLY OBSERVED,-,Row membership and one-tab-only were verified over all 178 live rows.,OK,OK,OK (ticket + spec anchor),OK,"EDIT NEEDED - add the non-final-build marker (build v3.4.1-0ed4433, observed 2026-08-03)",no
WIP-SCOPE-04,C30459,https://shopview.testrail.io/index.php?/cases/view/30459,WIP,SCOPE,While loading the standard indicator shows and old rows stay until data,PARTLY OBSERVED,-,Row membership and one-tab-only were verified over all 178 live rows.,OK,OK,OK (ticket + spec anchor),OK,"EDIT NEEDED - add the non-final-build marker (build v3.4.1-0ed4433, observed 2026-08-03)",no
WIP-SCOPE-05,C30460,https://shopview.testrail.io/index.php?/cases/view/30460,WIP,SCOPE,No qualifying work orders: every tab shows the no-data message and no Totals,PARTLY OBSERVED,-,Row membership and one-tab-only were verified over all 178 live rows.,OK,OK,OK (ticket + spec anchor),OK,"EDIT NEEDED - add the non-final-build marker (build v3.4.1-0ed4433, observed 2026-08-03)",no
WIP-PLACE-01,C30462,https://shopview.testrail.io/index.php?/cases/view/30462,WIP,PLACE,"Status-to-tab mapping: Estimate, Complete, In Progress and Review work orders",CORRECT AS IS,-,Placement observed in the live navigation.,OK,OK,OK (ticket + spec anchor),OK,"EDIT NEEDED - add the non-final-build marker (build v3.4.1-0ed4433, observed 2026-08-03)",no
WIP-PLACE-03,C30464,https://shopview.testrail.io/index.php?/cases/view/30464,WIP,PLACE,Approved started-boundary: time or part received vs neither decides the tab,CORRECT AS IS,-,Placement observed in the live navigation.,OK,OK,OK (ticket + spec anchor),OK,"EDIT NEEDED - add the non-final-build marker (build v3.4.1-0ed4433, observed 2026-08-03)",no
WIP-COL-01,C30466,https://shopview.testrail.io/index.php?/cases/view/30466,WIP,COL,"With all toggleable columns on, the fixed column order and alignment hold",CORRECT AS IS,Expected,"Column order matches the build selector order exactly, with Total last. Confirms C30467 item 3 is the outlier.",OK,OK,OK (ticket + spec anchor),OK,"EDIT NEEDED - add the non-final-build marker (build v3.4.1-0ed4433, observed 2026-08-03)",yes
WIP-COL-02,C30467,https://shopview.testrail.io/index.php?/cases/view/30467,WIP,COL,First visit shows the default columns; the rest are in the column selector,REFUTED / EDIT NEEDED,Expected,"CURRENT: item 3: ""Location is NOT offered in the column-selection control - it appears on its own whenever more than one location is in scope, and is hidden when a single location is in scope.""  ||  PROPOSED: Location IS offered in the Column Selection panel, between VIN and Advisor, and is OFF by default. Turning it on adds a Location column. (Item 2 must also add Location to the off-by-default list.) Items 1 and 2 otherwise MATCH the build exactly.",OK,OK,OK (ticket + spec anchor),OK,"EDIT NEEDED - add the non-final-build marker (build v3.4.1-0ed4433, observed 2026-08-03)",yes
WIP-COL-03,C30468,https://shopview.testrail.io/index.php?/cases/view/30468,WIP,COL,The WO # is a link that opens the WO in the same browser tab,CORRECT AS IS,-,"Column headers, order and the Column Selection contents were captured verbatim from the build.",OK,OK,OK (ticket + spec anchor),OK,"EDIT NEEDED - add the non-final-build marker (build v3.4.1-0ed4433, observed 2026-08-03)",no
WIP-COL-04,C30469,https://shopview.testrail.io/index.php?/cases/view/30469,WIP,COL,Status shows as a color-coded badge whose label text is always present,CORRECT AS IS,-,"Column headers, order and the Column Selection contents were captured verbatim from the build.",OK,OK,OK (ticket + spec anchor),OK,"EDIT NEEDED - add the non-final-build marker (build v3.4.1-0ed4433, observed 2026-08-03)",no
WIP-COL-05,C30470,https://shopview.testrail.io/index.php?/cases/view/30470,WIP,COL,"Asset cell identifies the asset by VIN, falling back to Unit #, then plate",DEVIATION,Expected,"CURRENT: item 1: ""The Asset cell identifies the asset by its VIN.""  ||  PROPOSED: NO CHANGE - the case follows Chris Ward 2026-07-29 (""A is the correct answer"", the VIN chain). The build still puts the unit number first (its export Unit column carries the unit number, VIN sits in a separate column), i.e. it follows the un-updated WIP spec S4-R7. Build behind the ruling.",OK,OK,OK (ticket + spec anchor),OK,"EDIT NEEDED - add the non-final-build marker (build v3.4.1-0ed4433, observed 2026-08-03)",yes
WIP-COL-06,C30471,https://shopview.testrail.io/index.php?/cases/view/30471,WIP,COL,Customer shows the customer's company name,CORRECT AS IS,-,"Column headers, order and the Column Selection contents were captured verbatim from the build.",OK,OK,OK (ticket + spec anchor),OK,"EDIT NEEDED - add the non-final-build marker (build v3.4.1-0ed4433, observed 2026-08-03)",no
WIP-COL-07,C30472,https://shopview.testrail.io/index.php?/cases/view/30472,WIP,COL,Days Open shows whole days since creation and reads 0 days / 1 days,CORRECT AS IS,-,"Column headers, order and the Column Selection contents were captured verbatim from the build.",OK,OK,OK (ticket + spec anchor),OK,"EDIT NEEDED - add the non-final-build marker (build v3.4.1-0ed4433, observed 2026-08-03)",no
WIP-COL-08,C30473,https://shopview.testrail.io/index.php?/cases/view/30473,WIP,COL,Last Activity shows Today; Xd ago; or an em-dash when there is none,CORRECT AS IS,-,"Column headers, order and the Column Selection contents were captured verbatim from the build.",OK,OK,OK (ticket + spec anchor),OK,"EDIT NEEDED - add the non-final-build marker (build v3.4.1-0ed4433, observed 2026-08-03)",no
WIP-CALC-01,C30474,https://shopview.testrail.io/index.php?/cases/view/30474,WIP,CALC,Money columns show US dollars to two decimals with thousands separators,PARTLY OBSERVED,-,Money and hours invariants were recomputed against the live payload where the report exposes them.,OK,OK,OK (ticket + spec anchor),OK,"EDIT NEEDED - add the non-final-build marker (build v3.4.1-0ed4433, observed 2026-08-03)",no
WIP-CALC-02,C30475,https://shopview.testrail.io/index.php?/cases/view/30475,WIP,CALC,Labor Earned is the clocked share of each approved line's quoted value,PARTLY OBSERVED,-,Money and hours invariants were recomputed against the live payload where the report exposes them.,OK,OK,OK (ticket + spec anchor),OK,"EDIT NEEDED - add the non-final-build marker (build v3.4.1-0ed4433, observed 2026-08-03)",no
WIP-CALC-03,C30476,https://shopview.testrail.io/index.php?/cases/view/30476,WIP,CALC,Labor Remaining is the approved labor's quoted value minus Labor Earned,PARTLY OBSERVED,-,Money and hours invariants were recomputed against the live payload where the report exposes them.,OK,OK,OK (ticket + spec anchor),OK,"EDIT NEEDED - add the non-final-build marker (build v3.4.1-0ed4433, observed 2026-08-03)",no
WIP-CALC-04,C30477,https://shopview.testrail.io/index.php?/cases/view/30477,WIP,CALC,Parts Earned is the sell value of approved-line parts already received,PARTLY OBSERVED,-,Money and hours invariants were recomputed against the live payload where the report exposes them.,OK,OK,OK (ticket + spec anchor),OK,"EDIT NEEDED - add the non-final-build marker (build v3.4.1-0ed4433, observed 2026-08-03)",no
WIP-CALC-05,C30478,https://shopview.testrail.io/index.php?/cases/view/30478,WIP,CALC,Parts Remaining values the not-yet-received quantity at its sell price,PARTLY OBSERVED,-,Money and hours invariants were recomputed against the live payload where the report exposes them.,OK,OK,OK (ticket + spec anchor),OK,"EDIT NEEDED - add the non-final-build marker (build v3.4.1-0ed4433, observed 2026-08-03)",no
WIP-CALC-06,C30479,https://shopview.testrail.io/index.php?/cases/view/30479,WIP,CALC,Earned + Remaining make Total; not the WO's grand total,PARTLY OBSERVED,-,Money and hours invariants were recomputed against the live payload where the report exposes them.,OK,OK,OK (ticket + spec anchor),OK,"EDIT NEEDED - add the non-final-build marker (build v3.4.1-0ed4433, observed 2026-08-03)",no
WIP-CALC-07,C30480,https://shopview.testrail.io/index.php?/cases/view/30480,WIP,CALC,Lines that are not yet approved contribute nothing to any money figure,PARTLY OBSERVED,-,Money and hours invariants were recomputed against the live payload where the report exposes them.,OK,OK,OK (ticket + spec anchor),OK,"EDIT NEEDED - add the non-final-build marker (build v3.4.1-0ed4433, observed 2026-08-03)",no
WIP-CALC-08,C30481,https://shopview.testrail.io/index.php?/cases/view/30481,WIP,CALC,Inv. Hrs shows quoted minus worked hours; signed to one decimal,PARTLY OBSERVED,-,Money and hours invariants were recomputed against the live payload where the report exposes them.,OK,OK,OK (ticket + spec anchor),OK,"EDIT NEEDED - add the non-final-build marker (build v3.4.1-0ed4433, observed 2026-08-03)",no
WIP-CALC-09,C30482,https://shopview.testrail.io/index.php?/cases/view/30482,WIP,CALC,An open estimate with no approved work shows $0.00 in every money column,PARTLY OBSERVED,-,Money and hours invariants were recomputed against the live payload where the report exposes them.,OK,OK,OK (ticket + spec anchor),OK,"EDIT NEEDED - add the non-final-build marker (build v3.4.1-0ed4433, observed 2026-08-03)",no
WIP-SORT-01,C30483,https://shopview.testrail.io/index.php?/cases/view/30483,WIP,SORT,The initial sort is Days Open with the longest-open work order first,NOT REACHED,-,Header-click sorting was not driven. Needs a UI pass clicking each sortable header and reading the resulting order.,OK,OK,OK (ticket + spec anchor),OK,"EDIT NEEDED - add the non-final-build marker (build v3.4.1-0ed4433, observed 2026-08-03)",no
WIP-SORT-02,C30484,https://shopview.testrail.io/index.php?/cases/view/30484,WIP,SORT,"Clicking a header sorts ascending, clicking again toggles descending",NOT REACHED,-,Header-click sorting was not driven. Needs a UI pass clicking each sortable header and reading the resulting order.,OK,OK,OK (ticket + spec anchor),OK,"EDIT NEEDED - add the non-final-build marker (build v3.4.1-0ed4433, observed 2026-08-03)",no
WIP-SORT-03,C30485,https://shopview.testrail.io/index.php?/cases/view/30485,WIP,SORT,Columns sort by underlying values; Asset sorts by the identifier shown,DEVIATION,Expected,CURRENT: item 4: Asset sorts by the identifier shown  ||  PROPOSED: NO CHANGE for the same reason as C30470. Sorting itself was not driven this run.,OK,OK,OK (ticket + spec anchor),OK,"EDIT NEEDED - add the non-final-build marker (build v3.4.1-0ed4433, observed 2026-08-03)",yes
WIP-SORT-04,C30486,https://shopview.testrail.io/index.php?/cases/view/30486,WIP,SORT,Sorting reorders only the active tab's rows; Totals stays at the bottom,NOT REACHED,-,Header-click sorting was not driven. Needs a UI pass clicking each sortable header and reading the resulting order.,OK,OK,OK (ticket + spec anchor),OK,"EDIT NEEDED - add the non-final-build marker (build v3.4.1-0ed4433, observed 2026-08-03)",no
WIP-CALC-10,C38890,https://shopview.testrail.io/index.php?/cases/view/38890,WIP,CALC,"A technician still clocked in counts toward Labor Earned, capped at the quote",PARTLY OBSERVED,-,Money and hours invariants were recomputed against the live payload where the report exposes them.,OK,OK,OK (ticket + spec anchor),OK,"EDIT NEEDED - add the non-final-build marker (build v3.4.1-0ed4433, observed 2026-08-03)",no
WIP-SUM-01,C30487,https://shopview.testrail.io/index.php?/cases/view/30487,WIP,SUM,The summary strip shows seven figures in a fixed order as US dollars,PARTLY OBSERVED,-,The on-screen Totals row was observed; the per-stage summary panel was not read.,OK,OK,OK (ticket + spec anchor),OK,"EDIT NEEDED - add the non-final-build marker (build v3.4.1-0ed4433, observed 2026-08-03)",no
WIP-SUM-02,C30488,https://shopview.testrail.io/index.php?/cases/view/30488,WIP,SUM,Total Earned is the hero figure and equals the started-stage figures summed,PARTLY OBSERVED,-,The on-screen Totals row was observed; the per-stage summary panel was not read.,OK,OK,OK (ticket + spec anchor),OK,"EDIT NEEDED - add the non-final-build marker (build v3.4.1-0ed4433, observed 2026-08-03)",no
WIP-SUM-03,C30489,https://shopview.testrail.io/index.php?/cases/view/30489,WIP,SUM,Total Remaining equals Not Started plus Started — Remaining,PARTLY OBSERVED,-,The on-screen Totals row was observed; the per-stage summary panel was not read.,OK,OK,OK (ticket + spec anchor),OK,"EDIT NEEDED - add the non-final-build marker (build v3.4.1-0ed4433, observed 2026-08-03)",no
WIP-SUM-04,C30490,https://shopview.testrail.io/index.php?/cases/view/30490,WIP,SUM,Each per-stage figure equals the matching tab's money total,PARTLY OBSERVED,-,The on-screen Totals row was observed; the per-stage summary panel was not read.,OK,REVIEW (title words not reflected in the expected result),OK (ticket + spec anchor),OK,"EDIT NEEDED - add the non-final-build marker (build v3.4.1-0ed4433, observed 2026-08-03)",no
WIP-SUM-05,C30491,https://shopview.testrail.io/index.php?/cases/view/30491,WIP,SUM,"The Estimates figure is the Estimates tab's total quoted value, shown muted",PARTLY OBSERVED,-,The on-screen Totals row was observed; the per-stage summary panel was not read.,OK,OK,OK (ticket + spec anchor),OK,"EDIT NEEDED - add the non-final-build marker (build v3.4.1-0ed4433, observed 2026-08-03)",no
WIP-SUM-07,C30493,https://shopview.testrail.io/index.php?/cases/view/30493,WIP,SUM,Each summary figure's information icon reveals its plain explanation,PARTLY OBSERVED,-,The on-screen Totals row was observed; the per-stage summary panel was not read.,OK,REVIEW (title words not reflected in the expected result),OK (ticket + spec anchor),OK,"EDIT NEEDED - add the non-final-build marker (build v3.4.1-0ed4433, observed 2026-08-03)",no
WIP-TOT-01,C30494,https://shopview.testrail.io/index.php?/cases/view/30494,WIP,TOT,"Each tab has a Totals row pinned to the bottom, labeled ""Totals""",PARTLY OBSERVED,-,Totals row observed on screen and in the CSVs.,OK,OK,OK (ticket + spec anchor),OK,"EDIT NEEDED - add the non-final-build marker (build v3.4.1-0ed4433, observed 2026-08-03)",no
WIP-TOT-02,C30495,https://shopview.testrail.io/index.php?/cases/view/30495,WIP,TOT,The Totals row sums each visible money column and the Inv. Hrs column,EDIT NEEDED,Expected,"CURRENT: item 2: ""The Totals row's Inv. Hrs shows the sum of the visible jobs' Inv. Hrs...""  ||  PROPOSED: Keep for the on-screen Totals row, but state that this cannot be checked in a download because Inv. Hrs is not an exportable column on this build.",OK,OK,OK (ticket + spec anchor),OK,"EDIT NEEDED - add the non-final-build marker (build v3.4.1-0ed4433, observed 2026-08-03)",yes
WIP-FLT-01,C30498,https://shopview.testrail.io/index.php?/cases/view/30498,WIP,FLT,The Advisor filter lists the advisors in the loaded jobs; screen only,PARTLY OBSERVED,-,Filter labels and option lists captured; the filtering BEHAVIOUR (does selecting X actually narrow the rows) was not driven.,OK,OK,OK (ticket + spec anchor),OK,"EDIT NEEDED - add the non-final-build marker (build v3.4.1-0ed4433, observed 2026-08-03)",no
WIP-FLT-02,C30499,https://shopview.testrail.io/index.php?/cases/view/30499,WIP,FLT,"Customer filter is a type-ahead multi-select reading ""All customers""",PARTLY OBSERVED,-,Filter labels and option lists captured; the filtering BEHAVIOUR (does selecting X actually narrow the rows) was not driven.,OK,OK,OK (ticket + spec anchor),OK,"EDIT NEEDED - add the non-final-build marker (build v3.4.1-0ed4433, observed 2026-08-03)",no
WIP-FLT-03,C30500,https://shopview.testrail.io/index.php?/cases/view/30500,WIP,FLT,"Asset filter matches VIN, Unit #, or plate; ""All assets"" when empty",DEVIATION,Expected,CURRENT: asset identifier  ||  PROPOSED: NO CHANGE - same VIN-chain ruling.,OK,OK,OK (ticket + spec anchor),OK,"EDIT NEEDED - add the non-final-build marker (build v3.4.1-0ed4433, observed 2026-08-03)",yes
WIP-FLT-04,C30501,https://shopview.testrail.io/index.php?/cases/view/30501,WIP,FLT,The date range offers the presets plus Custom; This Week default; no All Time,PARTLY OBSERVED,-,Filter labels and option lists captured; the filtering BEHAVIOUR (does selecting X actually narrow the rows) was not driven.,OK,OK,OK (ticket + spec anchor),OK,"EDIT NEEDED - add the non-final-build marker (build v3.4.1-0ed4433, observed 2026-08-03)",no
WIP-FLT-05,C30502,https://shopview.testrail.io/index.php?/cases/view/30502,WIP,FLT,The date range filters on the WO's created date and reloads on change,PARTLY OBSERVED,-,Filter labels and option lists captured; the filtering BEHAVIOUR (does selecting X actually narrow the rows) was not driven.,OK,OK,OK (ticket + spec anchor),OK,"EDIT NEEDED - add the non-final-build marker (build v3.4.1-0ed4433, observed 2026-08-03)",no
WIP-FLT-06,C30503,https://shopview.testrail.io/index.php?/cases/view/30503,WIP,FLT,"Location filter: rightmost multi-select with All locations, reloads on change",PARTLY OBSERVED,-,Filter labels and option lists captured; the filtering BEHAVIOUR (does selecting X actually narrow the rows) was not driven.,OK,OK,OK (ticket + spec anchor),OK,"EDIT NEEDED - add the non-final-build marker (build v3.4.1-0ed4433, observed 2026-08-03)",no
WIP-FLT-07,C30504,https://shopview.testrail.io/index.php?/cases/view/30504,WIP,FLT,The location scope never includes an inaccessible location,PARTLY OBSERVED,-,Filter labels and option lists captured; the filtering BEHAVIOUR (does selecting X actually narrow the rows) was not driven.,OK,OK,OK (ticket + spec anchor),OK,"EDIT NEEDED - add the non-final-build marker (build v3.4.1-0ed4433, observed 2026-08-03)",no
WIP-FLT-08,C30505,https://shopview.testrail.io/index.php?/cases/view/30505,WIP,FLT,"Advisor, customer and asset filters AND together and recompute strip and Totals",PARTLY OBSERVED,-,Filter labels and option lists captured; the filtering BEHAVIOUR (does selecting X actually narrow the rows) was not driven.,OK,OK,OK (ticket + spec anchor),OK,"EDIT NEEDED - add the non-final-build marker (build v3.4.1-0ed4433, observed 2026-08-03)",no
WIP-FLT-09,C38916,https://shopview.testrail.io/index.php?/cases/view/38916,WIP,FLT,The Location column is automatic and never reads Multiple on a work-order row,PARTLY OBSERVED,-,Filter labels and option lists captured; the filtering BEHAVIOUR (does selecting X actually narrow the rows) was not driven.,OK,OK,OK (ticket + spec anchor),OK,"EDIT NEEDED - add the non-final-build marker (build v3.4.1-0ed4433, observed 2026-08-03)",no
WIP-PERS-01,C30506,https://shopview.testrail.io/index.php?/cases/view/30506,WIP,PERS,Column Selection toggles columns; Total is not offered at all,CORRECT AS IS,Expected,"Total is absent from the 16-item selector and always rendered; tooltip is ""Column Selection"".",OK,OK,OK (ticket + spec anchor),OK,"EDIT NEEDED - add the non-final-build marker (build v3.4.1-0ed4433, observed 2026-08-03)",yes
WIP-PERS-02,C30507,https://shopview.testrail.io/index.php?/cases/view/30507,WIP,PERS,Toggling columns never reorders them (Total always last),CORRECT AS IS,Expected,Fixed order incl. Location matches the build.,OK,OK,OK (ticket + spec anchor),OK,"EDIT NEEDED - add the non-final-build marker (build v3.4.1-0ed4433, observed 2026-08-03)",yes
WIP-PERS-03,C30508,https://shopview.testrail.io/index.php?/cases/view/30508,WIP,PERS,"Remembers the date range, filter selections, location, columns",NOT REACHED,-,"Persistence needs a set-then-revisit-then-reload pass, plus a second browser profile for the per-browser claim.",OK,REVIEW (title words not reflected in the expected result),OK (ticket + spec anchor),OK,"EDIT NEEDED - add the non-final-build marker (build v3.4.1-0ed4433, observed 2026-08-03)",no
WIP-PERS-04,C30509,https://shopview.testrail.io/index.php?/cases/view/30509,WIP,PERS,A saved setting that is no longer valid falls back to its default,NOT REACHED,-,"Persistence needs a set-then-revisit-then-reload pass, plus a second browser profile for the per-browser claim.",OK,OK,OK (ticket + spec anchor),OK,"EDIT NEEDED - add the non-final-build marker (build v3.4.1-0ed4433, observed 2026-08-03)",no
WIP-EXP-01,C30510,https://shopview.testrail.io/index.php?/cases/view/30510,WIP,EXP,Work In Progress: a three-dot menu holds Download (PDF) and Download (CSV),PARTLY OBSERVED,-,"Export menu wording, CSV headers, the Locations line, the Totals row and the row-cap message were observed; PDF file CONTENTS were not (no PDF text extractor available).",OK,OK,OK (ticket + spec anchor),OK,"EDIT NEEDED - add the non-final-build marker (build v3.4.1-0ed4433, observed 2026-08-03)",no
WIP-EXP-02,C30511,https://shopview.testrail.io/index.php?/cases/view/30511,WIP,EXP,"Downloads keep shown columns, honor filters, include the tab's Totals row",EDIT NEEDED,Expected,"CURRENT: item 1: ""Both downloads include only the columns currently shown, in the same left-to-right order as the screen, with Total last.""  ||  PROPOSED: Add: Inv. Hrs cannot be exported - the export endpoint rejects it, so if you turn Inv. Hrs on it will not appear in the file. Everything else matches, and the header words change to Unit and Branch (see the Unit/Branch case).",OK,OK,OK (ticket + spec anchor),OK,"EDIT NEEDED - add the non-final-build marker (build v3.4.1-0ed4433, observed 2026-08-03)",yes
WIP-EXP-03,C30512,https://shopview.testrail.io/index.php?/cases/view/30512,WIP,EXP,Downloaded money and Inv. Hrs values keep the on-screen formats,PARTLY OBSERVED,-,"Export menu wording, CSV headers, the Locations line, the Totals row and the row-cap message were observed; PDF file CONTENTS were not (no PDF text extractor available).",OK,OK,OK (ticket + spec anchor),OK,"EDIT NEEDED - add the non-final-build marker (build v3.4.1-0ed4433, observed 2026-08-03)",no
WIP-EXP-04,C30513,https://shopview.testrail.io/index.php?/cases/view/30513,WIP,EXP,Inv. Hrs green/red coloring appears on screen and in the PDF; not the CSV,PARTLY OBSERVED,-,"Export menu wording, CSV headers, the Locations line, the Totals row and the row-cap message were observed; PDF file CONTENTS were not (no PDF text extractor available).",OK,OK,OK (ticket + spec anchor),OK,"EDIT NEEDED - add the non-final-build marker (build v3.4.1-0ed4433, observed 2026-08-03)",no
WIP-EXP-05,C30514,https://shopview.testrail.io/index.php?/cases/view/30514,WIP,EXP,Days Open in a download is frozen at the moment the file is generated,PARTLY OBSERVED,-,"Export menu wording, CSV headers, the Locations line, the Totals row and the row-cap message were observed; PDF file CONTENTS were not (no PDF text extractor available).",OK,OK,OK (ticket + spec anchor),OK,"EDIT NEEDED - add the non-final-build marker (build v3.4.1-0ed4433, observed 2026-08-03)",no
WIP-EXP-06,C30515,https://shopview.testrail.io/index.php?/cases/view/30515,WIP,EXP,"The downloaded files are named ""wip-2-report.pdf"" and ""wip-2-report.csv""",PARTLY OBSERVED,-,"Export menu wording, CSV headers, the Locations line, the Totals row and the row-cap message were observed; PDF file CONTENTS were not (no PDF text extractor available).",OK,OK,OK (ticket + spec anchor),OK,"EDIT NEEDED - add the non-final-build marker (build v3.4.1-0ed4433, observed 2026-08-03)",no
WIP-EXP-07,C30516,https://shopview.testrail.io/index.php?/cases/view/30516,WIP,EXP,"Export headers read ""Unit"" and ""Branch"" — documented limitation, do not file",CORRECT AS IS,Expected,"Confirmed live: screen ""Asset""/""Location"", exports ""Unit""/""Branch"". Its open item 4 is answered - the export header still reads Unit and the cell carries the unit number.",OK,OK,OK (ticket + spec anchor),OK,"EDIT NEEDED - add the non-final-build marker (build v3.4.1-0ed4433, observed 2026-08-03)",yes
WIP-EXP-08,C30517,https://shopview.testrail.io/index.php?/cases/view/30517,WIP,EXP,The PDF shows the shop logo at the top when one is set,PARTLY OBSERVED,-,"Export menu wording, CSV headers, the Locations line, the Totals row and the row-cap message were observed; PDF file CONTENTS were not (no PDF text extractor available).",OK,OK,OK (ticket + spec anchor),OK,"EDIT NEEDED - add the non-final-build marker (build v3.4.1-0ed4433, observed 2026-08-03)",no
WIP-EXP-09,C30518,https://shopview.testrail.io/index.php?/cases/view/30518,WIP,EXP,"Export notifications: success caption, ""Empty export"" warning",PARTLY OBSERVED,-,"Export menu wording, CSV headers, the Locations line, the Totals row and the row-cap message were observed; PDF file CONTENTS were not (no PDF text extractor available).",OK,OK,OK (ticket + spec anchor),OK,"EDIT NEEDED - add the non-final-build marker (build v3.4.1-0ed4433, observed 2026-08-03)",no
WIP-EXP-10,C38918,https://shopview.testrail.io/index.php?/cases/view/38918,WIP,EXP,An over-cap Work In Progress download is refused with the too-large message,PARTLY OBSERVED,-,"Export menu wording, CSV headers, the Locations line, the Totals row and the row-cap message were observed; PDF file CONTENTS were not (no PDF text extractor available).",OK,OK,OK (ticket + spec anchor),OK,"EDIT NEEDED - add the non-final-build marker (build v3.4.1-0ed4433, observed 2026-08-03)",no
WIP-VIS-01,C30519,https://shopview.testrail.io/index.php?/cases/view/30519,WIP,VIS,Each tab uses an all-white table with no alternating row shading,PARTLY OBSERVED,-,"Some visual facts observed (bold Totals row, pinned Total); font weights, colours and sticky behaviour on scroll were not measured.",OK,OK,OK (ticket + spec anchor),OK,"EDIT NEEDED - add the non-final-build marker (build v3.4.1-0ed4433, observed 2026-08-03)",no
WIP-VIS-02,C30520,https://shopview.testrail.io/index.php?/cases/view/30520,WIP,VIS,The summary strip is a bold band ruled top and bottom above the tabs,PARTLY OBSERVED,-,"Some visual facts observed (bold Totals row, pinned Total); font weights, colours and sticky behaviour on scroll were not measured.",OK,OK,OK (ticket + spec anchor),OK,"EDIT NEEDED - add the non-final-build marker (build v3.4.1-0ed4433, observed 2026-08-03)",no
WIP-VIS-03,C30521,https://shopview.testrail.io/index.php?/cases/view/30521,WIP,VIS,The Total column is bold and stays pinned right on sideways scroll,PARTLY OBSERVED,-,"Some visual facts observed (bold Totals row, pinned Total); font weights, colours and sticky behaviour on scroll were not measured.",OK,OK,OK (ticket + spec anchor),OK,"EDIT NEEDED - add the non-final-build marker (build v3.4.1-0ed4433, observed 2026-08-03)",no
WIP-VIS-04,C30522,https://shopview.testrail.io/index.php?/cases/view/30522,WIP,VIS,The Totals row stays visible while only the active tab's body scrolls,PARTLY OBSERVED,-,"Some visual facts observed (bold Totals row, pinned Total); font weights, colours and sticky behaviour on scroll were not measured.",OK,OK,OK (ticket + spec anchor),OK,"EDIT NEEDED - add the non-final-build marker (build v3.4.1-0ed4433, observed 2026-08-03)",no
WIP-VIS-05,C30523,https://shopview.testrail.io/index.php?/cases/view/30523,WIP,VIS,The WO # link is keyboard-focusable and opens the work order,PARTLY OBSERVED,-,"Some visual facts observed (bold Totals row, pinned Total); font weights, colours and sticky behaviour on scroll were not measured.",OK,OK,OK (ticket + spec anchor),OK,"EDIT NEEDED - add the non-final-build marker (build v3.4.1-0ed4433, observed 2026-08-03)",no
WIP-VIS-06,C30524,https://shopview.testrail.io/index.php?/cases/view/30524,WIP,VIS,Each summary figure's info icon is keyboard-reachable and screen-read,PARTLY OBSERVED,-,"Some visual facts observed (bold Totals row, pinned Total); font weights, colours and sticky behaviour on scroll were not measured.",OK,OK,OK (ticket + spec anchor),OK,"EDIT NEEDED - add the non-final-build marker (build v3.4.1-0ed4433, observed 2026-08-03)",no
WIP-VIS-07,C30525,https://shopview.testrail.io/index.php?/cases/view/30525,WIP,VIS,In dark mode every table; strip; link and coloring stays legible,PARTLY OBSERVED,-,"Some visual facts observed (bold Totals row, pinned Total); font weights, colours and sticky behaviour on scroll were not measured.",OK,OK,OK (ticket + spec anchor),OK,"EDIT NEEDED - add the non-final-build marker (build v3.4.1-0ed4433, observed 2026-08-03)",no
WIP-PERM-01,C30526,https://shopview.testrail.io/index.php?/cases/view/30526,WIP,PERM,Ordinary reports access covers opening and downloading Work In Progress,CORRECT AS IS,-,Verified both ways live: with ordinary reports access all six reports and exports return 200; without it all six return 403 Access denied.,OK,OK,OK (ticket + spec anchor),OK,"EDIT NEEDED - add the non-final-build marker (build v3.4.1-0ed4433, observed 2026-08-03)",no
WIP-PERM-02,C30527,https://shopview.testrail.io/index.php?/cases/view/30527,WIP,PERM,Without reports access Work In Progress is absent from the navigation,CORRECT AS IS,-,Verified both ways live: with ordinary reports access all six reports and exports return 200; without it all six return 403 Access denied.,OK,REVIEW (title words not reflected in the expected result),OK (ticket + spec anchor),OK,"EDIT NEEDED - add the non-final-build marker (build v3.4.1-0ed4433, observed 2026-08-03)",no
WIP-API-01,C30528,https://shopview.testrail.io/index.php?/cases/view/30528,WIP,API,Nightly snapshot records one row per then-open job per calendar date,PARTLY OBSERVED,-,"Endpoints, parameters and status codes observed; pagination/sort round-trips not exercised case by case.",OK,OK,OK (ticket + spec anchor),API case - must sit in an API-titled section,"EDIT NEEDED - add the non-final-build marker (build v3.4.1-0ed4433, observed 2026-08-03)",no
WIP-API-02,C30529,https://shopview.testrail.io/index.php?/cases/view/30529,WIP,API,Each snapshot row captures the WO; status; money; location and the date,PARTLY OBSERVED,-,"Endpoints, parameters and status codes observed; pagination/sort round-trips not exercised case by case.",OK,OK,OK (ticket + spec anchor),API case - must sit in an API-titled section,"EDIT NEEDED - add the non-final-build marker (build v3.4.1-0ed4433, observed 2026-08-03)",no
WIP-API-03,C30530,https://shopview.testrail.io/index.php?/cases/view/30530,WIP,API,Captured Earned and Remaining use the same maths as the on-screen report,PARTLY OBSERVED,-,"Endpoints, parameters and status codes observed; pagination/sort round-trips not exercised case by case.",OK,OK,OK (ticket + spec anchor),API case - must sit in an API-titled section,"EDIT NEEDED - add the non-final-build marker (build v3.4.1-0ed4433, observed 2026-08-03)",no
WIP-API-04,C30531,https://shopview.testrail.io/index.php?/cases/view/30531,WIP,API,Nightly snapshot spans every location with no user location filter,PARTLY OBSERVED,-,"Endpoints, parameters and status codes observed; pagination/sort round-trips not exercised case by case.",OK,OK,OK (ticket + spec anchor),API case - must sit in an API-titled section,"EDIT NEEDED - add the non-final-build marker (build v3.4.1-0ed4433, observed 2026-08-03)",no
WIP-API-05,C30532,https://shopview.testrail.io/index.php?/cases/view/30532,WIP,API,Nightly snapshot: captured dollar values are stored to the cent,PARTLY OBSERVED,-,"Endpoints, parameters and status codes observed; pagination/sort round-trips not exercised case by case.",OK,OK,OK (ticket + spec anchor),API case - must sit in an API-titled section,"EDIT NEEDED - add the non-final-build marker (build v3.4.1-0ed4433, observed 2026-08-03)",no
WIP-API-06,C30533,https://shopview.testrail.io/index.php?/cases/view/30533,WIP,API,Nightly snapshot: a job with nothing approved is captured at $0.00; not skipped,PARTLY OBSERVED,-,"Endpoints, parameters and status codes observed; pagination/sort round-trips not exercised case by case.",OK,OK,OK (ticket + spec anchor),API case - must sit in an API-titled section,"EDIT NEEDED - add the non-final-build marker (build v3.4.1-0ed4433, observed 2026-08-03)",no
